ASV_1,ASV_2,correlation,pvalue,fdr_qvalue
3343d19c0bc1759a66023cbc86c92592,a061d8883eca2028db1d268500722130,0.9815,0.0,0.0
5976a56adfe903f7348b5eb5689e3c55,43a52ec4605b37f3671b33e61ff6fedd,0.9801,0.0,0.0
ff6f97ce50ea01298f8e58b53b97d489,da47a34fd036b068ca0c5eaf185e2082,0.9295,0.0,0.0
ff6f97ce50ea01298f8e58b53b97d489,765b69d9c4313cc8630769db523cc54c,0.923,0.0,0.0
35dbde30af820a2c3bcd85216229ad6a,25c54c57b4a4283237b33fdae82003c0,0.9162,0.0,0.0
499a635c6e7dcd5c8ef518302aa50011,da47a34fd036b068ca0c5eaf185e2082,0.9049,0.0,0.0
499a635c6e7dcd5c8ef518302aa50011,25c54c57b4a4283237b33fdae82003c0,0.8839,0.0,0.0
25c54c57b4a4283237b33fdae82003c0,be9dcf562f0ab066c0b252d527a42d19,0.8825,0.0,0.0
a061d8883eca2028db1d268500722130,1ad05a58bf23396d80f11695ad750b75,0.8754,0.0,0.0
3343d19c0bc1759a66023cbc86c92592,1ad05a58bf23396d80f11695ad750b75,0.8749,0.0,0.0
499a635c6e7dcd5c8ef518302aa50011,ff6f97ce50ea01298f8e58b53b97d489,0.867,0.0,0.0
7281c911136ba2bdcafebb9c71729dea,945e47119242497c2e0bc5b3c6b6ba8e,0.8663,0.0,0.0
7b43b24e8c817bba9f0008696985ae06,e144d237c973d831d708cac2c17df968,0.8619,0.0,0.0
7281c911136ba2bdcafebb9c71729dea,af9554a6cc07a34c1cb6004e3dbb865a,0.8611,0.0,0.0
a53b7a494838590a5600a018277e55ea,4c31c3e198534eab45b6d92b61f75b10,0.8605,0.0,0.0
0fec351445f84bd482075ceda6123f46,66575db7635d648549a9eb5a4eafb710,0.8598,0.0,0.0
f42aeaf1c13130f1fdfc8bafa43ded29,765b69d9c4313cc8630769db523cc54c,0.8598,0.0,0.0
a061d8883eca2028db1d268500722130,e79a45f432d0ccc86adbf9bbe7cef2a7,0.8556,0.0,0.0
206069e5a5041e6c7f39a4141aefdc19,4c7b0d554a1103b7872deded4bccb4ea,-0.8541,0.0,0.0
28b5f35cfb5f0516e5e5f896428abdcd,25c54c57b4a4283237b33fdae82003c0,0.8534,0.0,0.0
25c54c57b4a4283237b33fdae82003c0,de329304e57f0e32da3a08e64625a2e1,0.8533,0.0,0.0
945e47119242497c2e0bc5b3c6b6ba8e,5837405da6036e7481240160de143774,0.8513,0.0,0.0
25c54c57b4a4283237b33fdae82003c0,6aa300d5323cbf75dc53cec3e6acb87c,0.8495,0.0,0.0
7281c911136ba2bdcafebb9c71729dea,25c54c57b4a4283237b33fdae82003c0,-0.848,0.0,0.0
3343d19c0bc1759a66023cbc86c92592,d3cf08daefed96f494257ceff63a6cf8,0.8469,0.0,0.0
da47a34fd036b068ca0c5eaf185e2082,765b69d9c4313cc8630769db523cc54c,0.8457,0.0,0.0
daac17ca54538cbc9aada8497262da96,25c54c57b4a4283237b33fdae82003c0,-0.8451,0.0,0.0
206069e5a5041e6c7f39a4141aefdc19,6e21064675bd1626771d39886cc9d88b,0.8432,0.0,0.0
ff6f97ce50ea01298f8e58b53b97d489,f42aeaf1c13130f1fdfc8bafa43ded29,0.8425,0.0,0.0
7281c911136ba2bdcafebb9c71729dea,6e21064675bd1626771d39886cc9d88b,0.8423,0.0,0.0
945e47119242497c2e0bc5b3c6b6ba8e,6e21064675bd1626771d39886cc9d88b,0.8417,0.0,0.0
430c875622713c0d7662add2d8e7db60,9feda0d620fa50b57ce3f848e1b48975,0.8412,0.0,0.0
63f37ee4b481fccdffca10160ed5b944,1d33e98c9d94c262ab0d8b56d0936eb4,0.8406,0.0,0.0
ff6f97ce50ea01298f8e58b53b97d489,817555c3b5d93664c38e8fbec64eba2e,-0.8384,0.0,0.0
af9554a6cc07a34c1cb6004e3dbb865a,945e47119242497c2e0bc5b3c6b6ba8e,0.8382,0.0,0.0
19463e5fe824700110e4a4ec8afe0512,25c54c57b4a4283237b33fdae82003c0,-0.8369,0.0,0.0
5837405da6036e7481240160de143774,6e21064675bd1626771d39886cc9d88b,0.8366,0.0,0.0
a061d8883eca2028db1d268500722130,d3cf08daefed96f494257ceff63a6cf8,0.8366,0.0,0.0
e1c573f885ed4c9191a32116f583d78a,25c54c57b4a4283237b33fdae82003c0,0.8356,0.0,0.0
deb262fd92af4fdcd3b6240303048b2a,da47a34fd036b068ca0c5eaf185e2082,0.8345,0.0,0.0
a82691ab5fd4e8d3d3b23b7958c8e764,be9dcf562f0ab066c0b252d527a42d19,0.8342,0.0,0.0
daac17ca54538cbc9aada8497262da96,4835c874610f20a02421b283dbe2f2b6,0.8327,0.0,0.0
28b5f35cfb5f0516e5e5f896428abdcd,be9dcf562f0ab066c0b252d527a42d19,0.8317,0.0,0.0
19083703874fec5c0e976f6ca4fa6bc9,a039c1ac15b3f4bc5cf1db8a5f1cc0fd,0.8313,0.0,0.0
0d1f62d4f2f7227766a17f0340567129,9711e5e56376fe411f8d9ca9e739c6f1,0.8293,0.0,0.0
5976a56adfe903f7348b5eb5689e3c55,c55a8101fb6c187736f0af61f720cb92,0.8293,0.0,0.0
817555c3b5d93664c38e8fbec64eba2e,765b69d9c4313cc8630769db523cc54c,-0.8282,0.0,0.0
7281c911136ba2bdcafebb9c71729dea,daac17ca54538cbc9aada8497262da96,0.8281,0.0,0.0
19463e5fe824700110e4a4ec8afe0512,945e47119242497c2e0bc5b3c6b6ba8e,0.8276,0.0,0.0
3343d19c0bc1759a66023cbc86c92592,e79a45f432d0ccc86adbf9bbe7cef2a7,0.8272,0.0,0.0
daac17ca54538cbc9aada8497262da96,945e47119242497c2e0bc5b3c6b6ba8e,0.8246,0.0,0.0
63f37ee4b481fccdffca10160ed5b944,d3cf08daefed96f494257ceff63a6cf8,0.8241,0.0,0.0
e79a45f432d0ccc86adbf9bbe7cef2a7,66575db7635d648549a9eb5a4eafb710,0.824,0.0,0.0
15c0fe41b25c6504b8dbe48ae72283d0,3e524f0bf09623c8530930bb8b27045c,0.8226,0.0,0.0
93fadef301b62aa732e42bf1142b3afa,0ef7e12e6eb35a8fd9fac7badac0c381,0.8222,0.0,0.0
ff6f97ce50ea01298f8e58b53b97d489,4c7b0d554a1103b7872deded4bccb4ea,0.8215,0.0,0.0
9feda0d620fa50b57ce3f848e1b48975,765b69d9c4313cc8630769db523cc54c,0.8214,0.0,0.0
63f37ee4b481fccdffca10160ed5b944,e144d237c973d831d708cac2c17df968,0.8214,0.0,0.0
0fec351445f84bd482075ceda6123f46,4c7b0d554a1103b7872deded4bccb4ea,-0.8213,0.0,0.0
ff6f97ce50ea01298f8e58b53b97d489,25c54c57b4a4283237b33fdae82003c0,0.8211,0.0,0.0
e6485d233ed2b8b9a2f3f50f0747b9d2,daac17ca54538cbc9aada8497262da96,0.8206,0.0,0.0
93fadef301b62aa732e42bf1142b3afa,f876e4d5cbaa6ac5f3c225bcaf146791,0.8194,0.0,0.0
dd07e924156039f8e953d5ea58ab5023,0ef7e12e6eb35a8fd9fac7badac0c381,0.8194,0.0,0.0
43a52ec4605b37f3671b33e61ff6fedd,c55a8101fb6c187736f0af61f720cb92,0.8178,0.0,0.0
7281c911136ba2bdcafebb9c71729dea,5837405da6036e7481240160de143774,0.817,0.0,0.0
3e524f0bf09623c8530930bb8b27045c,6e21064675bd1626771d39886cc9d88b,0.817,0.0,0.0
af9554a6cc07a34c1cb6004e3dbb865a,6e21064675bd1626771d39886cc9d88b,0.8167,0.0,0.0
4835c874610f20a02421b283dbe2f2b6,6e21064675bd1626771d39886cc9d88b,0.8156,0.0,0.0
da47a34fd036b068ca0c5eaf185e2082,25c54c57b4a4283237b33fdae82003c0,0.8145,0.0,0.0
25c54c57b4a4283237b33fdae82003c0,945e47119242497c2e0bc5b3c6b6ba8e,-0.814,0.0,0.0
e6485d233ed2b8b9a2f3f50f0747b9d2,de329304e57f0e32da3a08e64625a2e1,-0.8136,0.0,0.0
19463e5fe824700110e4a4ec8afe0512,7281c911136ba2bdcafebb9c71729dea,0.8131,0.0,0.0
ff6f97ce50ea01298f8e58b53b97d489,206069e5a5041e6c7f39a4141aefdc19,-0.8129,0.0,0.0
7281c911136ba2bdcafebb9c71729dea,ff6f97ce50ea01298f8e58b53b97d489,-0.8126,0.0,0.0
7281c911136ba2bdcafebb9c71729dea,0ef7e12e6eb35a8fd9fac7badac0c381,0.8115,0.0,0.0
be9dcf562f0ab066c0b252d527a42d19,206069e5a5041e6c7f39a4141aefdc19,-0.8109,0.0,0.0
430c875622713c0d7662add2d8e7db60,6e21064675bd1626771d39886cc9d88b,-0.8106,0.0,0.0
7281c911136ba2bdcafebb9c71729dea,206069e5a5041e6c7f39a4141aefdc19,0.8097,0.0,0.0
b26eb5a5ca6820d220d5433b1cffa5e6,a039c1ac15b3f4bc5cf1db8a5f1cc0fd,0.8089,0.0,0.0
e79a45f432d0ccc86adbf9bbe7cef2a7,1ad05a58bf23396d80f11695ad750b75,0.8082,0.0,0.0
ff6f97ce50ea01298f8e58b53b97d489,2e8ba4a2f665cc3ad88530fc739b1f9c,-0.8075,0.0,0.0
af9554a6cc07a34c1cb6004e3dbb865a,206069e5a5041e6c7f39a4141aefdc19,0.8075,0.0,0.0
f42aeaf1c13130f1fdfc8bafa43ded29,9feda0d620fa50b57ce3f848e1b48975,0.8072,0.0,0.0
09383f3babfd32418e7ba07634680e12,1d33e98c9d94c262ab0d8b56d0936eb4,-0.8059,0.0,0.0
ff6f97ce50ea01298f8e58b53b97d489,0ef7e12e6eb35a8fd9fac7badac0c381,-0.8056,0.0,0.0
e1c573f885ed4c9191a32116f583d78a,a82691ab5fd4e8d3d3b23b7958c8e764,0.8056,0.0,0.0
daac17ca54538cbc9aada8497262da96,de329304e57f0e32da3a08e64625a2e1,-0.8054,0.0,0.0
a061d8883eca2028db1d268500722130,d863bc6a2fa6a8a93787e45a6abe3304,-0.8051,0.0,0.0
945e47119242497c2e0bc5b3c6b6ba8e,206069e5a5041e6c7f39a4141aefdc19,0.8045,0.0,0.0
35dbde30af820a2c3bcd85216229ad6a,499a635c6e7dcd5c8ef518302aa50011,0.8045,0.0,0.0
0ef7e12e6eb35a8fd9fac7badac0c381,3e7c933c821c9f18e53e1dda439951cf,0.8036,0.0,0.0
e1c573f885ed4c9191a32116f583d78a,de329304e57f0e32da3a08e64625a2e1,0.8034,0.0,0.0
19463e5fe824700110e4a4ec8afe0512,213ec0ef843de45b3db9302876229bed,-0.8033,0.0,0.0
25c54c57b4a4283237b33fdae82003c0,6e21064675bd1626771d39886cc9d88b,-0.8033,0.0,0.0
af9554a6cc07a34c1cb6004e3dbb865a,0ef7e12e6eb35a8fd9fac7badac0c381,0.8025,0.0,0.0
0f4c04cefd226f6854ad0fbc2a2de226,a82691ab5fd4e8d3d3b23b7958c8e764,0.8021,0.0,0.0
4c31c3e198534eab45b6d92b61f75b10,37a9f9625f201b6e61c29ac09ec54683,-0.8021,0.0,0.0
ff6f97ce50ea01298f8e58b53b97d489,9feda0d620fa50b57ce3f848e1b48975,0.7993,0.0,0.0
a061d8883eca2028db1d268500722130,66575db7635d648549a9eb5a4eafb710,0.7989,0.0,0.0
e79a45f432d0ccc86adbf9bbe7cef2a7,d863bc6a2fa6a8a93787e45a6abe3304,-0.7985,0.0,0.0
ec92f6331d8ecb50e3f0dee8fbf3bcb0,e144d237c973d831d708cac2c17df968,0.7982,0.0,0.0
daac17ca54538cbc9aada8497262da96,1cbf580d763d0eb5497ff2d6468e7668,0.7958,0.0,0.0
7281c911136ba2bdcafebb9c71729dea,e1c573f885ed4c9191a32116f583d78a,-0.7954,0.0,0.0
15c0fe41b25c6504b8dbe48ae72283d0,6e21064675bd1626771d39886cc9d88b,0.7952,0.0,0.0
499a635c6e7dcd5c8ef518302aa50011,e1c573f885ed4c9191a32116f583d78a,0.7949,0.0,0.0
7281c911136ba2bdcafebb9c71729dea,499a635c6e7dcd5c8ef518302aa50011,-0.794,0.0,0.0
0ef7e12e6eb35a8fd9fac7badac0c381,4c7b0d554a1103b7872deded4bccb4ea,-0.794,0.0,0.0
daac17ca54538cbc9aada8497262da96,6e21064675bd1626771d39886cc9d88b,0.7931,0.0,0.0
a82691ab5fd4e8d3d3b23b7958c8e764,25c54c57b4a4283237b33fdae82003c0,0.793,0.0,0.0
63f37ee4b481fccdffca10160ed5b944,ec92f6331d8ecb50e3f0dee8fbf3bcb0,0.7925,0.0,0.0
be9dcf562f0ab066c0b252d527a42d19,6aa300d5323cbf75dc53cec3e6acb87c,0.7919,0.0,0.0
430c875622713c0d7662add2d8e7db60,765b69d9c4313cc8630769db523cc54c,0.7919,0.0,0.0
da47a34fd036b068ca0c5eaf185e2082,817555c3b5d93664c38e8fbec64eba2e,-0.7918,0.0,0.0
e1c573f885ed4c9191a32116f583d78a,6aa300d5323cbf75dc53cec3e6acb87c,0.7902,0.0,0.0
93fadef301b62aa732e42bf1142b3afa,37a9f9625f201b6e61c29ac09ec54683,0.7901,0.0,0.0
35dbde30af820a2c3bcd85216229ad6a,a402fc6f0fd057decbe746f48bf12862,-0.7898,0.0,0.0
ff6f97ce50ea01298f8e58b53b97d489,85b80813a3be5e162f462e085b709b85,-0.7897,0.0,0.0
430c875622713c0d7662add2d8e7db60,ff6f97ce50ea01298f8e58b53b97d489,0.7889,0.0,0.0
0ef7e12e6eb35a8fd9fac7badac0c381,f876e4d5cbaa6ac5f3c225bcaf146791,0.7889,0.0,0.0
ff6f97ce50ea01298f8e58b53b97d489,3e7c933c821c9f18e53e1dda439951cf,-0.7883,0.0,0.0
499a635c6e7dcd5c8ef518302aa50011,daac17ca54538cbc9aada8497262da96,-0.7881,0.0,0.0
e6485d233ed2b8b9a2f3f50f0747b9d2,945e47119242497c2e0bc5b3c6b6ba8e,0.7874,0.0,0.0
e1c573f885ed4c9191a32116f583d78a,be9dcf562f0ab066c0b252d527a42d19,0.7867,0.0,0.0
945e47119242497c2e0bc5b3c6b6ba8e,1cbf580d763d0eb5497ff2d6468e7668,0.7864,0.0,0.0
15c0fe41b25c6504b8dbe48ae72283d0,25c54c57b4a4283237b33fdae82003c0,-0.7861,0.0,0.0
4c7b0d554a1103b7872deded4bccb4ea,765b69d9c4313cc8630769db523cc54c,0.7852,0.0,0.0
93fadef301b62aa732e42bf1142b3afa,430c875622713c0d7662add2d8e7db60,-0.7851,0.0,0.0
ff6f97ce50ea01298f8e58b53b97d489,a039c1ac15b3f4bc5cf1db8a5f1cc0fd,0.7845,0.0,0.0
ff6f97ce50ea01298f8e58b53b97d489,be9dcf562f0ab066c0b252d527a42d19,0.7844,0.0,0.0
179e72f0ecdfeb920df685432f3f2d1a,6aa300d5323cbf75dc53cec3e6acb87c,0.7843,0.0,0.0
3e524f0bf09623c8530930bb8b27045c,206069e5a5041e6c7f39a4141aefdc19,0.7838,0.0,0.0
e1c573f885ed4c9191a32116f583d78a,945e47119242497c2e0bc5b3c6b6ba8e,-0.7837,0.0,0.0
25c54c57b4a4283237b33fdae82003c0,206069e5a5041e6c7f39a4141aefdc19,-0.7835,0.0,0.0
e1c573f885ed4c9191a32116f583d78a,daac17ca54538cbc9aada8497262da96,-0.7833,0.0,0.0
702860fda44c0d44ddacb5bd79fd5d24,da47a34fd036b068ca0c5eaf185e2082,-0.7831,0.0,0.0
7281c911136ba2bdcafebb9c71729dea,4c7b0d554a1103b7872deded4bccb4ea,-0.7825,0.0,0.0
ec92f6331d8ecb50e3f0dee8fbf3bcb0,d3cf08daefed96f494257ceff63a6cf8,0.7824,0.0,0.0
19463e5fe824700110e4a4ec8afe0512,a43c475502b54cdee1385dcca3109bfe,-0.7821,0.0,0.0
25c54c57b4a4283237b33fdae82003c0,4835c874610f20a02421b283dbe2f2b6,-0.7819,0.0,0.0
179e72f0ecdfeb920df685432f3f2d1a,945e47119242497c2e0bc5b3c6b6ba8e,-0.7818,0.0,0.0
a82691ab5fd4e8d3d3b23b7958c8e764,206069e5a5041e6c7f39a4141aefdc19,-0.7814,0.0,0.0
0ef7e12e6eb35a8fd9fac7badac0c381,206069e5a5041e6c7f39a4141aefdc19,0.7814,0.0,0.0
e6485d233ed2b8b9a2f3f50f0747b9d2,1cbf580d763d0eb5497ff2d6468e7668,0.7814,0.0,0.0
ff6f97ce50ea01298f8e58b53b97d489,e1c573f885ed4c9191a32116f583d78a,0.7814,0.0,0.0
0ef7e12e6eb35a8fd9fac7badac0c381,6e21064675bd1626771d39886cc9d88b,0.781,0.0,0.0
3e524f0bf09623c8530930bb8b27045c,945e47119242497c2e0bc5b3c6b6ba8e,0.7808,0.0,0.0
35dbde30af820a2c3bcd85216229ad6a,daac17ca54538cbc9aada8497262da96,-0.7808,0.0,0.0
4bea53b2aad77f2569a0182f6b84255e,66575db7635d648549a9eb5a4eafb710,-0.7796,0.0,0.0
ff6f97ce50ea01298f8e58b53b97d489,a82691ab5fd4e8d3d3b23b7958c8e764,0.7795,0.0,0.0
a82691ab5fd4e8d3d3b23b7958c8e764,6e21064675bd1626771d39886cc9d88b,-0.7785,0.0,0.0
da47a34fd036b068ca0c5eaf185e2082,85b80813a3be5e162f462e085b709b85,-0.7782,0.0,0.0
15c0fe41b25c6504b8dbe48ae72283d0,6aa300d5323cbf75dc53cec3e6acb87c,-0.7778,0.0,0.0
af9554a6cc07a34c1cb6004e3dbb865a,daac17ca54538cbc9aada8497262da96,0.7773,0.0,0.0
0f4c04cefd226f6854ad0fbc2a2de226,ff6f97ce50ea01298f8e58b53b97d489,0.7772,0.0,0.0
b6e342d9f4e409f24eea3859aa76e82a,206069e5a5041e6c7f39a4141aefdc19,0.7763,0.0,0.0
702860fda44c0d44ddacb5bd79fd5d24,765b69d9c4313cc8630769db523cc54c,-0.776,0.0,0.0
af9554a6cc07a34c1cb6004e3dbb865a,5837405da6036e7481240160de143774,0.7739,0.0,0.0
7281c911136ba2bdcafebb9c71729dea,430c875622713c0d7662add2d8e7db60,-0.7739,0.0,0.0
da47a34fd036b068ca0c5eaf185e2082,2e8ba4a2f665cc3ad88530fc739b1f9c,-0.7739,0.0,0.0
7281c911136ba2bdcafebb9c71729dea,4835c874610f20a02421b283dbe2f2b6,0.7739,0.0,0.0
430c875622713c0d7662add2d8e7db60,dd07e924156039f8e953d5ea58ab5023,-0.7735,0.0,0.0
a19152d55f42fc72a3a0f985d2615aab,e144d237c973d831d708cac2c17df968,0.7735,0.0,0.0
19463e5fe824700110e4a4ec8afe0512,be9dcf562f0ab066c0b252d527a42d19,-0.7723,0.0,0.0
35dbde30af820a2c3bcd85216229ad6a,19463e5fe824700110e4a4ec8afe0512,-0.7717,0.0,0.0
7281c911136ba2bdcafebb9c71729dea,be9dcf562f0ab066c0b252d527a42d19,-0.7714,0.0,0.0
499a635c6e7dcd5c8ef518302aa50011,765b69d9c4313cc8630769db523cc54c,0.7709,0.0,0.0
7281c911136ba2bdcafebb9c71729dea,6aa300d5323cbf75dc53cec3e6acb87c,-0.7706,0.0,0.0
0f4c04cefd226f6854ad0fbc2a2de226,6e21064675bd1626771d39886cc9d88b,-0.7705,0.0,0.0
499a635c6e7dcd5c8ef518302aa50011,a82691ab5fd4e8d3d3b23b7958c8e764,0.7705,0.0,0.0
4c7b0d554a1103b7872deded4bccb4ea,6e21064675bd1626771d39886cc9d88b,-0.7704,0.0,0.0
d23e07dc0f848e8921532df36254ce29,ff6f97ce50ea01298f8e58b53b97d489,0.7704,0.0,0.0
945e47119242497c2e0bc5b3c6b6ba8e,de329304e57f0e32da3a08e64625a2e1,-0.7701,0.0,0.0
7281c911136ba2bdcafebb9c71729dea,765b69d9c4313cc8630769db523cc54c,-0.7701,0.0,0.0
a82691ab5fd4e8d3d3b23b7958c8e764,0ef7e12e6eb35a8fd9fac7badac0c381,-0.7697,0.0,0.0
3e524f0bf09623c8530930bb8b27045c,5837405da6036e7481240160de143774,0.7693,0.0,0.0
2e8ba4a2f665cc3ad88530fc739b1f9c,765b69d9c4313cc8630769db523cc54c,-0.7691,0.0,0.0
945e47119242497c2e0bc5b3c6b6ba8e,4835c874610f20a02421b283dbe2f2b6,0.7688,0.0,0.0
af9554a6cc07a34c1cb6004e3dbb865a,4c7b0d554a1103b7872deded4bccb4ea,-0.7687,0.0,0.0
a82691ab5fd4e8d3d3b23b7958c8e764,de329304e57f0e32da3a08e64625a2e1,0.7676,0.0,0.0
19463e5fe824700110e4a4ec8afe0512,e1c573f885ed4c9191a32116f583d78a,-0.7667,0.0,0.0
4835c874610f20a02421b283dbe2f2b6,de329304e57f0e32da3a08e64625a2e1,-0.7667,0.0,0.0
d3cf08daefed96f494257ceff63a6cf8,66575db7635d648549a9eb5a4eafb710,0.7667,0.0,0.0
c55a8101fb6c187736f0af61f720cb92,3e524f0bf09623c8530930bb8b27045c,0.7667,0.0,0.0
19463e5fe824700110e4a4ec8afe0512,5837405da6036e7481240160de143774,0.7663,0.0,0.0
430c875622713c0d7662add2d8e7db60,206069e5a5041e6c7f39a4141aefdc19,-0.7662,0.0,0.0
9feda0d620fa50b57ce3f848e1b48975,206069e5a5041e6c7f39a4141aefdc19,-0.7662,0.0,0.0
e1c573f885ed4c9191a32116f583d78a,0ef7e12e6eb35a8fd9fac7badac0c381,-0.7661,0.0,0.0
25c54c57b4a4283237b33fdae82003c0,5837405da6036e7481240160de143774,-0.7657,0.0,0.0
7281c911136ba2bdcafebb9c71729dea,9feda0d620fa50b57ce3f848e1b48975,-0.7655,0.0,0.0
430c875622713c0d7662add2d8e7db60,0ef7e12e6eb35a8fd9fac7badac0c381,-0.7655,0.0,0.0
d23e07dc0f848e8921532df36254ce29,765b69d9c4313cc8630769db523cc54c,0.7653,0.0,0.0
bb617d32673d5f60d6216a07ad7a42bc,b3d8bf326297fb9b18ea4fef1ce8d4a6,-0.7652,0.0,0.0
0709277372b3816e3986842fb10c8e96,aca43babf06d3410ce71cad5778ff102,0.7651,0.0,0.0
702860fda44c0d44ddacb5bd79fd5d24,ff6f97ce50ea01298f8e58b53b97d489,-0.7648,0.0,0.0
206069e5a5041e6c7f39a4141aefdc19,765b69d9c4313cc8630769db523cc54c,-0.7646,0.0,0.0
179e72f0ecdfeb920df685432f3f2d1a,6e21064675bd1626771d39886cc9d88b,-0.7641,0.0,0.0
35dbde30af820a2c3bcd85216229ad6a,a039c1ac15b3f4bc5cf1db8a5f1cc0fd,0.7641,0.0,0.0
499a635c6e7dcd5c8ef518302aa50011,0f4c04cefd226f6854ad0fbc2a2de226,0.7641,0.0,0.0
be9dcf562f0ab066c0b252d527a42d19,a43c475502b54cdee1385dcca3109bfe,0.7638,0.0,0.0
a82691ab5fd4e8d3d3b23b7958c8e764,472fdc0687378563f0c9da6da7638e1a,0.7637,0.0,0.0
702860fda44c0d44ddacb5bd79fd5d24,47515cfa358287ae00ead27b78b2285b,0.7636,0.0,0.0
25c54c57b4a4283237b33fdae82003c0,1cbf580d763d0eb5497ff2d6468e7668,-0.7623,0.0,0.0
93fadef301b62aa732e42bf1142b3afa,3e7c933c821c9f18e53e1dda439951cf,0.7622,0.0,0.0
93fadef301b62aa732e42bf1142b3afa,dd07e924156039f8e953d5ea58ab5023,0.7619,0.0,0.0
0f4c04cefd226f6854ad0fbc2a2de226,206069e5a5041e6c7f39a4141aefdc19,-0.7615,0.0,0.0
dd07e924156039f8e953d5ea58ab5023,206069e5a5041e6c7f39a4141aefdc19,0.7611,0.0,0.0
3343d19c0bc1759a66023cbc86c92592,66575db7635d648549a9eb5a4eafb710,0.7606,0.0,0.0
19463e5fe824700110e4a4ec8afe0512,28b5f35cfb5f0516e5e5f896428abdcd,-0.7606,0.0,0.0
d863bc6a2fa6a8a93787e45a6abe3304,1f4fb4bfdca6c9d13106ed533362a62e,0.7606,0.0,0.0
179e72f0ecdfeb920df685432f3f2d1a,25c54c57b4a4283237b33fdae82003c0,0.7603,0.0,0.0
28b5f35cfb5f0516e5e5f896428abdcd,a82691ab5fd4e8d3d3b23b7958c8e764,0.7596,0.0,0.0
499a635c6e7dcd5c8ef518302aa50011,945e47119242497c2e0bc5b3c6b6ba8e,-0.7592,0.0,0.0
35dbde30af820a2c3bcd85216229ad6a,ff6f97ce50ea01298f8e58b53b97d489,0.7591,0.0,0.0
efbade8cc54695abfc5c07f21eecb6e7,e144d237c973d831d708cac2c17df968,0.759,0.0,0.0
19463e5fe824700110e4a4ec8afe0512,daac17ca54538cbc9aada8497262da96,0.759,0.0,0.0
0fec351445f84bd482075ceda6123f46,af9554a6cc07a34c1cb6004e3dbb865a,0.7589,0.0,0.0
93fadef301b62aa732e42bf1142b3afa,1cbf580d763d0eb5497ff2d6468e7668,0.7589,0.0,0.0
7281c911136ba2bdcafebb9c71729dea,dd07e924156039f8e953d5ea58ab5023,0.7586,0.0,0.0
ff6f97ce50ea01298f8e58b53b97d489,6e21064675bd1626771d39886cc9d88b,-0.7581,0.0,0.0
7281c911136ba2bdcafebb9c71729dea,da47a34fd036b068ca0c5eaf185e2082,-0.758,0.0,0.0
6aa300d5323cbf75dc53cec3e6acb87c,de329304e57f0e32da3a08e64625a2e1,0.7578,0.0,0.0
19463e5fe824700110e4a4ec8afe0512,499a635c6e7dcd5c8ef518302aa50011,-0.7577,0.0,0.0
894d5f2608f2a0e9e3bf2499f1cc6130,85b80813a3be5e162f462e085b709b85,0.757,0.0,0.0
0ef7e12e6eb35a8fd9fac7badac0c381,765b69d9c4313cc8630769db523cc54c,-0.7569,0.0,0.0
35dbde30af820a2c3bcd85216229ad6a,28b5f35cfb5f0516e5e5f896428abdcd,0.7569,0.0,0.0
85b80813a3be5e162f462e085b709b85,765b69d9c4313cc8630769db523cc54c,-0.7568,0.0,0.0
7281c911136ba2bdcafebb9c71729dea,3e524f0bf09623c8530930bb8b27045c,0.7568,0.0,0.0
da47a34fd036b068ca0c5eaf185e2082,4c7b0d554a1103b7872deded4bccb4ea,0.7565,0.0,0.0
daac17ca54538cbc9aada8497262da96,6aa300d5323cbf75dc53cec3e6acb87c,-0.7564,0.0,0.0
e6485d233ed2b8b9a2f3f50f0747b9d2,e1c573f885ed4c9191a32116f583d78a,-0.7564,0.0,0.0
0f4c04cefd226f6854ad0fbc2a2de226,25c54c57b4a4283237b33fdae82003c0,0.7564,0.0,0.0
179e72f0ecdfeb920df685432f3f2d1a,3e524f0bf09623c8530930bb8b27045c,-0.7559,0.0,0.0
499a635c6e7dcd5c8ef518302aa50011,6e21064675bd1626771d39886cc9d88b,-0.7559,0.0,0.0
d801b2110a503327da848c95357ca4a5,e144d237c973d831d708cac2c17df968,0.7555,0.0,0.0
e1c573f885ed4c9191a32116f583d78a,206069e5a5041e6c7f39a4141aefdc19,-0.7554,0.0,0.0
e1c573f885ed4c9191a32116f583d78a,5837405da6036e7481240160de143774,-0.7551,0.0,0.0
0fec351445f84bd482075ceda6123f46,206069e5a5041e6c7f39a4141aefdc19,0.7547,0.0,0.0
ff6f97ce50ea01298f8e58b53b97d489,5c331188779be5bb65a2e80544aa8dea,-0.7542,0.0,0.0
499a635c6e7dcd5c8ef518302aa50011,206069e5a5041e6c7f39a4141aefdc19,-0.7542,0.0,0.0
a402fc6f0fd057decbe746f48bf12862,25c54c57b4a4283237b33fdae82003c0,-0.754,0.0,0.0
e6485d233ed2b8b9a2f3f50f0747b9d2,4835c874610f20a02421b283dbe2f2b6,0.7539,0.0,0.0
430c875622713c0d7662add2d8e7db60,19083703874fec5c0e976f6ca4fa6bc9,0.7538,0.0,0.0
7281c911136ba2bdcafebb9c71729dea,de329304e57f0e32da3a08e64625a2e1,-0.7537,0.0,0.0
19463e5fe824700110e4a4ec8afe0512,6aa300d5323cbf75dc53cec3e6acb87c,-0.7534,0.0,0.0
9feda0d620fa50b57ce3f848e1b48975,6e21064675bd1626771d39886cc9d88b,-0.7529,0.0,0.0
179e72f0ecdfeb920df685432f3f2d1a,5837405da6036e7481240160de143774,-0.7525,0.0,0.0
15c0fe41b25c6504b8dbe48ae72283d0,4835c874610f20a02421b283dbe2f2b6,0.7521,0.0,0.0
0fec351445f84bd482075ceda6123f46,0ef7e12e6eb35a8fd9fac7badac0c381,0.7518,0.0,0.0
b4eac52cfa36ce63f24be2fc530ad204,d3cf08daefed96f494257ceff63a6cf8,-0.7516,0.0,0.0
1cbf580d763d0eb5497ff2d6468e7668,de329304e57f0e32da3a08e64625a2e1,-0.7514,0.0,0.0
206069e5a5041e6c7f39a4141aefdc19,5837405da6036e7481240160de143774,0.7513,0.0,0.0
cd991e2f230049eb76c8e3b3fcece79f,206069e5a5041e6c7f39a4141aefdc19,-0.7512,0.0,0.0
0fec351445f84bd482075ceda6123f46,5837405da6036e7481240160de143774,0.7512,0.0,0.0
28b5f35cfb5f0516e5e5f896428abdcd,a43c475502b54cdee1385dcca3109bfe,0.7508,0.0,0.0
daac17ca54538cbc9aada8497262da96,0ef7e12e6eb35a8fd9fac7badac0c381,0.7508,0.0,0.0
35dbde30af820a2c3bcd85216229ad6a,de329304e57f0e32da3a08e64625a2e1,0.7502,0.0,0.0
dd07e924156039f8e953d5ea58ab5023,6e21064675bd1626771d39886cc9d88b,0.7502,0.0,0.0
e79a45f432d0ccc86adbf9bbe7cef2a7,1f4fb4bfdca6c9d13106ed533362a62e,-0.7499,0.0,0.0
e1c573f885ed4c9191a32116f583d78a,6e21064675bd1626771d39886cc9d88b,-0.7498,0.0,0.0
e1c573f885ed4c9191a32116f583d78a,da47a34fd036b068ca0c5eaf185e2082,0.7497,0.0,0.0
35dbde30af820a2c3bcd85216229ad6a,e1c573f885ed4c9191a32116f583d78a,0.7495,0.0,0.0
0ef7e12e6eb35a8fd9fac7badac0c381,25c54c57b4a4283237b33fdae82003c0,-0.7495,0.0,0.0
a402fc6f0fd057decbe746f48bf12862,206069e5a5041e6c7f39a4141aefdc19,0.7492,0.0,0.0
702860fda44c0d44ddacb5bd79fd5d24,f2fbdc2b912ea775653691981335232f,0.7492,0.0,0.0
e79a45f432d0ccc86adbf9bbe7cef2a7,d3cf08daefed96f494257ceff63a6cf8,0.7492,0.0,0.0
f42aeaf1c13130f1fdfc8bafa43ded29,916d15ab17794198ea4c5ad1e3fb6258,-0.7491,0.0,0.0
af9554a6cc07a34c1cb6004e3dbb865a,3e524f0bf09623c8530930bb8b27045c,0.7481,0.0,0.0
93fadef301b62aa732e42bf1142b3afa,8ebc39e79a930b5db089420489c40543,0.7481,0.0,0.0
945e47119242497c2e0bc5b3c6b6ba8e,4c7b0d554a1103b7872deded4bccb4ea,-0.7479,0.0,0.0
daac17ca54538cbc9aada8497262da96,5837405da6036e7481240160de143774,0.7478,0.0,0.0
7281c911136ba2bdcafebb9c71729dea,0f4c04cefd226f6854ad0fbc2a2de226,-0.7478,0.0,0.0
499a635c6e7dcd5c8ef518302aa50011,9feda0d620fa50b57ce3f848e1b48975,0.7477,0.0,0.0
916d15ab17794198ea4c5ad1e3fb6258,765b69d9c4313cc8630769db523cc54c,-0.7473,0.0,0.0
7281c911136ba2bdcafebb9c71729dea,1cbf580d763d0eb5497ff2d6468e7668,0.7472,0.0,0.0
a039c1ac15b3f4bc5cf1db8a5f1cc0fd,765b69d9c4313cc8630769db523cc54c,0.7472,0.0,0.0
f42aeaf1c13130f1fdfc8bafa43ded29,19083703874fec5c0e976f6ca4fa6bc9,0.7471,0.0,0.0
e1c573f885ed4c9191a32116f583d78a,4c7b0d554a1103b7872deded4bccb4ea,0.7469,0.0,0.0
472fdc0687378563f0c9da6da7638e1a,de329304e57f0e32da3a08e64625a2e1,0.7464,0.0,0.0
be9dcf562f0ab066c0b252d527a42d19,6e21064675bd1626771d39886cc9d88b,-0.7462,0.0,0.0
7281c911136ba2bdcafebb9c71729dea,a82691ab5fd4e8d3d3b23b7958c8e764,-0.7457,0.0,0.0
702860fda44c0d44ddacb5bd79fd5d24,f876e4d5cbaa6ac5f3c225bcaf146791,0.745,0.0,0.0
daac17ca54538cbc9aada8497262da96,da47a34fd036b068ca0c5eaf185e2082,-0.745,0.0,0.0
430c875622713c0d7662add2d8e7db60,f42aeaf1c13130f1fdfc8bafa43ded29,0.7449,0.0,0.0
499a635c6e7dcd5c8ef518302aa50011,0ef7e12e6eb35a8fd9fac7badac0c381,-0.7441,0.0,0.0
4f3989d95e7611bb6b5307454d75d3ce,a43c475502b54cdee1385dcca3109bfe,-0.7441,0.0,0.0
63f37ee4b481fccdffca10160ed5b944,ec716420b2bb28ff5cfc5b19edbe2dfa,-0.744,0.0,0.0
2e8ba4a2f665cc3ad88530fc739b1f9c,85b80813a3be5e162f462e085b709b85,0.7438,0.0,0.0
0ef7e12e6eb35a8fd9fac7badac0c381,945e47119242497c2e0bc5b3c6b6ba8e,0.7434,0.0,0.0
0f4c04cefd226f6854ad0fbc2a2de226,de329304e57f0e32da3a08e64625a2e1,0.7434,0.0,0.0
7281c911136ba2bdcafebb9c71729dea,179e72f0ecdfeb920df685432f3f2d1a,-0.743,0.0,0.0
93fadef301b62aa732e42bf1142b3afa,c55a8101fb6c187736f0af61f720cb92,0.743,0.0,0.0
06246fa4c1b00ea76b5539442f32c012,25c54c57b4a4283237b33fdae82003c0,0.7427,0.0,0.0
d98dabbea4fe10de13ec5310782324e8,da47a34fd036b068ca0c5eaf185e2082,-0.7427,0.0,0.0
cd991e2f230049eb76c8e3b3fcece79f,765b69d9c4313cc8630769db523cc54c,0.7427,0.0,0.0
e6485d233ed2b8b9a2f3f50f0747b9d2,25c54c57b4a4283237b33fdae82003c0,-0.7426,0.0,0.0
430c875622713c0d7662add2d8e7db60,5837405da6036e7481240160de143774,-0.7425,0.0,0.0
7281c911136ba2bdcafebb9c71729dea,3e7c933c821c9f18e53e1dda439951cf,0.7422,0.0,0.0
4adbf4beb8d2b17f63b543e4d9aa39b6,92f305372628ccbd74b7b28b933d306b,0.7421,0.0,0.0
9feda0d620fa50b57ce3f848e1b48975,25c54c57b4a4283237b33fdae82003c0,0.7415,0.0,0.0
af9554a6cc07a34c1cb6004e3dbb865a,6aa300d5323cbf75dc53cec3e6acb87c,-0.7414,0.0,0.0
15c0fe41b25c6504b8dbe48ae72283d0,a82691ab5fd4e8d3d3b23b7958c8e764,-0.7414,0.0,0.0
1cbf580d763d0eb5497ff2d6468e7668,4c7b0d554a1103b7872deded4bccb4ea,-0.7409,0.0,0.0
499a635c6e7dcd5c8ef518302aa50011,472fdc0687378563f0c9da6da7638e1a,0.7409,0.0,0.0
15c0fe41b25c6504b8dbe48ae72283d0,e1c573f885ed4c9191a32116f583d78a,-0.7407,0.0,0.0
430c875622713c0d7662add2d8e7db60,5c331188779be5bb65a2e80544aa8dea,-0.7407,0.0,0.0
93fadef301b62aa732e42bf1142b3afa,5837405da6036e7481240160de143774,0.7404,0.0,0.0
7281c911136ba2bdcafebb9c71729dea,94c501c5d59dddbd80effa77dbceebe0,0.7403,0.0,0.0
3e7c933c821c9f18e53e1dda439951cf,da47a34fd036b068ca0c5eaf185e2082,-0.74,0.0,0.0
19463e5fe824700110e4a4ec8afe0512,4b50be28c2cc7c6a4dbc6300155c5218,-0.7399,0.0,0.0
dd07e924156039f8e953d5ea58ab5023,a82691ab5fd4e8d3d3b23b7958c8e764,-0.7399,0.0,0.0
af9554a6cc07a34c1cb6004e3dbb865a,0f4c04cefd226f6854ad0fbc2a2de226,-0.7397,0.0,0.0
499a635c6e7dcd5c8ef518302aa50011,817555c3b5d93664c38e8fbec64eba2e,-0.7395,0.0,0.0
213ec0ef843de45b3db9302876229bed,0c488eee4c6d02abb4e34df3ec16a09b,0.7395,0.0,0.0
93fadef301b62aa732e42bf1142b3afa,af9554a6cc07a34c1cb6004e3dbb865a,0.7393,0.0,0.0
ff6f97ce50ea01298f8e58b53b97d489,daac17ca54538cbc9aada8497262da96,-0.7392,0.0,0.0
15c0fe41b25c6504b8dbe48ae72283d0,945e47119242497c2e0bc5b3c6b6ba8e,0.7392,0.0,0.0
0f4c04cefd226f6854ad0fbc2a2de226,4c7b0d554a1103b7872deded4bccb4ea,0.7392,0.0,0.0
702860fda44c0d44ddacb5bd79fd5d24,2e8ba4a2f665cc3ad88530fc739b1f9c,0.739,0.0,0.0
dd07e924156039f8e953d5ea58ab5023,e1c573f885ed4c9191a32116f583d78a,-0.7389,0.0,0.0
a19152d55f42fc72a3a0f985d2615aab,d801b2110a503327da848c95357ca4a5,0.7389,0.0,0.0
817555c3b5d93664c38e8fbec64eba2e,85b80813a3be5e162f462e085b709b85,0.7387,0.0,0.0
0f4c04cefd226f6854ad0fbc2a2de226,be9dcf562f0ab066c0b252d527a42d19,0.7385,0.0,0.0
cd05a4b1cda569ae366c6980823f4c72,a19152d55f42fc72a3a0f985d2615aab,0.7381,0.0,0.0
d3cf08daefed96f494257ceff63a6cf8,6322c84c5ee6585bf9973a931d8f279d,0.7379,0.0,0.0
9feda0d620fa50b57ce3f848e1b48975,be9dcf562f0ab066c0b252d527a42d19,0.7378,0.0,0.0
a19152d55f42fc72a3a0f985d2615aab,212e304679f170a464d2616b3f94a250,0.7377,0.0,0.0
499a635c6e7dcd5c8ef518302aa50011,4835c874610f20a02421b283dbe2f2b6,-0.7376,0.0,0.0
1cbf580d763d0eb5497ff2d6468e7668,5837405da6036e7481240160de143774,0.7376,0.0,0.0
af9554a6cc07a34c1cb6004e3dbb865a,dd07e924156039f8e953d5ea58ab5023,0.7375,0.0,0.0
206069e5a5041e6c7f39a4141aefdc19,6aa300d5323cbf75dc53cec3e6acb87c,-0.7375,0.0,0.0
93fadef301b62aa732e42bf1142b3afa,c4118088ab2644671a1d9d540c060b19,0.7373,0.0,0.0
19083703874fec5c0e976f6ca4fa6bc9,765b69d9c4313cc8630769db523cc54c,0.7373,0.0,0.0
ff6f97ce50ea01298f8e58b53b97d489,916d15ab17794198ea4c5ad1e3fb6258,-0.737,0.0,0.0
af9554a6cc07a34c1cb6004e3dbb865a,3e7c933c821c9f18e53e1dda439951cf,0.7368,0.0,0.0
0f4c04cefd226f6854ad0fbc2a2de226,15c0fe41b25c6504b8dbe48ae72283d0,-0.7367,0.0,0.0
19463e5fe824700110e4a4ec8afe0512,0c488eee4c6d02abb4e34df3ec16a09b,-0.7367,0.0,0.0
47515cfa358287ae00ead27b78b2285b,765b69d9c4313cc8630769db523cc54c,-0.7367,0.0,0.0
916d15ab17794198ea4c5ad1e3fb6258,da47a34fd036b068ca0c5eaf185e2082,-0.7363,0.0,0.0
7281c911136ba2bdcafebb9c71729dea,93fadef301b62aa732e42bf1142b3afa,0.7357,0.0,0.0
3e524f0bf09623c8530930bb8b27045c,1cbf580d763d0eb5497ff2d6468e7668,0.7355,0.0,0.0
ff6f97ce50ea01298f8e58b53b97d489,472fdc0687378563f0c9da6da7638e1a,0.7352,0.0,0.0
3e7c933c821c9f18e53e1dda439951cf,2e8ba4a2f665cc3ad88530fc739b1f9c,0.735,0.0,0.0
3e524f0bf09623c8530930bb8b27045c,daac17ca54538cbc9aada8497262da96,0.7344,0.0,0.0
4b50be28c2cc7c6a4dbc6300155c5218,a19152d55f42fc72a3a0f985d2615aab,0.7344,0.0,0.0
63f37ee4b481fccdffca10160ed5b944,2c452b25c7f3c62be462d8f47ed179e3,0.7343,0.0,0.0
63f37ee4b481fccdffca10160ed5b944,7b43b24e8c817bba9f0008696985ae06,0.734,0.0,0.0
f2fbdc2b912ea775653691981335232f,0ef7e12e6eb35a8fd9fac7badac0c381,0.7327,0.0,0.0
ff6f97ce50ea01298f8e58b53b97d489,cd991e2f230049eb76c8e3b3fcece79f,0.7326,0.0,0.0
0ef7e12e6eb35a8fd9fac7badac0c381,5837405da6036e7481240160de143774,0.7321,0.0,0.0
6aa300d5323cbf75dc53cec3e6acb87c,5837405da6036e7481240160de143774,-0.732,0.0,0.0
916d15ab17794198ea4c5ad1e3fb6258,2e8ba4a2f665cc3ad88530fc739b1f9c,0.7318,0.0,0.0
daac17ca54538cbc9aada8497262da96,206069e5a5041e6c7f39a4141aefdc19,0.7317,0.0,0.0
af9554a6cc07a34c1cb6004e3dbb865a,ff6f97ce50ea01298f8e58b53b97d489,-0.7317,0.0,0.0
179e72f0ecdfeb920df685432f3f2d1a,206069e5a5041e6c7f39a4141aefdc19,-0.7316,0.0,0.0
35dbde30af820a2c3bcd85216229ad6a,6aa300d5323cbf75dc53cec3e6acb87c,0.7314,0.0,0.0
15c0fe41b25c6504b8dbe48ae72283d0,206069e5a5041e6c7f39a4141aefdc19,0.7312,0.0,0.0
0f4c04cefd226f6854ad0fbc2a2de226,da47a34fd036b068ca0c5eaf185e2082,0.7312,0.0,0.0
deb262fd92af4fdcd3b6240303048b2a,d02e8e093df5064814273f652473189e,0.7311,0.0,0.0
f42aeaf1c13130f1fdfc8bafa43ded29,817555c3b5d93664c38e8fbec64eba2e,-0.7309,0.0,0.0
a82691ab5fd4e8d3d3b23b7958c8e764,da47a34fd036b068ca0c5eaf185e2082,0.7309,0.0,0.0
817555c3b5d93664c38e8fbec64eba2e,a039c1ac15b3f4bc5cf1db8a5f1cc0fd,-0.7308,0.0,0.0
b64cf0e9dea8cef6b9500b364c179b98,8a1c973b6094cbd560f363581ce1beba,-0.7307,0.0,0.0
4bea53b2aad77f2569a0182f6b84255e,cd991e2f230049eb76c8e3b3fcece79f,0.7306,0.0,0.0
35dbde30af820a2c3bcd85216229ad6a,be9dcf562f0ab066c0b252d527a42d19,0.7304,0.0,0.0
9feda0d620fa50b57ce3f848e1b48975,0ef7e12e6eb35a8fd9fac7badac0c381,-0.7302,0.0,0.0
af9554a6cc07a34c1cb6004e3dbb865a,a82691ab5fd4e8d3d3b23b7958c8e764,-0.7301,0.0,0.0
a402fc6f0fd057decbe746f48bf12862,4c7b0d554a1103b7872deded4bccb4ea,-0.7297,0.0,0.0
0fec351445f84bd482075ceda6123f46,93fadef301b62aa732e42bf1142b3afa,0.7297,0.0,0.0
1d33e98c9d94c262ab0d8b56d0936eb4,d3cf08daefed96f494257ceff63a6cf8,0.7295,0.0,0.0
206069e5a5041e6c7f39a4141aefdc19,1cbf580d763d0eb5497ff2d6468e7668,0.7295,0.0,0.0
25c54c57b4a4283237b33fdae82003c0,765b69d9c4313cc8630769db523cc54c,0.7295,0.0,0.0
7281c911136ba2bdcafebb9c71729dea,2e8ba4a2f665cc3ad88530fc739b1f9c,0.7294,0.0,0.0
19463e5fe824700110e4a4ec8afe0512,5631fe818e588992529f6071afc9cda5,-0.7293,0.0,0.0
e1c573f885ed4c9191a32116f583d78a,3e7c933c821c9f18e53e1dda439951cf,-0.7288,0.0,0.0
179e72f0ecdfeb920df685432f3f2d1a,430c875622713c0d7662add2d8e7db60,0.7287,0.0,0.0
b4eac52cfa36ce63f24be2fc530ad204,793ecb5ed65cd96425a35698e8ab9e78,-0.7287,0.0,0.0
af9554a6cc07a34c1cb6004e3dbb865a,25c54c57b4a4283237b33fdae82003c0,-0.7287,0.0,0.0
3e524f0bf09623c8530930bb8b27045c,25c54c57b4a4283237b33fdae82003c0,-0.7285,0.0,0.0
83adaf3a09d08c93f2abea6a4c815592,04869be25e3dc4d526ce3824d407aedf,0.7282,0.0,0.0
06246fa4c1b00ea76b5539442f32c012,e144d237c973d831d708cac2c17df968,0.7282,0.0,0.0
3e7c933c821c9f18e53e1dda439951cf,f876e4d5cbaa6ac5f3c225bcaf146791,0.7281,0.0,0.0
dd07e924156039f8e953d5ea58ab5023,4c7b0d554a1103b7872deded4bccb4ea,-0.728,0.0,0.0
3679eb1918d142d7e468ea32c2f42595,29b313a5262947210e3e9de415abaead,0.7279,0.0,0.0
179e72f0ecdfeb920df685432f3f2d1a,15c0fe41b25c6504b8dbe48ae72283d0,-0.7278,0.0,0.0
499a635c6e7dcd5c8ef518302aa50011,5837405da6036e7481240160de143774,-0.7277,0.0,0.0
af9554a6cc07a34c1cb6004e3dbb865a,430c875622713c0d7662add2d8e7db60,-0.7276,0.0,0.0
47515cfa358287ae00ead27b78b2285b,da47a34fd036b068ca0c5eaf185e2082,-0.7275,0.0,0.0
d23e07dc0f848e8921532df36254ce29,f42aeaf1c13130f1fdfc8bafa43ded29,0.7275,0.0,0.0
daac17ca54538cbc9aada8497262da96,4c7b0d554a1103b7872deded4bccb4ea,-0.7275,0.0,0.0
93fadef301b62aa732e42bf1142b3afa,a82691ab5fd4e8d3d3b23b7958c8e764,-0.7271,0.0,0.0
430c875622713c0d7662add2d8e7db60,25c54c57b4a4283237b33fdae82003c0,0.7267,0.0,0.0
da47a34fd036b068ca0c5eaf185e2082,206069e5a5041e6c7f39a4141aefdc19,-0.7255,0.0,0.0
09383f3babfd32418e7ba07634680e12,d3cf08daefed96f494257ceff63a6cf8,-0.7255,0.0,0.0
3e7c933c821c9f18e53e1dda439951cf,765b69d9c4313cc8630769db523cc54c,-0.7255,0.0,0.0
ff6f97ce50ea01298f8e58b53b97d489,f2fbdc2b912ea775653691981335232f,-0.7253,0.0,0.0
af9554a6cc07a34c1cb6004e3dbb865a,4835c874610f20a02421b283dbe2f2b6,0.7253,0.0,0.0
7281c911136ba2bdcafebb9c71729dea,15c0fe41b25c6504b8dbe48ae72283d0,0.7252,0.0,0.0
4c7b0d554a1103b7872deded4bccb4ea,de329304e57f0e32da3a08e64625a2e1,0.7252,0.0,0.0
1f4fb4bfdca6c9d13106ed533362a62e,779e393e6ff91129f826c691a0d16db3,0.7251,0.0,0.0
efbade8cc54695abfc5c07f21eecb6e7,a19152d55f42fc72a3a0f985d2615aab,0.7248,0.0,0.0
93fadef301b62aa732e42bf1142b3afa,6e21064675bd1626771d39886cc9d88b,0.7247,0.0,0.0
0fec351445f84bd482075ceda6123f46,765b69d9c4313cc8630769db523cc54c,-0.7246,0.0,0.0
0ef7e12e6eb35a8fd9fac7badac0c381,4835c874610f20a02421b283dbe2f2b6,0.7246,0.0,0.0
a82691ab5fd4e8d3d3b23b7958c8e764,5837405da6036e7481240160de143774,-0.7242,0.0,0.0
702860fda44c0d44ddacb5bd79fd5d24,d98dabbea4fe10de13ec5310782324e8,0.7239,0.0,0.0
0f4c04cefd226f6854ad0fbc2a2de226,e1c573f885ed4c9191a32116f583d78a,0.7234,0.0,0.0
4c7b0d554a1103b7872deded4bccb4ea,5837405da6036e7481240160de143774,-0.7234,0.0,0.0
499a635c6e7dcd5c8ef518302aa50011,430c875622713c0d7662add2d8e7db60,0.7233,0.0,0.0
702860fda44c0d44ddacb5bd79fd5d24,3e7c933c821c9f18e53e1dda439951cf,0.7233,0.0,0.0
6e21064675bd1626771d39886cc9d88b,de329304e57f0e32da3a08e64625a2e1,-0.7231,0.0,0.0
a82691ab5fd4e8d3d3b23b7958c8e764,945e47119242497c2e0bc5b3c6b6ba8e,-0.723,0.0,0.0
499a635c6e7dcd5c8ef518302aa50011,1cbf580d763d0eb5497ff2d6468e7668,-0.7226,0.0,0.0
702860fda44c0d44ddacb5bd79fd5d24,916d15ab17794198ea4c5ad1e3fb6258,0.7226,0.0,0.0
3e524f0bf09623c8530930bb8b27045c,4835c874610f20a02421b283dbe2f2b6,0.7223,0.0,0.0
d42912a22b570ab99938b745999ae2cc,1f4fb4bfdca6c9d13106ed533362a62e,0.722,0.0,0.0
4bea53b2aad77f2569a0182f6b84255e,0709277372b3816e3986842fb10c8e96,-0.7217,0.0,0.0
06246fa4c1b00ea76b5539442f32c012,de329304e57f0e32da3a08e64625a2e1,0.7217,0.0,0.0
19463e5fe824700110e4a4ec8afe0512,8a4c692c01077fa5a93913725097b3bc,0.7216,0.0,0.0
dd07e924156039f8e953d5ea58ab5023,be9dcf562f0ab066c0b252d527a42d19,-0.7216,0.0,0.0
35dbde30af820a2c3bcd85216229ad6a,7281c911136ba2bdcafebb9c71729dea,-0.7214,0.0,0.0
0fec351445f84bd482075ceda6123f46,430c875622713c0d7662add2d8e7db60,-0.7213,0.0,0.0
be9dcf562f0ab066c0b252d527a42d19,5837405da6036e7481240160de143774,-0.7211,0.0,0.0
0f4c04cefd226f6854ad0fbc2a2de226,28b5f35cfb5f0516e5e5f896428abdcd,0.721,0.0,0.0
af9554a6cc07a34c1cb6004e3dbb865a,1cbf580d763d0eb5497ff2d6468e7668,0.7209,0.0,0.0
19463e5fe824700110e4a4ec8afe0512,179e72f0ecdfeb920df685432f3f2d1a,-0.7209,0.0,0.0
9feda0d620fa50b57ce3f848e1b48975,916d15ab17794198ea4c5ad1e3fb6258,-0.7204,0.0,0.0
430c875622713c0d7662add2d8e7db60,a82691ab5fd4e8d3d3b23b7958c8e764,0.7204,0.0,0.0
499a635c6e7dcd5c8ef518302aa50011,3e524f0bf09623c8530930bb8b27045c,-0.72,0.0,0.0
179e72f0ecdfeb920df685432f3f2d1a,4c7b0d554a1103b7872deded4bccb4ea,0.72,0.0,0.0
93fadef301b62aa732e42bf1142b3afa,945e47119242497c2e0bc5b3c6b6ba8e,0.7197,0.0,0.0
47515cfa358287ae00ead27b78b2285b,d98dabbea4fe10de13ec5310782324e8,0.7194,0.0,0.0
0ef7e12e6eb35a8fd9fac7badac0c381,2e8ba4a2f665cc3ad88530fc739b1f9c,0.7194,0.0,0.0
430c875622713c0d7662add2d8e7db60,cd991e2f230049eb76c8e3b3fcece79f,0.7193,0.0,0.0
499a635c6e7dcd5c8ef518302aa50011,6aa300d5323cbf75dc53cec3e6acb87c,0.7193,0.0,0.0
15c0fe41b25c6504b8dbe48ae72283d0,de329304e57f0e32da3a08e64625a2e1,-0.7193,0.0,0.0
4b50be28c2cc7c6a4dbc6300155c5218,d801b2110a503327da848c95357ca4a5,0.7189,0.0,0.0
702860fda44c0d44ddacb5bd79fd5d24,4c31c3e198534eab45b6d92b61f75b10,-0.7189,0.0,0.0
f2fbdc2b912ea775653691981335232f,da47a34fd036b068ca0c5eaf185e2082,-0.7188,0.0,0.0
5c331188779be5bb65a2e80544aa8dea,765b69d9c4313cc8630769db523cc54c,-0.7188,0.0,0.0
0f4c04cefd226f6854ad0fbc2a2de226,daac17ca54538cbc9aada8497262da96,-0.7186,0.0,0.0
15c0fe41b25c6504b8dbe48ae72283d0,be9dcf562f0ab066c0b252d527a42d19,-0.7182,0.0,0.0
179e72f0ecdfeb920df685432f3f2d1a,a43c475502b54cdee1385dcca3109bfe,0.718,0.0,0.0
945e47119242497c2e0bc5b3c6b6ba8e,94c501c5d59dddbd80effa77dbceebe0,0.7179,0.0,0.0
a82691ab5fd4e8d3d3b23b7958c8e764,6aa300d5323cbf75dc53cec3e6acb87c,0.7179,0.0,0.0
430c875622713c0d7662add2d8e7db60,f876e4d5cbaa6ac5f3c225bcaf146791,-0.7178,0.0,0.0
28b5f35cfb5f0516e5e5f896428abdcd,daac17ca54538cbc9aada8497262da96,-0.7176,0.0,0.0
0f4c04cefd226f6854ad0fbc2a2de226,3e524f0bf09623c8530930bb8b27045c,-0.7174,0.0,0.0
c55a8101fb6c187736f0af61f720cb92,1cbf580d763d0eb5497ff2d6468e7668,0.7172,0.0,0.0
a402fc6f0fd057decbe746f48bf12862,de329304e57f0e32da3a08e64625a2e1,-0.7172,0.0,0.0
b26eb5a5ca6820d220d5433b1cffa5e6,19083703874fec5c0e976f6ca4fa6bc9,0.7171,0.0,0.0
ff6f97ce50ea01298f8e58b53b97d489,deb262fd92af4fdcd3b6240303048b2a,0.7171,0.0,0.0
5631fe818e588992529f6071afc9cda5,25c54c57b4a4283237b33fdae82003c0,0.7169,0.0,0.0
702860fda44c0d44ddacb5bd79fd5d24,ce264b1fd05f8dfc0dd2941a2b170a3a,0.7166,0.0,0.0
efbade8cc54695abfc5c07f21eecb6e7,5631fe818e588992529f6071afc9cda5,0.7166,0.0,0.0
702860fda44c0d44ddacb5bd79fd5d24,430c875622713c0d7662add2d8e7db60,-0.7164,0.0,0.0
19463e5fe824700110e4a4ec8afe0512,d801b2110a503327da848c95357ca4a5,-0.7163,0.0,0.0
1cbf580d763d0eb5497ff2d6468e7668,6e21064675bd1626771d39886cc9d88b,0.716,0.0,0.0
04869be25e3dc4d526ce3824d407aedf,06246fa4c1b00ea76b5539442f32c012,0.7158,0.0,0.0
35dbde30af820a2c3bcd85216229ad6a,472fdc0687378563f0c9da6da7638e1a,0.7156,0.0,0.0
5837405da6036e7481240160de143774,de329304e57f0e32da3a08e64625a2e1,-0.7151,0.0,0.0
206069e5a5041e6c7f39a4141aefdc19,a43c475502b54cdee1385dcca3109bfe,-0.7148,0.0,0.0
a82691ab5fd4e8d3d3b23b7958c8e764,4835c874610f20a02421b283dbe2f2b6,-0.7146,0.0,0.0
206069e5a5041e6c7f39a4141aefdc19,4835c874610f20a02421b283dbe2f2b6,0.7146,0.0,0.0
94c501c5d59dddbd80effa77dbceebe0,5837405da6036e7481240160de143774,0.7144,0.0,0.0
0ef7e12e6eb35a8fd9fac7badac0c381,5c331188779be5bb65a2e80544aa8dea,0.7142,0.0,0.0
da47a34fd036b068ca0c5eaf185e2082,472fdc0687378563f0c9da6da7638e1a,0.7139,0.0,0.0
0f4c04cefd226f6854ad0fbc2a2de226,945e47119242497c2e0bc5b3c6b6ba8e,-0.7137,0.0,0.0
a402fc6f0fd057decbe746f48bf12862,daac17ca54538cbc9aada8497262da96,0.7136,0.0,0.0
e1c573f885ed4c9191a32116f583d78a,472fdc0687378563f0c9da6da7638e1a,0.7135,0.0,0.0
b757c414a3bc227758c09624ca177986,4835c874610f20a02421b283dbe2f2b6,-0.7135,0.0,0.0
0ef7e12e6eb35a8fd9fac7badac0c381,6aa300d5323cbf75dc53cec3e6acb87c,-0.7134,0.0,0.0
be9dcf562f0ab066c0b252d527a42d19,de329304e57f0e32da3a08e64625a2e1,0.7132,0.0,0.0
702860fda44c0d44ddacb5bd79fd5d24,9feda0d620fa50b57ce3f848e1b48975,-0.7131,0.0,0.0
6e21064675bd1626771d39886cc9d88b,765b69d9c4313cc8630769db523cc54c,-0.7124,0.0,0.0
ff6f97ce50ea01298f8e58b53b97d489,945e47119242497c2e0bc5b3c6b6ba8e,-0.7124,0.0,0.0
15c0fe41b25c6504b8dbe48ae72283d0,5837405da6036e7481240160de143774,0.7124,0.0,0.0
19463e5fe824700110e4a4ec8afe0512,e6485d233ed2b8b9a2f3f50f0747b9d2,0.7123,0.0,0.0
f2fbdc2b912ea775653691981335232f,2e8ba4a2f665cc3ad88530fc739b1f9c,0.7122,0.0,0.0
be9dcf562f0ab066c0b252d527a42d19,472fdc0687378563f0c9da6da7638e1a,0.712,0.0,0.0
efbade8cc54695abfc5c07f21eecb6e7,d801b2110a503327da848c95357ca4a5,0.7109,0.0,0.0
3e7c933c821c9f18e53e1dda439951cf,206069e5a5041e6c7f39a4141aefdc19,0.7106,0.0,0.0
47515cfa358287ae00ead27b78b2285b,ff6f97ce50ea01298f8e58b53b97d489,-0.7105,0.0,0.0
499a635c6e7dcd5c8ef518302aa50011,28b5f35cfb5f0516e5e5f896428abdcd,0.7105,0.0,0.0
702860fda44c0d44ddacb5bd79fd5d24,0ef7e12e6eb35a8fd9fac7badac0c381,0.7105,0.0,0.0
a19152d55f42fc72a3a0f985d2615aab,5631fe818e588992529f6071afc9cda5,0.7102,0.0,0.0
b64cf0e9dea8cef6b9500b364c179b98,765b69d9c4313cc8630769db523cc54c,0.7099,0.0,0.0
6322c84c5ee6585bf9973a931d8f279d,1f4fb4bfdca6c9d13106ed533362a62e,-0.7099,0.0,0.0
af9554a6cc07a34c1cb6004e3dbb865a,765b69d9c4313cc8630769db523cc54c,-0.7098,0.0,0.0
25c54c57b4a4283237b33fdae82003c0,472fdc0687378563f0c9da6da7638e1a,0.7098,0.0,0.0
3e524f0bf09623c8530930bb8b27045c,6aa300d5323cbf75dc53cec3e6acb87c,-0.7098,0.0,0.0
4835c874610f20a02421b283dbe2f2b6,1cbf580d763d0eb5497ff2d6468e7668,0.7098,0.0,0.0
94c501c5d59dddbd80effa77dbceebe0,6e21064675bd1626771d39886cc9d88b,0.7098,0.0,0.0
dd07e924156039f8e953d5ea58ab5023,945e47119242497c2e0bc5b3c6b6ba8e,0.7097,0.0,0.0
817555c3b5d93664c38e8fbec64eba2e,47bb78bbb9b7eab1a487de7f1521ddd6,0.7096,0.0,0.0
a039c1ac15b3f4bc5cf1db8a5f1cc0fd,85b80813a3be5e162f462e085b709b85,-0.7093,0.0,0.0
f876e4d5cbaa6ac5f3c225bcaf146791,c4118088ab2644671a1d9d540c060b19,0.7093,0.0,0.0
7281c911136ba2bdcafebb9c71729dea,e6485d233ed2b8b9a2f3f50f0747b9d2,0.7088,0.0,0.0
702860fda44c0d44ddacb5bd79fd5d24,93fadef301b62aa732e42bf1142b3afa,0.7087,0.0,0.0
f2fbdc2b912ea775653691981335232f,817555c3b5d93664c38e8fbec64eba2e,0.7085,0.0,0.0
702860fda44c0d44ddacb5bd79fd5d24,c4118088ab2644671a1d9d540c060b19,0.7085,0.0,0.0
472fdc0687378563f0c9da6da7638e1a,4c7b0d554a1103b7872deded4bccb4ea,0.7081,0.0,0.0
499a635c6e7dcd5c8ef518302aa50011,4c7b0d554a1103b7872deded4bccb4ea,0.7079,0.0,0.0
a19152d55f42fc72a3a0f985d2615aab,7a7c96429cd038c333985399c9eb963c,0.7079,0.0,0.0
be9dcf562f0ab066c0b252d527a42d19,b6e342d9f4e409f24eea3859aa76e82a,-0.7079,0.0,0.0
499a635c6e7dcd5c8ef518302aa50011,af9554a6cc07a34c1cb6004e3dbb865a,-0.7078,0.0,0.0
0ef7e12e6eb35a8fd9fac7badac0c381,c4118088ab2644671a1d9d540c060b19,0.7076,0.0,0.0
f2fbdc2b912ea775653691981335232f,3e7c933c821c9f18e53e1dda439951cf,0.7074,0.0,0.0
7b29e948451d2fdcce6d39ddc6c25520,b7806c4f83108800a9c32dc83c148d95,-0.7073,0.0,0.0
a402fc6f0fd057decbe746f48bf12862,e1c573f885ed4c9191a32116f583d78a,-0.7073,0.0,0.0
702860fda44c0d44ddacb5bd79fd5d24,85b80813a3be5e162f462e085b709b85,0.7071,0.0,0.0
a402fc6f0fd057decbe746f48bf12862,ff6f97ce50ea01298f8e58b53b97d489,-0.707,0.0,0.0
dd07e924156039f8e953d5ea58ab5023,0f4c04cefd226f6854ad0fbc2a2de226,-0.7068,0.0,0.0
dd07e924156039f8e953d5ea58ab5023,3e7c933c821c9f18e53e1dda439951cf,0.7062,0.0,0.0
d98dabbea4fe10de13ec5310782324e8,765b69d9c4313cc8630769db523cc54c,-0.7061,0.0,0.0
206069e5a5041e6c7f39a4141aefdc19,de329304e57f0e32da3a08e64625a2e1,-0.706,0.0,0.0
894d5f2608f2a0e9e3bf2499f1cc6130,817555c3b5d93664c38e8fbec64eba2e,0.7058,0.0,0.0
35dbde30af820a2c3bcd85216229ad6a,06246fa4c1b00ea76b5539442f32c012,0.7055,0.0,0.0
47515cfa358287ae00ead27b78b2285b,916d15ab17794198ea4c5ad1e3fb6258,0.7054,0.0,0.0
499a635c6e7dcd5c8ef518302aa50011,85b80813a3be5e162f462e085b709b85,-0.705,0.0,0.0
0709277372b3816e3986842fb10c8e96,206069e5a5041e6c7f39a4141aefdc19,0.705,0.0,0.0
ec92f6331d8ecb50e3f0dee8fbf3bcb0,ee14afe4571845779465f8dc9646c7b4,-0.7049,0.0,0.0
c55a8101fb6c187736f0af61f720cb92,945e47119242497c2e0bc5b3c6b6ba8e,0.7048,0.0,0.0
4bea53b2aad77f2569a0182f6b84255e,f3c13bc899928e8043766ca73a046487,0.7047,0.0,0.0
a53b7a494838590a5600a018277e55ea,37a9f9625f201b6e61c29ac09ec54683,-0.7046,0.0,0.0
dd07e924156039f8e953d5ea58ab5023,1ad05a58bf23396d80f11695ad750b75,0.7045,0.0,0.0
5cb2b4186e2e95521540e2ccbafcb4c9,405dff4269ebcff0dbc2d5c0c63a1ee3,0.7041,0.0,0.0
28b5f35cfb5f0516e5e5f896428abdcd,6aa300d5323cbf75dc53cec3e6acb87c,0.704,0.0,0.0
9feda0d620fa50b57ce3f848e1b48975,19083703874fec5c0e976f6ca4fa6bc9,0.7036,0.0,0.0
430c875622713c0d7662add2d8e7db60,c4118088ab2644671a1d9d540c060b19,-0.7035,0.0,0.0
0fec351445f84bd482075ceda6123f46,94c501c5d59dddbd80effa77dbceebe0,0.7034,0.0,0.0
19083703874fec5c0e976f6ca4fa6bc9,817555c3b5d93664c38e8fbec64eba2e,-0.7032,0.0,0.0
a402fc6f0fd057decbe746f48bf12862,be9dcf562f0ab066c0b252d527a42d19,-0.7031,0.0,0.0
0709277372b3816e3986842fb10c8e96,765b69d9c4313cc8630769db523cc54c,-0.703,0.0,0.0
472fdc0687378563f0c9da6da7638e1a,206069e5a5041e6c7f39a4141aefdc19,-0.7028,0.0,0.0
8c740d5ca21893b47c7619df1247c75d,cead0ca51f97bc24bf11b1d1d12aee6e,0.7028,0.0,0.0
21ceeb224e15175f0c85797abce40d0a,e29f9ab1342fe7d53d4f1e2d03bb5969,0.7026,0.0,0.0
af9554a6cc07a34c1cb6004e3dbb865a,179e72f0ecdfeb920df685432f3f2d1a,-0.7023,0.0,0.0
9feda0d620fa50b57ce3f848e1b48975,817555c3b5d93664c38e8fbec64eba2e,-0.7019,0.0,0.0
1f4fb4bfdca6c9d13106ed533362a62e,f3c13bc899928e8043766ca73a046487,0.7019,0.0,0.0
4bea53b2aad77f2569a0182f6b84255e,09383f3babfd32418e7ba07634680e12,0.7017,0.0,0.0
5c331188779be5bb65a2e80544aa8dea,da47a34fd036b068ca0c5eaf185e2082,-0.7015,0.0,0.0
47515cfa358287ae00ead27b78b2285b,0ef7e12e6eb35a8fd9fac7badac0c381,0.7013,0.0,0.0
cd991e2f230049eb76c8e3b3fcece79f,4c7b0d554a1103b7872deded4bccb4ea,0.7013,0.0,0.0
83adaf3a09d08c93f2abea6a4c815592,b4eac52cfa36ce63f24be2fc530ad204,-0.7008,0.0,0.0
a82691ab5fd4e8d3d3b23b7958c8e764,1cbf580d763d0eb5497ff2d6468e7668,-0.7006,0.0,0.0
c571cb007a7d9e2dfc56e8c0b4e24104,4c7b0d554a1103b7872deded4bccb4ea,0.7006,0.0,0.0
43a52ec4605b37f3671b33e61ff6fedd,f876e4d5cbaa6ac5f3c225bcaf146791,0.7006,0.0,0.0
0709277372b3816e3986842fb10c8e96,4c7b0d554a1103b7872deded4bccb4ea,-0.6999,0.0,0.0
a5b2537343a26f4daf0379a8b46eb2ef,75dd0ee2682cb0bf3146f334b0c41c93,-0.6999,0.0,0.0
dd07e924156039f8e953d5ea58ab5023,f876e4d5cbaa6ac5f3c225bcaf146791,0.6991,0.0,0.0
a82691ab5fd4e8d3d3b23b7958c8e764,3e7c933c821c9f18e53e1dda439951cf,-0.6991,0.0,0.0
daac17ca54538cbc9aada8497262da96,be9dcf562f0ab066c0b252d527a42d19,-0.6986,0.0,0.0
09ee5eb3e6c726c7c8242f6e97453fc2,659d1fe872c9b31a9e0b81eef5ca6218,0.6985,0.0,0.0
19463e5fe824700110e4a4ec8afe0512,3e524f0bf09623c8530930bb8b27045c,0.6985,0.0,0.0
cd991e2f230049eb76c8e3b3fcece79f,be9dcf562f0ab066c0b252d527a42d19,0.6982,0.0,0.0
499a635c6e7dcd5c8ef518302aa50011,deb262fd92af4fdcd3b6240303048b2a,0.6982,0.0,0.0
19463e5fe824700110e4a4ec8afe0512,7a7c96429cd038c333985399c9eb963c,-0.6976,0.0,0.0
c55a8101fb6c187736f0af61f720cb92,15c0fe41b25c6504b8dbe48ae72283d0,0.6975,0.0,0.0
25c54c57b4a4283237b33fdae82003c0,4c7b0d554a1103b7872deded4bccb4ea,0.6974,0.0,0.0
dd07e924156039f8e953d5ea58ab5023,5837405da6036e7481240160de143774,0.6972,0.0,0.0
7281c911136ba2bdcafebb9c71729dea,8a4c692c01077fa5a93913725097b3bc,0.6971,0.0,0.0
d801b2110a503327da848c95357ca4a5,7a7c96429cd038c333985399c9eb963c,0.697,0.0,0.0
c4118088ab2644671a1d9d540c060b19,da47a34fd036b068ca0c5eaf185e2082,-0.697,0.0,0.0
916d15ab17794198ea4c5ad1e3fb6258,c4118088ab2644671a1d9d540c060b19,0.697,0.0,0.0
93fadef301b62aa732e42bf1142b3afa,daac17ca54538cbc9aada8497262da96,0.6968,0.0,0.0
499a635c6e7dcd5c8ef518302aa50011,a039c1ac15b3f4bc5cf1db8a5f1cc0fd,0.6967,0.0,0.0
3e7c933c821c9f18e53e1dda439951cf,5837405da6036e7481240160de143774,0.6967,0.0,0.0
817555c3b5d93664c38e8fbec64eba2e,2e8ba4a2f665cc3ad88530fc739b1f9c,0.6962,0.0,0.0
0ef7e12e6eb35a8fd9fac7badac0c381,ce264b1fd05f8dfc0dd2941a2b170a3a,0.6962,0.0,0.0
19463e5fe824700110e4a4ec8afe0512,af9554a6cc07a34c1cb6004e3dbb865a,0.6961,0.0,0.0
702860fda44c0d44ddacb5bd79fd5d24,817555c3b5d93664c38e8fbec64eba2e,0.696,0.0,0.0
25c54c57b4a4283237b33fdae82003c0,85b80813a3be5e162f462e085b709b85,-0.6958,0.0,0.0
d801b2110a503327da848c95357ca4a5,5631fe818e588992529f6071afc9cda5,0.6958,0.0,0.0
47515cfa358287ae00ead27b78b2285b,3e7c933c821c9f18e53e1dda439951cf,0.6956,0.0,0.0
47515cfa358287ae00ead27b78b2285b,df20ccfbfc0741ee313d9e9433dbac01,0.6954,0.0,0.0
35dbde30af820a2c3bcd85216229ad6a,04869be25e3dc4d526ce3824d407aedf,0.6954,0.0,0.0
0ef7e12e6eb35a8fd9fac7badac0c381,de329304e57f0e32da3a08e64625a2e1,-0.6951,0.0,0.0
28b5f35cfb5f0516e5e5f896428abdcd,945e47119242497c2e0bc5b3c6b6ba8e,-0.695,0.0,0.0
94c501c5d59dddbd80effa77dbceebe0,206069e5a5041e6c7f39a4141aefdc19,0.695,0.0,0.0
a402fc6f0fd057decbe746f48bf12862,a43c475502b54cdee1385dcca3109bfe,-0.695,0.0,0.0
7a7c96429cd038c333985399c9eb963c,e144d237c973d831d708cac2c17df968,0.6948,0.0,0.0
499a635c6e7dcd5c8ef518302aa50011,d98dabbea4fe10de13ec5310782324e8,-0.6947,0.0,0.0
916d15ab17794198ea4c5ad1e3fb6258,85b80813a3be5e162f462e085b709b85,0.6946,0.0,0.0
d3cf08daefed96f494257ceff63a6cf8,ee14afe4571845779465f8dc9646c7b4,-0.6944,0.0,0.0
da47a34fd036b068ca0c5eaf185e2082,df20ccfbfc0741ee313d9e9433dbac01,-0.6944,0.0,0.0
28b5f35cfb5f0516e5e5f896428abdcd,206069e5a5041e6c7f39a4141aefdc19,-0.6941,0.0,0.0
ff6f97ce50ea01298f8e58b53b97d489,5837405da6036e7481240160de143774,-0.6939,0.0,0.0
6aa300d5323cbf75dc53cec3e6acb87c,4c7b0d554a1103b7872deded4bccb4ea,0.6937,0.0,0.0
7281c911136ba2bdcafebb9c71729dea,a43c475502b54cdee1385dcca3109bfe,-0.6935,0.0,0.0
ec92f6331d8ecb50e3f0dee8fbf3bcb0,a5b2537343a26f4daf0379a8b46eb2ef,0.6935,0.0,0.0
93fadef301b62aa732e42bf1142b3afa,5c331188779be5bb65a2e80544aa8dea,0.6935,0.0,0.0
d98dabbea4fe10de13ec5310782324e8,ff6f97ce50ea01298f8e58b53b97d489,-0.6934,0.0,0.0
28b5f35cfb5f0516e5e5f896428abdcd,de329304e57f0e32da3a08e64625a2e1,0.6933,0.0,0.0
430c875622713c0d7662add2d8e7db60,817555c3b5d93664c38e8fbec64eba2e,-0.6933,0.0,0.0
28b5f35cfb5f0516e5e5f896428abdcd,15c0fe41b25c6504b8dbe48ae72283d0,-0.6932,0.0,0.0
3e7c933c821c9f18e53e1dda439951cf,4c7b0d554a1103b7872deded4bccb4ea,-0.6931,0.0,0.0
2c452b25c7f3c62be462d8f47ed179e3,e144d237c973d831d708cac2c17df968,0.6928,0.0,0.0
179e72f0ecdfeb920df685432f3f2d1a,be9dcf562f0ab066c0b252d527a42d19,0.6927,0.0,0.0
2c452b25c7f3c62be462d8f47ed179e3,ee14afe4571845779465f8dc9646c7b4,-0.6927,0.0,0.0
7281c911136ba2bdcafebb9c71729dea,f2fbdc2b912ea775653691981335232f,0.6923,0.0,0.0
b64cf0e9dea8cef6b9500b364c179b98,380c64674875dbcea485ba8f1ce26a6c,0.692,0.0,0.0
8a4c692c01077fa5a93913725097b3bc,15c0fe41b25c6504b8dbe48ae72283d0,0.692,0.0,0.0
e6485d233ed2b8b9a2f3f50f0747b9d2,af9554a6cc07a34c1cb6004e3dbb865a,0.692,0.0,0.0
0f4c04cefd226f6854ad0fbc2a2de226,5837405da6036e7481240160de143774,-0.6919,0.0,0.0
945e47119242497c2e0bc5b3c6b6ba8e,be9dcf562f0ab066c0b252d527a42d19,-0.6917,0.0,0.0
daac17ca54538cbc9aada8497262da96,c7553191e309cfc2e28aea2507e7afdf,0.6917,0.0,0.0
0ef7e12e6eb35a8fd9fac7badac0c381,1cbf580d763d0eb5497ff2d6468e7668,0.6917,0.0,0.0
a82691ab5fd4e8d3d3b23b7958c8e764,b6e342d9f4e409f24eea3859aa76e82a,-0.6914,0.0,0.0
472fdc0687378563f0c9da6da7638e1a,4835c874610f20a02421b283dbe2f2b6,-0.6914,0.0,0.0
da47a34fd036b068ca0c5eaf185e2082,1cbf580d763d0eb5497ff2d6468e7668,-0.6914,0.0,0.0
4835c874610f20a02421b283dbe2f2b6,6aa300d5323cbf75dc53cec3e6acb87c,-0.6913,0.0,0.0
916d15ab17794198ea4c5ad1e3fb6258,0ef7e12e6eb35a8fd9fac7badac0c381,0.691,0.0,0.0
d42912a22b570ab99938b745999ae2cc,89dfaf0aa4a8af8e27a826ba8dd97044,0.6909,0.0,0.0
d98dabbea4fe10de13ec5310782324e8,817555c3b5d93664c38e8fbec64eba2e,0.6906,0.0,0.0
3e524f0bf09623c8530930bb8b27045c,e1c573f885ed4c9191a32116f583d78a,-0.6905,0.0,0.0
83adaf3a09d08c93f2abea6a4c815592,ec716420b2bb28ff5cfc5b19edbe2dfa,-0.6904,0.0,0.0
f876e4d5cbaa6ac5f3c225bcaf146791,4835c874610f20a02421b283dbe2f2b6,0.6901,0.0,0.0
430c875622713c0d7662add2d8e7db60,b6e342d9f4e409f24eea3859aa76e82a,-0.6901,0.0,0.0
df20ccfbfc0741ee313d9e9433dbac01,765b69d9c4313cc8630769db523cc54c,-0.69,0.0,0.0
179e72f0ecdfeb920df685432f3f2d1a,a82691ab5fd4e8d3d3b23b7958c8e764,0.6899,0.0,0.0
430c875622713c0d7662add2d8e7db60,3e7c933c821c9f18e53e1dda439951cf,-0.6898,0.0,0.0
19463e5fe824700110e4a4ec8afe0512,a82691ab5fd4e8d3d3b23b7958c8e764,-0.6896,0.0,0.0
0f4c04cefd226f6854ad0fbc2a2de226,0ef7e12e6eb35a8fd9fac7badac0c381,-0.6896,0.0,0.0
da47a34fd036b068ca0c5eaf185e2082,6e21064675bd1626771d39886cc9d88b,-0.6896,0.0,0.0
47515cfa358287ae00ead27b78b2285b,499a635c6e7dcd5c8ef518302aa50011,-0.6891,0.0,0.0
ec716420b2bb28ff5cfc5b19edbe2dfa,d3cf08daefed96f494257ceff63a6cf8,-0.6891,0.0,0.0
a402fc6f0fd057decbe746f48bf12862,499a635c6e7dcd5c8ef518302aa50011,-0.6887,0.0,0.0
e1c573f885ed4c9191a32116f583d78a,1cbf580d763d0eb5497ff2d6468e7668,-0.6887,0.0,0.0
0fec351445f84bd482075ceda6123f46,4bea53b2aad77f2569a0182f6b84255e,-0.6887,0.0,0.0
dd07e924156039f8e953d5ea58ab5023,ff6f97ce50ea01298f8e58b53b97d489,-0.6885,0.0,0.0
3e7c933c821c9f18e53e1dda439951cf,817555c3b5d93664c38e8fbec64eba2e,0.6885,0.0,0.0
35dbde30af820a2c3bcd85216229ad6a,5837405da6036e7481240160de143774,-0.6884,0.0,0.0
ee14afe4571845779465f8dc9646c7b4,42bdb37eaf4585993d2dadc410341bfc,0.6881,0.0,0.0
9feda0d620fa50b57ce3f848e1b48975,cd991e2f230049eb76c8e3b3fcece79f,0.688,0.0,0.0
894d5f2608f2a0e9e3bf2499f1cc6130,da47a34fd036b068ca0c5eaf185e2082,-0.688,0.0,0.0
8a4c692c01077fa5a93913725097b3bc,6aa300d5323cbf75dc53cec3e6acb87c,-0.6876,0.0,0.0
be9dcf562f0ab066c0b252d527a42d19,765b69d9c4313cc8630769db523cc54c,0.6875,0.0,0.0
93fadef301b62aa732e42bf1142b3afa,f2fbdc2b912ea775653691981335232f,0.6872,0.0,0.0
93fadef301b62aa732e42bf1142b3afa,499a635c6e7dcd5c8ef518302aa50011,-0.687,0.0,0.0
f42aeaf1c13130f1fdfc8bafa43ded29,85b80813a3be5e162f462e085b709b85,-0.6869,0.0,0.0
28b5f35cfb5f0516e5e5f896428abdcd,04869be25e3dc4d526ce3824d407aedf,0.6862,0.0,0.0
0ef7e12e6eb35a8fd9fac7badac0c381,be9dcf562f0ab066c0b252d527a42d19,-0.6861,0.0,0.0
4f3989d95e7611bb6b5307454d75d3ce,213ec0ef843de45b3db9302876229bed,-0.686,0.0,0.0
179e72f0ecdfeb920df685432f3f2d1a,e1c573f885ed4c9191a32116f583d78a,0.6857,0.0,0.0
daac17ca54538cbc9aada8497262da96,94c501c5d59dddbd80effa77dbceebe0,0.6855,0.0,0.0
7a7c96429cd038c333985399c9eb963c,5631fe818e588992529f6071afc9cda5,0.6854,0.0,0.0
179e72f0ecdfeb920df685432f3f2d1a,0f4c04cefd226f6854ad0fbc2a2de226,0.6852,0.0,0.0
a402fc6f0fd057decbe746f48bf12862,0f4c04cefd226f6854ad0fbc2a2de226,-0.685,0.0,0.0
4bea53b2aad77f2569a0182f6b84255e,206069e5a5041e6c7f39a4141aefdc19,-0.6849,0.0,0.0
da47a34fd036b068ca0c5eaf185e2082,945e47119242497c2e0bc5b3c6b6ba8e,-0.6845,0.0,0.0
ff6f97ce50ea01298f8e58b53b97d489,c4118088ab2644671a1d9d540c060b19,-0.6845,0.0,0.0
93fadef301b62aa732e42bf1142b3afa,4c31c3e198534eab45b6d92b61f75b10,-0.6841,0.0,0.0
da47a34fd036b068ca0c5eaf185e2082,be9dcf562f0ab066c0b252d527a42d19,0.684,0.0,0.0
daac17ca54538cbc9aada8497262da96,3e7c933c821c9f18e53e1dda439951cf,0.6839,0.0,0.0
f42aeaf1c13130f1fdfc8bafa43ded29,25c54c57b4a4283237b33fdae82003c0,0.6838,0.0,0.0
a061d8883eca2028db1d268500722130,430c875622713c0d7662add2d8e7db60,-0.6835,0.0,0.0
0709277372b3816e3986842fb10c8e96,be9dcf562f0ab066c0b252d527a42d19,-0.6834,0.0,0.0
702860fda44c0d44ddacb5bd79fd5d24,a53b7a494838590a5600a018277e55ea,-0.6829,0.0,0.0
7b29e948451d2fdcce6d39ddc6c25520,66575db7635d648549a9eb5a4eafb710,-0.6826,0.0,0.0
702860fda44c0d44ddacb5bd79fd5d24,5c331188779be5bb65a2e80544aa8dea,0.6823,0.0,0.0
dd07e924156039f8e953d5ea58ab5023,25c54c57b4a4283237b33fdae82003c0,-0.6818,0.0,0.0
4bea53b2aad77f2569a0182f6b84255e,9feda0d620fa50b57ce3f848e1b48975,0.6817,0.0,0.0
702860fda44c0d44ddacb5bd79fd5d24,df20ccfbfc0741ee313d9e9433dbac01,0.6817,0.0,0.0
cd991e2f230049eb76c8e3b3fcece79f,a43c475502b54cdee1385dcca3109bfe,0.6815,0.0,0.0
c4118088ab2644671a1d9d540c060b19,765b69d9c4313cc8630769db523cc54c,-0.6814,0.0,0.0
3e524f0bf09623c8530930bb8b27045c,a82691ab5fd4e8d3d3b23b7958c8e764,-0.6814,0.0,0.0
09383f3babfd32418e7ba07634680e12,f3c13bc899928e8043766ca73a046487,0.6813,0.0,0.0
b6e342d9f4e409f24eea3859aa76e82a,6e21064675bd1626771d39886cc9d88b,0.6812,0.0,0.0
19463e5fe824700110e4a4ec8afe0512,ff6f97ce50ea01298f8e58b53b97d489,-0.681,0.0,0.0
e6485d233ed2b8b9a2f3f50f0747b9d2,5837405da6036e7481240160de143774,0.6809,0.0,0.0
0709277372b3816e3986842fb10c8e96,ff6f97ce50ea01298f8e58b53b97d489,-0.6809,0.0,0.0
3e7c933c821c9f18e53e1dda439951cf,6e21064675bd1626771d39886cc9d88b,0.6809,0.0,0.0
817555c3b5d93664c38e8fbec64eba2e,206069e5a5041e6c7f39a4141aefdc19,0.6806,0.0,0.0
d98dabbea4fe10de13ec5310782324e8,916d15ab17794198ea4c5ad1e3fb6258,0.6806,0.0,0.0
1d33e98c9d94c262ab0d8b56d0936eb4,a53b7a494838590a5600a018277e55ea,-0.6804,0.0,0.0
aca43babf06d3410ce71cad5778ff102,4c7b0d554a1103b7872deded4bccb4ea,-0.6803,0.0,0.0
0e9cc4c909306f5a9562d84888902e09,44f513ba8d222b088ba2ad6e7ab85b8c,-0.6802,0.0,0.0
4835c874610f20a02421b283dbe2f2b6,4c7b0d554a1103b7872deded4bccb4ea,-0.6799,0.0,0.0
47515cfa358287ae00ead27b78b2285b,f876e4d5cbaa6ac5f3c225bcaf146791,0.6798,0.0,0.0
b3d8bf326297fb9b18ea4fef1ce8d4a6,75dd0ee2682cb0bf3146f334b0c41c93,-0.6795,0.0,0.0
c4118088ab2644671a1d9d540c060b19,a039c1ac15b3f4bc5cf1db8a5f1cc0fd,-0.6795,0.0,0.0
d98dabbea4fe10de13ec5310782324e8,5c331188779be5bb65a2e80544aa8dea,0.6795,0.0,0.0
6aa300d5323cbf75dc53cec3e6acb87c,a43c475502b54cdee1385dcca3109bfe,0.6793,0.0,0.0
1f4fb4bfdca6c9d13106ed533362a62e,8a1c973b6094cbd560f363581ce1beba,-0.679,0.0,0.0
09383f3babfd32418e7ba07634680e12,ee14afe4571845779465f8dc9646c7b4,0.6789,0.0,0.0
66575db7635d648549a9eb5a4eafb710,f3c13bc899928e8043766ca73a046487,-0.6786,0.0,0.0
8a4c692c01077fa5a93913725097b3bc,6e21064675bd1626771d39886cc9d88b,0.6785,0.0,0.0
d42912a22b570ab99938b745999ae2cc,f3c13bc899928e8043766ca73a046487,0.6785,0.0,0.0
499a635c6e7dcd5c8ef518302aa50011,2e8ba4a2f665cc3ad88530fc739b1f9c,-0.6783,0.0,0.0
a19152d55f42fc72a3a0f985d2615aab,7d537f12eaa3231c2c2b58b74901051c,0.6782,0.0,0.0
916d15ab17794198ea4c5ad1e3fb6258,5c331188779be5bb65a2e80544aa8dea,0.6779,0.0,0.0
f876e4d5cbaa6ac5f3c225bcaf146791,da47a34fd036b068ca0c5eaf185e2082,-0.6778,0.0,0.0
f2fbdc2b912ea775653691981335232f,f876e4d5cbaa6ac5f3c225bcaf146791,0.6778,0.0,0.0
efbade8cc54695abfc5c07f21eecb6e7,7d537f12eaa3231c2c2b58b74901051c,0.6776,0.0,0.0
cd991e2f230049eb76c8e3b3fcece79f,817555c3b5d93664c38e8fbec64eba2e,-0.6776,0.0,0.0
d98dabbea4fe10de13ec5310782324e8,df20ccfbfc0741ee313d9e9433dbac01,0.6775,0.0,0.0
472fdc0687378563f0c9da6da7638e1a,6e21064675bd1626771d39886cc9d88b,-0.6775,0.0,0.0
702860fda44c0d44ddacb5bd79fd5d24,206069e5a5041e6c7f39a4141aefdc19,0.6774,0.0,0.0
a19152d55f42fc72a3a0f985d2615aab,7b43b24e8c817bba9f0008696985ae06,0.6771,0.0,0.0
d23e07dc0f848e8921532df36254ce29,817555c3b5d93664c38e8fbec64eba2e,-0.6766,0.0,0.0
28b5f35cfb5f0516e5e5f896428abdcd,e1c573f885ed4c9191a32116f583d78a,0.6765,0.0,0.0
f2fbdc2b912ea775653691981335232f,765b69d9c4313cc8630769db523cc54c,-0.6764,0.0,0.0
5c331188779be5bb65a2e80544aa8dea,2e8ba4a2f665cc3ad88530fc739b1f9c,0.6763,0.0,0.0
f3c13bc899928e8043766ca73a046487,aa9c5ae2ec6da55f30edd92e3de37eff,0.6761,0.0,0.0
8b2843ccdbc3d39c6d758b7f91388341,765b69d9c4313cc8630769db523cc54c,-0.676,0.0,0.0
af9554a6cc07a34c1cb6004e3dbb865a,f876e4d5cbaa6ac5f3c225bcaf146791,0.6759,0.0,0.0
a402fc6f0fd057decbe746f48bf12862,5837405da6036e7481240160de143774,0.6758,0.0,0.0
dd07e924156039f8e953d5ea58ab5023,b6e342d9f4e409f24eea3859aa76e82a,0.6757,0.0,0.0
d23e07dc0f848e8921532df36254ce29,da47a34fd036b068ca0c5eaf185e2082,0.6757,0.0,0.0
4b50be28c2cc7c6a4dbc6300155c5218,e144d237c973d831d708cac2c17df968,0.6752,0.0,0.0
c55a8101fb6c187736f0af61f720cb92,5631fe818e588992529f6071afc9cda5,-0.675,0.0,0.0
a402fc6f0fd057decbe746f48bf12862,4835c874610f20a02421b283dbe2f2b6,0.6748,0.0,0.0
9feda0d620fa50b57ce3f848e1b48975,6aa300d5323cbf75dc53cec3e6acb87c,0.6748,0.0,0.0
499a635c6e7dcd5c8ef518302aa50011,916d15ab17794198ea4c5ad1e3fb6258,-0.6746,0.0,0.0
af9554a6cc07a34c1cb6004e3dbb865a,9feda0d620fa50b57ce3f848e1b48975,-0.6741,0.0,0.0
430c875622713c0d7662add2d8e7db60,3e524f0bf09623c8530930bb8b27045c,-0.6741,0.0,0.0
3e524f0bf09623c8530930bb8b27045c,4c7b0d554a1103b7872deded4bccb4ea,-0.6741,0.0,0.0
4c7b0d554a1103b7872deded4bccb4ea,a43c475502b54cdee1385dcca3109bfe,0.674,0.0,0.0
c4118088ab2644671a1d9d540c060b19,6e21064675bd1626771d39886cc9d88b,0.6739,0.0,0.0
c4118088ab2644671a1d9d540c060b19,2e8ba4a2f665cc3ad88530fc739b1f9c,0.6736,0.0,0.0
09ee5eb3e6c726c7c8242f6e97453fc2,21ceeb224e15175f0c85797abce40d0a,-0.6736,0.0,0.0
3e524f0bf09623c8530930bb8b27045c,de329304e57f0e32da3a08e64625a2e1,-0.6733,0.0,0.0
ce264b1fd05f8dfc0dd2941a2b170a3a,2e8ba4a2f665cc3ad88530fc739b1f9c,0.6731,0.0,0.0
28b5f35cfb5f0516e5e5f896428abdcd,5837405da6036e7481240160de143774,-0.673,0.0,0.0
93fadef301b62aa732e42bf1142b3afa,1ad05a58bf23396d80f11695ad750b75,0.673,0.0,0.0
499a635c6e7dcd5c8ef518302aa50011,3e7c933c821c9f18e53e1dda439951cf,-0.673,0.0,0.0
7281c911136ba2bdcafebb9c71729dea,916d15ab17794198ea4c5ad1e3fb6258,0.6729,0.0,0.0
47515cfa358287ae00ead27b78b2285b,ce264b1fd05f8dfc0dd2941a2b170a3a,0.6727,0.0,0.0
179e72f0ecdfeb920df685432f3f2d1a,daac17ca54538cbc9aada8497262da96,-0.6725,0.0,0.0
8a4c692c01077fa5a93913725097b3bc,e1c573f885ed4c9191a32116f583d78a,-0.6721,0.0,0.0
4f3989d95e7611bb6b5307454d75d3ce,be9dcf562f0ab066c0b252d527a42d19,-0.6721,0.0,0.0
b6e342d9f4e409f24eea3859aa76e82a,94c501c5d59dddbd80effa77dbceebe0,0.672,0.0,0.0
5c331188779be5bb65a2e80544aa8dea,a039c1ac15b3f4bc5cf1db8a5f1cc0fd,-0.6718,0.0,0.0
7b43b24e8c817bba9f0008696985ae06,7d537f12eaa3231c2c2b58b74901051c,0.6716,0.0,0.0
e79a45f432d0ccc86adbf9bbe7cef2a7,6322c84c5ee6585bf9973a931d8f279d,0.6715,0.0,0.0
5c331188779be5bb65a2e80544aa8dea,85b80813a3be5e162f462e085b709b85,0.6714,0.0,0.0
28b5f35cfb5f0516e5e5f896428abdcd,6e21064675bd1626771d39886cc9d88b,-0.6714,0.0,0.0
4bea53b2aad77f2569a0182f6b84255e,55c520d7fe25c3a704fca36f36fde991,0.671,0.0,0.0
dd07e924156039f8e953d5ea58ab5023,ce264b1fd05f8dfc0dd2941a2b170a3a,0.6707,0.0,0.0
35dbde30af820a2c3bcd85216229ad6a,765b69d9c4313cc8630769db523cc54c,0.6704,0.0,0.0
efbade8cc54695abfc5c07f21eecb6e7,7a7c96429cd038c333985399c9eb963c,0.6703,0.0,0.0
7281c911136ba2bdcafebb9c71729dea,472fdc0687378563f0c9da6da7638e1a,-0.6701,0.0,0.0
945e47119242497c2e0bc5b3c6b6ba8e,2e8ba4a2f665cc3ad88530fc739b1f9c,0.6701,0.0,0.0
35dbde30af820a2c3bcd85216229ad6a,817555c3b5d93664c38e8fbec64eba2e,-0.6698,0.0,0.0
f876e4d5cbaa6ac5f3c225bcaf146791,6e21064675bd1626771d39886cc9d88b,0.6697,0.0,0.0
e1c573f885ed4c9191a32116f583d78a,2e8ba4a2f665cc3ad88530fc739b1f9c,-0.6696,0.0,0.0
25c54c57b4a4283237b33fdae82003c0,a039c1ac15b3f4bc5cf1db8a5f1cc0fd,0.6696,0.0,0.0
2b7dca9f823dab555a368d87f194804f,793ecb5ed65cd96425a35698e8ab9e78,-0.6695,0.0,0.0
7a7c96429cd038c333985399c9eb963c,25c54c57b4a4283237b33fdae82003c0,0.6692,0.0,0.0
af9554a6cc07a34c1cb6004e3dbb865a,de329304e57f0e32da3a08e64625a2e1,-0.6692,0.0,0.0
b64cf0e9dea8cef6b9500b364c179b98,9711e5e56376fe411f8d9ca9e739c6f1,-0.6689,0.0,0.0
d42912a22b570ab99938b745999ae2cc,75dd0ee2682cb0bf3146f334b0c41c93,0.6685,0.0,0.0
dd07e924156039f8e953d5ea58ab5023,daac17ca54538cbc9aada8497262da96,0.6685,0.0,0.0
a49becf5a5dbcb201f091757c62fc6bb,7d537f12eaa3231c2c2b58b74901051c,0.6683,0.0,0.0
916d15ab17794198ea4c5ad1e3fb6258,a53b7a494838590a5600a018277e55ea,-0.6682,0.0,0.0
916d15ab17794198ea4c5ad1e3fb6258,817555c3b5d93664c38e8fbec64eba2e,0.668,0.0,0.0
09ee5eb3e6c726c7c8242f6e97453fc2,7b43b24e8c817bba9f0008696985ae06,0.668,0.0,0.0
93fadef301b62aa732e42bf1142b3afa,2e8ba4a2f665cc3ad88530fc739b1f9c,0.6679,0.0,0.0
5c331188779be5bb65a2e80544aa8dea,4835c874610f20a02421b283dbe2f2b6,0.6679,0.0,0.0
9b6a7459b2c92cee0abfc36d503488b7,be9dcf562f0ab066c0b252d527a42d19,0.6677,0.0,0.0
702860fda44c0d44ddacb5bd79fd5d24,7281c911136ba2bdcafebb9c71729dea,0.6674,0.0,0.0
ff6f97ce50ea01298f8e58b53b97d489,4835c874610f20a02421b283dbe2f2b6,-0.6671,0.0,0.0
d98dabbea4fe10de13ec5310782324e8,c4118088ab2644671a1d9d540c060b19,0.6669,0.0,0.0
25c54c57b4a4283237b33fdae82003c0,2e8ba4a2f665cc3ad88530fc739b1f9c,-0.6668,0.0,0.0
94c501c5d59dddbd80effa77dbceebe0,4c7b0d554a1103b7872deded4bccb4ea,-0.6667,0.0,0.0
f42aeaf1c13130f1fdfc8bafa43ded29,a039c1ac15b3f4bc5cf1db8a5f1cc0fd,0.6666,0.0,0.0
d98dabbea4fe10de13ec5310782324e8,4c31c3e198534eab45b6d92b61f75b10,-0.6666,0.0,0.0
63f37ee4b481fccdffca10160ed5b944,db5aaacffe4ca31116f5b0e292074588,0.6665,0.0,0.0
35dbde30af820a2c3bcd85216229ad6a,a82691ab5fd4e8d3d3b23b7958c8e764,0.6664,0.0,0.0
9b6a7459b2c92cee0abfc36d503488b7,aca43babf06d3410ce71cad5778ff102,-0.6663,0.0,0.0
f42aeaf1c13130f1fdfc8bafa43ded29,5c331188779be5bb65a2e80544aa8dea,-0.6658,0.0,0.0
09ee5eb3e6c726c7c8242f6e97453fc2,ec716420b2bb28ff5cfc5b19edbe2dfa,-0.6657,0.0,0.0
19463e5fe824700110e4a4ec8afe0512,7b43b24e8c817bba9f0008696985ae06,-0.6657,0.0,0.0
5837405da6036e7481240160de143774,a43c475502b54cdee1385dcca3109bfe,-0.6656,0.0,0.0
0ef7e12e6eb35a8fd9fac7badac0c381,94c501c5d59dddbd80effa77dbceebe0,0.6652,0.0,0.0
6322c84c5ee6585bf9973a931d8f279d,f3c13bc899928e8043766ca73a046487,-0.6652,0.0,0.0
daac17ca54538cbc9aada8497262da96,f876e4d5cbaa6ac5f3c225bcaf146791,0.665,0.0,0.0
499a635c6e7dcd5c8ef518302aa50011,179e72f0ecdfeb920df685432f3f2d1a,0.6649,0.0,0.0
bb617d32673d5f60d6216a07ad7a42bc,42655605abb4cc7bd5f1be954adf23b0,-0.6647,0.0,0.0
c55a8101fb6c187736f0af61f720cb92,8ebc39e79a930b5db089420489c40543,0.6646,0.0,0.0
19083703874fec5c0e976f6ca4fa6bc9,a53b7a494838590a5600a018277e55ea,0.6644,0.0,0.0
ec92f6331d8ecb50e3f0dee8fbf3bcb0,2c452b25c7f3c62be462d8f47ed179e3,0.6643,0.0,0.0
499a635c6e7dcd5c8ef518302aa50011,f2fbdc2b912ea775653691981335232f,-0.6643,0.0,0.0
430c875622713c0d7662add2d8e7db60,85b80813a3be5e162f462e085b709b85,-0.6642,0.0,0.0
af9554a6cc07a34c1cb6004e3dbb865a,2e8ba4a2f665cc3ad88530fc739b1f9c,0.6641,0.0,0.0
179e72f0ecdfeb920df685432f3f2d1a,cd991e2f230049eb76c8e3b3fcece79f,0.6638,0.0,0.0
47515cfa358287ae00ead27b78b2285b,4c31c3e198534eab45b6d92b61f75b10,-0.6636,0.0,0.0
66575db7635d648549a9eb5a4eafb710,1f4fb4bfdca6c9d13106ed533362a62e,-0.6636,0.0,0.0
4f3989d95e7611bb6b5307454d75d3ce,5837405da6036e7481240160de143774,0.6635,0.0,0.0
213ec0ef843de45b3db9302876229bed,945e47119242497c2e0bc5b3c6b6ba8e,-0.6633,0.0,0.0
daac17ca54538cbc9aada8497262da96,85b80813a3be5e162f462e085b709b85,0.6632,0.0,0.0
894d5f2608f2a0e9e3bf2499f1cc6130,a039c1ac15b3f4bc5cf1db8a5f1cc0fd,-0.6632,0.0,0.0
430c875622713c0d7662add2d8e7db60,15c0fe41b25c6504b8dbe48ae72283d0,-0.6631,0.0,0.0
b7806c4f83108800a9c32dc83c148d95,23a68909643e167f508a7baac78d7026,-0.6624,0.0,0.0
35dbde30af820a2c3bcd85216229ad6a,6e21064675bd1626771d39886cc9d88b,-0.6623,0.0,0.0
af9554a6cc07a34c1cb6004e3dbb865a,94c501c5d59dddbd80effa77dbceebe0,0.6622,0.0,0.0
0fec351445f84bd482075ceda6123f46,dd07e924156039f8e953d5ea58ab5023,0.662,0.0,0.0
5c331188779be5bb65a2e80544aa8dea,817555c3b5d93664c38e8fbec64eba2e,0.6619,0.0,0.0
4835c874610f20a02421b283dbe2f2b6,5837405da6036e7481240160de143774,0.6619,0.0,0.0
7f78afb7e1d45cd528fe9cd909c93fb5,01bc6f144e0f577c7a5364ebafdb3509,0.6619,0.0,0.0
efbade8cc54695abfc5c07f21eecb6e7,25c54c57b4a4283237b33fdae82003c0,0.6614,0.0,0.0
9feda0d620fa50b57ce3f848e1b48975,4835c874610f20a02421b283dbe2f2b6,-0.6613,0.0,0.0
7281c911136ba2bdcafebb9c71729dea,cd991e2f230049eb76c8e3b3fcece79f,-0.6613,0.0,0.0
ff6f97ce50ea01298f8e58b53b97d489,47bb78bbb9b7eab1a487de7f1521ddd6,-0.6612,0.0,0.0
702860fda44c0d44ddacb5bd79fd5d24,a039c1ac15b3f4bc5cf1db8a5f1cc0fd,-0.6611,0.0,0.0
0f4c04cefd226f6854ad0fbc2a2de226,1cbf580d763d0eb5497ff2d6468e7668,-0.6611,0.0,0.0
10ba1c6a051a49b25b443bebd244b71c,380c64674875dbcea485ba8f1ce26a6c,0.661,0.0,0.0
93fadef301b62aa732e42bf1142b3afa,0f4c04cefd226f6854ad0fbc2a2de226,-0.6609,0.0,0.0
af9554a6cc07a34c1cb6004e3dbb865a,8a4c692c01077fa5a93913725097b3bc,0.6608,0.0,0.0
93fadef301b62aa732e42bf1142b3afa,b5a22689fdda6393715cd10a326927d3,-0.6607,0.0,0.0
945e47119242497c2e0bc5b3c6b6ba8e,a43c475502b54cdee1385dcca3109bfe,-0.6605,0.0,0.0
0f4c04cefd226f6854ad0fbc2a2de226,472fdc0687378563f0c9da6da7638e1a,0.6601,0.0,0.0
3e7c933c821c9f18e53e1dda439951cf,c4118088ab2644671a1d9d540c060b19,0.6601,0.0,0.0
e79a45f432d0ccc86adbf9bbe7cef2a7,f847d5bbe9c5a3555db3988cfa1b838f,-0.6599,0.0,0.0
93fadef301b62aa732e42bf1142b3afa,4c7b0d554a1103b7872deded4bccb4ea,-0.6597,0.0,0.0
5c331188779be5bb65a2e80544aa8dea,25c54c57b4a4283237b33fdae82003c0,-0.6597,0.0,0.0
430c875622713c0d7662add2d8e7db60,1ad05a58bf23396d80f11695ad750b75,-0.6596,0.0,0.0
a19152d55f42fc72a3a0f985d2615aab,2c452b25c7f3c62be462d8f47ed179e3,0.6592,0.0,0.0
e6485d233ed2b8b9a2f3f50f0747b9d2,0ef7e12e6eb35a8fd9fac7badac0c381,0.6591,0.0,0.0
dd07e924156039f8e953d5ea58ab5023,765b69d9c4313cc8630769db523cc54c,-0.659,0.0,0.0
a402fc6f0fd057decbe746f48bf12862,d02e8e093df5064814273f652473189e,-0.659,0.0,0.0
93fadef301b62aa732e42bf1142b3afa,47515cfa358287ae00ead27b78b2285b,0.6587,0.0,0.0
e144d237c973d831d708cac2c17df968,659d1fe872c9b31a9e0b81eef5ca6218,0.6587,0.0,0.0
5cb2b4186e2e95521540e2ccbafcb4c9,8ebc39e79a930b5db089420489c40543,-0.6587,0.0,0.0
d23e07dc0f848e8921532df36254ce29,19083703874fec5c0e976f6ca4fa6bc9,0.6587,0.0,0.0
cd991e2f230049eb76c8e3b3fcece79f,6aa300d5323cbf75dc53cec3e6acb87c,0.6584,0.0,0.0
4adbf4beb8d2b17f63b543e4d9aa39b6,5a6520a634bb27352c524ba237fd0d64,0.6584,0.0,0.0
430c875622713c0d7662add2d8e7db60,5cb2b4186e2e95521540e2ccbafcb4c9,0.6582,0.0,0.0
09383f3babfd32418e7ba07634680e12,6148c6e49d72c0f24a187a979ba7a5aa,0.6581,0.0,0.0
430c875622713c0d7662add2d8e7db60,ce264b1fd05f8dfc0dd2941a2b170a3a,-0.658,0.0,0.0
4c31c3e198534eab45b6d92b61f75b10,2e8ba4a2f665cc3ad88530fc739b1f9c,-0.6579,0.0,0.0
47bb78bbb9b7eab1a487de7f1521ddd6,765b69d9c4313cc8630769db523cc54c,-0.6579,0.0,0.0
179e72f0ecdfeb920df685432f3f2d1a,765b69d9c4313cc8630769db523cc54c,0.6579,0.0,0.0
d863bc6a2fa6a8a93787e45a6abe3304,779e393e6ff91129f826c691a0d16db3,0.6578,0.0,0.0
daac17ca54538cbc9aada8497262da96,ce264b1fd05f8dfc0dd2941a2b170a3a,0.6578,0.0,0.0
0709277372b3816e3986842fb10c8e96,f42aeaf1c13130f1fdfc8bafa43ded29,-0.6576,0.0,0.0
dd07e924156039f8e953d5ea58ab5023,1cbf580d763d0eb5497ff2d6468e7668,0.6575,0.0,0.0
ff6f97ce50ea01298f8e58b53b97d489,b6e342d9f4e409f24eea3859aa76e82a,-0.6571,0.0,0.0
1d33e98c9d94c262ab0d8b56d0936eb4,ec716420b2bb28ff5cfc5b19edbe2dfa,-0.6568,0.0,0.0
19463e5fe824700110e4a4ec8afe0512,0ef7e12e6eb35a8fd9fac7badac0c381,0.6568,0.0,0.0
f42aeaf1c13130f1fdfc8bafa43ded29,206069e5a5041e6c7f39a4141aefdc19,-0.6567,0.0,0.0
ec92f6331d8ecb50e3f0dee8fbf3bcb0,7b43b24e8c817bba9f0008696985ae06,0.6565,0.0,0.0
430c875622713c0d7662add2d8e7db60,da47a34fd036b068ca0c5eaf185e2082,0.6561,0.0,0.0
7281c911136ba2bdcafebb9c71729dea,85b80813a3be5e162f462e085b709b85,0.6557,0.0,0.0
ff6f97ce50ea01298f8e58b53b97d489,ce264b1fd05f8dfc0dd2941a2b170a3a,-0.6555,0.0,0.0
179e72f0ecdfeb920df685432f3f2d1a,28b5f35cfb5f0516e5e5f896428abdcd,0.6555,0.0,0.0
0709277372b3816e3986842fb10c8e96,dd07e924156039f8e953d5ea58ab5023,0.6549,0.0,0.0
93fadef301b62aa732e42bf1142b3afa,61bffb5ed48deb86adad74d3d45df340,-0.6546,0.0,0.0
ee14afe4571845779465f8dc9646c7b4,e144d237c973d831d708cac2c17df968,-0.6545,0.0,0.0
35dbde30af820a2c3bcd85216229ad6a,15c0fe41b25c6504b8dbe48ae72283d0,-0.6543,0.0,0.0
deb262fd92af4fdcd3b6240303048b2a,85b80813a3be5e162f462e085b709b85,-0.6542,0.0,0.0
dd07e924156039f8e953d5ea58ab5023,9feda0d620fa50b57ce3f848e1b48975,-0.6539,0.0,0.0
d98dabbea4fe10de13ec5310782324e8,f2fbdc2b912ea775653691981335232f,0.6539,0.0,0.0
659d1fe872c9b31a9e0b81eef5ca6218,d693c275c376753e40770f95ba69a9f9,-0.6538,0.0,0.0
430c875622713c0d7662add2d8e7db60,2e8ba4a2f665cc3ad88530fc739b1f9c,-0.6536,0.0,0.0
f2fbdc2b912ea775653691981335232f,4c7b0d554a1103b7872deded4bccb4ea,-0.6535,0.0,0.0
f42aeaf1c13130f1fdfc8bafa43ded29,b64cf0e9dea8cef6b9500b364c179b98,0.6534,0.0,0.0
d98dabbea4fe10de13ec5310782324e8,deb262fd92af4fdcd3b6240303048b2a,-0.6532,0.0,0.0
0ef7e12e6eb35a8fd9fac7badac0c381,b6e342d9f4e409f24eea3859aa76e82a,0.6532,0.0,0.0
28b5f35cfb5f0516e5e5f896428abdcd,213ec0ef843de45b3db9302876229bed,0.653,0.0,0.0
93fadef301b62aa732e42bf1142b3afa,3e524f0bf09623c8530930bb8b27045c,0.6529,0.0,0.0
ec92f6331d8ecb50e3f0dee8fbf3bcb0,06246fa4c1b00ea76b5539442f32c012,0.6529,0.0,0.0
e144d237c973d831d708cac2c17df968,7d537f12eaa3231c2c2b58b74901051c,0.6527,0.0,0.0
dd07e924156039f8e953d5ea58ab5023,15c0fe41b25c6504b8dbe48ae72283d0,0.6526,0.0,0.0
7281c911136ba2bdcafebb9c71729dea,c4118088ab2644671a1d9d540c060b19,0.6525,0.0,0.0
430c875622713c0d7662add2d8e7db60,0f4c04cefd226f6854ad0fbc2a2de226,0.6518,0.0,0.0
9feda0d620fa50b57ce3f848e1b48975,2e8ba4a2f665cc3ad88530fc739b1f9c,-0.6514,0.0,0.0
cd991e2f230049eb76c8e3b3fcece79f,6e21064675bd1626771d39886cc9d88b,-0.6514,0.0,0.0
d98dabbea4fe10de13ec5310782324e8,2e8ba4a2f665cc3ad88530fc739b1f9c,0.6512,0.0,0.0
47515cfa358287ae00ead27b78b2285b,9feda0d620fa50b57ce3f848e1b48975,-0.6512,0.0,0.0
a402fc6f0fd057decbe746f48bf12862,945e47119242497c2e0bc5b3c6b6ba8e,0.6511,0.0,0.0
da47a34fd036b068ca0c5eaf185e2082,de329304e57f0e32da3a08e64625a2e1,0.651,0.0,0.0
09383f3babfd32418e7ba07634680e12,44f513ba8d222b088ba2ad6e7ab85b8c,0.6509,0.0,0.0
af9554a6cc07a34c1cb6004e3dbb865a,66575db7635d648549a9eb5a4eafb710,0.6509,0.0,0.0
ce264b1fd05f8dfc0dd2941a2b170a3a,25c54c57b4a4283237b33fdae82003c0,-0.6508,0.0,0.0
499a635c6e7dcd5c8ef518302aa50011,df20ccfbfc0741ee313d9e9433dbac01,-0.6505,0.0,0.0
5837405da6036e7481240160de143774,765b69d9c4313cc8630769db523cc54c,-0.6504,0.0,0.0
a061d8883eca2028db1d268500722130,b6e342d9f4e409f24eea3859aa76e82a,0.6503,0.0,0.0
8ebc39e79a930b5db089420489c40543,37a9f9625f201b6e61c29ac09ec54683,0.6502,0.0,0.0
c55a8101fb6c187736f0af61f720cb92,daac17ca54538cbc9aada8497262da96,0.6499,0.0,0.0
bb617d32673d5f60d6216a07ad7a42bc,2c452b25c7f3c62be462d8f47ed179e3,-0.6498,0.0,0.0
b64cf0e9dea8cef6b9500b364c179b98,1f4fb4bfdca6c9d13106ed533362a62e,0.6498,0.0,0.0
cd05a4b1cda569ae366c6980823f4c72,212e304679f170a464d2616b3f94a250,0.6497,0.0,0.0
213ec0ef843de45b3db9302876229bed,5837405da6036e7481240160de143774,-0.6496,0.0,0.0
ce264b1fd05f8dfc0dd2941a2b170a3a,da47a34fd036b068ca0c5eaf185e2082,-0.6495,0.0,0.0
cd05a4b1cda569ae366c6980823f4c72,2c452b25c7f3c62be462d8f47ed179e3,0.6495,0.0,0.0
47515cfa358287ae00ead27b78b2285b,a53b7a494838590a5600a018277e55ea,-0.6491,0.0,0.0
3e7c933c821c9f18e53e1dda439951cf,99a197229849c15140fc329cff0ccb90,0.6491,0.0,0.0
a5b2537343a26f4daf0379a8b46eb2ef,89dfaf0aa4a8af8e27a826ba8dd97044,-0.6487,0.0,0.0
7281c911136ba2bdcafebb9c71729dea,f42aeaf1c13130f1fdfc8bafa43ded29,-0.6487,0.0,0.0
f42aeaf1c13130f1fdfc8bafa43ded29,2e8ba4a2f665cc3ad88530fc739b1f9c,-0.6484,0.0,0.0
3e7c933c821c9f18e53e1dda439951cf,a039c1ac15b3f4bc5cf1db8a5f1cc0fd,-0.6484,0.0,0.0
f42aeaf1c13130f1fdfc8bafa43ded29,0ef7e12e6eb35a8fd9fac7badac0c381,-0.6484,0.0,0.0
daac17ca54538cbc9aada8497262da96,765b69d9c4313cc8630769db523cc54c,-0.6482,0.0,0.0
9feda0d620fa50b57ce3f848e1b48975,5837405da6036e7481240160de143774,-0.6481,0.0,0.0
7281c911136ba2bdcafebb9c71729dea,f876e4d5cbaa6ac5f3c225bcaf146791,0.648,0.0,0.0
06246fa4c1b00ea76b5539442f32c012,6aa300d5323cbf75dc53cec3e6acb87c,0.6479,0.0,0.0
dd07e924156039f8e953d5ea58ab5023,c4118088ab2644671a1d9d540c060b19,0.6478,0.0,0.0
daac17ca54538cbc9aada8497262da96,2e8ba4a2f665cc3ad88530fc739b1f9c,0.6476,0.0,0.0
f876e4d5cbaa6ac5f3c225bcaf146791,2e8ba4a2f665cc3ad88530fc739b1f9c,0.6474,0.0,0.0
94c501c5d59dddbd80effa77dbceebe0,1cbf580d763d0eb5497ff2d6468e7668,0.6474,0.0,0.0
19463e5fe824700110e4a4ec8afe0512,06246fa4c1b00ea76b5539442f32c012,-0.6473,0.0,0.0
35dbde30af820a2c3bcd85216229ad6a,85b80813a3be5e162f462e085b709b85,-0.6471,0.0,0.0
47515cfa358287ae00ead27b78b2285b,5c331188779be5bb65a2e80544aa8dea,0.6471,0.0,0.0
9feda0d620fa50b57ce3f848e1b48975,5c331188779be5bb65a2e80544aa8dea,-0.6469,0.0,0.0
ce264b1fd05f8dfc0dd2941a2b170a3a,4835c874610f20a02421b283dbe2f2b6,0.6466,0.0,0.0
af9554a6cc07a34c1cb6004e3dbb865a,5c331188779be5bb65a2e80544aa8dea,0.6461,0.0,0.0
3e7c933c821c9f18e53e1dda439951cf,5c331188779be5bb65a2e80544aa8dea,0.6456,0.0,0.0
7a7c96429cd038c333985399c9eb963c,de329304e57f0e32da3a08e64625a2e1,0.6455,0.0,0.0
b3d8bf326297fb9b18ea4fef1ce8d4a6,89dfaf0aa4a8af8e27a826ba8dd97044,-0.6455,0.0,0.0
c7553191e309cfc2e28aea2507e7afdf,1cbf580d763d0eb5497ff2d6468e7668,0.6453,0.0,0.0
ec92f6331d8ecb50e3f0dee8fbf3bcb0,83adaf3a09d08c93f2abea6a4c815592,0.6453,0.0,0.0
179e72f0ecdfeb920df685432f3f2d1a,de329304e57f0e32da3a08e64625a2e1,0.6453,0.0,0.0
916d15ab17794198ea4c5ad1e3fb6258,894d5f2608f2a0e9e3bf2499f1cc6130,0.6449,0.0,0.0
dd07e924156039f8e953d5ea58ab5023,de329304e57f0e32da3a08e64625a2e1,-0.6446,0.0,0.0
d3cf08daefed96f494257ceff63a6cf8,9418ffbc4dee96cca486adf8b5f5493d,-0.6445,0.0,0.0
93fadef301b62aa732e42bf1142b3afa,5cb2b4186e2e95521540e2ccbafcb4c9,-0.6443,0.0,0.0
ee14afe4571845779465f8dc9646c7b4,6148c6e49d72c0f24a187a979ba7a5aa,0.6443,0.0,0.0
09ee5eb3e6c726c7c8242f6e97453fc2,d693c275c376753e40770f95ba69a9f9,-0.6441,0.0,0.0
a82691ab5fd4e8d3d3b23b7958c8e764,5c331188779be5bb65a2e80544aa8dea,-0.6441,0.0,0.0
dd07e924156039f8e953d5ea58ab5023,e79a45f432d0ccc86adbf9bbe7cef2a7,0.644,0.0,0.0
a402fc6f0fd057decbe746f48bf12862,179e72f0ecdfeb920df685432f3f2d1a,-0.644,0.0,0.0
b4eac52cfa36ce63f24be2fc530ad204,a061d8883eca2028db1d268500722130,-0.6438,0.0,0.0
817555c3b5d93664c38e8fbec64eba2e,5837405da6036e7481240160de143774,0.6437,0.0,0.0
c4118088ab2644671a1d9d540c060b19,5837405da6036e7481240160de143774,0.6437,0.0,0.0
499a635c6e7dcd5c8ef518302aa50011,ce264b1fd05f8dfc0dd2941a2b170a3a,-0.6435,0.0,0.0
a402fc6f0fd057decbe746f48bf12862,15c0fe41b25c6504b8dbe48ae72283d0,0.6434,0.0,0.0
ec92f6331d8ecb50e3f0dee8fbf3bcb0,42bdb37eaf4585993d2dadc410341bfc,-0.6434,0.0,0.0
945e47119242497c2e0bc5b3c6b6ba8e,c7553191e309cfc2e28aea2507e7afdf,0.6433,0.0,0.0
dc9b83b9dbf521d0d0b0e1576e44d06a,de329304e57f0e32da3a08e64625a2e1,0.6432,0.0,0.0
28b5f35cfb5f0516e5e5f896428abdcd,472fdc0687378563f0c9da6da7638e1a,0.6431,0.0,0.0
3343d19c0bc1759a66023cbc86c92592,430c875622713c0d7662add2d8e7db60,-0.6431,0.0,0.0
b3d8bf326297fb9b18ea4fef1ce8d4a6,f3c13bc899928e8043766ca73a046487,-0.643,0.0,0.0
ce264b1fd05f8dfc0dd2941a2b170a3a,f876e4d5cbaa6ac5f3c225bcaf146791,0.6429,0.0,0.0
0ef7e12e6eb35a8fd9fac7badac0c381,472fdc0687378563f0c9da6da7638e1a,-0.6429,0.0,0.0
66575db7635d648549a9eb5a4eafb710,aa9c5ae2ec6da55f30edd92e3de37eff,-0.6428,0.0,0.0
2c452b25c7f3c62be462d8f47ed179e3,f61f4c9b8258738ad3ee7663e43e7907,-0.6427,0.0,0.0
4b50be28c2cc7c6a4dbc6300155c5218,5631fe818e588992529f6071afc9cda5,0.6427,0.0,0.0
09383f3babfd32418e7ba07634680e12,aa9c5ae2ec6da55f30edd92e3de37eff,0.6426,0.0,0.0
0f4c04cefd226f6854ad0fbc2a2de226,3e7c933c821c9f18e53e1dda439951cf,-0.6424,0.0,0.0
916d15ab17794198ea4c5ad1e3fb6258,19083703874fec5c0e976f6ca4fa6bc9,-0.6424,0.0,0.0
83adaf3a09d08c93f2abea6a4c815592,793ecb5ed65cd96425a35698e8ab9e78,0.6423,0.0,0.0
b26eb5a5ca6820d220d5433b1cffa5e6,817555c3b5d93664c38e8fbec64eba2e,-0.6421,0.0,0.0
d98dabbea4fe10de13ec5310782324e8,f42aeaf1c13130f1fdfc8bafa43ded29,-0.6421,0.0,0.0
5631fe818e588992529f6071afc9cda5,daac17ca54538cbc9aada8497262da96,-0.642,0.0,0.0
ab2050607cb3fe172ea918d5a17a46c7,ec716420b2bb28ff5cfc5b19edbe2dfa,0.6419,0.0,0.0
a402fc6f0fd057decbe746f48bf12862,3e524f0bf09623c8530930bb8b27045c,0.6416,0.0,0.0
15c0fe41b25c6504b8dbe48ae72283d0,1cbf580d763d0eb5497ff2d6468e7668,0.6415,0.0,0.0
5cb2b4186e2e95521540e2ccbafcb4c9,f876e4d5cbaa6ac5f3c225bcaf146791,-0.6413,0.0,0.0
ec92f6331d8ecb50e3f0dee8fbf3bcb0,2b7dca9f823dab555a368d87f194804f,-0.6411,0.0,0.0
0c488eee4c6d02abb4e34df3ec16a09b,25c54c57b4a4283237b33fdae82003c0,0.6408,0.0,0.0
179e72f0ecdfeb920df685432f3f2d1a,4835c874610f20a02421b283dbe2f2b6,-0.6405,0.0,0.0
a402fc6f0fd057decbe746f48bf12862,a82691ab5fd4e8d3d3b23b7958c8e764,-0.6402,0.0,0.0
ec92f6331d8ecb50e3f0dee8fbf3bcb0,db5aaacffe4ca31116f5b0e292074588,0.6401,0.0,0.0
0ef7e12e6eb35a8fd9fac7badac0c381,85b80813a3be5e162f462e085b709b85,0.64,0.0,0.0
be9dcf562f0ab066c0b252d527a42d19,aca43babf06d3410ce71cad5778ff102,-0.6399,0.0,0.0
94c501c5d59dddbd80effa77dbceebe0,4835c874610f20a02421b283dbe2f2b6,0.6398,0.0,0.0
2b7dca9f823dab555a368d87f194804f,ee14afe4571845779465f8dc9646c7b4,0.6398,0.0,0.0
7281c911136ba2bdcafebb9c71729dea,5631fe818e588992529f6071afc9cda5,-0.6397,0.0,0.0
aa20c972229ba580ad2044118ab67181,25c54c57b4a4283237b33fdae82003c0,0.6396,0.0,0.0
1ad05a58bf23396d80f11695ad750b75,66575db7635d648549a9eb5a4eafb710,0.6396,0.0,0.0
be9dcf562f0ab066c0b252d527a42d19,4835c874610f20a02421b283dbe2f2b6,-0.6395,0.0,0.0
9feda0d620fa50b57ce3f848e1b48975,945e47119242497c2e0bc5b3c6b6ba8e,-0.6394,0.0,0.0
7a7c96429cd038c333985399c9eb963c,7b43b24e8c817bba9f0008696985ae06,0.6393,0.0,0.0
aa20c972229ba580ad2044118ab67181,de329304e57f0e32da3a08e64625a2e1,0.6389,0.0,0.0
499a635c6e7dcd5c8ef518302aa50011,d23e07dc0f848e8921532df36254ce29,0.6384,0.0,0.0
dd07e924156039f8e953d5ea58ab5023,4835c874610f20a02421b283dbe2f2b6,0.6383,0.0,0.0
5631fe818e588992529f6071afc9cda5,1cbf580d763d0eb5497ff2d6468e7668,-0.6382,0.0,0.0
47515cfa358287ae00ead27b78b2285b,430c875622713c0d7662add2d8e7db60,-0.638,0.0,0.0
e1c573f885ed4c9191a32116f583d78a,85b80813a3be5e162f462e085b709b85,-0.6378,0.0,0.0
9feda0d620fa50b57ce3f848e1b48975,b6e342d9f4e409f24eea3859aa76e82a,-0.6378,0.0,0.0
b64cf0e9dea8cef6b9500b364c179b98,8b2843ccdbc3d39c6d758b7f91388341,-0.6376,0.0,0.0
0f4c04cefd226f6854ad0fbc2a2de226,cd991e2f230049eb76c8e3b3fcece79f,0.6375,0.0,0.0
499a635c6e7dcd5c8ef518302aa50011,dd07e924156039f8e953d5ea58ab5023,-0.6374,0.0,0.0
5631fe818e588992529f6071afc9cda5,e144d237c973d831d708cac2c17df968,0.6373,0.0,0.0
5c331188779be5bb65a2e80544aa8dea,6e21064675bd1626771d39886cc9d88b,0.6373,0.0,0.0
430c875622713c0d7662add2d8e7db60,b5b93f7fc3d0a88dff0ced83eb0bb5ab,-0.6373,0.0,0.0
da47a34fd036b068ca0c5eaf185e2082,6aa300d5323cbf75dc53cec3e6acb87c,0.6372,0.0,0.0
41f01f3e3cbf6beb908ae1ebb553208e,7b43b24e8c817bba9f0008696985ae06,-0.6364,0.0,0.0
4f3989d95e7611bb6b5307454d75d3ce,179e72f0ecdfeb920df685432f3f2d1a,-0.6364,0.0,0.0
66575db7635d648549a9eb5a4eafb710,f847d5bbe9c5a3555db3988cfa1b838f,-0.6362,0.0,0.0
e79a45f432d0ccc86adbf9bbe7cef2a7,b6e342d9f4e409f24eea3859aa76e82a,0.6357,0.0,0.0
8a4c692c01077fa5a93913725097b3bc,5837405da6036e7481240160de143774,0.6355,0.0,0.0
94c501c5d59dddbd80effa77dbceebe0,6aa300d5323cbf75dc53cec3e6acb87c,-0.6355,0.0,0.0
ff6f97ce50ea01298f8e58b53b97d489,df20ccfbfc0741ee313d9e9433dbac01,-0.6354,0.0,0.0
3e524f0bf09623c8530930bb8b27045c,94c501c5d59dddbd80effa77dbceebe0,0.6351,0.0,0.0
15c0fe41b25c6504b8dbe48ae72283d0,94c501c5d59dddbd80effa77dbceebe0,0.6351,0.0,0.0
66575db7635d648549a9eb5a4eafb710,0ef7e12e6eb35a8fd9fac7badac0c381,0.6344,0.0,0.0
af9554a6cc07a34c1cb6004e3dbb865a,213ec0ef843de45b3db9302876229bed,-0.6343,0.0,0.0
7b43b24e8c817bba9f0008696985ae06,659d1fe872c9b31a9e0b81eef5ca6218,0.6342,0.0,0.0
daac17ca54538cbc9aada8497262da96,06246fa4c1b00ea76b5539442f32c012,-0.6342,0.0,0.0
09ee5eb3e6c726c7c8242f6e97453fc2,ab2050607cb3fe172ea918d5a17a46c7,-0.6341,0.0,0.0
4b50be28c2cc7c6a4dbc6300155c5218,8466f2635d9fbf9c51a04877474f3d09,0.6341,0.0,0.0
35dbde30af820a2c3bcd85216229ad6a,f42aeaf1c13130f1fdfc8bafa43ded29,0.6341,0.0,0.0
a039c1ac15b3f4bc5cf1db8a5f1cc0fd,2e8ba4a2f665cc3ad88530fc739b1f9c,-0.634,0.0,0.0
3e7c933c821c9f18e53e1dda439951cf,1cbf580d763d0eb5497ff2d6468e7668,0.634,0.0,0.0
0fec351445f84bd482075ceda6123f46,4f3989d95e7611bb6b5307454d75d3ce,0.6339,0.0,0.0
7281c911136ba2bdcafebb9c71729dea,47515cfa358287ae00ead27b78b2285b,0.6339,0.0,0.0
deb262fd92af4fdcd3b6240303048b2a,df20ccfbfc0741ee313d9e9433dbac01,-0.6337,0.0,0.0
d98dabbea4fe10de13ec5310782324e8,85b80813a3be5e162f462e085b709b85,0.6337,0.0,0.0
179e72f0ecdfeb920df685432f3f2d1a,1cbf580d763d0eb5497ff2d6468e7668,-0.6333,0.0,0.0
cd991e2f230049eb76c8e3b3fcece79f,a82691ab5fd4e8d3d3b23b7958c8e764,0.6333,0.0,0.0
3e524f0bf09623c8530930bb8b27045c,da47a34fd036b068ca0c5eaf185e2082,-0.6331,0.0,0.0
93fadef301b62aa732e42bf1142b3afa,8bc8eb4392eecf9f922bfb55df2c4144,-0.633,0.0,0.0
0ef7e12e6eb35a8fd9fac7badac0c381,df20ccfbfc0741ee313d9e9433dbac01,0.6328,0.0,0.0
f2fbdc2b912ea775653691981335232f,5837405da6036e7481240160de143774,0.6328,0.0,0.0
ff6f97ce50ea01298f8e58b53b97d489,1cbf580d763d0eb5497ff2d6468e7668,-0.6328,0.0,0.0
793ecb5ed65cd96425a35698e8ab9e78,ee14afe4571845779465f8dc9646c7b4,-0.6327,0.0,0.0
817555c3b5d93664c38e8fbec64eba2e,df20ccfbfc0741ee313d9e9433dbac01,0.6327,0.0,0.0
c4118088ab2644671a1d9d540c060b19,df20ccfbfc0741ee313d9e9433dbac01,0.6326,0.0,0.0
15c0fe41b25c6504b8dbe48ae72283d0,dc9b83b9dbf521d0d0b0e1576e44d06a,-0.6324,0.0,0.0
df20ccfbfc0741ee313d9e9433dbac01,4c7b0d554a1103b7872deded4bccb4ea,-0.6323,0.0,0.0
4adbf4beb8d2b17f63b543e4d9aa39b6,800e0527da5f9218e61c70f7d0ec8715,0.6322,0.0,0.0
efbade8cc54695abfc5c07f21eecb6e7,a5b2537343a26f4daf0379a8b46eb2ef,0.6322,0.0,0.0
1ad05a58bf23396d80f11695ad750b75,0ef7e12e6eb35a8fd9fac7badac0c381,0.6322,0.0,0.0
179e72f0ecdfeb920df685432f3f2d1a,aa20c972229ba580ad2044118ab67181,0.6321,0.0,0.0
a19152d55f42fc72a3a0f985d2615aab,0c488eee4c6d02abb4e34df3ec16a09b,0.632,0.0,0.0
35dbde30af820a2c3bcd85216229ad6a,dc9b83b9dbf521d0d0b0e1576e44d06a,0.6319,0.0,0.0
efbade8cc54695abfc5c07f21eecb6e7,15c0fe41b25c6504b8dbe48ae72283d0,-0.6318,0.0,0.0
702860fda44c0d44ddacb5bd79fd5d24,19083703874fec5c0e976f6ca4fa6bc9,-0.6316,0.0,0.0
f2fbdc2b912ea775653691981335232f,945e47119242497c2e0bc5b3c6b6ba8e,0.6316,0.0,0.0
e79a45f432d0ccc86adbf9bbe7cef2a7,779e393e6ff91129f826c691a0d16db3,-0.6315,0.0,0.0
5631fe818e588992529f6071afc9cda5,945e47119242497c2e0bc5b3c6b6ba8e,-0.6314,0.0,0.0
0c488eee4c6d02abb4e34df3ec16a09b,945e47119242497c2e0bc5b3c6b6ba8e,-0.6314,0.0,0.0
472fdc0687378563f0c9da6da7638e1a,1cbf580d763d0eb5497ff2d6468e7668,-0.6313,0.0,0.0
d801b2110a503327da848c95357ca4a5,7b43b24e8c817bba9f0008696985ae06,0.6313,0.0,0.0
ce264b1fd05f8dfc0dd2941a2b170a3a,c4118088ab2644671a1d9d540c060b19,0.6312,0.0,0.0
8a4c692c01077fa5a93913725097b3bc,0f4c04cefd226f6854ad0fbc2a2de226,-0.6311,0.0,0.0
15c0fe41b25c6504b8dbe48ae72283d0,0ef7e12e6eb35a8fd9fac7badac0c381,0.6311,0.0,0.0
ec92f6331d8ecb50e3f0dee8fbf3bcb0,a19152d55f42fc72a3a0f985d2615aab,0.6306,0.0,0.0
35dbde30af820a2c3bcd85216229ad6a,3e524f0bf09623c8530930bb8b27045c,-0.6305,0.0,0.0
04869be25e3dc4d526ce3824d407aedf,0f312394fc32d16cfdca183b11aad4ad,0.6304,0.0,0.0
0ef7e12e6eb35a8fd9fac7badac0c381,817555c3b5d93664c38e8fbec64eba2e,0.6302,0.0,0.0
47515cfa358287ae00ead27b78b2285b,817555c3b5d93664c38e8fbec64eba2e,0.6299,0.0,0.0
f2fbdc2b912ea775653691981335232f,c4118088ab2644671a1d9d540c060b19,0.6299,0.0,0.0
f876e4d5cbaa6ac5f3c225bcaf146791,f847d5bbe9c5a3555db3988cfa1b838f,-0.6295,0.0,0.0
d98dabbea4fe10de13ec5310782324e8,a039c1ac15b3f4bc5cf1db8a5f1cc0fd,-0.6295,0.0,0.0
19463e5fe824700110e4a4ec8afe0512,8466f2635d9fbf9c51a04877474f3d09,-0.6292,0.0,0.0
499a635c6e7dcd5c8ef518302aa50011,5c331188779be5bb65a2e80544aa8dea,-0.629,0.0,0.0
dc9b83b9dbf521d0d0b0e1576e44d06a,25c54c57b4a4283237b33fdae82003c0,0.6289,0.0,0.0
89dfaf0aa4a8af8e27a826ba8dd97044,1f4fb4bfdca6c9d13106ed533362a62e,0.6289,0.0,0.0
dd07e924156039f8e953d5ea58ab5023,aca43babf06d3410ce71cad5778ff102,0.6288,0.0,0.0
19463e5fe824700110e4a4ec8afe0512,7d537f12eaa3231c2c2b58b74901051c,-0.6287,0.0,0.0
28b5f35cfb5f0516e5e5f896428abdcd,0c488eee4c6d02abb4e34df3ec16a09b,0.6283,0.0,0.0
be9dcf562f0ab066c0b252d527a42d19,1cbf580d763d0eb5497ff2d6468e7668,-0.628,0.0,0.0
3e524f0bf09623c8530930bb8b27045c,be9dcf562f0ab066c0b252d527a42d19,-0.628,0.0,0.0
47515cfa358287ae00ead27b78b2285b,c4118088ab2644671a1d9d540c060b19,0.6279,0.0,0.0
1f4fb4bfdca6c9d13106ed533362a62e,ce8d585abe69c46ac0fba61726d046c5,0.6278,0.0,0.0
28b5f35cfb5f0516e5e5f896428abdcd,1cbf580d763d0eb5497ff2d6468e7668,-0.6277,0.0,0.0
af9554a6cc07a34c1cb6004e3dbb865a,c4118088ab2644671a1d9d540c060b19,0.6276,0.0,0.0
1ad05a58bf23396d80f11695ad750b75,f847d5bbe9c5a3555db3988cfa1b838f,-0.6276,0.0,0.0
d3cf08daefed96f494257ceff63a6cf8,6148c6e49d72c0f24a187a979ba7a5aa,-0.6272,0.0,0.0
e6485d233ed2b8b9a2f3f50f0747b9d2,94c501c5d59dddbd80effa77dbceebe0,0.6268,0.0,0.0
702860fda44c0d44ddacb5bd79fd5d24,daac17ca54538cbc9aada8497262da96,0.6268,0.0,0.0
3e524f0bf09623c8530930bb8b27045c,b6e342d9f4e409f24eea3859aa76e82a,0.6267,0.0,0.0
9feda0d620fa50b57ce3f848e1b48975,85b80813a3be5e162f462e085b709b85,-0.6265,0.0,0.0
e6485d233ed2b8b9a2f3f50f0747b9d2,deb262fd92af4fdcd3b6240303048b2a,-0.6265,0.0,0.0
28b5f35cfb5f0516e5e5f896428abdcd,06246fa4c1b00ea76b5539442f32c012,0.6263,0.0,0.0
15c0fe41b25c6504b8dbe48ae72283d0,06246fa4c1b00ea76b5539442f32c012,-0.6261,0.0,0.0
f2fbdc2b912ea775653691981335232f,6e21064675bd1626771d39886cc9d88b,0.6259,0.0,0.0
d801b2110a503327da848c95357ca4a5,212e304679f170a464d2616b3f94a250,0.6258,0.0,0.0
2e8ba4a2f665cc3ad88530fc739b1f9c,6e21064675bd1626771d39886cc9d88b,0.6257,0.0,0.0
15c0fe41b25c6504b8dbe48ae72283d0,7a7c96429cd038c333985399c9eb963c,-0.6257,0.0,0.0
4b50be28c2cc7c6a4dbc6300155c5218,7a7c96429cd038c333985399c9eb963c,0.6257,0.0,0.0
e1c573f885ed4c9191a32116f583d78a,94c501c5d59dddbd80effa77dbceebe0,-0.6257,0.0,0.0
916d15ab17794198ea4c5ad1e3fb6258,df20ccfbfc0741ee313d9e9433dbac01,0.6255,0.0,0.0
4bea53b2aad77f2569a0182f6b84255e,817555c3b5d93664c38e8fbec64eba2e,-0.6252,0.0,0.0
499a635c6e7dcd5c8ef518302aa50011,b6e342d9f4e409f24eea3859aa76e82a,-0.6251,0.0,0.0
94c501c5d59dddbd80effa77dbceebe0,de329304e57f0e32da3a08e64625a2e1,-0.625,0.0,0.0
47515cfa358287ae00ead27b78b2285b,1d33e98c9d94c262ab0d8b56d0936eb4,0.6249,0.0,0.0
89dfaf0aa4a8af8e27a826ba8dd97044,f3c13bc899928e8043766ca73a046487,0.6248,0.0,0.0
9feda0d620fa50b57ce3f848e1b48975,c4118088ab2644671a1d9d540c060b19,-0.6247,0.0,0.0
7281c911136ba2bdcafebb9c71729dea,4f3989d95e7611bb6b5307454d75d3ce,0.6247,0.0,0.0
dd07e924156039f8e953d5ea58ab5023,da47a34fd036b068ca0c5eaf185e2082,-0.6246,0.0,0.0
c7553191e309cfc2e28aea2507e7afdf,4835c874610f20a02421b283dbe2f2b6,0.6244,0.0,0.0
9feda0d620fa50b57ce3f848e1b48975,a039c1ac15b3f4bc5cf1db8a5f1cc0fd,0.6241,0.0,0.0
15c0fe41b25c6504b8dbe48ae72283d0,472fdc0687378563f0c9da6da7638e1a,-0.6238,0.0,0.0
8a4c692c01077fa5a93913725097b3bc,de329304e57f0e32da3a08e64625a2e1,-0.6238,0.0,0.0
d3cf08daefed96f494257ceff63a6cf8,fde5fbd4507f68a2eabc92fb449d9965,-0.6235,0.0,0.0
deb262fd92af4fdcd3b6240303048b2a,de329304e57f0e32da3a08e64625a2e1,0.6234,0.0,0.0
d23e07dc0f848e8921532df36254ce29,916d15ab17794198ea4c5ad1e3fb6258,-0.6232,0.0,0.0
25c54c57b4a4283237b33fdae82003c0,94c501c5d59dddbd80effa77dbceebe0,-0.6232,0.0,0.0
0ef7e12e6eb35a8fd9fac7badac0c381,aca43babf06d3410ce71cad5778ff102,0.6229,0.0,0.0
d863bc6a2fa6a8a93787e45a6abe3304,66575db7635d648549a9eb5a4eafb710,-0.6228,0.0,0.0
93fadef301b62aa732e42bf1142b3afa,916d15ab17794198ea4c5ad1e3fb6258,0.6228,0.0,0.0
6322c84c5ee6585bf9973a931d8f279d,aa9c5ae2ec6da55f30edd92e3de37eff,-0.6226,0.0,0.0
e144d237c973d831d708cac2c17df968,d693c275c376753e40770f95ba69a9f9,-0.6226,0.0,0.0
f876e4d5cbaa6ac5f3c225bcaf146791,1cbf580d763d0eb5497ff2d6468e7668,0.6226,0.0,0.0
e79a45f432d0ccc86adbf9bbe7cef2a7,206069e5a5041e6c7f39a4141aefdc19,0.6224,0.0,0.0
25c54c57b4a4283237b33fdae82003c0,e144d237c973d831d708cac2c17df968,0.6224,0.0,0.0
f42aeaf1c13130f1fdfc8bafa43ded29,8b2843ccdbc3d39c6d758b7f91388341,-0.6219,0.0,0.0
3343d19c0bc1759a66023cbc86c92592,b6e342d9f4e409f24eea3859aa76e82a,0.6218,0.0,0.0
2c452b25c7f3c62be462d8f47ed179e3,1f4fb4bfdca6c9d13106ed533362a62e,-0.6216,0.0,0.0
213ec0ef843de45b3db9302876229bed,a19152d55f42fc72a3a0f985d2615aab,0.6216,0.0,0.0
702860fda44c0d44ddacb5bd79fd5d24,af9554a6cc07a34c1cb6004e3dbb865a,0.6216,0.0,0.0
af9554a6cc07a34c1cb6004e3dbb865a,817555c3b5d93664c38e8fbec64eba2e,0.6214,0.0,0.0
1f4fb4bfdca6c9d13106ed533362a62e,aa9c5ae2ec6da55f30edd92e3de37eff,0.6213,0.0,0.0
702860fda44c0d44ddacb5bd79fd5d24,6e21064675bd1626771d39886cc9d88b,0.621,0.0,0.0
cd05a4b1cda569ae366c6980823f4c72,e144d237c973d831d708cac2c17df968,0.6209,0.0,0.0
7281c911136ba2bdcafebb9c71729dea,5c331188779be5bb65a2e80544aa8dea,0.6208,0.0,0.0
7281c911136ba2bdcafebb9c71729dea,d98dabbea4fe10de13ec5310782324e8,0.6204,0.0,0.0
ec716420b2bb28ff5cfc5b19edbe2dfa,0f312394fc32d16cfdca183b11aad4ad,-0.6202,0.0,0.0
d98dabbea4fe10de13ec5310782324e8,ce264b1fd05f8dfc0dd2941a2b170a3a,0.62,0.0,0.0
b3d8bf326297fb9b18ea4fef1ce8d4a6,1f4fb4bfdca6c9d13106ed533362a62e,-0.62,0.0,0.0
916d15ab17794198ea4c5ad1e3fb6258,3e7c933c821c9f18e53e1dda439951cf,0.6199,0.0,0.0
dd07e924156039f8e953d5ea58ab5023,f847d5bbe9c5a3555db3988cfa1b838f,-0.6199,0.0,0.0
894d5f2608f2a0e9e3bf2499f1cc6130,d02e8e093df5064814273f652473189e,-0.6196,0.0,0.0
dc9b83b9dbf521d0d0b0e1576e44d06a,e144d237c973d831d708cac2c17df968,0.6195,0.0,0.0
a061d8883eca2028db1d268500722130,dd07e924156039f8e953d5ea58ab5023,0.6191,0.0,0.0
dd07e924156039f8e953d5ea58ab5023,66575db7635d648549a9eb5a4eafb710,0.619,0.0,0.0
213ec0ef843de45b3db9302876229bed,7d537f12eaa3231c2c2b58b74901051c,0.6187,0.0,0.0
a82691ab5fd4e8d3d3b23b7958c8e764,94c501c5d59dddbd80effa77dbceebe0,-0.6187,0.0,0.0
c571cb007a7d9e2dfc56e8c0b4e24104,aca43babf06d3410ce71cad5778ff102,-0.6186,0.0,0.0
aa20c972229ba580ad2044118ab67181,6e21064675bd1626771d39886cc9d88b,-0.6185,0.0,0.0
4b50be28c2cc7c6a4dbc6300155c5218,25c54c57b4a4283237b33fdae82003c0,0.6185,0.0,0.0
179e72f0ecdfeb920df685432f3f2d1a,ef7c28bb28866912b76003ee110bdf6b,-0.6185,0.0,0.0
4b50be28c2cc7c6a4dbc6300155c5218,efbade8cc54695abfc5c07f21eecb6e7,0.6184,0.0,0.0
dd07e924156039f8e953d5ea58ab5023,2e8ba4a2f665cc3ad88530fc739b1f9c,0.6184,0.0,0.0
206069e5a5041e6c7f39a4141aefdc19,aca43babf06d3410ce71cad5778ff102,0.6182,0.0,0.0
af9554a6cc07a34c1cb6004e3dbb865a,15c0fe41b25c6504b8dbe48ae72283d0,0.6181,0.0,0.0
0f4c04cefd226f6854ad0fbc2a2de226,b6e342d9f4e409f24eea3859aa76e82a,-0.618,0.0,0.0
0112df9b91ee10ca73426db0de32571b,0ef7e12e6eb35a8fd9fac7badac0c381,0.6176,0.0,0.0
a061d8883eca2028db1d268500722130,ef48b24d461ead26b22d8e442656ccc0,-0.6175,0.0,0.0
472fdc0687378563f0c9da6da7638e1a,5837405da6036e7481240160de143774,-0.6174,0.0,0.0
4b50be28c2cc7c6a4dbc6300155c5218,7d537f12eaa3231c2c2b58b74901051c,0.6173,0.0,0.0
af9554a6cc07a34c1cb6004e3dbb865a,28b5f35cfb5f0516e5e5f896428abdcd,-0.6172,0.0,0.0
3e524f0bf09623c8530930bb8b27045c,3e7c933c821c9f18e53e1dda439951cf,0.617,0.0,0.0
2e8ba4a2f665cc3ad88530fc739b1f9c,5837405da6036e7481240160de143774,0.617,0.0,0.0
63f37ee4b481fccdffca10160ed5b944,ab2050607cb3fe172ea918d5a17a46c7,-0.6165,0.0,0.0
47515cfa358287ae00ead27b78b2285b,f2fbdc2b912ea775653691981335232f,0.6163,0.0,0.0
de329304e57f0e32da3a08e64625a2e1,a43c475502b54cdee1385dcca3109bfe,0.6162,0.0,0.0
3e7c933c821c9f18e53e1dda439951cf,b6e342d9f4e409f24eea3859aa76e82a,0.616,0.0,0.0
a5b2537343a26f4daf0379a8b46eb2ef,6322c84c5ee6585bf9973a931d8f279d,0.616,0.0,0.0
3e7c933c821c9f18e53e1dda439951cf,85b80813a3be5e162f462e085b709b85,0.6158,0.0,0.0
aa20c972229ba580ad2044118ab67181,945e47119242497c2e0bc5b3c6b6ba8e,-0.6156,0.0,0.0
2e8ba4a2f665cc3ad88530fc739b1f9c,6aa300d5323cbf75dc53cec3e6acb87c,-0.6155,0.0,0.0
3e7c933c821c9f18e53e1dda439951cf,be9dcf562f0ab066c0b252d527a42d19,-0.6154,0.0,0.0
b5b93f7fc3d0a88dff0ced83eb0bb5ab,6aa300d5323cbf75dc53cec3e6acb87c,-0.6152,0.0,0.0
0fec351445f84bd482075ceda6123f46,2e8ba4a2f665cc3ad88530fc739b1f9c,0.615,0.0,0.0
3343d19c0bc1759a66023cbc86c92592,ef48b24d461ead26b22d8e442656ccc0,-0.6148,0.0,0.0
1d33e98c9d94c262ab0d8b56d0936eb4,b0c74390aa5ac540757eb2256575019e,-0.6148,0.0,0.0
47515cfa358287ae00ead27b78b2285b,2e8ba4a2f665cc3ad88530fc739b1f9c,0.6147,0.0,0.0
d801b2110a503327da848c95357ca4a5,0c488eee4c6d02abb4e34df3ec16a09b,0.6145,0.0,0.0
2c452b25c7f3c62be462d8f47ed179e3,6148c6e49d72c0f24a187a979ba7a5aa,-0.6144,0.0,0.0
0fec351445f84bd482075ceda6123f46,1cbf580d763d0eb5497ff2d6468e7668,0.6142,0.0,0.0
9feda0d620fa50b57ce3f848e1b48975,3e524f0bf09623c8530930bb8b27045c,-0.614,0.0,0.0
d42912a22b570ab99938b745999ae2cc,aa9c5ae2ec6da55f30edd92e3de37eff,0.6137,0.0,0.0
a061d8883eca2028db1d268500722130,ee14afe4571845779465f8dc9646c7b4,-0.6136,0.0,0.0
5631fe818e588992529f6071afc9cda5,0c488eee4c6d02abb4e34df3ec16a09b,0.6135,0.0,0.0
7b43b24e8c817bba9f0008696985ae06,d693c275c376753e40770f95ba69a9f9,-0.6135,0.0,0.0
35dbde30af820a2c3bcd85216229ad6a,a43c475502b54cdee1385dcca3109bfe,0.6134,0.0,0.0
7a7c96429cd038c333985399c9eb963c,7d537f12eaa3231c2c2b58b74901051c,0.6132,0.0,0.0
3343d19c0bc1759a66023cbc86c92592,dd07e924156039f8e953d5ea58ab5023,0.6132,0.0,0.0
916d15ab17794198ea4c5ad1e3fb6258,206069e5a5041e6c7f39a4141aefdc19,0.6127,0.0,0.0
04869be25e3dc4d526ce3824d407aedf,dc9b83b9dbf521d0d0b0e1576e44d06a,0.6127,0.0,0.0
5c331188779be5bb65a2e80544aa8dea,206069e5a5041e6c7f39a4141aefdc19,0.6126,0.0,0.0
6148c6e49d72c0f24a187a979ba7a5aa,f3c13bc899928e8043766ca73a046487,0.6126,0.0,0.0
19463e5fe824700110e4a4ec8afe0512,94c501c5d59dddbd80effa77dbceebe0,0.6125,0.0,0.0
8a4c692c01077fa5a93913725097b3bc,daac17ca54538cbc9aada8497262da96,0.6125,0.0,0.0
0fec351445f84bd482075ceda6123f46,7b29e948451d2fdcce6d39ddc6c25520,-0.6123,0.0,0.0
e6485d233ed2b8b9a2f3f50f0747b9d2,cfa7e5524c99aac7db9399503a7e846a,-0.6123,0.0,0.0
c4118088ab2644671a1d9d540c060b19,25c54c57b4a4283237b33fdae82003c0,-0.6123,0.0,0.0
5c331188779be5bb65a2e80544aa8dea,19083703874fec5c0e976f6ca4fa6bc9,-0.6116,0.0,0.0
0fec351445f84bd482075ceda6123f46,37a9f9625f201b6e61c29ac09ec54683,0.6115,0.0,0.0
4adbf4beb8d2b17f63b543e4d9aa39b6,d693c275c376753e40770f95ba69a9f9,0.611,0.0,0.0
bb617d32673d5f60d6216a07ad7a42bc,ee14afe4571845779465f8dc9646c7b4,0.6109,0.0,0.0
af9554a6cc07a34c1cb6004e3dbb865a,472fdc0687378563f0c9da6da7638e1a,-0.6108,0.0,0.0
b64cf0e9dea8cef6b9500b364c179b98,df20ccfbfc0741ee313d9e9433dbac01,-0.6108,0.0,0.0
a061d8883eca2028db1d268500722130,6148c6e49d72c0f24a187a979ba7a5aa,-0.6108,0.0,0.0
ce264b1fd05f8dfc0dd2941a2b170a3a,5c331188779be5bb65a2e80544aa8dea,0.6106,0.0,0.0
4f3989d95e7611bb6b5307454d75d3ce,28b5f35cfb5f0516e5e5f896428abdcd,-0.6104,0.0,0.0
e6485d233ed2b8b9a2f3f50f0747b9d2,a43c475502b54cdee1385dcca3109bfe,-0.6103,0.0,0.0
9711e5e56376fe411f8d9ca9e739c6f1,4835c874610f20a02421b283dbe2f2b6,0.6102,0.0,0.0
d3cf08daefed96f494257ceff63a6cf8,1f4fb4bfdca6c9d13106ed533362a62e,-0.6102,0.0,0.0
d863bc6a2fa6a8a93787e45a6abe3304,a49becf5a5dbcb201f091757c62fc6bb,-0.6102,0.0,0.0
916d15ab17794198ea4c5ad1e3fb6258,f2fbdc2b912ea775653691981335232f,0.6101,0.0,0.0
5c331188779be5bb65a2e80544aa8dea,a53b7a494838590a5600a018277e55ea,-0.6099,0.0,0.0
89dfaf0aa4a8af8e27a826ba8dd97044,75dd0ee2682cb0bf3146f334b0c41c93,0.6098,0.0,0.0
179e72f0ecdfeb920df685432f3f2d1a,9feda0d620fa50b57ce3f848e1b48975,0.6097,0.0,0.0
d801b2110a503327da848c95357ca4a5,06246fa4c1b00ea76b5539442f32c012,0.6095,0.0,0.0
9feda0d620fa50b57ce3f848e1b48975,ce264b1fd05f8dfc0dd2941a2b170a3a,-0.6094,0.0,0.0
28b5f35cfb5f0516e5e5f896428abdcd,5631fe818e588992529f6071afc9cda5,0.6094,0.0,0.0
28b5f35cfb5f0516e5e5f896428abdcd,4c7b0d554a1103b7872deded4bccb4ea,0.6093,0.0,0.0
2e8ba4a2f665cc3ad88530fc739b1f9c,1cbf580d763d0eb5497ff2d6468e7668,0.6091,0.0,0.0
3343d19c0bc1759a66023cbc86c92592,6148c6e49d72c0f24a187a979ba7a5aa,-0.6091,0.0,0.0
ce264b1fd05f8dfc0dd2941a2b170a3a,6e21064675bd1626771d39886cc9d88b,0.609,0.0,0.0
a53b7a494838590a5600a018277e55ea,2e8ba4a2f665cc3ad88530fc739b1f9c,-0.6085,0.0,0.0
be9dcf562f0ab066c0b252d527a42d19,85b80813a3be5e162f462e085b709b85,-0.6084,0.0,0.0
35dbde30af820a2c3bcd85216229ad6a,ce264b1fd05f8dfc0dd2941a2b170a3a,-0.6084,0.0,0.0
ce264b1fd05f8dfc0dd2941a2b170a3a,765b69d9c4313cc8630769db523cc54c,-0.6082,0.0,0.0
9feda0d620fa50b57ce3f848e1b48975,66575db7635d648549a9eb5a4eafb710,-0.6082,0.0,0.0
3e7c933c821c9f18e53e1dda439951cf,6aa300d5323cbf75dc53cec3e6acb87c,-0.608,0.0,0.0
430c875622713c0d7662add2d8e7db60,1cbf580d763d0eb5497ff2d6468e7668,-0.6079,0.0,0.0
499a635c6e7dcd5c8ef518302aa50011,4c31c3e198534eab45b6d92b61f75b10,0.6079,0.0,0.0
47515cfa358287ae00ead27b78b2285b,af9554a6cc07a34c1cb6004e3dbb865a,0.6079,0.0,0.0
ec92f6331d8ecb50e3f0dee8fbf3bcb0,dc9b83b9dbf521d0d0b0e1576e44d06a,0.6078,0.0,0.0
ec92f6331d8ecb50e3f0dee8fbf3bcb0,d801b2110a503327da848c95357ca4a5,0.6077,0.0,0.0
daac17ca54538cbc9aada8497262da96,f2fbdc2b912ea775653691981335232f,0.6076,0.0,0.0
35dbde30af820a2c3bcd85216229ad6a,5c331188779be5bb65a2e80544aa8dea,-0.6075,0.0,0.0
e1c573f885ed4c9191a32116f583d78a,765b69d9c4313cc8630769db523cc54c,0.6074,0.0,0.0
5c331188779be5bb65a2e80544aa8dea,be9dcf562f0ab066c0b252d527a42d19,-0.6071,0.0,0.0
af9554a6cc07a34c1cb6004e3dbb865a,c7553191e309cfc2e28aea2507e7afdf,0.6069,0.0,0.0
179e72f0ecdfeb920df685432f3f2d1a,817555c3b5d93664c38e8fbec64eba2e,-0.6066,0.0,0.0
dd07e924156039f8e953d5ea58ab5023,3e524f0bf09623c8530930bb8b27045c,0.6066,0.0,0.0
a402fc6f0fd057decbe746f48bf12862,0f312394fc32d16cfdca183b11aad4ad,-0.6066,0.0,0.0
f3c13bc899928e8043766ca73a046487,8a1c973b6094cbd560f363581ce1beba,-0.6064,0.0,0.0
19083703874fec5c0e976f6ca4fa6bc9,c4118088ab2644671a1d9d540c060b19,-0.6062,0.0,0.0
e1c573f885ed4c9191a32116f583d78a,5c331188779be5bb65a2e80544aa8dea,-0.606,0.0,0.0
f876e4d5cbaa6ac5f3c225bcaf146791,945e47119242497c2e0bc5b3c6b6ba8e,0.606,0.0,0.0
28b5f35cfb5f0516e5e5f896428abdcd,d801b2110a503327da848c95357ca4a5,0.6058,0.0,0.0
47515cfa358287ae00ead27b78b2285b,8b2843ccdbc3d39c6d758b7f91388341,0.6056,0.0,0.0
a402fc6f0fd057decbe746f48bf12862,85b80813a3be5e162f462e085b709b85,0.6055,0.0,0.0
702860fda44c0d44ddacb5bd79fd5d24,deb262fd92af4fdcd3b6240303048b2a,-0.6055,0.0,0.0
93fadef301b62aa732e42bf1142b3afa,b5b93f7fc3d0a88dff0ced83eb0bb5ab,0.6051,0.0,0.0
f2fbdc2b912ea775653691981335232f,5c331188779be5bb65a2e80544aa8dea,0.605,0.0,0.0
7a7c96429cd038c333985399c9eb963c,e1c573f885ed4c9191a32116f583d78a,0.605,0.0,0.0
dd07e924156039f8e953d5ea58ab5023,8a4c692c01077fa5a93913725097b3bc,0.605,0.0,0.0
894d5f2608f2a0e9e3bf2499f1cc6130,5c331188779be5bb65a2e80544aa8dea,0.6045,0.0,0.0
916d15ab17794198ea4c5ad1e3fb6258,8b2843ccdbc3d39c6d758b7f91388341,0.604,0.0,0.0
28b5f35cfb5f0516e5e5f896428abdcd,7a7c96429cd038c333985399c9eb963c,0.604,0.0,0.0
4bea53b2aad77f2569a0182f6b84255e,f42aeaf1c13130f1fdfc8bafa43ded29,0.6039,0.0,0.0
cd991e2f230049eb76c8e3b3fcece79f,e1c573f885ed4c9191a32116f583d78a,0.6036,0.0,0.0
4f3989d95e7611bb6b5307454d75d3ce,daac17ca54538cbc9aada8497262da96,0.6035,0.0,0.0
a53b7a494838590a5600a018277e55ea,abaecd8b82d14efc7ccc4dcb7f864cba,0.6034,0.0,0.0
af9554a6cc07a34c1cb6004e3dbb865a,df20ccfbfc0741ee313d9e9433dbac01,0.6033,0.0,0.0
534d7b1bce2cf035866320576094f81e,19463e5fe824700110e4a4ec8afe0512,0.6032,0.0,0.0
7a7c96429cd038c333985399c9eb963c,06246fa4c1b00ea76b5539442f32c012,0.6032,0.0,0.0
f876e4d5cbaa6ac5f3c225bcaf146791,405dff4269ebcff0dbc2d5c0c63a1ee3,-0.603,0.0,0.0
2e8ba4a2f665cc3ad88530fc739b1f9c,99a197229849c15140fc329cff0ccb90,0.603,0.0,0.0
f2fbdc2b912ea775653691981335232f,df20ccfbfc0741ee313d9e9433dbac01,0.603,0.0,0.0
e1c573f885ed4c9191a32116f583d78a,f2fbdc2b912ea775653691981335232f,-0.6029,0.0,0.0
93fadef301b62aa732e42bf1142b3afa,25c54c57b4a4283237b33fdae82003c0,-0.6029,0.0,0.0
bb617d32673d5f60d6216a07ad7a42bc,f3c13bc899928e8043766ca73a046487,0.6028,0.0,0.0
0709277372b3816e3986842fb10c8e96,9b6a7459b2c92cee0abfc36d503488b7,-0.6028,0.0,0.0
0112df9b91ee10ca73426db0de32571b,1cbf580d763d0eb5497ff2d6468e7668,0.6025,0.0,0.0
d98dabbea4fe10de13ec5310782324e8,894d5f2608f2a0e9e3bf2499f1cc6130,0.6021,0.0,0.0
09383f3babfd32418e7ba07634680e12,6322c84c5ee6585bf9973a931d8f279d,-0.602,0.0,0.0
c55a8101fb6c187736f0af61f720cb92,efbade8cc54695abfc5c07f21eecb6e7,-0.6019,0.0,0.0
35dbde30af820a2c3bcd85216229ad6a,0f4c04cefd226f6854ad0fbc2a2de226,0.6018,0.0,0.0
cd991e2f230049eb76c8e3b3fcece79f,945e47119242497c2e0bc5b3c6b6ba8e,-0.6018,0.0,0.0
0c488eee4c6d02abb4e34df3ec16a09b,a43c475502b54cdee1385dcca3109bfe,0.6017,0.0,0.0
09383f3babfd32418e7ba07634680e12,f42aeaf1c13130f1fdfc8bafa43ded29,0.6016,0.0,0.0
0f4c04cefd226f6854ad0fbc2a2de226,2e8ba4a2f665cc3ad88530fc739b1f9c,-0.6015,0.0,0.0
85b80813a3be5e162f462e085b709b85,6e21064675bd1626771d39886cc9d88b,0.6014,0.0,0.0
47515cfa358287ae00ead27b78b2285b,99a197229849c15140fc329cff0ccb90,0.6014,0.0,0.0
2e8ba4a2f665cc3ad88530fc739b1f9c,4c7b0d554a1103b7872deded4bccb4ea,-0.6014,0.0,0.0
a402fc6f0fd057decbe746f48bf12862,cd991e2f230049eb76c8e3b3fcece79f,-0.6013,0.0,0.0
d23e07dc0f848e8921532df36254ce29,09383f3babfd32418e7ba07634680e12,0.6011,0.0,0.0
ce264b1fd05f8dfc0dd2941a2b170a3a,85b80813a3be5e162f462e085b709b85,0.601,0.0,0.0
35dbde30af820a2c3bcd85216229ad6a,e29f9ab1342fe7d53d4f1e2d03bb5969,0.6007,0.0,0.0
b64cf0e9dea8cef6b9500b364c179b98,c4118088ab2644671a1d9d540c060b19,-0.6005,0.0,0.0
5631fe818e588992529f6071afc9cda5,5837405da6036e7481240160de143774,-0.6003,0.0,0.0
cd991e2f230049eb76c8e3b3fcece79f,19083703874fec5c0e976f6ca4fa6bc9,0.6003,0.0,0.0
a82691ab5fd4e8d3d3b23b7958c8e764,c4118088ab2644671a1d9d540c060b19,-0.6003,0.0,0.0
d23e07dc0f848e8921532df36254ce29,85b80813a3be5e162f462e085b709b85,-0.6003,0.0,0.0
f2fbdc2b912ea775653691981335232f,25c54c57b4a4283237b33fdae82003c0,-0.6002,0.0,0.0
f876e4d5cbaa6ac5f3c225bcaf146791,df20ccfbfc0741ee313d9e9433dbac01,0.6002,0.0,0.0
894d5f2608f2a0e9e3bf2499f1cc6130,2e8ba4a2f665cc3ad88530fc739b1f9c,0.6001,0.0,0.0
7281c911136ba2bdcafebb9c71729dea,df20ccfbfc0741ee313d9e9433dbac01,0.6,0.0,0.0
8a4c692c01077fa5a93913725097b3bc,7b43b24e8c817bba9f0008696985ae06,-0.6,0.0,0.0
cd05a4b1cda569ae366c6980823f4c72,d801b2110a503327da848c95357ca4a5,0.5998,0.0,0.0
e1c573f885ed4c9191a32116f583d78a,a039c1ac15b3f4bc5cf1db8a5f1cc0fd,0.5997,0.0,0.0
f2fbdc2b912ea775653691981335232f,a039c1ac15b3f4bc5cf1db8a5f1cc0fd,-0.5995,0.0,0.0
c4118088ab2644671a1d9d540c060b19,4c7b0d554a1103b7872deded4bccb4ea,-0.5994,0.0,0.0
916d15ab17794198ea4c5ad1e3fb6258,a039c1ac15b3f4bc5cf1db8a5f1cc0fd,-0.599,0.0,0.0
7b43b24e8c817bba9f0008696985ae06,06246fa4c1b00ea76b5539442f32c012,0.5989,0.0,0.0
7281c911136ba2bdcafebb9c71729dea,ce264b1fd05f8dfc0dd2941a2b170a3a,0.5989,0.0,0.0
213ec0ef843de45b3db9302876229bed,7a7c96429cd038c333985399c9eb963c,0.5986,0.0,0.0
a402fc6f0fd057decbe746f48bf12862,4f3989d95e7611bb6b5307454d75d3ce,0.5986,0.0,0.0
35dbde30af820a2c3bcd85216229ad6a,aa20c972229ba580ad2044118ab67181,0.5985,0.0,0.0
3e7c933c821c9f18e53e1dda439951cf,ce264b1fd05f8dfc0dd2941a2b170a3a,0.5985,0.0,0.0
f2fbdc2b912ea775653691981335232f,ce264b1fd05f8dfc0dd2941a2b170a3a,0.5985,0.0,0.0
35dbde30af820a2c3bcd85216229ad6a,2e8ba4a2f665cc3ad88530fc739b1f9c,-0.5984,0.0,0.0
534d7b1bce2cf035866320576094f81e,179e72f0ecdfeb920df685432f3f2d1a,-0.5981,0.0,0.0
e6485d233ed2b8b9a2f3f50f0747b9d2,a82691ab5fd4e8d3d3b23b7958c8e764,-0.5979,0.0,0.0
4f3989d95e7611bb6b5307454d75d3ce,94c501c5d59dddbd80effa77dbceebe0,0.5979,0.0,0.0
ee14afe4571845779465f8dc9646c7b4,f3c13bc899928e8043766ca73a046487,0.5979,0.0,0.0
702860fda44c0d44ddacb5bd79fd5d24,d23e07dc0f848e8921532df36254ce29,-0.5979,0.0,0.0
4f3989d95e7611bb6b5307454d75d3ce,af9554a6cc07a34c1cb6004e3dbb865a,0.5973,0.0,0.0
9b6a7459b2c92cee0abfc36d503488b7,a82691ab5fd4e8d3d3b23b7958c8e764,0.5971,0.0,0.0
93fadef301b62aa732e42bf1142b3afa,de329304e57f0e32da3a08e64625a2e1,-0.5969,0.0,0.0
9feda0d620fa50b57ce3f848e1b48975,df20ccfbfc0741ee313d9e9433dbac01,-0.5967,0.0,0.0
daac17ca54538cbc9aada8497262da96,c4118088ab2644671a1d9d540c060b19,0.5966,0.0,0.0
3e7c933c821c9f18e53e1dda439951cf,472fdc0687378563f0c9da6da7638e1a,-0.5965,0.0,0.0
a49becf5a5dbcb201f091757c62fc6bb,1f4fb4bfdca6c9d13106ed533362a62e,-0.5962,0.0,0.0
df20ccfbfc0741ee313d9e9433dbac01,4835c874610f20a02421b283dbe2f2b6,0.596,0.0,0.0
5631fe818e588992529f6071afc9cda5,6aa300d5323cbf75dc53cec3e6acb87c,0.5959,0.0,0.0
8466f2635d9fbf9c51a04877474f3d09,5631fe818e588992529f6071afc9cda5,0.5959,0.0,0.0
cd991e2f230049eb76c8e3b3fcece79f,5837405da6036e7481240160de143774,-0.5955,0.0,0.0
2b7dca9f823dab555a368d87f194804f,42bdb37eaf4585993d2dadc410341bfc,0.5953,0.0,0.0
f898c7a8c566d0beb46d5448dde2387c,1f4fb4bfdca6c9d13106ed533362a62e,0.5949,0.0,0.0
66575db7635d648549a9eb5a4eafb710,87ec65202e592d81d47b66d1484732df,-0.5948,0.0,0.0
87ec65202e592d81d47b66d1484732df,6aa300d5323cbf75dc53cec3e6acb87c,0.5948,0.0,0.0
a53b7a494838590a5600a018277e55ea,817555c3b5d93664c38e8fbec64eba2e,-0.5942,0.0,0.0
ec92f6331d8ecb50e3f0dee8fbf3bcb0,fde5fbd4507f68a2eabc92fb449d9965,-0.5941,0.0,0.0
6148c6e49d72c0f24a187a979ba7a5aa,aa9c5ae2ec6da55f30edd92e3de37eff,0.5939,0.0,0.0
df20ccfbfc0741ee313d9e9433dbac01,1cbf580d763d0eb5497ff2d6468e7668,0.5937,0.0,0.0
8a4c692c01077fa5a93913725097b3bc,3e524f0bf09623c8530930bb8b27045c,0.5937,0.0,0.0
47515cfa358287ae00ead27b78b2285b,85b80813a3be5e162f462e085b709b85,0.5936,0.0,0.0
8466f2635d9fbf9c51a04877474f3d09,a19152d55f42fc72a3a0f985d2615aab,0.5934,0.0,0.0
85b80813a3be5e162f462e085b709b85,4c7b0d554a1103b7872deded4bccb4ea,-0.5933,0.0,0.0
a402fc6f0fd057decbe746f48bf12862,06246fa4c1b00ea76b5539442f32c012,-0.5932,0.0,0.0
8a4c692c01077fa5a93913725097b3bc,213ec0ef843de45b3db9302876229bed,-0.593,0.0,0.0
f2fbdc2b912ea775653691981335232f,1cbf580d763d0eb5497ff2d6468e7668,0.5929,0.0,0.0
e6485d233ed2b8b9a2f3f50f0747b9d2,be9dcf562f0ab066c0b252d527a42d19,-0.5927,0.0,0.0
945e47119242497c2e0bc5b3c6b6ba8e,df20ccfbfc0741ee313d9e9433dbac01,0.5923,0.0,0.0
4adbf4beb8d2b17f63b543e4d9aa39b6,7b43b24e8c817bba9f0008696985ae06,-0.5922,0.0,0.0
af9554a6cc07a34c1cb6004e3dbb865a,c571cb007a7d9e2dfc56e8c0b4e24104,-0.592,0.0,0.0
7f78afb7e1d45cd528fe9cd909c93fb5,d23e07dc0f848e8921532df36254ce29,0.5918,0.0,0.0
0709277372b3816e3986842fb10c8e96,47bb78bbb9b7eab1a487de7f1521ddd6,0.5916,0.0,0.0
f2fbdc2b912ea775653691981335232f,4835c874610f20a02421b283dbe2f2b6,0.5915,0.0,0.0
0709277372b3816e3986842fb10c8e96,b6e342d9f4e409f24eea3859aa76e82a,0.5914,0.0,0.0
b64cf0e9dea8cef6b9500b364c179b98,41f01f3e3cbf6beb908ae1ebb553208e,0.5909,0.0,0.0
0f4c04cefd226f6854ad0fbc2a2de226,85b80813a3be5e162f462e085b709b85,-0.5908,0.0,0.0
93fadef301b62aa732e42bf1142b3afa,5631fe818e588992529f6071afc9cda5,-0.5906,0.0,0.0
a19152d55f42fc72a3a0f985d2615aab,dc9b83b9dbf521d0d0b0e1576e44d06a,0.5905,0.0,0.0
3343d19c0bc1759a66023cbc86c92592,ee14afe4571845779465f8dc9646c7b4,-0.5904,0.0,0.0
4b50be28c2cc7c6a4dbc6300155c5218,212e304679f170a464d2616b3f94a250,0.5904,0.0,0.0
e1c573f885ed4c9191a32116f583d78a,7b43b24e8c817bba9f0008696985ae06,0.5903,0.0,0.0
f42aeaf1c13130f1fdfc8bafa43ded29,47bb78bbb9b7eab1a487de7f1521ddd6,-0.5903,0.0,0.0
e6485d233ed2b8b9a2f3f50f0747b9d2,0c488eee4c6d02abb4e34df3ec16a09b,-0.59,0.0,0.0
ce264b1fd05f8dfc0dd2941a2b170a3a,a039c1ac15b3f4bc5cf1db8a5f1cc0fd,-0.5899,0.0,0.0
ce264b1fd05f8dfc0dd2941a2b170a3a,945e47119242497c2e0bc5b3c6b6ba8e,0.5898,0.0,0.0
19463e5fe824700110e4a4ec8afe0512,cd05a4b1cda569ae366c6980823f4c72,-0.5898,0.0,0.0
d98dabbea4fe10de13ec5310782324e8,d23e07dc0f848e8921532df36254ce29,-0.5897,0.0,0.0
894d5f2608f2a0e9e3bf2499f1cc6130,deb262fd92af4fdcd3b6240303048b2a,-0.5897,0.0,0.0
93fadef301b62aa732e42bf1142b3afa,817555c3b5d93664c38e8fbec64eba2e,0.5896,0.0,0.0
e6485d233ed2b8b9a2f3f50f0747b9d2,179e72f0ecdfeb920df685432f3f2d1a,-0.5896,0.0,0.0
dc9b83b9dbf521d0d0b0e1576e44d06a,4835c874610f20a02421b283dbe2f2b6,-0.5893,0.0,0.0
f2fbdc2b912ea775653691981335232f,85b80813a3be5e162f462e085b709b85,0.5891,0.0,0.0
5cb2b4186e2e95521540e2ccbafcb4c9,dd07e924156039f8e953d5ea58ab5023,-0.589,0.0,0.0
d02e8e093df5064814273f652473189e,de329304e57f0e32da3a08e64625a2e1,0.5888,0.0,0.0
f42aeaf1c13130f1fdfc8bafa43ded29,ce264b1fd05f8dfc0dd2941a2b170a3a,-0.5886,0.0,0.0
ee14afe4571845779465f8dc9646c7b4,aa9c5ae2ec6da55f30edd92e3de37eff,0.5886,0.0,0.0
702860fda44c0d44ddacb5bd79fd5d24,894d5f2608f2a0e9e3bf2499f1cc6130,0.5882,0.0,0.0
916d15ab17794198ea4c5ad1e3fb6258,daac17ca54538cbc9aada8497262da96,0.5878,0.0,0.0
3343d19c0bc1759a66023cbc86c92592,9418ffbc4dee96cca486adf8b5f5493d,-0.5877,0.0,0.0
702860fda44c0d44ddacb5bd79fd5d24,1cbf580d763d0eb5497ff2d6468e7668,0.5876,0.0,0.0
8466f2635d9fbf9c51a04877474f3d09,d801b2110a503327da848c95357ca4a5,0.5875,0.0,0.0
4bea53b2aad77f2569a0182f6b84255e,3e524f0bf09623c8530930bb8b27045c,-0.5875,0.0,0.0
ee14afe4571845779465f8dc9646c7b4,f61f4c9b8258738ad3ee7663e43e7907,0.5872,0.0,0.0
4b50be28c2cc7c6a4dbc6300155c5218,e1c573f885ed4c9191a32116f583d78a,0.587,0.0,0.0
b6e342d9f4e409f24eea3859aa76e82a,472fdc0687378563f0c9da6da7638e1a,-0.5868,0.0,0.0
85b80813a3be5e162f462e085b709b85,47bb78bbb9b7eab1a487de7f1521ddd6,0.5868,0.0,0.0
19083703874fec5c0e976f6ca4fa6bc9,2e8ba4a2f665cc3ad88530fc739b1f9c,-0.5867,0.0,0.0
0f4c04cefd226f6854ad0fbc2a2de226,5c331188779be5bb65a2e80544aa8dea,-0.5865,0.0,0.0
dd07e924156039f8e953d5ea58ab5023,94c501c5d59dddbd80effa77dbceebe0,0.5861,0.0,0.0
0fec351445f84bd482075ceda6123f46,c4118088ab2644671a1d9d540c060b19,0.5857,0.0,0.0
8a4c692c01077fa5a93913725097b3bc,9feda0d620fa50b57ce3f848e1b48975,-0.5855,0.0,0.0
28b5f35cfb5f0516e5e5f896428abdcd,cd991e2f230049eb76c8e3b3fcece79f,0.5854,0.0,0.0
dd07e924156039f8e953d5ea58ab5023,5c331188779be5bb65a2e80544aa8dea,0.5852,0.0,0.0
2b7dca9f823dab555a368d87f194804f,b4eac52cfa36ce63f24be2fc530ad204,0.5851,0.0,0.0
430c875622713c0d7662add2d8e7db60,d98dabbea4fe10de13ec5310782324e8,-0.585,0.0,0.0
f42aeaf1c13130f1fdfc8bafa43ded29,cd991e2f230049eb76c8e3b3fcece79f,0.5846,0.0,0.0
0ef7e12e6eb35a8fd9fac7badac0c381,f847d5bbe9c5a3555db3988cfa1b838f,-0.5845,0.0,0.0
daac17ca54538cbc9aada8497262da96,a039c1ac15b3f4bc5cf1db8a5f1cc0fd,-0.5844,0.0,0.0
f42aeaf1c13130f1fdfc8bafa43ded29,a53b7a494838590a5600a018277e55ea,0.5844,0.0,0.0
702860fda44c0d44ddacb5bd79fd5d24,a82691ab5fd4e8d3d3b23b7958c8e764,-0.5842,0.0,0.0
af9554a6cc07a34c1cb6004e3dbb865a,916d15ab17794198ea4c5ad1e3fb6258,0.584,0.0,0.0
0709277372b3816e3986842fb10c8e96,ef48b24d461ead26b22d8e442656ccc0,-0.584,0.0,0.0
8b2843ccdbc3d39c6d758b7f91388341,da47a34fd036b068ca0c5eaf185e2082,-0.584,0.0,0.0
d98dabbea4fe10de13ec5310782324e8,25c54c57b4a4283237b33fdae82003c0,-0.5834,0.0,0.0
b757c414a3bc227758c09624ca177986,6e21064675bd1626771d39886cc9d88b,-0.5832,0.0,0.0
d3cf08daefed96f494257ceff63a6cf8,aa9c5ae2ec6da55f30edd92e3de37eff,-0.5831,0.0,0.0
efbade8cc54695abfc5c07f21eecb6e7,06246fa4c1b00ea76b5539442f32c012,0.5827,0.0,0.0
702860fda44c0d44ddacb5bd79fd5d24,1d33e98c9d94c262ab0d8b56d0936eb4,0.5826,0.0,0.0
2c452b25c7f3c62be462d8f47ed179e3,f3c13bc899928e8043766ca73a046487,-0.5826,0.0,0.0
93fadef301b62aa732e42bf1142b3afa,df20ccfbfc0741ee313d9e9433dbac01,0.5824,0.0,0.0
894d5f2608f2a0e9e3bf2499f1cc6130,f2fbdc2b912ea775653691981335232f,0.5824,0.0,0.0
83adaf3a09d08c93f2abea6a4c815592,8d422552eb2392c7c2d4743727d1ff33,0.5822,0.0,0.0
93fadef301b62aa732e42bf1142b3afa,d98dabbea4fe10de13ec5310782324e8,0.5821,0.0,0.0
0fec351445f84bd482075ceda6123f46,61d14f45268668061628d7a7990641b2,-0.5819,0.0,0.0
af9554a6cc07a34c1cb6004e3dbb865a,a43c475502b54cdee1385dcca3109bfe,-0.5817,0.0,0.0
19463e5fe824700110e4a4ec8afe0512,93fadef301b62aa732e42bf1142b3afa,0.5816,0.0,0.0
aca43babf06d3410ce71cad5778ff102,61d14f45268668061628d7a7990641b2,-0.5816,0.0,0.0
3e7c933c821c9f18e53e1dda439951cf,4835c874610f20a02421b283dbe2f2b6,0.5815,0.0,0.0
430c875622713c0d7662add2d8e7db60,8b2843ccdbc3d39c6d758b7f91388341,-0.5813,0.0,0.0
d98dabbea4fe10de13ec5310782324e8,0ef7e12e6eb35a8fd9fac7badac0c381,0.5812,0.0,0.0
702860fda44c0d44ddacb5bd79fd5d24,e79a45f432d0ccc86adbf9bbe7cef2a7,0.5812,0.0,0.0
e1c573f885ed4c9191a32116f583d78a,c7553191e309cfc2e28aea2507e7afdf,-0.581,0.0,0.0
213ec0ef843de45b3db9302876229bed,6e21064675bd1626771d39886cc9d88b,-0.581,0.0,0.0
47515cfa358287ae00ead27b78b2285b,dd07e924156039f8e953d5ea58ab5023,0.581,0.0,0.0
cd991e2f230049eb76c8e3b3fcece79f,85b80813a3be5e162f462e085b709b85,-0.5809,0.0,0.0
daac17ca54538cbc9aada8497262da96,dc9b83b9dbf521d0d0b0e1576e44d06a,-0.5808,0.0,0.0
f2fbdc2b912ea775653691981335232f,206069e5a5041e6c7f39a4141aefdc19,0.5804,0.0,0.0
4c31c3e198534eab45b6d92b61f75b10,99a197229849c15140fc329cff0ccb90,-0.5803,0.0,0.0
5cb2b4186e2e95521540e2ccbafcb4c9,f847d5bbe9c5a3555db3988cfa1b838f,0.58,0.0,0.0
cd05a4b1cda569ae366c6980823f4c72,5631fe818e588992529f6071afc9cda5,0.5799,0.0,0.0
aa20c972229ba580ad2044118ab67181,6aa300d5323cbf75dc53cec3e6acb87c,0.5797,0.0,0.0
3e524f0bf09623c8530930bb8b27045c,5c331188779be5bb65a2e80544aa8dea,0.579,0.0,0.0
8466f2635d9fbf9c51a04877474f3d09,25c54c57b4a4283237b33fdae82003c0,0.579,0.0,0.0
8466f2635d9fbf9c51a04877474f3d09,212e304679f170a464d2616b3f94a250,0.5789,0.0,0.0
deb262fd92af4fdcd3b6240303048b2a,1cbf580d763d0eb5497ff2d6468e7668,-0.5788,0.0,0.0
0709277372b3816e3986842fb10c8e96,d863bc6a2fa6a8a93787e45a6abe3304,-0.5784,0.0,0.0
4b50be28c2cc7c6a4dbc6300155c5218,0c488eee4c6d02abb4e34df3ec16a09b,0.578,0.0,0.0
7281c911136ba2bdcafebb9c71729dea,cae75e1117d316c3a8f12909f766135b,0.5779,0.0,0.0
4bea53b2aad77f2569a0182f6b84255e,6148c6e49d72c0f24a187a979ba7a5aa,0.5776,0.0,0.0
21ceeb224e15175f0c85797abce40d0a,acfe0924c0f9c6ca3720854b5b458d54,0.5773,0.0,0.0
a061d8883eca2028db1d268500722130,0ef7e12e6eb35a8fd9fac7badac0c381,0.5769,0.0,0.0
499a635c6e7dcd5c8ef518302aa50011,a19152d55f42fc72a3a0f985d2615aab,0.5767,0.0,0.0
ef7c28bb28866912b76003ee110bdf6b,945e47119242497c2e0bc5b3c6b6ba8e,0.5767,0.0,0.0
f3c13bc899928e8043766ca73a046487,779e393e6ff91129f826c691a0d16db3,0.5766,0.0,0.0
d98dabbea4fe10de13ec5310782324e8,3e7c933c821c9f18e53e1dda439951cf,0.5759,0.0,0.0
fde5fbd4507f68a2eabc92fb449d9965,9418ffbc4dee96cca486adf8b5f5493d,0.5756,0.0,0.0
0fec351445f84bd482075ceda6123f46,be9dcf562f0ab066c0b252d527a42d19,-0.5756,0.0,0.0
916d15ab17794198ea4c5ad1e3fb6258,deb262fd92af4fdcd3b6240303048b2a,-0.5755,0.0,0.0
92f305372628ccbd74b7b28b933d306b,6aa300d5323cbf75dc53cec3e6acb87c,-0.5754,0.0,0.0
8a4c692c01077fa5a93913725097b3bc,0ef7e12e6eb35a8fd9fac7badac0c381,0.5752,0.0,0.0
daac17ca54538cbc9aada8497262da96,aa20c972229ba580ad2044118ab67181,-0.5749,0.0,0.0
916d15ab17794198ea4c5ad1e3fb6258,ce264b1fd05f8dfc0dd2941a2b170a3a,0.5743,0.0,0.0
a82691ab5fd4e8d3d3b23b7958c8e764,817555c3b5d93664c38e8fbec64eba2e,-0.5741,0.0,0.0
c4118088ab2644671a1d9d540c060b19,85b80813a3be5e162f462e085b709b85,0.5741,0.0,0.0
e6485d233ed2b8b9a2f3f50f0747b9d2,8466f2635d9fbf9c51a04877474f3d09,-0.5741,0.0,0.0
945e47119242497c2e0bc5b3c6b6ba8e,b6e342d9f4e409f24eea3859aa76e82a,0.5738,0.0,0.0
ec92f6331d8ecb50e3f0dee8fbf3bcb0,b4eac52cfa36ce63f24be2fc530ad204,-0.5737,0.0,0.0
2b7dca9f823dab555a368d87f194804f,06246fa4c1b00ea76b5539442f32c012,-0.5732,0.0,0.0
0112df9b91ee10ca73426db0de32571b,4c7b0d554a1103b7872deded4bccb4ea,-0.5731,0.0,0.0
c4118088ab2644671a1d9d540c060b19,b6e342d9f4e409f24eea3859aa76e82a,0.5731,0.0,0.0
efbade8cc54695abfc5c07f21eecb6e7,213ec0ef843de45b3db9302876229bed,0.5729,0.0,0.0
8ebc39e79a930b5db089420489c40543,8bc8eb4392eecf9f922bfb55df2c4144,-0.5727,0.0,0.0
37a9f9625f201b6e61c29ac09ec54683,61d14f45268668061628d7a7990641b2,-0.5727,0.0,0.0
702860fda44c0d44ddacb5bd79fd5d24,945e47119242497c2e0bc5b3c6b6ba8e,0.5723,0.0,0.0
3badde1c4760a921d723409ee05fead0,23a68909643e167f508a7baac78d7026,-0.5719,0.0,0.0
66575db7635d648549a9eb5a4eafb710,945e47119242497c2e0bc5b3c6b6ba8e,0.5717,0.0,0.0
4f3989d95e7611bb6b5307454d75d3ce,5631fe818e588992529f6071afc9cda5,-0.5717,0.0,0.0
b4eac52cfa36ce63f24be2fc530ad204,1ad05a58bf23396d80f11695ad750b75,-0.5717,0.0,0.0
06246fa4c1b00ea76b5539442f32c012,d02e8e093df5064814273f652473189e,0.5716,0.0,0.0
ec92f6331d8ecb50e3f0dee8fbf3bcb0,0f312394fc32d16cfdca183b11aad4ad,0.5716,0.0,0.0
430c875622713c0d7662add2d8e7db60,87ec65202e592d81d47b66d1484732df,0.5715,0.0,0.0
d23e07dc0f848e8921532df36254ce29,2e8ba4a2f665cc3ad88530fc739b1f9c,-0.5714,0.0,0.0
e79a45f432d0ccc86adbf9bbe7cef2a7,ef48b24d461ead26b22d8e442656ccc0,-0.5713,0.0,0.0
8a4c692c01077fa5a93913725097b3bc,94c501c5d59dddbd80effa77dbceebe0,0.5711,0.0,0.0
28b5f35cfb5f0516e5e5f896428abdcd,8466f2635d9fbf9c51a04877474f3d09,0.571,0.0,0.0
85b80813a3be5e162f462e085b709b85,1cbf580d763d0eb5497ff2d6468e7668,0.5709,0.0,0.0
7281c911136ba2bdcafebb9c71729dea,b5b93f7fc3d0a88dff0ced83eb0bb5ab,0.5707,0.0,0.0
d98dabbea4fe10de13ec5310782324e8,945e47119242497c2e0bc5b3c6b6ba8e,0.5706,0.0,0.0
ee14afe4571845779465f8dc9646c7b4,c2d746ce5aed150d6696eed8143ec2c7,0.5706,0.0,0.0
b5b93f7fc3d0a88dff0ced83eb0bb5ab,6e21064675bd1626771d39886cc9d88b,0.5706,0.0,0.0
0c488eee4c6d02abb4e34df3ec16a09b,7f1023e871bcd3a4f7ac96f3a40c9a8d,0.5703,0.0,0.0
2c452b25c7f3c62be462d8f47ed179e3,212e304679f170a464d2616b3f94a250,0.5702,0.0,0.0
ce264b1fd05f8dfc0dd2941a2b170a3a,4c7b0d554a1103b7872deded4bccb4ea,-0.57,0.0,0.0
4adbf4beb8d2b17f63b543e4d9aa39b6,6aa300d5323cbf75dc53cec3e6acb87c,-0.57,0.0,0.0
8d422552eb2392c7c2d4743727d1ff33,0f312394fc32d16cfdca183b11aad4ad,0.5697,0.0,0.0
b5a22689fdda6393715cd10a326927d3,f876e4d5cbaa6ac5f3c225bcaf146791,-0.5697,0.0,0.0
aca43babf06d3410ce71cad5778ff102,765b69d9c4313cc8630769db523cc54c,-0.5696,0.0,0.0
213ec0ef843de45b3db9302876229bed,d801b2110a503327da848c95357ca4a5,0.5695,0.0,0.0
d3cf08daefed96f494257ceff63a6cf8,db5aaacffe4ca31116f5b0e292074588,0.5694,0.0,0.0
63f37ee4b481fccdffca10160ed5b944,9418ffbc4dee96cca486adf8b5f5493d,-0.5694,0.0,0.0
7281c911136ba2bdcafebb9c71729dea,aa20c972229ba580ad2044118ab67181,-0.5693,0.0,0.0
7281c911136ba2bdcafebb9c71729dea,deb262fd92af4fdcd3b6240303048b2a,-0.5691,0.0,0.0
a82691ab5fd4e8d3d3b23b7958c8e764,ce264b1fd05f8dfc0dd2941a2b170a3a,-0.5689,0.0,0.0
19463e5fe824700110e4a4ec8afe0512,7f1023e871bcd3a4f7ac96f3a40c9a8d,-0.5686,0.0,0.0
d42912a22b570ab99938b745999ae2cc,4bea53b2aad77f2569a0182f6b84255e,0.5676,0.0,0.0
4b50be28c2cc7c6a4dbc6300155c5218,5837405da6036e7481240160de143774,-0.5675,0.0,0.0
0c488eee4c6d02abb4e34df3ec16a09b,7d537f12eaa3231c2c2b58b74901051c,0.5672,0.0,0.0
89dfaf0aa4a8af8e27a826ba8dd97044,aa9c5ae2ec6da55f30edd92e3de37eff,0.5672,0.0,0.0
1f4fb4bfdca6c9d13106ed533362a62e,75dd0ee2682cb0bf3146f334b0c41c93,0.5672,0.0,0.0
cd991e2f230049eb76c8e3b3fcece79f,0ef7e12e6eb35a8fd9fac7badac0c381,-0.5671,0.0,0.0
d42912a22b570ab99938b745999ae2cc,868a2dd217365ddd6d6ab64d48aeed4a,-0.5671,0.0,0.0
9feda0d620fa50b57ce3f848e1b48975,8b2843ccdbc3d39c6d758b7f91388341,-0.5667,0.0,0.0
93fadef301b62aa732e42bf1142b3afa,0112df9b91ee10ca73426db0de32571b,0.5666,0.0,0.0
a061d8883eca2028db1d268500722130,f816f5de71e4c19785cd5dfa8ee073db,-0.5663,0.0,0.0
5a6520a634bb27352c524ba237fd0d64,d693c275c376753e40770f95ba69a9f9,0.5662,0.0,0.0
e29f9ab1342fe7d53d4f1e2d03bb5969,c4118088ab2644671a1d9d540c060b19,-0.5661,0.0,0.0
5c331188779be5bb65a2e80544aa8dea,5837405da6036e7481240160de143774,0.5658,0.0,0.0
d98dabbea4fe10de13ec5310782324e8,f876e4d5cbaa6ac5f3c225bcaf146791,0.5654,0.0,0.0
cd991e2f230049eb76c8e3b3fcece79f,da47a34fd036b068ca0c5eaf185e2082,0.5654,0.0,0.0
4f3989d95e7611bb6b5307454d75d3ce,de329304e57f0e32da3a08e64625a2e1,-0.5654,0.0,0.0
8b2843ccdbc3d39c6d758b7f91388341,8a1c973b6094cbd560f363581ce1beba,0.5654,0.0,0.0
daac17ca54538cbc9aada8497262da96,b6e342d9f4e409f24eea3859aa76e82a,0.5653,0.0,0.0
3343d19c0bc1759a66023cbc86c92592,fde5fbd4507f68a2eabc92fb449d9965,-0.5653,0.0,0.0
a039c1ac15b3f4bc5cf1db8a5f1cc0fd,47bb78bbb9b7eab1a487de7f1521ddd6,-0.5652,0.0,0.0
cd05a4b1cda569ae366c6980823f4c72,7a7c96429cd038c333985399c9eb963c,0.5649,0.0,0.0
ec92f6331d8ecb50e3f0dee8fbf3bcb0,89dfaf0aa4a8af8e27a826ba8dd97044,-0.5648,0.0,0.0
c4118088ab2644671a1d9d540c060b19,817555c3b5d93664c38e8fbec64eba2e,0.5647,0.0,0.0
61bffb5ed48deb86adad74d3d45df340,be9dcf562f0ab066c0b252d527a42d19,0.5645,0.0,0.0
dd07e924156039f8e953d5ea58ab5023,f2fbdc2b912ea775653691981335232f,0.5641,0.0,0.0
aa20c972229ba580ad2044118ab67181,4c7b0d554a1103b7872deded4bccb4ea,0.5641,0.0,0.0
4f3989d95e7611bb6b5307454d75d3ce,61d14f45268668061628d7a7990641b2,-0.5639,0.0,0.0
5631fe818e588992529f6071afc9cda5,6e21064675bd1626771d39886cc9d88b,-0.5635,0.0,0.0
5c331188779be5bb65a2e80544aa8dea,f876e4d5cbaa6ac5f3c225bcaf146791,0.5631,0.0,0.0
deb262fd92af4fdcd3b6240303048b2a,f2fbdc2b912ea775653691981335232f,-0.5631,0.0,0.0
0709277372b3816e3986842fb10c8e96,0f4c04cefd226f6854ad0fbc2a2de226,-0.5627,0.0,0.0
dc9b83b9dbf521d0d0b0e1576e44d06a,d02e8e093df5064814273f652473189e,0.5626,0.0,0.0
0f4c04cefd226f6854ad0fbc2a2de226,894d5f2608f2a0e9e3bf2499f1cc6130,-0.5626,0.0,0.0
5631fe818e588992529f6071afc9cda5,69dee006368ff49af541d111152b40c6,0.5626,0.0,0.0
9b6a7459b2c92cee0abfc36d503488b7,894d5f2608f2a0e9e3bf2499f1cc6130,-0.5624,0.0,0.0
35dbde30af820a2c3bcd85216229ad6a,f2fbdc2b912ea775653691981335232f,-0.5623,0.0,0.0
a19152d55f42fc72a3a0f985d2615aab,69dee006368ff49af541d111152b40c6,0.5623,0.0,0.0
ee14afe4571845779465f8dc9646c7b4,779e393e6ff91129f826c691a0d16db3,0.562,0.0,0.0
f876e4d5cbaa6ac5f3c225bcaf146791,85b80813a3be5e162f462e085b709b85,0.5617,0.0,0.0
a6efdb52a04e05a2a1be52f5516784fa,a19152d55f42fc72a3a0f985d2615aab,0.5616,0.0,0.0
3e7c933c821c9f18e53e1dda439951cf,df20ccfbfc0741ee313d9e9433dbac01,0.5614,0.0,0.0
cd05a4b1cda569ae366c6980823f4c72,7b43b24e8c817bba9f0008696985ae06,0.5612,0.0,0.0
09383f3babfd32418e7ba07634680e12,8b2843ccdbc3d39c6d758b7f91388341,-0.5611,0.0,0.0
4bea53b2aad77f2569a0182f6b84255e,d23e07dc0f848e8921532df36254ce29,0.5607,0.0,0.0
213ec0ef843de45b3db9302876229bed,aa20c972229ba580ad2044118ab67181,0.5604,0.0,0.0
1ad05a58bf23396d80f11695ad750b75,5c331188779be5bb65a2e80544aa8dea,0.5602,0.0,0.0
d98dabbea4fe10de13ec5310782324e8,1d33e98c9d94c262ab0d8b56d0936eb4,0.5601,0.0,0.0
19463e5fe824700110e4a4ec8afe0512,cd991e2f230049eb76c8e3b3fcece79f,-0.5597,0.0,0.0
534d7b1bce2cf035866320576094f81e,213ec0ef843de45b3db9302876229bed,-0.5595,0.0,0.0
15c0fe41b25c6504b8dbe48ae72283d0,b6e342d9f4e409f24eea3859aa76e82a,0.5594,0.0,0.0
206069e5a5041e6c7f39a4141aefdc19,47bb78bbb9b7eab1a487de7f1521ddd6,0.5594,0.0,0.0
7b43b24e8c817bba9f0008696985ae06,7f1023e871bcd3a4f7ac96f3a40c9a8d,0.559,0.0,0.0
ec92f6331d8ecb50e3f0dee8fbf3bcb0,659d1fe872c9b31a9e0b81eef5ca6218,0.5589,0.0,0.0
8bc8eb4392eecf9f922bfb55df2c4144,405dff4269ebcff0dbc2d5c0c63a1ee3,0.5589,0.0,0.0
af9554a6cc07a34c1cb6004e3dbb865a,0112df9b91ee10ca73426db0de32571b,0.5587,0.0,0.0
66575db7635d648549a9eb5a4eafb710,75dd0ee2682cb0bf3146f334b0c41c93,-0.5586,0.0,0.0
35dbde30af820a2c3bcd85216229ad6a,d98dabbea4fe10de13ec5310782324e8,-0.5583,0.0,0.0
702860fda44c0d44ddacb5bd79fd5d24,8b2843ccdbc3d39c6d758b7f91388341,0.5583,0.0,0.0
09383f3babfd32418e7ba07634680e12,b0c74390aa5ac540757eb2256575019e,0.5583,0.0,0.0
7a7c96429cd038c333985399c9eb963c,212e304679f170a464d2616b3f94a250,0.5582,0.0,0.0
15c0fe41b25c6504b8dbe48ae72283d0,d801b2110a503327da848c95357ca4a5,-0.5579,0.0,0.0
aa20c972229ba580ad2044118ab67181,a43c475502b54cdee1385dcca3109bfe,0.5579,0.0,0.0
702860fda44c0d44ddacb5bd79fd5d24,99a197229849c15140fc329cff0ccb90,0.5578,0.0,0.0
8b2843ccdbc3d39c6d758b7f91388341,85b80813a3be5e162f462e085b709b85,0.5577,0.0,0.0
779e393e6ff91129f826c691a0d16db3,ce8d585abe69c46ac0fba61726d046c5,0.5576,0.0,0.0
8b2843ccdbc3d39c6d758b7f91388341,817555c3b5d93664c38e8fbec64eba2e,0.5575,0.0,0.0
1ad05a58bf23396d80f11695ad750b75,1f4fb4bfdca6c9d13106ed533362a62e,-0.5574,0.0,0.0
ff6f97ce50ea01298f8e58b53b97d489,8b2843ccdbc3d39c6d758b7f91388341,-0.5572,0.0,0.0
89dfaf0aa4a8af8e27a826ba8dd97044,779e393e6ff91129f826c691a0d16db3,0.557,0.0,0.0
0f4c04cefd226f6854ad0fbc2a2de226,aca43babf06d3410ce71cad5778ff102,-0.5561,0.0,0.0
da47a34fd036b068ca0c5eaf185e2082,47bb78bbb9b7eab1a487de7f1521ddd6,-0.5561,0.0,0.0
92f305372628ccbd74b7b28b933d306b,5a6520a634bb27352c524ba237fd0d64,0.5561,0.0,0.0
92f305372628ccbd74b7b28b933d306b,6de274487e1c875df3c574ec3fcd05d0,0.5559,0.0,0.0
0d1f62d4f2f7227766a17f0340567129,206069e5a5041e6c7f39a4141aefdc19,0.5559,0.0,0.0
c55a8101fb6c187736f0af61f720cb92,a19152d55f42fc72a3a0f985d2615aab,-0.5557,0.0,0.0
a5b2537343a26f4daf0379a8b46eb2ef,fde5fbd4507f68a2eabc92fb449d9965,-0.5555,0.0,0.0
c55a8101fb6c187736f0af61f720cb92,d801b2110a503327da848c95357ca4a5,-0.5552,0.0,0.0
19083703874fec5c0e976f6ca4fa6bc9,47bb78bbb9b7eab1a487de7f1521ddd6,-0.555,0.0,0.0
916d15ab17794198ea4c5ad1e3fb6258,f876e4d5cbaa6ac5f3c225bcaf146791,0.5549,0.0,0.0
92f305372628ccbd74b7b28b933d306b,15c0fe41b25c6504b8dbe48ae72283d0,0.5548,0.0,0.0
a53b7a494838590a5600a018277e55ea,85b80813a3be5e162f462e085b709b85,-0.5548,0.0,0.0
ec92f6331d8ecb50e3f0dee8fbf3bcb0,4b50be28c2cc7c6a4dbc6300155c5218,0.5547,0.0,0.0
47515cfa358287ae00ead27b78b2285b,d23e07dc0f848e8921532df36254ce29,-0.5547,0.0,0.0
499a635c6e7dcd5c8ef518302aa50011,47bb78bbb9b7eab1a487de7f1521ddd6,-0.5545,0.0,0.0
4b50be28c2cc7c6a4dbc6300155c5218,a49becf5a5dbcb201f091757c62fc6bb,0.5544,0.0,0.0
7281c911136ba2bdcafebb9c71729dea,4bea53b2aad77f2569a0182f6b84255e,-0.5541,0.0,0.0
0c488eee4c6d02abb4e34df3ec16a09b,1cbf580d763d0eb5497ff2d6468e7668,-0.5539,0.0,0.0
dc9b83b9dbf521d0d0b0e1576e44d06a,472fdc0687378563f0c9da6da7638e1a,0.5538,0.0,0.0
7f78afb7e1d45cd528fe9cd909c93fb5,387fd7acb95a1f0053edacb08ca9384d,-0.5536,0.0,0.0
ef48b24d461ead26b22d8e442656ccc0,61d14f45268668061628d7a7990641b2,0.5535,0.0,0.0
0112df9b91ee10ca73426db0de32571b,472fdc0687378563f0c9da6da7638e1a,-0.5533,0.0,0.0
f2fbdc2b912ea775653691981335232f,6aa300d5323cbf75dc53cec3e6acb87c,-0.5531,0.0,0.0
2b7dca9f823dab555a368d87f194804f,c2d746ce5aed150d6696eed8143ec2c7,0.553,0.0,0.0
b5b93f7fc3d0a88dff0ced83eb0bb5ab,25c54c57b4a4283237b33fdae82003c0,-0.5529,0.0,0.0
5c331188779be5bb65a2e80544aa8dea,df20ccfbfc0741ee313d9e9433dbac01,0.5525,0.0,0.0
93fadef301b62aa732e42bf1142b3afa,b8299c90e4c775b18c1c5ff6d23ad616,0.5524,0.0,0.0
ec92f6331d8ecb50e3f0dee8fbf3bcb0,7d537f12eaa3231c2c2b58b74901051c,0.5522,0.0,0.0
534d7b1bce2cf035866320576094f81e,6aa300d5323cbf75dc53cec3e6acb87c,-0.5519,0.0,0.0
d23e07dc0f848e8921532df36254ce29,b64cf0e9dea8cef6b9500b364c179b98,0.5519,0.0,0.0
0c488eee4c6d02abb4e34df3ec16a09b,6aa300d5323cbf75dc53cec3e6acb87c,0.5516,0.0,0.0
894d5f2608f2a0e9e3bf2499f1cc6130,0ef7e12e6eb35a8fd9fac7badac0c381,0.5513,0.0,0.0
af9554a6cc07a34c1cb6004e3dbb865a,5cb2b4186e2e95521540e2ccbafcb4c9,-0.5512,0.0,0.0
b4eac52cfa36ce63f24be2fc530ad204,5ec4e02584b8c58b33bde92395188ffa,0.5505,0.0,0.0
a82691ab5fd4e8d3d3b23b7958c8e764,f2fbdc2b912ea775653691981335232f,-0.5505,0.0,0.0
ce264b1fd05f8dfc0dd2941a2b170a3a,b757c414a3bc227758c09624ca177986,-0.5504,0.0,0.0
9b6a7459b2c92cee0abfc36d503488b7,0ef7e12e6eb35a8fd9fac7badac0c381,-0.5501,0.0,0.0
4b50be28c2cc7c6a4dbc6300155c5218,06246fa4c1b00ea76b5539442f32c012,0.5501,0.0,0.0
f2fbdc2b912ea775653691981335232f,99a197229849c15140fc329cff0ccb90,0.5501,0.0,0.0
4f3989d95e7611bb6b5307454d75d3ce,65c689dc4b8772012494d43535fd1102,-0.5499,0.0,0.0
f3c13bc899928e8043766ca73a046487,75dd0ee2682cb0bf3146f334b0c41c93,0.5498,0.0,0.0
ee14afe4571845779465f8dc9646c7b4,fde5fbd4507f68a2eabc92fb449d9965,0.5497,0.0,0.0
cfa7e5524c99aac7db9399503a7e846a,4835c874610f20a02421b283dbe2f2b6,-0.5495,0.0,0.0
19463e5fe824700110e4a4ec8afe0512,cae75e1117d316c3a8f12909f766135b,0.5493,0.0,0.0
92f305372628ccbd74b7b28b933d306b,d693c275c376753e40770f95ba69a9f9,0.5492,0.0,0.0
b5b93f7fc3d0a88dff0ced83eb0bb5ab,5631fe818e588992529f6071afc9cda5,-0.5489,0.0,0.0
b5b93f7fc3d0a88dff0ced83eb0bb5ab,a82691ab5fd4e8d3d3b23b7958c8e764,-0.5488,0.0,0.0
66575db7635d648549a9eb5a4eafb710,8b05c693d167b0c68f1316963744f122,-0.5487,0.0,0.0
29b313a5262947210e3e9de415abaead,8b2843ccdbc3d39c6d758b7f91388341,-0.5487,0.0,0.0
7281c911136ba2bdcafebb9c71729dea,c7553191e309cfc2e28aea2507e7afdf,0.5484,0.0,0.0
1d33e98c9d94c262ab0d8b56d0936eb4,ce264b1fd05f8dfc0dd2941a2b170a3a,0.5484,0.0,0.0
ab2050607cb3fe172ea918d5a17a46c7,db5aaacffe4ca31116f5b0e292074588,-0.5484,0.0,0.0
87ec65202e592d81d47b66d1484732df,f847d5bbe9c5a3555db3988cfa1b838f,0.5482,0.0,0.0
b5b93f7fc3d0a88dff0ced83eb0bb5ab,be9dcf562f0ab066c0b252d527a42d19,-0.5479,0.0,0.0
4b50be28c2cc7c6a4dbc6300155c5218,7f1023e871bcd3a4f7ac96f3a40c9a8d,0.5478,0.0,0.0
38b371de3be6ddef03bea94294e9830d,0e9cc4c909306f5a9562d84888902e09,0.5478,0.0,0.0
d863bc6a2fa6a8a93787e45a6abe3304,6322c84c5ee6585bf9973a931d8f279d,-0.5477,0.0,0.0
af9554a6cc07a34c1cb6004e3dbb865a,b6e342d9f4e409f24eea3859aa76e82a,0.5476,0.0,0.0
ce264b1fd05f8dfc0dd2941a2b170a3a,b6e342d9f4e409f24eea3859aa76e82a,0.5473,0.0,0.0
0f4c04cefd226f6854ad0fbc2a2de226,0112df9b91ee10ca73426db0de32571b,-0.5467,0.0,0.0
5631fe818e588992529f6071afc9cda5,5ccde7f0ad35d7a47123478dd67b2774,0.5463,0.0,0.0
29b313a5262947210e3e9de415abaead,85b80813a3be5e162f462e085b709b85,-0.5459,0.0,0.0
1d33e98c9d94c262ab0d8b56d0936eb4,41f01f3e3cbf6beb908ae1ebb553208e,-0.5456,0.0,0.0
63f37ee4b481fccdffca10160ed5b944,f816f5de71e4c19785cd5dfa8ee073db,-0.5456,0.0,0.0
58a5d06b791283b4270f688e0b7408c9,83adaf3a09d08c93f2abea6a4c815592,0.5455,0.0,0.0
213ec0ef843de45b3db9302876229bed,e144d237c973d831d708cac2c17df968,0.5455,0.0,0.0
a19152d55f42fc72a3a0f985d2615aab,7f1023e871bcd3a4f7ac96f3a40c9a8d,0.5454,0.0,0.0
8466f2635d9fbf9c51a04877474f3d09,7a7c96429cd038c333985399c9eb963c,0.5446,0.0,0.0
65c689dc4b8772012494d43535fd1102,0c488eee4c6d02abb4e34df3ec16a09b,0.5446,0.0,0.0
aa20c972229ba580ad2044118ab67181,1cbf580d763d0eb5497ff2d6468e7668,-0.5445,0.0,0.0
d863bc6a2fa6a8a93787e45a6abe3304,f3c13bc899928e8043766ca73a046487,0.5444,0.0,0.0
ce264b1fd05f8dfc0dd2941a2b170a3a,817555c3b5d93664c38e8fbec64eba2e,0.5437,0.0,0.0
b5b93f7fc3d0a88dff0ced83eb0bb5ab,5837405da6036e7481240160de143774,0.5437,0.0,0.0
47bb78bbb9b7eab1a487de7f1521ddd6,4c7b0d554a1103b7872deded4bccb4ea,-0.5437,0.0,0.0
47515cfa358287ae00ead27b78b2285b,a82691ab5fd4e8d3d3b23b7958c8e764,-0.5434,0.0,0.0
e1c573f885ed4c9191a32116f583d78a,dc9b83b9dbf521d0d0b0e1576e44d06a,0.5428,0.0,0.0
702860fda44c0d44ddacb5bd79fd5d24,5837405da6036e7481240160de143774,0.5428,0.0,0.0
efbade8cc54695abfc5c07f21eecb6e7,dc9b83b9dbf521d0d0b0e1576e44d06a,0.5427,0.0,0.0
894d5f2608f2a0e9e3bf2499f1cc6130,47bb78bbb9b7eab1a487de7f1521ddd6,0.5427,0.0,0.0
4adbf4beb8d2b17f63b543e4d9aa39b6,8a4c692c01077fa5a93913725097b3bc,0.5425,0.0,0.0
1ad05a58bf23396d80f11695ad750b75,ef48b24d461ead26b22d8e442656ccc0,-0.5424,0.0,0.0
f876e4d5cbaa6ac5f3c225bcaf146791,8bc8eb4392eecf9f922bfb55df2c4144,-0.5423,0.0,0.0
09ee5eb3e6c726c7c8242f6e97453fc2,3fb688a9024c5d9e0c97cf7a6859063a,-0.5423,0.0,0.0
702860fda44c0d44ddacb5bd79fd5d24,1ad05a58bf23396d80f11695ad750b75,0.5423,0.0,0.0
61bffb5ed48deb86adad74d3d45df340,61d14f45268668061628d7a7990641b2,0.542,0.0,0.0
8b2843ccdbc3d39c6d758b7f91388341,f2fbdc2b912ea775653691981335232f,0.5416,0.0,0.0
bb617d32673d5f60d6216a07ad7a42bc,89dfaf0aa4a8af8e27a826ba8dd97044,0.5415,0.0,0.0
bb617d32673d5f60d6216a07ad7a42bc,6148c6e49d72c0f24a187a979ba7a5aa,0.541,0.0,0.0
b5b93f7fc3d0a88dff0ced83eb0bb5ab,daac17ca54538cbc9aada8497262da96,0.54,0.0,0.0
d801b2110a503327da848c95357ca4a5,2c452b25c7f3c62be462d8f47ed179e3,0.5398,0.0,0.0
ec92f6331d8ecb50e3f0dee8fbf3bcb0,6148c6e49d72c0f24a187a979ba7a5aa,-0.5398,0.0,0.0
cae75e1117d316c3a8f12909f766135b,945e47119242497c2e0bc5b3c6b6ba8e,0.5398,0.0,0.0
efbade8cc54695abfc5c07f21eecb6e7,a6efdb52a04e05a2a1be52f5516784fa,0.5398,0.0,0.0
945e47119242497c2e0bc5b3c6b6ba8e,b757c414a3bc227758c09624ca177986,-0.5395,0.0,0.0
25c54c57b4a4283237b33fdae82003c0,df20ccfbfc0741ee313d9e9433dbac01,-0.5394,0.0,0.0
d0d582d9d9b71467f236f9bace54eea5,e29f9ab1342fe7d53d4f1e2d03bb5969,-0.539,0.0,0.0
ce264b1fd05f8dfc0dd2941a2b170a3a,df20ccfbfc0741ee313d9e9433dbac01,0.5388,0.0,0.0
0112df9b91ee10ca73426db0de32571b,c7553191e309cfc2e28aea2507e7afdf,0.5384,0.0,0.0
93fadef301b62aa732e42bf1142b3afa,d0d582d9d9b71467f236f9bace54eea5,0.5382,0.0,0.0
2c1453fb27de0eb5e19ae61028df3294,4a18801bf3179876e3e063abc1fa1b5c,0.5382,0.0,0.0
499a635c6e7dcd5c8ef518302aa50011,aa20c972229ba580ad2044118ab67181,0.5373,0.0,0.0
8c740d5ca21893b47c7619df1247c75d,5ec4e02584b8c58b33bde92395188ffa,0.5373,0.0,0.0
0ef7e12e6eb35a8fd9fac7badac0c381,47bb78bbb9b7eab1a487de7f1521ddd6,0.5372,0.0,0.0
8b2843ccdbc3d39c6d758b7f91388341,df20ccfbfc0741ee313d9e9433dbac01,0.537,0.0,0.0
06246fa4c1b00ea76b5539442f32c012,dc9b83b9dbf521d0d0b0e1576e44d06a,0.537,0.0,0.0
916d15ab17794198ea4c5ad1e3fb6258,d02e8e093df5064814273f652473189e,-0.5364,0.0,0.0
df20ccfbfc0741ee313d9e9433dbac01,94c501c5d59dddbd80effa77dbceebe0,0.5359,0.0,0.0
d3cf08daefed96f494257ceff63a6cf8,f61f4c9b8258738ad3ee7663e43e7907,-0.5356,0.0,0.0
213ec0ef843de45b3db9302876229bed,8466f2635d9fbf9c51a04877474f3d09,0.5352,0.0,0.0
9feda0d620fa50b57ce3f848e1b48975,1cbf580d763d0eb5497ff2d6468e7668,-0.5351,0.0,0.0
c4118088ab2644671a1d9d540c060b19,1cbf580d763d0eb5497ff2d6468e7668,0.5349,0.0,0.0
ce264b1fd05f8dfc0dd2941a2b170a3a,4c31c3e198534eab45b6d92b61f75b10,-0.5349,0.0,0.0
e1c573f885ed4c9191a32116f583d78a,ce264b1fd05f8dfc0dd2941a2b170a3a,-0.5341,0.0,0.0
b5b93f7fc3d0a88dff0ced83eb0bb5ab,945e47119242497c2e0bc5b3c6b6ba8e,0.5341,0.0,0.0
894d5f2608f2a0e9e3bf2499f1cc6130,d081020b6bdf3bf279b93bd42598e1e1,0.5339,0.0,0.0
9feda0d620fa50b57ce3f848e1b48975,47bb78bbb9b7eab1a487de7f1521ddd6,-0.5337,0.0,0.0
47515cfa358287ae00ead27b78b2285b,b64cf0e9dea8cef6b9500b364c179b98,-0.5334,0.0,0.0
134153c893d92731f1779897c269f055,380c64674875dbcea485ba8f1ce26a6c,0.5333,0.0,0.0
ab2050607cb3fe172ea918d5a17a46c7,7b43b24e8c817bba9f0008696985ae06,-0.5332,0.0,0.0
d98dabbea4fe10de13ec5310782324e8,206069e5a5041e6c7f39a4141aefdc19,0.5332,0.0,0.0
916d15ab17794198ea4c5ad1e3fb6258,6e21064675bd1626771d39886cc9d88b,0.533,0.0,0.0
35dbde30af820a2c3bcd85216229ad6a,ef7c28bb28866912b76003ee110bdf6b,-0.5326,0.0,0.0
f2fbdc2b912ea775653691981335232f,c7553191e309cfc2e28aea2507e7afdf,0.5323,0.0,0.0
d3cf08daefed96f494257ceff63a6cf8,89dfaf0aa4a8af8e27a826ba8dd97044,-0.5322,0.0,0.0
be9dcf562f0ab066c0b252d527a42d19,61d14f45268668061628d7a7990641b2,0.5322,0.0,0.0
f3c13bc899928e8043766ca73a046487,f61f4c9b8258738ad3ee7663e43e7907,0.5321,0.0,0.0
430c875622713c0d7662add2d8e7db60,55c520d7fe25c3a704fca36f36fde991,0.5317,0.0,0.0
d863bc6a2fa6a8a93787e45a6abe3304,ee14afe4571845779465f8dc9646c7b4,0.5317,0.0,0.0
5631fe818e588992529f6071afc9cda5,06246fa4c1b00ea76b5539442f32c012,0.5316,0.0,0.0
0112df9b91ee10ca73426db0de32571b,da47a34fd036b068ca0c5eaf185e2082,-0.5313,0.0,0.0
ab2050607cb3fe172ea918d5a17a46c7,1d33e98c9d94c262ab0d8b56d0936eb4,-0.5312,0.0,0.0
d23e07dc0f848e8921532df36254ce29,5c331188779be5bb65a2e80544aa8dea,-0.5307,0.0,0.0
5ccde7f0ad35d7a47123478dd67b2774,0c488eee4c6d02abb4e34df3ec16a09b,0.5306,0.0,0.0
d42912a22b570ab99938b745999ae2cc,6148c6e49d72c0f24a187a979ba7a5aa,0.5303,0.0,0.0
61bffb5ed48deb86adad74d3d45df340,0ef7e12e6eb35a8fd9fac7badac0c381,-0.5302,0.0,0.0
7f78afb7e1d45cd528fe9cd909c93fb5,fbb4d97e016a3fae74e1e3b81805e48e,-0.5302,0.0,0.0
6322c84c5ee6585bf9973a931d8f279d,779e393e6ff91129f826c691a0d16db3,-0.53,0.0,0.0
aa9c5ae2ec6da55f30edd92e3de37eff,75dd0ee2682cb0bf3146f334b0c41c93,0.5294,0.0,0.0
1d33e98c9d94c262ab0d8b56d0936eb4,ee14afe4571845779465f8dc9646c7b4,-0.5293,0.0,0.0
dd07e924156039f8e953d5ea58ab5023,87ec65202e592d81d47b66d1484732df,-0.5287,0.0,0.0
f816f5de71e4c19785cd5dfa8ee073db,d3cf08daefed96f494257ceff63a6cf8,-0.5287,0.0,0.0
534d7b1bce2cf035866320576094f81e,25c54c57b4a4283237b33fdae82003c0,-0.5281,0.0,0.0
61bffb5ed48deb86adad74d3d45df340,a53b7a494838590a5600a018277e55ea,0.5281,0.0,0.0
894d5f2608f2a0e9e3bf2499f1cc6130,4835c874610f20a02421b283dbe2f2b6,0.5279,0.0,0.0
3679eb1918d142d7e468ea32c2f42595,41f01f3e3cbf6beb908ae1ebb553208e,0.5277,0.0,0.0
702860fda44c0d44ddacb5bd79fd5d24,0709277372b3816e3986842fb10c8e96,0.5276,0.0,0.0
b4eac52cfa36ce63f24be2fc530ad204,8b35589e4e1ef82328d78d533f5fa1a1,0.5272,0.0,0.0
7281c911136ba2bdcafebb9c71729dea,47bb78bbb9b7eab1a487de7f1521ddd6,0.5268,0.0,0.0
ef7c28bb28866912b76003ee110bdf6b,a039c1ac15b3f4bc5cf1db8a5f1cc0fd,-0.5267,0.0,0.0
c55a8101fb6c187736f0af61f720cb92,543dc760699879a2b12cd2e2525e6729,-0.526,0.0,0.0
cd991e2f230049eb76c8e3b3fcece79f,2e8ba4a2f665cc3ad88530fc739b1f9c,-0.5259,0.0,0.0
2e8ba4a2f665cc3ad88530fc739b1f9c,47bb78bbb9b7eab1a487de7f1521ddd6,0.5259,0.0,0.0
0c488eee4c6d02abb4e34df3ec16a09b,e144d237c973d831d708cac2c17df968,0.5254,0.0,0.0
a402fc6f0fd057decbe746f48bf12862,47bb78bbb9b7eab1a487de7f1521ddd6,0.5254,0.0,0.0
793ecb5ed65cd96425a35698e8ab9e78,9418ffbc4dee96cca486adf8b5f5493d,-0.5253,0.0,0.0
87ec65202e592d81d47b66d1484732df,8bc8eb4392eecf9f922bfb55df2c4144,0.5252,0.0,0.0
ce8d585abe69c46ac0fba61726d046c5,380c64674875dbcea485ba8f1ce26a6c,0.5248,0.0,0.0
ef7c28bb28866912b76003ee110bdf6b,817555c3b5d93664c38e8fbec64eba2e,0.5246,0.0,0.0
5976a56adfe903f7348b5eb5689e3c55,15c0fe41b25c6504b8dbe48ae72283d0,0.5244,0.0,0.0
817555c3b5d93664c38e8fbec64eba2e,b6e342d9f4e409f24eea3859aa76e82a,0.5243,0.0,0.0
8b2843ccdbc3d39c6d758b7f91388341,3e7c933c821c9f18e53e1dda439951cf,0.5242,0.0,0.0
dd07e924156039f8e953d5ea58ab5023,916d15ab17794198ea4c5ad1e3fb6258,0.5242,0.0,0.0
b26eb5a5ca6820d220d5433b1cffa5e6,5c331188779be5bb65a2e80544aa8dea,-0.5238,0.0,0.0
ff6f97ce50ea01298f8e58b53b97d489,99a197229849c15140fc329cff0ccb90,-0.5237,0.0,0.0
d98dabbea4fe10de13ec5310782324e8,3679eb1918d142d7e468ea32c2f42595,-0.5235,0.0,0.0
d98dabbea4fe10de13ec5310782324e8,1cbf580d763d0eb5497ff2d6468e7668,0.5234,0.0,0.0
af9554a6cc07a34c1cb6004e3dbb865a,d98dabbea4fe10de13ec5310782324e8,0.5234,0.0,0.0
916d15ab17794198ea4c5ad1e3fb6258,47bb78bbb9b7eab1a487de7f1521ddd6,0.5232,0.0,0.0
d801b2110a503327da848c95357ca4a5,ee14afe4571845779465f8dc9646c7b4,-0.5228,0.0,0.0
47515cfa358287ae00ead27b78b2285b,94c501c5d59dddbd80effa77dbceebe0,0.5227,0.0,0.0
2b7dca9f823dab555a368d87f194804f,f61f4c9b8258738ad3ee7663e43e7907,0.5226,0.0,0.0
ec92f6331d8ecb50e3f0dee8fbf3bcb0,7a7c96429cd038c333985399c9eb963c,0.5224,0.0,0.0
19463e5fe824700110e4a4ec8afe0512,dc9b83b9dbf521d0d0b0e1576e44d06a,-0.5215,0.0,0.0
5cb2b4186e2e95521540e2ccbafcb4c9,87ec65202e592d81d47b66d1484732df,0.5215,0.0,0.0
4a18801bf3179876e3e063abc1fa1b5c,c2d746ce5aed150d6696eed8143ec2c7,0.5214,0.0,0.0
58a5d06b791283b4270f688e0b7408c9,0f312394fc32d16cfdca183b11aad4ad,0.5214,0.0,0.0
c97b49b5849b709da91fb5f6f48cd9eb,6aa300d5323cbf75dc53cec3e6acb87c,0.5213,0.0,0.0
f2fbdc2b912ea775653691981335232f,b757c414a3bc227758c09624ca177986,-0.5212,0.0,0.0
aa20c972229ba580ad2044118ab67181,94c501c5d59dddbd80effa77dbceebe0,-0.5209,0.0,0.0
92f305372628ccbd74b7b28b933d306b,dd07e924156039f8e953d5ea58ab5023,0.5204,0.0,0.0
61bffb5ed48deb86adad74d3d45df340,5631fe818e588992529f6071afc9cda5,0.5204,0.0,0.0
d23e07dc0f848e8921532df36254ce29,894d5f2608f2a0e9e3bf2499f1cc6130,-0.52,0.0,0.0
7b29e948451d2fdcce6d39ddc6c25520,e79a45f432d0ccc86adbf9bbe7cef2a7,-0.5194,0.0,0.0
ef7c28bb28866912b76003ee110bdf6b,6e21064675bd1626771d39886cc9d88b,0.5194,0.0,0.0
d0d582d9d9b71467f236f9bace54eea5,37a9f9625f201b6e61c29ac09ec54683,0.5192,0.0,0.0
7281c911136ba2bdcafebb9c71729dea,dc9b83b9dbf521d0d0b0e1576e44d06a,-0.519,0.0,0.0
ce264b1fd05f8dfc0dd2941a2b170a3a,6aa300d5323cbf75dc53cec3e6acb87c,-0.5189,0.0,0.0
ef7c28bb28866912b76003ee110bdf6b,3e524f0bf09623c8530930bb8b27045c,0.5188,0.0,0.0
cd05a4b1cda569ae366c6980823f4c72,7d537f12eaa3231c2c2b58b74901051c,0.5187,0.0,0.0
44f513ba8d222b088ba2ad6e7ab85b8c,b0c74390aa5ac540757eb2256575019e,0.5186,0.0,0.0
15c0fe41b25c6504b8dbe48ae72283d0,a19152d55f42fc72a3a0f985d2615aab,-0.5184,0.0,0.0
0112df9b91ee10ca73426db0de32571b,f876e4d5cbaa6ac5f3c225bcaf146791,0.5184,0.0,0.0
5cb2b4186e2e95521540e2ccbafcb4c9,b757c414a3bc227758c09624ca177986,0.5183,0.0,0.0
a402fc6f0fd057decbe746f48bf12862,0a052939cf0cfd20acc22c826676e32c,-0.5182,0.0,0.0
28b5f35cfb5f0516e5e5f896428abdcd,c4118088ab2644671a1d9d540c060b19,-0.5182,0.0,0.0
a82691ab5fd4e8d3d3b23b7958c8e764,dc9b83b9dbf521d0d0b0e1576e44d06a,0.5181,0.0,0.0
6148c6e49d72c0f24a187a979ba7a5aa,fde5fbd4507f68a2eabc92fb449d9965,0.5181,0.0,0.0
42bdb37eaf4585993d2dadc410341bfc,c2d746ce5aed150d6696eed8143ec2c7,0.5181,0.0,0.0
4e4ca97fadb8b8e92470ccce2ff91460,f847d5bbe9c5a3555db3988cfa1b838f,0.518,0.0,0.0
6148c6e49d72c0f24a187a979ba7a5aa,42bdb37eaf4585993d2dadc410341bfc,0.5174,0.0,0.0
af9554a6cc07a34c1cb6004e3dbb865a,1ad05a58bf23396d80f11695ad750b75,0.5173,0.0,0.0
499a635c6e7dcd5c8ef518302aa50011,dc9b83b9dbf521d0d0b0e1576e44d06a,0.5172,0.0,0.0
35dbde30af820a2c3bcd85216229ad6a,94c501c5d59dddbd80effa77dbceebe0,-0.5169,0.0,0.0
702860fda44c0d44ddacb5bd79fd5d24,f847d5bbe9c5a3555db3988cfa1b838f,-0.5169,0.0,0.0
a5b2537343a26f4daf0379a8b46eb2ef,42bdb37eaf4585993d2dadc410341bfc,-0.5163,0.0,0.0
d801b2110a503327da848c95357ca4a5,5ccde7f0ad35d7a47123478dd67b2774,0.5163,0.0,0.0
7b43b24e8c817bba9f0008696985ae06,0f312394fc32d16cfdca183b11aad4ad,0.5163,0.0,0.0
213ec0ef843de45b3db9302876229bed,b5b93f7fc3d0a88dff0ced83eb0bb5ab,-0.5161,0.0,0.0
d42912a22b570ab99938b745999ae2cc,a6efdb52a04e05a2a1be52f5516784fa,-0.516,0.0,0.0
0112df9b91ee10ca73426db0de32571b,c4118088ab2644671a1d9d540c060b19,0.5158,0.0,0.0
f2fbdc2b912ea775653691981335232f,47bb78bbb9b7eab1a487de7f1521ddd6,0.5155,0.0,0.0
61bffb5ed48deb86adad74d3d45df340,8ebc39e79a930b5db089420489c40543,-0.5153,0.0,0.0
e1c573f885ed4c9191a32116f583d78a,aa20c972229ba580ad2044118ab67181,0.515,0.0,0.0
1ad05a58bf23396d80f11695ad750b75,87ec65202e592d81d47b66d1484732df,-0.5147,0.0,0.0
6322c84c5ee6585bf9973a931d8f279d,75dd0ee2682cb0bf3146f334b0c41c93,-0.5145,0.0,0.0
894d5f2608f2a0e9e3bf2499f1cc6130,c4118088ab2644671a1d9d540c060b19,0.5143,0.0,0.0
e1c573f885ed4c9191a32116f583d78a,0112df9b91ee10ca73426db0de32571b,-0.5141,0.0,0.0
ef7c28bb28866912b76003ee110bdf6b,6aa300d5323cbf75dc53cec3e6acb87c,-0.5139,0.0,0.0
a49becf5a5dbcb201f091757c62fc6bb,7f1023e871bcd3a4f7ac96f3a40c9a8d,0.5135,0.0,0.0
b4ac0621ed68fda2b501520e951949e1,fc7dec198c007a0622c9acba71b1edb1,0.5135,0.0,0.0
b5a22689fdda6393715cd10a326927d3,8bc8eb4392eecf9f922bfb55df2c4144,0.5133,0.0,0.0
efbade8cc54695abfc5c07f21eecb6e7,03a6a6d84a7be4b11b6467c91ca79d57,0.5132,0.0,0.0
66575db7635d648549a9eb5a4eafb710,caddc7c3f8e30f2e74778fca73689c4b,-0.513,0.0,0.0
4f3989d95e7611bb6b5307454d75d3ce,5ccde7f0ad35d7a47123478dd67b2774,-0.5129,0.0,0.0
d23e07dc0f848e8921532df36254ce29,3e7c933c821c9f18e53e1dda439951cf,-0.5128,0.0,0.0
83adaf3a09d08c93f2abea6a4c815592,5ec4e02584b8c58b33bde92395188ffa,-0.5126,0.0,0.0
92f305372628ccbd74b7b28b933d306b,659d1fe872c9b31a9e0b81eef5ca6218,-0.5124,0.0,0.0
1ad05a58bf23396d80f11695ad750b75,8bc8eb4392eecf9f922bfb55df2c4144,-0.5122,0.0,0.0
e29f9ab1342fe7d53d4f1e2d03bb5969,ce96aba4d82cdb5ffa5b76128cfbb917,-0.5121,0.0,0.0
dd07e924156039f8e953d5ea58ab5023,61bffb5ed48deb86adad74d3d45df340,-0.5117,0.0,0.0
41f01f3e3cbf6beb908ae1ebb553208e,b0c74390aa5ac540757eb2256575019e,0.5116,0.0,0.0
d23e07dc0f848e8921532df36254ce29,f2fbdc2b912ea775653691981335232f,-0.5115,0.0,0.0
ec92f6331d8ecb50e3f0dee8fbf3bcb0,779e393e6ff91129f826c691a0d16db3,-0.511,0.0,0.0
3e7c933c821c9f18e53e1dda439951cf,f847d5bbe9c5a3555db3988cfa1b838f,-0.5108,0.0,0.0
5c331188779be5bb65a2e80544aa8dea,99a197229849c15140fc329cff0ccb90,0.5107,0.0,0.0
2b7dca9f823dab555a368d87f194804f,a19152d55f42fc72a3a0f985d2615aab,-0.5107,0.0,0.0
d0d582d9d9b71467f236f9bace54eea5,b64cf0e9dea8cef6b9500b364c179b98,-0.51,0.0,0.0
35dbde30af820a2c3bcd85216229ad6a,47bb78bbb9b7eab1a487de7f1521ddd6,-0.5097,0.0,0.0
c55a8101fb6c187736f0af61f720cb92,025ef58ad4c94b135c69cb93c2320909,-0.5096,0.0,0.0
dd07e924156039f8e953d5ea58ab5023,61d14f45268668061628d7a7990641b2,-0.5093,0.0,0.0
8b2843ccdbc3d39c6d758b7f91388341,c4118088ab2644671a1d9d540c060b19,0.5089,0.0,0.0
8a4c692c01077fa5a93913725097b3bc,d801b2110a503327da848c95357ca4a5,-0.5087,0.0,0.0
1ad05a58bf23396d80f11695ad750b75,ce264b1fd05f8dfc0dd2941a2b170a3a,0.5085,0.0,0.0
19463e5fe824700110e4a4ec8afe0512,43c8008fb032a5ed2cb06dafa83e23ec,-0.5083,0.0,0.0
b5b93f7fc3d0a88dff0ced83eb0bb5ab,0ef7e12e6eb35a8fd9fac7badac0c381,0.5083,0.0,0.0
5cb2b4186e2e95521540e2ccbafcb4c9,543dc760699879a2b12cd2e2525e6729,0.5082,0.0,0.0
6148c6e49d72c0f24a187a979ba7a5aa,ef48b24d461ead26b22d8e442656ccc0,0.508,0.0,0.0
e79a45f432d0ccc86adbf9bbe7cef2a7,aa9c5ae2ec6da55f30edd92e3de37eff,-0.5079,0.0,0.0
0112df9b91ee10ca73426db0de32571b,a82691ab5fd4e8d3d3b23b7958c8e764,-0.5078,0.0,0.0
47515cfa358287ae00ead27b78b2285b,47bb78bbb9b7eab1a487de7f1521ddd6,0.5078,0.0,0.0
cd05a4b1cda569ae366c6980823f4c72,0c488eee4c6d02abb4e34df3ec16a09b,0.5078,0.0,0.0
9b6a7459b2c92cee0abfc36d503488b7,cd991e2f230049eb76c8e3b3fcece79f,0.5077,0.0,0.0
0f4c04cefd226f6854ad0fbc2a2de226,213ec0ef843de45b3db9302876229bed,0.5076,0.0,0.0
55c520d7fe25c3a704fca36f36fde991,8a1c973b6094cbd560f363581ce1beba,-0.5074,0.0,0.0
3e7c933c821c9f18e53e1dda439951cf,47bb78bbb9b7eab1a487de7f1521ddd6,0.5074,0.0,0.0
c55a8101fb6c187736f0af61f720cb92,74316f0e658505498c0bd04393736a67,-0.5072,0.0,0.0
19463e5fe824700110e4a4ec8afe0512,65c689dc4b8772012494d43535fd1102,-0.5072,0.0,0.0
d98dabbea4fe10de13ec5310782324e8,0f4c04cefd226f6854ad0fbc2a2de226,-0.5072,0.0,0.0
ef7c28bb28866912b76003ee110bdf6b,19083703874fec5c0e976f6ca4fa6bc9,-0.5071,0.0,0.0
dd07e924156039f8e953d5ea58ab5023,cd991e2f230049eb76c8e3b3fcece79f,-0.5071,0.0,0.0
8466f2635d9fbf9c51a04877474f3d09,7b43b24e8c817bba9f0008696985ae06,0.507,0.0,0.0
ce8d585abe69c46ac0fba61726d046c5,8a1c973b6094cbd560f363581ce1beba,-0.5067,0.0,0.0
d23e07dc0f848e8921532df36254ce29,d081020b6bdf3bf279b93bd42598e1e1,-0.5067,0.0,0.0
894d5f2608f2a0e9e3bf2499f1cc6130,ce264b1fd05f8dfc0dd2941a2b170a3a,0.5062,0.0,0.0
d0d582d9d9b71467f236f9bace54eea5,c4118088ab2644671a1d9d540c060b19,0.5059,0.0,0.0
5cb2b4186e2e95521540e2ccbafcb4c9,522fc29c9966a380a17ce86687cc600b,0.5055,0.0,0.0
430c875622713c0d7662add2d8e7db60,aca43babf06d3410ce71cad5778ff102,-0.5051,0.0,0.0
7f78afb7e1d45cd528fe9cd909c93fb5,a9d3a8d7e6ab34f69fa91fcce8bda39f,0.505,0.0,0.0
6148c6e49d72c0f24a187a979ba7a5aa,f61f4c9b8258738ad3ee7663e43e7907,0.505,0.0,0.0
df20ccfbfc0741ee313d9e9433dbac01,85b80813a3be5e162f462e085b709b85,0.5049,0.0,0.0
19463e5fe824700110e4a4ec8afe0512,47bb78bbb9b7eab1a487de7f1521ddd6,0.5042,0.0,0.0
19463e5fe824700110e4a4ec8afe0512,28f1a500a5a6ebd1cede9322b50bcaad,-0.5042,0.0,0.0
4bea53b2aad77f2569a0182f6b84255e,caddc7c3f8e30f2e74778fca73689c4b,0.5042,0.0,0.0
7a7c96429cd038c333985399c9eb963c,69dee006368ff49af541d111152b40c6,0.504,0.0,0.0
c4118088ab2644671a1d9d540c060b19,f847d5bbe9c5a3555db3988cfa1b838f,-0.504,0.0,0.0
df20ccfbfc0741ee313d9e9433dbac01,99a197229849c15140fc329cff0ccb90,0.504,0.0,0.0
15c0fe41b25c6504b8dbe48ae72283d0,5c331188779be5bb65a2e80544aa8dea,0.5037,0.0,0.0
0fec351445f84bd482075ceda6123f46,47bb78bbb9b7eab1a487de7f1521ddd6,0.5035,0.0,0.0
db5aaacffe4ca31116f5b0e292074588,0a052939cf0cfd20acc22c826676e32c,0.5032,0.0,0.0
ec92f6331d8ecb50e3f0dee8fbf3bcb0,b0c74390aa5ac540757eb2256575019e,-0.5028,0.0,0.0
89dfaf0aa4a8af8e27a826ba8dd97044,18b7af5d1e7696bb8cd541bdde042b51,0.5027,0.0,0.0
ce264b1fd05f8dfc0dd2941a2b170a3a,1cbf580d763d0eb5497ff2d6468e7668,0.5024,0.0,0.0
534d7b1bce2cf035866320576094f81e,2c1453fb27de0eb5e19ae61028df3294,0.5021,0.0,0.0
0f4c04cefd226f6854ad0fbc2a2de226,916d15ab17794198ea4c5ad1e3fb6258,-0.5021,0.0,0.0
efbade8cc54695abfc5c07f21eecb6e7,212e304679f170a464d2616b3f94a250,0.5019,0.0,0.0
cd991e2f230049eb76c8e3b3fcece79f,4835c874610f20a02421b283dbe2f2b6,-0.5016,0.0,0.0
01bc6f144e0f577c7a5364ebafdb3509,678452b1266654469afd6625a7ec25f5,-0.5012,0.0,0.0
0fec351445f84bd482075ceda6123f46,75dd0ee2682cb0bf3146f334b0c41c93,-0.5009,0.0,0.0
b5b93f7fc3d0a88dff0ced83eb0bb5ab,1cbf580d763d0eb5497ff2d6468e7668,0.5004,0.0,0.0
4f3989d95e7611bb6b5307454d75d3ce,b5b93f7fc3d0a88dff0ced83eb0bb5ab,0.5004,0.0,0.0
8466f2635d9fbf9c51a04877474f3d09,cae75e1117d316c3a8f12909f766135b,-0.5003,0.0,0.0
800e0527da5f9218e61c70f7d0ec8715,d693c275c376753e40770f95ba69a9f9,0.5002,0.0,0.0
b5b93f7fc3d0a88dff0ced83eb0bb5ab,3e7c933c821c9f18e53e1dda439951cf,0.5,0.0,0.0
af9554a6cc07a34c1cb6004e3dbb865a,ce264b1fd05f8dfc0dd2941a2b170a3a,0.4986,0.0,0.0
ef7c28bb28866912b76003ee110bdf6b,5837405da6036e7481240160de143774,0.4984,0.0,0.0
06246fa4c1b00ea76b5539442f32c012,1cbf580d763d0eb5497ff2d6468e7668,-0.4983,0.0,0.0
0ef7e12e6eb35a8fd9fac7badac0c381,99a197229849c15140fc329cff0ccb90,0.498,0.0,0.0
6148c6e49d72c0f24a187a979ba7a5aa,abaecd8b82d14efc7ccc4dcb7f864cba,0.4979,0.0,0.0
c4118088ab2644671a1d9d540c060b19,b757c414a3bc227758c09624ca177986,-0.4979,0.0,0.0
5631fe818e588992529f6071afc9cda5,5ab9c9baf340ca93a35be10b4a5b294a,0.4973,0.0,0.0
42bdb37eaf4585993d2dadc410341bfc,f61f4c9b8258738ad3ee7663e43e7907,0.4971,0.0,0.0
dd07e924156039f8e953d5ea58ab5023,8b2843ccdbc3d39c6d758b7f91388341,0.4968,0.0,0.0
28b5f35cfb5f0516e5e5f896428abdcd,47bb78bbb9b7eab1a487de7f1521ddd6,-0.4968,0.0,0.0
e6485d233ed2b8b9a2f3f50f0747b9d2,c97b49b5849b709da91fb5f6f48cd9eb,-0.4966,0.0,0.0
06246fa4c1b00ea76b5539442f32c012,0f312394fc32d16cfdca183b11aad4ad,0.4966,0.0,0.0
47515cfa358287ae00ead27b78b2285b,f847d5bbe9c5a3555db3988cfa1b838f,-0.4966,0.0,0.0
5ccde7f0ad35d7a47123478dd67b2774,a43c475502b54cdee1385dcca3109bfe,0.4959,0.0,0.0
92f305372628ccbd74b7b28b933d306b,a43c475502b54cdee1385dcca3109bfe,-0.4954,0.0,0.0
9feda0d620fa50b57ce3f848e1b48975,82864a780f7d57947ef3451dd7539740,-0.495,0.0,0.0
04869be25e3dc4d526ce3824d407aedf,924ba8e00fb9f76de6bf217aac8ca9d4,0.4946,0.0,0.0
213ec0ef843de45b3db9302876229bed,43c8008fb032a5ed2cb06dafa83e23ec,0.4945,0.0,0.0
cd991e2f230049eb76c8e3b3fcece79f,b5b93f7fc3d0a88dff0ced83eb0bb5ab,-0.4945,0.0,0.0
92f305372628ccbd74b7b28b933d306b,451acf82a2350fce17f55d27708aa232,0.4937,0.0,0.0
66575db7635d648549a9eb5a4eafb710,f2fbdc2b912ea775653691981335232f,0.4936,0.0,0.0
534d7b1bce2cf035866320576094f81e,87ec65202e592d81d47b66d1484732df,-0.4935,0.0,0.0
1ad05a58bf23396d80f11695ad750b75,b5b93f7fc3d0a88dff0ced83eb0bb5ab,0.4935,0.0,0.0
0f4c04cefd226f6854ad0fbc2a2de226,aa20c972229ba580ad2044118ab67181,0.4934,0.0,0.0
b4ac0621ed68fda2b501520e951949e1,0c488eee4c6d02abb4e34df3ec16a09b,-0.4934,0.0,0.0
6322c84c5ee6585bf9973a931d8f279d,0a25bdc3567a1af9c215a6efaf816439,-0.4934,0.0,0.0
8466f2635d9fbf9c51a04877474f3d09,0c488eee4c6d02abb4e34df3ec16a09b,0.4933,0.0,0.0
a49becf5a5dbcb201f091757c62fc6bb,5ccde7f0ad35d7a47123478dd67b2774,0.4932,0.0,0.0
cfa7e5524c99aac7db9399503a7e846a,b757c414a3bc227758c09624ca177986,0.4927,0.0,0.0
94ef08db649a5339b6de95109a8bad0f,5ab9c9baf340ca93a35be10b4a5b294a,0.4926,0.0,0.0
c55a8101fb6c187736f0af61f720cb92,5a6520a634bb27352c524ba237fd0d64,0.4926,0.0,0.0
179e72f0ecdfeb920df685432f3f2d1a,74316f0e658505498c0bd04393736a67,0.4923,0.0,0.0
aa9c5ae2ec6da55f30edd92e3de37eff,f61f4c9b8258738ad3ee7663e43e7907,0.492,0.0,0.0
df20ccfbfc0741ee313d9e9433dbac01,5837405da6036e7481240160de143774,0.492,0.0,0.0
ef7c28bb28866912b76003ee110bdf6b,daac17ca54538cbc9aada8497262da96,0.4916,0.0,0.0
793ecb5ed65cd96425a35698e8ab9e78,5ec4e02584b8c58b33bde92395188ffa,-0.4915,0.0,0.0
58a5d06b791283b4270f688e0b7408c9,63f37ee4b481fccdffca10160ed5b944,0.4911,0.0,0.0
522fc29c9966a380a17ce86687cc600b,f876e4d5cbaa6ac5f3c225bcaf146791,-0.4909,0.0,0.0
06246fa4c1b00ea76b5539442f32c012,7d537f12eaa3231c2c2b58b74901051c,0.4902,0.0,0.0
f898c7a8c566d0beb46d5448dde2387c,868a2dd217365ddd6d6ab64d48aeed4a,-0.4902,0.0,0.0
d693c275c376753e40770f95ba69a9f9,3fb688a9024c5d9e0c97cf7a6859063a,0.49,0.0,0.0
41f01f3e3cbf6beb908ae1ebb553208e,44f513ba8d222b088ba2ad6e7ab85b8c,0.4897,0.0,0.0
af9554a6cc07a34c1cb6004e3dbb865a,ef7c28bb28866912b76003ee110bdf6b,0.4897,0.0,0.0
dd07e924156039f8e953d5ea58ab5023,19083703874fec5c0e976f6ca4fa6bc9,-0.4896,0.0,0.0
6322c84c5ee6585bf9973a931d8f279d,868a2dd217365ddd6d6ab64d48aeed4a,0.4896,0.0,0.0
43c8008fb032a5ed2cb06dafa83e23ec,6e21064675bd1626771d39886cc9d88b,-0.4892,0.0,0.0
c97b49b5849b709da91fb5f6f48cd9eb,4835c874610f20a02421b283dbe2f2b6,-0.4889,0.0,0.0
15c0fe41b25c6504b8dbe48ae72283d0,405dff4269ebcff0dbc2d5c0c63a1ee3,-0.4889,0.0,0.0
61bffb5ed48deb86adad74d3d45df340,b5b93f7fc3d0a88dff0ced83eb0bb5ab,-0.4888,0.0,0.0
ef7c28bb28866912b76003ee110bdf6b,4835c874610f20a02421b283dbe2f2b6,0.4888,0.0,0.0
0c488eee4c6d02abb4e34df3ec16a09b,c2d746ce5aed150d6696eed8143ec2c7,-0.4881,0.0,0.0
99a197229849c15140fc329cff0ccb90,765b69d9c4313cc8630769db523cc54c,-0.4876,0.0,0.0
ef7c28bb28866912b76003ee110bdf6b,25c54c57b4a4283237b33fdae82003c0,-0.4869,0.0,0.0
7a7c96429cd038c333985399c9eb963c,dc9b83b9dbf521d0d0b0e1576e44d06a,0.4868,0.0,0.0
d801b2110a503327da848c95357ca4a5,03a6a6d84a7be4b11b6467c91ca79d57,0.4866,0.0,0.0
945e47119242497c2e0bc5b3c6b6ba8e,6786956e5d741de3549e1c89e3a608b0,0.4866,0.0,0.0
0c488eee4c6d02abb4e34df3ec16a09b,212e304679f170a464d2616b3f94a250,0.4866,0.0,0.0
d23e07dc0f848e8921532df36254ce29,be9dcf562f0ab066c0b252d527a42d19,0.4864,0.0,0.0
d98dabbea4fe10de13ec5310782324e8,5837405da6036e7481240160de143774,0.4859,0.0,0.0
8466f2635d9fbf9c51a04877474f3d09,e1c573f885ed4c9191a32116f583d78a,0.4859,0.0,0.0
35dbde30af820a2c3bcd85216229ad6a,c97b49b5849b709da91fb5f6f48cd9eb,0.4857,0.0,0.0
bb617d32673d5f60d6216a07ad7a42bc,8a1c973b6094cbd560f363581ce1beba,-0.4854,0.0,0.0
8b2843ccdbc3d39c6d758b7f91388341,f847d5bbe9c5a3555db3988cfa1b838f,-0.4852,0.0,0.0
38b371de3be6ddef03bea94294e9830d,23a68909643e167f508a7baac78d7026,0.4852,0.0,0.0
534d7b1bce2cf035866320576094f81e,5837405da6036e7481240160de143774,0.4849,0.0,0.0
efbade8cc54695abfc5c07f21eecb6e7,0c488eee4c6d02abb4e34df3ec16a09b,0.4848,0.0,0.0
da47a34fd036b068ca0c5eaf185e2082,18b7af5d1e7696bb8cd541bdde042b51,-0.4844,0.0,0.0
d801b2110a503327da848c95357ca4a5,7f1023e871bcd3a4f7ac96f3a40c9a8d,0.4844,0.0,0.0
0ef7e12e6eb35a8fd9fac7badac0c381,61d14f45268668061628d7a7990641b2,-0.4836,0.0,0.0
8b2843ccdbc3d39c6d758b7f91388341,eaa1d57a577a4aa93aceab1782827ea8,0.4827,0.0,0.0
47515cfa358287ae00ead27b78b2285b,b6e342d9f4e409f24eea3859aa76e82a,0.4827,0.0,0.0
c97b49b5849b709da91fb5f6f48cd9eb,cfa7e5524c99aac7db9399503a7e846a,0.4827,0.0,0.0
b7806c4f83108800a9c32dc83c148d95,e9e060e5e0e46911cad92b8292aeefd7,0.4825,0.0,0.0
534d7b1bce2cf035866320576094f81e,519b05506b5c8269406e94701c3ff01a,0.4824,0.0,0.0
ec92f6331d8ecb50e3f0dee8fbf3bcb0,0a25bdc3567a1af9c215a6efaf816439,-0.4823,0.0,0.0
28f1a500a5a6ebd1cede9322b50bcaad,7d537f12eaa3231c2c2b58b74901051c,0.482,0.0,0.0
ef7c28bb28866912b76003ee110bdf6b,b5b93f7fc3d0a88dff0ced83eb0bb5ab,0.4816,0.0,0.0
69dee006368ff49af541d111152b40c6,e144d237c973d831d708cac2c17df968,0.4814,0.0,0.0
b5b93f7fc3d0a88dff0ced83eb0bb5ab,4835c874610f20a02421b283dbe2f2b6,0.4813,0.0,0.0
0c488eee4c6d02abb4e34df3ec16a09b,94c501c5d59dddbd80effa77dbceebe0,-0.4807,0.0,0.0
a19152d55f42fc72a3a0f985d2615aab,5ccde7f0ad35d7a47123478dd67b2774,0.4807,0.0,0.0
800e0527da5f9218e61c70f7d0ec8715,213ec0ef843de45b3db9302876229bed,-0.4807,0.0,0.0
f898c7a8c566d0beb46d5448dde2387c,ce8d585abe69c46ac0fba61726d046c5,0.4805,0.0,0.0
f3c13bc899928e8043766ca73a046487,55c520d7fe25c3a704fca36f36fde991,0.4802,0.0,0.0
47bb78bbb9b7eab1a487de7f1521ddd6,61d14f45268668061628d7a7990641b2,-0.4799,0.0,0.0
d0d582d9d9b71467f236f9bace54eea5,daac17ca54538cbc9aada8497262da96,0.4798,0.0,0.0
a402fc6f0fd057decbe746f48bf12862,dd07e924156039f8e953d5ea58ab5023,0.4783,0.0,0.0
8a4c692c01077fa5a93913725097b3bc,451acf82a2350fce17f55d27708aa232,0.4775,0.0,0.0
69dee006368ff49af541d111152b40c6,212e304679f170a464d2616b3f94a250,0.4773,0.0,0.0
ce264b1fd05f8dfc0dd2941a2b170a3a,94c501c5d59dddbd80effa77dbceebe0,0.4773,0.0,0.0
7281c911136ba2bdcafebb9c71729dea,0112df9b91ee10ca73426db0de32571b,0.4772,0.0,0.0
dc9b83b9dbf521d0d0b0e1576e44d06a,cfa7e5524c99aac7db9399503a7e846a,0.4769,0.0,0.0
47bb78bbb9b7eab1a487de7f1521ddd6,6e21064675bd1626771d39886cc9d88b,0.4768,0.0,0.0
7f78afb7e1d45cd528fe9cd909c93fb5,6178807a00a64843e5bb9f31f0a5f42c,-0.4766,0.0,0.0
4b50be28c2cc7c6a4dbc6300155c5218,28f1a500a5a6ebd1cede9322b50bcaad,0.4761,0.0,0.0
ff6f97ce50ea01298f8e58b53b97d489,82864a780f7d57947ef3451dd7539740,-0.4759,0.0,0.0
a5b2537343a26f4daf0379a8b46eb2ef,9413dd54243692b250670640c660758d,-0.4757,0.0,0.0
c55a8101fb6c187736f0af61f720cb92,5ab9c9baf340ca93a35be10b4a5b294a,-0.4748,0.0,0.0
d801b2110a503327da848c95357ca4a5,18b7af5d1e7696bb8cd541bdde042b51,-0.4747,0.0,0.0
b4ac0621ed68fda2b501520e951949e1,4a18801bf3179876e3e063abc1fa1b5c,0.4743,0.0,0.0
9feda0d620fa50b57ce3f848e1b48975,ef7c28bb28866912b76003ee110bdf6b,-0.4742,0.0,0.0
ef7c28bb28866912b76003ee110bdf6b,66575db7635d648549a9eb5a4eafb710,0.4742,0.0,0.0
c97b49b5849b709da91fb5f6f48cd9eb,06246fa4c1b00ea76b5539442f32c012,0.474,0.0,0.0
aa9c5ae2ec6da55f30edd92e3de37eff,779e393e6ff91129f826c691a0d16db3,0.4732,0.0,0.0
5631fe818e588992529f6071afc9cda5,025ef58ad4c94b135c69cb93c2320909,0.4729,0.0,0.0
efbade8cc54695abfc5c07f21eecb6e7,42bdb37eaf4585993d2dadc410341bfc,-0.4726,0.0,0.0
09ee5eb3e6c726c7c8242f6e97453fc2,717e65e6ba1d91587e9c1fc36b2b0c44,0.4723,0.0,0.0
0e94ac060981402de47bbf85360fea8b,8bf3a15fcb9d5db4fd6f5f1e60dbdd2f,0.4721,0.0,0.0
efbade8cc54695abfc5c07f21eecb6e7,69dee006368ff49af541d111152b40c6,0.4719,0.0,0.0
a6efdb52a04e05a2a1be52f5516784fa,89dfaf0aa4a8af8e27a826ba8dd97044,-0.4719,0.0,0.0
800e0527da5f9218e61c70f7d0ec8715,b5b93f7fc3d0a88dff0ced83eb0bb5ab,0.4716,0.0,0.0
3e524f0bf09623c8530930bb8b27045c,0112df9b91ee10ca73426db0de32571b,0.4707,0.0,0.0
0112df9b91ee10ca73426db0de32571b,5837405da6036e7481240160de143774,0.4707,0.0,0.0
b26eb5a5ca6820d220d5433b1cffa5e6,ef7c28bb28866912b76003ee110bdf6b,-0.4701,0.0,0.0
d801b2110a503327da848c95357ca4a5,dc9b83b9dbf521d0d0b0e1576e44d06a,0.47,0.0,0.0
69dee006368ff49af541d111152b40c6,7d537f12eaa3231c2c2b58b74901051c,0.4695,0.0,0.0
c97b49b5849b709da91fb5f6f48cd9eb,5ab9c9baf340ca93a35be10b4a5b294a,0.4695,0.0,0.0
b8299c90e4c775b18c1c5ff6d23ad616,a82691ab5fd4e8d3d3b23b7958c8e764,-0.4681,0.0,0.0
92f305372628ccbd74b7b28b933d306b,800e0527da5f9218e61c70f7d0ec8715,0.4679,0.0,0.0
a82691ab5fd4e8d3d3b23b7958c8e764,451acf82a2350fce17f55d27708aa232,-0.4678,0.0,0.0
6aa300d5323cbf75dc53cec3e6acb87c,7f1023e871bcd3a4f7ac96f3a40c9a8d,0.4677,0.0,0.0
0ef7e12e6eb35a8fd9fac7badac0c381,82864a780f7d57947ef3451dd7539740,0.4672,0.0,0.0
3679eb1918d142d7e468ea32c2f42595,6786956e5d741de3549e1c89e3a608b0,-0.4671,0.0,0.0
cfa7e5524c99aac7db9399503a7e846a,42bdb37eaf4585993d2dadc410341bfc,-0.4671,0.0,0.0
a6efdb52a04e05a2a1be52f5516784fa,a5b2537343a26f4daf0379a8b46eb2ef,0.4665,0.0,0.0
5ccde7f0ad35d7a47123478dd67b2774,7f1023e871bcd3a4f7ac96f3a40c9a8d,0.4664,0.0,0.0
66575db7635d648549a9eb5a4eafb710,405dff4269ebcff0dbc2d5c0c63a1ee3,-0.4662,0.0,0.0
15c0fe41b25c6504b8dbe48ae72283d0,c4118088ab2644671a1d9d540c060b19,0.4661,0.0,0.0
2b7dca9f823dab555a368d87f194804f,cfa7e5524c99aac7db9399503a7e846a,-0.4659,0.0,0.0
cd991e2f230049eb76c8e3b3fcece79f,94c501c5d59dddbd80effa77dbceebe0,-0.4655,0.0,0.0
47515cfa358287ae00ead27b78b2285b,d0d582d9d9b71467f236f9bace54eea5,0.4654,0.0,0.0
0ef7e12e6eb35a8fd9fac7badac0c381,405dff4269ebcff0dbc2d5c0c63a1ee3,-0.4651,0.0,0.0
0f4c04cefd226f6854ad0fbc2a2de226,ce264b1fd05f8dfc0dd2941a2b170a3a,-0.4651,0.0,0.0
d98dabbea4fe10de13ec5310782324e8,47bb78bbb9b7eab1a487de7f1521ddd6,0.4648,0.0,0.0
0f4c04cefd226f6854ad0fbc2a2de226,47bb78bbb9b7eab1a487de7f1521ddd6,-0.4641,0.0,0.0
92f305372628ccbd74b7b28b933d306b,b5b93f7fc3d0a88dff0ced83eb0bb5ab,0.464,0.0,0.0
4bea53b2aad77f2569a0182f6b84255e,87ec65202e592d81d47b66d1484732df,0.4631,0.0,0.0
0112df9b91ee10ca73426db0de32571b,94c501c5d59dddbd80effa77dbceebe0,0.4629,0.0,0.0
451acf82a2350fce17f55d27708aa232,82864a780f7d57947ef3451dd7539740,0.4628,0.0,0.0
4f3989d95e7611bb6b5307454d75d3ce,7f1023e871bcd3a4f7ac96f3a40c9a8d,-0.4624,0.0,0.0
aa9c5ae2ec6da55f30edd92e3de37eff,8b0ebd33e66653c42aa292e40bf6291c,0.4624,0.0,0.0
03a6a6d84a7be4b11b6467c91ca79d57,e144d237c973d831d708cac2c17df968,0.4622,0.0,0.0
87ec65202e592d81d47b66d1484732df,8b05c693d167b0c68f1316963744f122,0.462,0.0,0.0
e6485d233ed2b8b9a2f3f50f0747b9d2,b0c74390aa5ac540757eb2256575019e,0.4615,0.0,0.0
d0d582d9d9b71467f236f9bace54eea5,19083703874fec5c0e976f6ca4fa6bc9,-0.4606,0.0,0.0
a82691ab5fd4e8d3d3b23b7958c8e764,82864a780f7d57947ef3451dd7539740,-0.4598,0.0,0.0
f847d5bbe9c5a3555db3988cfa1b838f,1cbf580d763d0eb5497ff2d6468e7668,-0.4597,0.0,0.0
702860fda44c0d44ddacb5bd79fd5d24,0112df9b91ee10ca73426db0de32571b,0.4596,0.0,0.0
47515cfa358287ae00ead27b78b2285b,0112df9b91ee10ca73426db0de32571b,0.459,0.0,0.0
5837405da6036e7481240160de143774,43c8008fb032a5ed2cb06dafa83e23ec,-0.4589,0.0,0.0
b64cf0e9dea8cef6b9500b364c179b98,55c520d7fe25c3a704fca36f36fde991,0.4584,0.0,0.0
4adbf4beb8d2b17f63b543e4d9aa39b6,3fb688a9024c5d9e0c97cf7a6859063a,0.4583,0.0,0.0
5a6520a634bb27352c524ba237fd0d64,d081020b6bdf3bf279b93bd42598e1e1,-0.4582,0.0,0.0
1ad05a58bf23396d80f11695ad750b75,f3c13bc899928e8043766ca73a046487,-0.4582,0.0,0.0
f2fbdc2b912ea775653691981335232f,87ec65202e592d81d47b66d1484732df,-0.4578,0.0,0.0
87ec65202e592d81d47b66d1484732df,94c501c5d59dddbd80effa77dbceebe0,-0.4575,0.0,0.0
e9e060e5e0e46911cad92b8292aeefd7,0f312394fc32d16cfdca183b11aad4ad,0.4574,0.0,0.0
03a6a6d84a7be4b11b6467c91ca79d57,7d537f12eaa3231c2c2b58b74901051c,0.4564,0.0,0.0
bb617d32673d5f60d6216a07ad7a42bc,fde5fbd4507f68a2eabc92fb449d9965,0.4561,0.0,0.0
9e54e8d50785a84f97b38e3eb665dda0,a53b7a494838590a5600a018277e55ea,0.455,0.0,0.0
ab2050607cb3fe172ea918d5a17a46c7,b0c74390aa5ac540757eb2256575019e,0.4544,0.0,0.0
f898c7a8c566d0beb46d5448dde2387c,e79a45f432d0ccc86adbf9bbe7cef2a7,-0.4531,0.0,0.0
5a6520a634bb27352c524ba237fd0d64,659d1fe872c9b31a9e0b81eef5ca6218,-0.4527,0.0,0.0
b5b93f7fc3d0a88dff0ced83eb0bb5ab,87ec65202e592d81d47b66d1484732df,-0.4518,0.0,0.0
534d7b1bce2cf035866320576094f81e,c97b49b5849b709da91fb5f6f48cd9eb,-0.4516,0.0,0.0
213ec0ef843de45b3db9302876229bed,519b05506b5c8269406e94701c3ff01a,-0.4503,0.0,0.0
82864a780f7d57947ef3451dd7539740,2e8ba4a2f665cc3ad88530fc739b1f9c,0.4498,0.0,0.0
7281c911136ba2bdcafebb9c71729dea,82864a780f7d57947ef3451dd7539740,0.4494,0.0,0.0
ef7c28bb28866912b76003ee110bdf6b,3e7c933c821c9f18e53e1dda439951cf,0.4492,0.0,0.0
47515cfa358287ae00ead27b78b2285b,61d14f45268668061628d7a7990641b2,-0.4487,0.0,0.0
cae75e1117d316c3a8f12909f766135b,dc9b83b9dbf521d0d0b0e1576e44d06a,-0.4486,0.0,0.0
c97b49b5849b709da91fb5f6f48cd9eb,cf9d6956cc5e9b057171f8ba480e6fbf,0.4484,0.0,0.0
a9d3a8d7e6ab34f69fa91fcce8bda39f,2c452b25c7f3c62be462d8f47ed179e3,-0.4484,0.0,0.0
4a18801bf3179876e3e063abc1fa1b5c,179e72f0ecdfeb920df685432f3f2d1a,-0.4481,0.0,0.0
ea156f972cd3802c3fac147e4200ba7a,89dfaf0aa4a8af8e27a826ba8dd97044,0.448,0.0,0.0
d98dabbea4fe10de13ec5310782324e8,8b2843ccdbc3d39c6d758b7f91388341,0.4479,0.0,0.0
c6d0e484e529a485ffc0b1f08f1fb158,2b7dca9f823dab555a368d87f194804f,-0.4478,0.0,0.0
ef7c28bb28866912b76003ee110bdf6b,765b69d9c4313cc8630769db523cc54c,-0.4466,0.0,0.0
6aa300d5323cbf75dc53cec3e6acb87c,43c8008fb032a5ed2cb06dafa83e23ec,0.4465,0.0,0.0
5976a56adfe903f7348b5eb5689e3c55,387fd7acb95a1f0053edacb08ca9384d,-0.4463,0.0,0.0
a7d0101041a4ff2c176cc0616423387a,6786956e5d741de3549e1c89e3a608b0,-0.4462,0.0,0.0
800e0527da5f9218e61c70f7d0ec8715,8466f2635d9fbf9c51a04877474f3d09,-0.4458,0.0,0.0
534d7b1bce2cf035866320576094f81e,fc7dec198c007a0622c9acba71b1edb1,0.4457,0.0,0.0
800e0527da5f9218e61c70f7d0ec8715,5a6520a634bb27352c524ba237fd0d64,0.4457,0.0,0.0
28b5f35cfb5f0516e5e5f896428abdcd,5ccde7f0ad35d7a47123478dd67b2774,0.4456,0.0,0.0
b8299c90e4c775b18c1c5ff6d23ad616,be9dcf562f0ab066c0b252d527a42d19,-0.4455,0.0,0.0
b4ac0621ed68fda2b501520e951949e1,519b05506b5c8269406e94701c3ff01a,0.4453,0.0,0.0
a6efdb52a04e05a2a1be52f5516784fa,03a6a6d84a7be4b11b6467c91ca79d57,0.4449,0.0,0.0
4bea53b2aad77f2569a0182f6b84255e,ce264b1fd05f8dfc0dd2941a2b170a3a,-0.4449,0.0,0.0
0112df9b91ee10ca73426db0de32571b,aca43babf06d3410ce71cad5778ff102,0.4448,0.0,0.0
817555c3b5d93664c38e8fbec64eba2e,eaa1d57a577a4aa93aceab1782827ea8,0.4448,0.0,0.0
387fd7acb95a1f0053edacb08ca9384d,fbb4d97e016a3fae74e1e3b81805e48e,0.4433,0.0,0.0
0112df9b91ee10ca73426db0de32571b,4835c874610f20a02421b283dbe2f2b6,0.442,0.0,0.0
8b05c693d167b0c68f1316963744f122,5837405da6036e7481240160de143774,-0.442,0.0,0.0
efbade8cc54695abfc5c07f21eecb6e7,bec033acf73d8b55fcee3b62a8a9429e,0.4416,0.0,0.0
36e38981bc99d5d7fdd5959ca41f6313,efbade8cc54695abfc5c07f21eecb6e7,0.4414,0.0,0.0
7281c911136ba2bdcafebb9c71729dea,28f1a500a5a6ebd1cede9322b50bcaad,-0.441,0.0,0.0
4f3989d95e7611bb6b5307454d75d3ce,43c8008fb032a5ed2cb06dafa83e23ec,-0.4406,0.0,0.0
47bb78bbb9b7eab1a487de7f1521ddd6,5837405da6036e7481240160de143774,0.4405,0.0,0.0
ea156f972cd3802c3fac147e4200ba7a,3badde1c4760a921d723409ee05fead0,-0.4405,0.0,0.0
945e47119242497c2e0bc5b3c6b6ba8e,519b05506b5c8269406e94701c3ff01a,0.4396,0.0,0.0
e1c573f885ed4c9191a32116f583d78a,8b05c693d167b0c68f1316963744f122,0.4394,0.0,0.0
b5a22689fdda6393715cd10a326927d3,9413dd54243692b250670640c660758d,0.4391,0.0,0.0
a6efdb52a04e05a2a1be52f5516784fa,01bc6f144e0f577c7a5364ebafdb3509,-0.439,0.0,0.0
534d7b1bce2cf035866320576094f81e,3e524f0bf09623c8530930bb8b27045c,0.4387,0.0,0.0
b5b93f7fc3d0a88dff0ced83eb0bb5ab,ce264b1fd05f8dfc0dd2941a2b170a3a,0.4385,0.0,0.0
916d15ab17794198ea4c5ad1e3fb6258,b6e342d9f4e409f24eea3859aa76e82a,0.4376,0.0,0.0
213ec0ef843de45b3db9302876229bed,8b05c693d167b0c68f1316963744f122,0.4361,0.0,0.0
28b5f35cfb5f0516e5e5f896428abdcd,451acf82a2350fce17f55d27708aa232,-0.4359,0.0,0.0
c2d746ce5aed150d6696eed8143ec2c7,6786956e5d741de3549e1c89e3a608b0,0.4358,0.0,0.0
800e0527da5f9218e61c70f7d0ec8715,8b05c693d167b0c68f1316963744f122,-0.4357,0.0,0.0
b5b93f7fc3d0a88dff0ced83eb0bb5ab,b6e342d9f4e409f24eea3859aa76e82a,0.4351,0.0,0.0
916d15ab17794198ea4c5ad1e3fb6258,99a197229849c15140fc329cff0ccb90,0.435,0.0,0.0
c4118088ab2644671a1d9d540c060b19,ce96aba4d82cdb5ffa5b76128cfbb917,0.4347,0.0,0.0
d693c275c376753e40770f95ba69a9f9,b0c74390aa5ac540757eb2256575019e,0.4341,0.0,0.0
5631fe818e588992529f6071afc9cda5,519b05506b5c8269406e94701c3ff01a,-0.4341,0.0,0.0
543dc760699879a2b12cd2e2525e6729,1cbf580d763d0eb5497ff2d6468e7668,-0.4338,0.0,0.0
b8299c90e4c775b18c1c5ff6d23ad616,b5b93f7fc3d0a88dff0ced83eb0bb5ab,0.4334,0.0,0.0
702860fda44c0d44ddacb5bd79fd5d24,aca43babf06d3410ce71cad5778ff102,0.4327,0.0,0.0
a6efdb52a04e05a2a1be52f5516784fa,fde5fbd4507f68a2eabc92fb449d9965,-0.4322,0.0,0.0
ac9e79a82beb3b70c0c7193fff0a8524,be51b6808df10f395e8b458d9508ac69,-0.4315,0.0,0.0
af9554a6cc07a34c1cb6004e3dbb865a,eaa1d57a577a4aa93aceab1782827ea8,0.4311,0.0,0.0
dd07e924156039f8e953d5ea58ab5023,5a6520a634bb27352c524ba237fd0d64,0.4295,0.0,0.0
7281c911136ba2bdcafebb9c71729dea,451acf82a2350fce17f55d27708aa232,0.4289,0.0,0.0
5ab9c9baf340ca93a35be10b4a5b294a,387fd7acb95a1f0053edacb08ca9384d,0.4282,0.0,0.0
a954a29c70499c3c72ee396f69b71c51,efbade8cc54695abfc5c07f21eecb6e7,0.4273,0.0,0.0
9feda0d620fa50b57ce3f848e1b48975,8b0ebd33e66653c42aa292e40bf6291c,0.4271,0.0,0.0
15c0fe41b25c6504b8dbe48ae72283d0,87ec65202e592d81d47b66d1484732df,-0.426,0.0,0.0
b8299c90e4c775b18c1c5ff6d23ad616,472fdc0687378563f0c9da6da7638e1a,-0.426,0.0,0.0
a039c1ac15b3f4bc5cf1db8a5f1cc0fd,ce96aba4d82cdb5ffa5b76128cfbb917,-0.4259,0.0,0.0
61bffb5ed48deb86adad74d3d45df340,451acf82a2350fce17f55d27708aa232,-0.4256,0.0,0.0
0112df9b91ee10ca73426db0de32571b,5c331188779be5bb65a2e80544aa8dea,0.4251,0.0,0.0
47515cfa358287ae00ead27b78b2285b,61bffb5ed48deb86adad74d3d45df340,-0.425,0.0,0.0
5cb2b4186e2e95521540e2ccbafcb4c9,f2fbdc2b912ea775653691981335232f,-0.4243,0.0,0.0
387fd7acb95a1f0053edacb08ca9384d,f3c13bc899928e8043766ca73a046487,-0.4242,0.0,0.0
8466f2635d9fbf9c51a04877474f3d09,94c501c5d59dddbd80effa77dbceebe0,-0.4231,0.0,0.0
f2fbdc2b912ea775653691981335232f,405dff4269ebcff0dbc2d5c0c63a1ee3,-0.423,0.0,0.0
8ebc39e79a930b5db089420489c40543,5ab9c9baf340ca93a35be10b4a5b294a,-0.4228,0.0,0.0
f898c7a8c566d0beb46d5448dde2387c,aa9c5ae2ec6da55f30edd92e3de37eff,0.4221,0.0,0.0
8466f2635d9fbf9c51a04877474f3d09,dc9b83b9dbf521d0d0b0e1576e44d06a,0.4211,0.0,0.0
451acf82a2350fce17f55d27708aa232,8bc8eb4392eecf9f922bfb55df2c4144,-0.421,0.0,0.0
8466f2635d9fbf9c51a04877474f3d09,678452b1266654469afd6625a7ec25f5,0.4205,0.0,0.0
92f305372628ccbd74b7b28b933d306b,b8299c90e4c775b18c1c5ff6d23ad616,0.4198,0.0,0.0
af9554a6cc07a34c1cb6004e3dbb865a,b8299c90e4c775b18c1c5ff6d23ad616,0.4195,0.0,0.0
b5a22689fdda6393715cd10a326927d3,8d422552eb2392c7c2d4743727d1ff33,-0.4186,0.0,0.0
6148c6e49d72c0f24a187a979ba7a5aa,387fd7acb95a1f0053edacb08ca9384d,-0.4183,0.0,0.0
44f513ba8d222b088ba2ad6e7ab85b8c,6178807a00a64843e5bb9f31f0a5f42c,-0.4179,0.0,0.0
fc7dec198c007a0622c9acba71b1edb1,8aa84c2bb23089b38845d45b2f4742a7,0.4178,0.0,0.0
213ec0ef843de45b3db9302876229bed,ef7c28bb28866912b76003ee110bdf6b,-0.4175,0.0,0.0
b5b93f7fc3d0a88dff0ced83eb0bb5ab,0c488eee4c6d02abb4e34df3ec16a09b,-0.4171,0.0,0.0
6148c6e49d72c0f24a187a979ba7a5aa,7229a1a874924db8456664b2a5985136,-0.4167,0.0,0.0
8b2843ccdbc3d39c6d758b7f91388341,94c501c5d59dddbd80effa77dbceebe0,0.4141,0.0,0.0
4a18801bf3179876e3e063abc1fa1b5c,519b05506b5c8269406e94701c3ff01a,0.4141,0.0,0.0
d0d582d9d9b71467f236f9bace54eea5,5c331188779be5bb65a2e80544aa8dea,0.414,0.0,0.0
5cb2b4186e2e95521540e2ccbafcb4c9,451acf82a2350fce17f55d27708aa232,-0.4129,0.0,0.0
42bdb37eaf4585993d2dadc410341bfc,212e304679f170a464d2616b3f94a250,-0.4116,0.0,0.0
f3c13bc899928e8043766ca73a046487,8b0ebd33e66653c42aa292e40bf6291c,0.4115,0.0,0.0
916d15ab17794198ea4c5ad1e3fb6258,82864a780f7d57947ef3451dd7539740,0.4112,0.0,0.0
c55a8101fb6c187736f0af61f720cb92,94ef08db649a5339b6de95109a8bad0f,-0.4112,0.0,0.0
213ec0ef843de45b3db9302876229bed,87ec65202e592d81d47b66d1484732df,0.4108,0.0,0.0
7d537f12eaa3231c2c2b58b74901051c,519b05506b5c8269406e94701c3ff01a,-0.4103,0.0,0.0
dd07e924156039f8e953d5ea58ab5023,b8299c90e4c775b18c1c5ff6d23ad616,0.4101,0.0,0.0
36e38981bc99d5d7fdd5959ca41f6313,d801b2110a503327da848c95357ca4a5,0.4095,0.0,0.0
58a5d06b791283b4270f688e0b7408c9,0a052939cf0cfd20acc22c826676e32c,0.4094,0.0,0.0
b5b93f7fc3d0a88dff0ced83eb0bb5ab,94c501c5d59dddbd80effa77dbceebe0,0.409,0.0,0.0
58a5d06b791283b4270f688e0b7408c9,04869be25e3dc4d526ce3824d407aedf,0.4089,0.0,0.0
94ef08db649a5339b6de95109a8bad0f,fbb4d97e016a3fae74e1e3b81805e48e,0.4089,0.0,0.0
18b7af5d1e7696bb8cd541bdde042b51,212e304679f170a464d2616b3f94a250,-0.4086,0.0,0.0
b8299c90e4c775b18c1c5ff6d23ad616,0ef7e12e6eb35a8fd9fac7badac0c381,0.4086,0.0,0.0
03a6a6d84a7be4b11b6467c91ca79d57,1f4fb4bfdca6c9d13106ed533362a62e,-0.4073,0.0,0.0
cae75e1117d316c3a8f12909f766135b,eaa1d57a577a4aa93aceab1782827ea8,0.4053,0.0,0.0
b8299c90e4c775b18c1c5ff6d23ad616,6e21064675bd1626771d39886cc9d88b,0.4048,0.0,0.0
5ccde7f0ad35d7a47123478dd67b2774,dc9b83b9dbf521d0d0b0e1576e44d06a,0.4046,0.0,0.0
abaecd8b82d14efc7ccc4dcb7f864cba,7229a1a874924db8456664b2a5985136,-0.4045,0.0,0.0
c6d0e484e529a485ffc0b1f08f1fb158,6148c6e49d72c0f24a187a979ba7a5aa,-0.4044,0.0,0.0
534d7b1bce2cf035866320576094f81e,b5b93f7fc3d0a88dff0ced83eb0bb5ab,0.404,0.0,0.0
868a2dd217365ddd6d6ab64d48aeed4a,ce8d585abe69c46ac0fba61726d046c5,-0.404,0.0,0.0
5ab9c9baf340ca93a35be10b4a5b294a,cfa7e5524c99aac7db9399503a7e846a,0.4037,0.0,0.0
47bb78bbb9b7eab1a487de7f1521ddd6,6aa300d5323cbf75dc53cec3e6acb87c,-0.4033,0.0,0.0
0f4c04cefd226f6854ad0fbc2a2de226,451acf82a2350fce17f55d27708aa232,-0.4032,0.0,0.0
af9554a6cc07a34c1cb6004e3dbb865a,8b05c693d167b0c68f1316963744f122,-0.403,0.0,0.0
4f3989d95e7611bb6b5307454d75d3ce,0112df9b91ee10ca73426db0de32571b,0.4025,0.0,0.0
b4eac52cfa36ce63f24be2fc530ad204,dc21153823efbfe6f4e092f110775cde,0.4023,0.0,0.0
c97b49b5849b709da91fb5f6f48cd9eb,7a7c96429cd038c333985399c9eb963c,0.4018,0.0,0.0
d0d582d9d9b71467f236f9bace54eea5,3e7c933c821c9f18e53e1dda439951cf,0.4009,0.0,0.0
daac17ca54538cbc9aada8497262da96,025ef58ad4c94b135c69cb93c2320909,-0.4005,0.0,0.0
6148c6e49d72c0f24a187a979ba7a5aa,678452b1266654469afd6625a7ec25f5,-0.4002,0.0,0.0
94ef08db649a5339b6de95109a8bad0f,cfa7e5524c99aac7db9399503a7e846a,0.4,0.0,0.0
f2fbdc2b912ea775653691981335232f,cae75e1117d316c3a8f12909f766135b,0.3996,0.0,0.0
df20ccfbfc0741ee313d9e9433dbac01,47bb78bbb9b7eab1a487de7f1521ddd6,0.398,0.0,0.0
b8299c90e4c775b18c1c5ff6d23ad616,5837405da6036e7481240160de143774,0.3977,0.0,0.0
5e2e0a4cfc3ab5f1a074ef61d2d6f68b,9418ffbc4dee96cca486adf8b5f5493d,0.3966,0.0,0.0
43a52ec4605b37f3671b33e61ff6fedd,387fd7acb95a1f0053edacb08ca9384d,-0.3965,0.0,0.0
499a635c6e7dcd5c8ef518302aa50011,ce96aba4d82cdb5ffa5b76128cfbb917,-0.3937,0.0,0.0
47515cfa358287ae00ead27b78b2285b,b8299c90e4c775b18c1c5ff6d23ad616,0.3924,0.0,0.0
75dd0ee2682cb0bf3146f334b0c41c93,f61f4c9b8258738ad3ee7663e43e7907,0.3921,0.0,0.0
03a6a6d84a7be4b11b6467c91ca79d57,212e304679f170a464d2616b3f94a250,0.392,0.0,0.0
a9d3a8d7e6ab34f69fa91fcce8bda39f,44f513ba8d222b088ba2ad6e7ab85b8c,0.3908,0.0,0.0
5a6520a634bb27352c524ba237fd0d64,6e21064675bd1626771d39886cc9d88b,0.39,0.0,0.0
144e3876b7943b5474d329bec54856a4,2c1453fb27de0eb5e19ae61028df3294,-0.3896,0.0,0.0
efbade8cc54695abfc5c07f21eecb6e7,519b05506b5c8269406e94701c3ff01a,-0.3886,0.0,0.0
abaecd8b82d14efc7ccc4dcb7f864cba,b0c74390aa5ac540757eb2256575019e,0.3868,0.0,0.0
2e8ba4a2f665cc3ad88530fc739b1f9c,eaa1d57a577a4aa93aceab1782827ea8,0.3867,0.0,0.0
74316f0e658505498c0bd04393736a67,dc9b83b9dbf521d0d0b0e1576e44d06a,0.3862,0.0,0.0
8466f2635d9fbf9c51a04877474f3d09,7f1023e871bcd3a4f7ac96f3a40c9a8d,0.3861,0.0,0.0
94ef08db649a5339b6de95109a8bad0f,387fd7acb95a1f0053edacb08ca9384d,0.3859,0.0,0.0
ef7c28bb28866912b76003ee110bdf6b,47bb78bbb9b7eab1a487de7f1521ddd6,0.3859,0.0,0.0
8b05c693d167b0c68f1316963744f122,405dff4269ebcff0dbc2d5c0c63a1ee3,0.3855,0.0,0.0
fde5fbd4507f68a2eabc92fb449d9965,27201d8b9c2a23edc5ee1b093c39fe46,0.3843,0.0,0.0
5631fe818e588992529f6071afc9cda5,ce264b1fd05f8dfc0dd2941a2b170a3a,-0.3841,0.0,0.0
cd991e2f230049eb76c8e3b3fcece79f,451acf82a2350fce17f55d27708aa232,-0.3841,0.0,0.0
15c0fe41b25c6504b8dbe48ae72283d0,b8299c90e4c775b18c1c5ff6d23ad616,0.3836,0.0,0.0
f3c13bc899928e8043766ca73a046487,d56e57f7a7e3a1b98778de802e7097d0,0.3833,0.0,0.0
164212c0910ca9770a6bd13bcb2c5d05,e6141036b0768b50c8079ce8ba7222f9,-0.3826,0.0,0.0
5ccde7f0ad35d7a47123478dd67b2774,c2d746ce5aed150d6696eed8143ec2c7,-0.3824,0.0,0.0
c97b49b5849b709da91fb5f6f48cd9eb,519b05506b5c8269406e94701c3ff01a,-0.3822,0.0,0.0
cfa7e5524c99aac7db9399503a7e846a,18b7af5d1e7696bb8cd541bdde042b51,-0.3816,0.0,0.0
b5b93f7fc3d0a88dff0ced83eb0bb5ab,8b05c693d167b0c68f1316963744f122,-0.3815,0.0,0.0
b8299c90e4c775b18c1c5ff6d23ad616,c4118088ab2644671a1d9d540c060b19,0.3814,0.0,0.0
534d7b1bce2cf035866320576094f81e,4a18801bf3179876e3e063abc1fa1b5c,0.3814,0.0,0.0
07c98191a29a6be9185f213be81a429f,d42912a22b570ab99938b745999ae2cc,0.3813,0.0,0.0
ea156f972cd3802c3fac147e4200ba7a,bb617d32673d5f60d6216a07ad7a42bc,0.3803,0.0,0.0
28f1a500a5a6ebd1cede9322b50bcaad,82864a780f7d57947ef3451dd7539740,-0.3796,0.0,0.0
702860fda44c0d44ddacb5bd79fd5d24,ef7c28bb28866912b76003ee110bdf6b,0.3791,0.0,0.0
534d7b1bce2cf035866320576094f81e,c2d746ce5aed150d6696eed8143ec2c7,0.3775,0.0,0.0
b5b93f7fc3d0a88dff0ced83eb0bb5ab,5a6520a634bb27352c524ba237fd0d64,0.3765,0.0,0.0
28f1a500a5a6ebd1cede9322b50bcaad,451acf82a2350fce17f55d27708aa232,-0.3764,0.0,0.0
9b6a7459b2c92cee0abfc36d503488b7,b8299c90e4c775b18c1c5ff6d23ad616,-0.3759,0.0,0.0
134153c893d92731f1779897c269f055,10ba1c6a051a49b25b443bebd244b71c,0.3747,0.0,0.0
534d7b1bce2cf035866320576094f81e,8b05c693d167b0c68f1316963744f122,-0.3742,0.0,0.0
793ecb5ed65cd96425a35698e8ab9e78,cfa7e5524c99aac7db9399503a7e846a,0.3737,0.0,0.0
924ba8e00fb9f76de6bf217aac8ca9d4,8d422552eb2392c7c2d4743727d1ff33,0.3734,0.0,0.0
d0d582d9d9b71467f236f9bace54eea5,ce264b1fd05f8dfc0dd2941a2b170a3a,0.3732,0.0,0.0
2b7dca9f823dab555a368d87f194804f,69dee006368ff49af541d111152b40c6,-0.3729,0.0,0.0
36e38981bc99d5d7fdd5959ca41f6313,779e393e6ff91129f826c691a0d16db3,-0.3728,0.0,0.0
94ef08db649a5339b6de95109a8bad0f,025ef58ad4c94b135c69cb93c2320909,0.3712,0.0,0.0
41f01f3e3cbf6beb908ae1ebb553208e,6178807a00a64843e5bb9f31f0a5f42c,-0.3708,0.0,0.0
8b2843ccdbc3d39c6d758b7f91388341,47bb78bbb9b7eab1a487de7f1521ddd6,0.3703,0.0,0.0
0709277372b3816e3986842fb10c8e96,24b5476371dc34ef4f12b359d6ea6fe4,0.37,0.0,0.0
a6efdb52a04e05a2a1be52f5516784fa,b0c74390aa5ac540757eb2256575019e,-0.3694,0.0,0.0
d3cf08daefed96f494257ceff63a6cf8,d56e57f7a7e3a1b98778de802e7097d0,-0.3692,0.0,0.0
27201d8b9c2a23edc5ee1b093c39fe46,f3c13bc899928e8043766ca73a046487,0.3673,0.0,0.0
519b05506b5c8269406e94701c3ff01a,7f1023e871bcd3a4f7ac96f3a40c9a8d,-0.3671,0.0,0.0
645dd8b575c7e7c0952933bbe90b4bb9,134153c893d92731f1779897c269f055,0.3668,0.0,0.0
7f78afb7e1d45cd528fe9cd909c93fb5,678452b1266654469afd6625a7ec25f5,-0.3662,0.0,0.0
f898c7a8c566d0beb46d5448dde2387c,212e304679f170a464d2616b3f94a250,-0.3656,0.0,0.0
0e94ac060981402de47bbf85360fea8b,75dd0ee2682cb0bf3146f334b0c41c93,0.3651,0.0,0.0
a6efdb52a04e05a2a1be52f5516784fa,27201d8b9c2a23edc5ee1b093c39fe46,-0.3633,0.0,0.0
924ba8e00fb9f76de6bf217aac8ca9d4,a85ae3de6b2dd626049270444199438e,0.3628,0.0,0.0
cfa7e5524c99aac7db9399503a7e846a,387fd7acb95a1f0053edacb08ca9384d,0.3625,0.0,0.0
a9d3a8d7e6ab34f69fa91fcce8bda39f,ef48b24d461ead26b22d8e442656ccc0,0.3622,0.0,0.0
38b371de3be6ddef03bea94294e9830d,82864a780f7d57947ef3451dd7539740,0.3609,0.0,0.0
20823322077cf511c8eff4f0840466fd,c2d746ce5aed150d6696eed8143ec2c7,0.3587,0.0,0.0
07751ebfb567d65db3f366d9c4037e68,f847d5bbe9c5a3555db3988cfa1b838f,-0.3575,0.0,0.0
d3156233792852376762d588f607ac71,3fb688a9024c5d9e0c97cf7a6859063a,0.3572,0.0,0.0
07c98191a29a6be9185f213be81a429f,f3c13bc899928e8043766ca73a046487,0.3559,0.0,0.0
ef48b24d461ead26b22d8e442656ccc0,7229a1a874924db8456664b2a5985136,-0.355,0.0,0.0
3679eb1918d142d7e468ea32c2f42595,be51b6808df10f395e8b458d9508ac69,0.355,0.0,0.0
be51b6808df10f395e8b458d9508ac69,42655605abb4cc7bd5f1be954adf23b0,0.3549,0.0,0.0
8b0ebd33e66653c42aa292e40bf6291c,dc21153823efbfe6f4e092f110775cde,0.3544,0.0,0.0
025ef58ad4c94b135c69cb93c2320909,b0d25a3bc288f3c5ac8b993c6e4504dd,0.3542,0.0,0.0
e144d237c973d831d708cac2c17df968,b4675aefcee3975954467e51b228d6f2,-0.3536,0.0,0.0
8466f2635d9fbf9c51a04877474f3d09,1351e87aa6c89a114e5104be8fe7c817,-0.3534,0.0,0.0
e9e060e5e0e46911cad92b8292aeefd7,212e304679f170a464d2616b3f94a250,0.3525,0.0,0.0
d0d582d9d9b71467f236f9bace54eea5,ef7c28bb28866912b76003ee110bdf6b,0.3524,0.0,0.0
ce264b1fd05f8dfc0dd2941a2b170a3a,82864a780f7d57947ef3451dd7539740,0.3516,0.0,0.0
49c2b5d0aaf2ac8b0ee6cae5b6c5a8f4,e27928b6f9a580b0d7f95feeb01ba523,0.3508,0.0,0.0
8466f2635d9fbf9c51a04877474f3d09,82864a780f7d57947ef3451dd7539740,-0.3486,0.0,0.0
543dc760699879a2b12cd2e2525e6729,94ef08db649a5339b6de95109a8bad0f,0.3484,0.0,0.0
bb617d32673d5f60d6216a07ad7a42bc,a9d3a8d7e6ab34f69fa91fcce8bda39f,0.3483,0.0,0.0
0e94ac060981402de47bbf85360fea8b,7229a1a874924db8456664b2a5985136,-0.3481,0.0,0.0
fde5fbd4507f68a2eabc92fb449d9965,6178807a00a64843e5bb9f31f0a5f42c,-0.3473,0.0,0.0
37d606d03d54c46da31b937d8f5b6b61,23a68909643e167f508a7baac78d7026,0.3468,0.0,0.0
ef7c28bb28866912b76003ee110bdf6b,025ef58ad4c94b135c69cb93c2320909,-0.3449,0.0,0.0
702860fda44c0d44ddacb5bd79fd5d24,b8299c90e4c775b18c1c5ff6d23ad616,0.3443,0.0,0.0
58a5d06b791283b4270f688e0b7408c9,27201d8b9c2a23edc5ee1b093c39fe46,-0.3429,0.0,0.0
451acf82a2350fce17f55d27708aa232,5837405da6036e7481240160de143774,0.3428,0.0,0.0
e6485d233ed2b8b9a2f3f50f0747b9d2,1351e87aa6c89a114e5104be8fe7c817,0.3426,0.0,0.0
0f4c04cefd226f6854ad0fbc2a2de226,b8299c90e4c775b18c1c5ff6d23ad616,-0.3411,0.0,0.0
387fd7acb95a1f0053edacb08ca9384d,7229a1a874924db8456664b2a5985136,0.3405,0.0,0.0
f3c13bc899928e8043766ca73a046487,7229a1a874924db8456664b2a5985136,-0.3393,0.0,0.0
164212c0910ca9770a6bd13bcb2c5d05,e9e060e5e0e46911cad92b8292aeefd7,0.339,0.0,0.0
36e38981bc99d5d7fdd5959ca41f6313,5ec4e02584b8c58b33bde92395188ffa,-0.3385,0.0,0.0
4b50be28c2cc7c6a4dbc6300155c5218,1351e87aa6c89a114e5104be8fe7c817,-0.3378,0.0,0.0
42bdb37eaf4585993d2dadc410341bfc,d56e57f7a7e3a1b98778de802e7097d0,0.3353,0.0,0.0
8ebc39e79a930b5db089420489c40543,ce96aba4d82cdb5ffa5b76128cfbb917,0.3351,0.0,0.0
03a6a6d84a7be4b11b6467c91ca79d57,27201d8b9c2a23edc5ee1b093c39fe46,-0.3317,0.0,0.0
d0d582d9d9b71467f236f9bace54eea5,8b2843ccdbc3d39c6d758b7f91388341,0.3281,0.0,0.0
36cf1853edbaec342c271909f87ca1b6,6178807a00a64843e5bb9f31f0a5f42c,-0.3281,0.0,0.0
bec033acf73d8b55fcee3b62a8a9429e,e9e060e5e0e46911cad92b8292aeefd7,0.3274,0.0,0.0
07751ebfb567d65db3f366d9c4037e68,a6efdb52a04e05a2a1be52f5516784fa,0.327,0.0,0.0
a6efdb52a04e05a2a1be52f5516784fa,37d606d03d54c46da31b937d8f5b6b61,-0.3265,0.0,0.0
b8299c90e4c775b18c1c5ff6d23ad616,451acf82a2350fce17f55d27708aa232,0.3258,0.0,0.0
58a5d06b791283b4270f688e0b7408c9,07751ebfb567d65db3f366d9c4037e68,0.3254,0.0,0.0
38b371de3be6ddef03bea94294e9830d,573471302da724edb5d0fa958385fb6d,0.3239,0.0,0.0
33ee5a4f23a0bf945ce5b4ffa11feef5,61786e38b934cbe33d5850a578a7ee22,-0.3221,0.0,0.0
28f1a500a5a6ebd1cede9322b50bcaad,8aa84c2bb23089b38845d45b2f4742a7,-0.3203,0.0,0.0
b8299c90e4c775b18c1c5ff6d23ad616,f847d5bbe9c5a3555db3988cfa1b838f,-0.3159,0.0,0.0
58a5d06b791283b4270f688e0b7408c9,d96a2ea1b09f080f66ce79b9ddfa768e,-0.311,0.0,0.0
0a25bdc3567a1af9c215a6efaf816439,c2d746ce5aed150d6696eed8143ec2c7,0.3093,0.0,0.0
573471302da724edb5d0fa958385fb6d,b8299c90e4c775b18c1c5ff6d23ad616,-0.3059,0.0,0.0
573471302da724edb5d0fa958385fb6d,678452b1266654469afd6625a7ec25f5,0.3051,0.0,0.0
a9d3a8d7e6ab34f69fa91fcce8bda39f,6178807a00a64843e5bb9f31f0a5f42c,-0.3042,0.0,0.0
573471302da724edb5d0fa958385fb6d,cfa7e5524c99aac7db9399503a7e846a,0.3005,0.0,0.0
6f14a88c7074fb3b48a9f8be3f7852c8,8b0ebd33e66653c42aa292e40bf6291c,-0.2981,0.0,0.0
9e54e8d50785a84f97b38e3eb665dda0,b8299c90e4c775b18c1c5ff6d23ad616,-0.2958,0.0,0.0
d56e57f7a7e3a1b98778de802e7097d0,678452b1266654469afd6625a7ec25f5,-0.2947,0.0,0.0
36e38981bc99d5d7fdd5959ca41f6313,e9e060e5e0e46911cad92b8292aeefd7,0.2935,0.0,0.0
573471302da724edb5d0fa958385fb6d,69dee006368ff49af541d111152b40c6,0.2932,0.0,0.0
4a18801bf3179876e3e063abc1fa1b5c,e6141036b0768b50c8079ce8ba7222f9,0.2908,0.0,0.0
a9d3a8d7e6ab34f69fa91fcce8bda39f,94ef08db649a5339b6de95109a8bad0f,-0.2906,0.0,0.0
d56e57f7a7e3a1b98778de802e7097d0,be51b6808df10f395e8b458d9508ac69,-0.2868,0.0,0.0
69dee006368ff49af541d111152b40c6,1351e87aa6c89a114e5104be8fe7c817,-0.2859,0.0,0.0
07c98191a29a6be9185f213be81a429f,f898c7a8c566d0beb46d5448dde2387c,0.2851,0.0,0.0
014f2ae2bd69cc0ab8e5ee1ca2963a01,678452b1266654469afd6625a7ec25f5,-0.285,0.0,0.0
144e3876b7943b5474d329bec54856a4,6178807a00a64843e5bb9f31f0a5f42c,0.2842,0.0,0.0
c2d746ce5aed150d6696eed8143ec2c7,ac535b64f804c2eee5084adc741f7839,0.2841,0.0,0.0
fcfaeb95003823a7ffde76ba3c4c790b,94ef08db649a5339b6de95109a8bad0f,0.2833,0.0,0.0
efbade8cc54695abfc5c07f21eecb6e7,1351e87aa6c89a114e5104be8fe7c817,-0.2833,0.0,0.0
e8b184a091b069447aaa71429105e326,87db021bd3fb687eba7b420338158435,0.2833,0.0,0.0
a9d3a8d7e6ab34f69fa91fcce8bda39f,27201d8b9c2a23edc5ee1b093c39fe46,0.2828,0.0,0.0
fcfaeb95003823a7ffde76ba3c4c790b,cfa7e5524c99aac7db9399503a7e846a,0.2826,0.0,0.0
5e2e0a4cfc3ab5f1a074ef61d2d6f68b,37d606d03d54c46da31b937d8f5b6b61,-0.2747,0.0,0.0
8aa84c2bb23089b38845d45b2f4742a7,dc21153823efbfe6f4e092f110775cde,0.26,0.0,0.0
36cf1853edbaec342c271909f87ca1b6,d3156233792852376762d588f607ac71,-0.254,0.0,0.0
1351e87aa6c89a114e5104be8fe7c817,d56e57f7a7e3a1b98778de802e7097d0,0.2182,0.0,0.0
