seq,10AB,A34,B34,C3,D34,E34,F34,G12,G3,H34,I34,J12,J34,K12,L12,M12,N12,P12,Q
2c8630b0baf30f2cc97a2f0b4bc96aca,0,0,0,0.006697808,0,0,0,0,0,0,0,0,0,0,0,0,0,0,0
593b39ccba286d62eba7872e07c45354,0,0,0,0,0,0,0,0,0,0,0,0,0,0,0,0,0,0.002529968,0
e9610e4b261eb260ad4e507e8c1d634e,0.015624379,0,0,0,0,0,0,0,0,0,0,0,0,0,0,0,0,0,0
8a86fb52c58e6597a806872e474d6ac1,0.01085762,0,0,0,0,0,0,0,0,0,0,0,0,0,0,0,0,0,0
090b23760e2b4c99732ad0ce04fa8ac2,0.00211856,0,0,0,0,0,0,0,0,0,0,0,0,0,0,0,0,0,0
ccd8c51003c6724304379157cbbb67a3,0.00291302,0,0,0,0,0,0,0,0,0,0,0,0,0,0,0,0,0,0
057bcefe7d185d0daf7b610144b1fa59,0.040517458,0,0,0,0,0,0,0,0,0,0,0,0,0,0,0,0,0,0
feb42a0dac8ff0d17d64cdea8f2fcf1e,0.01006316,0,0,0,0,0,0,0,0,0,0,0,0,0,0,0,0,0,0
fcd440ee90ed7a838d67a52025c2c7d6,0.0066205,0,0,0,0,0,0,0,0,0,0,0,0,0,0,0,0,0,0
6175323e639f0195d56844920014159a,0.00211856,0,0,0,0,0,0,0,0,0,0,0,0,0,0,0,0,0,0
723bd8389de26603c3e8283a20c163c7,0.030983939,0,0,0,0,0,0,0,0,0,0,0,0,0,0,0,0,0,0
62cb0689453660fcfba1346b1152bc84,0.0026482,0,0,0,0,0,0,0,0,0,0,0,0,0,0,0,0,0,0
9f86297104372f6378c6bf3dc1a8e8ec,0.191464852,0.002974758,0,0,0,0,0,0,0,0,0,0,0,0,0,0,0,0,0
25fd077b762513468941fbac535c9506,0.032308039,0,0,0,0,0,0,0,0,0,0,0,0,0,0,0,0,0,0
e843b0e0535e8033ed7c08faf28016ca,0.084742396,0,0,0,0,0,0,0,0,0,0,0,0,0,0,0,0,0,0
90a5e55fa876aa0bf69ffe16087cd920,0.077857077,0,0.001306435,0,0,0,0,0,0,0,0,0,0,0,0,0,0,0,0
5d8d4162e9b3958c6bc4b820eac278dc,0.00211856,0,0,0,0,0,0,0,0,0,0,0,0,0,0,0,0,0,0
955d34a1529b6fbcf425ced56e3b7fc1,0.030189479,0,0,0,0,0,0,0,0,0,0,0,0,0,0,0,0,0,0
d4b8f75d0e42420455e41ded33426aae,0.0013241,0,0,0,0,0,0,0,0,0,0,0,0,0,0,0,0,0,0
4a19bdfb366f7b08e08a1e91c6074b30,0.00079446,0,0,0,0,0,0,0,0,0,0,0,0,0,0,0,0,0,0
4d472a0025391001536abf639f86372b,0.019067039,0,0,0,0,0,0,0,0,0,0,0,0,0,0,0,0,0,0
5286cf541576f555afe0b5b79d1163d9,0.0039723,0,0,0,0,0,0,0,0,0,0,0,0,0,0,0,0,0,0
40e233849dcafd1ca1e5dd020826ec04,0.075208877,0,0,0,0,0,0,0,0,0,0,0,0,0,0,0,0,0,0
4a1539d5c420d910c842f2dfd2531a6d,0.017213299,0,0,0,0,0,0,0,0,0,0,0,0,0,0,0,0,0,0
7377692c0967c99c56f749e092acb30a,0.00185374,0,0,0,0,0,0,0,0,0,0,0,0,0,0,0,0,0,0
acb819d2b09f090ba6c3112028bbc54b,0.92819406,0.004597353,0.008056351,0,0,0,0,0,0,0,0,0,0,0,0,0,0,0,0
856f4e976cd8cb16d80b01f36ee9721a,0.00291302,0,0,0,0,0,0,0,0,0,0,0,0,0,0,0,0,0,0
f07216e3758674127b729897fc2945ba,0.049786158,0,0,0,0,0,0,0,0,0,0,0,0,0,0,0,0,0,0
e98a78fb93f10ea212298a128d9cadc1,0.026217179,0,0,0,0,0,0,0,0,0,0,0,0,0,0,0,0,0,0
2431116edae2b92d4b0a6f216b34dbb8,0,0,0,0,0,0,0,0,0,0,0,0,0.000461155,0,0,0,0,0,0
e1c573f885ed4c9191a32116f583d78a,0,0,0,0,0.013561957,0.026733541,0.074026426,0.193243859,0.116405797,0.089424088,0.102821951,0.161652801,0.130276186,0.031801877,0.045830345,0.032587994,0.007361802,0.003794952,0.003822411
5b1e1cf5993a1b5ab7467ae5ebe4d8a4,0.00900388,0,0,0,0,0,0,0,0,0,0,0,0,0,0,0,0,0,0
93d4e77c702d14bae2ff583e94565370,0.0079446,0,0,0,0,0,0,0,0,0,0,0,0,0,0,0,0,0,0
b4437357383387ed0937aeb891b767d2,0.0026482,0,0,0,0,0,0,0,0,0,0,0,0,0,0,0,0,0,0
65c689dc4b8772012494d43535fd1102,0.081299737,0.003515623,0.005008002,0,0,0,0.001265409,0.003597094,0.002318841,0.00855051,0.028531746,0.012391504,0.017523876,0.004447815,0.019678566,0.002413925,0.002905974,0,0
4a70dcab1da10b99743b8b5298cd2f6f,0.00688532,0,0,0,0,0,0,0,0,0,0,0,0,0,0,0,0,0,0
8eff40dae1c673e240a6167650512de5,0.00052964,0,0,0,0,0,0,0,0,0,0,0,0,0,0,0,0,0,0
5efd16edb2dbb414f480fdd78c42285a,0.00052964,0,0,0,0,0,0,0,0,0,0,0,0,0,0,0,0,0,0
1f1ff56fd37c5c9b1a9ac7b1d99e10b0,0.409146882,0,0.001306435,0,0,0,0,0,0,0,0,0,0,0,0,0,0,0,0
644c14744299b1aa46a195610c9f1a6f,0.00688532,0,0,0,0,0,0,0,0,0,0,0,0,0,0,0,0,0,0
1a33b954694a3eddcd95ead6c562cfb2,0.017213299,0,0,0,0,0,0,0,0,0,0,0,0,0,0,0,0,0.001106861,0
24ea1e1bbe347ab284f3ddbee118d9db,0.00185374,0,0,0,0,0,0,0,0,0,0,0,0,0,0,0,0,0,0
a42258463565d8531ac1fbcbcb5558fd,0.00238338,0,0,0,0,0,0,0,0,0,0,0,0,0,0,0,0,0,0
44ed1a1eb3ed2fe963e32f2d9591f332,0.00556122,0,0,0,0,0,0,0,0,0,0,0,0,0,0,0,0,0,0
e8bb8d9f0ab19588ba970ec5b20a7319,0.00609086,0,0,0,0,0,0,0,0,0,0,0,0,0,0,0,0,0,0
a9aac800e685600e21278a2012556aa7,0.00900388,0,0,0,0,0,0,0,0,0,0,0,0,0,0,0,0,0,0
80017052479e0a7748dc385488c63536,0.0013241,0,0,0,0,0,0,0,0,0,0,0,0,0,0,0,0,0,0
67551524f244fa1d912a5ae3dc5321ac,0.022244879,0,0,0,0,0,0,0,0,0,0,0,0,0,0,0,0,0,0
8d5c57433a03e4329c7e6b3aaf6668a1,0.040252638,0,0,0,0,0,0,0,0,0,0,0,0,0,0,0,0,0,0
a1f67bd15d480d23ca73f40a62f815bb,0.00052964,0,0,0,0,0,0,0,0,0,0,0,0,0,0,0,0,0,0
e0ef60d7b52825a7bb99db1975db2d1b,0.00105928,0,0,0,0,0,0,0,0,0,0,0,0,0,0,0,0,0,0
803eb52cfe3d77bdf9fe14c011e425fb,0.00079446,0,0,0,0,0,0,0,0,0,0,0,0,0,0,0,0,0,0
7d695607cd250aaa3167220d1f1b4cf0,0.00317784,0,0,0,0,0,0,0,0,0,0,0,0,0,0,0,0,0,0
6684f6190e4f3e23278528086ae25685,0.00291302,0,0,0,0,0,0,0,0,0,0,0,0,0,0,0,0,0,0
3f5533292a655d0f54a64560d65e823b,0.00079446,0,0,0,0,0,0,0,0,0,0,0,0,0,0,0,0,0,0
06246fa4c1b00ea76b5539442f32c012,0.019067039,0,0,0.0089942,0.007084604,0.013366771,0.008857863,0.009392411,0.008811594,0.032420685,0.028531746,0.020277006,0.030205629,0,0.001294643,0.009414309,0.002905974,0,0
496ed1835247fa310353bd53160fad4a,0.836301524,0,0.001959653,0,0,0,0,0,0,0,0,0,0,0,0,0,0,0,0
fffa3e1b1a3f2d8e0a9785716ffbfb36,0,0.000811298,0,0,0,0,0,0,0,0,0,0,0,0,0,0,0,0,0
0c488eee4c6d02abb4e34df3ec16a09b,0.071766217,0.406460092,0.116925958,0.020476157,0.007084604,0.003037902,0.000843606,0.005995156,0.003246377,0.016032207,0.036606768,0.031823635,0.039428722,0.002223907,0.005955356,0.002655318,0,0,0
dce9d93a9449b78d7b3f809249923607,0.00238338,0,0,0,0,0,0,0,0,0,0,0,0,0,0,0,0,0,0
7adc00fdff504740098679e91cb6844d,0.00105928,0,0,0,0,0,0,0,0,0,0,0,0,0,0,0,0,0,0
3e198207b81e382d6209c129373e9d60,0.00556122,0,0,0,0,0,0,0,0,0,0,0,0,0,0,0,0,0,0
62464229dcef00e0856587086e1e2f9d,0.00317784,0,0,0,0,0,0,0,0,0,0,0,0,0,0,0,0,0,0
1dd54482446cd8882dfd4fc7d128da40,0.00450194,0,0,0,0,0,0,0,0,0,0,0,0,0,0,0,0,0,0
15baec8488957bacb3136134000dc93a,0.00715014,0,0,0,0,0,0,0,0,0,0,0,0,0,0,0,0,0,0
626ceecfac444a7e053d5ae2c76833df,0.00052964,0,0,0,0,0,0,0,0,0,0,0,0,0,0,0,0,0,0
a216822e223bbb6baf68503a21bc5d0a,0.00211856,0,0,0,0,0,0,0,0,0,0,0,0,0,0,0,0,0,0
351fdba7f02fbaff27a231855c689a8a,0.060643777,0,0,0,0,0,0,0,0,0,0,0,0,0,0,0,0,0,0
592ba0f920b7fbd354e218aaf08930ab,0.00211856,0,0,0,0,0,0,0,0,0,0,0,0,0,0,0,0,0,0
6a4bca8a699c143a04caf781f0c1763c,0.00105928,0,0,0,0,0,0,0,0,0,0,0,0,0,0,0,0,0,0
18ec5da6c765ede0c426af393f8ce656,0.175310832,0,0,0,0,0,0,0,0,0,0,0,0,0,0,0,0,0,0
07127b6c8fc6a9dc81dd0e8c7671be80,0,0,0.000435478,0,0,0,0,0,0,0,0,0,0,0,0,0,0,0,0
32d2ffd5aac26382d511eb7ab897fc06,0.00873906,0,0,0,0,0,0,0,0,0,0,0,0,0,0,0,0,0,0
33a48735e8b1a35f14da8e944eb0d73a,0.00741496,0,0,0,0,0,0,0,0,0,0,0,0,0,0,0,0,0,0
a1ce6cd824f87e4e88b02565281876e8,0.00476676,0,0,0,0,0,0,0,0,0,0,0,0,0,0,0,0,0,0
1f56ffc2734d7ef8efb20201a6700725,0.00741496,0,0,0,0,0,0,0,0,0,0,0,0,0,0,0,0,0,0
99974302fcd8d2101cbc28c8141e0ee9,0.013240999,0,0,0,0,0,0,0,0,0,0,0,0,0,0,0,0,0,0
cd0579e5267b539cd3c46840b0f6e7b5,0.00105928,0,0,0,0,0,0,0,0,0,0,0,0,0,0,0,0,0,0
286e6b7f2a15a9ef97faca363e6a6800,0.012446539,0,0,0,0,0,0,0,0,0,0,0,0,0,0,0,0,0,0
c80287fd598d09df08b50511b22020e5,0.025952359,0,0,0,0,0,0,0,0,0,0,0,0,0,0,0,0,0,0
be49979e50fd98568304bc66173f624b,0.00979834,0,0,0,0,0,0,0,0,0,0,0,0,0,0,0,0,0,0
4ca4c12d1aaf982b5273c4063b2d14ef,0.00344266,0,0,0,0,0,0,0,0,0,0,0,0,0,0,0,0,0,0
9293b23be2addc4c8910fbe977237c46,0.00344266,0,0,0,0,0,0,0,0,0,0,0,0,0,0,0,0,0,0
e3b6d7ad6ee740d0b7d343c2c2ce53a0,0.00158892,0,0,0,0,0,0,0,0,0,0,0,0,0,0,0,0,0,0
2d0678b27e5d621f7d924530fa929c26,0.00635568,0,0,0,0,0,0,0,0,0,0,0,0,0,0,0,0,0,0
2d6bab1b94570e4c69c5ef51945f774e,0.0039723,0,0,0,0,0,0,0,0,0,0,0,0,0,0,0,0,0,0
e4bf10681d4b03152f1aded69bd8e7ab,0.00688532,0,0,0,0,0,0,0,0,0,0,0,0,0,0,0,0,0,0
f5bab5c7d812c2d3a64a5dcf3d257e8a,0.00079446,0,0,0,0,0,0,0,0,0,0,0,0,0,0,0,0,0,0
eae7dab14a3fcdc218d112865f01940b,0.00582604,0,0,0,0,0,0,0,0,0,0,0,0,0,0,0,0,0,0
343639260e5a553a449c040a58953f9a,0.0039723,0,0,0,0,0,0,0,0,0,0,0,0,0,0,0,0,0,0
e3455df1e42e2473c73aabd6238e9d44,0.00503158,0,0,0,0,0,0,0,0,0,0,0,0,0,0,0,0,0,0
b83c05fb785fc037d554a6f40d8e7774,0.0026482,0,0,0,0,0,0,0,0,0,0,0,0,0,0,0,0,0,0
34bc76cd76ea83cf74430a3bbb56ac82,0.258199489,0,0.000870957,0,0,0,0,0,0,0,0,0,0,0,0,0,0,0,0
c3f093ce4164155c9b0f097a9ae7de70,0.0105928,0,0,0,0,0,0,0,0,0,0,0,0,0,0,0,0,0,0
e5092df44ebdb6698c9fde3cdfb19ceb,0.0066205,0,0,0,0,0,0,0,0,0,0,0,0,0,0,0,0,0,0
02e4c50e67865e5275d1bb983d11988c,0.00079446,0,0,0,0,0,0,0,0,0,0,0,0,0,0,0,0,0,0
377137e62970b518f66505eab179329e,0.00238338,0,0,0,0,0,0,0,0,0,0,0,0,0,0,0,0,0,0
c4867d600b0a9097a72003891fa4b874,0.0013241,0,0,0,0,0,0,0,0,0,0,0,0,0,0,0,0,0,0
b34dc27e49d5139cf1011ee1e6032115,0.00026482,0,0,0,0,0,0,0,0,0,0,0,0,0,0,0,0,0,0
349d6e0ff74f02b6d2d55d29a6084ea2,0.043695298,0,0,0,0,0,0,0,0,0,0,0,0,0,0,0,0,0,0
421c4fde5e0b6d90aba4333ba1328d82,0.0092687,0,0,0,0,0,0,0,0,0,0,0,0,0,0,0,0,0,0
dbecc9e8493f9f9f3816c44467a0b7d4,0.0052964,0,0,0,0,0,0,0,0,0,0,0,0,0,0,0,0,0,0
0bd4b1e42bd92aa97b0e3256b8b9f685,0.015094739,0,0,0,0,0,0,0,0,0,0,0,0,0,0,0,0,0,0
11e175aff64bc4cf4986007e12bfc628,0.00291302,0,0,0,0,0,0,0,0,0,0,0,0,0,0,0,0,0,0
36b46a254875314bef7628b94ef8d7b6,0.016154019,0,0,0,0,0,0,0,0,0,0,0,0,0,0,0,0,0,0
37f3685c73e70deca8c822eb745ced49,0.00317784,0,0,0,0,0,0,0,0,0,0,0,0,0,0,0,0,0,0
5b2c9996f39f03a22f551c353da1d3ed,0.00344266,0,0,0,0,0,0,0,0,0,0,0,0,0,0,0,0,0,0
8bbcf048be9561d00c6ed8f597643925,0,0,0,0,0,0,0,0,0,0,0,0,0,0,0,0,0.011430166,0,0
92fb114641e27921122496428e2ef0dd,0.0013241,0,0,0,0,0,0,0,0,0,0,0.000844875,0,0,0,0,0,0,0
9d4eef533118fb8ade7389906d38038e,0.00317784,0,0,0,0,0,0,0,0,0,0,0,0,0,0,0,0,0,0
4b847baea94497568fe03f94a68afb3c,0.020126319,0,0,0,0,0,0,0,0,0,0,0,0,0,0,0,0,0,0
6bb602f161cd434e740b0b0694a2fe7e,0.014565099,0,0,0,0,0,0,0,0,0,0,0,0,0,0,0,0,0,0
9fcc0c91f09380ac0d5250172f8294b1,0.00291302,0,0,0,0,0,0,0,0,0,0,0,0,0,0,0,0,0,0
7741e484f93c21c4e051f33fc7b64f88,0.00820942,0,0,0,0,0,0,0,0,0,0,0,0,0,0,0,0,0,0
41c2b1997c23cb128c7a5fe3586fe2cd,0.00238338,0,0,0,0,0,0,0,0,0,0,0,0,0,0,0,0,0,0
a1919f68c3e5bd0c8c85ce6c4a407a81,0.00291302,0,0,0,0,0,0,0,0,0,0,0,0,0,0,0,0,0,0
61b47b9e51cba36e07b09f783d91532d,0.018537399,0,0,0,0,0,0,0,0,0,0,0,0,0,0,0,0,0,0
eade9ffca2019fd37ceeefa62349cee5,0.0079446,0,0,0,0,0,0,0,0,0,0,0,0,0,0,0,0,0,0
ea5eeef4adcd29b79e56e455f9025517,0.133204454,0,0.001741914,0,0,0,0,0,0,0,0,0,0,0,0,0,0,0,0
28a57cdaa30629405422c8fde4881357,0.013770639,0,0,0,0,0,0,0,0,0,0,0,0,0,0,0,0,0,0
5f438bcb87bf9d011daee383cbf8268b,0.030719119,0,0,0,0,0,0,0,0,0,0,0,0,0,0,0,0,0,0
2092628b1364caea9caa8bb32e494b85,0.0079446,0,0,0,0,0,0,0,0,0,0,0,0,0,0,0,0,0,0
89da33616fecea01a2dd1f560e309cd0,0.00767978,0,0,0,0,0,0,0,0,0,0,0,0,0,0,0,0,0,0
2da3ff46bfa58a914368731cfd699785,0.163923573,0,0,0,0,0,0,0,0,0,0,0,0,0,0,0,0,0,0
87ca798d18d4f98d6e899ac8e8b8daa2,0.00052964,0,0,0,0,0,0,0,0,0,0,0,0,0,0,0,0,0,0
8489763884add5fd5b86c463d80a278d,0.00052964,0,0,0,0,0,0,0,0,0,0,0,0,0,0,0,0,0,0
39514d7e0d952fb5735d67b878688bc8,0.083947936,0,0.002612871,0,0.001416921,0.001063266,0,0,0,0,0,0,0,0,0,0,0,0,0
342c9bed5ce5e945deb98ec33fe023b6,0,0,0,0,0,0,0.000843606,0,0,0,0,0,0,0,0,0,0,0,0
ed129574cd3b032d712d56b5aae6be05,0.0026482,0,0,0,0,0,0,0,0,0,0,0,0,0,0,0,0,0,0
230f936bbde428b48c67b563c84f874a,0.016948479,0,0,0,0,0,0,0,0,0,0,0,0,0,0,0,0,0,0
cae75e1117d316c3a8f12909f766135b,0,0,0,0,0,0,0,0,0,0,0,0,0,0.010452365,0,0.007483169,0.01201136,0.013282333,0.021023259
60d23b6a7047719eb79dc09d360c62cc,0.015094739,0,0,0,0,0,0,0,0,0,0,0,0,0,0,0,0,0,0
31d88ad972b0a11f159439daf1fe7367,0.00291302,0,0,0,0,0,0,0,0,0,0,0,0,0,0,0,0,0,0
6148c6e49d72c0f24a187a979ba7a5aa,0,0,0,0,0,0,0,0,0,0,0,0,0,0.076502416,0.032624991,0.028242928,0.012786287,0.013440456,0
44f513ba8d222b088ba2ad6e7ab85b8c,0,0,0,0,0,0,0,0.002797739,0,0.006769154,0.009151692,0.029007384,0.014295794,0.058711157,0.038580347,0.034277741,0.01917943,0.008222397,0
ddfc7fa44eb695c1a36fab946176dbdc,0.012711359,0,0,0,0,0,0,0,0,0,0,0,0,0,0,0,0,0,0
227b3993622857f90f1b3be1adaf17cd,0.00238338,0,0,0,0,0,0,0,0,0,0,0,0,0,0,0,0,0,0
8298bcdb584afbb1bdb72e7abb796243,0.00052964,0,0,0,0,0,0,0,0,0,0,0,0,0,0,0,0,0,0
0c141cc6426851c4478ff79ed68247f5,0.00211856,0,0,0,0,0,0,0,0,0,0,0,0,0,0,0,0,0,0
df16556a6b657130b148c9926e0247a1,0,0.002704325,0.001306435,0,0,0,0,0,0,0,0,0,0,0,0,0,0,0,0
268ddc25aa0fd61d2ecd190573a66498,0.00370748,0,0,0,0,0,0,0,0,0,0,0,0,0,0,0,0,0,0
fa3a634a3d5d11bab288b00d2d5369cc,0.00291302,0,0,0,0,0,0,0,0,0,0,0,0,0,0,0,0,0,0
3f36ab74340cc11784c5f0c58099e15e,0.00291302,0,0,0,0,0,0,0,0,0,0,0,0,0,0,0,0,0,0
9b8c56ae8c1dad880d0a61a56b70076d,0.00158892,0,0,0,0,0,0,0,0,0,0,0,0,0,0,0,0,0,0
5c47bc05a863e9774f4c18b376dcea96,0,0,0,0,0,0,0,0,0,0,0,0,0,0,0,0,0,0,0.009556027
7e112350867950f176b414f5f71178fd,0.017213299,0,0,0,0,0,0,0,0,0,0,0,0,0,0,0,0,0,0
744dbcf4af334c630605fa9000c112ce,0.00185374,0,0,0,0,0,0,0,0,0,0,0,0,0,0,0,0,0,0
4343b6b7da6bae2055762dad082dd651,0.00688532,0,0,0,0,0,0,0,0,0,0,0,0,0,0,0,0,0,0
29ffed0e67cdfb55f16960a8f8428cb5,0.00450194,0,0,0,0,0,0,0,0,0,0,0,0,0,0,0,0,0,0
b72e0f89f4127e4f0b91d3bc40a63766,0,0,0,0,0,0,0,0,0.000927536,0,0,0,0,0,0,0,0,0,0
8d3f2463af90ed9f59bbda873534edc0,0.00317784,0,0,0,0,0,0,0,0,0,0,0,0,0,0,0,0,0,0
19083703874fec5c0e976f6ca4fa6bc9,0.047137958,0,0,0,0,0,0.089844038,0.02997578,0.017623188,0.047384078,0.120587,0.084205902,0.113444041,0.081395013,0.495589153,0.167285034,0.071293236,0.025932175,0.011467232
87ec65202e592d81d47b66d1484732df,0.00715014,0.017037249,0.024386792,0.001339562,0.002833842,0,0.03522055,0.008792895,0.006028986,0.009975595,0.011843366,0.005069252,0.013834639,0.004003033,0.022008923,0.008448739,0,0,0
a594a2db0ceea408a3931a4465c05420,0.00291302,0,0,0,0,0,0,0,0,0,0,0,0,0,0,0,0,0,0
647927aceecdb8d63c0647ad64f33531,0.00556122,0,0,0,0,0,0,0,0,0,0,0,0,0,0,0,0,0,0
2c2a5e52f212bdc4fe6cfe32717f2a01,0.0013241,0,0,0,0,0,0,0,0,0,0,0,0,0,0,0,0,0,0
88dc6547deddeb8ca981c592f965d014,0.0039723,0,0,0,0,0,0,0,0,0,0,0,0,0,0,0,0,0,0
5a53ad0b5b9bb5681456ed32f72110e7,0.00317784,0,0,0,0,0,0,0,0,0,0,0,0,0,0,0,0,0,0
a5c80d4415d8b64a85a2b498d22ad570,0.00185374,0,0,0,0,0,0,0,0,0,0,0,0,0,0,0,0,0,0
0c4b95d668645a2a85addfe2f084b6f2,0.00423712,0,0,0,0,0,0,0,0,0,0,0,0,0,0,0,0,0,0
79e6f59a9f9e9a918479309917c34bb8,0.00741496,0,0,0,0,0,0,0,0,0,0,0,0,0,0,0,0,0,0
68d8ed7c8b41a1f6e461674c4d220b5a,0.00715014,0,0,0,0,0,0,0,0,0,0,0,0,0,0,0,0,0,0
f4acc40b7b61bf7126ad84af26e93ed9,0.081829376,0,0,0,0,0,0,0,0,0,0,0,0,0,0,0,0,0,0
4ff2d0f9ff5860f0d61f045ebb308e0d,0.058790037,0,0,0,0,0,0,0,0,0,0,0,0,0,0,0,0,0,0
09304de7bcdde93714df6d4800a79b4d,0.492829999,0,0,0,0,0,0,0,0,0,0,0,0,0,0,0,0,0,0
beb160f1d174dc940a6dd9816c42ca01,0.029924659,0,0,0,0,0,0,0,0,0,0,0,0,0,0,0,0,0,0
d16302bbd739ffc628c49803b25c8f6e,0.0079446,0,0,0,0,0,0,0,0,0,0,0,0,0,0,0,0,0,0
6c7a1a940865cb8fc19e17d404be6951,0.084742396,0,0,0,0,0,0,0,0,0,0,0,0,0,0,0,0,0,0
5f50c109f3a9cdf90470d389e4797c67,0.073619957,0,0,0,0,0,0,0,0,0,0,0,0,0,0,0,0,0,0
76822eb34ea3cf76c00fb31b39d43b12,0.076003337,0,0,0,0,0,0,0,0,0,0,0,0,0,0,0,0,0,0
84f0bed445af5694e5b98998ffde30a8,0,0,0,0,0,0,0,0,0,0,0,0,0,0,0,0,0.000968658,0.001897476,0
6dfb10e6d92b2c7ec87175ad560bed2e,0.811673265,0.008924273,0.007403133,0,0,0,0,0,0,0,0,0,0,0,0,0,0,0,0
495cc889a2e82868482b1feb2f71fbd0,0.333408366,0,0.001741914,0,0,0,0,0,0,0,0,0,0,0,0,0,0,0,0
2389f5000634184ae381b8e579934c4b,0.00344266,0,0,0,0,0,0,0,0,0,0,0,0,0,0,0,0,0,0
bce4d231e12c8465556db9d2cf121551,0.00370748,0,0,0,0,0,0,0,0,0,0,0,0,0,0,0,0,0,0
5ef9c96b68ed0d81bec10c4b79e562a8,0.00238338,0,0,0,0,0,0,0,0,0,0,0,0,0,0,0,0,0,0
a53b7a494838590a5600a018277e55ea,0.00609086,0,0,0,0,0,0,0.002198224,0,0.019951191,0.039836777,0.028444134,0.034817175,0.044255758,0.161312457,0.088349672,0.037971397,0.007115536,0
f78abd34d9f99dfc6481d847ff918abb,0,0,0,0,0,0,0,0,0,0,0.00107667,0,0,0,0,0,0,0,0
5881e5969b9c5cced797ab5e237049b4,0.0039723,0,0,0,0,0,0,0,0,0,0,0,0,0,0,0,0,0,0
689ea6538e35d0bf0beff8b8ef7ae765,0.00211856,0,0,0,0,0,0,0,0,0,0,0,0,0,0,0,0,0,0
f8ec439cb9f26e97be2793df3c52b03d,0.173986733,0,0,0,0,0,0,0,0,0,0,0,0,0,0,0,0,0,0
bbb8d866124b76dccef1a07447e2e183,0.029659839,0,0,0,0,0,0,0,0,0,0,0,0,0,0,0,0,0,0
c09305c29479546a081817c3df4019cc,0.00741496,0,0,0,0,0,0,0,0,0,0,0,0,0,0,0,0,0,0
a0bbfb182e829dcd543eba20abe4bf13,0.00741496,0,0,0,0,0,0,0,0,0,0,0,0,0,0,0,0,0,0
5c7c7b73a2ec4b36eb0c3adfcc84d9aa,0.00291302,0,0,0,0,0,0,0,0,0,0,0,0,0,0,0,0,0,0
8af31eef438d38bbb57e4b47d308116d,0,0,0.000653218,0,0,0,0,0,0,0,0,0,0,0,0,0,0,0,0
720ef8366f0bd5fb2cb193ce02e53799,0.00900388,0.006219948,0.005878959,0,0,0,0,0,0,0,0,0,0,0,0,0,0,0,0
88dc9b1bf64124875974e6e8ce1bb2e0,0.027541279,0.008112976,0.005225741,0,0,0,0,0,0,0,0,0,0,0,0,0,0,0,0
61637c95fcfd388d16465d5d8ae30f0a,0.014565099,0.00432692,0.003048349,0,0,0,0.004007128,0,0,0,0,0,0,0,0,0,0,0,0
6589433bc08b7cdc5ea1e4928683ed00,0.028335739,0,0,0,0,0,0,0,0,0,0,0,0,0,0,0,0,0,0
add6ee5276913213598665852c4b08fb,0.00609086,0,0,0,0,0,0,0,0,0,0,0,0,0,0,0,0,0,0
32d1077d28b29a3f6b93e1c0cbad6fda,0.046343498,0,0.001741914,0,0,0,0,0,0,0,0,0,0,0,0,0,0,0,0
07246a1fc2c2fed9e54374f5ee46c333,0.023833799,0,0,0,0,0,0,0,0,0,0,0,0,0,0,0,0,0,0
75ae184615957ea74819e0710296a493,0.00635568,0,0,0,0,0,0,0,0,0,0,0,0,0,0,0,0,0,0
4fdb441ce30cb8a04ddd4c7b24e39ae2,0.00476676,0,0,0,0,0,0,0,0,0,0,0,0,0,0,0,0,0,0
5fc9b3b833ee5fc9ddee11259db3940d,0.00317784,0,0,0,0,0,0,0,0,0,0,0,0,0,0,0,0,0,0
87b489a37616c28af2c28eda4b45fb8b,0.00370748,0,0,0,0,0,0,0,0,0,0,0,0,0,0,0,0,0,0
a1191cbfeb25ca6deb449da1e2baad3a,0.00344266,0,0,0,0,0,0,0,0,0,0,0,0,0,0,0,0,0,0
38296582075fc96045a4147fb746fe4b,0.00635568,0,0,0,0,0,0,0,0,0,0,0,0,0,0,0,0,0.001264984,0
97d46cb66b426e54414d29f5c60c740a,0.00423712,0,0,0,0,0,0,0,0,0,0,0,0,0,0,0,0,0,0
748512e38095cce946336f055623773b,0.00185374,0,0,0,0,0,0,0,0,0,0,0,0,0,0,0,0,0,0
147f672fdb531def69cb4b3f1c5029da,0.036809978,0,0,0,0,0,0,0,0,0,0,0,0,0,0,0,0,0,0
90fa6c0bf60713bfb45126d0e322b04b,0.00741496,0,0,0,0,0,0.001687212,0,0,0,0,0,0,0,0,0,0,0,0
5ec4e02584b8c58b33bde92395188ffa,0.265879269,0.00216346,0.001959653,0,0,0,0.017293923,0.006394833,0.004173913,0.006769154,0.007536688,0.003379501,0.00691732,0.007338895,0.013205354,0.017863048,0.005230754,0.005059937,0
1343e87d3913871b8120eddf9b9aedc6,0.01085762,0,0,0,0,0,0,0,0,0,0,0,0,0,0,0,0,0,0
4c61879ca2f0594335aa69f539fa89c3,0.020920779,0,0,0,0,0,0,0,0,0,0,0,0,0,0,0,0,0,0
87aaf6c235f6de90e49dbd7cb8369b3a,0.0026482,0,0,0,0,0,0,0,0,0,0,0,0,0,0,0,0,0,0
beb16d17921d9d616810cfda4d470651,0.037074798,0,0,0,0,0,0,0,0,0,0,0,0,0,0,0,0,0,0
99f9b204f31c6690c17496f44394b974,0.043695298,0,0,0,0,0,0,0,0,0,0,0,0,0,0,0,0,0,0
60aded12db04cbb8ba0091f3bb63d0a6,0.023833799,0.011899031,0.022427139,0,0,0,0.00147631,0,0,0,0,0,0,0,0,0,0,0,0
04a65a3c8425eeeaa26b5be5e1f73ea6,0.0092687,0,0,0,0,0,0,0,0,0,0,0,0,0,0,0,0,0,0
33428c03ea0cb71b8769c049e677faaa,0.0026482,0,0,0,0,0,0,0,0,0,0,0,0,0,0,0,0,0,0
c41c5795922c324df06444964515a11f,0.028600559,0,0,0,0,0,0,0,0,0,0,0,0,0,0,0,0,0,0
01606679d848223557a0c8b91904ad43,0.00820942,0,0,0,0,0,0,0,0,0,0,0,0,0,0,0,0,0,0
77b0fc3d2cdfed133689d19939bd753c,0.018802219,0,0,0,0,0,0,0,0,0,0,0,0,0,0,0,0,0,0
d40238b6e6c47b51c94b10008b551af4,0.00979834,0,0,0,0,0,0.001898113,0,0,0,0,0,0.000922309,0,0,0,0,0,0
9e3e461620d3bc6fb82b614f65a5a69b,0.079445997,0,0,0,0,0,0,0,0,0,0,0,0,0,0,0,0.002518511,0,0
d0805d57a9a2267c7f9372624fa92147,0,0.007301678,0.006532176,0,0,0,0,0,0,0,0,0,0,0,0,0,0,0,0
c2229c40838cb5aa067cdcab26a4d0bd,0,0,0,0,0,0,0,0,0,0.00285017,0.002691674,0,0,0,0,0,0,0,0
27af05757211c4e22e274f6521c2b033,0.016948479,0,0,0,0,0,0,0,0,0,0,0,0,0,0,0,0,0,0
de794e5f913a822d437c41f82c49a80e,0.122876475,0,0,0,0,0,0,0,0,0,0,0,0,0,0,0,0,0,0
ce79d4435bd130dc3503269a9b397170,0.012446539,0,0,0,0,0,0,0,0,0,0,0,0,0,0,0,0,0,0
7fd8ef977c4177cf2c4c536310a8f19f,0.0039723,0,0,0,0,0,0,0,0,0,0,0,0,0,0,0,0,0,0
5adea97be7d61a174324b19e19ba1dea,0.057201118,0,0,0,0,0,0,0,0,0,0,0,0,0,0,0,0,0,0
dbda74fb9d5fd3c12eaab78face02172,0.01006316,0,0,0,0,0,0,0,0,0,0,0,0,0,0,0,0,0,0
941c985cd594eddbaa7ba0e614bdf30f,0.035750698,0,0,0,0,0,0,0,0,0,0,0,0,0,0,0,0,0,0
a01649ff3a222398d49af46d04781535,0,0.036237959,0.256279055,0.013395617,0.028338417,0.039492731,0.00147631,0,0,0,0,0,0,0,0,0,0,0,0
b94b3e9177961551c08f311f8515f346,0.016948479,0,0,0,0,0,0,0,0,0,0,0,0,0,0,0,0,0,0
7de13a55503e90292b953209386e0b7b,0.01085762,0,0,0,0,0,0,0,0,0,0,0,0,0,0,0,0,0,0
1e2270e7a0c8c2e951edc6813b58451a,0.00079446,0,0,0,0,0,0,0,0,0,0,0,0,0,0,0,0,0,0
520df833871a8a531033d90f108d61a3,0.00503158,0,0,0,0,0,0,0,0,0,0,0,0,0,0,0,0,0,0
cb3f42ad378ddeda014d895db355586b,0.00476676,0,0,0,0,0,0,0,0,0,0,0,0,0,0,0,0,0,0
0c3ea3339f3a3be523e02cefed4aaa10,0.00291302,0,0,0,0,0,0,0,0,0,0,0,0,0,0,0,0,0,0
aa20c972229ba580ad2044118ab67181,0,0.079236731,0.021120704,0.011099225,0.005667683,0.006379595,0.002109015,0.003197416,0.002782609,0.009975595,0.017765049,0.020840257,0.018676763,0.020459949,0.007249998,0.001206963,0.000581195,0.002055599,0
347f05aadc3de2fe5237432c42d041b5,0.0026482,0,0,0,0,0,0,0,0,0,0,0,0,0,0,0,0,0,0
e9bddfa0fc6471131e3412f81bdc6b6d,0.00211856,0,0,0,0,0,0,0,0,0,0,0,0,0,0,0,0,0,0
547b0919a99ed883fc7e366881d70e30,0.00211856,0,0,0,0,0,0,0,0,0,0,0,0,0,0,0,0,0,0
db0c288182530edd5066c0881c9665c7,0.00185374,0,0,0,0,0,0,0,0,0,0,0,0,0,0,0,0,0,0
16bd85d98b01823963164e514e5c1da4,0.00317784,0,0,0,0,0,0,0,0,0,0,0,0,0,0,0,0,0,0
fd932f10265b9729b3972ed5cdce8a0d,0,0,0.002395131,0,0,0,0,0,0,0,0,0,0,0,0,0,0,0.000790615,0
b369899a050f5bdde428c77540050c80,0.0013241,0,0,0,0,0,0,0,0,0,0,0,0,0,0,0,0,0,0
be2708e1bdcddac994cdfd7ddf921d52,0.012976179,0,0,0,0,0,0,0,0,0,0,0,0,0,0,0,0,0,0
e0242f522a0ad486d4a1822dc29289ca,0,0.00108173,0,0,0,0,0,0,0,0,0,0,0,0,0,0,0,0,0
3a87ef2d0d0b72632e8f39d0320fcf93,0.00291302,0,0,0,0,0,0,0,0,0,0,0,0,0,0,0,0,0,0
fc7c6eed68d83b0078b51ba3581a953b,0.015624379,0,0,0,0,0,0,0,0,0,0,0,0,0,0,0,0,0,0
5d31a7ba11fffdbcb915a4ba1aac75e6,0.016948479,0,0,0,0,0,0,0,0,0,0,0,0,0,0,0,0,0,0
3fbd0537ef4f3242fb50a2ddb91061ad,0.01138726,0,0,0,0,0,0,0,0,0,0,0,0,0,0,0,0,0,0
9bc997e8ebea77d717faea18a7bf4708,0.099837136,0,0,0,0,0,0,0,0,0,0,0,0,0,0,0,0,0,0
bcfc5d3c9a3586094059acfae2f253f4,0.047402778,0,0,0,0,0,0,0,0,0,0,0,0,0,0,0,0,0.000632492,0
954d0e6f5e93a9f23198c807840314bd,0.00370748,0,0,0,0,0,0,0,0,0,0,0,0,0,0,0,0,0,0
9b0365b5a27348e323235f03eb91b153,0.00423712,0,0,0,0,0,0,0,0,0,0,0,0,0,0,0,0,0,0
df94cb7c1f51d6e7df4a969d561b0a4d,1.234590787,0.005408651,0.00827409,0,0,0,0,0,0,0,0,0,0,0,0,0,0,0,0
9762cb79dea0ad8ac9b2c00da97ee1de,0.017213299,0,0,0,0,0,0,0,0,0,0,0,0,0,0,0,0,0,0
0138936a169c4a0914606cedbcd38fa6,0.511102578,0,0,0,0,0,0,0,0,0,0,0,0,0,0,0,0,0,0
22958f01426d8f1fe3f4922e13710669,0.371012804,0,0.002395131,0,0,0,0,0,0,0,0,0,0,0,0,0,0,0,0
9a6c73fde0a30dc54868fac28b4fc86f,0.00582604,0,0,0,0,0,0,0,0,0,0,0,0,0,0,0,0,0,0
4708a77110c6f82083fb0f0e64026556,0.0066205,0,0,0,0,0,0,0,0,0,0,0,0,0,0,0,0,0,0
9cef27fb5c42d04a7e949300061958c1,0.256080929,0,0.001524174,0,0,0,0,0,0,0,0,0,0,0,0,0,0,0,0
469c376c54706d2a04589d78e87c8780,0.013505819,0,0,0,0,0,0,0,0,0,0,0,0,0,0,0,0,0,0
1e12ac0d70169a9c084a739e040907b9,0.00291302,0,0,0,0,0,0,0,0,0,0,0,0,0,0,0,0,0,0
f5edfe58c5a39656d8758989e54a025d,0,0,0,0,0,0,0,0,0,0,0,0,0,0,0,0,0,0,0.005733616
8043f26c1736a3f674ef1121d173c3f2,0,0,0,0,0,0,0,0,0,0,0,0,0,0,0,0,0,0,0.003822411
d5e939a80cd935256424832c8135ab67,0,0,0,0,0,0,0,0,0,0,0,0,0,0,0,0,0,0,0.003822411
78532b4618bfea368dfe10951ddbf5fe,0,0,0,0,0.000404835,0,0,0,0,0,0,0,0,0,0,0,0,0,0
6756b73ed946f9414120e893b63568d5,0,0,0,0,0,0,0,0,0,0,0,0,0.000461155,0,0,0,0,0,0
dfbbce19b1bc5453bfb444e3f568a5ec,0,0.000540865,0,0,0,0,0,0,0,0,0,0,0,0,0,0,0,0,0
ab6115f8667efbf773336f71d2ab8f62,0,0,0,0,0,0,0,0,0,0,0,0,0,0,0,0,0.001743585,0,0
4384fe206f8e57a3d02fc1eb2e0dc265,0,0,0,0,0,0,0,0,0,0,0,0,0,0.004670206,0,0,0,0,0
6332a8b08afb6aa3ef5901e06a2c287f,0,0,0,0,0,0,0,0,0,0,0,0,0,0,0,0.012069627,0,0,0
8bea27e05e23cdeacb4dda62cfb59aaa,0,0,0,0,0,0,0,0,0,0,0,0,0,0,0,0.010379879,0,0,0
7f78afb7e1d45cd528fe9cd909c93fb5,0.00820942,0.017848547,0.011757918,0.249158468,0.6013817,0.735172378,1.799622486,2.615286848,3.194898551,10.65215455,13.46267725,23.97812336,12.30591154,29.02933112,24.07568998,23.70933441,20.59483357,10.49636396,13.90784168
4ae80f5b33241febaf3739096afd09ca,0,0,0,0,0,0,0,0,0,0,0,0.013799629,0,0,0,0,0,0,0
68685530ccb6cde5b49f2a277fda2b94,0,0,0,0,0,0,0,0,0,0,0,0,0,0,0,0,0.007361802,0,0
dab85c37892abf37854fc0edf2a3b8df,0,0,0,0,0,0,0,0,0,0,0,0,0.002997505,0,0,0,0,0,0
337f3ac617d05dd84658bcfe764dad9c,0,0,0,0,0,0,0,0,0,0,0,0,0,0,0,0,0.004455827,0,0
5c52186b7c44d5709af099adc5dea216,0,0,0,0,0,0,0,0,0,0,0,0,0,0,0,0,0,0.021820976,0
85a27e670e0e57e67484195e26028b19,0,0,0,0,0,0,0,0,0,0,0,0,0,0,0,0,0,0.017393532,0
be017454a0758945d4ec45fbf9ac6f48,0,0,0,0,0,0.003949273,0,0,0,0,0,0,0,0,0,0,0.005618217,0,0
2c1453fb27de0eb5e19ae61028df3294,0,0,0.013064353,0,0,0,0,0,0.032927536,0,0,0.01548938,0,0,0,0.034519134,0.029253475,0.045539429,0
1d808a941e29c1b4f33534431001dd27,0,0,0,0,0,0,0,0,0,0,0.022071728,0,0,0,0,0,0,0,0
7b1ad2f99dd41971e10e79aaeb45e994,0,0,0,0,0,0,0,0,0,0,0,0,0,0,0,0,0,0.006324921,0
b4ac0621ed68fda2b501520e951949e1,0,0,0,0,0,0.011695924,0.007381552,0.014388374,0,0,0,0,0.010375979,0,0,0.018345833,0.012592555,0.019449131,0
a049ac86c03db7991ef693a1bb025681,0,0,0,0.007271906,0,0.007290966,0,0,0,0,0,0,0,0,0,0.01134545,0.009686581,0,0
b513381a51c3d1b0d7e568a804954430,0,0,0,0,0,0.009873183,0,0,0,0,0,0,0,0,0,0,0,0.017235409,0
3ece3ba63c0d48e9af0bd3e473afb6cc,0,0,0,0,0,0,0,0.007194187,0,0,0,0,0,0,0,0,0,0,0
456e90bd81f384fccd85730d1b5088e5,0,0,0,0,0,0.004860644,0,0,0,0,0,0,0,0,0,0,0,0,0
6fc9eb297f26be9914cfbb2e96bbc086,0,0,0,0,0.003643511,0,0.007170651,0,0,0,0,0,0,0,0,0,0,0,0
0fec351445f84bd482075ceda6123f46,0,4.600598197,11.00279795,25.80531576,6.149841406,23.89492503,17.94877203,35.15419541,42.29147826,30.10634697,27.73339506,12.78268118,24.86891679,6.597666232,9.004756517,35.21434451,31.84308514,43.36839975,52.3364486
c1795fae23a34030462cf6e6267b85b3,0,0,0,0.007846004,0,0.010632658,0,0,0,0,0,0,0.007839629,0,0,0,0.009105386,0.017551655,0
a214ccee6e9a8749c048daa053ae51dc,0,0,0,0,0,0.011999714,0,0.017186114,0,0,0,0,0,0,0,0,0,0.019291008,0
810035b7569c83b87fcb45b0c3fa51be,0,0,0,0,0,0,0,0.005195802,0,0,0,0,0,0,0,0,0,0,0
2ec1f8eb34a2ea797a6cbbdfb17fbfd2,0,0,0,0,0,0,0,0,0,0,0,0,0,0,0,0,0,0.005534306,0
e04d49b3a01d91878d1c27f4e22b074e,0,0,0,0,0,0.014278141,0,0,0,0,0,0,0,0,0,0,0.021891673,0,0
be437fdb39ff4822fcaf0522cbd7c1e0,0,0,0,0,0,0,0,0,0,0,0,0,0,0,0,0,0,0.012491718,0
c2ce31d453f856c02c1925a535ca7d46,0,0,0,0,0,0,0,0,0,0,0,0,0,0,0,0,0,0.006483044,0
534d7b1bce2cf035866320576094f81e,0,0,0,0.012438787,0,0.014278141,0,0.021582561,0.02226087,0,0,0,0.017293299,0,0,0.017621656,0.021310478,0.022769714,0
7c6299b064794dfea9e563a4645d1bbf,0,0,0,0.006315076,0,0,0,0.007993541,0,0,0,0,0,0,0,0,0.007749265,0.010436119,0
4e39e7f278e094156ebfcc28868dd7dd,0,0,0,0.008611468,0,0,0,0,0,0,0,0,0,0,0,0.011828235,0.011623897,0.013282333,0
090bf82b7f5b559151f7ac51857d5054,0,0,0,0,0,0,0,0,0,0,0,0,0.005072701,0,0,0,0,0,0
50f6937d35cf193c1881b6fb7c273225,0,0,0,0,0,0,0,0.010991119,0,0,0,0,0,0,0,0.01134545,0,0.013914825,0
270c5d9a2223e0f5d99547e426bc19e4,0,0,0,0,0,0,0,0,0,0,0,0,0,0,0,0,0,0.023876575,0
64c88f89738e90b17e368e96690366e4,0,0,0,0,0,0,0,0,0,0,0,0,0,0,0,0.007965954,0,0,0
48583aa878619934f2f6d8583cccae68,0,0,0,0,0,0.008961812,0,0,0,0,0,0,0.008531361,0,0,0,0,0.014863564,0
2f62caf32ac0a5313dea4b421d6dd293,0,0,0,0,0,0,0.003163522,0,0,0,0,0,0,0,0,0,0,0,0
0e941c919146c9d562604083a4eeadc8,0,0,0,0,0,0,0.0141304,0,0,0,0,0,0,0,0,0,0,0,0
3db5da918ad4c209aef4644be4ce75b0,0,0,0,0,0,0.003645483,0,0,0,0,0,0,0,0,0,0,0,0,0
f1270b35cb1a572502eb1f6a417b4ce9,0,0,0,0,0,0,0,0,0,0,0,0,0,0,0,0.008448739,0.004649559,0,0
451f992938efa5e0c6523168817f30f8,0,0,0,0,0,0.006379595,0.007170651,0,0,0,0,0,0,0,0,0,0,0,0
5b02c8639023ea8693ddee6bf1597c70,0,0,0,0,0,0,0,0,0,0,0,0,0,0,0,0,0.008524191,0.012333595,0
c6d0e484e529a485ffc0b1f08f1fb158,0,0,0,0.011481957,0,0.012303505,0,0.020783207,0,0,0,0.009856878,0,0,0,0,0,0.011226734,0
9e67f564a732feffc50f5fc690ec2e71,0,0,0,0.013969714,0,0.010784553,0,0.015387567,0.019478261,0,0,0,0.013142907,0,0,0.015931908,0.024216452,0.024509068,0
ea8b36aa3ca7fa26f798e2c40a19c43e,0,0,0,0,0,0,0,0,0,0,0,0,0,0,0,0,0,0.005850552,0
e9a0960d7d02f3ef158eaad301890820,0,0,0,0,0,0,0,0,0,0,0,0,0,0,0,0,0,0.004901814,0
5826f38e9afadfa40023cdc15629fe20,0,0,0,0,0,0,0,0,0,0,0,0,0,0,0,0,0,0.006166798,0
cabc3f75a6051be90646efa273cd5ad3,0,0,0,0,0,0,0,0,0,0,0,0,0,0,0,0,0,0.005534306,0
c9b1d29de9ba6aaa6bd23b386b8c8331,0,0,0,0.004592783,0,0,0,0,0.012057971,0,0,0.004224376,0,0,0,0,0,0,0
3ab03e560dde34c45b0a4e71c809c190,0,0,0,0,0,0.007139071,0,0,0,0,0,0,0.008531361,0,0,0,0.00716807,0.011859226,0
136c27e1efa2b99fb71cdff938615daa,0,0,0.002177392,0,0,0,0,0,0,0,0,0,0,0,0,0,0.008136728,0.010594242,0
da2888a920ecf21de9c4b00c6d513b19,0,0,0,0,0,0,0,0,0,0,0,0,0,0,0,0,0,0,0.005733616
acbbb1d2ae3e703c4ab7ef5605b5c849,0,0,0,0,0,0,0,0,0,0,0,0,0,0,0,0,0,0,0.005733616
a7fb4534a18c53a4aa893a95c3c35dc4,0,0,0,0,0,0,0,0,0,0,0,0,0,0,0,0,0,0,0.007644822
b24e75b90cb37f9b407738a392646776,0.033896959,0,0,0,0,0.272499844,0.006959749,0.011190958,0.008811594,0,0,0,0,0,0,0,0,0,0
8d941eda8589ac6399b9a5eea473711c,0.0066205,0,0,0,0,0,0,0,0,0,0,0,0,0,0,0,0,0,0
09ee5eb3e6c726c7c8242f6e97453fc2,0,0,0,0.03731636,0.080157238,0.152654595,0.35326001,1.126090119,1.466434783,1.043162264,1.44112232,1.709745918,1.338040185,1.451099611,1.04399972,0.467094575,0.340386456,0.526391522,1.171568909
0e2e50ea2d7a3366dcca1f3262040bb0,0,0,0,0,0,0,0,0,0,0,0.001615004,0,0,0,0,0,0,0,0
17e2d5f6e5fc504e01e29c78e545e138,0.00423712,0,0,0,0,0,0,0,0,0,0,0,0,0,0,0,0,0,0
d6a202591a42fa999f25af7a7aefcffd,0,0,0,0,0,0,0,0,0,0,0,0,0,0,0,0,0,0.002529968,0
ffa712fb62fa7468337cc7e0f0c527c3,0.00450194,0,0,0,0,0,0,0,0,0,0,0,0,0,0,0,0,0,0
f2a6e7637c20fbb79c069489fc527053,0.0066205,0,0,0,0,0,0,0,0,0,0,0,0,0,0,0,0,0,0
33df87d462384b48f155ad84b5e02c26,0.00370748,0,0,0,0,0,0,0,0,0,0,0,0,0,0,0,0,0,0
a353b92733af5260a57dd1a0ba3001e1,1.683725488,0.300180108,0.132167703,0.01607474,0,0,0,0,0,0,0,0,0,0,0,0,0,0,0
2a19b898afc817194e7a4996c2501bd5,0.0105928,0,0,0,0,0,0,0,0,0,0,0,0,0,0,0,0,0,0
38b371de3be6ddef03bea94294e9830d,9.648716285,6.365711319,11.39625271,3.002340406,0.189664979,0.063947845,0.010966878,0.02577917,0.021797101,0.01140068,0.008613357,0.007885503,0.00599501,0.004670206,0.003624999,0.004827851,0.003487169,0.014072948,0.038224108
3336d4e5c84fbbfc0c6d027d05b1ad16,0,0.005408651,0,0,0,0,0,0,0,0,0,0,0,0,0,0,0,0,0
41afcb39b8689b8b9b59ad8a8215958f,0,0,0.010016004,0,0,0,0,0,0,0,0,0,0,0,0,0,0,0,0
9afd475513b0a626050fef80f7d864d4,0.416561842,0,0,0,0,0,0,0,0,0,0,0,0,0,0,0,0,0,0
88399278e67a6f27c1c493c39b174391,0.043430478,0,0,0,0,0.001215161,0,0,0,0,0.002691674,0.002534626,0.005072701,0,0,0,0,0,0
630dbfa8fbc034c9f8692f9d429ea57e,0.0039723,0.004056488,0.002395131,0,0,0,0,0,0,0,0,0,0,0,0,0,0,0,0
aded20d81ae85d32dc13bca7fbd3340d,0,0,0,0,0,0,0,0.016586598,0,0,0,0,0,0,0,0,0,0,0
023bd97712c56fd071cfd4e6b41ee9c5,0,0,0,0,0,0.001670846,0,0,0,0,0,0,0,0,0,0,0,0,0
cb300bfb8d8466c3f220d5f95c2a03c2,0,0,0,0,0,0,0,0,0,0,0,0,0,0,0,0,0,0.006957413,0
00822d53733c27d8119b5fc4ed19f687,0,0,0,0,0,0,0,0,0,0,0,0,0,0,0,0,0,0.007431782,0
cbca50b47704f15a44a0f88d3c8f1218,0,0,0,0,0,0,0,0,0,0,0,0,0.004611546,0,0,0,0,0,0
e9930334cceb400c8d1aba7848ccc83f,0,0,0,0,0,0,0,0.015387567,0,0,0,0,0,0,0,0,0,0,0
7737a66fdaa3850b656f45f9cc17fb93,0,0.000540865,0,0,0,0,0,0,0,0,0,0,0,0,0,0,0,0,0
89628653ce7d25046e81ec1e41c9122f,0,0,0,0,0,0,0,0,0,0,0,0,0,0,0.011910711,0,0,0,0
5b7a288e8ea092f67f03a49612946d43,0,0,0,0,0,0,0,0.003597094,0,0,0,0,0,0,0,0,0,0,0
829161d9eeb2bc71c936ceac625d9240,0,0,0,0,0,0,0,0,0,0,0,0,0,0,0,0,0,0.006483044,0
63f37ee4b481fccdffca10160ed5b944,0.23886763,0.619290493,1.41508715,3.607822275,5.881638527,6.825255298,9.503432422,20.58236945,23.10956522,23.97705613,25.86321989,20.35163709,22.27907234,10.40521818,12.29651456,11.09802227,7.663247949,21.97467186,13.19878447
af2d8d803a1e0df98789044e20c2646a,0,0,0,0,0,0,0,0.006594672,0,0,0,0,0,0,0,0,0,0.007273659,0
805bb2155ac0c66c7f9e55320354963d,0,0,0,0,0.004250763,0,0,0,0,0,0,0,0,0,0,0,0,0,0
b205f848c768d43fafbde2ffda36af13,0,0,0,0,0,0,0,0,0,0,0,0.011546629,0,0,0,0,0,0.008538643,0
2d89f76fef6aec747e4f8f3e47743c45,0,0,0,0,0,0,0,0,0,0,0,0,0.017985031,0,0,0,0,0,0
e36ac8cd7dc84d43bd2784fdc182f91a,0,0,0,0,0,0,0,0,0,0,0,0,0,0.002668689,0,0.002655318,0,0,0
e488b5e82b70653740e0253dd342d132,0,0,0,0,0,0,0,0,0,0,0,0,0,0,0,0,0,0.006324921,0
7fc591cc291deb4581f5afce7ac913a3,0,0,0,0,0,0,0,0,0,0,0,0,0,0,0,0,0,0,0.011467232
dfa00f358503d3a79cb2c330ee60c1e2,0,0,0,0,0,0,0,0,0,0,0,0,0,0,0,0,0,0.008064274,0
d0eac523b3ddde02c23078445c33dc3e,0,0,0,0,0,0,0,0,0,0,0,0,0,0,0,0,0,0.005534306,0
ac524add8433af858bc0c3cb54fd3a75,0,0,0,0,0,0,0,0,0,0,0,0,0.008531361,0,0,0,0,0,0
47c6142121fd5fbdd963a7a6fccb2c5e,0.00900388,0,0,0,0,0,0,0,0,0,0,0,0,0,0,0,0,0,0
390239bf01b14308adb01f1634c4b99c,0.00423712,0,0,0,0,0,0,0,0,0,0,0,0,0,0,0,0,0,0
950c432d4df367cfd29389f23c4272f6,0.016683659,0,0,0,0,0,0,0,0,0,0,0,0,0,0,0,0,0,0
adf5bb1e5c1f167d69175bf8a8e04fb3,0.0013241,0,0,0,0,0,0,0,0,0,0,0,0,0,0,0,0,0,0
e0aa5d72484a7001d9f3237d5e0afdbe,0,0,0,0,0,0,0,0,0,0,0,0,0,0,0,0,0,0,0.009556027
1ec84bb16e1a78a4d73faef5bc502c2c,0,0,0,0,0,0,0,0,0,0,0,0,0,0,0,0,0,0.000474369,0
5fc9bb027baf249cda2d48b9d5bcee2c,0,0,0,0,0,0,0,0,0,0,0,0,0,0,0.000517857,0,0,0,0
b8819fef35b3fd387f12387e884e6ae5,0,0,0,0,0,0,0.001687212,0,0,0,0,0,0,0,0,0,0,0,0
4b802f02d58290e6ec0ab509d13074b6,0,0,0,0,0,0,0,0,0,0,0,0,0,0,0,0,0,0.001264984,0
7874e26358588d579568c866df84e136,0,0,0,0,0,0,0,0,0,0,0,0,0,0,0,0,0,0,0.013378438
5dc72706c08b5bf19c3eb0bc92e23362,0,0,0,0,0,0,0,0.000399677,0,0,0,0,0,0,0,0,0,0,0
a64cb893b96d0feaea202198ea9346e7,0,0,0,0,0,0,0,0,0,0,0,0,0,0,0,0,0,0,0.005733616
89ba93ab1401425c88076a1e5fc3361a,0,0,0,0,0,0,0,0,0,0,0,0,0,0,0,0,0,0,0.011467232
b1bd634983f2253fb9921c66fa8e8b42,0,0,0,0,0,0,0,0,0,0,0,0,0,0,0,0,0,0,0.005733616
9c958ede3f88bbd0ae42120738cebe7d,0,0,0,0,0,0,0,0,0,0,0,0,0,0,0,0,0,0.000316246,0
373b24ca711a549a9a098219879c0d47,0,0,0,0,0,0,0.000421803,0,0,0,0,0,0,0,0,0,0,0,0
b6c977dae72cf22622b55696045e6b0f,0,0,0,0,0,0,0,0,0,0,0,0,0,0,0,0,0,0,0.009556027
dddc690438f5f26b73ce5b4b7366c9ba,0,0,0,0,0.000809669,0,0,0,0,0,0,0,0,0,0,0,0,0,0
349da55900cd296d52fd154bfb27343b,0,0,0,0,0,0,0,0,0,0,0,0.002253001,0,0,0,0,0,0,0
a6651a449b279b248edf929c8333a191,0,0,0,0,0,0,0,0,0,0,0.001615004,0,0,0,0,0,0,0,0
67a8dc9f44ef6f2d8399c4dd22d04cf2,0,0,0,0,0,0,0,0,0,0,0,0,0,0,0,0,0,0,0.007644822
56f41554384fc19d9ef0161b6f0e6791,0,0,0,0,0,0.001215161,0,0,0,0,0,0,0,0,0,0,0,0,0
88d2e157e9592b9dd02289ff66b8e7a4,0,0,0,0,0,0,0,0.000599516,0,0,0,0,0,0,0,0,0,0,0
e4dc343d781d0efc23ceb52b8a4936ea,0,0,0,0,0,0,0,0,0,0,0,0,0,0,0,0,0,0,0.005733616
712e76a5d7842a97a23eda9641c3d251,0,0,0,0,0,0,0,0,0,0,0,0,0,0,0,0,0.000774926,0,0
94a6d209f6cf2ffadcf52fbaf974fa6b,0,0,0.002612871,0,0,0,0,0,0,0,0,0,0,0,0,0,0,0,0
0d37046c1c20f102fc585c696c80e53c,0.00079446,0,0,0,0,0,0,0,0,0,0,0,0,0,0,0,0,0,0
d7abc0a1de5d0d90ef2082eb3ec06f6d,0,0,0,0,0,0,0,0,0,0,0,0,0,0,0,0,0,0,0.005733616
5dfb2d1578133ad81a110967e7c71462,0.00476676,0,0,0,0,0,0,0,0,0,0,0,0,0,0,0,0,0,0
702860fda44c0d44ddacb5bd79fd5d24,0.057995578,0,0,0,0,0,0,0,0,0,0,0,0,0,0,0,0.002905974,0.028462143,0.036312903
4c301bbaaa0d8e3dc3356271c20fc5b5,0.011652079,0,0,0,0,0,0,0,0,0,0,0,0,0,0,0,0,0,0
35dbde30af820a2c3bcd85216229ad6a,0,0.015685087,0.171143022,1.761332213,26.65794923,9.143782401,1.25127859,0.016386759,0.023188406,0.194880382,0.169575469,0.349778361,0.243950804,0.062936581,0.104866043,0.031381031,0.0263475,0.027039036,0.005733616
f1ebffdf71f712f477b8ede6c75a5a98,0,0,0,0,0.001821755,0,0,0,0,0,0,0,0,0,0,0,0,0,0
24ed4714d5b19f89c5dd402b506efa21,0,0,0,0,0,0.001215161,0,0,0,0,0,0,0,0,0,0,0,0,0
54effa6447b125d0d37ed3907eb568c4,0,0,0,0,0.002024173,0,0,0,0,0,0,0,0,0,0,0,0,0,0
c9c58ce6cfd82ba2d1a35ed4588dc1db,0,0,0,0,0.00890636,0,0,0,0,0,0,0,0,0,0,0,0,0,0
532ff193b68d71a9e2229dd125e1eeb1,0.00873906,0,0,0,0,0,0,0,0,0,0,0,0,0,0,0,0,0,0
7b93ff9b2b7ff23722305deb2a9ef5a6,0,0,0,0,0.003643511,0,0,0,0,0,0,0,0,0,0,0,0,0,0
1aede2d5c2e052cf33e4fbbc76abf4bb,0,0,0,0,0,0.001518951,0,0,0,0,0,0,0,0,0,0,0,0,0
b5a4aad370e78b9f833c9424031c44ec,0.00423712,0,0,0,0,0,0,0,0,0,0,0,0,0,0,0,0,0,0
a777d4d917d8136a45eebcd830b6e5f4,0.00582604,0,0,0,0,0,0,0,0,0,0,0,0,0,0,0,0,0,0
8dba5d94c21557246f8c48418b0f3bda,0.014829919,0,0,0,0,0,0,0,0,0,0,0,0,0,0,0,0,0,0
3547314cbc17e38fbaed69287ddb4f31,0.0039723,0,0,0,0,0,0,0,0,0,0,0,0,0,0,0,0,0,0
bc96db08da9a54e69f83357f2429e767,0.00344266,0,0,0,0,0,0,0,0,0,0,0,0,0,0,0,0,0,0
3e3764ae6674e989f040377aa61069b5,0.00158892,0,0,0,0,0,0,0,0,0,0,0,0,0,0,0,0,0,0
398b644c70b3a3b47d64e696f8b639fc,0.00238338,0,0,0,0,0,0,0,0,0,0,0,0,0,0,0,0,0,0
326834f69c357dad79f31e792597dd1d,0.060643777,0,0,0,0,0,0,0,0,0,0,0,0,0,0,0,0,0,0
89056b9f86a0886730db47a8c45825eb,0.025422719,0,0,0,0,0,0,0,0,0,0,0,0,0,0,0,0,0,0
7d92b18666da2334d7051a3a9791dc97,0.00503158,0,0,0,0,0,0,0,0,0,0,0,0,0,0,0,0,0,0
144e3876b7943b5474d329bec54856a4,0,0,0,0,0,0,0.000843606,0.005795317,0.002782609,0.006412883,0.004306679,0.005632502,0.007839629,0.002223907,0.003366071,0.002655318,0.001743585,0.001423107,0
7762e0345755e644245415ce796d6cfa,0.023833799,0,0,0,0,0,0,0,0,0,0,0,0,0,0,0,0,0,0
88d9d7a5f4454e47ced69c6c7391068b,0.00238338,0,0,0,0,0,0,0,0,0,0,0,0,0,0,0,0,0,0
a8f1172cd5341236c5e2a3ced113b0b2,0.00503158,0,0,0,0,0,0,0,0,0,0,0,0,0,0,0,0,0,0
dbec03fc66ff2c2d4e6b089d27824139,0.0039723,0,0,0,0,0,0,0,0,0,0,0,0,0,0,0,0,0,0
fd570e30645c57d049c83863880fd312,0.0013241,0,0,0,0,0,0,0,0,0,0,0,0,0,0,0,0,0,0
58a5d06b791283b4270f688e0b7408c9,0.00370748,0.009465139,0.010451482,0.000765464,0.004250763,0.004556854,0.004428931,0.007993541,0.012985507,0.007125425,0.003230009,0.001971376,0.002075196,0,0.0018125,0.000724178,0,0.004427444,0
c040c750c7a9e9bdd14a5ee18b3c3b5b,0.00582604,0,0,0,0,0,0,0,0,0,0,0,0,0,0,0,0,0,0
07751ebfb567d65db3f366d9c4037e68,0,0,0,0,0,0,0,0.004995963,0.013913043,0.00570034,0.007536688,0.005350877,0.008070206,0.000889563,0.005696427,0,0.001549853,0.00316246,0
f4e4eee188c4e5fb2a3b609a95f7036c,0.00582604,0,0,0,0,0,0,0,0,0,0,0,0,0,0,0,0,0,0
fa8e5e27d8fba25e37fc05340a105914,0.042636018,0,0,0,0,0,0,0,0,0,0,0,0,0,0,0,0,0,0
de6e665cc2a0ca6ca74b71b0581558e7,0.032308039,0,0,0,0,0,0,0,0,0,0,0,0,0,0,0,0,0,0
8dcc2c0ebe2c9f41761691937e854ac8,0.00344266,0,0,0,0,0,0,0,0,0,0,0,0,0,0,0,0,0,0
9f113facb493f17c8499fb47ff434602,0.00238338,0,0,0,0,0,0,0,0,0,0,0,0,0,0,0,0,0,0
4d4be4592350230ffffb8321fc1688fa,0.0013241,0,0,0,0,0,0,0,0,0,0,0,0,0,0,0,0,0,0
c54740e67850b527400a77af33bd3d89,0.020126319,0,0,0,0,0,0,0,0,0,0,0,0,0,0,0,0,0,0
9b84a74b6116e653afc652d82998957e,0,0,0,0,0,0,0,0,0,0,0,0,0,0,0,0,0,0,0.003822411
a15ebfffea4805eb11e6a8a863299b6b,0,0,0,0,0,0,0,0,0,0,0,0,0,0,0,0,0,0,0.003822411
19463e5fe824700110e4a4ec8afe0512,0.023039339,0.024068495,0.014806267,0.004210051,0.003036259,0.007139071,0,0.006194994,0,0.016032207,0.022071728,0.027599259,0.015679258,0.05960072,0.049455344,0.235357732,1.021353099,0.943836286,0.40708675
135f3b8eaf65e4c59bcd692de4f6d6ae,0,0,0,0,0,0,0,0.012789666,0.019014493,0.011044409,0,0,0,0,0,0,0,0,0
7281c911136ba2bdcafebb9c71729dea,0.130026614,0.02569109,0.008927308,0,0,0,0,0,0,0,0,0,0,0,0,0.01424216,0.080398622,0.356409279,0.487357376
c39f594d9d2493b66260c1f7503e5ea1,0.773539187,0,0,0,0,0,0,0,0,0,0,0,0,0,0,0,0,0,0
0da3781f136fe864a45b19c6fdc57fde,0,0.001622595,0,0,0,0,0,0,0,0,0,0,0,0,0,0,0,0,0
29883fe16dfa7fad85b04c037bb05601,0,0,0,0,0.000809669,0,0,0,0,0,0,0,0,0,0,0,0,0,0
ce94860005cb569777791022ac3014af,0,0,0,0,0,0,0,0,0,0,0,0.014081254,0,0.013788226,0.014499996,0,0.011042702,0.006641167,0
0e94ac060981402de47bbf85360fea8b,0,0,0,0,0,0,0,0,0,0,0,0.012954754,0,0.011564319,0.013982139,0.009897094,0.009880313,0,0
3892a23964c9001040eea776fb2181d7,0,0,0,0,0,0,0,0,0,0,0,0,0,0.009785193,0.013464282,0.013035197,0,0,0
3ec71ebbc127b83786bd4d26c123ef7d,0,0,0,0,0,0,0,0,0,0,0,0,0,0,0.019160709,0,0,0,0
2be253ff64c2e3493d684bfe687d414a,0,0,0,0,0,0,0,0,0,0,0,0,0,0,0.005696427,0,0,0,0
c94e801a01830b859c8402d61787965f,0,0,0,0,0,0,0,0,0,0,0,0,0,0,0,0,0,0.002846214,0
450292bf5b89b2f473bab4a6233d8682,0.00185374,0,0,0,0,0,0,0,0,0,0,0,0,0,0,0,0,0,0
c4112b995ef6cd2f05559f6a3057bc7c,0.061703057,0,0,0,0,0,0,0,0,0,0,0,0,0,0,0,0,0,0
fae223fac07c33613d2f851500010fdb,0,0,0,0,0,0,0,0,0,0,0,0,0,0.016456915,0,0,0,0,0
7b6ecabe8f3fae795ee25df066ea90fe,0,0,0,0,0,0,0,0,0,0,0,0,0,0,0,0,0.000387463,0,0
d5d6dc4f4eb9678a8eda6557652e329b,0,0,0,0,0,0,0,0,0,0,0,0,0.000461155,0,0,0,0,0,0
0403d7903ae5f0b670561050b6df30cb,0,0,0,0,0,0,0,0,0,0,0,0,0,0,0,0,0,0,0.003822411
22216e3e181ee694bf4c8daa987ac8ab,0.00052964,0,0,0,0,0,0,0,0,0,0,0,0,0,0,0,0,0,0
84062ea22d23db6a01c565ec5523d81e,0.00052964,0,0,0,0,0,0,0,0,0,0,0,0,0,0,0,0,0,0
831363ded99c851c80f32aff0c59c9a2,0.00052964,0,0,0,0,0,0,0,0,0,0,0,0,0,0,0,0,0,0
60ec6b41425f294ba92e7b2f8cc23289,0.00635568,0,0,0,0,0,0,0,0,0,0,0,0,0,0,0,0,0,0
02e328ecac1fdf0f63bb40991465112b,0.00688532,0,0,0,0,0,0,0,0,0,0,0,0,0,0,0,0,0,0
d3648f626f4aadacf25eb043bdc62c58,0.00344266,0,0,0,0,0,0,0,0,0,0,0,0,0,0,0,0,0,0
3367cdf8e1c39dcc42dc3ca231342877,0,0,0,0,0,0,0,0,0,0,0,0,0.000691732,0,0,0,0,0,0
d0c4b664b4d2be62c80268e30a098b50,0.00953352,0,0,0,0,0,0,0,0,0,0,0,0,0,0,0,0,0,0
d3cf08daefed96f494257ceff63a6cf8,0,0,0,0.57754244,0.487420779,1.170048105,1.029199312,1.496790593,1.165913043,2.432620197,2.501103586,2.200055199,3.231310555,0.545524497,0.36638383,0.748075498,1.038982677,1.411564169,4.581159337
9e50dfdd487c628307774026eb126fb2,0,0.000811298,0,0,0,0,0,0,0,0,0,0,0,0,0,0,0,0,0
25f1616a67bfdd13341e589345005a90,0,0,0,0,0,0,0,0,0,0,0,0.001408125,0,0,0,0,0,0,0
3876f8d3b46ac99f7e99345288e684b5,0,0,0,0,0,0,0,0,0,0,0,0,0,0,0,0,0.000581195,0,0
05925c1c63113425269afd1340361c52,0,0,0,0,0,0,0,0,0,0,0,0,0,0,0,0.000482785,0,0,0
d5445352081b35d7e9b4eb100449a4b8,0,0,0,0,0,0,0,0,0,0,0,0,0,0,0,0,0,0,0.009556027
2abe61a0cef4e3df8717de8e17bd2f88,0,0,0,0,0,0,0,0,0,0,0,0,0,0,0,0,0,0,0.013378438
35312c87f964893154669f129407a254,0,0,0,0,0,0,0,0,0,0,0,0,0,0,0,0,0,0,0.007644822
864e7cae8a55031eca03d9e08dc49553,0,0,0,0,0.000607252,0,0,0,0,0,0,0,0,0,0,0,0,0,0
a97816a0b52b71fe5a7fc8bd537232e1,0,0,0,0,0,0,0,0,0,0,0,0,0,0,0,0,0,0,0.003822411
1c4d0577b5aae60dfa88bb9fa2dc36d6,0,0,0,0,0,0,0,0,0,0,0,0.001689751,0,0,0,0,0,0,0
6e6136a51bc1d0612894175086e106cd,0.017213299,0,0,0,0,0,0,0,0,0,0,0,0,0,0,0,0,0,0
ff6a63aa3a8877a90e31ca73fa5fbdd7,0.00079446,0,0,0,0,0,0,0,0,0,0,0,0,0,0,0,0,0,0
c5aceb1c0837567d8fd6258bde60c07e,0.00238338,0,0,0,0,0,0,0,0,0,0,0,0,0,0,0,0,0,0
63cfaf29532d78cc373acf2c16aa1925,0,0,0,0,0,0,0,0,0,0,0,0,0,0,0,0,0,0,0.003822411
b7161212930481a22c4413f74a63b3c3,0,0,0,0,0,0,0,0,0,0,0,0,0,0,0,0,0,0,0.007644822
1e58237ad5030f0effcef3a43dc356f9,0,0,0,0,0,0,0,0,0,0,0,0,0,0,0,0,0,0,0.007644822
ae9418ce9d02c32999138b34c48512fb,0.013240999,0,0,0,0,0,0,0,0,0,0,0,0,0,0,0,0,0,0
52fc77f20545190663b74a1784361e4e,0.00715014,0,0,0,0,0,0,0,0,0,0,0,0,0,0,0,0,0,0
dac9df4edca47d4aefa5e8b6eb75543a,0.00158892,0,0,0,0,0,0,0,0,0,0,0,0,0,0,0,0,0,0
7ba3402ab86ac791941e0dc862234ee8,0.101955696,0,0,0,0,0,0,0,0,0,0,0,0,0,0,0,0,0,0
ac2b4531feeeea309e70b76c5033f7e4,0.095864836,0,0,0,0,0,0,0,0,0,0,0,0,0,0,0,0,0,0
068318d9dda2d16e8aa77418261bd64b,0,0,0,0,0,0,0,0,0,0,0,0,0,0,0,0,0.020148088,0.010277996,0
a5b2537343a26f4daf0379a8b46eb2ef,0.085536856,0.08870187,0.061402458,0.875116494,2.142181937,2.541964824,3.420611403,1.829921423,1.566144928,0.889253077,0.721906997,0.309505973,0.810940433,0.200818843,0.243910649,0.504027635,0.503702211,0.234180188,0.338283355
aa58fe86d0f5e4b909114de614e7a57e,0,0,0,0,0,0.001670846,0,0,0,0,0,0,0,0,0,0,0,0,0
3a70b97a9fdb1d2359a2aadcf8b85355,0,0,0,0,0,0,0,0,0.001391304,0,0,0,0,0,0,0,0,0,0
17123c2e3b5a49f1a34d33c72878a37e,0.022244879,0,0,0,0,0,0,0,0,0,0,0,0,0,0,0,0,0,0
b4551c091eadcf47d15aad6921457f76,0,0,0,0,0,0.000759476,0,0,0,0,0,0,0,0,0,0,0,0,0
e29f9ab1342fe7d53d4f1e2d03bb5969,0.077327437,0.038401419,0.033749578,0.534676467,1.104186191,1.377233048,1.952736974,0.793358966,0.679884058,0.488091633,0.338074269,0.132927042,0.374918721,0.083396529,0.116776754,0.187320615,0.196443862,0.116220417,0.187298129
68c0d62cad841fbf52eb5c92f9f2f0ff,0,0,0,0.000574098,0,0,0,0,0,0,0,0,0,0,0,0,0,0,0
c048a804411d231b1deb9a1837203634,0,0,0,0,0.002631424,0,0,0,0,0,0,0,0,0,0,0,0,0,0
3e524f0bf09623c8530930bb8b27045c,0.00423712,0,0,0,0.003845928,0.014733827,0.026995392,0.007194187,0.008347826,0.004631526,0,0.017742381,0.003919814,0.003558252,0.008285712,0.046105976,0.090278935,0.034154572,0.076448216
713956008008d889ae4a6327cb4f1061,0,0,0,0,0,0,0,0,0,0,0,0,0,0,0,0.010138487,0.025572574,0,0
f0547f74dbcfeca9eef70572311914b5,0.171603353,0,0,0,0,0,0,0,0,0,0,0,0,0,0,0,0,0,0
24dce07cef9924ddcdee5af002e38965,0,0,0,0,0,0,0,0.000999193,0,0,0,0,0,0,0,0,0,0,0
096a35b50fcf7f2a0a2024a4dad55bab,0,0,0,0,0.000404835,0,0,0,0,0,0,0,0,0,0,0,0,0,0
8ceb27fb1241cb4a8c0e2673011e1f03,0,0,0,0,0,0,0,0,0,0,0,0,0,0,0,0,0,0,0.009556027
704d9e2c5c3cea3c4683fe56146b043e,0.053758458,0,0,0,0,0,0,0,0,0,0,0,0,0,0,0,0,0,0
7ca0aa981440578673a435c612592e0b,0.00476676,0,0.001741914,0.003061855,0.003441094,0.002582217,0.005272537,0.004196609,0.009275362,0.003206441,0,0.004787627,0,0,0,0,0,0,0
f9e991f7932771f75b908089e6a3c5f0,0.035221058,0,0,0,0,0,0,0,0,0,0,0,0,0,0,0,0,0,0
94c987167d228d5d7c91fde448e1cb6f,0.00476676,0,0,0,0,0,0,0,0,0,0,0,0,0,0,0,0,0,0
0f56dcf5f7ef8c3e005a919519bb421c,0,0,0,0,0,0,0,0,0.004637681,0,0,0,0,0,0,0,0,0,0
04869be25e3dc4d526ce3824d407aedf,0.246017769,0.285306319,0.10799865,0.886981183,3.190500962,3.660824274,6.194387911,6.21597749,4.275478261,3.547392985,2.931771445,3.083231479,4.114652266,1.423078377,2.190794056,3.078720523,2.537303023,1.208850461,1.477361772
5613f4a6a9df36d05e0e24570423fed1,0,0,0,0,0,0,0,0,0,0,0,0,0,0,0,0,0.001549853,0,0
043c5bc3b765f90981eb6625127663ef,0,0,0,0,0.009513612,0.009569393,0.021722854,0,0,0,0,0,0,0,0,0,0,0,0
8e3c32e30c2ec199a4aa3d47459798ee,0,0,0,0,0,0,0,0,0,0,0,0,0.004150392,0,0,0,0,0,0
522fc29c9966a380a17ce86687cc600b,0.0052964,0.005949516,0,0.003444587,0.012145036,0.013214875,0.019824741,0.021182884,0.012057971,0.009975595,0.011843366,0.007603877,0.012220598,0.003780643,0.003883928,0.010138487,0.005618217,0.003478706,0
7a930632221fc23ee8e8a505e317770b,0,0,0,0,0,0,0,0,0,0,0,0,0,0,0,0,0,0,0.003822411
5be77bcb71808d5620f46714bcd5152e,0,0,0,0,0,0,0,0,0,0,0,0,0,0,0,0,0,0,0.005733616
4052ad7208717391c9277f1041875b5e,0,0,0,0,0,0.00030379,0,0,0,0,0,0,0,0,0,0,0,0,0
becd617ee75c6fa3b44dc64387a49d69,0,0,0,0,0,0,0,0,0,0,0,0,0,0,0,0,0,0,0.005733616
59c3ac9deb1ea4fa232648b8f4b28a36,0,0,0.000435478,0,0,0,0,0,0,0,0,0,0,0,0,0,0,0,0
27f9f2f9ea4b00c85219ad536764faa1,0,0,0.000435478,0,0,0,0,0,0,0,0,0,0,0,0,0,0,0,0
668b3a3c495b62d0a11eee027108aeb5,0,0,0,0,0.000607252,0,0,0,0,0,0,0,0,0,0,0,0,0,0
14c8b025a99dcfc988355547ce07b28c,0,0,0,0,0,0,0,0,0,0,0,0,0,0,0,0,0,0,0.005733616
c9d950f94a43988a7a62630fcbb17f09,0,0,0,0,0.000809669,0,0,0,0,0,0,0,0,0,0,0,0,0,0
41462a2ea2ecfae926f39321194827f4,0,0,0,0,0,0,0,0,0,0,0,0,0,0,0,0,0,0,0.003822411
55e55fef9eb6e14a254537eba4947311,0,0,0,0,0,0.00030379,0,0,0,0,0,0,0,0,0,0,0,0,0
5b471f2048077b60e75a72008f312bff,0,0,0,0,0,0.00030379,0,0,0,0,0,0,0,0,0,0,0,0,0
c505e41b90e3118dfaa54d8f1a81366a,0,0,0,0,0.000809669,0,0,0,0,0,0,0,0,0,0,0,0,0,0
e55e48fe52d8325396d7b7a722adba80,0,0,0,0,0,0,0,0,0,0,0,0,0,0,0,0.001206963,0,0,0
8ec676a5f5998d5f08fbafc386507a28,0,0,0,0,0,0,0,0,0,0,0,0,0.000691732,0,0,0,0,0,0
84f15f87dd256dbeaf017a4e75dd5cad,0,0,0,0,0,0,0,0,0,0,0,0,0,0,0.001035714,0,0,0,0
366733dfd74c03f461869ba27c83b891,0,0,0,0,0,0,0,0,0,0,0,0,0,0,0,0,0,0,0.003822411
78a0364df0e0d26085d92c0946f18d33,0,0,0,0,0,0.001518951,0,0,0,0,0,0,0,0,0,0,0,0,0
c1780feec5ab45ac27fab43e831dc384,0,0,0,0,0,0.00030379,0,0,0,0,0,0,0,0,0,0,0,0,0
efef0fd59127f1abb17a8e0847606057,0,0,0,0,0,0,0,0.001199031,0,0,0,0,0,0,0,0,0,0,0
ca260e01990acd1b27aa3f46c03d1814,0,0,0,0,0,0,0,0,0,0,0,0,0,0,0,0,0,0.000316246,0
d258dca6623596db00e28d2680d9fb5a,0,0,0,0,0,0,0,0,0,0,0,0,0,0,0,0,0,0,0.005733616
4e30c15ffca7105949402a82b0d91683,0,0,0,0,0,0,0,0,0,0,0,0,0,0,0,0,0,0,0.003822411
6646c8006e8b8888438aa97bce9800c2,0,0,0,0,0,0,0,0,0,0,0,0,0,0,0,0,0,0,0.003822411
e43ec76f89f5610f7128687a95970eea,0,0,0,0,0,0,0,0,0,0,0,0,0,0,0,0,0,0,0.003822411
44f36296fa6c3d11f304f1300a6aa365,0,0,0,0,0,0,0,0,0,0,0,0,0,0,0,0,0,0,0.003822411
607a06d9faf3f514074b5a4908b55a82,0,0,0,0,0,0,0,0,0,0,0,0,0,0,0,0,0.000581195,0,0
35642394927b4d894a1ac8d30f690a93,0,0,0,0,0,0,0.000843606,0,0,0,0,0,0,0,0,0,0,0,0
bbb8763717da88ebc18aff53f9de028f,0,0,0,0,0,0.000455685,0,0,0,0,0,0,0,0,0,0,0,0,0
6f5c69090502aa2182ea4a5a24b1cc94,0.0052964,0,0,0,0,0,0,0,0,0,0,0,0,0,0,0,0,0,0
4067001164170581ba105a05e975bbe3,0.014035459,0,0,0,0,0,0,0,0,0,0,0,0,0,0,0,0,0,0
6d56db03597652c712579ef83511cad9,0,0.001352163,0.002395131,0.002105025,0,0,0,0,0,0,0,0,0,0,0,0,0,0,0
923e86a70ad8194f9dab67ab8397371f,0,0.001622595,0.001306435,0.001148196,0,0.001063266,0.001054507,0.001998385,0.004173913,0,0,0.001971376,0,0.00289108,0.002330357,0.001689748,0.000774926,0,0
613419874443169bf5144b900aec08b4,0,0,0,0,0,0,0,0,0,0.001068814,0,0,0,0,0,0,0,0,0
c86ca8792c7be96d7699dead5edccd91,0.01032798,0,0,0,0,0,0,0,0,0,0,0,0,0,0,0,0,0,0
9e1c950d882ef8c3e0f61aa7ec52060e,0.01138726,0,0,0,0,0,0,0,0,0,0,0,0,0,0,0,0,0,0
99b459540b7b4682716095be1962981e,0.037869258,0,0,0,0,0,0,0,0,0,0,0,0,0,0,0,0,0,0
8a5b1b1f58eaa67ae9c35c6521b3eb71,0.00847424,0,0,0,0,0,0,0,0,0,0,0,0,0,0,0,0,0,0
d2e381c85060771ec94f8f66bf491409,0.01112244,0,0,0,0,0,0,0,0,0,0,0,0,0,0,0,0,0,0
9b38c83e9f4e2a1c9ccca312a8701603,0.069382837,0,0,0,0,0,0,0,0,0,0,0,0,0,0,0,0,0,0
614e12aec73ab6030db3c1a7f5141bba,0.021980059,0,0,0,0,0,0,0,0,0,0,0,0,0,0,0,0,0,0
60ac965b34c1883a7fe6e2307252fd16,0.00582604,0,0,0,0,0,0,0,0,0,0,0,0,0,0,0,0,0,0
c487c317433b2236a0872af25cb3b3de,0.01138726,0,0,0,0,0,0,0,0,0,0,0,0,0,0,0,0,0,0
ef9fddde19882aba901f1b0419ec09d8,0.089509156,0,0,0,0,0,0,0,0,0,0,0,0,0,0,0,0,0,0
84444bac9dbd64e8d26d1a9dcfc67902,0.0052964,0,0,0,0,0,0,0,0,0,0,0,0,0,0,0,0,0,0
3343d19c0bc1759a66023cbc86c92592,0.711571309,0.040835312,0.114095348,0.150222272,0.089266015,0.06941607,0.588204279,0.299957634,0.308405797,0.232645136,0.356377653,0.36188824,0.225735196,0.059155938,0.040910703,0.024863432,0.242745719,0.523861554,0.210232594
71f4b4a0a56c9a9b81c740f6e3a18596,0,0,0,0,0,0,0,0,0,0,0,0,0,0,0,0,0,0.000790615,0
ed2d2e8b1f87bc9682f5032af247e55d,0,0,0,0,0,0,0,0,0,0,0,0,0,0,0,0,0,0.00158123,0
f9ceb4443de3c6d51433fa57c3ade975,0.00158892,0,0,0,0,0,0,0,0,0,0,0,0,0,0,0,0,0,0
a061d8883eca2028db1d268500722130,0.69568211,0.030829308,0.130861267,0.144864025,0.090480518,0.058327726,0.504054581,0.259190574,0.287536232,0.184192244,0.356377653,0.364141241,0.231499629,0.052484216,0.024339279,0.019794189,0.241195867,0.483698308,0.185386924
5f452e591d65c3a4fee53f0cc354ea72,0.00370748,0,0,0,0,0,0,0,0,0,0,0,0,0,0,0,0,0,0
3ade0fa13e56aac194bb3373200d6def,0.22297843,0,0,0,0,0,0,0,0,0,0,0,0,0,0,0,0,0,0
bfc10ae6c8d6d83371b3bd138d881468,0.00556122,0,0,0,0,0,0,0,0,0,0,0,0,0,0,0,0,0,0
fa7645eda32b4e6cfa5a7641e34be6b8,0.0079446,0,0,0,0,0,0,0,0,0,0,0,0,0,0,0,0,0,0
2750b310e92cd153994e7af71d6851e0,0.00211856,0,0,0,0,0,0,0,0,0,0,0,0,0,0,0,0,0,0
8b36978991475cb71d3317e4daaf9e1a,0.00291302,0,0,0,0,0,0,0,0,0,0,0,0,0,0,0,0,0,0
690ef1f68aa77e7be7d8be58f2815e17,0.00079446,0,0,0,0,0,0,0,0,0,0,0,0,0,0,0,0,0,0
d21206f5365da44b1152796d3281ae34,0.00105928,0,0,0,0,0,0,0,0,0,0,0,0,0,0,0,0,0,0
2096bed8d8d3c009cd128c5f66954ed4,0.068853197,0,0,0,0,0,0,0,0,0,0,0,0,0,0,0,0,0,0
f58368d26234da28cbe5f17910c56a6c,0.00609086,0,0,0,0,0,0,0,0,0,0,0,0,0,0,0,0,0,0
d48429274cd09a4257ad8b24c009e8fd,1.533572554,0.094651385,0.012846614,0.018179765,0.001821755,0.003949273,0,0,0,0,0,0,0,0,0,0,0,0.003478706,0
a5ea8c2ae0dc9882cf9358924dd4f453,0.834977424,0.027043253,0.003919306,0.061045738,0.004655597,0.003341693,0.005061636,0.000799354,0,0,0,0,0,0,0,0,0.000581195,0.006324921,0
051d14c7d7e9a5358e8da8a52b48bca3,0.153860413,0,0,0,0,0,0,0,0,0,0,0,0,0,0,0,0,0,0
c5f63d06bc0e136c998bf43f719776c3,0.074414417,0,0,0,0,0,0,0,0,0,0,0,0,0,0,0,0,0,0
1cb61b915d95b3ecc06c6a25f791670e,0.037604438,0,0,0,0,0,0.000843606,0,0,0,0,0,0,0,0,0,0,0,0
1541d3f52b75573d379c2d7efdd61f0e,0.014300279,0,0,0,0,0,0,0,0,0,0,0,0,0,0,0,0,0,0
ccd295e3a04fb7bb78f97b49d1d76562,0.00556122,0,0,0,0,0,0,0,0,0,0,0,0,0,0,0,0,0,0
10bb410cab85c3ad55c3e1b7a643ae2a,0.042636018,0,0,0,0,0,0,0,0,0,0,0,0,0,0,0,0,0,0
e1809c067af83a3dc4623ce28f35fe79,0.147239914,0,0,0,0,0,0,0,0,0,0,0,0,0,0,0,0,0,0
cb6e61a6c468d63ca89dc4f8c67e8554,0.091892536,0,0,0,0,0,0,0,0,0,0,0,0,0,0,0,0,0,0
d75d2dcd4fa20c295e2b228aaab734d6,0.00079446,0,0,0,0,0,0,0,0,0,0,0,0,0,0,0,0,0,0
f486ad1bcca90a8bd9b68c76212312c3,0.011916899,0,0,0,0,0,0,0,0,0,0,0,0,0,0,0,0,0,0
62925abc081ef537aea1336e58a4548a,0.078916357,0,0,0,0,0,0,0,0,0,0,0,0,0,0,0,0,0,0
49eeeeee727d06a37cada5eee00468b5,0.00450194,0,0,0,0,0,0,0,0,0,0,0,0,0,0,0,0,0,0
fe5a45686af6b4b7eaff28a4dcaef15b,0.00291302,0,0,0,0,0,0,0,0,0,0,0,0,0,0,0,0,0,0
603ab94ae666e02cf4cc8a2132414ef5,0.00370748,0,0,0,0,0,0,0,0,0,0,0,0,0,0,0,0,0,0
d947bf2404132e0163f3c59d1bce36f7,0.032837679,0,0,0,0,0,0,0,0,0,0,0,0,0,0,0,0,0,0
ae815c4df4c6f21bff23c4999800dfeb,0.00211856,0,0,0,0,0,0,0,0,0,0,0,0,0,0,0,0,0,0
74733b3a404e0fd05016159ab938bbc7,0,0,0,0,0,0,0,0,0,0,0,0,0,0,0.0018125,0,0,0,0
4427597bcba686e28f83a29252ed6e17,0,0,0,0.0089942,0,0,0.007592454,0,0,0,0,0,0,0,0,0,0.009105386,0.001897476,0
dadee534fc569a6d56bf35dd37119e02,0,0,0.000435478,0,0,0,0,0,0,0,0,0,0,0,0,0,0,0,0
d507739f21b50e7da4bcbf7a7a2ea121,0,0,0.000435478,0,0,0,0,0,0,0,0,0,0,0,0,0,0,0,0
75177c23d41ead53f764d1f59baa615e,0,0,0,0,0,0,0,0,0,0,0,0,0,0,0,0,0,0,0.005733616
98250dc58799b80cb124a1f158f2cf22,0,0,0,0.003061855,0,0,0,0,0,0,0,0,0,0,0,0,0,0,0
f59f09ec54e73f740708fa68eeb78a8c,0,0.725029612,0.078821595,0,0,0,0,0,0,0,0,0,0,0,0,0,0,0,0
d320c54f3dd1a81501e597b4e5a53ac8,0,0,0,0,0,0,0,0,0,0,0,0,0,0,0,0.003379496,0,0,0
dec17ecd030a71bf1867316e52e3532c,0,0,0,0,0.003845928,0,0,0,0,0,0,0,0,0,0,0,0,0,0
4b99ad27979703cf85b4166c91bfa04d,0,0,0,0,0,0,0.003585325,0,0,0,0,0,0,0,0,0,0,0,0
a238153d3168c0f00aeb8fb5d90d7e0c,0,0,0,0,0,0,0,0,0,0,0,0,0,0,0,0.006517599,0,0,0
f2503a995bd8c1a94ce5d1e49159c7d1,0,0,0,0,0,0,0,0,0,0,0,0.000844875,0,0,0,0,0,0,0
877caa2770bea94625b47a0efd4dd338,0,0,0,0,0,0,0,0,0,0,0,0,0,0,0,0.007000384,0,0,0
2871f7c0a608cd90fc35f64431456aa1,0,0,0,0,0,0.003797378,0,0,0,0,0,0,0,0,0,0,0,0,0
a279fb62a47697ac7088fbfeb831c6cf,0,0,0,0,0,0.002430322,0,0,0,0,0,0,0,0,0,0,0,0,0
c55a8101fb6c187736f0af61f720cb92,0,0.409705283,0.934754445,10.71132638,12.49218163,7.876673315,11.66369647,0.124299566,0.091826087,0.236207849,0.295545818,2.25328234,0.323961134,0.338033932,3.946847157,7.42957976,7.936603265,2.9197415,1.859602852
15c6e0bf37328b13715a4ae6571a255e,0,0,0,0,0.008299108,0,0,0,0,0,0,0,0,0,0,0,0,0,0
949479e3fb297c277f93012cef3a75ac,0,0,0,0,0,0,0,0,0,0,0,0,0,0,0,0,0,0.000474369,0
62d932ca73039e553c5cd4450ffec6eb,0,0,0,0,0,0,0,0,0,0,0,0,0,0,0,0,0.000581195,0,0
0076646b67a05bdb4dd624ec0945e62c,0,0,0.000435478,0,0,0,0,0,0,0,0,0,0,0,0,0,0,0,0
e56ff94be490db15f612984e45450ce3,0,0,0,0,0,0,0,0,0,0,0,0.00056325,0,0,0,0,0,0,0
522c7a0c6142aec0c66fafcf71cd5223,0,0,0,0,0,0.001518951,0,0,0,0,0,0,0,0,0,0,0,0,0
794d1f76593fbe8de481cb6027cffe80,0,0,0,0,0,0,0,0,0,0,0,0,0,0,0,0.00096557,0,0,0
6219ede074ea18c403811253abfc21e5,0,0,0,0,0,0,0,0,0,0,0,0,0,0,0,0,0,0,0.005733616
093d3a5da71af130de9f3cdf5657ab32,0,0,0,0,0,0,0,0,0,0,0,0,0,0,0,0,0,0,0.007644822
6d895cdfe89d25dc579a9c3905c1ad68,0,0,0.000435478,0,0,0,0,0,0,0,0,0,0,0,0,0,0,0,0
00fb4699f8a2077aa4225851ec609f82,0,0.039212717,0.017854616,0.024686208,0.012752288,0.005620119,0.00569434,0,0,0,0,0,0,0,0,0,0,0,0
3d002319a68cb81e39764750ce844423,0.0013241,0,0,0,0,0,0,0,0,0,0,0,0,0,0,0,0,0,0
85856de71cc20a58c1522fd9ba454442,0.00873906,0,0,0,0,0,0,0,0,0,0,0,0,0,0,0,0,0,0
a1fc4f2226c42bb7298da8c51ceea5a0,0.00052964,0,0,0,0,0,0,0,0,0,0,0,0,0,0,0,0,0,0
30b92827daeee78c39eefccd5bfca43d,0.00052964,0,0,0,0,0,0,0,0,0,0,0,0,0,0,0,0,0,0
b4047348b90c6f16b7fba7f7330bf87e,0.00105928,0,0,0,0,0,0,0,0,0,0,0,0,0,0,0,0,0,0
3115ae1d2080a58703f7d1b3f173f747,0,0,0,0,0,0,0,0,0,0,0,0,0,0,0,0,0,0,0.003822411
64b0ba388dd3728a36854c2f014b3129,0.0026482,0,0,0,0,0,0,0,0,0,0,0,0,0,0,0,0,0,0
021829170463632e041095dab11c0e95,0.00052964,0,0,0,0,0,0,0,0,0,0,0,0,0,0,0,0,0,0
eb806bb1dd30405c489b4706cacd2d26,0.00079446,0,0,0,0,0,0,0,0,0,0,0,0,0,0,0,0,0,0
e5e089e059da889289ee4eda3c3a2d00,0.00079446,0,0,0,0,0,0,0,0,0,0,0,0,0,0,0,0,0,0
179e72f0ecdfeb920df685432f3f2d1a,0.00238338,0,0,0,0,0,0.067277578,0.060551075,0.055652174,0.041327467,0.047911799,0.034358261,0.059488948,0.194814293,0.05877677,0.001206963,0.002131048,0,0
8c932073a2765a0e8639a784955bd290,0.016154019,0,0,0,0,0,0,0,0,0,0,0,0,0,0,0,0,0,0
708043a43693e1145f5e15e5ee3b2b06,0.00291302,0,0,0,0,0,0,0,0,0,0,0,0,0,0,0,0,0,0
676c29f329b29adbd48921804b86030e,0.025687539,0,0,0,0,0,0,0,0,0,0,0,0,0,0,0,0,0,0
79f2b1b38f1fbd05cc7592334ee0803d,0.013770639,0,0,0,0,0,0,0,0,0,0,0,0,0,0,0,0,0,0
dc6c7b33d252a7891fd83a442747c837,0.00158892,0,0,0,0,0,0,0,0,0,0,0,0,0,0,0,0,0,0
513be4a37b7f822529b6bc15793afd03,0.0013241,0,0,0,0,0,0,0,0,0,0,0,0,0,0,0,0,0,0
3f602caee36e03c625a1f30eb97314e2,0.012181719,0,0,0,0,0,0,0,0,0,0,0,0,0,0,0,0,0,0
92d6b69fbdf22335e1e29eb7ddea612a,0,0.003786055,0.00283061,0.004401417,0,0.001215161,0,0,0,0,0,0,0,0,0,0,0,0,0
f5ec59d59b201d9d82b91bbfb69dc2fc,0,0,0,0,0,0,0,0,0,0,0,0,0,0,0,0,0,0.000474369,0
41378c0d1422c99fe376b37f5e1eb290,0,0,0,0,0,0,0,0.000599516,0,0,0,0,0,0.000667172,0.000776786,0,0,0,0
6f3c1873f4d89207f35ba8fe4718c143,0,0,0,0,0,0,0,0,0,0,0,0,0.000691732,0,0,0,0,0,0
b04a73565cfbfe585d234694b827d9d1,0,0.002974758,0.006314437,0.00191366,0.001012086,0.001518951,0,0,0,0,0,0,0,0,0,0,0,0,0
14f013032d3d55ac24bde620c2d8f945,0.00158892,0,0,0,0,0,0,0,0,0,0,0,0,0,0,0,0,0,0
52be19846e0f0c7f419cde01b6e10585,0.00158892,0,0,0,0,0,0,0,0,0,0,0,0,0,0,0,0,0,0
cca5f50c3116400e50fe7a3e7a0be852,0.0052964,0,0,0,0,0,0,0,0,0,0,0,0,0,0,0,0,0,0
4767afde4b029b318194cf99b257de2d,0,0,0,0,0,0,0.004850734,0.005195802,0.004637681,0.001068814,0,0,0,0,0.001553571,0,0,0,0
e4584b51fe909644e9845c5dc09526e9,0,0.003515623,0.007185394,0,0,0,0,0,0,0,0,0,0,0,0,0,0,0,0
f34375ad68967fbbb5c6ca6b32bea110,0.00079446,0,0,0,0,0,0,0,0,0,0,0,0,0,0,0,0,0,0
eb689bb0db80cb3fc1f81366f262fd18,0.033102499,0,0,0,0,0,0,0,0,0,0,0,0,0,0,0,0,0,0
bbb265fb3e7a0752ebf597a8844bfc16,0.0026482,0,0,0,0,0,0,0,0,0,0,0,0,0,0,0,0,0,0
800e0527da5f9218e61c70f7d0ec8715,0,0,0,0,0,0,0,0,0,0,0,0,0,0,0,0.002172533,0.023635258,0.017709778,0
e7a13ec86ee02e4891bd50da7bb8f534,0.00079446,0,0,0,0,0,0,0,0,0,0,0,0,0,0,0,0,0,0
8102b0f64f0661286e71a73878df9ce7,0.00370748,0,0,0,0,0,0,0,0,0,0,0,0,0,0,0,0,0,0
ebd4d8e08540f7586c3a30987c6ef7b0,0.00185374,0,0,0,0,0,0,0,0,0,0,0,0,0,0,0,0,0,0
dd6cd878e1ac746a5df199e3ea0152a2,0.00344266,0,0,0,0,0,0,0,0,0,0,0,0,0,0,0,0,0,0
24d1b9eb90c847a42a0dc2c748b53fd5,0.00291302,0,0,0,0,0,0,0,0,0,0,0,0,0,0,0,0,0,0
432a02504adb954775f641117e6d7b14,0.0052964,0,0,0,0,0,0,0,0,0,0,0,0,0,0,0,0,0,0
089e886fa6644f9380d46e458a8bf9d6,0.00238338,0,0,0,0,0,0,0,0,0,0,0,0,0,0,0,0,0,0
cd26adf889179ccd2d1b553ce33b5276,0,0,0,0,0,0,0,0,0,0,0,0,0,0,0,0,0.000581195,0,0
6ccc148642fc55d9ec07d0d348c37148,0,0,0,0,0,0,0,0,0,0,0,0,0,0,0.001294643,0,0,0,0
a5723c72b7103b8c043b31cab7252af4,0.00052964,0,0,0,0,0,0,0,0,0,0,0,0,0,0,0,0,0,0
43a52ec4605b37f3671b33e61ff6fedd,0.048197238,0,0,0,0,0,0,0,0,0,0.048450134,0.11180516,0.08346899,0.022683856,0.431115956,0.431127086,0.323725537,0.226906529,0.101293886
5976a56adfe903f7348b5eb5689e3c55,0.086596136,0,0,0.00191366,0.004250763,0.004860644,0,0,0,0.014607122,0.139428719,0.228961198,0.159790082,0.045367712,0.786365861,0.841977198,0.618585062,0.43768451,0.250367907
a5f80c6cfc12861f45f935186dc8a472,0,0,0,0,0,0,0,0,0,0,0,0,0,0,0,0.000724178,0,0,0
27bf144e99719b4fc317b863187fbb02,0,0,0,0.003444587,0,0,0,0,0,0,0,0,0,0,0,0,0,0,0
ec92f6331d8ecb50e3f0dee8fbf3bcb0,0.038663718,0.095462683,0.014806267,3.044632281,1.194464293,1.403055218,0.210057892,0.039568029,0.035246377,0.112937991,0.160423777,0.041962138,0.227810392,0.006894113,0.004660713,0.017380263,0.014529871,0.011384857,0
a78e9b647bb90b68b85b5c924f0a8bc0,0,0,0,0,0,0,0,0,0,0,0,0,0.000461155,0,0,0,0,0,0
07c98191a29a6be9185f213be81a429f,0.087390596,0,0,0,0,0,0,0,0,0,0,0,0,0.004670206,0.015276782,0,0,0.003953075,0
ea156f972cd3802c3fac147e4200ba7a,0.173192273,1.285906679,3.017865502,0.178735798,0.045341468,0.041923053,0.009279666,0,0.002782609,0,0,0,0,0.004892596,0.015017853,0,0,0.010277996,0
9d169a06854ffc97e3fa36d6dad78813,0.015359559,0.031911039,0.109522825,0.010333761,0.018824806,0.008658022,0.003796227,0,0,0,0,0,0,0,0.016571424,0,0,0.007589905,0
67eb9981d1bfffccac7b787cebaaa01b,0.044224938,0,0,0,0,0,0,0,0,0,0,0,0,0,0,0,0,0,0
c3764288be8ac8815185c4ee6d913e81,0.029659839,0,0,0,0,0,0,0,0,0,0,0,0,0,0,0,0,0,0
52bbb433f19eef3b3b7f88453db7aeb4,0.0026482,0,0,0,0,0,0,0,0,0,0,0,0,0,0,0,0,0,0
58170f812d875827788d594fb6ddd4ce,0.0092687,0,0,0,0,0,0,0,0,0,0,0,0,0,0,0,0,0,0
b65ddb808f41ed58f0a87829f790124c,0.433510321,0,0,0,0,0,0,0,0,0,0,0,0,0,0,0,0,0,0
65db89cb7753aa9ae2885315cf5ffe04,0.102485336,0,0,0,0,0,0,0,0,0,0,0,0,0,0,0,0,0,0
e561c5c5f92aa66e6b1befb81385d1fc,0.073355137,0,0,0,0,0,0,0,0,0,0,0,0,0,0,0,0,0,0
281228d4a8faf2330f12bda44eeeb6af,0.045019398,0,0,0,0,0,0,0,0,0,0,0,0,0,0,0,0,0,0
0cdf6b354c008cd74c18af9f484f8bf7,0.038928538,0,0,0,0,0,0,0,0,0,0,0,0,0,0,0,0,0,0
1f003e944f4c451188139f78a4dbead3,0.0013241,0,0,0,0,0,0,0,0,0,0,0,0,0,0,0,0,0,0
4bea53b2aad77f2569a0182f6b84255e,0,0.163341248,0.153288406,1.152979855,0.230755684,0.514164979,0.024464574,0.101118296,0.076521739,0.098330869,0.33376759,0.129547541,0.457004247,1.245610563,0.888124762,0.24090976,0.115076582,0.060719238,0.009556027
7e07d92eab06d89b09f0c89c8e30de6b,0,0,0,0,0,0,0,0,0,0,0,0,0,0,0,0.000482785,0,0,0
9cf7d9633bfa9472ea4578871edcdd08,0.00344266,0.007842543,0.005225741,0,0,0,0,0,0,0,0,0,0,0,0,0,0,0,0
af9554a6cc07a34c1cb6004e3dbb865a,0,0,0,0.002487757,0,0,0.001054507,0,0,0,0,0,0,0,0,0.008931524,0.018210772,0.030675865,0.030579286
67455bdb5a0d6592c786f133e9b834a1,0,0,0,0,0,0.000911371,0,0,0,0,0,0,0,0,0,0,0,0,0
04749d839f517a8461ff731c4a0a4b60,0,0,0,0,0,0.000911371,0,0,0,0,0,0,0,0,0,0,0,0,0
719f0e4282225d16eaa96f28f01d76ba,0,0,0,0,0,0,0,0,0,0,0,0.001971376,0,0,0,0,0,0,0
fc410ccd704831af6715f039dc5b4ad6,0,0,0,0,0,0.003341693,0,0,0,0,0,0,0,0,0,0,0,0,0
83adaf3a09d08c93f2abea6a4c815592,0.086596136,4.317455338,1.591891392,3.351583266,5.537326756,4.84393536,6.362687307,3.361284082,2.227014493,1.980511962,1.694139687,1.907165106,2.315918597,1.494910588,1.316651433,1.569775722,1.277272569,1.554665499,0.88871051
f0334c3272bbee3d861fa082350b5374,0,0,0,0,0,0,0,0,0,0,0,0,0,0,0.000517857,0,0,0,0
a402fc6f0fd057decbe746f48bf12862,0,0.060306454,0.024169053,0.052242905,0.123272116,0.122275571,0.355790828,0.126297951,0.08115942,0.115788161,0.057063491,0.057733143,0.094997856,0.068273959,0.140857105,0.195286569,0.266574709,0.291420719,0.263746345
05cd3e6e3d718a12823c6bbb39645689,0,0.004597353,0,0,0,0,0,0,0,0,0,0,0,0,0,0,0,0,0
816049bb0d04d104e9bc79d797b7b2e9,0,0,0,0.00095683,0,0,0,0,0,0,0,0,0,0,0,0,0,0,0
1b6a74219c50e2431e29f79c7759fe5c,0,0,0,0,0.000809669,0,0,0,0,0,0,0,0,0,0,0,0,0,0
6fc6f673ed1bf2ec8b4534b719f3fd48,0,0,0,0,0,0,0.00421803,0,0,0,0,0,0,0,0,0,0,0,0
8393196bb25f89533e3f8d0e9ab270e4,0,0,0,0,0,0,0,0,0,0,0,0,0,0,0,0,0,0,0.009556027
84fa9606a58e97506922f09083e7087a,0.00211856,0,0,0,0,0,0,0,0,0,0,0,0,0,0,0,0,0,0
817de57245c782e0e938fdb195cd7aa1,0,0,0,0,0,0,0,0,0,0,0,0,0,0,0,0,0.000968658,0,0
0709277372b3816e3986842fb10c8e96,0.052699178,1.029807073,0.11344213,0.669972195,0.109507741,0.365003972,0.307916188,0.382490947,0.292637681,0.1859736,0.079135219,0.009012003,0.136040619,0,0,0.005310636,0.027897353,0.239240124,0.030579286
e6485d233ed2b8b9a2f3f50f0747b9d2,0.127113595,0.809404562,0.973512025,0.398615276,0.848330766,0.820537435,0.596851241,0.106314098,0.089043478,0.324919394,0.173882148,0.075757149,0.193684948,0.40297203,1.029758653,1.151442441,1.153090601,0.891971936,0.389885901
f3f7dcc6caf65f28fb40ae4f6faba669,0,0,0,0,0,0,0,0,0,0,0,0,0,0,0.000776786,0,0,0,0
47515cfa358287ae00ead27b78b2285b,0.023833799,0,0,0,0,0,0,0,0,0,0,0,0,0,0,0,0,0.031782726,0
b64f2cd0b47a6548ebe2077c728b213f,0.016154019,0.153335244,0.066845939,0.026599867,0.042102792,0.041163577,0.022777362,0.015587405,0.010202899,0.008906782,0,0,0,0,0.013723211,0,0,0.00474369,0
b4eac52cfa36ce63f24be2fc530ad204,0.01032798,0.230678948,0.186384767,0.12668426,0.260106188,0.247133359,0.149740064,0.008792895,0.008811594,0.015675936,0.011305031,0.007885503,0.011990021,0.010674756,0.051526772,0.093177522,0.043977078,0.032257095,0.022934465
d4cf4bfef77541da66524a9292252fa2,0.0066205,0.018659845,0.01371757,0.043631437,0.062344518,0.076707035,0.028471702,0,0,0,0,0,0,0,0,0,0,0,0
4a18801bf3179876e3e063abc1fa1b5c,0,0,0,0,0,0.009417497,0,0,0,0,0,0,0,0,0,0.041036733,0.016854651,0.016602917,0
b49bff6b867f0818155aa2ee1b77e93a,0.00185374,0.019741575,0.018725572,0.044779633,0.070441209,0.085061267,0.019402938,0,0,0,0,0,0,0,0,0,0,0,0
2b7dca9f823dab555a368d87f194804f,0.030189479,0,0,0.035402701,0.045139051,0.052707606,0.01687212,0.004995963,0.004173913,0,0,0,0.004611546,0.005559769,0.01216964,0.029208498,0.028478548,0.016286671,0
070ad707f633c0df5a19f11bcfa699c1,0,0.017307682,0.011540178,0.045545096,0.044734216,0.087643484,0.026995392,0,0,0,0,0,0,0,0,0,0,0.017551655,0
ad044e27597f7c321516675ab284767e,0,0.002704325,0,0,0,0,0,0,0,0,0,0,0,0,0,0,0,0,0
106b9b90b16f77c680832d100dc4e515,0,0,0,0,0,0,0,0,0,0.001781356,0,0,0,0,0,0,0,0,0
499a635c6e7dcd5c8ef518302aa50011,0,0.048948288,0.070982984,0.200168785,0.467583887,0.433812461,0.349252881,0.390884166,0.258318841,0.256159039,0.203490563,0.072659273,0.231269051,0.036249691,0.04841963,0.038622807,0.021116747,0.008854889,0
7bc28b86485f80b7996a6a115aa31176,0,0.015144222,0,0.005358247,0.022670734,0.029011968,0.036275058,0.01898466,0,0.011756952,0,0,0.010837134,0,0,0,0,0,0
ce21e0d8c29a8e91b8f8ed03fb21d296,0.113078135,0,0,0,0,0,0,0,0,0,0,0,0,0,0,0,0,0,0
4f3989d95e7611bb6b5307454d75d3ce,0.0105928,0.012169464,0.010886961,0.047076024,0.005465266,0.003189798,0.015817612,0.126697628,0.083014493,0.036339669,0.013996705,0.013799629,0.024902351,0.005782159,0.027446421,0.070728016,0.047270515,0.047436905,0.022934465
5e2e0a4cfc3ab5f1a074ef61d2d6f68b,0,0,0,0.014352446,0,0.004253063,0.010123272,0.007993541,0,0.006769154,0,0,0.016140412,0,0,0.011586842,0,0,0
27b310dd4ffe5fc8db8b41f66bdb3175,0.016418839,0,0,0,0,0,0,0,0,0,0,0,0,0,0,0,0,0,0
f397a6809dc09fd4f5cc5f425c5eb0ba,0,0,0,0.032340846,0,0,0,0.043964477,0.030608696,0,0,0,0,0,0.003107142,0,0,0,0
eefd58e34806834774cf090051744fd6,0,0.005138218,0.001306435,0,0.002833842,0.002126532,0.011810484,0.000199839,0,0.01140068,0.003768344,0.002816251,0.00345866,0,0,0,0,0.001106861,0
418ebbfcf9fe4c2ccea934ba2533ec35,0.026746819,0,0,0,0,0,0,0,0,0,0,0,0,0,0,0,0,0,0
dcc60ede2cc11c8503b4f31fab9233b8,0.01032798,0,0,0,0,0,0,0,0,0,0,0,0,0,0,0,0,0,0
021d1583edfe105a9c99264ea9f3d2d6,0.143532434,0,0,0,0,0,0,0,0,0,0,0,0,0,0,0,0,0,0
01a80919b32734264f4c21669d8f2713,0.029924659,0.002433893,0,0,0,0,0,0,0,0,0,0,0,0,0,0,0,0,0
41394ade15d1e8762a8d0b3599068bf2,0.032043219,0,0,0,0,0,0,0,0,0,0,0,0,0,0,0,0,0,0
d5e86e0fe7c13c5751606c96f3788345,0.23463051,0,0,0,0,0,0,0,0,0,0,0,0,0,0,0,0,0,0
f44234fea5a65dfa65edd4c8b6babf37,0.00741496,0,0,0,0,0,0,0,0,0,0,0,0,0,0,0,0,0,0
b169fa21237421cae0266976608044cc,0,0,0,0,0,0,0,0,0,0,0,0,0,0,0,0,0,0,0.003822411
20d1b4770481360a89bb379b281db93a,0,0,0,0,0,0,0,0,0,0,0,0,0,0,0,0,0,0,0.015289643
aa78d734b59dc8f035c1e136275e7923,0,0,0,0,0,0,0.000632704,0,0,0,0,0,0,0,0,0,0,0,0
bf10b39238d339bb1e6a6d6749c9b046,0,0.00216346,0,0,0,0,0,0,0,0,0,0,0,0,0,0,0,0,0
41b7916d2b012fea3c6c34d266345668,0,0,0,0,0,0,0,0,0,0,0,0,0.000461155,0,0,0,0,0,0
2bb9ab4119c6791bd52d2edcd1040054,0,0,0,0,0.000607252,0,0,0,0,0,0,0,0,0,0,0,0,0,0
cb13db7c2341f7fb498c476454c50a21,0.017742939,0,0,0,0,0,0,0,0,0,0,0,0,0,0,0,0,0,0
f344d4281112bb7cf5358c04fda869ee,0.00079446,0,0,0,0,0,0,0,0,0,0,0,0,0,0,0,0,0,0
4c4c77a6783079489f146bf3f51d11e6,0.01085762,0,0,0,0,0,0,0,0,0,0,0,0,0,0,0,0,0,0
06e148ad8b35489ea97e51ef733e9550,0.00211856,0,0,0,0,0,0,0,0,0,0,0,0,0,0,0,0,0,0
899bfc3202ef1effff6e234fa8517ff3,0.011916899,0.031099741,0.007403133,0.001722294,0.000809669,0.000455685,0,0,0,0,0,0,0,0,0,0,0,0,0
2d7ac92616f87949dfaf73e74e7d61ef,0.00105928,0,0,0,0,0,0,0,0,0,0,0,0,0,0,0,0,0,0
566e2121e9bd3188a5c29f9c55607760,0.00476676,0,0,0,0,0,0,0,0,0,0,0,0,0,0,0,0,0,0
922a7f47672abd882604d821f25fb3ad,0,0,0,0,0,0,0,0,0,0,0,0,0,0,0.000776786,0,0,0,0
4adbf4beb8d2b17f63b543e4d9aa39b6,0.206824411,0.205528723,0.166352759,0.512095285,0.038054446,0.034176402,0.017715726,0.075938642,0.053333333,0,0,0,0,0,0,0,0.091247593,0.085544552,0
93fadef301b62aa732e42bf1142b3afa,0,0.062469914,0.07490229,0.13472163,0.070238792,0.087795379,0.051038163,0.053756565,0.040811594,0.258652938,0.216410599,0.444122766,0.260321794,0.296446863,0.531321286,0.42581645,0.806311001,1.287753847,0.45677809
d10ef1cc3876e7ca96d49bab29ceec47,0,0,0,0,0,0,0,0,0,0,0,0,0,0,0,0,0,0.000632492,0
ee983542287b2fabba9e4ee88472a44a,0,0,0,0,0,0,0,0,0,0,0,0,0,0,0,0,0.000968658,0,0
92f305372628ccbd74b7b28b933d306b,0.077857077,0.102764361,0.077079682,0.163617888,0.011335367,0.013518666,0,0,0,0,0,0,0,0,0,0,0.024410184,0.022927837,0
2386e7f0ed5d187b06bed4a743e7db83,0,0,0,0,0,0,0,0,0,0,0,0,0,0,0,0,0,0.000316246,0
08f0179cb02459891d87167ee734be6a,0,0,0,0,0,0,0,0,0,0,0,0,0,0,0,0,0,0.000316246,0
49eb7db9bbd667a245fcb40e7be64a28,0,0.009194706,0.008056351,0.009951029,0.015990964,0.024303219,0,0.001998385,0,0.001781356,0,0,0,0,0,0.003862281,0.008136728,0.000948738,0
ddd4b60fc546f62f90bcf9ae38f1a723,0.00158892,0,0,0,0,0,0,0,0,0,0,0,0,0,0,0,0,0,0
a04e3b7eb9893592465490aaa571b8ca,0.00105928,0,0,0,0,0,0,0,0,0,0,0,0,0,0,0,0,0,0
aee6434397d2afe4adc1c9d2ba8927a4,0,0,0,0,0,0.000759476,0,0,0,0,0,0,0,0,0,0,0,0,0
f8c8cdc38f175e31f80c5dfa248268a3,0,0,0,0,0,0.001063266,0,0,0,0,0,0,0,0,0,0,0,0,0
d42912a22b570ab99938b745999ae2cc,0,0.646604179,0.281101325,1.404243349,1.171186307,0.80762635,0.065590366,0.008792895,0.00742029,0.040258653,0.020995058,0.071814398,0.036892371,0.632701669,0.520964146,0.046105976,0.052695001,0.056449917,0.013378438
71a34966c95ea58d9a56666883f441dc,0,0,0,0,0.001619338,0,0,0,0,0,0,0,0,0,0,0,0,0,0
1a2aa45c0c2bca3b49679b7f3f4f465d,0.00211856,0,0,0,0,0,0,0,0,0,0,0,0,0,0,0,0,0,0
98f44e3e61d018840fdce5dc524c719c,0.00317784,0,0,0,0,0,0,0,0,0,0,0,0,0,0,0,0,0,0
9a842084688427ba067307eb8662eecd,0.00158892,0,0,0,0,0,0,0,0,0,0,0,0,0,0,0,0,0,0
f0f5fe3a3ccc66ce7e67e82294654107,0.23118785,0,0,0,0,0,0,0,0,0,0,0,0,0,0,0,0,0,0
f9d19abf0ac81bcc64d02d91350fce35,0.011652079,0,0,0,0,0,0,0,0,0,0,0,0,0,0,0,0,0,0
523a7e01fa5c47d91e959292759c7ac7,0.012181719,0,0,0,0,0,0,0,0,0,0,0,0,0,0,0,0,0,0
5f000e79347f73713ac3aa60a8ae839f,0,0,0,0,0,0,0,0,0,0,0,0,0,0,0,0,0,0,0.005733616
66e3776391b519ba25ba547c36135f4e,0,0,0,0,0,0.00030379,0,0,0,0,0,0,0,0,0,0,0,0,0
e0f5ac0f18cc28b90be53aa781a75e97,0.00158892,0,0,0,0,0,0,0,0,0,0,0,0,0,0,0,0,0,0
a681fb02342fb54c83839d35541047fd,0.00105928,0,0,0,0,0,0,0,0,0,0,0,0,0,0,0,0,0,0
40862b63dd0defe1fb1cbc9991f5f089,0.00105928,0,0,0,0,0,0,0,0,0,0,0,0,0,0,0,0,0,0
e335570f65a3bc3a849f355ac1698181,0.0052964,0,0,0,0,0,0,0,0,0,0,0,0,0,0,0,0,0,0
b488a23a21137febe962e32b948e87a9,0.0013241,0,0,0,0,0,0,0,0,0,0,0,0,0,0,0,0,0,0
4d36e0d0050d301d2a3d040d04521b20,0.00105928,0,0,0,0,0,0,0,0,0,0,0,0,0,0,0,0,0,0
00e6614407462b417669175bc85184ad,0.00052964,0,0,0,0,0,0,0,0,0,0,0,0,0,0,0,0,0,0
f5a0cba713d42e29e41a6df93519572a,0.00052964,0,0,0,0,0,0,0,0,0,0,0,0,0,0,0,0,0,0
8adc12dac7b8b4b0e4408ebdf6aab780,0.0013241,0,0,0,0,0,0,0,0,0,0,0,0,0,0,0,0,0,0
b4ba6792b3fa30ceb7375dc41eb1d65c,0.00158892,0,0,0,0,0,0,0,0,0,0,0,0,0,0,0,0,0,0
50420826a4434507209193c117f54130,0.00105928,0,0,0,0,0,0,0,0,0,0,0,0,0,0,0,0,0,0
c2b43f5fc401b8ae942e9f83213eef32,0.01112244,0,0,0,0,0,0,0,0,0,0,0,0,0,0,0,0,0,0
5efed3b185cd579740418a733b461740,0.00767978,0,0,0,0,0,0,0,0,0,0,0,0,0,0,0,0,0,0
245b33b8928a2d472035cfcc336caddb,0.00423712,0,0,0,0,0,0,0,0,0,0,0,0,0,0,0,0,0,0
26cbd70e0eb0b0a14e93c0970b305ef1,0.00317784,0,0,0,0,0,0,0,0,0,0,0,0,0,0,0,0,0,0
82f3d62aabc8caf816ec2120e9c14bb5,0.00185374,0,0,0,0,0,0,0,0,0,0,0,0,0,0,0,0,0,0
d2fd495f50fd9ee1bb779066a74086d7,0.0013241,0,0,0,0,0,0,0,0,0,0,0,0,0,0,0,0,0,0
3e3e95a36c06e6967322d92057d2f4f7,0.00079446,0,0,0,0,0,0,0,0,0,0,0,0,0,0,0,0,0,0
b6659ef305819aabacf82fa333d503b6,0.00105928,0,0,0,0,0,0,0,0,0,0,0,0,0,0,0,0,0,0
76612bcedbaf761367a3d047ebafd7b6,0.00105928,0,0,0,0,0,0,0,0,0,0,0,0,0,0,0,0,0,0
3aa84206bcf663e8de0f75e1bb5b2ba6,0.00105928,0,0,0,0,0,0,0,0,0,0,0,0,0,0,0,0,0,0
f7d85e5a89d2a972052c5ff23f52397a,0.00052964,0,0,0,0,0,0,0,0,0,0,0,0,0,0,0,0,0,0
ee21cf356777ae26fe7089d75452abd7,0.00052964,0,0,0,0,0,0,0,0,0,0,0,0,0,0,0,0,0,0
28e3c3f751b7e166668665449ef80ec9,0.00105928,0,0,0,0,0,0,0,0,0,0,0,0,0,0,0,0,0,0
cc53782126bff6f2648754f297c70cff,0.00052964,0,0,0,0,0,0,0,0,0,0,0,0,0,0,0,0,0,0
f39790ad4b1a813000323022eb1e9567,0.00211856,0,0,0,0,0,0,0,0,0,0,0,0,0,0,0,0,0,0
0674e7934525d446c54c31dc9b8e33d5,0.00635568,0,0,0,0,0,0,0,0,0,0,0,0,0,0,0,0,0,0
64726048843aad3c93d620cd9e0479ad,0.00105928,0,0,0,0,0,0,0,0,0,0,0,0,0,0,0,0,0,0
be817fedc78d38052d17146829adb06d,0.021715239,0,0,0,0,0,0,0,0,0,0,0,0,0,0,0,0,0,0
8afde037c611bdd1b53997b0f6b4dd7a,0.028600559,0,0,0,0,0,0,0,0,0,0,0,0,0,0,0,0,0,0
92862fbe6ff344c8964156b2a0b424cc,0.00423712,0,0,0,0,0,0,0,0,0,0,0,0,0,0,0,0,0,0
c2baae149e8c7b36f47fe4bf2356f1f7,0.00715014,0,0,0,0,0,0,0,0,0,0,0,0,0,0,0,0,0,0
a012a92141e089dd0e178bc46889f8bd,0.00688532,0,0,0,0,0,0,0,0,0,0,0,0,0,0,0,0,0,0
9f4c3d76158212d20d1239263d545546,0.00079446,0,0,0,0,0,0,0,0,0,0,0,0,0,0,0,0,0,0
03a6a6d84a7be4b11b6467c91ca79d57,0,0,0,0,0,0,0,0.003796932,0.003710145,0.00855051,0.012381701,0,0.002536351,0,0,0,0.001549853,0,0
ad7b37d7259f65ae5d2d898c539a6297,0.014300279,0.00108173,0,0,0,0,0,0,0,0,0,0,0,0,0,0,0,0,0
bf5493457f0a16552a432f4bbf9330f3,0.00052964,0,0,0,0,0,0,0,0,0,0,0,0,0,0,0,0,0,0
36f3b6d6951a802a6906a07bed8168bb,0.00609086,0,0,0,0,0,0,0,0,0,0,0,0,0,0,0,0,0,0
475578087d74506dfa16ebf79e182c28,0,0,0,0,0,0,0,0,0.001391304,0,0,0,0,0,0,0,0,0,0
6e252cae9e8ff5755e0cfa5c52a78beb,0,0,0,0,0,0,0,0,0,0,0.001615004,0,0,0,0,0,0,0,0
02541e05438ebd6cd913200972ef5e4b,0.00953352,0,0,0,0,0,0.001687212,0.000599516,0,0.003206441,0,0.002253001,0.002766928,0,0,0.00193114,0,0,0
46bd23bd0fd9dba10f345fa125cfcb81,0.00979834,0,0,0,0,0,0,0,0,0,0,0,0,0,0,0,0,0,0
608bdffdf9263f1b123d069d10e69f9a,0.0039723,0,0,0,0,0,0,0,0,0,0,0,0,0,0,0,0,0,0
e61e6021af25969dd347b921fc6389a4,0.00052964,0.001622595,0.007620872,0.002296391,0.000809669,0.000911371,0,0.001199031,0,0,0,0,0,0,0,0.000724178,0,0,0
26c822a9da99f48bc5eabddbeda2a1e8,0.00317784,0,0,0,0,0,0,0,0,0,0,0,0,0,0,0,0,0,0
72c6706063e2325bd12c28ea8b23e872,0.01138726,0,0,0,0,0,0,0,0,0,0,0,0,0,0,0,0,0,0
76ef356d895e6434580f18ab74a63e6c,0.429802842,0.000811298,0.001741914,0,0,0,0.000632704,0.000999193,0,0.001781356,0,0.001971376,0,0.002223907,0.002589285,0,0,0.000474369,0
54e2ac902f306ae27ca844f44be5b425,0,0,0,0,0,0,0,0,0,0,0,0,0,0,0,0.00096557,0,0,0
822e596ebee53d4dcd5ffe3e26ec43d4,0.00344266,0,0,0,0,0,0,0,0,0,0,0,0,0,0,0,0,0,0
8f9f1230951b3b3b3d3fb12aa4ed0e8e,0.00079446,0,0,0,0,0,0,0,0,0,0,0,0,0,0,0,0,0,0
b8299c90e4c775b18c1c5ff6d23ad616,0,0,0,0,0,0,0,0,0,0,0,0,0,0,0,0.001448355,0.000968658,0.007115536,0
94fc0eb5f4d613c2766734c28a5f1a9f,0.00052964,0,0,0,0,0,0,0,0,0,0,0,0,0,0,0,0,0,0
2c76f558846fa9aa57c59ddacefeacb2,0.019596679,0,0,0,0,0,0,0,0,0,0,0,0,0,0,0,0,0,0
df24931eef177828ec0d0b347ec6cf02,0.00450194,0,0,0,0,0,0,0,0,0,0,0,0,0,0,0,0,0,0
9b07d0a34ae911d20d9f7d8d4f7ee676,0.00052964,0,0,0,0,0,0,0,0,0,0,0,0,0,0,0,0,0,0
eca00dcc9a01255b6cb66fbd5b3bd285,0.142737974,0,0,0,0,0,0,0,0,0,0,0,0,0,0,0,0,0,0
6a639263c07c310881a6085392276536,0.01085762,0,0,0,0,0,0,0,0,0,0,0,0,0,0,0,0,0,0
1f42391a983ba3af940e541d110a8432,0.00344266,0,0,0,0,0,0,0,0,0,0,0,0,0,0,0,0,0,0
b2fb53987643b4f865fb0a5912ee1071,0.00105928,0,0,0,0,0,0,0,0,0,0,0,0,0,0,0,0,0,0
bfc04a7e7b744ab56306075ef236d753,0.00052964,0,0,0,0,0,0,0,0,0,0,0,0,0,0,0,0,0,0
44d199fe6af5278159ea5f9943993fd3,0.00079446,0,0,0,0,0,0,0,0,0,0,0,0,0,0,0,0,0,0
f91fb95263a6d30aad8042fa60f3d62e,0.00185374,0,0,0,0,0,0,0,0,0,0,0,0,0,0,0,0,0,0
8a2c442a314a7a38b0dd2f26401b5bbb,0,0,0,0,0,0,0,0,0,0,0,0,0,0,0,0,0.000387463,0,0
d4967db74f90dc58ab34ae78957b3f4c,0.00185374,0,0,0,0,0,0,0,0,0,0,0,0,0,0,0,0,0,0
5fe0c6a4c2aa7f9ffa8470268bc73eac,0,0,0,0,0,0,0,0,0,0,0,0,0,0,0,0,0,0,0.005733616
793ecb5ed65cd96425a35698e8ab9e78,0,0,0,0,0,0.071998287,0.077822653,0.436447351,0.397913043,0.651620144,0.330537581,0.243042452,0.297444742,0.133434447,0.038839275,0.014724945,0.066062482,0.054394318,0.001911205
f4eb19fb222b9761a2b3e01340472691,0,0,0,0,0.000607252,0,0,0,0,0,0,0,0,0,0,0,0,0,0
a49becf5a5dbcb201f091757c62fc6bb,0,0,0,0,0.011740201,0.102832996,0.095960182,0.466822807,0.554202899,0.059853573,0.435512872,0.019713756,0.136040619,0,0.007767855,0.004345066,0.005618217,0.006008675,0
cefc5e0aafd4478065e1ffd5c5ad5f28,0.00105928,0,0,0,0,0,0,0,0,0,0,0,0,0,0,0,0,0,0
4f3686ad1491f35d467e4d518b1a239a,0.00105928,0,0,0,0,0,0,0,0,0,0,0,0,0,0,0,0,0,0
e9ad9694aa9baa8ef6805db44808b3ce,0.00900388,0,0,0,0,0,0,0,0,0,0,0,0,0,0,0,0,0,0
6d6f4c93d09d73073c55fef2decc5e58,0.00238338,0,0,0,0,0,0,0,0,0,0,0,0,0,0,0,0,0,0
65f9a101f8ffe7049bd3d0baa83520c2,0.00079446,0,0,0,0,0,0,0,0,0,0,0,0,0,0,0,0,0,0
b488bf12e36de9f37c9b3da1febf2c3e,0.00476676,0,0,0,0,0,0,0,0,0,0,0,0,0,0,0,0,0,0
57e13b307e96897f55540c6759029343,0.00185374,0,0,0,0,0,0,0,0,0,0,0,0,0,0,0,0,0,0
8e3af97b4686b85e19d450d5c1c96fbe,0.00370748,0,0,0,0,0,0,0,0,0,0,0,0,0,0,0,0,0,0
00c193a1d13306dc0a3fa7b7b19327a9,0.00211856,0,0,0,0,0,0,0,0,0,0,0,0,0,0,0,0,0,0
0b898d4961772ab53a086c8154bac568,0.00158892,0,0,0,0,0,0,0,0,0,0,0,0,0,0,0,0,0,0
23504ce886d58d2a61607ff263c8d494,0.00158892,0,0,0,0,0,0,0,0,0,0,0,0,0,0,0,0,0,0
f57128992ee22ab49d1a992eb1594104,0.00953352,0,0,0,0,0,0,0,0,0,0,0,0,0,0,0,0,0,0
d73a01cf4394c6ce1b6f91249a590671,0.00767978,0,0,0,0,0,0,0,0,0,0,0,0,0,0,0,0,0,0
fca33d821d9ddce59d2b26b63bf7c4a1,0.00052964,0,0,0,0,0,0,0,0,0,0,0,0,0,0,0,0,0,0
494686a85ca80380a18f37e6e723f6ff,0.052434358,0,0,0,0,0,0,0,0,0,0,0,0,0,0,0,0,0,0
e1859f895760d01bd129aad5091fa054,0.00556122,0,0,0,0,0,0,0,0,0,0,0,0,0,0,0,0,0,0
717e65e6ba1d91587e9c1fc36b2b0c44,0,0,0,0.002296391,0.001214504,0.003949273,0.006537946,0.001798547,0.002318841,0,0.027455076,0.013799629,0.029513897,0.018236041,0,0,0,0,0
00a1a32589b4628bbc46f04b83b89d22,0,0,0,0,0,0,0,0,0,0,0,0,0,0,0.000258929,0,0,0,0
645dd8b575c7e7c0952933bbe90b4bb9,0,0,0.001524174,0,0,0,0,0,0,0,0,0.002816251,0,0,0.008544641,0,0.000774926,0,0
94ef08db649a5339b6de95109a8bad0f,0,0.033804066,0.034185057,0,0.050604317,0.024455114,0.014974006,0.008593057,0.00742029,0.012469494,0.039836777,0.004506001,0.01544868,0,0,0,0,0.001423107,0
7a777474146ffbe89e17716b8660dcfb,0.00211856,0,0,0,0,0,0,0,0,0,0,0,0,0,0,0,0,0,0
3d34374d81a96ce4972b93ef5dae9b82,0.561948016,0.001893028,0.001306435,0,0,0,0,0,0,0,0,0,0,0,0,0,0,0,0
dcc552ee0bfe584a9f79fd3d7893047f,1.142963071,0,0,0,0,0,0,0,0,0,0,0,0,0,0,0,0,0,0
2f5695c1563063d2b821ab2eecfa3bd3,0.93746276,0,0,0,0,0,0,0,0,0,0,0,0,0,0,0,0,0,0
3487ee381e9bba57861b67ac3936d665,0.986719278,0,0,0,0,0,0,0,0,0,0,0,0,0,0,0,0,0,0
94f099e252b40a7a42a638b2c028b7db,0.00979834,0,0,0,0,0,0,0,0,0,0,0,0,0,0,0,0,0,0
582cd22fb94ea0fd36f9915ef32c1333,0.00052964,0,0,0,0,0,0,0,0,0,0,0,0,0,0,0,0,0,0
8a7a133e5daf52fb66404c67a0c7dc48,0.00079446,0,0,0,0,0,0,0,0,0,0,0,0,0,0,0,0,0,0
14a2bb3f27bd325f767bee3f35dec36e,0.00105928,0,0,0,0,0,0,0,0,0,0,0,0,0,0,0,0,0,0
cb886014283a43df6af104cecc83cfc9,0.024628259,0,0,0,0,0,0,0,0,0,0,0,0,0,0,0,0,0,0
6cd5cb3562f8ff28e2e21339a4fc55c1,0.028600559,0,0,0,0,0,0,0,0,0,0,0,0,0,0,0,0,0,0
d2340f2964ea2cff3448b5ce82aa29af,0.00741496,0,0,0,0,0,0,0,0,0,0,0,0,0,0,0,0,0,0
2bef39c50999d97de887d34b376fbd38,0.00185374,0,0,0,0,0,0,0,0,0,0,0,0,0,0,0,0,0,0
86648abd0094f1568a386360dcba7034,0.00238338,0,0,0,0,0,0,0,0,0,0,0,0,0,0,0,0,0,0
0ca4dd10576aed42007187bfd0cb11c5,0.00238338,0,0,0,0,0,0,0,0,0,0,0,0,0,0,0,0,0,0
a8aafb51e2d0f2e6d62cf2c4393df334,0.00158892,0,0,0,0,0,0,0,0,0,0,0,0,0,0,0,0,0,0
8d741499ee8a83b6ede29efd8892e70b,0.00317784,0,0,0,0,0,0,0,0,0,0,0,0,0,0,0,0,0,0
c5818942f7219725c098917e39a7e7bb,0.016418839,0,0,0,0,0,0,0,0,0,0,0,0,0,0,0,0,0,0
5a282585ef16397041df72979907593f,0.011652079,0,0,0,0,0,0,0,0,0,0,0,0,0,0,0,0,0,0
296a64ff9ac191c4f1c886ba988e1706,0.014035459,0,0,0,0,0,0,0,0,0,0,0,0,0,0,0,0,0,0
01e6c47ea1eccbd286858fc97fa25654,0.00079446,0,0,0,0,0,0,0,0,0,0,0,0,0,0,0,0,0,0
79e2b6d098bc24e051a82e3d618d416f,0.00423712,0.000540865,0,0,0,0,0,0,0,0,0,0,0,0,0,0,0,0,0
bcebf60c83721eb2fd57f1ddb53c6058,0,0,0,0,0,0,0,0,0,0,0,0,0,0,0,0,0.000581195,0.002213722,0
de1f954072ef273959e798b81a39a1f1,0.019331859,0,0,0,0,0,0,0,0,0,0,0,0,0,0,0,0,0,0
3746a611252a01f39ad4eba5428d1daa,0.00715014,0,0,0,0,0,0,0,0,0,0,0,0,0,0,0,0,0,0
4f6902842e157d5e737fa919e5d89f4a,0.0013241,0,0,0,0,0,0,0,0,0,0,0,0,0,0,0,0,0,0
a6a36906813434ce2d18626305b1564a,0.0026482,0,0,0,0,0,0,0,0,0,0,0,0,0,0,0,0,0,0
8466c6dfab56e8746ea47bc3c0e571e0,0.015624379,0,0,0,0,0,0,0,0,0,0,0,0,0,0,0,0,0,0
c6c062c6e4918cff367f7b7327090845,0.00158892,0,0,0,0,0,0,0,0,0,0,0,0,0,0,0,0,0,0
0c9b81e16ab4e3c0b202044ce6d7ba57,0.014565099,0,0,0,0,0,0,0,0,0,0,0,0,0,0,0,0,0,0
10378c24fd183ece5224eb4bb5980766,0.00847424,0,0,0,0,0,0,0,0,0,0,0,0,0,0,0,0,0,0
248422358abb94560c1fc2271904e71f,0.00238338,0,0,0,0,0,0,0,0,0,0,0,0,0,0,0,0,0,0
0b54d74d2257842cdb59920d0557c940,0.00582604,0,0,0,0,0,0,0,0,0,0,0,0,0,0,0,0,0,0
38f1741fa5bc42ca4fda255fde5fde58,0.00026482,0,0,0,0,0,0,0,0,0,0,0,0,0,0,0,0,0,0
f4a24bc6456b7cb91afeb18832b4c18d,0.0026482,0,0,0,0,0,0,0,0,0,0,0,0,0,0,0,0,0,0
ecc87bcfc432d272b961cd36e4246127,0.00873906,0,0,0,0,0,0,0,0,0,0,0,0,0,0,0,0,0,0
46a7a599e8da21433062d78516158149,0.00105928,0,0,0,0,0,0,0,0,0,0,0,0,0,0,0,0,0,0
527d5108a6ce397729d5a554b1bf5e44,0.0026482,0,0,0,0,0,0,0,0,0,0,0,0,0,0,0,0,0,0
e7a9beba4bfa0731ea9d0fa90bb065e3,0.00715014,0,0,0,0,0,0,0,0,0,0,0,0,0,0,0,0,0,0
dcc1b2524bf00a7d6decf739df2f1f19,0.00079446,0,0,0,0,0,0,0,0,0,0,0,0,0,0,0,0,0,0
c24ddb60bb99f2f3faf3f86c7141b3dc,0.0013241,0,0,0,0,0,0,0,0,0,0,0,0,0,0,0,0,0,0
2780b1a1535644ef954b37c0be366f13,0.0039723,0,0,0,0,0,0,0,0,0,0,0,0,0,0,0,0,0,0
98f50fc2653bd578543391ef42ece23e,0.00370748,0,0,0,0,0,0,0,0,0,0,0,0,0,0,0,0,0,0
2fc4dfc7b010149d63567c2ee818550a,0.0013241,0,0,0,0,0,0,0,0,0,0,0,0,0,0,0,0,0,0
8bbe4e6022a5ec46e3ba035b8b3e5036,0.0026482,0,0,0,0,0,0,0,0,0,0,0,0,0,0,0,0,0,0
b0b69224e197ce8061ddd3ea7ceff3d9,0.00847424,0,0,0,0,0,0,0,0,0,0,0,0,0,0,0,0,0,0
29924e75bce2dffe324f99988900e268,0.00238338,0,0,0,0,0,0,0,0,0,0,0,0,0,0,0,0,0,0
dfc8c6977754afac6bdc71718f2a7910,0.0052964,0,0,0,0,0,0,0,0,0,0,0,0,0,0,0,0,0,0
957bec6b470f89f1cc58693a77364ea7,0.00052964,0,0,0,0,0,0,0,0,0,0,0,0,0,0,0,0,0,0
9e2b122adf540f378ae4674b70ffa70d,0.00423712,0,0,0,0,0,0,0,0,0,0,0,0,0,0,0,0,0,0
907573f1ef39407a092d749e781db531,0.00105928,0,0,0,0,0,0,0,0,0,0,0,0,0,0,0,0,0,0
639ec09a97e00f6cd8d780f549ca17af,0.00185374,0,0,0,0,0,0,0,0,0,0,0,0,0,0,0,0,0,0
3e45b457bc5f6289780c6774683de6b8,0.00079446,0,0,0,0,0,0,0,0,0,0,0,0,0,0,0,0,0,0
b7e9487c90de08851f8c120abc9ac7f8,0.0013241,0,0,0,0,0,0,0,0,0,0,0,0,0,0,0,0,0,0
e3a2d60faa8d0d3ec2805ea4a4f69cc5,0.00079446,0,0,0,0,0,0,0,0,0,0,0,0,0,0,0,0,0,0
accdbd296b05fdc99bac47d0e4349aa9,0.00158892,0,0,0,0,0,0,0,0,0,0,0,0,0,0,0,0,0,0
89078346e4907efe681d45f299ac15a4,0.00158892,0,0,0,0,0,0,0,0,0,0,0,0,0,0,0,0,0,0
9cb41b1fe78219846cde88d8c68f0dbe,0,0,0,0,0,0,0,0,0,0,0,0,0,0,0,0,0.000387463,0,0
8e7bd1c2bef6cba75457c867bea7fec1,0.00582604,0,0,0,0,0,0,0,0,0,0,0,0,0,0,0,0,0,0
f988ea53dbaa37384a49d4315240db30,0.051375078,0.00108173,0.000653218,0,0,0,0,0,0,0,0,0,0,0,0,0,0,0,0
6cec0bfed5ae5027a2002e200c4f71eb,0.00476676,0,0,0,0,0,0,0,0,0,0,0,0,0,0,0,0,0,0
c19a1c0bb75e671f02df2cbb306949d9,0.00582604,0,0,0,0,0,0,0,0,0,0,0,0,0,0,0,0,0,0
443d26a763fcf25a1b45a2fc51d1d322,0.01032798,0,0,0,0,0,0,0,0,0,0,0,0,0,0,0,0,0,0
99d585f7c8f524fa04880f847f0a31da,0.00873906,0,0,0,0,0,0,0,0,0,0,0,0,0,0,0,0,0,0
4561fef494acf771179203cc14f5d372,0.012976179,0,0,0,0,0,0,0,0,0,0,0,0,0,0,0,0,0,0
91b0e901cfecbf218fbaa882071bc0ff,0.00688532,0,0,0,0,0,0,0,0,0,0,0,0,0,0,0,0,0,0
922daae168c740d829141c432a8cdcd1,0.00291302,0,0,0,0,0,0,0,0,0,0,0,0,0,0,0,0,0,0
acfe0924c0f9c6ca3720854b5b458d54,0.00609086,0.079777596,0.200537816,0.012247421,0,0.006379595,0.110090582,0.00539564,0,0.042396281,0.032838424,0.004787627,0.031358515,0.015122571,0.06214284,0.006034814,0.045139467,0.009013012,0
8b4cfe4840293e7b9083d23016487900,0,0,0,0,0,0,0,0,0,0,0,0,0,0,0,0,0,0,0.007644822
20823322077cf511c8eff4f0840466fd,0,0,0,0.050711977,0.016800633,0.05726446,0.010123272,0.007593864,0.012521739,0,0.024763402,0,0.032511402,0.015122571,0.119624968,0.032105209,0.010848971,0.011859226,0
703b123d3cbe4a7e8c02253f1f55d261,0.012181719,0,0,0,0,0,0,0,0,0,0,0,0,0,0,0,0,0,0
48b26cded54a8218c60048b74bfa5256,0.00609086,0,0,0,0,0,0,0,0,0,0,0,0,0,0,0,0,0,0
ef7c28bb28866912b76003ee110bdf6b,0.00158892,0,0,0,0,0,0,0.000999193,0,0.002493899,0,0,0.002766928,0,0,0.003138103,0.007555533,0.00679929,0
d863bc6a2fa6a8a93787e45a6abe3304,0.0026482,0,0,0,0.005667683,0.074428609,0.278811781,0.073940256,0.073275362,0.042040009,0.013996705,0.044778389,0.022596577,0.206823393,0.550999852,0.193355429,0.023828989,0.039530754,0.007644822
41f01f3e3cbf6beb908ae1ebb553208e,0,0,0,0,0,0,0,0,0,0,0,0.013799629,0,0.013343445,0.042982131,0,0.03584035,0,0
9cbf0954f06d3ad4ffa822ec80a7f4af,0.0066205,0,0,0,0,0,0,0,0,0,0,0,0,0,0,0,0,0,0
573471302da724edb5d0fa958385fb6d,0,0.000811298,0.001959653,0,0,0,0,0.001199031,0,0.002137628,0.007536688,0.007322252,0.005533856,0,0.0018125,0,0,0.000474369,0
7aaabccf2857ac0f0872b94bd0f656d3,0.00238338,0,0,0,0,0,0,0,0,0,0,0,0,0,0,0,0,0,0
b61513eef1a69690c5d43ca0cb8f5c1b,0.162334653,0,0,0,0,0,0,0,0,0,0,0,0,0,0,0,0,0,0
e5f056df23811f3fe0e48de4aafd0d9b,0.028865379,0,0,0,0,0,0,0,0,0,0,0,0,0,0,0,0,0,0
f213ec50ee3f0c0c4a7b47b321d081a9,0.020655959,0,0,0,0,0,0,0,0,0,0,0,0,0,0,0,0,0,0
e1d678e0c2f5463421eec27874b0fab3,0.082359016,0,0,0,0,0,0,0,0,0,0,0,0,0,0,0,0,0,0
cb6ed263fa824af0ae08633dc7c0583e,0.023039339,0,0,0,0,0,0,0,0,0,0,0,0,0,0,0,0,0,0
e8c1e783e60161fe039cc419a3717b1f,0.154919693,0,0,0,0,0,0,0,0,0,0,0,0,0,0,0,0,0,0
a0f6c74268278bbabab6228c59ca7f29,0,0,0,0.000765464,0,0,0,0,0,0,0,0,0,0,0,0,0,0,0
2d02d87d9664de00db717632b5c42e33,0,0,0,0,0,0,0.001265409,0,0,0,0,0,0.000691732,0,0,0,0,0,0
fce23542da16aacb812dcdafbecf051c,0,0,0,0,0,0,0,0,0,0,0,0.00056325,0,0,0,0,0,0,0
197e3a5e450911182da7403a01b477d5,0,0,0,0,0,0,0,0,0,0,0,0,0,0,0,0,0.000387463,0,0
3ce149b2036b09491c253ded0e4d44a0,0,0,0.002177392,0,0,0,0,0,0,0,0,0,0,0,0,0,0,0,0
047ab7f37ccc35c6144cc1896bc32a69,0,0,0,0,0,0,0,0,0,0,0,0.001971376,0,0,0,0,0,0,0
91bb0084d37461aa2ed60cba5a003fc4,0,0,0,0,0,0,0,0,0,0,0,0,0,0.000889563,0,0,0,0,0
c571cb007a7d9e2dfc56e8c0b4e24104,0,0.27367772,2.408195704,0.162278326,0.326903886,0.128655166,0.138351383,0.181253547,0.132173913,0.083367476,3.574004888,6.999509972,4.752198555,1.146646681,2.040356596,0.334328675,0.667017967,0.057082409,0.032490492
fb282bece926443e2ce880ef4c696c6e,0,0,0,0,0,0,0,0,0,0,0,0.005350877,0,0,0,0,0,0,0
e8279b17fcbd61e4b105b0a3d872b567,0,0,0,0,0,0,0,0,0,0,0,0.005632502,0,0,0,0,0,0,0
87671eb172dd57036886a3c5e0c4da8d,0,0,0,0,0,0,0,0,0,0,0,0,0,0,0,0,0.000387463,0,0
731b491457472e36422564468f57fa8c,0.00105928,0,0,0,0,0,0,0,0,0,0,0,0,0,0,0,0,0,0
eb41af02b18dc957ef593cfd11261be5,0,0,0,0,0,0,0.003163522,0,0,0,0,0,0,0,0,0,0,0,0
e598afcbd515415253ea79ca19ae57d7,0,0,0,0,0,0,0,0,0,0,0,0.0011265,0,0,0,0,0,0,0
ff6f97ce50ea01298f8e58b53b97d489,0,0.009194706,0.063362111,0.000574098,0.001214504,0,0.073393721,0.017985468,0.017623188,0.249746157,0.633620086,0.461301896,0.646769381,0.384513598,0.955187244,0.35846793,0.104808806,0.016286671,0
efbade8cc54695abfc5c07f21eecb6e7,0,0,0,0,0.27326331,0.214931594,0.191920364,0.390084811,0.285681159,0.089424088,0.062446839,0.010138503,0.035047753,0,0.0018125,0,0,0,0
7e614d8925e124b39916f22fdeb64c3f,0,0,0,0,0.027528748,0,0.045976527,0,0,0,0,0,0,0,0,0,0,0,0
51eeae8786b6b3388d60ae581c58d45e,0,0,0.004137045,0,0,0,0,0,0,0,0,0,0,0,0,0,0,0,0
881da22458f61f28835d910bf930238d,0,0.001352163,0,0,0,0,0,0,0,0,0,0,0,0,0,0,0,0,0
f3ad21d8c8b2444a5dcf953349c6b70c,0.00344266,0,0,0,0,0,0,0,0,0,0,0,0,0,0,0,0,0,0
f6bc9d6e117e36ce570d1fc8593e3068,0,0,0,0,0,0.00060758,0,0,0,0,0,0,0,0,0,0,0,0,0
201b998d07e1a35d39e59a0c3447f1e4,0,0,0,0,0,0,0,0,0,0,0,0,0,0,0.000517857,0,0,0,0
487184f5513359baac0176c9a150e1ea,0,0,0,0,0,0,0,0,0,0,0,0,0,0,0,0.000482785,0,0,0
2b62bf55e8226888eabfb4f4da82a02f,0.021980059,0,0,0,0,0,0,0,0,0,0,0,0,0,0,0.006758991,0.001356121,0.001106861,0
535887d75db6f21831a65b42a9d5752f,0.101161236,0,0,0,0,0,0,0,0,0,0,0,0,0,0,0,0,0,0
102a50cfda4d5e455c29fbee9573d838,0.0026482,0,0,0,0,0,0,0,0,0,0,0,0,0,0,0,0,0,0
331b2c7da556a639972cc9b2d8a31aa8,0.00476676,0,0,0,0,0,0,0,0,0,0,0,0,0,0,0,0,0,0
a5ad9574a1f8aea06b6dfaff6eddfff7,0.042636018,0,0,0,0,0,0,0,0,0,0,0,0,0,0,0,0,0,0
dcf22aafce62a2d9046206ed47c5479e,0.00715014,0,0,0,0,0,0,0,0,0,0,0,0,0,0,0,0,0,0
92392a51132c9a52e6656c5819c880c1,0.00158892,0,0,0,0,0,0,0,0,0,0,0,0,0,0,0,0,0,0
12eac95c2363f05d1ee0165b482a441b,0,0,0,0,0,0,0,0,0,0,0,0,0,0,0,0,0,0,0.003822411
0e94028fc4f20d3a8f9df973f3a93e58,0,0,0,0,0,0,0,0,0,0,0,0,0,0,0,0,0,0,0.005733616
81978cfa97cf267335d663fe9ee5ef1b,0.00052964,0,0,0,0,0,0,0,0,0,0,0,0,0,0,0,0,0,0
78d8d3ec2ebd5e2a83e44647db0ce1a9,0,0,0,0,0,0.00060758,0,0,0,0,0,0,0,0,0,0,0,0,0
b6b5e5891c1c9819c1c42c0699647fdc,0,0,0,0.000765464,0,0,0,0,0,0,0,0,0,0,0,0,0,0,0
173a7aab3bd6f1f6811b232f07dc1c3c,0,0,0.002177392,0,0,0,0,0,0,0,0,0,0,0,0,0,0,0,0
7e03bedb15626308fa00007db009033d,0,0.002433893,0,0,0,0,0,0,0,0,0,0,0,0,0,0,0,0,0
fbc7e405b4d16da23a87995ad9f0c945,0,0,0,0,0,0,0,0,0,0,0,0,0,0.001334344,0,0,0,0,0
b5bf6ec98f96b1d92a5739d745b87ec8,0,0,0,0,0,0,0,0,0,0,0,0,0,0,0,0,0.000581195,0,0
02f995222d6154a9ec64914f39f11fda,0,0,0,0.000574098,0,0,0,0,0,0,0,0,0,0,0,0,0,0,0
a4d4e17dbb14f15384261ddd56409439,0.011652079,0,0,0,0,0,0,0,0,0,0,0,0,0,0,0,0,0,0
7a40f4cd070ab0fbebfa8749c02f9a24,0.00211856,0,0,0,0,0,0,0,0,0,0,0,0,0,0,0,0,0,0
bbb066ff0d8c41323c27c93a1a3c35a7,0.014829919,0,0,0,0,0,0,0,0,0,0,0,0,0,0,0,0,0,0
b61c32f858381149fccfdf2f413f8f5b,0.00211856,0,0,0,0,0,0,0,0,0,0,0,0,0,0,0,0,0,0
6e01e4385cee37baa2cba8e4af01c030,0.026746819,0,0,0,0,0,0,0,0,0,0,0,0,0,0,0,0,0,0
cd991e2f230049eb76c8e3b3fcece79f,0.014300279,0,0,0,0,0,0,0,0,0.002137628,0.024225067,0.014081254,0.02582466,0.021127121,0.028999992,0.01327659,0.007555533,0.001739353,0
e808c9a57b23d000151dd0526336e8de,0.017742939,0,0,0,0,0,0,0,0,0,0,0,0,0,0,0,0,0,0
84dfcd7f87afea16bd5fe5b6d98babb9,0.00635568,0,0,0,0,0,0,0,0,0,0,0,0,0,0,0,0,0,0
e12d0786351086c693d56af70d0e9234,0.00688532,0,0,0,0,0,0,0,0,0,0,0,0,0,0,0,0,0,0
78571689def5620061b622ab87a928ff,0.023039339,0,0,0,0,0,0,0,0,0,0,0,0,0,0,0,0,0,0
aca560400c046d00c063af6e4596f8d5,0.00741496,0,0,0,0,0,0,0,0,0,0,0,0,0,0,0,0,0,0
d760d5214a39254043ef78c083b92a9e,0.00079446,0,0,0,0,0,0,0,0,0,0,0,0,0,0,0,0,0,0
d7df91c0a9354c5b73ddf9b28799ae43,0,0.008112976,0.003266088,0.003061855,0.001214504,0.001670846,0.003163522,0.004995963,0.004637681,0,0,0.005632502,0.007147897,0.0120091,0.003883928,0,0,0,0
5dfc291183ca333ed56e93c1c38c393c,0,0,0,0,0,0,0,0,0,0,0,0,0,0.019570386,0,0,0,0,0
b64cf0e9dea8cef6b9500b364c179b98,0,0,0,0,0,0,0.240216807,0.005195802,0,5.296328625,2.069359059,8.950045342,2.378866205,33.9028019,23.14354737,1.360729778,9.784221722,0.653048058,0.603940906
fd89c0d0c23c50684ed813dec7c52f20,0,0,0,0,0,0,0,0,0,0,0,0,0,0,0,0,0.004649559,0,0
80696a8e4c14013684c162880b99abc9,0,0,0,0,0,0,0,0,0,0,0,0,0,0.011341928,0.014499996,0,0,0,0
a0376c2f2588fc343f6a4ed744cc771f,0,0,0,0,0,0,0,0,0,0,0,0,0.001383464,0,0,0,0,0,0
fd0ef899d0206dcd4a78995587f93375,0,0,0,0,0,0,0,0,0,0,0.001615004,0,0,0,0,0,0,0,0
0cfcb3be22238be1393c01bbede5d1d9,0,0,0,0,0,0,0,0,0,0,0,0,0,0,0.022785708,0,0.010074044,0,0
baeffa790bb6f528c4085a869a0d213e,0,0,0,0,0,0,0,0,0,0,0,0,0,0.009118021,0,0,0,0,0
4bc93160ffc2b1df098c42d0b0ad5ebc,0,0,0,0,0,0,0,0,0,0,0,0,0,0.004892596,0,0,0,0,0
14714ae799409c7a3851511d8e0e2b63,0,0,0,0,0,0,0,0,0,0,0,0,0,0.021571902,0,0,0,0,0
e382176877a8994aed9f5835e1779aba,0,0,0,0,0,0,0,0,0,0,0,0.011265004,0,0,0,0,0,0,0
6eca1e8c47d098b26976cba1c2bfdfb8,0,0,0,0,0,0,0,0,0,0,0,0,0,0.006449332,0,0,0,0,0
5aed6ebc9b353e618d72d5595e755164,0,0,0,0,0,0,0,0,0,0,0,0,0,0,0.005955356,0,0,0,0
506750e38fe1cebfe10a707f61a69479,0,0,0,0,0,0,0,0,0,0,0,0,0,0,0,0,0.003487169,0,0
9e188c20ff4d59650dfc2cb435a88512,0,0,0,0,0,0,0,0,0,0,0,0,0,0.011341928,0,0,0,0,0
57f1eccafbbc205af5c052d2942967e6,0,0,0,0,0,0,0,0,0,0,0,0,0,0,0.001035714,0,0,0,0
4a177a56233c1d0e0e671ddc7f49baf3,0,0,0,0,0,0,0,0,0,0,0,0,0,0,0,0,0,0,0.003822411
fa7b14c7182ca146fc0261039890966f,0,0,0.018725572,0,0,0,0,0,0,0,0,0,0,0,0,0,0,0,0
36d76dffedbcada31ceaa357ebb4456f,0,0.023798063,0,0,0,0,0,0,0,0,0,0,0,0,0,0,0,0,0
32fde07abf6b53007080027dbf4cf88f,0,0,0.011322439,0,0,0,0,0,0,0,0,0,0,0,0,0,0,0,0
91fa6ee5c19d623255d7e4df9204f876,0,0.015955519,0.008491829,0,0,0,0,0,0,0,0,0,0,0,0,0,0,0,0
ae6befdc531c744b9165106d3c3f6739,0,0.012980761,0,0,0,0,0,0,0,0,0,0,0,0,0,0,0,0,0
b9c18a25d45d96085a8dc107c559846e,0,0,0,0.003061855,0,0,0,0,0,0,0,0,0,0,0,0,0,0,0
54f9550f07f9d5c730eb5449e856d30a,0,0,0.003266088,0,0,0,0,0,0,0,0,0,0,0,0,0,0,0,0
7578a180cda060d7cd1d0948563f9f6d,0,0.010817301,0,0,0,0,0,0,0,0,0,0,0,0,0,0,0,0,0
8a2174b375eee06b66eb3b05275a04f7,0,0,0.006967655,0,0,0,0,0,0,0,0,0,0,0,0,0,0,0,0
f47e716aa12f00e50b727000440e1256,0,0.008653841,0.010016004,0,0,0,0,0,0,0,0,0,0,0,0,0,0,0,0
88d969d851523ed5828eb0c9dee1855d,0,0.012980761,0,0,0,0,0,0,0,0,0,0,0,0,0,0,0,0,0
8466f2635d9fbf9c51a04877474f3d09,0.018007759,25.53045341,19.98258086,3.250350678,2.622720529,1.389688448,0.463772395,0.134491331,0.091362319,0.018526106,0.020995058,0.04646814,0.028822165,0.002446298,0.005437499,0.00096557,0,0,0
5ab25dcdb272bc212f8833c23f30c16e,0,0,0.072724897,0.038464556,0.016800633,0.015645197,0,0.036370613,0.02457971,0.008194239,0,0,0,0,0,0,0,0,0
7a276d152ba39f364356c6dc26a0f630,0,0.005408651,0,0,0,0,0,0,0,0,0,0,0,0,0,0,0,0,0
71f6d6badec9a36484ea0f6bea464bc2,0.00900388,0,0,0,0,0,0,0,0,0,0,0,0,0,0,0,0,0,0
f816f5de71e4c19785cd5dfa8ee073db,0.00317784,0,0,0,0,0.001215161,0.003585325,0.002797739,0,0.006412883,0.004306679,0.001971376,0.006456165,0.005782159,0.028482135,0.013759375,0.012980019,0,0
ac74fe089faa43a91391d844a83c44d2,0,0,0,0.000191366,0,0,0,0,0,0,0,0,0,0,0,0,0,0,0
8b35589e4e1ef82328d78d533f5fa1a1,0,0,0,0,0,0,0.013497696,0.009592249,0.015304348,0.009975595,0.017226714,0.011828254,0.008531361,0.004892596,0.011133926,0.010862665,0.01549853,0.002529968,0
18e8b2bd0c2318ff13208d8febed727a,0.00741496,0,0,0,0,0,0,0,0,0,0,0,0,0,0,0,0,0,0
b6bae6e1c31423a1dfd8b925ac173939,0.00556122,0,0,0,0,0,0,0,0,0,0,0,0,0,0,0,0,0,0
4afdd249d06748b671d75d9cb109989d,0.00609086,0,0,0,0,0,0,0,0,0,0,0,0,0,0,0,0,0,0
acf08b911fd8cbbc0d6ddfb595496383,0.0079446,0,0,0,0,0,0,0,0,0,0,0,0,0,0,0,0,0,0
efbf6366dde7be4e10d52c16b61604d2,0.0079446,0,0,0,0,0,0,0,0,0,0,0,0,0,0,0,0,0,0
ae47cfe63095fcaf0afb228c7502cb66,0.00556122,0,0,0,0,0,0,0,0,0,0,0,0,0,0,0,0,0,0
ec716420b2bb28ff5cfc5b19edbe2dfa,0,0.051923046,0.058354109,0,0.003036259,0.007139071,0.051249064,0.037969321,0.033855072,0.082298662,0.065676848,0.015771005,0.086697072,0.02980036,0.285598138,0.054313323,0.208455223,0.040005123,0.028668081
21ceeb224e15175f0c85797abce40d0a,0,0.054086506,0.065757243,0.004401417,0.003845928,0.0124554,0.062215942,0.048161086,0.047304348,0.097618327,0.069983527,0.018024006,0.097073052,0.029577969,0.293107064,0.06638295,0.236740039,0.04142823,0
132a867d0cff8733fee3f3f6603f7dc6,0,0,0,0,0,0,0,0,0,0,0.00107667,0,0,0,0,0,0,0,0
16bc6160df59f42ec2c49c8ee41d95fc,0.024098619,0,0,0,0,0,0,0,0,0,0,0,0,0,0,0,0,0,0
d672caef391233490da769c3f156fc0a,0.021980059,0,0,0,0,0,0,0,0,0,0,0,0,0,0,0,0,0,0
fff6f2b1de224120c999dde9f25fcd0a,0.060908597,0,0,0,0,0,0,0,0,0,0,0,0,0,0,0,0,0,0
65f35a04bab9de1b0fa33126b4db52e7,0.057201118,0,0,0,0,0,0,0,0,0,0,0,0,0,0,0,0,0,0
63127b43a7584c83207f3213ebd51a60,0.00238338,0,0,0,0,0,0,0,0,0,0,0,0,0,0,0,0,0,0
36bf04a857c2cb66cc9cb9d09ff71ad4,0.0026482,0,0,0,0,0,0,0,0,0,0,0,0,0,0,0,0,0,0
f3faa99f0acc0df8ae5f557d0ca39c08,0.018272579,0,0,0,0,0,0,0,0,0,0,0,0,0,0,0,0,0,0
492422c8881f2e782fccb0225f1c68ab,0.94037578,0,0,0,0,0,0,0,0,0,0,0,0,0,0,0,0,0,0
4b609ca4250617d6e2827bb31e7fd2b0,0.0052964,0,0,0,0,0,0,0,0,0,0,0,0,0,0,0,0,0,0
2ee31d39fe1412553e3cbaea7c8a4d67,0,0.000540865,0,0,0,0,0,0,0,0,0,0,0,0,0,0,0,0,0
9ab99324a368b3af929987cc1e2bb956,0,0,0,0,0,0,0,0,0,0,0,0,0,0.000444781,0,0,0,0,0
43dffb075674335d54d49850882a7c5e,0,0,0,0,0,0,0,0,0,0,0,0,0,0,0.000517857,0,0,0,0
f7959b5a39df046e03aa118d75b1f770,0,0,0,0,0,0,0,0,0,0,0,0,0,0,0,0,0,0,0.003822411
45e45a5d19d0054210f4ce3e605c6e80,0,0,0,0,0,0,0,0,0,0,0,0,0,0,0,0,0,0,0.001911205
1124da2808084f121dfa80f2ff96ad56,0.00953352,0,0,0,0,0,0,0,0,0,0,0,0,0,0,0,0,0,0
9f73559d08e3d2aebe9872ed20eb92cb,0.016418839,0,0,0,0,0,0,0,0,0,0,0,0,0,0,0,0,0,0
a5101276605bf3210b0c5801215f4c48,0.00688532,0,0,0,0,0,0,0,0,0,0,0,0,0,0,0,0,0,0
9d5c12af6a3fbc1ed253bea063a277e5,0,0,0,0,0,0,0,0,0,0,0,0,0,0,0,0,0,0,0.005733616
8dddc010930174c81129a400de4404f2,0.0092687,0,0,0,0,0,0,0,0,0,0,0,0,0,0,0,0,0,0
c8b7afd58453fa7f61cb3486e65de8f0,0.015359559,0,0,0,0,0,0,0,0,0,0,0,0,0,0,0,0,0,0
e79a45f432d0ccc86adbf9bbe7cef2a7,0.01138726,0,0.000870957,0,0,0,0,0.007194187,0.008811594,0.018526106,0.143735398,0.021403507,0.145494289,0.004225424,0.012946425,0.013035197,0.08252967,0.171721596,0.160541253
48ba7ddef24819311ff90ffc578df02e,0.025952359,0,0,0,0,0,0,0,0,0,0,0,0,0,0,0,0,0,0
3b04ef795d02d4d5ddc42f2c2598e1d7,0.059319677,0,0,0,0,0,0,0,0,0,0,0,0,0,0,0,0,0,0
55eea1d4d02e89a3fec4e0d929946361,0.00317784,0,0,0,0,0,0,0,0,0,0,0,0,0,0,0,0,0,0
026600da36b900cf6ff6ee481b90793a,0.028070919,0,0,0,0,0,0,0,0,0,0,0,0,0,0,0,0,0,0
4afc7e5bf81aaf214149bfaa2ffa5edf,0.0026482,0,0,0,0,0,0,0,0,0,0,0,0,0,0,0,0,0,0
e6141036b0768b50c8079ce8ba7222f9,0.048197238,0.006760813,0.325520125,0.003061855,0.010525698,0.052859502,0.033322437,0.01498789,0.005565217,0.006056612,0,0.005632502,0.004380969,0,0.001035714,0.008690132,0,0.02150473,0
1b2f4342857d36d36a40ca1bdeb10c3c,0.00688532,0,0,0,0,0,0,0,0,0,0,0,0,0,0,0,0,0,0
89c962e2643e3c9af6fa5614a3e57003,0.00476676,0,0,0,0,0,0,0,0,0,0,0,0,0,0,0,0,0,0
6552ab56103eaf5a3eb1e9b2f45e8ee7,0.00582604,0,0,0,0,0,0,0,0,0,0,0,0,0,0,0,0,0,0
618e77ab00abd20cfb2694d45fe07df1,0.025422719,0,0,0,0,0,0,0,0,0,0,0,0,0,0,0,0,0,0
cfd8b4faf14870a6bdb89a001e770060,0.046078678,0,0,0,0,0,0,0,0,0,0,0,0,0,0,0,0,0,0
482bb3761a6b11b4cfb4e1b618231157,0.137441574,0,0,0,0,0,0,0,0,0,0,0,0,0,0,0,0,0,0
4c6fec9eef4f5c3e8e6b7fee60a68994,0.032572859,0,0,0,0,0,0,0,0,0,0,0,0,0,0,0,0,0,0
ddb21bd22519316c9c3bf922a9a8e816,0.0039723,0,0,0,0,0,0,0,0,0,0,0,0,0,0,0,0,0,0
3ede9a0384a29cd63d3cebf0f09b96c1,0.017213299,0,0,0,0,0,0,0,0,0,0,0,0,0,0,0,0,0,0
ecb869631711bf81e94c27a768dfdd0b,0.013505819,0,0,0,0,0,0,0,0,0,0,0,0,0,0,0,0,0,0
0789f0701b19d9a2a240b29e42e64d0d,0.00688532,0,0,0,0,0,0,0,0,0,0,0,0,0,0,0,0,0,0
a7d0101041a4ff2c176cc0616423387a,0,0,0,0,0,0,0,0,0,0,0.076443545,0.007040627,0.077243402,0.014010617,0.012428568,0.004586458,0.003487169,0.012649841,0
00f898781984ce51010f520e28aca483,0,0,0,0,0,0,0,0,0,0,0,0,0,0,0,0.008448739,0.00484329,0,0
55f0a15d367f1f98823a8accf53c1ab4,0,0,0,0,0,0,0,0,0,0,0,0,0,0,0,0,0,0.033838326,0.032490492
d0d582d9d9b71467f236f9bace54eea5,0,0,0,0,0,0,0,0,0,0,0,0,0,0,0,0.004827851,0,0.016919163,0
f42aeaf1c13130f1fdfc8bafa43ded29,0.015359559,0.00432692,0.004572523,0.006889174,0,0,0.004428931,0.01498789,0.011594203,0.024582717,0.02907008,0.036611262,0.045193155,0.060712673,0.103312472,0.073141941,0.026928695,0.00521806,0
d9975f13b5075673dd9bb396688bd678,0.00291302,0,0,0,0,0,0,0,0,0,0,0,0,0,0,0,0,0,0
01a7c19fe64d4300e6e5a8a7280a10bb,0,0,0,0.616581094,0.004250763,0.001974637,0.013919499,0.004396448,0,0.023157632,0.006998353,0,0.006225588,0,0,0,0,0,0
935d8a963dc7baf559b479ba9f5a82b3,0.00185374,0,0,0,0,0,0,0,0,0,0,0,0,0,0,0,0,0,0
1b350d18d59a97b3af2257944c908b17,0.00953352,0,0,0,0,0,0,0,0,0,0,0,0,0,0,0,0,0,0
1d33e98c9d94c262ab0d8b56d0936eb4,0,0.013792059,0.002395131,0.002679123,0.007287022,0.021417212,0.075924539,0.029176425,0.019942029,0.050234248,0.039298442,0.021685132,0.057183175,0.009562802,0,0.003620888,0,0.154486187,0.187298129
261f84006c5eb28858f3f27bbaadc045,0,0,0,0,0,0,0,0,0,0,0,0,0,0,0.001553571,0,0,0,0
b5a22689fdda6393715cd10a326927d3,0,0,0,0,0,0,0.00421803,0.013189343,0.021797101,0.016032207,0.028531746,0.009856878,0.018676763,0.005782159,0.010874997,0.009172917,0.00484329,0.00521806,0
357ad9f4f9251dd5f1a70dec188b23a3,0,0,0,0,0,0,0.002530818,0.001598708,0.003710145,0,0,0,0,0,0,0.004345066,0.002131048,0,0
213ec0ef843de45b3db9302876229bed,0,0,0,0,0,0,0,0,0,0.040258653,0.041990116,0.041962138,0.081393794,0.022461465,0.034696419,0,0,0,0
534aa0050da6044b57409f3606d33c40,0.00317784,0,0,0,0,0,0,0,0,0,0,0,0,0,0,0,0,0,0
fe2c23e02d96027ea381e1da7283d3ff,0.0026482,0,0,0,0,0,0,0,0,0,0,0,0,0,0,0,0,0,0
cf80116cb789ecdda4cb662ab3fd1b4c,0.0105928,0,0,0,0,0,0,0,0,0,0,0,0,0,0,0,0,0,0
53d778933f79cf1ec135398e25b5e962,0.00715014,0,0,0,0,0,0,0,0,0,0,0,0,0,0,0,0,0,0
3d89b82f7dc8f2f24e7c65124529a879,0,0,0,0,0,0,0,0,0,0,0,0,0,0.011786709,0.011651783,0,0,0,0
fcfaeb95003823a7ffde76ba3c4c790b,0,0,0,0,0,0,0,0,0,0.003918984,0.003768344,0.000844875,0.001383464,0,0,0.002172533,0,0,0
a0cda4ca07d855686d23956f06d0d76e,0.01006316,0,0,0,0,0,0,0,0,0,0,0,0,0,0,0,0,0,0
a74a7a8b9015b0732f8101e2f67c8f32,0.00291302,0,0,0,0,0,0,0,0,0,0,0,0,0,0,0,0,0,0
22b437d42a93adf1a1f4912a2f2bc487,0.072031037,0,0,0,0,0,0,0,0,0,0,0,0,0,0,0,0,0,0
f1aa0ea145fc7098b3403eb2badbe65b,0.019596679,0,0,0,0,0,0,0,0,0,0,0,0,0,0,0,0,0,0
25668c0238f943ae425391ec3054a4d0,0.00450194,0,0,0,0,0,0,0,0,0,0,0,0,0,0,0,0,0,0
a017db3bfdae612d959f9edcc112104c,0.034161779,0,0,0,0,0,0,0,0,0,0,0,0,0,0,0,0,0,0
9feda0d620fa50b57ce3f848e1b48975,0,0.00216346,0.003266088,1.519254285,0.01335954,0.081719574,0.004428931,0.008393218,0,0.177066819,0.096361933,0.051537391,0.150105835,0.076057635,0.509053435,0.019794189,0.046108125,0.002055599,0
f0edde70fa1e568fe1079e75617d91cc,0,0,0,0.001148196,0,0,0,0,0,0,0,0,0,0,0,0,0,0,0
bb50ac888e677e82816ea70b2ab33eca,0.016683659,0,0,0,0,0,0,0,0,0,0,0,0,0,0,0,0,0,0
8602056eba9f104692f2ddf8938871c5,0.012711359,0,0,0,0,0,0,0,0,0,0,0,0,0,0,0,0,0,0
f88d55ac7259c9d81abe40671215dec1,0,0,0,0,0,0,0,0,0.004173913,0,0,0,0,0,0,0,0,0,0
7fc9d702ba352d52e7931c790a577f39,0,0,0.001524174,0,0,0,0,0,0,0,0,0,0,0,0,0,0,0,0
a5e4214d6e45488b57daf5cc70b89f40,0.00158892,0,0,0,0,0,0,0,0,0,0,0,0,0,0,0,0,0,0
a6a4ec1b84af5b137949eecef0fa36f4,0.025687539,0,0,0,0,0,0,0,0,0,0,0,0,0,0,0,0,0,0
08ea1c9b9d368cd6d9bfeb8857e90315,0.793135866,0,0,0,0,0,0,0,0,0,0,0,0,0,0,0,0,0,0
1da23dee00520d2c9e0e21bac4a70bca,0.484355759,0,0,0,0,0,0,0,0,0,0,0,0,0,0,0,0,0,0
6aa82af5289e004d50046c31ef22b2ae,0.00052964,0,0,0,0,0,0,0,0,0,0,0,0,0,0,0,0,0,0
315154928c5be44de373e19d66bd739a,0.00344266,0,0,0,0,0,0,0,0,0,0,0,0,0,0,0,0,0,0
baa4a4f4c8d40a784e35ff0313bf0ccb,0.291037167,0,0,0,0,0,0,0.019584176,0,0,0,0,0,0,0,0,0.002712243,0,0
d93e8e8eb65bc1de981f3ef962af0956,0.00211856,0,0,0,0,0,0,0,0,0,0,0,0,0,0,0,0,0,0
cd05a4b1cda569ae366c6980823f4c72,2.385233637,0.012439896,0.011322439,0,0.003643511,0.010025078,0.030158914,0.475815541,0.457275362,0.028501701,0.030685085,0.018024006,0.031358515,0.002223907,0.003107142,0.00096557,0,0.002213722,0
d8f2eba07489316f7c8a27d0e18fed13,0.00185374,0,0,0,0,0,0,0,0,0,0,0,0,0,0,0,0,0,0
86399b4152e937777cee90ee980e53c7,0.00767978,0,0,0,0,0,0,0,0,0,0,0,0,0,0,0,0,0,0
a6efdb52a04e05a2a1be52f5516784fa,0.283357388,0.005679083,0.009798265,0.003253221,0.001416921,0.002582217,0.00569434,0.006594672,0.011130435,0.014963393,0.012920036,0.003097876,0.00945367,0,0,0,0.002324779,0.003636829,0
58bcdde420158eabe69c67e4c9eb9245,0.031778399,0,0,0,0,0,0,0,0,0,0,0,0,0,0,0,0,0,0
07ab589574a5adeae211c91efb58a71f,0.016154019,0,0,0,0,0,0,0,0,0,0,0,0,0,0,0,0,0,0
3f621680f877f8755d3bf38982001f7b,0.052434358,0,0,0,0,0,0,0,0,0,0,0,0,0,0,0,0,0,0
5009ec83dc7d2e70acc5d0426d8abceb,0.021980059,0,0,0,0,0,0,0,0,0,0,0,0,0,0,0,0,0,0
40435e518fea30a9f66dd28ace97dcd0,0.00079446,0,0,0,0,0,0,0,0,0,0,0,0,0,0,0,0,0,0
effac6ec8d11ae5d2d4f029c5f18e3be,0.043165658,0,0,0,0,0,0,0,0,0,0,0,0,0,0,0,0,0,0
32b01957f98cbf2079bd6bdbb6342751,0.00052964,0,0,0,0,0,0,0,0,0,0,0,0,0,0,0,0,0,0
172df84126559d3703a3b6184b45a0ee,0.00370748,0,0,0,0,0,0,0,0,0,0,0,0,0,0,0,0,0,0
ce2061796f0dee9838e806cd86488535,0.00105928,0,0,0,0,0,0,0,0,0,0,0,0,0,0,0,0,0,0
28f13b8e13ea61aafe5bc46d20dc15bf,0.00052964,0,0,0,0,0,0,0,0,0,0,0,0,0,0,0,0,0,0
8b024b5e9fd085be8d302e0fe7eb1da6,0.00079446,0,0,0,0,0,0,0,0,0,0,0,0,0,0,0,0,0.000316246,0
3be7e939ae2116634ae31372ce9f460d,0.00185374,0,0,0,0,0,0,0,0,0,0,0,0,0,0,0,0,0,0
252b9818794303733b72bc44553b4fe9,0.00238338,0,0,0,0,0,0,0,0,0,0,0,0,0,0,0,0,0,0
7d1bda054163467e1cf195ab330ba64f,0.00185374,0,0,0,0,0,0,0,0,0,0,0,0,0,0,0,0,0,0
9a6b3fef0385b0cecd4738a2225f02b8,0.00688532,0,0,0,0,0,0,0,0,0,0,0,0,0,0,0,0,0,0
25f78b5ec41e8410f4a0ad889aad6433,0.00158892,0,0,0,0,0,0,0,0,0,0,0,0,0,0,0,0,0,0
a3d67e84fce8a7747f69e619a049f2b9,0.00820942,0,0,0,0,0,0,0,0,0,0,0,0,0,0,0,0,0,0
c232a779470ac2c086cf118bc1aa821d,0.00079446,0,0,0,0,0,0,0,0,0,0,0,0,0,0,0,0,0,0
f961e1550d2126dce30199dd80a47c66,0.0013241,0,0,0,0,0,0,0,0,0,0,0,0,0,0,0,0,0,0
db2655d106ea7194a3982bfbe1ef11c4,0.00079446,0,0,0,0,0,0,0,0,0,0,0,0,0,0,0,0,0,0
fd6e07eef3a5baacd89506ae84fb2ea6,0.00344266,0,0,0,0,0,0,0,0,0,0,0,0,0,0,0,0,0,0
3e06f2d2b9d0ba13808adb5c1dd498de,0.00185374,0,0,0,0,0,0,0,0,0,0,0,0,0,0,0,0,0,0
da380d249b3dd800f5c3e279f7cf917a,0.00370748,0,0,0,0,0,0,0,0,0,0,0,0,0,0,0,0,0,0
d4478251439a62fedcc7f87519fdd32a,0.00158892,0,0,0,0,0,0,0,0,0,0,0,0,0,0,0,0,0,0
493cc79d93c8003efb9369ab256e65f4,0.00688532,0,0,0,0,0,0,0,0,0,0,0,0,0,0,0,0,0,0
609d275502076a9f8c77313c88d5cabd,0.0013241,0,0,0,0,0,0,0,0,0,0,0,0,0,0,0,0,0,0
39cabc06fe765618dfcb8000e03424ca,0.00317784,0,0,0,0,0,0,0,0,0,0,0,0,0,0,0,0,0,0
0a9e32a90e0c0e68cfe004e73a2ac7dd,0.00105928,0,0,0,0,0,0,0,0,0,0,0,0,0,0,0,0,0,0
0125f2eadef50a0a739c1537d792cf24,0.0026482,0,0,0,0,0,0,0,0,0,0,0,0,0,0,0,0,0,0
435c6084c75f643fca4a52a243e279ae,0.00079446,0,0,0,0,0,0,0,0,0,0,0,0,0,0,0,0,0,0
24b8bcda6b1b2ab72e632df74c10c98c,0.00079446,0,0,0,0,0,0,0,0,0,0,0,0,0,0,0,0,0,0
b86da5ca22d022d3720d091a79b03f13,0.00079446,0,0,0,0,0,0,0,0,0,0,0,0,0,0,0,0,0,0
9b9174d78b183d58e02083b8044f64af,0.00079446,0,0,0,0,0,0,0,0,0,0,0,0,0,0,0,0,0,0
d83c0d8fbc6ae1fe1c0dd12cbea1833a,0.00503158,0,0,0,0,0,0,0,0,0,0,0,0,0,0,0,0,0,0
346f4cf3bc35393efe4260b2f0b1966d,0.00211856,0,0,0,0,0,0,0,0,0,0,0,0,0,0,0,0,0,0
7170942055c32bb7a709c4a92e29a258,0.00344266,0,0,0,0,0,0,0,0,0,0,0,0,0,0,0,0,0,0
4a116f83e81e1519640492c5bf55a3bf,0.0013241,0,0,0,0,0,0,0,0,0,0,0,0,0,0,0,0,0,0
0b5f1332724e9f07873bad86a8fbc029,0.00503158,0,0,0,0,0,0,0,0,0,0,0,0,0,0,0,0,0,0
cea48cb9e85cce1a4c9d90bff8f6ded5,0.0013241,0,0,0,0,0,0,0,0,0,0,0,0,0,0,0,0,0,0
22fa460af93a84061844f0660d43797e,0.00635568,0,0,0,0,0,0,0,0,0,0,0,0,0,0,0,0,0,0
9c7db0d5022a938bf5ea950826d34437,0.00158892,0,0,0,0,0,0,0,0,0,0,0,0,0,0,0,0,0,0
9a38fac836b824fbd5c99165b543ca0a,0.00079446,0,0,0,0,0,0,0,0,0,0,0,0,0,0,0,0,0,0
1352933b973ba3c6f76d090c4d0a422e,0.00079446,0,0,0,0,0,0,0,0,0,0,0,0,0,0,0,0,0,0
2e707ae206fd30644537a8329e2b9476,0.403320843,0,0,0,0,0,0,0,0,0,0,0,0,0,0,0,0,0,0
721bd76a3ab9dec41984c4ec32be845a,0.00185374,0,0,0,0,0,0,0,0,0,0,0,0,0,0,0,0,0,0
dd07e924156039f8e953d5ea58ab5023,0.00158892,0,0,0,0,0,0,0,0,0,0,0,0,0,0,0.001689748,0.028866011,0.03826577,0.003822411
211c2bf941e5c4e05078cf20a194b0be,0.00370748,0,0,0,0,0,0,0,0,0,0,0,0,0,0,0,0,0,0
bb617d32673d5f60d6216a07ad7a42bc,0.23039339,0,0,0,0,0,0,0,0,0,0,0,0,1.258064444,0.017607138,0.004345066,0.0263475,0.005534306,0
4a5aca254f681087750ca99527486cde,0,0,0,0,0.000809669,0,0,0,0,0,0,0,0,0,0,0,0,0,0
b3d8bf326297fb9b18ea4fef1ce8d4a6,0,0.427012965,1.11613121,0.46272287,1.236769501,0.79486716,1.766089148,2.344105962,1.673275362,2.229189305,1.697908031,0.586625061,2.385783525,0,0.496883795,0.563651593,1.24627551,0.909049222,1.257573151
57568ab86419e6655ce098557e7735c9,0,0,0,0,0,0,0,0,0,0,0.00107667,0,0,0,0,0,0,0,0
242a3a783392eec5c227518358c4dc88,0,0,0,0,0,0,0,0.000999193,0,0,0,0,0,0,0,0,0,0,0
3ebc45cb057728ffa06e667125c116fd,0,0,0,0,0,0,0,0.001998385,0,0,0,0,0,0,0,0,0,0,0
5cb2b4186e2e95521540e2ccbafcb4c9,0,0,0,0,0.030767425,0.031897975,0.228195421,0.437046866,0.270376812,0.188111228,0.123817009,0.032950135,0.16601567,0.011564319,0.067580339,0.018345833,0,0,0
72950b26cbd1bf74be7b6605ca95ec34,0,0,0,0,0,0,0,0.000399677,0,0,0,0,0,0,0,0,0,0,0
e1382120e151d51cb3b3b6900845f1c8,1.450948718,0.014062492,0.024169053,0.001339562,0.001416921,0.001670846,0.001687212,0.002398062,0.001855072,0.00285017,0,0.000844875,0.001614041,0,0,0,0,0,0
248cd8f8ef49066c9ede7752a044b0ee,0,0,0,0,0,0,0,0,0,0,0,0,0,0,0.001035714,0,0,0,0
430c875622713c0d7662add2d8e7db60,0,0.015955519,0.0222094,0.253177153,0.225290418,0.275233956,1.090993452,3.314322028,2.407884058,0.399736359,0.356915987,0.171791305,0.41457802,0.505716554,0.622464119,0.270601043,0.112364339,0.022295345,0.026756876
295de38d6dd13acd267eae051374671f,0,0,0,0,0,0,0.001054507,0,0,0,0,0,0,0,0,0,0,0,0
0e81a770249139559c5cb218c03695f9,0,0,0,0,0,0,0,0,0,0,0,0,0,0.000889563,0,0,0,0,0
4ced6b735a53af484d0cf4f620846dcd,0.717132529,0,0.001088696,0,0,0,0,0,0,0,0,0,0,0,0,0,0,0,0
18ca89dadf6219af5e55c04d2e77d221,0.00052964,0,0,0,0,0,0,0,0,0,0,0,0,0,0,0,0,0,0
1ed95763454163d1938e3d2d3c082d23,0.00158892,0,0,0,0,0,0,0,0,0,0,0,0,0,0,0,0,0,0
842ba3e9826daf645e7765f4bb0525be,0.00317784,0,0,0,0,0,0,0,0,0,0,0,0,0,0,0,0,0,0
7ede4b72fe5210d181d31d0161d8f153,0.013240999,0,0,0,0,0,0,0,0,0,0,0,0,0,0,0,0,0,0
912c0c0d10313d835d3cd85636e51854,0.00582604,0,0,0,0,0,0,0,0,0,0,0,0,0,0,0,0,0,0
eb39035aa8ec3916e81ca8fc6b2cbc00,0.00105928,0,0,0,0,0,0,0,0,0,0,0,0,0,0,0,0,0,0
6e6058d4bc7844a5a6e5a8bddd480300,0.00079446,0,0,0,0,0,0,0,0,0,0,0,0,0,0,0,0,0,0
c68beead78f4f3b46f10ea9998c1bff7,0.00635568,0,0,0,0,0,0,0,0,0,0,0,0,0,0,0,0,0,0
89bd7c45f05c79d6fbb1fbda696d5bae,0.026217179,0,0,0,0,0,0,0,0,0,0,0,0,0,0,0,0,0,0
bdc8fef92da036b174e440badf20ae19,0.00582604,0,0,0,0,0,0,0,0,0,0,0,0,0,0,0,0,0,0
306362657db7872818a69eab489f7c76,0.00079446,0,0,0,0,0,0,0,0,0,0,0,0,0,0,0,0,0,0
0092fa9cfbb787e7d34b4a3417ab24e3,0.00211856,0,0,0,0,0,0,0,0,0,0,0,0,0,0,0,0,0,0
d232fae99923ef2ca92f6afbc004f379,0.00105928,0,0,0,0,0,0,0,0,0,0,0,0,0,0,0,0,0,0
a5687ae218d670b18de3577539a459e3,0.0026482,0,0,0,0,0,0,0,0,0,0,0,0,0,0,0,0,0,0
2481a293c5dffa73e03136fa6efdff28,0.00105928,0,0,0,0,0,0,0,0,0,0,0,0,0,0,0,0,0,0
7a7f26619f42855a102fab4f1d7b8753,0,0,0,0,0,0,0,0,0,0,0,0,0.001152887,0,0,0,0,0,0
3b57ddd9849252e883213b71bb3c2f17,0.00158892,0,0,0,0,0,0,0,0,0,0,0,0,0,0,0,0,0,0
14d87a227e9cbf80d583db1f6eaf48b4,0.016683659,0,0,0,0,0,0,0,0,0,0,0,0,0,0,0,0,0,0
197c1736a92b42d2671a7ea927a9d7d8,0.24310475,0,0.001306435,0,0,0,0,0,0,0,0,0,0,0,0,0,0,0,0
626c469cde244cf9b780fe8a6e952018,0.013770639,0,0,0,0,0,0,0,0,0,0,0,0,0,0,0,0,0,0
82243ab47000b0bb9500a7f65bf04630,0.016683659,0,0,0,0,0,0,0,0,0,0,0,0,0,0,0,0,0,0
42ae4d6693b650ebbaac42e57113910e,0.00741496,0,0,0,0,0,0,0,0,0,0,0,0,0,0,0,0,0,0
9335b7a207b486ae9975e735cd30a814,0.125259855,0,0,0,0,0,0,0,0,0,0,0,0,0,0,0,0,0,0
455b517d5e3be97a7c74805de5f26850,0.013240999,0,0,0,0,0,0,0,0,0,0,0,0,0,0,0,0,0,0
9764c052d988e3b900a8df7208a2a245,0,0.000811298,0,0,0,0,0,0,0,0,0,0,0,0,0,0,0,0,0
26ef86afa44dbbdebbae8f35e590f52e,0.168690333,0,0.001741914,0,0,0,0,0,0,0,0,0,0,0,0,0,0,0,0
0f645d7ab83eb9dd659b573e9abc0069,0.00370748,0,0,0,0,0,0,0,0,0,0,0,0,0,0,0,0,0,0
fd66678cf39f676cb57820da4a793b6f,0.025422719,0,0,0,0,0,0,0,0,0,0,0,0,0,0,0,0,0,0
e57525faafab45f4f99be57ab69faabd,0.00370748,0,0,0,0,0,0,0,0,0,0,0,0,0,0,0,0,0,0
b53ee4129079a6b4885428c4e2a408f9,0.00291302,0,0,0,0,0,0,0,0,0,0,0,0,0,0,0,0,0,0
87e2bfb52174f1764d735f93e86017d3,0.097718576,0,0,0,0,0,0,0,0,0,0,0,0,0,0,0,0,0,0
46955cdee4a523b064ae2ab0d337deb8,0.00105928,0,0,0,0,0,0,0,0,0,0,0,0,0,0,0,0,0,0
499282a32d639ab44b7dc14af1e71965,0.00847424,0,0,0,0,0,0,0,0,0,0,0,0,0,0,0,0,0,0
af1a97638ae7817e6dc243cfe90ba23b,0.078916357,0,0,0,0,0,0,0.002797739,0.004173913,0.001068814,0,0,0,0,0.001035714,0.00193114,0.002905974,0.000632492,0
1a5546dc8d08ba22cbc75f508edd0828,0.00556122,0,0,0,0,0,0,0,0,0,0,0,0,0,0,0,0,0,0
076f9a4680cc7c0f8cee8a887ae40f4a,0.00423712,0,0,0,0,0,0,0,0,0,0,0,0,0,0,0,0,0,0
ea356eadfcbbc83181a30eade6da43f4,0.00291302,0,0,0,0,0,0,0,0,0,0,0,0,0,0,0,0,0,0
d60b398e30dc4e3177e2b814c81ee53a,0.00158892,0,0,0,0,0,0,0,0,0,0,0,0,0,0,0,0,0,0
ae89ff1c2542cc18bae68e862b05609c,0.00688532,0,0,0,0,0,0,0,0,0,0,0,0,0,0,0,0,0,0
9918c6983a2d8a49a554941297f09e33,0.01032798,0,0,0,0,0,0,0,0,0,0,0,0,0,0,0,0,0,0
ad093ee4a3c24932837db32cf7007813,0.0105928,0,0,0,0,0,0,0,0,0,0,0,0,0,0,0,0,0,0
518fef19dd285b8a7bfa02d31a2290a5,0.00688532,0,0,0,0,0,0,0,0,0,0,0,0,0,0,0,0,0,0
8e9415fb1edc2f6f3ccda52f97761c01,0.043430478,0,0,0,0,0,0,0,0,0,0,0,0,0,0,0,0,0,0
b0ec891a9cead40f58935f40fa9a1b9a,0.00344266,0,0,0,0,0,0,0,0,0,0,0,0,0,0,0,0,0,0
65c647ffd0330aa88c24b8bf7674e6c7,0.018007759,0,0,0,0,0,0,0,0,0,0,0,0,0,0,0,0,0,0
48ca5b4f7cb58d4a146837de341a2604,0.175046012,0,0.002177392,0,0,0,0,0,0,0,0,0,0,0,0,0,0,0,0
70587a5848f80e8639f9bb824c9236fa,0.00873906,0,0,0,0,0,0,0,0,0,0,0,0,0,0,0,0,0,0
7f52ee67403fedcc4a7ddae34cd0e7a4,0.00423712,0,0,0,0,0,0,0,0,0,0,0,0,0,0,0,0,0,0
0ce454899698457894ff03330870f380,0.026481999,0,0,0,0,0,0,0,0,0,0,0,0,0,0,0,0,0,0
8e6aad6b74b9b6601b06801e804b3ab3,0.034691419,0,0,0,0,0,0,0,0,0,0,0,0,0,0,0,0,0,0
1b928ac12dc87878c3c36113baa33d56,0.045019398,0,0,0,0,0,0,0,0,0,0,0,0,0,0,0,0,0,0
c2a63e5593cc5d91688af8f3abd60f16,0.027011639,0,0,0,0,0,0,0,0,0,0,0,0,0,0,0,0,0,0
5bfd0607c1130b2ea95261361ed0aaf1,0,0,0,0,0,0,0.003374424,0,0,0,0,0,0,0,0,0,0,0,0
a3cb77034e3171f38574be30d580d64e,0.00238338,0,0,0,0,0,0,0,0,0,0,0,0,0,0,0,0,0,0
316a647c6d79dda84bd598e67148ca47,0.0026482,0,0,0,0,0,0,0,0,0,0,0,0,0,0,0,0,0,0
b923bc5d99ffa071df805bfb578547c4,0.014829919,0,0,0,0,0,0,0,0,0,0,0,0,0,0,0,0,0,0
d6ff6bbe079674401094c1a932da80ab,0.013240999,0,0,0,0,0,0,0,0,0,0,0,0,0,0,0,0,0,0
6406af9ddc919e08f4d05e707fd141d4,0.0026482,0,0,0,0,0,0,0,0,0,0,0,0,0,0,0,0,0,0
a038f6f43c43cea3001e6db131286ab7,0.00211856,0,0,0,0,0,0,0,0,0,0,0,0,0,0,0,0,0,0
af652e408f0db93cc4846d6901a6ce37,0.00873906,0,0,0,0,0,0,0,0,0,0,0,0,0,0,0,0,0,0
83d1208a372f046a842442d3a156c435,0.029130199,0,0,0,0,0,0,0,0,0,0,0,0,0,0,0,0,0,0
7a8d2549f0a2623a5f45a138e85aedd0,0.015624379,0,0,0,0,0,0,0,0,0,0,0,0,0,0,0,0,0,0
a7c8ce74f4fdc4ec58c5c54c9b1fda2a,0.00291302,0,0,0,0,0,0,0,0,0,0,0,0,0,0,0,0,0,0
dc8f5ffb4f5fe578b41f078fe854247c,0.0026482,0,0,0,0,0,0,0,0,0,0,0,0,0,0,0,0,0,0
61bffb5ed48deb86adad74d3d45df340,0.016683659,0,0,0,0,0,0.004428931,0.003397255,0.005565217,0.015319664,0.018841719,0.012673129,0.021904845,0.006226941,0.009580355,0.003138103,0.002712243,0,0
a67c7071b283c3513d9aa4cf63879d6e,0.172927453,0,0,0,0,0,0,0,0,0,0,0,0,0,0,0,0,0,0
9b6a7459b2c92cee0abfc36d503488b7,0,0,0,0,0,0,0.009068764,0.003597094,0,0.008194239,0.038221772,0.014644505,0.035508907,0.0120091,0.012946425,0.067831305,0.052307537,0.011226734,0
b3a9e61964951469555c029385db09e2,0,0,0.000870957,0,0,0,0,0,0,0,0,0,0,0,0,0,0,0,0
4b50be28c2cc7c6a4dbc6300155c5218,0.01032798,0.333984174,0.535638466,0.058175249,0.687409039,0.604998261,0.259197942,0.075139287,0.034318841,0.048096621,0.033376759,0.012954754,0.028822165,0.003558252,0.005437499,0.002655318,0.001937316,0,0
41f99c44465eb2939503fc0371a28a63,0,0,0,0,0,0,0,0,0,0.000712543,0,0,0,0,0,0,0,0,0
a954a29c70499c3c72ee396f69b71c51,0,0,0.001088696,0.00095683,0.010728115,0.003797378,0.011177779,0.009991927,0.004173913,0.012113223,0.005921683,0.002534626,0.007839629,0,0.001035714,0.003862281,0.001549853,0,0
3d462e8ce030e0c5bbd7564663c5561b,0.0052964,0,0,0,0,0,0,0,0,0,0,0,0,0,0,0,0,0,0
e1ad71679dace6d1d502a91df086f04b,0.00953352,0,0,0,0,0,0,0,0,0,0,0,0,0,0,0,0,0,0
febbb96bc35744a5fc6936e547e3041c,0.00741496,0,0,0,0,0,0,0,0,0,0,0,0,0,0,0,0,0,0
36cf1853edbaec342c271909f87ca1b6,0.00688532,0,0,0,0,0,0,0,0,0,0,0.001689751,0.003228082,0.002223907,0.003624999,0.001689748,0.001937316,0.001264984,0
4a776a15babf55b56fb4bc95c435aaed,0.00291302,0,0,0,0,0,0,0,0,0,0,0,0,0,0,0,0,0,0
59a5570b657c148caf79a4d0bf8b4d0c,0.01006316,0,0,0,0,0,0,0,0,0,0,0,0,0,0,0,0,0,0
164212c0910ca9770a6bd13bcb2c5d05,0.145915814,0,0,0,0,0,0,0.007194187,0.007884058,0.019951191,0.024763402,0.018305631,0.03873699,0.003558252,0.008803569,0.002896711,0.003680901,0.001739353,0
0afdd7eddb9a71ce53cf6487747ec98c,0.00291302,0,0,0,0,0,0,0,0,0,0,0,0,0,0,0,0,0,0
b6c19406cbfb8b024ef8d24181b1b819,0,0,0.000435478,0,0,0,0,0,0,0,0,0,0,0,0,0,0,0,0
511d54a89d75ef31122601e792862aa2,0.00052964,0,0,0,0,0,0,0,0,0,0,0,0,0,0,0,0,0,0
9e13d93777151eb613fe284d55d30c88,0,0,0,0,0,0,0,0,0,0,0,0,0,0,0,0,0,0,0.003822411
d96a2ea1b09f080f66ce79b9ddfa768e,0.734875468,0.004867786,0.004354784,0,0,0,0,0,0,0,0.004845013,0.006195752,0.004150392,0.012676272,0.015017853,0.009172917,0.008524191,0.004269321,0
db4543063a7cc4847ca4914a1f3f4611,0.00503158,0,0,0,0,0,0,0,0,0,0,0,0,0,0,0,0,0,0
9026ee9ce58d36be3646689861848080,0.117844895,0,0,0,0,0,0,0,0,0,0,0,0,0,0,0,0,0,0
21d26093efc917ced0c94fc534aa8bcc,0.025422719,0,0,0,0,0,0,0,0,0,0,0,0,0,0,0,0,0,0
c574f4c451bc5662da17b3af8d5ebf44,0.00715014,0,0,0,0,0,0,0,0,0,0,0,0,0,0,0,0,0,0
2214bdd7fed5c53d6959f3201478166e,0.00688532,0,0,0,0,0,0,0,0,0,0,0,0,0,0,0,0,0,0
730dfe1f490b05a2a762cd36a3ac5c8d,0,0,0,0,0,0,0,0,0,0,0,0,0.002075196,0,0.003366071,0,0,0,0
1289562118919e6f9a67cdf153688a18,0.016948479,0,0,0,0,0,0,0,0,0,0,0,0,0,0,0,0,0,0
440cf59737156116c2e42f84552562b8,0.037604438,0,0,0,0,0,0,0,0,0,0,0,0,0,0,0,0,0,0
9a0ea06f99eb653b4104f7809547dc61,0.019861499,0,0,0,0,0,0,0,0,0,0,0,0,0,0,0,0,0,0
54c489de5ec8c0e9aa68974f8f39d713,0.047137958,0,0,0,0,0,0,0,0,0,0,0,0,0,0,0,0,0,0
328120c708098f9f55e4b6945d8cf31d,0.012446539,0,0,0,0,0,0,0,0,0,0,0,0,0,0,0,0,0,0
ab2050607cb3fe172ea918d5a17a46c7,0.565920316,0.009465139,0.010886961,0.003253221,0,0,0.011810484,0.00819338,0.008811594,0.009619324,0,0.010701753,0.013834639,0.010007584,0.018124995,0.01327659,0.008524191,0.002688091,0
737ec3fec82dbe6919a55d6f88890343,0.0013241,0,0,0,0,0,0,0,0,0,0,0,0,0,0,0,0,0,0
28b5f35cfb5f0516e5e5f896428abdcd,0.359625545,0.04705526,0.10233743,0.050329245,0.157075799,0.344042446,0.779070135,0.227616086,0.17484058,0.0619912,0.054910152,0.033795011,0.059719526,0.014455398,0.023562494,0.020276974,0.011817629,0.002846214,0
d173baa99a72cc768d97c17cf7f2424c,0,0,0.000435478,0,0,0,0,0,0,0,0,0,0,0,0,0,0,0,0
d2e29353b6ede10f1607456fa86e6300,0.032308039,0,0,0,0,0,0,0,0,0,0,0,0,0,0,0,0,0,0
599d7cf9f263b0f86ad741ce6f9f7619,0.00158892,0,0,0,0,0,0,0,0,0,0,0,0,0,0,0,0,0,0
564dff3148781f436e49ebbfb2590a6a,0.082094196,0,0,0,0,0,0,0,0,0,0,0,0,0,0,0,0,0,0
8b07adb150b7469eafc89ddb46a9bef2,0.0066205,0,0,0,0,0,0,0,0,0,0,0,0,0,0,0,0,0,0
adae8a46239a2d87cf6b3187212b0c5d,0.00847424,0,0,0,0,0,0,0,0,0,0,0,0,0,0,0,0,0,0
2e380222b4128117ac8a61f1e8c13ada,0.00026482,0,0,0,0,0,0,0,0,0,0,0,0,0,0,0,0,0,0
f84aa5ec0c6a8702f634b0fed4bb56e0,0.00688532,0,0,0,0,0,0,0,0,0,0,0,0,0,0,0,0,0,0
2f94ec758afccdb570dcc9fd5080e5c4,0.00423712,0,0,0,0,0,0,0,0,0,0,0,0,0,0,0,0,0,0
3c2d4903b3df0132b4a1d9a9b20ea45d,0.0013241,0,0,0,0,0,0,0,0,0,0,0,0,0,0,0,0,0,0
fab2c4c54cd5034675223cf06e3eb8c2,0.00423712,0,0,0,0,0,0,0,0,0,0,0,0,0,0,0,0,0,0
b1f59336f531943ed373eb155f8380ea,0.00873906,0,0,0,0,0,0,0,0,0,0,0,0,0,0,0,0,0,0
344b8fcfc08a17bb7443c1ad11ea3151,0.116520795,0,0,0,0,0,0.002530818,0.001598708,0,0,0.003230009,0,0.003689237,0.00289108,0.006214284,0,0,0.001106861,0
85f6db727b9f9f28fa57d33177a6f386,0.036545158,0,0,0,0,0,0,0,0,0,0,0,0,0,0,0,0,0,0
0f97c220b579e7f247036ed1adce5afc,0.00503158,0,0,0,0,0,0,0,0,0,0,0,0,0,0,0,0,0,0
45d5fa1bed1dc5a9ecf8c62ff7ebbdd1,0.00317784,0,0,0,0,0,0,0,0,0,0,0,0,0,0,0,0,0,0
c17efdeaa645dec7b8f314690d1b9160,0.00582604,0,0,0,0,0,0,0,0,0,0,0,0,0,0,0,0,0,0
aa994f6ce33aa806c707bdc34ef908ef,0.027276459,0,0,0,0,0,0,0,0,0,0,0,0,0,0,0,0,0,0
a9d3a8d7e6ab34f69fa91fcce8bda39f,0,0,0,0,0,0,0,0,0,0,0,0.002816251,0.004380969,0.00600455,0.00517857,0.005310636,0.001549853,0,0
fa6189d828a79eb80234db2985c10e19,0.019861499,0,0,0,0,0,0,0,0,0,0,0,0,0,0,0,0,0,0
36e38981bc99d5d7fdd5959ca41f6313,0.113872595,0,0,0,0,0,0.001054507,0.001798547,0.002318841,0.003562713,0.004845013,0.001971376,0.004611546,0,0.002071428,0,0.000774926,0,0
638fc32ab42e9e47ae41e2aad6572cc9,0.00688532,0.001893028,0,0,0,0,0,0,0,0,0,0,0,0,0,0,0,0,0
930364fee1f4684984efec7eacc41f85,0.00609086,0,0,0,0,0,0,0,0,0,0,0,0,0,0,0,0,0,0
9556ed629add12bf69d350023ce028dd,0,0,0,0,0,0,0,0,0,0,0,0,0.001614041,0.001334344,0.002330357,0,0,0,0
5c9352f85a03deadbc046bcced83740a,0.00688532,0,0,0,0,0,0,0,0,0,0,0,0,0,0,0,0,0,0
3e0febfb4a6a1915ac7dbadd489360be,0.038928538,0,0,0,0,0,0,0,0,0,0,0,0,0,0,0,0,0,0
ab35a6efdcbec8500e2fb023169fe78a,0.00291302,0,0,0,0,0,0,0,0,0,0,0,0,0,0,0,0,0,0
fa4cca3abe5e2f19f3d66fd3eafc8011,0.00767978,0,0,0,0,0,0,0,0,0,0,0,0,0,0,0,0,0,0
0ce72cb3f2222077b10a09aeab862462,0.01006316,0,0,0,0,0,0,0,0,0,0,0,0,0,0,0,0,0,0
1dd4ae4f0ee4d2ccf2cf15e82ce65b7b,0.0079446,0,0,0,0,0,0,0,0,0,0,0,0,0,0,0,0,0,0
9c426d26d1334efd88b234484348abbf,0.012446539,0,0,0,0,0,0,0,0,0,0,0,0,0,0,0,0,0,0
8207352f9586edf5c23e242fba24021c,0.031778399,0,0,0,0,0,0,0,0,0,0,0,0,0,0,0,0,0,0
4563e1bc4155a08102e2a8f74d500106,0.00873906,0,0,0,0,0,0,0,0,0,0,0,0,0,0,0,0,0,0
09383f3babfd32418e7ba07634680e12,0.089509156,0,0,0,0,0,0,0.022781592,0.012985507,0.012469494,0.022071728,0.033231761,0.026516392,0.234844627,0.528214144,0.137835143,0.070324578,0.005850552,0
7ad290ae94d2ece8c7e76f06f4c89d34,0,0.000811298,0,0.000191366,0,0,0,0,0,0,0,0,0,0,0,0,0,0,0
cb796d5e697b4835a8402bb23c894c15,0.00026482,0,0,0,0,0,0,0,0,0,0,0.000844875,0.001614041,0,0,0.00096557,0,0,0
52708c2cfa926ba9b2f69878c97cee2c,1.769527164,0.006490381,0.004572523,0.002487757,0,0,0.002530818,0.002597901,0,0.005344069,0,0,0,0.006449332,0.006473213,0,0.002324779,0.002529968,0
dba7c05b3998a0053a7ebd17f124a3c0,0.00105928,0,0,0,0,0,0,0,0,0,0,0,0,0,0,0,0,0,0
8d8be8b2507c837431e2e91d5b78faa9,0.012711359,0,0,0,0,0,0,0,0,0,0,0,0,0,0,0,0,0,0
d940283de678b9ef93da553438afcd90,0.00423712,0,0,0,0,0,0,0,0,0,0,0,0,0,0,0,0,0,0
44c8b9c58c1fcec63fc77db189334c81,0.00450194,0,0,0,0,0,0,0,0,0,0,0,0,0,0,0,0,0,0
50285c59a58cda2d889cb954c022a93a,0.22589145,0.00108173,0,0,0,0,0,0,0,0,0,0,0,0,0,0,0,0,0
daec04577d1843ad73efa35de1d48151,0,0,0,0,0,0,0,0.005995156,0.004173913,0.001425085,0.004306679,0.001971376,0.001152887,0,0,0.003862281,0.001743585,0,0
6c68bf9a2ce53d1b172b227d83144566,0.00370748,0,0,0,0,0,0,0,0,0,0,0,0,0,0,0,0,0,0
450e10636606887dd168542a6fc0df36,0.00847424,0,0,0,0,0,0,0,0,0,0,0,0,0,0,0,0,0,0
52c544d6ecca1fc0e2adc52b33f7a35b,0.00185374,0,0,0,0,0,0,0,0,0,0,0,0,0,0,0,0,0,0
fef34e7fa03c36381857511c7755324d,0.021185599,0,0,0,0,0,0,0,0,0,0,0,0,0.001779126,0.001035714,0,0,0,0
360597adbaef72569dbc31f72ed91c78,0.00370748,0,0,0,0,0,0,0,0,0,0,0,0,0,0,0,0,0,0
3e8c3a8b8d144e5a10adb57a7cc517da,0.00423712,0,0,0,0,0,0,0,0,0,0,0,0,0,0,0,0,0,0
99b6b856e4676df229a6e3c11b183293,0.00317784,0,0,0,0,0,0,0,0,0,0,0,0,0,0,0,0,0,0
2018829be0affbac011bf1b8e30981ad,0.016418839,0,0,0,0,0,0,0,0,0,0,0,0,0,0,0,0,0,0
3f0bc3f2b8d9b380ec319501754eca38,0.019067039,0,0,0,0,0,0,0,0,0,0,0,0,0,0,0,0,0,0
cadb4455b724f027fc10968f3b93c4f5,0.01032798,0,0.007620872,0,0,0,0.005061636,0.011590635,0.009275362,0,0,0,0,0,0,0.004345066,0.002518511,0,0
d5004573c96ec6eedcc4348d1145db37,0.076268157,0,0,0,0,0,0,0,0,0,0,0,0,0,0,0,0,0,0
a989e16b5beae59a0a6bc423abdd16e7,0.016154019,0,0,0,0,0,0,0,0,0,0,0,0,0,0,0,0,0,0
a5f0eb48a3a77f5fe2faa3b9571dc6b6,0.00423712,0,0,0,0,0,0,0,0,0,0,0,0,0,0,0,0,0,0
943510d75dff81e8e8a61b414393ad22,0.015889199,0,0,0,0,0,0,0,0,0,0,0,0,0,0,0,0,0,0
6e72d85c5c29aaa1b7f043f60c8515fa,0.014035459,0,0,0,0,0,0,0,0,0,0,0,0,0,0,0,0,0,0
1a73a1f0fd4682636a6566496ba342c6,0.0066205,0,0,0,0,0,0,0,0,0,0,0,0,0,0,0,0,0,0
21154dbe9d1fd27c98e5ee78bb11560c,0.014300279,0,0,0,0,0,0,0,0,0,0,0,0,0,0,0,0,0,0
ac70da28b0eb596f2cb37af26b06d10b,0.01006316,0,0,0,0,0,0,0,0,0,0,0,0,0,0,0,0,0,0
caea068037af31671eecefe94eca01ca,0.00185374,0,0,0,0,0,0,0,0,0,0,0,0,0,0,0,0,0,0
9f320ec9d312f6f94fd8e600383871e2,0.0013241,0,0,0,0,0,0,0,0,0,0,0,0,0,0,0,0,0,0
5db86c73cb3a69940374cd84e1457a2f,0.012446539,0,0,0,0,0,0,0,0,0,0,0,0,0,0,0,0,0,0
3f82999a4623343cbba40859d44329b0,0.020391139,0,0,0,0,0,0,0,0,0,0,0,0,0,0,0,0,0,0
6b68ebbc9e9e8d26fa7018cf163d4848,0.062762337,0,0,0,0,0,0,0,0,0,0,0,0,0,0,0,0,0,0
e5fff5f0be6594cb84ed47a5b16ee2bd,0,0.000811298,0,0,0,0,0,0,0,0,0,0,0,0,0,0,0,0,0
84e4f817f54ee2f5785d8caa8c371879,0.00688532,0,0,0,0,0,0,0,0,0,0,0,0,0,0,0,0,0,0
5f7d4fc1f30b840105cf8b66bcd02277,0,0,0,0,0,0,0,0,0.001855072,0,0,0,0,0,0,0,0,0,0
46636732082e8b359502809c48875633,0.027011639,0,0,0,0,0,0,0,0,0,0,0,0,0,0,0,0,0,0
5d55d069c4109b5fc7cd290e947e5c8e,0.00291302,0,0,0,0,0,0,0,0,0,0,0,0,0,0,0,0,0,0
bc15f0e20879b79188fa5ea9e191428c,0.23436569,0,0,0,0,0,0,0,0,0,0,0,0,0,0,0,0,0,0
8ac7ad6e4b6501eb143d97f10bcc2b6d,0.011652079,0,0,0,0,0,0,0,0,0,0,0,0,0,0,0,0,0,0
15d96e4d97ef38ceedf0ad18f07e0240,0.012181719,0,0.001306435,0,0,0,0,0,0,0,0,0,0,0,0,0,0,0,0
ad922999ec6a8228be4358e848e86bc2,0.101690876,0,0,0,0,0,0,0,0,0,0,0,0,0,0,0,0,0,0
8b42e63e1fe8e14326fe559f8a2cce81,0.015094739,0,0,0,0,0,0,0,0,0,0,0,0,0,0,0,0,0,0
c21569e136028113fff8cb7f4f825cd4,0.00211856,0,0,0,0,0,0,0,0,0,0,0,0,0,0,0,0,0,0
68bb557729fb17fa6cf8426461cb3d96,0.0026482,0,0,0,0,0,0,0,0,0,0,0,0,0,0,0,0,0,0
dcc3c223f6007f2b75ad31366a34a983,0.012976179,0,0,0,0,0,0,0,0,0,0,0,0,0,0,0,0,0,0
b9daacd0e5fb8ea4e35fc84e8a40253e,0,0,0,0,0,0,0.004428931,0.002797739,0.001855072,0.001068814,0,0,0,0,0,0,0,0.000474369,0
9d39b90a86fcc29202f4775515a05146,0.00503158,0,0,0,0,0,0,0,0,0,0,0,0,0,0,0,0,0,0
66d2801e670d80e47a383b655213cf55,0.00476676,0,0,0,0,0,0,0,0,0,0,0,0,0,0,0,0,0,0
7bc40a9c22f90b2ce6c97edc8248f810,0.013770639,0,0,0,0,0,0,0,0,0,0,0,0,0,0,0,0,0,0
14816bf58b22a8172bb1d6a7f78f06f2,0.00344266,0,0,0,0,0,0,0,0,0,0,0,0,0,0,0,0,0,0
335d9330fb71ae0d90dd21af0c78d794,0,0,0,0,0,0,0,0.000799354,0,0,0,0.0011265,0.002536351,0,0,0,0.003099706,0.000790615,0
dec21d55511b3673e457876cc2797df6,0.00503158,0,0,0,0,0,0,0,0,0,0,0,0,0,0,0,0,0,0
643cecdf78d7a5f104fd135492479199,0.017742939,0,0,0,0,0,0,0,0,0,0,0,0,0,0,0,0,0,0
d23e07dc0f848e8921532df36254ce29,0.020126319,0,0,0,0,0,0.005905242,0.008992734,0.006492754,0.013538308,0.011843366,0.010983378,0.024671773,0.020015167,0.027187493,0.016414693,0.007942996,0.00474369,0
913e8b6ddca7947f95db836301d8e9cd,0.028335739,0,0,0,0,0,0,0,0,0,0,0,0,0,0,0,0,0,0
543dc760699879a2b12cd2e2525e6729,0.0013241,0,0.003266088,0,0,0,0.005272537,0.023780785,0.024115942,0.014607122,0.011305031,0.002816251,0.010837134,0.003780643,0.004660713,0,0,0,0
82f01cb6b84420e18f1f7aed8630c878,0.017213299,0,0,0,0,0,0,0,0,0,0,0,0,0,0,0,0,0,0
2579ccdb853bf0bbcbc589ee0badfa6b,0.00476676,0,0,0,0,0,0,0,0,0,0,0,0,0,0,0.001448355,0,0.001897476,0
1fe5ac555eb14e8844d872f1061c429f,0.00423712,0,0,0,0,0,0,0,0,0,0,0,0,0,0,0,0,0,0
4c377ed4a13484a07dffc1121a98a02c,0.00476676,0,0,0,0,0,0,0,0,0,0,0,0,0,0,0,0,0,0
29b313a5262947210e3e9de415abaead,0.018802219,0.025150225,0.06924107,0.006697808,0.363338994,0.26703162,0.480644515,0.132692784,0.089971014,0.641644548,0.267014072,0.493407157,0.348632907,0.325802441,0.669071249,0.566065519,0.401605648,0.141361977,0.036312903
fd966cc6911ac9b57c8e2f59de2b9db9,0,0,0,0,0,0,0,0,0,0,0,0,0.000691732,0,0,0,0,0,0
0ed43372f2f3ba933197e54d759f7dfa,0,0,0,0,0,0,0,0,0,0,0,0,0,0,0,0,0,0.000316246,0
07f46149c04b861915fa32dc8104b022,0.00370748,0,0,0,0,0,0,0,0,0,0,0,0,0,0,0,0,0,0
d28d9cd054df9e29c622b1ec1944d013,0.0079446,0,0,0,0,0,0,0,0,0,0,0,0,0,0,0,0,0,0
a2ea5245d83eba89a777bfc3af4e28a7,0.01006316,0,0.001088696,0,0,0,0,0,0,0,0,0,0,0,0,0,0,0,0
1db7fb888012089960006f42143c48af,0.025157899,0,0,0,0,0,0,0,0,0,0,0,0,0,0,0,0,0,0
fc91b1d6efa2d63ad830349556a06220,0.016418839,0,0,0,0,0,0,0,0,0,0,0,0,0,0,0,0,0,0
8cb7080de6341945037ef5d1e8e8593a,0.00715014,0,0,0,0,0,0,0,0,0,0,0,0,0,0,0,0,0,0
c99bcc4ed3b2887c914e9faf48d63e3f,0.094011096,0,0,0,0,0,0,0,0,0,0,0,0,0,0,0,0,0,0
d7fb1f4207f140fa88ee72eda98f8f29,0.00185374,0,0,0,0,0,0,0,0,0,0,0,0,0,0,0,0,0,0
5081262c6f6941b26ee33cafbc0a2c31,0.00317784,0,0,0,0,0,0,0,0,0,0,0,0,0,0,0,0,0,0
1a3a64b0c16fb7daa275ec71dd81b701,0.00370748,0,0,0,0,0,0,0,0,0,0,0,0,0,0,0,0,0,0
d98dabbea4fe10de13ec5310782324e8,0,0,0,0,0,0,0,0,0,0,0,0,0,0,0,0,0,0.030675865,0
8a4c692c01077fa5a93913725097b3bc,0.00370748,0,0,0,0,0,0.000843606,0.00139887,0.003246377,0.001781356,0.004845013,0.0011265,0.002766928,0.004447815,0.001294643,0.016173301,0.111395681,0.060561115,0.076448216
54211010aefd9707190f47101648a23c,0.00211856,0,0,0,0,0,0,0,0,0,0,0,0,0,0,0,0.004262096,0,0.036312903
74316f0e658505498c0bd04393736a67,0.00847424,0,0,0,0,0,0.002530818,0.007194187,0.004637681,0.013538308,0.004845013,0,0.00691732,0.005114987,0.003107142,0,0,0,0
eb6a99a43cef2237af9b344c4df7f907,0.014035459,0,0,0,0,0,0,0,0,0,0,0,0,0,0,0,0,0,0
3679eb1918d142d7e468ea32c2f42595,0.020920779,0.004597353,0.014588527,0.00095683,0,0,0.021511953,0.157672601,0.130782609,0.160322069,0.078058549,0.06364727,0.108140763,0.089401079,0.095285689,0.056244463,0.145686178,0.05138998,0.007644822
333f32bb3f9df5675182ceda88bba911,0,0,0,0,0,0,0,0,0,0,0,0.00056325,0,0,0,0,0,0,0
4e9f7176de6f2af840aa8a369a060705,0.012976179,0,0.005008002,0,0,0,0,0.004995963,0.008811594,0.015675936,0.006998353,0,0.00599501,0,0,0,0,0,0
18ad5983778a83a204dd34420be14f74,0,0,0,0,0,0,0,0,0,0,0,0,0,0.021127121,0.008285712,0,0,0,0
36a66f4e2ef60675b52417bd1ef5d23f,0,0,0,0,0,0,0,0,0,0,0,0,0,0,0,0,0,0.002846214,0
bc073931df610b4c23a592ffb53b2238,0,0,0,0.001148196,0,0.000455685,0.001898113,0.000799354,0,0,0,0,0,0,0,0,0,0,0
882e0de9056d8d06c0973aa7b116e09e,0.00105928,0,0.001741914,0,0,0,0,0,0,0,0.003768344,0,0,0,0,0,0,0,0
b4900060b15cd3eab0697bdc00bfc33a,0,0,0.001524174,0,0.000607252,0,0.00147631,0.043364961,0.037565217,0.001425085,0,0,0.001383464,0,0,0,0,0.000790615,0
405648482a348320fe4470fddebb64c6,0.261377329,0.000811298,0,0,0,0,0,0,0,0,0,0,0,0,0,0,0,0,0
d50903b75a954b0f707171e84a573a5f,0.00582604,0,0,0,0,0,0.005061636,0,0,0,0,0,0,0,0,0,0,0,0
0f4c04cefd226f6854ad0fbc2a2de226,0,0,0,0,0,0.000911371,0.181164387,0.054755757,0.025971014,0.032420685,0.047911799,0.020277006,0.045654309,0.035360128,0.02770535,0.027277358,0.012786287,0.006166798,0
f0d7520dbce45f569febe00205e8e9f7,0,0,0,0,0.000607252,0,0,0,0,0,0,0,0,0,0,0,0,0,0
c74a800e896402acb88ee96173c56d80,0.00344266,0,0,0,0,0,0,0,0,0,0,0,0,0,0,0,0,0,0
3c6c6b674785246a706fea426f2f4dd9,0.014829919,0,0,0,0,0,0,0,0,0,0,0,0,0,0,0,0,0,0
5b6d589e4b8374ae05953faf3e0ec415,0.014300279,0,0,0,0,0,0,0,0,0,0,0,0,0,0,0,0,0,0
114bc1da00dea879e58c42626058bb7e,0.026217179,0,0.001088696,0,0,0,0,0,0,0,0,0,0,0,0,0,0,0,0
05ced7360de47d5d168d5e800766013b,0.00503158,0,0,0,0,0,0,0,0,0,0,0,0,0,0,0,0,0,0
49c2b5d0aaf2ac8b0ee6cae5b6c5a8f4,0,0,0,0,0,0,0,0,0,0,0,0.001689751,0.001152887,0.005782159,0.007767855,0.003620888,0.002518511,0.008222397,0.011467232
717060b0d8c767aa2b031af9d99619dc,0.0013241,0,0,0,0,0,0,0,0,0,0,0,0,0,0,0,0,0,0
a3e5fd03d92b987205cf4bf9b1678aa4,0.00185374,0,0,0,0,0,0,0,0,0,0,0,0,0,0,0,0,0,0
5ed692eda11eb0a2b9db26ccfdc1eee7,0.00582604,0,0,0,0,0,0,0,0,0,0,0,0,0,0,0,0,0,0
3171ed747afcaa4f31b4048623c92223,0.00370748,0,0,0,0,0,0,0,0,0,0,0,0,0,0,0,0,0,0
caafd6d1ef718ac1a2b7473f47d9340b,0.123935755,0,0,0,0,0,0,0,0,0,0,0,0,0,0,0,0,0,0
c9a17300b01aca353abdbbc6283a4af0,0,0,0,0,0,0,0,0,0,0,0,0,0,0.002668689,0.0018125,0,0.001743585,0.001897476,0
b6acd0e458ddc4258d7622929617346d,0.00317784,0,0,0,0,0,0,0,0,0,0,0,0,0,0,0,0,0,0
cc62bd14054a6830336f48d19ccb7fb7,0.0026482,0,0,0,0,0,0,0,0,0,0,0,0,0,0,0,0,0,0
577b654e3e1b48fbee0cbfa7a210cbfa,0.00211856,0,0,0,0,0,0,0,0,0,0,0,0,0,0,0,0,0,0
674620811839f7b3abae4475a2cbd1fd,0,0,0,0,0,0,0,0,0,0,0,0,0,0,0,0,0.005037022,0,0
5168bf777455dc70f1c34ec41bad296e,0,0.00216346,0,0,0,0,0,0,0,0,0,0,0,0,0,0,0,0,0
e9300c9ad8d48efb516b90fddffeff2e,0.00503158,0,0,0,0,0,0,0,0,0,0,0,0,0,0,0,0,0,0
96e13bb8e776c83458e2b282cd3e44e0,0.00423712,0,0,0,0,0,0,0,0,0,0,0,0,0,0,0,0,0,0
39659b19934674c9db5c39d3b6a3b066,0.00370748,0,0,0,0,0,0,0,0,0,0,0,0,0,0,0,0,0,0
be2e14e36e0980340c6a5106d0ebf887,0.00238338,0,0,0,0,0,0,0,0,0,0,0,0,0,0,0,0,0,0
dbecddfdb4c39e60616c3958d43cfc8e,0.019861499,0,0,0,0,0,0,0,0,0,0,0,0,0,0,0,0,0,0
07b2ae987b72f124daa0ea0b8da21ceb,0,0,0,0,0,0,0,0,0,0,0,0,0.000922309,0,0,0,0,0,0
749376b5f9975100a175a587f222e10e,0.013770639,0,0,0,0,0,0,0,0,0,0,0,0,0,0,0,0,0,0
96a7203e72563b1502356df04aa19f42,0.00953352,0,0,0,0,0,0.00147631,0,0,0,0,0,0,0,0,0,0,0,0
f453adbb26cf3d1efef5c3629bbf654d,0.00450194,0,0,0,0,0,0,0,0,0,0,0,0,0,0,0,0,0,0
f898c7a8c566d0beb46d5448dde2387c,0,0,0,0,0,0,0,0,0,0,0,0.005350877,0.002305773,0.0120091,0.018642852,0.005069243,0.002131048,0.001739353,0
d184ddaaff75a83d4d9ce5566685f125,0.00820942,0,0,0,0,0,0,0,0,0,0,0,0,0,0,0,0,0,0
68a7e86d20300d64c5acb88a9021e2f4,0.00635568,0,0,0,0,0,0,0,0,0,0,0,0,0,0,0,0,0,0
8924705b2ac86db54622adeba1d6bba1,0.00370748,0,0,0,0,0,0,0,0,0,0,0,0,0,0,0,0,0,0
2e009092df813643f303457c87387ced,0.027806099,0,0,0,0,0,0,0,0,0,0,0,0,0,0,0,0,0,0
0c293c4324023e0fc942ba2a40ef7f59,0.023304159,0,0,0,0,0,0,0,0,0,0,0,0,0,0,0,0,0,0
4ffb03b5c0bfc3fffc60057381aa071c,0.017478119,0,0,0,0,0,0,0,0,0,0,0,0,0,0,0,0,0,0
118852b957010ee00ae4dbb8665ad57e,0.021715239,0,0,0,0,0,0,0,0,0,0,0,0,0,0,0,0,0,0
8027ffc215349056379fe132f318a66a,0.0013241,0,0,0,0,0,0,0,0,0,0,0,0,0,0,0,0,0,0
fb9d8df11e01ae4c33acac6db5a518b8,0.082623836,0,0,0,0,0,0,0,0,0,0,0,0,0,0,0,0,0,0
1533932a1509abc329353a9d98d3f519,0.00238338,0,0,0,0,0,0,0,0,0,0,0,0,0,0,0,0,0,0
655bd7b8d2c8ee0e717f8d77d47693b7,0.00847424,0,0,0,0,0,0,0,0,0,0,0,0,0,0,0,0,0,0
831cff0214f7446fab90ddfedf7bfcee,0.00423712,0,0,0,0,0,0,0,0,0,0,0,0,0,0,0,0,0,0
0e4fb8a4429348304afe0d042e3cb39a,0.00105928,0,0,0,0,0,0,0,0,0,0,0,0,0,0,0,0,0,0
d4f7bcef485c713df58bef5a1ceac4b0,0.00291302,0,0,0,0,0,0,0,0,0,0,0,0,0,0,0,0,0,0
7598baa4df34dca336e545f5477e2bdd,0.0013241,0,0,0,0,0,0,0,0,0,0,0,0,0,0,0,0,0,0
317bf3e8560b9ad24f7cb75c8fe0cd3e,0.0013241,0,0,0,0,0,0,0,0,0,0,0,0,0,0,0,0,0,0
c8222ef3d31112ff4823bdb94a7eae2b,0.00291302,0,0,0,0,0,0,0,0,0,0,0,0,0,0,0,0,0,0
c97b49b5849b709da91fb5f6f48cd9eb,0,0,0,0,0,0,0.000632704,0.002797739,0.010666667,0.010688138,0.018303384,0.01492613,0.020290804,0.001556735,0.0018125,0.001689748,0,0,0
a65a5fa6d26c4133ed7fb665dbaba532,0,0.000540865,0.000435478,0,0,0,0,0,0,0,0,0,0,0,0,0,0,0,0
4ef65f8d7f7fe58651a459fc49390ba8,0.00185374,0,0,0,0,0,0,0,0,0,0,0,0,0,0,0,0,0,0
8a08f279c5533390e6b47c6969ed7d82,0.0039723,0,0,0,0,0,0,0,0,0,0,0,0,0,0,0,0,0,0
36a65735bd9508c5f7a66dc84dd3f8c6,0.00344266,0,0,0,0,0,0,0,0,0,0,0,0,0,0,0,0,0,0
ed541c87d5df87ae71fac96b59bc34aa,0.0026482,0,0,0,0,0,0,0,0,0,0,0,0,0,0,0,0,0,0
b26eb5a5ca6820d220d5433b1cffa5e6,0,0,0,0,0,0,0.066012169,0.012789666,0.018086957,0.021732547,0.088825246,0.081671276,0.107910186,0.057376812,0.252714218,0.054796108,0.04068364,0.031150234,0.001911205
7b29e948451d2fdcce6d39ddc6c25520,0,0,0,0,0,0,0.001054507,0.008792895,0,0.007481697,0.038760107,0.047313015,0.049804701,0.042699023,0.078973193,0.017863048,0.007361802,0,0
1ac4b8ed3e2b40be0cbd32ecc6bb0b1e,0,0,0,0,0,0,0,0,0,0,0,0,0,0,0,0,0,0,0.003822411
1eac8ec4812f4ed7bfd8387a38bdba1f,0,0,0,0,0,0,0,0,0,0.000712543,0.002153339,0,0.001614041,0,0,0,0,0,0
e4738ae451a15c8bfd5229711b6b5361,0.00291302,0,0,0,0,0,0,0,0,0,0,0,0,0,0,0,0,0,0
121322a4bdcd6f088390c57de15de7ae,0.0052964,0,0,0,0,0,0,0,0,0,0,0,0,0,0,0,0,0.001106861,0
a5a1519fb2b6c41d9cbc7937a35a9e32,0.00344266,0,0,0,0,0,0,0,0,0,0,0,0,0,0,0,0,0,0
75c43bd66f718ca75507ff5efd6e4ccb,0.0026482,0,0,0,0,0,0,0,0,0,0,0,0,0,0,0,0,0,0
1eb531d7f3ea89a9ead56eda443560cd,0,0,0,0,0,0,0,0,0,0,0.002153339,0,0,0.001111954,0,0,0.000193732,0,0
e8b184a091b069447aaa71429105e326,0.012711359,0,0,0,0,0,0.011599582,0.002797739,0,0.008194239,0,0.002534626,0.005533856,0,0.01035714,0.004103673,0,0,0
73bb9b389101bfbeafe2f0663fd53b50,0.00873906,0,0,0,0,0,0,0,0,0,0,0,0,0,0,0,0,0,0
6b34b89a4a40e33a8f93fef4209c4a96,0.00211856,0,0,0,0,0,0,0,0,0,0,0,0,0,0,0,0,0,0
b68567db79baed9d3f01a2f53746ad87,0,0,0,0,0,0,0,0,0,0,0,0,0,0,0,0,0,0,0.005733616
01b7b2f1ca2a80d06d14877e3b3a0182,0,0,0,0,0,0,0,0,0,0,0,0,0,0,0,0,0.000387463,0,0
5e08663561b972be66344edb87da4e3d,0.00317784,0,0,0,0,0,0,0,0,0,0,0,0,0,0,0,0,0,0
83ac555e466ac754139554eca9aec78b,0.00079446,0,0,0,0,0,0,0,0,0,0,0,0,0,0,0,0,0,0
110f5c1e92f18f2cdc7af78a035555a7,0.00423712,0,0,0,0,0,0,0,0,0,0,0,0,0,0,0,0,0,0
9e5f7d2247ac749d50a226417b3cd59b,0.00291302,0,0,0,0,0,0,0,0,0,0,0,0,0,0,0,0,0,0
e8a98ce984ee0d66515ea055e525930b,0.00450194,0,0,0,0,0,0,0,0,0,0,0,0,0,0,0,0,0,0
dc9abde9045aad6d17421519c6db9ca4,0.00052964,0,0,0,0,0,0,0,0,0,0,0,0,0,0,0,0,0,0
ec3fc3f61c2e9c1a7f32bc622801ac2c,0.016948479,0,0,0,0,0,0,0,0,0,0,0,0,0,0,0,0,0,0
781af70eed8b17d285d44f49d836a48e,0.00423712,0,0,0,0,0,0,0,0,0,0,0,0,0,0,0,0,0,0
e94618b44f9856c9a2151cab1800a460,0.24416403,0,0,0,0,0,0,0,0,0,0,0,0,0,0,0,0,0,0
b87169030deed04dc4b504c53964ffbe,0.00503158,0,0,0,0,0,0,0,0,0,0,0,0,0,0,0,0,0,0
3faa67bb59d09a9a52decfdd672ebd37,0,0.001622595,0,0,0.001012086,0,0,0,0,0,0,0,0,0,0,0,0,0,0
065262b748557031f638872e76923c72,0,0,0,0,0,0,0,0,0,0,0,0.000844875,0,0.001334344,0.002071428,0.000724178,0,0.000632492,0
848451a3853d056f1b0b123b39ebf894,0.0105928,0,0,0,0,0,0,0,0,0,0,0,0,0,0,0,0,0,0
8933321e7dbdf47e55a1ec83a6517e09,0.00238338,0,0,0,0,0,0,0,0,0,0,0,0,0,0,0,0,0,0
5a6b977c954ab18d6904d6b9d48b871f,0.00052964,0,0,0,0,0,0,0,0,0,0,0,0,0,0,0,0,0,0
d2a551b8b71579fa1fd9e5d22100b8ee,0.00185374,0,0,0,0,0,0,0,0,0,0,0,0,0,0,0,0,0,0
06894625cc4725640c9c1bba0d9aefc8,0.020126319,0,0,0,0,0,0,0,0,0,0,0,0,0,0,0,0,0,0
c1e12e70c3095cd1b1091f534242abd3,0.00503158,0,0,0,0,0,0,0,0,0,0,0,0,0,0,0,0,0,0
8eb15ec6f1ac1ddc6a0ded81065b9e3d,0.0013241,0,0,0,0,0,0,0,0,0,0,0,0,0,0,0,0,0,0
d01bebdf4a5ff05dd53dc30d65556f60,0.00105928,0,0,0,0,0,0,0,0,0,0,0,0,0,0,0,0,0,0
725fa7e245b8733a5fc9a4224886b669,0.00688532,0,0,0,0,0,0,0,0,0,0,0,0,0,0,0,0,0,0
12d48d4e5b03a44eb1e1c7c2bb216348,0.0039723,0,0,0,0,0,0,0,0,0,0,0,0,0,0,0,0,0,0
a0ecf69202e62fe969206ad4b1445b61,0.017742939,0,0,0,0,0,0,0,0,0,0,0,0,0,0,0,0,0,0
f4dd561d786dd46b9cb84eab6594d632,0.0052964,0,0,0,0,0,0,0,0,0,0,0,0,0,0,0,0,0,0
4494286141014de25140c094cc5626ec,0.00158892,0,0,0,0,0,0,0,0,0,0,0,0,0,0,0,0,0,0
a8a9d607d1fd5c585c10030c8d307947,0.00158892,0,0,0,0,0,0,0,0,0,0,0,0,0,0,0,0,0,0
961f6d44b23ea979c84941c71bf7da7c,0.00185374,0,0,0,0,0,0,0,0,0,0,0,0,0,0,0,0,0,0
d0282de15fd06b64876273663703c3b5,0.00105928,0,0,0,0,0,0,0,0,0,0,0,0,0,0,0,0,0,0
fd29bda0b56df34282a38393c8fbcbca,0.00741496,0,0,0,0,0,0,0,0,0,0,0,0,0,0,0,0,0,0
522ab1474c600e24c4f7e20404fa648c,0.00158892,0,0,0,0,0,0,0,0,0,0,0,0,0,0,0,0,0,0
772c51fc3d0fb2e1bcaeda2b528c17cc,0.00715014,0,0,0,0,0,0,0,0,0,0,0,0,0,0,0,0,0,0
341ffe203147e821ef8fc61a221e53eb,0.00450194,0,0,0,0,0,0,0,0,0,0,0,0,0,0,0,0,0,0
87046e29904457e4619c87f36ff133f0,0.00767978,0,0,0,0,0,0.000421803,0,0,0,0,0,0,0,0,0,0,0,0
02304f5597c8b1982e18acf4d3756043,0.00158892,0,0,0,0,0,0,0,0,0,0,0,0,0,0,0,0,0,0
e35f22c3fc20c83f43ae3892a6f974b2,0.00211856,0,0,0,0,0,0,0,0,0,0,0,0,0,0,0,0,0,0
2c452b25c7f3c62be462d8f47ed179e3,0.031248759,0,0,0,0,0,0.002741719,0.037369805,0.030608696,0.097974598,0.122202005,0.052382267,0.103759794,0.004225424,0.011910711,0.008931524,0.006780607,0.044590691,0.003822411
34f74c82bbd5954315b8ed382098d1c8,0.00158892,0,0,0,0,0,0,0,0,0,0,0,0,0,0,0,0,0,0
4cec2826da45c90930f69ae290165f1d,0.039458178,0,0,0,0,0,0,0,0,0,0,0,0,0,0,0,0,0,0
b751d80405d63e383de7ea09a7e2dcfd,0.00556122,0,0,0,0,0,0,0,0,0,0,0,0,0,0,0,0,0,0
e9e94fc2ed8a07e91e51f4bac68316c2,0.00105928,0,0,0,0,0,0,0,0,0,0,0,0,0,0,0,0,0,0
38907b8ef0546ef8dd587afd52a16f9c,0.00185374,0,0,0,0,0,0,0,0,0,0,0,0,0,0,0,0,0,0
a50b9465cd3e7850eae2011497a4f41b,0.00715014,0,0,0,0,0,0,0,0,0,0,0,0,0,0,0,0,0,0
0b291123c105140e6524bb2a3cf8e278,0.141413874,0,0,0,0,0,0,0,0,0,0,0,0,0,0,0,0,0,0
a8615f5ca1d297895cc840a75212b907,0.00476676,0,0,0,0,0,0,0,0,0,0,0,0,0,0,0,0,0,0
78123af13d385db4ee6a9342283a042b,0.00211856,0,0,0,0,0,0,0,0,0,0,0,0,0,0,0,0,0,0
bab16dfe7bab8f56e30de9733e5a5964,0.031248759,0,0,0,0,0,0,0,0,0,0,0,0,0,0,0,0,0,0
52b9510cbb34f48661b26bc88b568e98,0.01032798,0,0,0,0,0,0,0,0,0,0,0,0,0,0,0,0,0,0
c99dd2353697161faecee673e0eda7b2,0.132939634,0,0.000870957,0,0,0,0,0,0,0,0,0,0,0,0,0,0,0,0
92fdfef3564a875350627fe95d5fa6e2,0.00105928,0,0,0,0,0,0,0,0,0,0,0,0,0,0,0,0,0,0
49e3be6db5eee89cd85b7d6f4210ec90,0.00238338,0,0,0,0,0,0,0,0,0,0,0,0,0,0,0,0,0,0
bcfda59a5b9e3036c018e4bbde623d42,0.00609086,0,0,0,0,0,0,0,0,0,0,0,0,0,0,0,0,0,0
1e2c02998bd1e6ff2aad5bd96b138e35,0.025952359,0,0,0,0,0,0,0,0,0,0,0,0,0,0,0,0,0,0
b7b7b13db34b15898a31873237c7932a,0.00450194,0,0,0,0,0,0,0,0,0,0,0,0,0,0,0,0,0,0
6f9a6eeef90b44801aebd3df2c42e61b,0.0052964,0,0,0,0,0,0,0,0,0,0,0,0,0,0,0,0,0,0
9e54e8d50785a84f97b38e3eb665dda0,0.203646571,0,0,0,0,0,0,0.00139887,0.001391304,0.003206441,0.003230009,0.003379501,0.002997505,0.001779126,0.005955356,0.006758991,0.002518511,0.001423107,0
1ad05a58bf23396d80f11695ad750b75,0,0.00216346,0.001741914,0,0,0.001822741,0.018770233,0.007593864,0.005565217,0.017457292,0.04575846,0.03154201,0.061794722,0.002668689,0.011133926,0.01520773,0.057538291,0.146421913,0.022934465
b0cbbaf7dfd53222b68c29b70d780bdd,0,0,0,0,0,0,0,0,0,0,0,0,0,0,0,0,0.000968658,0,0
a19152d55f42fc72a3a0f985d2615aab,0.161540193,0,0,0,0,0,0.00569434,0.011790473,0.039884058,0.131107825,0.128662023,0.031260385,0.129353876,0,0,0,0,0,0
d801b2110a503327da848c95357ca4a5,0.088714696,0.003515623,0,0,0,0,0,0,0,0.076242051,0.064061844,0.018868881,0.063178186,0,0,0,0,0,0
15c0fe41b25c6504b8dbe48ae72283d0,0.013240999,0,0.003701567,0,0.001619338,0.001518951,0,0,0,0,0,0.035203136,0.004842124,0.002668689,0.010616069,0.02655318,0.120694799,0.141836346,0
3f9bbc037aa14387f62bff9e2cc84700,0.028865379,0,0,0,0,0,0,0,0,0,0,0,0,0,0,0,0,0,0
6e868cfa7b0e75b04f31fbeedfc29c64,0,0,0,0,0,0,0,0.000199839,0,0.002137628,0,0,0,0,0,0,0,0,0
bc7d170b9edc9c345a358fc773c260e7,0.00105928,0,0,0,0,0,0,0,0,0,0,0,0,0,0,0,0,0,0
ca532c83e87eb3e76511a71e9abf28c2,0.00370748,0,0,0,0,0,0,0,0,0,0,0,0,0,0,0,0,0,0
36174f3312e421ca66a80a5ec1813a92,0.0013241,0,0,0,0,0,0,0,0,0,0,0,0,0,0,0,0,0,0
e96b5191533b55b247369d8649d8458d,0.00079446,0,0,0,0,0,0,0,0,0,0,0,0,0,0,0,0,0,0
022ced45e53557d101111cdb41f49f4e,0.00211856,0,0,0,0,0,0,0,0,0,0,0,0,0,0,0,0,0,0
639e75a54d67c9dc93cfa31100bdc6d9,0.00052964,0,0,0,0,0,0,0,0,0,0,0,0,0,0,0,0,0,0
664e1ee046659d47ded4a40ad1133a33,0.150417754,0,0,0,0,0,0,0,0,0,0,0,0,0,0,0,0,0,0
f2126d67d457c75787258130f49ef2e0,0.00079446,0,0,0,0,0,0,0,0,0,0,0,0,0,0,0,0,0,0
a9135a4ec3c5575c45a925bfaa528201,0.00105928,0,0,0,0,0,0,0,0,0,0,0,0,0,0,0,0,0,0
5ef194c523178b714e804757a3218c3a,0.00423712,0,0,0,0,0,0,0,0,0,0,0,0,0,0,0,0,0,0
f877e829ece2e97efc2208f33e765ce3,0.01112244,0,0,0,0,0,0,0,0,0,0,0,0,0,0,0,0,0,0
a63efbb00a470f4bbf788802f75318b3,0.00105928,0,0,0,0,0,0,0,0,0,0,0,0,0,0,0,0,0,0
134153c893d92731f1779897c269f055,0.0026482,0.002704325,0.002395131,0.003444587,0.016193381,0.018531205,0.002741719,0.000799354,0,0,0,0,0.000461155,0.000889563,0.001035714,0,0,0,0
b62a0f483de49257919f98dd32320443,0,0,0,0,0.01113295,0.06318837,0,0,0,0,0,0,0,0,0,0,0,0,0
fc7dec198c007a0622c9acba71b1edb1,0.00450194,0.071394188,0.387358061,0.007654638,0.01558613,0.02551838,0,0,0,0,0.017765049,0,0.008992515,0.007561285,0.006214284,0.006758991,0.018791967,0.093450703,0
03d2c75e6a29a50d74cb6ed6d8ca1c48,0,0,0,0,0,0,0,0,0,0,0,0,0,0,0,0,0,0,0.005733616
8ebc39e79a930b5db089420489c40543,0.0052964,0.062469914,0.340108652,0.025834403,0.027326331,0.028708178,0.006537946,0.001199031,0,0.005344069,0,0.006477377,0.009684247,0.02980036,0.023303565,0.011586842,0.024603916,0.097403778,0
e46ddfb99131631f2f2bba8eb3297ca3,0,0,0,0,0,0,0,0,0,0,0,0,0,0,0,0,0,0.013914825,0
7ff6af46744a4c8214812c77e54fd485,0.00609086,0,0,0,0,0,0,0,0,0,0,0,0,0,0,0,0,0,0
e207e8f65f4dcf2a29cf07ae8ee8fd7e,0,0,0,0,0,0,0,0,0,0,0,0,0,0.000667172,0,0,0,0,0
32327bc1b2d1a223d9a447241f2cfb82,0.00158892,0,0,0,0,0,0,0,0,0,0,0,0,0,0,0,0,0,0
b97547037e6bed020583b930bd3684cc,0.039193358,0,0,0,0,0,0,0,0,0,0,0,0,0,0,0,0,0,0
9a48d66f52c47289df8517641c188d9b,0.018802219,0,0,0,0,0,0,0,0,0,0,0,0,0,0,0,0,0,0
54361a7cbec36835157cc4e00336e464,0.00370748,0,0,0,0,0,0,0,0,0,0,0,0,0,0,0,0,0,0
6014a554d33d3beabc7d7c46cfdcd41f,0.00079446,0,0,0,0,0,0,0,0,0,0,0,0,0,0,0,0,0,0
62b0ef9d072b7772ca3958f821bc1c49,0.00370748,0,0,0,0,0,0,0,0,0,0,0,0,0,0,0,0,0,0
824e4de27fdfadaea64e6f954c1448c6,0.00185374,0,0,0,0,0,0,0,0,0,0,0,0,0,0,0,0,0,0
6290092a789cefe170b21f8c022a1fda,0.00238338,0,0,0,0,0,0,0,0,0,0,0,0,0,0,0,0,0,0
c1596a5db2591882d02a381ba7a01960,0.00079446,0,0,0,0,0,0,0,0,0,0,0,0,0,0,0,0,0,0
a6fbc7a35cdc513c4aae607786ee2a51,0.0013241,0,0,0,0,0,0,0,0,0,0,0,0,0,0,0,0,0,0
933c1a437592c012f7169968b9045854,0.016683659,0,0,0,0,0,0,0,0,0,0,0,0,0,0,0,0,0,0
08dcb60f335137ed59ea5006a3ca7d20,0.00158892,0,0,0,0,0,0,0,0,0,0,0,0,0,0,0,0,0,0
eb8cd45ae934604fba18984990c55691,0.00238338,0,0,0,0,0,0,0,0,0,0,0,0,0,0,0,0,0,0
8855fec4062970bb235780d6469a1d6d,0.102220516,0,0,0,0,0,0,0,0,0,0,0,0,0,0,0,0,0,0
4a76bdc5b45d149d7aa31d04b9f46dbe,0.068323557,0,0,0,0,0,0,0,0,0,0,0,0,0,0,0,0,0,0
29b981c98faa891c7e4d3ed2e5ff9aab,0.016418839,0,0,0,0,0,0,0,0,0,0,0,0,0,0,0,0,0,0
c4047091d558ea01dc3b6702ba3278c7,0.0026482,0,0,0,0,0,0,0,0,0,0,0,0,0,0,0,0,0,0
94826025b9642351b6818715fb42c3a5,0.0013241,0,0,0,0,0,0,0,0,0,0,0,0,0,0,0,0,0,0
0425278120412320bdcb2c4814278c6f,0.030189479,0,0,0,0,0,0,0,0,0,0,0,0,0,0,0,0,0,0
669b72740b8bed1bcedbdbaa4b8be1e7,0.267468188,0,0,0,0,0,0,0,0,0,0,0,0,0,0,0,0,0,0
52ecb4b1abf93593276cb066f1446900,0.019331859,0,0,0,0,0,0,0,0,0,0,0,0,0,0,0,0,0,0
3f8e2d5b849dc28defc6406bd5304ffc,0.00211856,0,0,0,0,0,0,0,0,0,0,0,0,0,0,0,0,0,0
817505ccf93a252d80ac6191376cc419,0.021715239,0,0,0,0,0,0,0,0,0,0,0,0,0,0,0,0,0,0
f02dc9c964b8985575a3f2838bf1fbd8,0.0013241,0,0,0,0,0,0,0,0,0,0,0,0,0,0,0,0,0,0
1b7d9b83e481aeaf938729029a2a4c19,0.00317784,0,0,0,0,0,0,0,0,0,0,0,0,0,0,0,0,0,0
a6e69a1d97c797ccefc9a46e1e9d59b9,0.037604438,0,0.000435478,0,0,0,0,0,0,0,0,0,0,0,0,0,0,0,0
7fe3fc46ddecc806d5fc5e4b8f3ddfce,0.00079446,0,0,0,0,0,0,0,0,0,0,0,0,0,0,0,0,0,0
966a27b7648de7ac63f5c15a8be0d10a,0.069118017,0,0,0,0,0,0,0,0,0,0,0,0,0,0,0,0,0,0
d14450ec065af47ce09cf95309f24072,0.013240999,0,0,0,0,0,0,0,0,0,0,0,0,0,0,0,0,0,0
2d86655f5770d1ddf5947021a53b57cb,0.013240999,0,0,0,0,0,0,0,0,0,0,0,0,0,0,0,0,0,0
6904ffb97cd865af71cbb684f9892107,0.00105928,0,0,0,0,0,0,0,0,0,0,0,0,0,0,0,0,0.000790615,0
50a8367445f13689d1032ccff7c8db55,0.00079446,0,0,0,0,0,0,0,0,0,0,0,0,0,0,0,0,0,0
17dea85edcc6610a7d772d73ea780461,0.00105928,0,0,0,0,0,0,0,0,0,0,0,0,0,0,0,0,0,0
8c244456b056b6b07dd3fe3de07754c0,0.0026482,0,0,0,0,0,0,0,0,0,0,0,0,0,0,0,0,0,0
5f012e60ebbd77b52bfe4a68ac5643da,0.00079446,0,0,0,0,0,0,0,0,0,0,0,0,0,0,0,0,0,0
2b33fe69214c39198384dc9686326117,0.029395019,0,0,0,0,0,0,0,0,0,0,0,0,0,0,0,0,0,0
5bd290b8145c47c97f4b53595839a743,0.00079446,0,0,0,0,0,0,0,0,0,0,0,0,0,0,0,0,0,0
5810b6e2d5b4ab3fd92892dccf084271,0.00052964,0,0,0,0,0,0,0,0,0,0,0,0,0,0,0,0,0,0
88a9a64b37ae0a1b25e1f700e445ab77,0.0013241,0,0,0,0,0,0,0,0,0,0,0,0,0,0,0,0,0,0
4552de4017ada34de916b0caaaf5ea54,0.00052964,0,0,0,0,0,0,0,0,0,0,0,0,0,0,0,0,0,0
ad94607116582c89c6eb5001f5150f80,0.00052964,0,0,0,0,0,0,0,0,0,0,0,0,0,0,0,0,0,0
d3abbc3a1ab2ef83f8acf34b86409689,0.00158892,0,0,0,0,0,0,0,0,0,0,0,0,0,0,0,0,0,0
15bf273330928f57de2f3b24ca2a5135,0.012976179,0,0,0,0,0,0,0,0,0,0,0,0,0,0,0,0,0,0
cb21ad21e6f1b6e4e388eec09350d8dc,0.00105928,0,0,0,0,0,0,0,0,0,0,0,0,0,0,0,0,0,0
8d1e64ee4aa50278de70ddd89e5c3665,0.00423712,0,0,0,0,0,0,0,0,0,0,0,0,0,0,0,0,0,0
dfb17fab2e208979590db3600ba675d7,0.00158892,0,0,0,0,0,0,0,0,0,0,0,0,0,0,0,0,0,0
b2378dc0ed02b4859dec7c88db7efeb0,0.00238338,0,0,0,0,0,0,0,0,0,0,0,0,0,0,0,0,0,0
7c1cbe86390c16afdf54fac5ab2ba556,0.0013241,0,0,0,0,0,0,0,0,0,0,0,0,0,0,0,0,0,0
179413bba78ea1fc349ad7186b4f47c1,0.00317784,0,0,0,0,0,0,0,0,0,0,0,0,0,0,0,0,0,0
4b673256fb96d4b936e393f3f45d4f47,0.00317784,0,0,0,0,0,0,0,0,0,0,0,0,0,0,0,0,0,0
f128d6b0c4c7f8c41b4969168eaea276,0.00185374,0,0,0,0,0,0,0,0,0,0,0,0,0,0,0,0,0,0
dbdb30396825379c82448fee2cbe497e,0.00503158,0,0,0,0,0,0,0,0,0,0,0,0,0,0,0,0,0,0
b62d797963ea269412b16706df6c98e9,0.0039723,0,0,0,0,0,0,0,0,0,0,0,0,0,0,0,0,0,0
a2d71ade86c83ee8cbe7141a71281db6,0.00291302,0,0,0,0,0,0,0,0,0,0,0,0,0,0,0,0,0,0
c01cd527066a9018d69ede5801841298,0.00185374,0,0,0,0,0,0,0,0,0,0,0,0,0,0,0,0,0,0
9a92a2c1cf0f15aa4804f00b70914004,0.00767978,0,0,0,0,0,0,0,0,0,0,0,0,0,0,0,0,0,0
2f0e324704bd4ac738072c50d4eba0ea,0.01085762,0,0,0,0,0,0,0.000399677,0,0,0,0,0,0,0.001035714,0,0,0,0
a5c52feec93b3b84b1295044997eec5e,0.00211856,0,0,0,0,0,0,0,0,0,0,0,0,0,0,0,0,0,0
918eaaa2a8ed889d1ab21eb87b880779,0.00370748,0,0,0,0,0,0,0,0,0,0,0,0,0,0,0,0,0,0
ffc8f144edd6d82dce1b1b9056b59bef,0.042371198,0,0,0,0,0,0,0,0,0,0,0,0,0,0,0,0,0,0
58a2d5b3e1ddfcaf493f61028578cc92,0.00450194,0,0,0,0,0,0,0,0,0,0,0,0,0,0,0,0,0,0
d57543b38df2129448b58807cb5965d0,0.016418839,0,0,0,0,0,0,0,0,0,0,0,0,0,0,0,0,0,0
8b1634a2e55ae2488b6ccc2230996509,0.00370748,0,0,0,0,0,0,0,0,0,0,0,0,0,0,0,0,0,0
0c794e59b49f4c211fd8d27ef015d178,0.00291302,0,0,0,0,0,0,0,0,0,0,0,0,0,0,0,0,0,0
fb23f61e952a0a57ca3e763d8ad1f157,0.00317784,0,0,0,0,0,0,0,0,0,0,0,0,0,0,0,0,0,0
0c0dcadbd501e2c17ca71995ed0b7ee1,0.082359016,0,0.000653218,0,0,0,0,0,0,0,0,0,0,0,0,0,0,0,0
f942e5771e9c0960bcb688baaa716f30,0.00026482,0,0,0,0,0,0,0,0,0,0,0,0,0,0,0,0,0,0
6291d6ddf701717cb4dadaf9fe7f3ad3,0.0026482,0,0,0,0,0,0,0,0,0,0,0,0,0,0,0,0,0,0
7a7c96429cd038c333985399c9eb963c,0.025422719,0,0,0,0,0.000455685,0.008225158,0.047161893,0.044521739,0.051659333,0.023686732,0.014644505,0.037122948,0.00600455,0.003883928,0.004103673,0.001549853,0,0
1be3827e47b5c470292d2d3200f1aa5e,0.00238338,0,0,0,0,0,0,0,0,0,0,0,0,0,0,0,0,0,0
808f5cd9975425a879bdc9f2084edbe5,0.0052964,0,0,0,0,0,0,0,0,0,0,0,0,0,0,0,0,0,0
2bb677211b22ba770fffa14899f1b01f,0.00185374,0,0,0,0,0,0,0,0,0,0,0,0,0,0,0,0,0,0
20ec21b915216e00b9af8785dba05efd,0.00105928,0,0,0,0,0,0,0,0,0,0,0,0,0,0,0,0,0,0
17b1f04511323cb27b539f309522bf6c,0.00185374,0,0,0,0,0,0,0,0,0,0,0,0,0,0,0,0,0,0
d6ede5314f1108426fbd0e2612d334d0,0.00503158,0,0,0,0,0,0,0,0,0,0,0,0,0,0,0,0,0,0
a36b617c346af9dc1b8b18938adc2fc9,0.0052964,0,0,0,0,0,0,0,0,0,0,0,0,0,0,0,0,0,0
da9b9d254bc05bd32ff186a046fedf37,0.00450194,0,0,0,0,0,0,0,0,0,0,0,0,0,0,0,0,0,0
410e95b05efd63867444aa0a2458b97c,0.00211856,0,0,0,0,0,0,0,0,0,0,0,0,0,0,0,0,0,0
7b38bded14744e6cd6bceb54464983f4,0.00317784,0,0,0,0,0,0,0,0,0,0,0,0,0,0,0,0,0,0
6c69b67bc429532ce3461ea6f3dc7c82,0.0013241,0,0,0,0,0,0,0,0,0,0,0,0,0,0,0,0,0,0
f0f0fbd8b8b3465070051618d1426d2c,0.00079446,0,0,0,0,0,0,0,0,0,0,0,0,0,0,0,0,0,0
288e6faee45091ff103a59abecc43dbc,0.00185374,0,0,0,0,0,0,0,0,0,0,0,0,0,0,0,0,0,0
1fbebf41466cae9d33a4701c944cb55d,0.0026482,0,0,0,0,0,0,0,0,0,0,0,0,0,0,0,0,0,0
03f29c495b783a3de09c6c8780605449,0.00052964,0,0,0,0,0,0,0,0,0,0,0,0,0,0,0,0,0,0
9816db47f2611a30597851d70a0e62fd,0.00238338,0,0,0,0,0,0,0,0,0,0,0,0,0,0,0,0,0,0
d4bbada602eb08d4609fe2fca3160d40,0.0013241,0,0,0,0,0,0,0,0,0,0,0,0,0,0,0,0,0,0
4079dc43f1ee0b0433df1aaaafba110d,0.0052964,0,0,0,0,0,0,0,0,0,0,0,0,0,0,0,0,0,0
d564201f83026fda70407d0f859d04bd,0.0013241,0,0,0,0,0,0,0,0,0,0,0,0,0,0,0,0,0,0
260f47af70cb0a395a7ad53f17bdced2,0.00238338,0,0,0,0,0,0,0,0,0,0,0,0,0,0,0,0,0,0
f527a3626856c74b3bf1c926561baf11,0.012976179,0,0,0,0,0,0,0,0,0,0,0,0,0,0,0,0,0,0
419a137f2ad50bcbc7cd2b296d34e524,0.00238338,0,0,0,0,0,0,0,0,0,0,0,0,0,0,0,0,0,0
714fee5937db0a72ffa76f655649cd60,0.0013241,0,0,0,0,0,0,0,0,0,0,0,0,0,0,0,0,0,0
5db694edf839eff28cb6a47bb5b50693,0.135323014,0,0,0,0,0,0,0,0,0,0,0,0,0,0,0,0,0,0
c259cda388580d886e6cbb43a1272e68,0.0013241,0,0,0,0,0,0,0,0,0,0,0,0,0,0,0,0,0,0
7380f2dbd0ed772394d1ec7413371fd5,0.00450194,0,0,0,0,0,0,0,0,0,0,0,0,0,0,0,0,0,0
51177a17fe0a032b15ab14a0e9135569,0.00211856,0,0,0,0,0,0,0,0,0,0,0,0,0,0,0,0,0,0
31a83f111b57e09b08ffb58917c511c9,0.00052964,0,0,0,0,0,0,0,0,0,0,0,0,0,0,0,0,0,0
372e53abd78532e75f0b7c98fa758cc1,0.018537399,0,0,0,0,0,0,0,0,0,0,0,0,0,0,0,0,0,0
3768ce8adbe0d6b2fccade3b7750c7d6,0.01006316,0,0,0,0,0,0,0,0,0,0,0,0,0,0,0,0,0,0
b9315058e389547041d01efa1048d9f0,0.00052964,0,0,0,0,0,0,0,0,0,0,0,0,0,0,0,0,0,0
3196bc82f5a5ddf5efff5dfd48579b60,0.00423712,0,0,0,0,0,0,0,0,0,0,0,0,0,0,0,0,0,0
570d2782ac8b4697b37c5a7fcce2c38f,0.00291302,0,0,0,0,0,0,0,0,0,0,0,0,0,0,0,0,0,0
b75416c48f46e93a9e3622080cde9b06,0.00211856,0,0,0,0,0,0,0,0,0,0,0,0,0,0,0,0,0,0
5f516ea92e902ab41bec75b07a1d28a5,0.00185374,0,0,0,0,0,0,0,0,0,0,0,0,0,0,0,0,0,0
c4a386b001291fa4bda56b6eb40173b6,0.00423712,0,0,0,0,0,0,0,0,0,0,0,0,0,0,0,0,0,0
c7b5ccd6001f20b113bf480efab552c9,0.019067039,0,0,0,0,0,0,0,0,0,0,0,0,0,0,0,0,0,0
b6b373e4adb9c081da6a2499547960c7,0.00450194,0,0,0,0,0,0,0,0,0,0,0,0,0,0,0,0,0,0
1209cd9553a668c3c0e9ea29050fd3a1,0.00556122,0,0,0,0,0,0,0,0,0,0,0,0,0,0,0,0,0,0
520d89ef4ce2ba808eed3e2d9a310649,0.00185374,0,0,0,0,0,0,0,0,0,0,0,0,0,0,0,0,0,0
57df148d69af94192dae9ab2a045e1c2,0.00158892,0,0,0,0,0,0,0,0,0,0,0,0,0,0,0,0,0,0
70deeba9f4974d134dbc64d97bd2fff7,0.00211856,0,0,0,0,0,0,0,0,0,0,0,0,0,0,0,0,0,0
cb0675920de285932e554b08f1db3466,0.00105928,0,0,0,0,0,0,0,0,0,0,0,0,0,0,0,0,0,0
571f6e6cd40b8548c4d3acff7572c04d,0.00317784,0,0,0,0,0,0,0,0,0,0,0,0,0,0,0,0,0,0
d628016102970528d40c260b4400c593,0.00185374,0,0,0,0,0,0,0,0,0,0,0,0,0,0,0,0,0,0
7460da842ed9a123301b3bdff0597d0a,0.00079446,0,0,0,0,0,0,0,0,0,0,0,0,0,0,0,0,0,0
2641fe1f99500e1a2d08cabe3073566b,0.011916899,0,0,0,0,0,0,0,0,0,0,0,0,0,0,0,0.000774926,0,0
6c3396e9340561a2aa366046cad19f86,0.00741496,0,0,0,0,0,0,0,0,0,0,0,0,0,0,0,0,0,0
53355294f61e52a7101ac1349479e2c7,0.00556122,0,0,0,0,0,0,0,0,0,0,0,0,0,0,0,0,0,0
2b03838ca7687263d84571109aa7de49,0.01112244,0,0,0,0,0,0,0,0,0,0,0,0,0,0,0,0,0,0
40fca1aa386161b3788c78a2ea46b746,0.024893079,0,0,0,0,0,0,0,0,0,0,0,0,0,0,0,0,0,0
8fa90e60ddaccabffcd68f6a481318a2,0.081299737,0,0,0,0,0,0,0,0,0,0,0,0,0,0,0,0,0,0
77e5e44634d0afe9cd0385ef1e17f3ea,0.026217179,0.000811298,0,0,0,0,0,0,0,0,0,0,0,0,0,0,0,0,0
d1a1aa662f58882236fe1052f54f54e4,0,0,0,0,0,0,0,0,0,0,0,0,0,0,0,0,0,0,0.003822411
116dc9851c69f16ec8c27a12ce358fa4,0.013505819,0,0,0,0,0,0,0,0,0,0,0,0,0,0,0,0,0,0
b78b814af10f7643be0ef223f80cb573,0.015094739,0,0,0.001722294,0,0,0,0,0,0,0,0,0,0,0,0,0,0,0
3e7c933c821c9f18e53e1dda439951cf,0,0,0,0,0,0,0,0,0,0,0,0,0,0,0,0,0.012786287,0.024192822,0.0707146
92e0c9bd9d744628064195609caeb38e,0,0,0,0,0,0,0,0,0,0,0,0,0,0,0,0,0,0,0.005733616
798933fd16ab772e1e547b6af3461e47,0.025952359,0,0,0,0,0,0,0,0,0,0,0,0,0,0,0,0,0,0
316c252396afd490a718db47b7e13385,0.00370748,0,0,0,0.000809669,0.00060758,0,0,0.003246377,0.001425085,0,0.000844875,0.000922309,0,0,0,0.000968658,0.00158123,0
f2fbdc2b912ea775653691981335232f,0.026481999,0,0,0,0,0.00060758,0.001054507,0.000599516,0,0.001425085,0,0,0.001152887,0,0,0.000724178,0.005230754,0.01154298,0.013378438
c023b0699cefd63b6adc4f10e07249a5,0,0,0,0,0.000809669,0,0,0,0,0,0,0,0,0,0,0,0,0,0
98e48e291e82614b662dd427ed669231,0.011652079,0,0,0,0,0,0,0,0,0,0,0,0,0,0,0,0,0,0
381bd0335293264d60f0d35fab6b5887,0.0079446,0,0,0,0,0,0,0,0,0,0,0,0,0,0,0,0,0,0
0ef7e12e6eb35a8fd9fac7badac0c381,0.00423712,0,0.000653218,0,0.001619338,0.003037902,0.001265409,0,0,0,0,0,0,0,0,0,0.012205092,0.074317818,0.193031745
64cbb145bf7546cd909ccdfc390477a7,0.011916899,0,0,0,0,0,0,0,0,0,0,0,0,0,0,0,0,0,0
04d3fb492116659a0de3a6a9d16f50b1,0.00079446,0,0,0,0,0,0,0,0,0,0,0,0,0,0,0,0,0,0
38fdea0374be9c2a3549ac2be7678d6d,0.00211856,0,0,0,0,0,0,0,0,0,0,0,0,0,0,0,0,0,0
26d527b73ea4ab711c0bf740b69fbfeb,0.00423712,0,0,0,0,0,0,0,0,0,0,0,0,0,0,0,0,0,0
f70d306dce5ac4969fdb6c1711131421,0.00317784,0,0,0,0,0,0,0,0,0,0,0,0,0,0,0,0,0,0
4b322ffec8bcd2c849beaeaaab778b16,0.021715239,0,0,0,0,0,0,0,0,0,0,0,0,0,0,0,0,0,0
1e3f1ba7e9eb6d326f7f7ea4792b1680,0.00715014,0,0,0,0,0,0,0,0,0,0,0,0,0,0,0,0,0,0
be1d4c6accdb6c0d6ca7a1e0db1c63fb,0.00052964,0,0,0,0,0,0,0,0,0,0,0,0,0,0,0,0,0,0
bdd5dd02a4adbb00f8c1631abf8615af,0.00370748,0,0,0,0,0,0,0,0,0,0,0,0,0,0,0,0,0,0
da07a733c6038de701a8f72af131d730,0.00741496,0,0,0,0,0,0,0,0,0,0,0,0,0,0,0,0,0,0
aad81ac0351dcd619b00c97e690dfa5f,0.064086437,0,0,0,0,0,0,0,0,0,0,0,0,0,0,0,0,0,0
9a7f74e3ff43dde97ce79af735aa528c,0,0,0.000653218,0,0,0,0,0,0,0,0,0,0,0,0,0,0,0,0
ba48df38cee6b17f2eda82b87095c240,0.0026482,0,0,0,0,0,0,0,0,0,0,0,0,0,0,0,0,0,0
86d8b22d008c02c166ab930218a92e10,0.00503158,0,0,0,0,0,0,0,0,0,0,0,0,0,0,0.001689748,0.00116239,0.002846214,0.007644822
062cbfa9421131d2ab6418f8ee0385c6,0.00317784,0,0,0,0,0,0,0,0,0,0,0,0,0,0,0,0,0,0
c7710bd03585ff9fb13a73ad718dd629,0.00158892,0,0,0,0,0,0,0,0,0,0,0,0,0,0,0,0,0,0
a41371aa833164c1e707004fdfb16b36,0.023304159,0,0,0,0,0,0,0,0,0,0,0,0,0,0,0,0,0,0
e8c47e7d73b07d777c7a56fc1318b432,0.0052964,0,0,0,0,0,0,0,0,0,0,0,0,0,0,0,0,0,0
9d4a17911618ba9db170b62ca50ac4a3,0.00238338,0,0,0,0,0,0,0,0,0,0,0,0,0,0,0,0,0,0
a8a559b16166ead544ccc5288860baca,0.00158892,0,0,0,0,0,0,0,0,0,0,0,0,0,0,0,0,0,0
da42156b748b0af3ebc3c6268720755e,0.034691419,0,0.000435478,0,0,0,0,0,0,0,0,0,0,0,0,0,0,0,0
e0d953cdee5c868270edabd2f2937909,0.0052964,0,0,0,0,0,0,0,0,0,0,0,0,0,0,0,0,0.001106861,0
9cc5b63b74154fc7bcdf7e8796e5d2de,0.00185374,0,0,0,0,0,0,0,0,0,0,0,0,0,0,0,0,0,0
685a06c480c8512cad2bba3e5b066bdb,0.00344266,0,0,0,0,0,0,0,0,0,0,0,0,0,0,0,0,0,0
6504a13e2edb3328fffb344daf7b2ee3,0.028335739,0,0,0,0,0,0,0,0,0,0,0,0,0,0,0,0,0,0
fdb931f5c3f0b1f62bb2d613cb86001e,0.01006316,0,0,0,0,0,0,0,0,0,0,0,0,0,0,0,0,0,0
2b21fc8c9a472bcf2441c9c063baaf0a,0.00105928,0,0,0,0,0,0,0,0,0,0,0,0,0,0,0,0,0,0
f99471f9f75bc3c8400f9611fa7ee14f,0.00873906,0,0,0,0,0,0,0,0,0,0,0,0,0,0,0,0,0,0
ce264b1fd05f8dfc0dd2941a2b170a3a,0.00344266,0,0,0,0,0,0,0,0,0,0,0,0,0,0,0,0.001356121,0.009171135,0.011467232
47f95903f37498d9dd0eda1e5bcb3e28,0.00556122,0,0,0,0,0,0,0,0,0,0,0,0,0,0,0,0,0,0
ad552f09200febf499158c052101079b,0.01032798,0,0,0,0,0,0,0,0,0,0,0,0,0,0,0,0,0,0
6ed1f425cd7d234afdf0906b91293ae2,0.013240999,0,0,0,0,0,0,0,0,0,0,0,0,0,0,0,0,0,0
d5ed9ff1b4b6861428e0eb93d8b2c3a1,0.00370748,0,0,0,0,0,0,0,0,0,0,0,0,0,0,0,0,0,0
b1a12be5e88edf77bfaef78dd01159eb,0.00635568,0,0,0,0,0,0,0,0,0,0,0,0,0,0,0,0,0,0
1d4b9f3ddf33afdf5308213897846090,0.664962991,0.000811298,0,0,0,0,0,0,0,0,0,0,0,0,0,0,0,0,0
ade13a0239469e844de6acb3f220d4b2,0.00688532,0,0.001088696,0,0,0,0,0,0,0,0,0,0,0,0,0,0,0,0
3b54387c342aed1bbfc6586fdf74ffc6,0.00476676,0,0,0,0,0,0,0,0,0,0,0,0,0,0,0,0,0,0
56db17221a9724cad62ae9a36c453a81,0.00238338,0,0,0,0,0,0,0,0,0,0,0,0,0,0,0,0,0,0
8dd05d46c0b97113078aba2427454051,0.0013241,0,0,0,0,0,0,0,0,0,0,0,0,0,0,0,0,0,0
78d38ebcda61982cfb9d7fccb6a94cf2,0.0013241,0,0,0,0,0,0,0,0,0,0,0,0,0,0,0,0,0,0
86ce8e836244a989d26315bf84d75d99,0.030189479,0,0,0,0,0,0,0,0,0,0,0,0,0,0,0,0,0,0
5c331188779be5bb65a2e80544aa8dea,0.0052964,0,0,0,0,0,0,0,0,0,0,0,0,0,0,0,0.002905974,0.024350945,0
5aedbe3e251e0d4e14e560c494c760fc,0,0,0,0,0,0,0,0,0,0,0,0,0,0,0,0,0,0,0.009556027
5b3ae10206715c2976a983cb2eef902e,0.01006316,0,0,0,0,0,0,0,0,0,0,0,0,0,0,0,0,0,0
77da7e24d4e417e8a4fd692db80d26e1,0.0013241,0,0,0,0,0,0,0,0,0,0,0,0,0,0,0,0,0,0
edb1b7dc98830cdfb83ef9466ad4aaaa,0.065145717,0,0,0,0,0,0,0,0,0,0,0,0,0,0,0,0,0,0
597e0e7e460f5d0be7030d9da9e27e58,0.00503158,0,0,0,0,0,0,0,0,0,0,0,0,0,0,0,0,0,0
c010039c9d795c2923840493ddf8c086,0.00317784,0,0,0,0,0,0,0,0,0,0,0,0,0,0,0,0,0,0
c668608bc7be0382064b57d5505c7e23,0.181401692,0,0,0,0,0,0,0,0,0,0,0,0,0,0,0,0,0,0
ae53fe95ad7f469e3187a126d6098100,0.102750156,0,0,0,0,0,0,0,0,0,0,0,0,0,0,0,0,0,0
2df9e7b11fe11f679f52c25fe8d3c27f,0.099307496,0,0,0,0,0,0,0,0,0,0,0,0,0,0,0,0,0,0
e587cd60e62e6c08ac653bef4e935304,0.00423712,0,0,0,0,0,0,0,0,0,0,0,0,0,0,0,0,0,0
16d5a0178f3d79e81808ab413ec47dc9,0.00873906,0,0,0,0,0,0,0,0,0,0,0,0,0,0,0,0,0,0
758b8307071957eb86c89a180b187482,0.084742396,0,0,0,0,0,0,0,0,0,0,0,0,0,0,0,0,0,0
768b30237305b76406c8c5c6a9fba498,0,0,0,0,0.002631424,0.002886007,0.001265409,0,0,0,0,0,0,0,0,0,0,0,0
bfbc3acfb5c0b219aa6480a3323adf77,0.0039723,0,0,0,0,0,0,0,0,0,0,0,0,0,0,0,0,0,0
ab4d207ba005958298be140605c5a8fb,0.016948479,0,0,0,0,0,0,0,0,0,0,0,0,0,0,0,0,0,0
8a652928ef13cc45fe6fad624a6fa1d2,0.011916899,0,0,0,0,0,0,0,0,0,0,0,0,0,0,0,0,0,0
5bd95b851799d453c141b62c55e27ef4,0.0079446,0,0,0,0,0,0,0,0,0,0,0,0,0,0,0,0,0,0
04bc2a095282907ef4df7a2a9447166f,0.018007759,0,0,0,0,0,0,0,0,0,0,0,0,0,0,0,0,0,0
7f95be53d89bc3a48bae7b78b974d701,0.01006316,0,0,0,0,0,0,0,0,0,0,0,0,0,0,0,0,0,0
c9209e2a22c08ecdf2762a15fb6e44e1,0.024893079,0,0,0,0,0.000759476,0,0,0,0,0,0,0,0,0,0,0,0,0
43b083f9636dbce1742a5107ad053584,0.0066205,0,0,0,0,0,0,0,0,0,0,0,0,0,0,0,0,0,0
43c944338e9f3b7dbdf05108887a754a,0.029130199,0,0,0,0,0,0,0,0,0,0,0,0,0,0,0,0,0,0
0b359e0da05bbff15ce4ea980bfaa286,0.020655959,0,0,0,0,0,0,0,0,0,0,0,0,0,0,0,0,0,0
1c4637de71fcd2eaffb3ce3dfac5900b,0.00238338,0,0,0,0,0,0,0,0,0,0,0,0,0,0,0,0,0,0
58cd0f7f937effa7c5ed5dbe7e5cc864,0.00291302,0,0,0,0,0,0,0,0,0,0,0,0,0,0,0,0,0,0
8967a8d6fe2dd175ae34bdac837af10a,0.00900388,0,0,0,0,0,0,0,0,0,0,0,0,0,0,0,0,0,0
1fe612d44adcd7a6a0efbc7ad770fb38,0.00476676,0,0,0,0,0,0,0,0,0,0,0,0,0,0,0,0,0,0
e3ef2cba7805de59638a581426ab70a9,0.00317784,0,0,0,0,0,0,0,0,0,0,0,0,0,0,0,0,0,0
7095c313e9e1c5136c8dfaf1ccf4e5d5,0.0013241,0,0,0,0,0,0,0,0,0,0,0,0,0,0,0,0,0,0
ad871c6d75b2fb982388dfc27e0032c7,0.00052964,0,0,0,0,0,0,0,0,0,0,0,0,0,0,0,0,0,0
4d8b87bb1c80a21e5d80851c8f8c1a91,0,0,0,0,0,0,0,0,0,0,0,0,0,0,0,0,0.000387463,0,0
45b5884ac84de2968672cad3b58c081a,0,0,0,0,0,0,0,0,0,0,0,0,0.007839629,0,0,0,0,0,0
7b43b24e8c817bba9f0008696985ae06,0.00741496,0.005408651,0.003919306,0.017988399,0.019432058,0.008658022,0.01834843,0.026178847,0.027362319,0.032776956,0.039298442,0.038019387,0.02928332,0.011786709,0.020196423,0.013517983,0.009880313,0.011068611,0
60e0146e03242db09941a466fe9f9ffd,0,0,0,0,0,0,0,0,0,0,0,0,0,0,0,0,0,0,0.007644822
bfe8d502e380071034a7aa7c9e56de56,0,0,0,0,0,0.00030379,0,0,0,0,0,0,0,0,0,0,0,0,0
69290b70224c7c14a461b0d92d6458ba,0,0,0,0,0,0,0,0,0,0,0,0,0,0,0,0,0,0,0.003822411
5af69ae9514114185c91b175dbed2054,0,0,0,0,0,0,0,0,0,0,0,0,0,0,0,0,0,0,0.005733616
a07b2ad3ee34db785c97d9c45f88d7f8,0,0,0,0,0,0,0,0,0,0,0,0,0,0,0,0,0,0,0.005733616
2dbf2a077fcce4d00fd8aa9472955ceb,0.00238338,0,0,0,0,0,0,0,0,0,0,0,0,0,0,0,0,0,0
391d30262cc3dea9747cbbc8eddf9f07,0,0,0,0,0,0,0,0,0,0,0,0,0,0,0,0.001206963,0,0,0
b8787a09e2e26dcf154557d3ad66ea8d,0,0,0,0,0,0,0,0,0,0,0,0.002534626,0.001844619,0,0,0,0,0,0
7cfaaff60469cc024becf6bcb47a479e,0,0,0,0,0,0,0,0.000799354,0,0,0,0,0,0,0,0,0,0,0
1c9743174dcdb5dacbd049ba550f23f8,0,0,0,0,0,0,0,0,0,0,0,0,0,0,0,0,0,0.00158123,0
4c9b3fff08afb1135eafe0f7c7438032,0.00556122,0,0,0,0,0,0,0,0,0,0,0,0,0,0,0,0,0,0
2efff3ec5ec80431bec254de17da2fcd,0.01032798,0,0,0,0,0,0,0,0,0,0,0,0,0,0,0,0,0,0
6485c37d83d17b68e3abb2d6c2749df5,0,0,0,0,0,0,0,0,0,0.000356271,0.000538335,0,0,0,0,0,0,0,0
9413dd54243692b250670640c660758d,0,0,0,0,0,0,0.002109015,0.011990312,0,0.017101021,0.021533393,0.029007384,0.024671773,0.014677789,0.027187493,0.02558761,0.030222133,0.037475155,0.084093037
f876e4d5cbaa6ac5f3c225bcaf146791,0.016154019,0.001622595,0.002612871,0.001148196,0.005465266,0.001518951,0,0.031774326,0.032927536,0.041327467,0.054371817,0.106735909,0.069403773,0.068496349,0.109267828,0.112488926,0.138130645,0.163499199,0.317260096
79f4b4c69c43f9fc726deee40b36d3f3,0.00105928,0,0,0,0,0,0,0,0,0,0,0,0,0,0,0,0,0,0
da040f4409259c781d2e44bd12938078,0.00079446,0,0,0,0,0,0,0,0,0,0,0,0,0,0,0,0,0,0
5bbe2a5a01c16cb8363953430baaea87,0.0052964,0,0,0,0,0,0,0,0,0,0,0,0,0,0,0,0,0,0
25077ffdd305e287a33697d70d484327,0.00158892,0,0,0,0,0,0,0,0,0,0,0,0,0,0,0,0,0,0
50d25efdb17b59f3ba7b1ad0c5db8989,0.00158892,0,0,0,0,0,0,0,0,0,0,0,0,0,0,0,0,0,0
a4f5e4b88460bc4713747b9e266d3144,0.0105928,0,0,0,0,0,0,0,0,0,0,0,0,0,0,0,0,0,0
4eb5a964054cfd611f6281b13f89c0d3,0.00820942,0,0,0,0,0,0,0,0,0,0,0,0,0,0,0,0,0,0
7ee5506b56675190c1b39ceb2fef6b12,0.00317784,0,0,0,0,0,0,0,0,0,0,0,0,0,0,0,0,0,0
fd7c9ad162f78a62dda5099c417becc6,0.047137958,0,0,0,0,0,0,0,0,0,0,0,0,0,0,0,0,0,0
c8e5908cbbf128920eb03bfbe95f95a9,0.018007759,0,0,0,0,0,0,0,0,0,0,0,0,0,0,0,0,0,0
fc05fae4c5692849b84f3411043e8344,0.00953352,0,0,0,0,0,0,0,0,0,0,0,0,0,0,0,0,0,0
c883771c490f92035a893a246adf9767,0.0013241,0,0,0,0,0,0,0,0,0,0,0,0,0,0,0,0,0,0
873b71b30dcfcdbdf2e7080dd9db241f,0.055082558,0,0,0,0,0,0,0,0,0,0,0,0,0,0,0,0,0,0
9fb275ed81ecc69dd2c2cf775d20f252,0.00105928,0,0,0,0,0,0,0,0,0,0,0,0,0,0,0,0,0,0
8b2843ccdbc3d39c6d758b7f91388341,0.00953352,0,0.000653218,0,0,0.001063266,0.001898113,0.002997578,0,0.003562713,0.005383348,0.005069252,0.004611546,0.000667172,0.004660713,0.007241776,0.005618217,0.009329258,0.001911205
586a91d25daf6fe236dd1414884260d7,0,0,0,0,0,0,0,0,0.001855072,0,0,0,0,0,0,0,0,0,0
940021f82a61b343178e7948608b3049,0,0,0,0,0,0,0,0,0,0,0,0,0,0,0,0,0,0,0.003822411
e8895eca419d323d988e5bdcf681d140,0.00158892,0,0,0,0,0,0,0,0,0,0,0,0,0,0,0,0,0,0
26bcb031ea5e9e32c511c17dd4ce8c44,0.0013241,0,0,0,0,0,0,0,0,0,0,0,0,0,0,0,0,0,0
ab07f8f9d60701b64f9d82751d8be248,0.00052964,0,0,0,0,0,0,0,0,0,0,0,0,0,0,0,0,0,0
4a861d22b54efb0cebe9bfc1f9e23cc0,0.0013241,0,0,0,0,0,0,0,0,0,0,0,0,0,0,0,0,0,0
c992cbee5926e44bc397f0234e0c255c,0.00079446,0,0,0,0,0,0,0,0,0,0,0,0,0,0,0,0,0,0
e7891537521872e90b0e0f41517de633,0.00688532,0,0,0,0,0,0,0,0,0,0,0,0,0,0,0,0,0,0
83fe43c957bc1d62cad075e35f2b3e77,0.00052964,0,0,0,0,0,0,0,0,0,0,0,0,0,0,0,0,0,0
2af9958fd7f71a6e23c081bc5ea32141,0.00820942,0,0,0,0,0,0,0,0,0,0,0,0,0,0,0,0,0,0
516a6da55fdb8df7ed2cdc84291dbca2,0.00052964,0,0,0,0,0,0,0,0,0,0,0,0,0,0,0,0,0,0
e1d4180c0091e155509f14fcbdb541ae,0.00344266,0,0,0,0,0,0,0,0,0,0,0,0,0,0,0,0,0,0
8b78ca8c5e127e820c9561e10c9f19c2,0.00370748,0,0,0,0,0,0,0,0,0,0,0,0,0,0,0,0,0,0
126253aad6ce532558563354e8c229f3,0.0013241,0,0,0,0,0,0,0,0,0,0,0,0,0,0,0,0,0,0
c7ee36f726ae061be7e613876b497945,0.0026482,0,0,0,0,0,0,0,0,0,0,0,0,0,0,0,0,0,0
8ed2c27daaea55b50ad23f3ffa313d87,0.00317784,0,0,0,0,0,0,0,0,0,0,0,0,0,0,0,0,0,0
76861e4fd720b21d96693697fa6b48fc,0.012181719,0,0,0,0,0,0,0,0,0,0,0,0,0,0,0,0,0,0
55d6f196845f6c46a8c04acebb14b7b9,0.0013241,0,0,0,0,0,0,0,0,0,0,0,0,0,0,0,0,0,0
ed2edabe2a0c276357f7f1f210bdeda7,0.016683659,0,0,0,0,0,0,0,0,0,0,0,0,0,0,0,0,0.007273659,0
894d5f2608f2a0e9e3bf2499f1cc6130,0.69462283,0,0,0,0,0,0,0.005995156,0.004637681,0.013894579,0.009151692,0.008167128,0.011298289,0.00600455,0.007508927,0.012552412,0.016079724,0.02830402,0.038224108
9cc0bdcb1fb3a25451cc888c896d434b,0,0.000811298,0,0,0,0,0,0,0,0,0,0,0,0,0,0,0,0,0
3f9749b4bbd55e95797da2d7e27eb072,0.014300279,0,0,0,0,0,0,0,0,0,0,0,0,0,0,0,0,0.008538643,0
1c259c84edfd90c28f17c1875a7c9747,0.00079446,0,0,0,0,0,0,0,0,0,0,0,0,0,0,0,0,0,0
1e37d3623e8679bea135824898326438,0.00423712,0,0,0,0,0,0,0,0,0,0,0,0,0,0,0,0,0,0
f89c5ae84b1033d896333c5ae7acb309,0.00158892,0,0,0,0,0,0,0,0,0,0,0,0,0,0,0,0,0,0
08d10673b70f3d8b078a149a25d94b19,0.0066205,0,0,0,0,0,0,0,0,0,0,0,0,0,0,0,0,0,0
deb262fd92af4fdcd3b6240303048b2a,0.00370748,0,0.001306435,0.251646226,0.287432519,0.241361345,0.27585916,0.169463074,0.162782609,0.097618327,0.041990116,0.059422894,0.054646825,0.062936581,0.015794639,0.019552796,0.023441526,0.036842663,0.007644822
a5ed688dfc70ccd795b56425b56b2865,0.00079446,0,0,0,0,0,0,0,0,0,0,0,0,0,0,0,0,0,0
18c8a1caa02afa9f20b6974f6da7568c,0.070971757,0,0,0,0,0,0,0,0,0,0,0,0,0,0,0,0,0,0
4a6f9dd6166c1d7f2c4af6440718c03b,0.015624379,0,0,0,0,0,0,0,0,0,0,0,0,0,0,0,0,0,0
c12f7e2e3fb92f37dd8a532d2710933e,0.00820942,0,0,0,0,0,0,0,0,0,0,0,0,0,0,0,0,0,0
00cb63b6f629510ea7cf65e0530b4027,0.00979834,0,0,0,0,0,0,0,0,0,0,0,0,0,0,0,0,0,0
05db5feb6a21f195981e6dce06cb45f2,0.00291302,0,0,0,0,0,0,0,0,0,0,0,0,0,0,0,0,0,0
5022c2e85eb7347a496e69b612b21ce1,0.0039723,0,0,0,0,0,0,0,0,0,0,0,0,0,0,0,0,0,0
f8d30c1e3d25ad222894f3a1a7a3eb2a,0.00873906,0,0,0,0,0,0,0,0,0,0,0,0,0,0,0,0,0,0
6868203f42c3571c5d284d6fd8077b84,0.23568979,0,0.000653218,0.007654638,0.001214504,0.001670846,0.003585325,0.00139887,0,0,0,0,0.000691732,0,0,0,0,0,0
1fcda56a65c09f1d3002f1b791ae043e,0,0,0,0,0,0,0,0,0,0,0,0,0,0,0,0,0,0,0.005733616
e98db0b2dd9e9c33ddf733f57c1ec866,0,0,0,0,0,0,0,0,0,0,0,0,0,0,0,0,0,0,0.009556027
469da3cc4a3e8928f310c6030cffd8b7,0,0,0,0,0,0,0,0,0,0,0,0,0,0,0,0,0,0,0.003822411
66575db7635d648549a9eb5a4eafb710,0.019861499,0,0,0.000765464,0.007489439,0.010176973,0.045976527,0.038568836,0.030144928,0.073035609,0.089901915,0.090964904,0.14364967,0.016234524,0.01553571,0.089798027,0.197993715,0.190696358,0.093649064
21fcd2fcaa0378a40f3a9db0b3bd948c,0,0,0,0,0,0,0,0,0,0,0,0,0,0,0,0,0.000581195,0,0
0a23a3ed1cbe71a195745b3c5ea25d68,0.0026482,0,0,0,0,0,0,0,0,0,0,0,0,0,0,0,0,0,0
713e9dcfb8f87d843735061fd6bfe1e1,0.041311918,0,0,0,0,0,0,0,0,0,0,0,0,0,0,0,0,0,0
0f6ba75546154e59b7668ab1ac86514b,0.00105928,0,0,0,0,0,0,0,0,0,0,0,0,0,0,0,0,0,0
3e5c0929aa7ec948ea82be82637549b1,0.012446539,0,0,0,0,0,0,0,0,0,0,0,0,0,0,0,0,0,0
9e4993b7e2e6e5d4b584c46aaac0bde5,0.00767978,0,0,0,0,0,0,0,0,0,0,0,0,0,0,0,0,0,0
60c0c1f05c6aa0881583afbe565c5323,0.00423712,0,0,0,0,0,0,0,0,0,0,0,0,0,0,0,0,0,0
8658443ac48e043652445ada8a1b38e9,0.00820942,0,0,0,0,0,0,0,0,0,0,0,0,0,0,0,0,0,0
ecd12a77d93a65ff85078c4d7ebb17e0,0.00688532,0,0,0,0,0,0,0,0,0,0,0,0,0,0,0,0,0,0
2eedd8aa9855d2e9d4361aa9321ad4e2,0.00052964,0,0,0,0,0,0,0,0,0,0,0,0,0,0,0,0,0,0
cbd22a346325bb16a23d31a6d4ba799e,0,0,0,0,0,0,0.000843606,0,0,0,0,0,0,0,0,0,0,0,0
0e9cc4c909306f5a9562d84888902e09,0.042900838,0,0,0.069848572,0.041697957,0.138224559,0.114730415,0.086130407,0.082086957,0.027076616,0.032838424,0.012673129,0.030666783,0.010007584,0.009580355,0,0,0.012491718,0.026756876
a84e1039f9b157a2085d23b4114bc888,0,0,0,0.031001284,0.038054446,0.14597121,0.10418534,0.083732344,0.070956522,0.020307462,0.016150045,0.013518004,0.025363505,0,0,0.011104057,0.012592555,0.013914825,0
991143d1b16b7f958f686b23f0d983e9,0.00079446,0,0,0,0,0,0,0,0,0,0,0,0,0,0,0,0,0,0
3e2d1a7be6fbbcbc12428a01c86b7b8b,0.00211856,0,0,0,0,0,0,0,0,0,0,0,0,0,0,0,0,0,0
a42640f848385634aa76ce36a39e3707,0.00105928,0,0,0,0,0,0,0,0,0,0,0,0,0,0,0,0,0,0
bd0dd34948cdbece22dc78b4556aa529,0.00079446,0,0,0,0,0,0,0,0,0,0,0,0,0,0,0,0,0,0
592e037654532013ab7258e4ae16b0b5,0.037869258,0,0,0,0,0,0,0,0,0,0,0,0,0,0,0,0,0,0
ff0fc9ae659d05bff51228eb12dc2291,0.00211856,0,0,0,0,0,0,0,0,0,0,0,0,0,0,0,0,0,0
495f0278f21e9c70f64f973cab973d03,0.0066205,0,0,0,0,0,0,0,0,0,0,0,0,0,0,0,0,0,0
4876b86f5480b63093b5ed493010d622,0.00688532,0,0,0,0,0,0,0,0,0,0,0,0,0,0,0,0,0,0
cd969c22db8f82239769a164e1e5ea93,0.0039723,0,0,0,0,0,0,0,0,0,0,0,0,0,0,0,0,0,0
549656e5dca3b5e4918c59545d94e8b0,0.0013241,0,0,0,0,0,0,0,0,0,0,0,0,0,0,0,0,0,0
3756db37fff5d61b7ec84aad15fa4c44,0,0,0.000653218,0.00612371,0.01558613,0.010025078,0.002530818,0,0,0,0,0,0,0,0,0,0,0,0
004df64542e790b66bddce5295c5f9f2,0,0,0,0,0,0,0.000843606,0,0,0,0,0,0,0,0,0,0,0,0
5f41d216306c604d87ba8ffe56340e7f,0,0,0,0.007846004,0.009918446,0.007139071,0,0,0,0,0,0,0,0,0,0,0,0,0
951daa4c85bba9e3a72b4bb15749adda,0,0,0.000653218,0,0,0,0,0,0,0,0,0,0,0,0,0,0,0,0
ef29434876e20a83290e58de1f4e09c2,0.012181719,0,0,0,0,0,0,0,0,0,0,0,0,0,0,0,0,0,0
58bd12d54ddade76b08e3fc252745a97,0,0.00108173,0,0.00095683,0.001416921,0.001518951,0,0,0,0,0,0,0,0,0,0,0,0,0
f036998f7c6ae9f7b01b50adfca811a3,0.0013241,0,0,0,0,0,0,0,0,0,0,0,0,0,0,0,0,0,0
9591914f1b4272813c5d24f968e4ca81,0.00344266,0,0,0,0,0,0,0,0,0,0,0,0,0,0,0,0,0,0
945e47119242497c2e0bc5b3c6b6ba8e,0.018537399,0,0,0,0,0,0,0.000599516,0,0,0,0.0011265,0.000691732,0.001556735,0.003107142,0.055761678,0.138905571,0.148951882,0.181564513
562cf6de43317542399213abb9dcf723,0,0,0,0,0,0,0,0,0,0,0,0,0,0,0,0,0,0,0.003822411
7935c8ea2b1b44460993759d6d1cd5da,0.00873906,0,0,0,0,0,0,0,0,0,0,0,0,0,0,0,0,0,0
58ed3302b41e8d33d7b483d7c0d975f3,0.0079446,0,0,0,0,0,0,0,0,0,0,0,0,0,0,0,0,0,0
5901c122dbe9545a6149416c6397f234,0.014829919,0,0,0,0,0,0,0,0,0,0,0,0,0,0,0,0,0,0
8913bd6e6eb2b354098d2f01d9b65391,0.00185374,0,0,0,0,0,0,0,0,0,0,0,0,0,0,0,0,0,0
67d673cfb165578d52df1cfbd958a5c9,0.00953352,0,0,0,0,0,0,0,0,0,0,0,0,0,0,0,0,0,0
a0138f57c9f1b4f6a71bceb94b56572f,0.016418839,0,0,0,0,0,0,0,0,0,0,0,0,0,0,0,0,0,0
89be024198d6c2575cdec2fecfd9129a,0.026481999,0,0,0,0,0,0,0,0,0,0,0,0,0,0,0,0,0,0
ed09d7afbe54912303e1d4ad8b7b1d32,0.014565099,0,0,0,0,0,0,0,0,0,0,0,0,0,0,0,0,0,0
0717587ee3e819d58ad9801323db963c,0.01112244,0,0,0,0,0,0,0,0,0,0,0,0,0,0,0,0,0,0
ba6bc4c3f11394ddeb20d0be26876b26,0,0,0,0,0,0,0,0.000999193,0,0,0,0,0,0,0,0,0,0,0
8e5082651856dbc9ff0f821a8b2132fb,0,0,0.001306435,0,0,0,0,0,0,0,0,0,0,0,0,0,0,0,0
999c957beee975a83be3857c1d8051a5,0,0,0,0.00095683,0,0,0,0,0,0,0,0,0,0,0,0,0,0,0
e351ff2570360ae0b6c68b9b864b0870,0,0,0,0,0,0,0.001687212,0,0,0,0,0,0,0,0,0,0,0,0
e33914420d19e3dcbaf511090df6d385,0,0,0,0,0,0.005164434,0,0,0,0,0,0,0,0,0,0,0,0,0
25c54c57b4a4283237b33fdae82003c0,0.00503158,1.284013651,0.769708121,1.401755591,4.889389084,5.727509269,8.534761839,6.479364673,4.379362319,3.473288562,2.012833902,2.053610152,3.103340143,0.661390076,0.7467498,0.462749509,0.238871087,0.078429016,0.017200849
7851f5e3ccefb9a300394199f665614c,0,0,0,0,0,0.001974637,0,0,0,0,0,0,0,0,0,0,0,0,0
aa61e61d77b1c5238145c9b2cabdb9d5,0,0,0,0.00095683,0,0,0,0,0,0,0,0,0,0,0,0,0,0,0
4892ea2277b2d310557dd973dd248977,0,0,0,0,0,0,0,0,0,0,0,0,0.002536351,0,0,0,0,0,0
9f96ba0239a56945df3d725759d37f26,0,0,0,0,0.000607252,0,0,0,0,0,0,0,0,0,0,0,0,0,0
6b6ab36584c143c9ee24a4aa735f0e53,0,0,0,0,0,0.00030379,0,0,0,0,0,0,0,0,0,0,0,0,0
e5e19986a4acee87091482f691a1396f,0,0,0,0,0,0,0,0.000399677,0,0,0,0,0,0,0,0,0,0,0
1bfb8e6cb930a8c9ef5d52ea4ba2fd40,0,0,0,0,0,0,0,0,0,0,0,0.000844875,0,0,0,0,0,0,0
4d5eeba41b7a507f54023d01ce1fb31a,0.00715014,0,0,0,0,0,0,0,0,0,0,0,0,0,0,0,0,0,0
82eeb8631b1f7982fd141bbf2ed2f4dc,0.055877018,0,0,0,0,0,0,0,0,0,0,0,0,0,0,0,0,0,0
d7e616d63605ffd0d9129244621edbfc,0.036015518,0,0,0,0,0,0,0,0,0,0,0,0,0,0,0,0,0,0
9c90a0c962c8b6283f7a71b644fce90c,0.254227189,0,0,0,0,0,0,0,0,0,0,0,0,0,0,0,0,0,0
e367941e1e567e6ca872d51930564433,0.00503158,0,0,0,0,0,0,0,0,0,0,0,0,0,0,0,0,0,0
084437b858d3fa8724b6da08a434b92f,0.00211856,0,0,0,0,0,0,0,0,0,0,0,0,0,0,0,0,0,0
58775dbd44f0df19b94bc37ab4e4c579,0.011652079,0,0,0,0,0,0,0,0,0,0,0,0,0,0,0,0,0,0
36822e5c96ad047bd5a4d78c9ebfe7f6,0.00556122,0,0,0,0,0,0,0,0,0,0,0,0,0,0,0,0,0,0
f353a2c0eca76ffcfbc187071767c29b,0.00503158,0,0,0,0,0,0,0,0,0,0,0,0,0,0,0,0,0,0
8b6c39d6fb07636b4e870fe0bb1803cc,0.0039723,0,0,0,0,0,0,0,0,0,0,0,0,0,0,0,0,0,0
da47a34fd036b068ca0c5eaf185e2082,0.181401692,0,0,0.06946584,0.105459396,0.15219891,0.853518364,0.976211221,0.719768116,0.570390295,0.438204546,0.460175396,0.688273299,0.211493598,0.208437444,0.208080374,0.159441123,0.074001572,0.053513751
7e3579bed6d01cac3f73b2e45ee36852,0,0,0,0,0,0,0,0,0,0,0,0,0,0,0,0.000482785,0,0,0
817555c3b5d93664c38e8fbec64eba2e,0,0,0,0,0,0,0.013708597,0.033373035,0.031536232,0.024226446,0,0.01717913,0.020060227,0,0,0.014966338,0.03235318,0.048385643,0.099382681
2919ca12aa75e54dc25b4e3750d8712c,0,0,0,0,0,0,0,0,0,0,0,0,0,0,0,0,0,0.000316246,0
613cd0ab8ed46a361940e06efaecdb6d,0.340558505,0,0.000870957,0,0,0,0,0,0,0,0,0,0,0,0,0,0,0,0
a890e281ef9de265199252d45d16a904,0.016154019,0,0,0,0,0,0,0,0,0,0,0,0,0,0,0,0,0,0
6533ef83a51929f69e6f95d7a59a421c,0.104339076,0,0,0,0,0,0,0,0,0,0,0,0,0,0,0,0,0,0
37a53b3aab9bc373c583f6be8ab1d858,0.013240999,0,0,0,0,0,0,0,0,0,0,0,0,0,0,0,0,0,0
73e316aef3faef6abf714c6a2802f409,0.00079446,0,0,0,0,0.000455685,0.001687212,0.000999193,0.000927536,0.000712543,0,0,0.000691732,0,0,0,0.000387463,0.001106861,0
2ab40949d8357b8b2b94e93f42f0232a,0,0,0,0,0,0,0,0,0,0,0,0,0,0,0,0,0,0,0.003822411
3badde1c4760a921d723409ee05fead0,0.012711359,0.00108173,0,0.011290591,0.042102792,0.034328297,0.120846559,0.128895852,0.102028986,0.096905784,0.102283616,0.101666657,0.111599423,0.03269144,0.087776762,0.100902084,0.076330258,0.042535091,0.02484567
2c4835acd29039a6271cf50ec873938b,0,0,0,0,0,0,0,0,0,0,0,0,0,0,0,0,0,0,0.003822411
dfba8e8bfc169f25150d154a466d4477,0.00105928,0,0,0,0,0,0,0,0,0,0,0,0,0,0,0,0,0,0
bcf2fe85a3275fa10a9f66d32e565fa4,0.00211856,0,0,0,0,0,0,0,0,0,0,0,0,0,0,0,0,0,0
1c4b816fb8f22fadba37d3f297f19730,0,0,0,0.004210051,0,0.001974637,0,0,0,0,0,0,0,0,0,0,0,0,0
201a9f507c9b354eb162adf1f311c607,0.052699178,0,0,0,0.005465266,0.029771443,0.090687644,0.007394026,0.003246377,0.003918984,0.007536688,0.002534626,0.008070206,0.001556735,0,0,0.003099706,0.002846214,0.007644822
fd4dc2d3654041c497b3d8e6cee4d18b,0.266408909,0,0,0,0,0,0,0,0,0,0,0,0,0,0,0,0,0,0
19cfc988be2bc698e4e8e24f3c017dad,0.165247673,0,0,0,0,0,0,0,0,0,0,0,0,0,0,0,0,0,0
37e77987f6db9eb8df82f8185f8440b7,0.013240999,0,0,0,0,0,0,0,0,0,0,0,0,0,0,0,0,0,0
6650a92f75285af3244da368e945c376,0,0.007031246,0.005225741,0.004210051,0,0.006987175,0,0,0,0,0,0,0,0,0,0,0,0,0
0607c3ec24c886df3c9bac4259e1e910,0,0,0,0,0.005060432,0,0.001054507,0,0.001855072,0,0,0,0,0,0,0,0,0,0
503e3f397b970f03e626474b548327b4,0.014829919,0,0,0,0,0,0,0,0,0,0,0.0011265,0,0,0,0,0,0,0
170083f87321cde2efee1b7332711ec9,0.0013241,0,0,0,0,0,0,0,0,0,0,0,0,0,0,0,0,0,0
551f70cf3f951806a9b28706825acfeb,0.019331859,0,0,0,0,0,0,0,0,0,0,0,0,0,0,0,0,0,0
67bf6c3e83fa94009baa7f3b5929da23,0.0039723,0,0,0,0,0,0,0,0,0,0,0,0,0,0,0,0,0,0
81f8883a0b290b6dc7652309040b6ad2,0.00079446,0,0,0,0,0,0,0,0,0,0,0,0,0,0,0,0,0,0
40da09c73f84b20e7a882a02f485f1f3,0.019861499,0,0,0,0,0,0,0,0,0,0,0,0,0,0,0,0,0,0
e0987c7b47c2fb3b4638ebd7a04f69a0,0.022509699,0,0,0,0,0,0,0,0,0,0,0,0,0,0,0,0,0,0
2c4fdd0845cdde26dc7d98f576bb10e7,0.077327437,0,0,0,0,0,0,0,0,0,0,0,0,0,0,0,0,0,0
caa8c5625990aa1feeb77274cbfd7ffa,0.00556122,0,0,0,0,0,0,0,0,0,0,0,0,0,0,0,0,0,0
9a326ae5ed3864dcaaf79bc7b1c0a8e7,0.00185374,0,0,0,0,0,0,0,0,0,0,0,0,0,0,0,0,0,0
ac88022abe88b69c50f8c064630c5ff2,0.00582604,0,0,0,0,0,0,0,0,0,0,0,0,0,0,0,0,0,0
b5b93f7fc3d0a88dff0ced83eb0bb5ab,0,0,0,0.0713795,0.023075568,0.042834424,0.002530818,0,0,0,0,0,0,0,0,0.003138103,0.007361802,0.018658516,0.007644822
5c92a1870d7469268123d143f0a95910,0.00211856,0,0,0,0,0,0,0,0,0,0,0,0,0,0,0,0,0,0
96a0d03e75930560abfccfea17f4410f,0.0066205,0,0,0,0,0,0,0,0,0,0,0,0,0,0,0,0,0,0
de1e619dc7f15e1df4639581d8f08666,0.00423712,0,0,0,0,0,0,0,0,0,0,0,0,0,0,0,0,0,0
f9592d197b4e8b201673245f0501b6b3,0.00105928,0,0,0,0,0,0,0,0,0,0,0,0,0,0,0,0,0,0
ab8d396cc48256dc50ec98bcc4419d8b,0,0,0,0,0,0,0,0,0,0,0,0.000844875,0,0,0,0.000724178,0,0.000632492,0
5991e2c541e0896df6ced29abbf2edf2,0,0.001352163,0,0,0,0,0,0,0,0,0,0,0,0,0,0,0,0,0
94acc4dffe893d4a1b62a868448573db,0.00715014,0,0,0,0,0,0,0,0,0,0,0,0,0,0,0,0,0,0
cd2e5cd5a48d09ea23594e5f99ad27ae,0.00211856,0,0,0,0,0,0,0,0,0,0,0,0,0,0,0,0,0,0
1f19176efd7a39631a702b95a9d4b247,0.0013241,0,0,0,0,0,0,0,0,0,0,0,0,0,0,0,0,0,0
371f00ae446e2e0a412ac4e6dcdacf85,0.062497517,0,0,0,0,0,0,0,0,0,0,0,0,0,0,0,0,0,0
b6eff50a2aefce9119d1eeb59b28bbed,0.00079446,0,0,0,0,0,0,0,0,0,0,0,0,0,0,0,0,0,0
c4118088ab2644671a1d9d540c060b19,0,0,0,0.041909143,0.00222659,0.003645483,0,0,0,0,0,0,0,0,0,0,0,0.021346607,0.011467232
dc9b83b9dbf521d0d0b0e1576e44d06a,0,0,0,0,0.161124145,0.399636059,0.281975303,0.020183692,0.011594203,0.015319664,0.01453504,0.001689751,0.00945367,0.001779126,0.002589285,0.001206963,0,0,0
4d145a769891543537f2c8681627eff6,0,0,0,0,0,0,0,0.008992734,0.002318841,0,0,0,0.002997505,0,0,0,0,0,0
87db021bd3fb687eba7b420338158435,0,0.017307682,0.158949626,0.023346646,0.006882187,0.005012539,0.002530818,0.003996771,0.002318841,0.003206441,0.001615004,0.003661126,0.002075196,0.000889563,0.002071428,0.001206963,0,0,0
451acf82a2350fce17f55d27708aa232,0,0,0,0,0,0,0,0,0,0,0,0,0,0,0,0.003620888,0.00484329,0.013440456,0
8f6e77dd37d82d5d60ee21867f52f9e4,0.00450194,0,0,0,0,0,0,0,0,0,0,0,0,0,0,0,0,0,0
7bc4b6055f77dc4acb835bf59f37bba2,0.011916899,0,0,0,0,0,0,0,0,0,0,0,0,0,0,0,0,0,0
600bb60d1fe6ae569792e6293dc1551d,0.00079446,0,0,0,0,0,0,0,0,0,0,0,0,0,0,0,0,0,0
e64aa0d53a0727d6fb6d3fcd8667e49d,0.017478119,0,0,0,0,0,0,0,0,0,0,0,0,0,0,0,0,0,0
b06e7e4b55119e4733d40e44a8abf70e,0.00476676,0,0,0,0,0,0,0,0,0,0,0,0,0,0,0,0,0,0
2d4f702bfdf848fddbfe1e84a30c73b1,0.199144631,0.001622595,0,0,0,0,0,0,0,0,0,0,0,0,0,0,0,0,0
b083efba34da97dfc1a6fa6864721978,0.0013241,0,0,0,0,0,0,0,0,0,0,0,0,0,0,0,0,0,0
c97244fcde2f912b5f515df2d4803f23,0.040782278,0,0,0,0,0,0,0,0,0,0,0,0,0,0,0,0,0,0
01a540c3219dcfac8683674bf53a3d63,0.030719119,0,0,0,0,0,0,0,0,0,0,0,0,0,0,0,0,0,0
f20eb21e67f757812108449fe407b3c0,0.0052964,0,0,0,0,0,0,0,0,0,0,0,0,0,0,0,0,0,0
8b15a3b964e89068f45a7b48912eb1b1,0.00079446,0,0,0,0,0,0,0,0,0,0,0,0,0,0,0,0,0,0
01d2438fd05e3e4b8f94143439665583,0,0,0,0,0.001012086,0,0,0,0,0,0,0,0,0,0,0,0,0,0
1071b98661dd8853c0e46701d6b23af6,0.015889199,0.001352163,0,0.003253221,0,0.007442861,0.002741719,0,0,0,0,0,0,0,0,0,0,0,0
68dfbdb03b4114b1baec62194a541225,0,0,0.001524174,0,0,0,0,0,0,0,0,0,0,0,0,0,0,0,0
24e082a4f42cdce3d954a2a827bba4d0,0.00344266,0,0,0.002679123,0,0,0,0,0,0,0,0,0,0,0,0,0,0,0
cddb01a0b240945aa6ebe58ae541cea2,0,0,0.00283061,0,0,0,0,0,0,0,0,0,0,0,0,0,0,0,0
f652e7d536f18c98ef07c023937cfdb7,0.031513579,0,0,0,0,0,0,0,0,0,0,0,0,0,0,0,0,0,0
585e90bf1c66fcff8dcf4f2d24aba2cd,0.021450419,0,0,0,0,0,0,0,0,0,0,0,0,0,0,0,0,0,0
ca8aae833263295a5d0b4d66b8c06fdb,0.030719119,0,0,0,0,0,0,0,0,0,0,0,0,0,0,0,0,0,0
520e1fc076185aa3704e9367026eabde,0.093746276,0,0.000870957,0,0,0,0,0,0,0,0,0,0,0,0,0,0,0,0
ee84ea845fe5d8d3ed55ae230c5b7e62,0.038398898,0,0,0,0,0,0,0,0,0,0,0,0,0,0,0,0,0,0
ff2a3877c5cf4808816900f51bc130ba,0.122876475,0,0,0,0,0,0,0,0,0,0,0,0,0,0,0,0,0,0
7c6227f972ed1626eab4256030f39631,0.00953352,0,0,0,0,0,0,0,0,0,0,0,0,0,0,0,0,0,0
7c4029c77a50ad0582c758eabe8c1410,0.204970671,0,0,0,0,0,0,0,0,0,0,0,0,0,0,0,0,0,0
300fe288268b05ea9ab54feeaac5ac13,0.048726878,0,0,0,0,0,0,0,0,0,0,0,0,0,0,0,0,0,0
eea1a23b6354f47190568b72cf235aa2,0.094540736,0,0,0,0,0,0,0,0,0,0,0,0,0,0,0,0,0,0
938444186689c6c81498c229f4fdfc25,0.00317784,0,0,0,0,0,0,0,0,0,0,0,0,0,0,0,0,0,0
0eb81b066b350fa8fb0846020748be98,0.030454299,0,0,0,0,0,0,0,0,0,0,0,0,0,0,0,0,0,0
49c907377454c6980ff0a520fe40abe2,0.168425513,0,0.001524174,0,0,0,0,0,0.000927536,0,0,0,0,0,0,0,0,0,0
5a68a3cca9a0816f321222936d3c0cb8,0.068323557,0,0,0,0,0,0,0,0,0,0,0,0,0,0,0,0,0,0
b8b153dc28937eced2dad92fa7f542cb,0.00450194,0,0,0,0,0,0,0,0,0,0,0,0,0,0,0,0,0,0
c89a45b41422aafe60c0768f7c417017,0.00715014,0,0,0,0,0,0,0,0,0,0,0,0,0,0,0,0,0,0
6c75b6547a775bd435d6121ea181a298,0.019331859,0,0,0,0,0,0,0,0,0,0,0,0,0,0,0,0,0,0
8f6a4548e8c753fccd437d31436c020d,0.00635568,0,0,0,0,0,0,0,0,0,0,0,0,0,0,0,0,0,0
5e959d819d617ba5c3bb460168df485d,0.00211856,0,0,0,0,0,0,0,0,0,0,0,0,0,0,0,0,0,0
191627a5d4511a32856d4a033e4bf1cb,0.013505819,0,0,0,0,0,0,0,0,0,0,0,0,0,0,0,0,0,0
ff4f8ed709d325dc85df91881e419164,0.00317784,0,0,0,0,0,0,0,0,0,0,0,0,0,0,0,0,0,0
908b89aa5bac523dd293e900d0677895,0.022244879,0,0,0,0,0,0,0,0,0,0,0,0,0,0,0,0,0,0
4139c4822f132d488656de979a812b96,0.00556122,0,0,0,0,0,0,0,0,0,0,0,0,0,0,0,0,0,0
4ca427ab336fc6142916043c5e209596,0,0,0,0,0,0,0,0,0,0,0,0.00056325,0,0,0,0,0,0,0
95d0db82a69ee10f3b5ed0f06ba96949,0.128437694,0.002704325,0.000653218,0,0,0,0,0.000399677,0,0,0,0,0,0,0,0,0,0,0
f1baa928afe50a32873c14a5a0e63f2d,0.0092687,0,0,0,0,0,0,0,0,0,0,0,0,0,0,0,0,0,0
50addb775b43dc6766013d2b80081ce3,0.012711359,0,0,0,0,0,0,0,0,0,0,0,0,0,0,0,0,0,0
272d242be70431c313d5d6dae118135b,0.00556122,0,0,0,0,0,0,0,0,0,0,0,0,0,0,0,0,0,0
45f57e55f2f3051645343e39b90396ec,0.031513579,0,0,0,0,0,0,0,0,0,0,0,0,0,0,0,0,0,0
ac96db42031919a640395a42626c4cfe,0.01112244,0,0,0,0,0,0,0,0,0,0,0,0,0,0,0,0,0,0
fd52abdc1862787fdca2f0d9cab6999e,0.00158892,0,0,0,0,0,0,0,0,0,0,0,0,0,0,0,0,0,0
aa15b94e77f3955a73a15e15187b6482,0.335262106,0,0,0,0,0,0,0,0,0,0,0,0,0,0,0,0,0,0
123c678eddb7c7e2b7393ca738c84596,0.084477576,0,0,0,0,0,0,0,0,0,0,0,0,0,0,0,0,0,0
ea45bee86d1ee90365290e8bef727fe5,0,0.002433893,0,0,0,0,0,0,0,0,0,0,0,0,0,0,0,0,0
cbe80782cb7eff2eb8427fae47b49d1a,0.23860281,0.001893028,0.002395131,0,0,0,0,0,0,0,0,0,0,0,0,0,0,0,0
d2324169a6d55451e2666edc82665cba,0.046078678,0,0,0,0,0,0,0,0,0,0,0,0,0,0,0,0,0,0
bd1731c0114c40d5784dd170ea5f3422,0.096659296,0,0,0,0,0,0,0,0,0,0,0,0,0,0,0,0,0,0
947e4a587725a525a54833c06fcbab42,0.046078678,0,0,0,0,0,0,0,0,0,0,0,0,0,0,0,0,0,0
fac97a83c02393096a49a357cb0e0f28,0.024098619,0,0,0,0,0,0,0,0,0,0,0,0,0,0,0,0,0,0
46eaee59b82f8e55b9c35947a8c22824,0.00847424,0,0,0,0,0,0,0,0,0,0,0,0,0,0,0,0,0,0
bc3c95276ce632909affc67f9294bde6,0.052169538,0,0,0,0,0,0,0,0,0,0,0,0,0,0,0,0,0,0
0b736ddea36ed16291fa058fe28061f8,1.651682269,0,0.001306435,0,0,0,0,0,0,0,0,0,0,0,0,0,0,0,0
4bac007f22152b0afd81f2d32ec400c5,0.109900295,0,0,0,0,0,0,0,0,0,0,0,0,0,0,0,0,0,0
8cc30cd689a26a6e2a699449745a088e,0.022774519,0,0,0,0,0,0,0,0,0,0,0,0,0,0,0,0,0,0
2f268057d1214383b781ce20ac322b13,0.00344266,0,0,0,0,0,0,0,0,0,0,0,0,0,0,0,0,0,0
41d1c01fdc01041978b943ebfa386bdb,0.047932418,0,0,0,0,0,0,0,0,0,0,0,0,0,0,0,0,0,0
f88d741fc5f4fa1ec110a6aafc7393f2,0.013770639,0,0,0,0,0,0,0,0,0,0,0,0,0,0,0,0,0,0
53cc13652f54147209456977b76cea50,0.01138726,0,0,0,0,0,0,0,0,0,0,0,0,0,0,0,0,0,0
3ccbd454b224dc84efdde550255ca527,0.017213299,0,0,0,0,0,0,0,0,0,0,0,0,0,0,0,0,0,0
99b446af7d82c16878fe433d7f2e23e7,0.00609086,0,0,0,0,0,0,0,0,0,0,0,0,0,0,0,0,0,0
04e715f54c06e9ccf25afba02b343b5c,1.290732624,0,0,0,0,0,0,0,0,0,0,0,0,0,0,0,0,0,0
b7533224f1ef2f4739006dd83c6bf4d2,0.057465938,0,0,0,0,0,0,0,0,0,0,0,0,0,0,0,0,0,0
1d837cc6d80881adecbb106f01c1b042,0.22324325,0,0,0,0,0,0,0,0,0,0,0,0,0,0,0,0,0,0
c66eb033bf0d849bf345c2a07db3727e,0.033102499,0,0,0,0,0,0,0,0,0,0,0,0,0,0,0,0,0,0
c9e59947328c667e941ac56abed5c99f,0.079181177,0,0,0,0,0,0,0,0,0,0,0,0,0,0,0,0,0,0
e17dcd58f6ca08bacf65afcde751be53,0.037074798,0,0,0,0,0,0,0,0,0,0,0,0,0,0,0,0,0,0
d79b4530e47feda71be7e93aa663f0b0,0.0039723,0,0,0,0,0,0,0,0,0,0,0,0,0,0,0,0,0,0
0e50bf3eae192d3ce32f00a74ffb97e3,0.066469817,0,0,0,0,0,0,0,0,0,0,0,0,0,0,0,0,0,0
c797aedcc1b7855b7af687d34a0998d7,0.00953352,0,0,0,0,0,0,0,0,0,0,0,0,0,0,0,0,0,0
40870adeb00d39b72fbca1d2be29ab07,0.166571773,0,0,0,0,0,0,0,0,0,0,0,0,0,0,0,0,0,0
07e00e1bcc9d9a3c50591f721785e591,3.2617878,0,0.002177392,0,0,0,0,0,0,0,0,0,0,0,0,0,0,0,0
faea8df7b37bdc2fd653a1c156baf7db,0.061438237,0,0,0,0,0,0,0,0,0,0,0,0,0,0,0,0,0,0
915047629ceb2cfb1fb1d4ff467c9002,0.01006316,0,0,0,0,0,0,0,0,0,0,0,0,0,0,0,0,0,0
43a837e225147b88f58a65ccc8412c7c,0.013240999,0,0,0,0,0,0,0,0,0,0,0,0,0,0,0,0,0,0
40dc5c18cc4351517876235855be9721,0.012976179,0,0,0,0,0,0,0,0,0,0,0,0,0,0,0,0,0,0
92cb26786c713a9a22e36dc8c8913a44,0.00953352,0,0,0,0,0,0,0,0,0,0,0,0,0,0,0,0,0,0
d5c1df7b4eb6d1dad40cfc965a64dc91,0.050580618,0,0,0,0,0,0,0,0,0,0,0,0,0,0,0,0,0,0
6075255b58efbd350ad34112f80f970a,0.883704302,0,0,0,0,0,0,0,0,0,0,0,0,0,0,0,0,0,0
d014102205e1a5fa0830e8f27b93270f,0.00158892,0,0,0,0,0,0,0,0,0,0,0,0,0,0,0,0,0,0
0ca6969eac50942ccc0687eb855a0d79,0.00185374,0,0,0,0,0,0,0,0,0,0,0,0,0,0,0,0,0,0
8ca8a2ee539e5a54b184bbf80e861033,0.00609086,0,0,0,0,0,0,0,0,0,0,0,0,0,0,0,0,0,0
ee00e22b5b23fa6d7e2502177a8a70c7,0.016418839,0,0,0,0,0,0,0,0,0,0,0,0,0,0,0,0,0,0
81658f20c85c240a8529c9f65f993851,0.013770639,0,0,0,0,0,0,0,0,0,0,0,0,0,0,0,0,0,0
23f3e8af4976b7963035af445f28e69e,0.00238338,0,0,0,0,0,0,0,0,0,0,0,0,0,0,0,0,0,0
a73d6b4ed74fd4af4a3c77ef62e48ec5,0.052963998,0,0,0,0,0,0,0,0,0,0,0,0,0,0,0,0,0,0
c70fe7d64a90f53b96f959c4469709ac,0.00741496,0,0,0,0,0,0,0,0,0,0,0,0,0,0,0,0,0,0
84bee12f9a868308b8d822a4791ff8b1,0.01032798,0,0,0,0,0,0,0,0,0,0,0,0,0,0,0,0,0,0
82fc6e36dd2370048db2e2b7f02fd189,0.00105928,0,0,0,0,0,0,0,0,0,0,0,0,0,0,0,0,0,0
40f33a63b1b706f8fee517f9f6f6d367,0.096394476,0,0,0,0,0,0,0,0,0,0,0,0,0,0,0,0,0,0
6d9f5e802552ba002b8efdef2f9bbfec,0.061438237,0,0,0,0,0,0,0,0,0,0,0,0,0,0,0,0,0,0
b7bc2902499297dc5de20e8748a42d33,0.220330231,0,0,0,0,0,0,0,0,0,0,0,0,0,0,0,0,0,0
92cb433f34320956950648a61a61e395,0.00873906,0,0,0,0,0,0,0,0,0,0,0,0,0,0,0,0,0,0
e21f14506da976def600538a8f860f0b,0.112548495,0,0,0,0,0,0,0,0,0,0,0,0,0,0.001035714,0,0,0,0
2ac77d9e71c04c362eb0b22647bc57f5,0.064616077,0,0,0,0,0,0,0,0,0,0,0,0,0,0,0,0,0,0
aca75c6d71a8933275a447e83269faba,0.019331859,0,0,0,0,0,0,0,0,0,0,0,0,0,0,0,0,0,0
3d94d8b70e7c5bf96bbb6b29f432ec1b,0.017478119,0,0,0,0,0,0,0,0,0,0,0,0,0,0,0,0,0,0
b022522a963a8f8fa28d9d2fc3344e87,0.207618871,0,0,0,0,0,0,0,0,0,0,0,0,0,0,0,0,0,0
afadb45931725b52385058d29f76447e,0.014829919,0,0,0,0,0,0,0,0,0,0,0,0,0,0,0,0,0,0
431f2ccf07657913dc86d93668a91e9c,0.00556122,0,0,0,0,0,0,0,0,0,0,0,0,0,0,0,0,0,0
e469b851eb487386da166f1f8b20a40f,0.00211856,0,0,0,0,0,0,0,0,0,0,0,0,0,0,0,0,0,0
0b9c934012caa8a6606599ddcb49c15b,0.081829376,0,0,0,0,0,0,0,0,0,0,0,0,0,0,0,0,0,0
d9d30d32406d0d1f7d847cdbbdda6137,0.013505819,0,0,0,0,0,0,0,0,0,0,0,0,0,0,0,0,0,0
2754a62a78999a65def9a46a8c805a18,0.00556122,0,0,0,0,0,0,0,0,0,0,0,0,0,0,0,0,0,0
4bcf2ed3c27ef7222d2bf177640edef4,0.172662633,0,0,0,0,0,0,0,0,0,0,0,0,0,0,0,0,0,0
3c30ef12ea30ff246e454f2cc7ee36a9,0.0052964,0,0,0,0,0,0,0,0,0,0,0,0,0,0,0,0,0,0
350764427a7e15d2e95ee77951ea5c6c,0.01138726,0,0,0,0,0,0,0,0,0,0,0,0,0,0,0,0,0,0
78655baa8fe07fac3df14b89c91be2bb,0.066469817,0,0,0,0,0,0,0,0,0,0,0,0,0,0,0,0,0,0
9d93bbfc68509916e75cf218443f9b1b,0.016683659,0,0,0,0,0,0,0,0,0,0,0,0,0,0,0,0,0,0
c62f274f92e56d9b16a9a143e797b5b3,0.00688532,0,0,0,0,0,0,0,0,0,0,0,0,0,0,0,0,0,0
0d01943ed06ec0c8998ac39665f5452a,0.047402778,0.00216346,0,0,0,0,0,0,0,0,0,0,0,0,0,0,0,0,0
1b93fe44c90e856e28e8586500b42103,0.014035459,0,0,0,0,0,0,0,0,0,0,0,0,0,0,0,0,0,0
c18be20cca10d6ead4ed3561cf3dfca0,0.00079446,0,0,0,0,0,0,0,0,0,0,0,0,0,0,0,0,0,0
07c0a289796d7465a2f69093ebf4a33a,0,0,0,0,0,0.000455685,0,0,0,0,0,0,0,0,0,0,0,0,0
c8db0a5ed83ab440ce7a40a38a4031a8,0,0,0,0,0,0,0,0,0,0,0,0,0,0,0,0,0,0,0.007644822
069542283eb54c7a749da63bb4204831,0,0,0,0,0.000404835,0,0,0,0,0,0,0,0,0,0,0,0,0,0
8806e6d1e666acc5e9ca4ae2715ea965,0,0,0,0,0,0,0,0,0,0,0,0,0,0,0,0,0,0,0.005733616
601d70854057d4d8e94070f73350d797,0,0,0,0,0,0,0,0.000999193,0,0,0,0,0,0,0,0,0,0,0
8aa1d8ed7fd39f87411a5725c8296015,0,0,0,0,0,0,0,0,0,0,0,0,0,0,0,0,0,0,0.007644822
bf65217930e4318bf77921b3c64a98d5,0,0,0,0.000382732,0,0,0,0,0,0,0,0,0,0,0,0,0,0,0
b4ececcefd46ce904966bef46cd47514,0,0,0,0,0,0,0,0,0,0,0,0,0,0,0,0,0,0,0.003822411
af085531a8a743571fb9ed6c2e5935bd,0,0,0,0,0,0,0,0,0,0,0,0,0,0,0,0,0,0,0.007644822
f66e0bd048f99f9348c92d765e755e39,0,0,0,0,0,0,0,0,0,0,0,0,0,0,0,0,0,0,0.005733616
974ef761042d5fbf7b56f8ce47c2835b,0,0,0,0,0,0,0,0,0,0,0,0,0,0,0,0,0,0,0.003822411
ae86574c3f5f1a60fefce448bc7b9d1b,0,0,0,0,0,0,0,0,0,0,0,0,0,0,0,0,0,0,0.005733616
7cd022d3e8231b6befc5e3e2259a6813,0,0,0.010886961,0,0,0,0,0,0,0,0,0,0,0,0,0,0,0,0
6f14a88c7074fb3b48a9f8be3f7852c8,0,0,0.049644541,0.008611468,0.00445318,0.003493588,0.006748848,0.005795317,0,0.003918984,0.001615004,0.003942751,0.004380969,0,0,0.001689748,0.002324779,0.00316246,0
a82d89679bc6017e06e5a11b255c5bf6,0,0.007301678,0.009362786,0,0,0,0,0,0,0,0,0,0,0,0,0,0,0,0
954395a75bf6cfc5ecda85aea2a4570b,0.00079446,0,0,0,0,0,0,0,0,0,0,0,0,0,0,0,0,0,0
4d14fe12857973bd0d0470a41c6e1a5a,0.00238338,0,0,0,0,0,0,0,0,0,0,0,0,0,0,0,0,0,0
115fd3d829ca9fb45630f07981cbcb73,0.00238338,0,0,0,0,0,0,0,0,0,0,0,0,0,0,0,0,0,0
55b1e088790638cb0f33b74d1d5bf921,0.00079446,0,0,0,0,0,0,0,0,0,0,0,0,0,0,0,0,0,0
daac17ca54538cbc9aada8497262da96,0,0,0,0,0,0,0.002952621,0,0,0,0,0,0.001614041,0.001779126,0.014758925,0.028242928,0.036421545,0.072736588,0.028668081
0a080f68f8c16188fe250be4dbeecae5,0,0,0,0,0,0,0,0,0,0,0,0,0,0,0,0,0,0,0.001911205
2adce772c19bf78aca62501a10d63509,0,0,0,0,0,0,0,0,0,0,0,0,0,0,0,0,0,0.011384857,0
fef9026196726437d83021276c40e95c,0,0,0,0,0,0,0,0,0,0,0,0,0,0,0,0,0,0,0.001911205
db5aaacffe4ca31116f5b0e292074588,0,0.005138218,0.37930171,0.004401417,0,0.003341693,0.005483439,0.00539564,0.00973913,0.017101021,0.177650491,0.040554013,0.215589794,0.020015167,0.049455344,0.024863432,0.017629577,0.052496841,0
eb8d145285d4d18dd0c43c75115adbf9,0,0,0.031136708,0,0,0,0,0,0,0,0.04683513,0.013236379,0.055799711,0.005782159,0.010874997,0.003862281,0,0.004901814,0
d27b2ff4d26d2899600e9921c2e925f6,0,0,0,0,0,0,0,0,0,0,0,0,0,0,0,0,0,0.000790615,0
10ba1c6a051a49b25b443bebd244b71c,0,0.005679083,0.008709569,0.009568298,0.006477353,0.014278141,0.021933756,0.011390796,0.019014493,0.014963393,0,0.041398888,0.016601567,0.036916864,0.035214276,0.017138871,0.021310478,0.020714115,0.026756876
37d606d03d54c46da31b937d8f5b6b61,0,0,0,0,0,0,0,0,0,0,0,0.01492613,0,0.008006067,0,0,0,0.010594242,0
e27928b6f9a580b0d7f95feeb01ba523,0,0,0.006967655,0,0,0.014885722,0.012443188,0.007593864,0,0,0.019380054,0.034639886,0.017293299,0.020682339,0.025633922,0.009655702,0.008717923,0.020555992,0
ba17ca70d77eba42e5aef9d3fcc1adf3,0,0,0,0.001722294,0.001214504,0.005012539,0,0.003197416,0.004637681,0.003918984,0,0.016897505,0,0.008228458,0.008026784,0.004827851,0.004262096,0.007115536,0
3cce19ea306b1aafd7cd22fdc1bcefd6,0,0,0,0,0,0,0,0,0,0,0,0,0,0,0.000517857,0,0,0,0
c4587a7b24a6c49f9de0882e32f519f5,0,0,0,0,0,0,0,0,0,0,0,0,0,0.005782159,0,0.003862281,0.003487169,0.008696766,0
6ba0ef08127bd8337916b772638d3744,0.0013241,0,0,0,0,0,0,0,0,0,0,0,0,0,0,0,0,0,0
924ba8e00fb9f76de6bf217aac8ca9d4,0,0.022716333,0.036362449,0.082095993,0.04149554,0.044960955,0.056521602,0.010191765,0.015304348,0.007837968,0,0.012391504,0.006225588,0,0.005696427,0.003138103,0.002518511,0.001423107,0
f654394f0d0084baf14a287ec94d12aa,0.00317784,0,0,0,0,0,0,0,0,0,0,0,0,0,0,0,0,0,0
5629f0846c3c982970fcbd37fe2bdb8b,0.00079446,0,0,0,0,0,0,0,0,0,0,0,0,0,0,0,0,0,0
90c4f2d984977adea41de3f42bd18ea1,0.00953352,0,0,0,0,0,0,0,0,0,0,0,0,0,0,0,0,0,0
eae2b2f16935541e065a7e45ce95ff17,0.00211856,0,0,0,0,0,0,0,0,0,0,0,0,0,0,0,0,0,0
37736c620442bdd78ddde3ea7451d314,0.00609086,0,0,0,0,0,0,0,0,0,0,0,0,0,0,0,0,0,0
29d5a1f45c97760080e874715394bcfe,0.160480913,0,0,0,0,0,0,0,0,0,0,0,0,0,0,0,0,0,0
4ceda7391cbf9cebcf0484faad59687b,0.00423712,0,0,0,0,0,0,0,0,0,0,0,0,0,0,0,0,0,0
41b51f59463027a20d946656003a5f11,0.00052964,0,0,0,0,0,0,0,0,0,0,0,0,0,0,0,0,0,0
5b6a595a6fc20f9f06cf625ed712d163,0.00503158,0,0,0,0,0,0,0,0,0,0,0,0,0,0,0,0,0,0
57d80e7465d3924d85b75767855a3c4f,0.048462058,0,0,0,0,0,0,0,0,0,0,0,0,0,0,0,0,0,0
a09579da0b2f87eae05c1c9886c4bfc7,0.025687539,0,0,0,0,0,0,0,0,0,0,0,0,0,0,0,0,0,0
f254d2cc030e8a1ed05861537c4dfe86,0.00026482,0,0,0,0,0,0,0,0,0,0,0,0,0,0,0,0,0,0
99b7d01a509e8d23e7ea8ddc8c916745,0.00317784,0,0,0,0,0,0,0,0,0,0,0,0,0,0,0,0,0,0
a8a3fd004219cc6476d68c8902fb52a3,0,0.016496384,0.000870957,0,0,0,0,0,0,0,0,0,0,0,0,0,0,0,0
d16549567d9b503e05d935bd5ca038a6,0.013770639,0,0,0,0,0,0,0,0,0,0,0,0,0,0,0,0,0,0
f5cb3fde6a13561ed6e13a04732f79e3,0.0039723,0,0,0,0,0,0,0,0,0,0,0,0,0,0,0,0,0,0
6007fe9f1b2db53b8b47650fa99e3f10,0.00847424,0,0,0,0,0,0,0,0,0,0,0,0,0,0,0,0,0,0
67d143ab6e193466450c7a998b92092b,0.00503158,0,0,0,0,0,0,0,0,0,0,0,0,0,0,0,0,0,0
6a00993959cfffcd3e54203b0cb659a2,0,0.008383408,0.008491829,0.017222936,0.018015137,0.025974065,0.004850734,0.00539564,0.002782609,0.045602722,0.004845013,0.011828254,0.005533856,0,0,0.077487007,0.01917943,0.015496056,0
ae66759ccf678b4ae827b1af4a54ac9d,0,0,0,0.001530928,0,0,0,0,0,0,0,0,0,0,0,0,0,0,0
3d38b9626585c206c30b9e38e025ac32,0,0,0,0.002870489,0,0.001974637,0,0,0,0,0,0,0,0,0,0,0,0,0
f67d93be029c2787875047487bb04e94,0,0,0,0,0,0.001063266,0,0,0,0,0,0,0,0,0,0,0,0,0
0a052939cf0cfd20acc22c826676e32c,0,0,0,0,0,0,0,0,0,0,0.016150045,0.051819016,0,0,0,0,0.005811949,0.021820976,0
46156799234f2a8e18eb868be7da1d1a,0,0,0,0,0,0,0,0,0,0.011044409,0,0,0.004380969,0,0,0,0,0,0
df20ccfbfc0741ee313d9e9433dbac01,0,0,0,0,0,0,0,0,0,0,0,0,0.004380969,0,0,0.008690132,0,0.014547318,0
4aff8b715435747567cbc4ee9c82fb8b,0,0,0,0,0,0,0,0,0,0,0,0,0,0,0,0,0.002324779,0,0.013378438
ea4691b2289c15a1b9cb1a8fd5e77902,0.00158892,0,0,0,0,0,0,0,0,0,0,0,0,0,0,0,0,0,0
d74db335012437dbfb4c54fd9049d46f,0.00052964,0,0,0,0,0,0,0,0,0,0,0,0,0,0,0,0,0,0
565ebeeb62bec205e9a34b25e0a728dd,0,0,0,0,0,0,0,0,0,0,0,0,0,0,0.001553571,0,0,0,0
efc6541354a63e71f60f085f48f73909,0,0.106820849,0.038539841,0,0,0,0,0,0,0,0,0,0,0,0,0,0,0,0
385ff5afa4e19e68ba06f7912908b170,0,0,0,0,0,0,0.000632704,0,0,0,0,0,0,0,0,0,0,0,0
f829de4b8d089b0995e255f3335729a0,0,0.022175467,0.006314437,0,0,0,0,0,0,0,0,0,0,0,0,0,0,0,0
dc211776d6a734cf180f697b098c47d3,0,0.000540865,0.000217739,0.004401417,0.001416921,0.001063266,0,0,0,0,0,0,0,0,0,0,0.001549853,0,0
bffbf44642d65b943681a01244ca6c0b,0,0.096544413,0.02765288,0,0,0,0,0,0,0,0,0,0,0,0,0,0,0,0
075005ef79b14f0787674852faab9e2e,0,0.016225952,0,0,0,0,0,0,0,0,0,0,0,0,0,0,0,0,0
aa9c5ae2ec6da55f30edd92e3de37eff,0,0.106820849,0.017636876,0.074441355,0,0.0062277,0,0,0,0,0,0,0,0.067384396,0.148366032,0.005793421,0,0,0
f3c13bc899928e8043766ca73a046487,0,0.103034794,0.01393531,0.066403985,0,0.00653149,0,0,0,0,0,0,0,0.073833727,0.142410676,0.004103673,0.002712243,0.002688091,0
1f4fb4bfdca6c9d13106ed533362a62e,0,0.548166738,0.073160376,0.38426283,0.01113295,0.033113136,0.006748848,0.005195802,0,0.008906782,0,0.009575253,0.004380969,0.392742056,0.714124809,0.019311404,0.009492849,0.010436119,0
7f649b584c7c54e647d5e552eb59cb76,0,0.00108173,0,0,0,0,0,0,0,0,0,0,0,0,0,0,0,0,0
b24d3443426aac9dca3451d65ba14d55,0.198085351,0,0,0,0,0,0,0,0,0,0,0,0,0,0,0,0,0,0
477487d12077a9fbaf195faaf466d827,0.196761252,0,0,0,0,0,0,0,0,0,0,0,0,0,0,0,0,0,0
6d866900ddd4436c1634c5209005c604,0.094011096,0,0,0,0,0,0,0,0,0,0,0,0,0,0,0,0,0,0
916d15ab17794198ea4c5ad1e3fb6258,0,0,0,0,0,0,0,0,0,0,0,0,0,0,0,0,0,0.200183739,0.103205091
e6bdf194852a3017f2294a9236f98dfc,0,0,0,0.010333761,0.000607252,0,0,0,0,0,0.00107667,0,0,0,0,0,0,0,0
10b3c2a776e4f9f16a4c80c2d43c9def,0,0,0,0,0,0.004860644,0.000632704,0,0,0,0,0,0,0,0,0,0,0,0
8f9fe5d435f9b6b90c0bf2e7055bdb82,0.00609086,0,0,0,0,0,0,0,0,0,0,0,0,0,0,0,0,0,0
3c8c974e9e9f2247fedc8b66253b5774,0.00556122,0,0,0,0,0,0,0,0,0,0,0,0,0,0,0,0,0,0
d5cecae93845498f6d38b6b144a7e330,0.012976179,0,0,0,0,0,0,0,0,0,0,0,0,0,0,0,0,0,0
e49e2d1740b2969d15197f16c4681997,0.027541279,0.00324519,0.003701567,0.001722294,0.001619338,0.007594756,0,0,0,0,0,0,0,0,0,0,0,0,0
fa0525ece71fa3362210e904b24a9b62,0,0,0,0.095874341,0.254640922,0.478013941,0.009701469,0,0,0,0,0,0,0,0,0,0,0,0
28f1a500a5a6ebd1cede9322b50bcaad,0,0,0.008709569,0.301592739,0.813717413,1.453940083,0.029737111,0.00819338,0.006956522,0.008194239,0.008075022,0.005350877,0.006686742,0.002668689,0.004660713,0.002896711,0.002905974,0,0
c3331ee422228f2ad21a90ec87e18d35,0,0,0,0,0,0.00592391,0,0,0,0,0,0,0,0,0,0,0,0,0
a82691ab5fd4e8d3d3b23b7958c8e764,0,0.032451904,0.01937879,0.385602391,0.170840173,0.554720976,1.047969546,0.478813119,0.395130435,0.140014607,0.097976938,0.052945517,0.11782501,0.038028817,0.060848198,0.033312171,0.012398824,0.008064274,0.009556027
89d1d4064aa11fd1f3efb8e1345c813f,0,0.139813618,0.045289756,0.506354306,0.203024519,0.213564538,0.129915323,0.020583369,0.015768116,0.00855051,0,0.006759002,0.011528866,0,0.004401785,0.004586458,0.004262096,0.002055599,0
da28c80a7a1b2838789eb2ad598db9a0,0.201528011,0.001622595,0.003483827,0,0,0,0,0,0,0,0,0,0,0,0,0,0,0,0
b5db33c8e764e787ba1a51f46cfa1db8,0.020655959,0,0,0,0,0,0,0,0,0,0,0,0,0,0,0,0,0,0
7d537f12eaa3231c2c2b58b74901051c,0,0,0,0,0.380342045,0.274018796,0.343136738,0.078336704,0.047768116,0.03954611,0.02907008,0.018305631,0.031358515,0.001111954,0.004919642,0.003379496,0.001937316,0.002371845,0
94c501c5d59dddbd80effa77dbceebe0,0,0,0,0,0,0,0,0,0,0,0,0,0,0,0,0.012069627,0.006780607,0.009645504,0
dd0416fffbca05a27400d18805e182d9,0.00105928,0,0,0,0,0,0,0,0,0,0,0,0,0,0,0,0,0,0
01b5383db868117f04bfd197603f736b,0.157832713,0,0,0,0,0,0,0,0,0,0,0,0,0,0,0,0,0,0
643242de6c8b6447dd4187d002a08beb,0.01112244,0,0,0,0,0,0,0,0,0,0,0,0,0,0,0,0,0,0
5177bd1019c0a59f8762ecb3f683babd,0.022244879,0,0,0,0,0,0,0,0,0,0,0,0,0,0,0,0,0,0
2db5ad6c3ba987db0d8d5ff958a3cf38,0.0026482,0,0,0,0,0,0,0,0,0,0,0,0,0,0,0,0,0,0
1ff5beccb7eb535d2fdcc1c7ce513ea5,0.00317784,0,0,0,0,0,0,0,0,0,0,0,0,0,0,0,0,0,0
4fd18c07ce794cc76871377120d93144,0.00052964,0,0,0,0,0,0,0,0,0,0,0,0,0,0,0,0,0,0
5d2bad7a7fe74a8b6a564a94eb9f0050,0.00900388,0,0,0,0,0,0,0,0,0,0,0,0,0,0,0,0,0,0
1449d53a8ab97ad249f2332b5bd012b9,0,0,0,0,0.002429007,0.003341693,0.002319916,0.004196609,0,0.009975595,0.002153339,0.007322252,0.005533856,0,0.0018125,0.007483169,0.005037022,0.000474369,0
2408d15abcd92d9248745e8e22ae502c,0,0,0,0.002679123,0,0,0,0,0,0,0,0,0,0,0,0,0,0,0
e8d0c712ad2ea5d27abd8b1e23eb6f7a,0.017742939,0,0,0,0,0,0,0,0,0,0,0,0,0,0,0,0,0,0
0bd4e9e692a18c6de4c1679291a3595a,0,0,0,0,0,0,0,0,0,0,0.002153339,0,0,0,0,0,0,0,0
015be9e29980c3340bc973769ffd53c5,0.014565099,0,0,0,0,0,0,0,0,0,0,0,0,0,0,0,0,0,0
2b7ce440bd256b23d5e09f40e46698ad,0.014829919,0,0,0,0,0,0,0,0,0,0,0,0,0,0,0,0,0,0
0d1f62d4f2f7227766a17f0340567129,0,0,0,0,0,0.027037331,0.107770666,0.040567222,0.026434783,0.027076616,0.028531746,0.036892887,0.034817175,0.010452365,0.034955348,0.061072314,0.040877372,0.043009461,0.011467232
449442ea32d59c45c20f49095f206f1d,0.011652079,0,0,0,0,0,0,0,0,0,0,0,0,0,0,0,0,0,0
117d3b82912eec34fc2dd0e5e32afe1f,0.00238338,0,0,0,0,0,0,0,0,0,0,0,0,0,0,0,0,0,0
b544934712491c579a6fc0437ffdeeca,0.0052964,0,0,0,0,0,0,0,0,0,0,0,0,0,0,0,0,0,0
34646d0e803268c026a7c33066998a77,0,0,0,0.005740979,0.001821755,0.001974637,0,0,0,0,0,0,0,0,0,0,0,0,0
6c75ae436af6e5a1e5b5cdec03d1fd65,0.048991698,0,0,0,0,0,0,0,0,0,0,0,0,0,0,0,0,0,0
0a25bdc3567a1af9c215a6efaf816439,0,0,0,0.006697808,0.008703942,0.015948988,0.015395809,0.008992734,0,0,0,0.009856878,0,0.004003033,0.019419638,0.011828235,0.007361802,0.009803627,0
cae0d3b0980184e9483154fe9b393493,0,0,0,0,0,0.007290966,0,0,0,0.007125425,0,0,0,0,0,0,0,0,0
b0c74390aa5ac540757eb2256575019e,0,0,0,0,0.005465266,0.018075519,0.014974006,0.006194994,0.016231884,0,0,0,0.003228082,0.00600455,0.021491066,0.017380263,0.008717923,0.013756702,0
5b0f54fd83862b6582b3e74f658dec52,0,0,0,0,0,0,0,0,0,0,0.006998353,0,0,0,0,0,0,0,0
e72958d316af4633e03cda644ee44b40,0,0,0,0.003061855,0,0,0.005905242,0,0,0,0,0,0,0,0,0,0,0,0
b2df4752917d048ab824271c02ad68aa,0.00767978,0,0,0,0,0,0,0,0,0,0,0,0,0,0,0,0,0,0
113b0d8ebf97fc5aba85fa06ecfdbb1a,0,0,0,0.862103609,0.241281382,0.606821002,0.168299396,0.024380301,0.01484058,0.010331867,0.010228362,0.007322252,0.011528866,0.004670206,0.005696427,0.007241776,0.003874632,0.001739353,0
0ae59fc9a5ae0356656c682a2d34b696,0,0,0,0.016457472,0,0,0,0,0,0,0,0,0,0,0,0,0,0,0
39cac4a36166865b44a1420c2bd4569a,0.00211856,0,0,0,0,0,0,0,0,0,0,0,0,0,0,0,0,0,0
48a7ab8e593ebe5f41034be027c6be7e,0.00185374,0,0,0,0,0,0,0,0,0,0,0,0,0,0,0,0,0,0
014f2ae2bd69cc0ab8e5ee1ca2963a01,0,0.000270433,0.000217739,0,0,0,0,0,0,0.001425085,0,0.000281625,0.000230577,0.000222391,0.001294643,0.001448355,0,0,0
b42de67c23c492ca5f7c49025c6364a4,0,0,0,0,0,0.00060758,0.001687212,0.003197416,0,0,0,0,0,0,0,0,0,0,0
07d5f956dc0652fbd2d22ea90b1bb136,0,0.007031246,0.022427139,0.044014169,0.004250763,0,0,0,0,0,0,0.003942751,0.002997505,0.002446298,0,0,0,0,0
705d47705664e0e9d6dd0e670d8c2081,0,0,0,0,0,0,0,0,0,0,0.000538335,0,0,0,0,0,0,0,0
b757c414a3bc227758c09624ca177986,0,0,0,0.07042267,0.014574043,0.014733827,0.00421803,0.026978202,0.011130435,0.021376276,0.062446839,0.019995381,0.058566639,0.004003033,0.020455352,0.015931908,0,0,0
4c62fcc88574e3048ef99a712966bec2,0,0.00324519,0.003701567,0,0,0,0,0,0,0,0,0,0,0,0,0,0,0,0
dbb33c04baa39aa2036f66ac54d07dac,0,0,0,0.017414302,0.005667683,0.005620119,0.001898113,0,0,0,0,0,0,0,0,0,0,0,0
7cb6fb83dfd9725a45a012db687900e1,0,0,0,0,0,0,0,0.001798547,0.002782609,0,0,0,0,0,0,0,0,0,0
dee648358426ec8050d91246a7da2777,0.00317784,0,0,0,0,0,0,0,0,0,0,0,0,0,0,0,0,0,0
d580dfb68684d8bcb4505d85be36a809,0.00105928,0,0,0,0,0,0,0,0,0,0,0,0,0,0,0,0,0,0
133665f9942b3d081efe500725f373da,0.01032798,0,0,0,0,0,0,0,0,0,0,0,0,0,0,0,0,0,0
e11faaea7fe3b63b13f607b41aea228a,0,0,0,0,0.001214504,0.000151895,0,0,0,0.004275255,0.002691674,0.0011265,0.002305773,0,0,0,0,0,0
a489f58a63d2317f6ff094edb3fbd55d,0,0,0,0,0,0.023239953,0.028049899,0.009592249,0.009275362,0,0,0,0,0,0,0,0,0,0
6ebabe5be540e1304e1262781c30bbe5,0,0,0,0,0,0.001974637,0,0,0,0,0,0,0,0,0,0,0,0,0
cb08126894ac0c8eeddc7b86d1ab1eb9,1.216583028,0.002704325,0,0,0,0,0,0,0,0,0,0,0,0,0,0,0,0,0
9dbf6f8ac7171f579caa23498080e7ea,0.00185374,0,0,0,0,0,0,0,0,0,0,0,0,0,0,0,0,0,0
e95282c3197d4315d84f31d177642c58,0.103809436,0,0,0,0,0,0,0,0,0,0,0,0,0,0,0,0,0,0
c05932b0e9b0bcf5f076c8971c6bab60,1.106682732,0.001352163,0,0,0,0,0,0,0,0,0,0,0,0,0,0,0,0,0
3133e9e795b0c90e4bcd8791956042d1,0.055082558,0,0,0,0,0,0,0,0,0,0,0,0,0,0,0,0,0,0
ad2e05a74003003b855aee86cdc921fd,0.023304159,0,0,0,0,0,0,0,0,0,0,0,0,0,0,0,0,0,0
fcf151e90a9e26826087929c8e6cf412,0.019067039,0,0,0,0,0,0,0,0,0,0,0,0,0,0,0,0,0,0
38bf20edfc69975afa1d93d5f2c8598a,0.018537399,0,0,0,0,0,0,0,0,0,0,0,0,0,0,0,0,0,0
deac35bb9d47f67965b800fa6c414dea,0.051375078,0,0,0,0,0,0,0,0,0,0,0,0,0,0,0,0,0,0
c4a4b8a9db0c109cc7146c7c64f10b79,0.00900388,0,0,0,0,0,0,0,0,0,0,0,0,0,0,0,0,0,0
69dee006368ff49af541d111152b40c6,0,0.027584118,0.113224391,0.071570866,0.083193497,0.141110566,0.040493088,0.011990312,0.01484058,0.004275255,0.002691674,0.002816251,0.006225588,0,0,0,0,0,0
9c4d55fa490cfb3be28c93ed90a4859d,0,0.018118979,0.013064353,0.002487757,0.00222659,0.000759476,0,0.00139887,0,0,0,0.001408125,0,0,0.001553571,0.001689748,0.001549853,0.000790615,0
f20c6c1ebf09a1b98bf630fc9920e8b6,0,0,0,0.019327961,0.004250763,0.003645483,0.001054507,0,0,0,0,0,0,0,0,0,0,0,0
7019a6913978729d82e1c87185489041,0,0,0,0.005358247,0,0,0,0,0,0,0,0,0,0,0,0,0,0,0
67df1ba56f33792e8b9f614d5c2ccec0,0.00185374,0,0,0,0,0,0,0,0,0,0,0,0,0,0,0,0,0,0
8dde56a6b6263c9ff1d677c7a17456ec,0,0.007842543,0.006314437,0,0,0,0,0,0,0,0,0,0,0,0,0,0,0,0
251d66e77274e5b7d1eaf61e407f04b8,0.00688532,0,0,0,0,0,0,0,0,0,0,0,0,0,0,0,0,0,0
fbea683698f9faa406733b0ef72a45b8,0.00105928,0,0,0,0,0,0,0,0,0,0,0,0,0,0,0,0,0,0
462e7271eadc14fcbbd7f4fda8ca193a,0.049521338,0,0,0,0,0,0,0,0,0,0,0,0,0,0,0,0,0,0
868a2dd217365ddd6d6ab64d48aeed4a,0.057995578,0.353184884,0.239948614,0.127258357,0.200190677,0.094782555,0.013919499,0.001998385,0.004173913,0.002493899,0.010766696,0.010138503,0.014295794,0,0,0.005310636,0.008136728,0.004901814,0.013378438
4da01f6a9301d3de80e048625f9d352a,0,0,0,0,0,0,0,0,0,0,0,0,0,0,0.000776786,0,0,0,0
3f8f8630434452f6a8a5cd1693c5e5e3,0,0,0,0,0,0.002278427,0.00843606,0,0,0,0,0,0,0,0,0,0,0,0
6ba11aa98436328c7d53c0b5db9dd2b0,0.037869258,0,0,0,0,0,0,0,0,0,0,0,0,0,0,0,0,0,0
dc34e8512b788fb682511c00370ee4c7,0,0,0,0,0,0,0,0.000599516,0,0.002493899,0.003768344,0.003379501,0.002997505,0,0,0,0,0,0
2e8ba4a2f665cc3ad88530fc739b1f9c,0,0,0,0.002870489,0,0.002126532,0.002952621,0,0,0,0,0,0,0,0,0,0.00833046,0.020714115,0.030579286
9c245301ea193d71d9c453f4e53f8f6d,0,0,0.000870957,0,0,0,0,0,0,0,0,0,0,0,0,0,0,0,0
d693c275c376753e40770f95ba69a9f9,0,0,0,0.010716493,0,0.016860358,0.039649482,0.011390796,0.012521739,0.004275255,0.010228362,0.005350877,0.006456165,0.003780643,0.006473213,0.005552029,0.052501269,0.067992897,0
659d1fe872c9b31a9e0b81eef5ca6218,0,0,0,0.017605667,0.005870101,0.077922196,0.39965834,0.282971359,0.230956522,0.076242051,0.058678496,0.08026315,0.074245897,0.039363162,0.025116065,0.009897094,0.018791967,0.024034699,0.026756876
8b05c693d167b0c68f1316963744f122,0,0,0,0,0,0.021417212,0.101865424,0.053356888,0.033391304,0.012469494,0.009151692,0.006477377,0.007609052,0.012231491,0.005696427,0.003138103,0,0,0
3521140a9abbfb1ed8d6be3ce25fa48b,0,0,0,0,0,0,0.000421803,0,0,0,0,0,0,0,0,0,0,0,0
ca3a67eb199d56c1472b1d1ae03a1060,0.00026482,0,0,0,0,0,0,0,0,0,0,0,0,0,0,0,0,0,0
4e4ca97fadb8b8e92470ccce2ff91460,0,0.006219948,0.011322439,0.14696905,0.029552921,0.057872041,0.00991237,0.010791281,0.01484058,0.005344069,0,0.008448753,0.003919814,0.003558252,0.008803569,0.007000384,0,0,0.005733616
f847d5bbe9c5a3555db3988cfa1b838f,0,0,0,0.054730662,0.003238676,0.010328868,0,0.056354466,0.043130435,0.017457292,0.01561171,0.021685132,0.014987526,0.023351028,0.019160709,0.008931524,0.004649559,0.00158123,0
8aa84c2bb23089b38845d45b2f4742a7,0,0,0,0.002870489,0.004655597,0.027493017,0.006748848,0.011590635,0.006492754,0,0.004845013,0,0.003919814,0.002446298,0.002848214,0,0,0.004269321,0
43304902c7de62a1f0749eba6553c3cd,0,0,0,0,0,0,0,0,0,0,0,0,0.001383464,0,0.001294643,0,0,0,0
efe6fa9e73779825320958490553322f,0,0,0,0.002105025,0.007287022,0.024455114,0.014763105,0.002398062,0,0,0.003230009,0.002816251,0,0.002446298,0,0,0,0,0
0fada6a77d06dfe158c61acabd5851a8,0,0,0,0,0,0,0,0,0,0,0,0,0,0,0,0,0,0.000632492,0
61786e38b934cbe33d5850a578a7ee22,0,0,0,0,0,0,0,0.001199031,0,0,0.001615004,0.004787627,0.002997505,0,0.003883928,0.005069243,0.003099706,0.002213722,0
a9639627b1b6650686b3f6a401ed7fb0,0.00211856,0,0,0,0,0,0,0,0,0,0,0,0,0,0,0,0,0,0
3ab8697f83c42bad86a043a8c84709e8,0,0,0,0.002487757,0,0,0,0,0,0,0,0,0,0,0,0,0,0,0
81385a8925798c49b489c89d07813225,0,0,0,0,0,0.001063266,0,0,0,0,0,0,0,0,0,0,0,0,0
25345b8ad2ecd33d152d19f3c03992b4,0,0,0,0.004975515,0,0,0,0,0,0,0,0,0,0,0,0,0,0,0
e1806d6548d68a507f9f9ba512a830ad,0,0,0,0,0,0.002278427,0,0,0,0,0,0,0,0,0,0,0,0,0
be487433602cc1a744160a86bd546e04,0,0,0,0,0.001012086,0.000911371,0,0,0,0,0,0,0,0,0,0,0,0,0
290c53e2ab49cb54ec8f1c237184556f,0,0,0.000870957,0,0,0,0,0,0,0,0,0,0,0,0,0,0,0,0
201f8219b3baeb8ce71eb8de62e49ca7,0,0.007842543,0,0.003827319,0.002833842,0.005468224,0,0,0,0,0,0,0,0,0,0,0,0,0
b8498affa9cf12cb08da6f51948f4a69,0,0,0.004137045,0,0,0,0,0,0,0,0,0,0,0,0,0,0,0,0
d6ab0cd3886c271ac99b1f33c26f4e45,0,0,0,0,0.000202417,0,0,0,0,0,0,0,0,0,0,0,0,0,0
82520638c5842f94b7203788b78b3b92,0,0.007031246,0.003701567,0.025643037,0.004655597,0.014885722,0.001054507,0.001598708,0.002318841,0,0.002691674,0,0.001152887,0,0,0,0,0.001739353,0
44c75ed75efd63a78f2257114278a6e9,0,0,0,0,0,0,0,0,0,0,0,0,0,0,0,0,0,0,0.005733616
5f9e31928bbbb226bcdc275a060efc44,0.00211856,0,0,0,0,0,0,0,0,0,0,0,0,0,0,0,0,0,0
cfccd37229affa4484527db6a12d9caf,0.00158892,0,0,0,0,0,0,0,0,0,0,0,0,0,0,0,0,0,0
b6e342d9f4e409f24eea3859aa76e82a,0,0,0,0,0,0,0.008857863,0.00539564,0,0.007125425,0.013458371,0.009012003,0.014295794,0,0,0.002896711,0.002712243,0.02308596,0.011467232
554322da276d032be7d7a759762865b9,0,0,0,0,0,0,0,0,0,0,0,0,0,0,0,0,0,0.003478706,0
f6b24a6816c87c1642b0b3ef07bfee78,0.0013241,0,0,0,0,0,0,0,0,0,0,0,0,0,0,0,0,0,0
c601bfcd6b08e128ae6dfdcdb48400ed,0.00158892,0,0,0,0,0,0,0,0,0,0,0,0,0,0,0,0,0,0
ea4234d46b05a73fb2775aca82c702a2,0,0.019471142,0.002395131,0.003635953,0.001619338,0.001822741,0,0,0,0,0,0,0,0,0,0,0,0,0
95c748a8d89d2bfe4aafcbd6070422a9,0,0,0,0.000382732,0,0,0,0,0,0,0,0,0,0,0,0,0,0,0
cfdff1e1afc0bb96435226f40e8031fa,0.0013241,0,0,0,0,0,0,0,0,0,0,0,0,0,0,0,0,0,0
3e09043820433588bf896d8e55bc1423,0,0.208773913,0.061184719,0.008802834,0.016800633,0.014278141,0.004850734,0,0,0,0,0,0.000922309,0,0,0,0,0.000474369,0
61f3d4479c517d056179e27ae91cd284,0,0,0.006749916,0.019327961,0.02368282,0.018227414,0,0,0,0,0,0,0,0,0,0,0,0,0
ef48b24d461ead26b22d8e442656ccc0,0,0.005949516,0.012628874,0.021815718,0.001619338,0.001822741,0,0,0,0.006056612,0,0.01492613,0.012681753,0.012676272,0.018642852,0.021483937,0.008524191,0.00316246,0
7cdf5d7931b4f4bcf64b7de23217f933,0,0,0,0.020858889,0.013561957,0.005772015,0,0.010391604,0.006028986,0,0.005921683,0,0,0,0,0,0,0,0
82027df46b4cddd4d7136ccfaa25a19f,0,0,0,0.004210051,0.017610302,0.013366771,0,0,0,0,0,0,0,0,0,0,0,0,0
5123dd9ee5dd0ff1f650715fceb6a18b,0,0,0,0,0,0,0.003796227,0,0,0,0,0,0,0,0,0,0,0,0
308aa3982d3c398eaae8efce7b0803f2,0.066204997,0,0,0,0,0,0,0,0,0,0,0,0,0,0,0,0,0,0
d301ae11d7d28ed99b28fdee9ef67ac4,0,0,0,0,0,0,0.001054507,0,0,0,0,0,0,0,0,0,0,0,0
7fbd5f19cf8b2e17f4d6d1f22ab7e0b1,0,0,0,0,0,0,0.001898113,0,0,0,0,0,0,0,0,0,0,0,0
6aa300d5323cbf75dc53cec3e6acb87c,0,0,0,0.036359531,0.201405181,0.036758619,6.206198395,0.335129216,0.248115942,0.074816966,0.079673554,0.054635267,0.065483959,0.029577969,0.034437491,0.017621656,0.004649559,0.004427444,0
aca43babf06d3410ce71cad5778ff102,0,0,0,0,0,0,0,0.010191765,0.018086957,0.044177637,0.016150045,0,0.014526371,0,0.005696427,0,0.013948677,0.036368294,0
f95801513925a658f6f017e67e77e9a0,0,0,0,0.031958114,0.01477646,0.006987175,0,0,0,0.019238648,0,0,0,0,0,0,0,0,0
0920f329b65647d14740b55a5052624d,0,0,0,0,0,0,0,0,0,0,0,0.004787627,0,0.002223907,0,0.00193114,0,0,0
f066379ccfa5e5e76b815aa776a377ba,0,0,0,0,0.000607252,0,0,0,0,0,0,0,0,0,0,0,0,0,0
f23be2076b7f3e2088503d4841c51f06,0,0,0,0.185050875,0.026921497,0.049821599,0.016239415,0.01358902,0.00742029,0.003918984,0,0.000844875,0,0,0,0,0,0,0
f961fc7bc93cdc2692d05871d6ef0296,0,0,0.003919306,0.001148196,0,0.001518951,0,0,0,0,0,0,0,0,0,0,0,0,0
8d82d4342e7bd230b09dd20b8e775257,0,0,0,0,0,0,0,0,0,0,0,0,0,0,0,0,0,0.00316246,0
34b33ab6ae99c108b6016cac0502ea5c,0.0052964,0,0,0,0,0,0,0,0,0,0,0,0,0,0,0,0,0,0
c07ac7ffa60c0baeb47cea4cefaeeae4,0.00370748,0,0,0,0,0,0,0,0,0,0,0,0,0,0,0,0,0,0
5695cd2c25b48c99a4e5f409fc3f94ea,0.0026482,0,0,0,0,0,0,0,0,0,0,0,0,0,0,0,0,0,0
71759382cfc2547ea9f6f84a1c2bff86,0.0066205,0,0,0,0,0,0,0,0,0,0,0,0,0,0,0,0,0,0
a611b2b6d7de59716037c121e8b87dab,0.00211856,0,0,0,0,0,0,0,0,0,0,0,0,0,0,0,0,0,0
53b91ed8941d63dc6bdcf622f25e3b10,0.087920236,0,0,0,0,0,0,0,0,0,0,0,0,0,0,0,0,0,0
fdbf76a389e7e1045f64dcd50696b8e7,0.038134078,0,0,0,0,0,0,0,0,0,0,0,0,0,0,0,0,0,0
ba7f833e7c235bf589dd87a343592b6d,0.00291302,0,0,0,0,0,0,0,0,0,0,0,0,0,0,0,0,0,0
3273539459d13e139159461e38ba3987,0,0.008112976,0.004354784,0.032340846,0.009716029,0.013670561,0,0,0,0,0,0,0,0,0,0,0,0,0
d2f6165d08abe7fc34cde6d0173b9a8a,0,0.036778824,0.006532176,0.004401417,0.004250763,0.005620119,0.00421803,0,0,0,0,0,0,0,0,0,0,0,0
5631fe818e588992529f6071afc9cda5,0,0,0,0.257387204,0.160921727,0.153262176,0.345034851,0.366903542,0.337623188,0.137520708,0.087210241,0.032386885,0.104220948,0.0120091,0.008285712,0,0,0,0
ee14afe4571845779465f8dc9646c7b4,0,0.011899031,0.004572523,0.020284791,0.045139051,0.047239382,0.026362687,0.005995156,0,0,0,0,0,0.070053085,0.06576784,0.056727248,0.031771986,0.021820976,0.007644822
8c740d5ca21893b47c7619df1247c75d,0,0.145763134,0.071418462,0.019136595,0.026921497,0.022024792,0.006537946,0.006194994,0.009275362,0.014250851,0.007536688,0.010983378,0.009223093,0.013343445,0.04142856,0.055520285,0.035259155,0.019765377,0.017200849
7f9277d9d86c8f5634f47ff9ab0ce79d,0.00556122,0,0,0,0,0,0,0,0,0,0,0,0,0,0,0,0,0,0
5ccde7f0ad35d7a47123478dd67b2774,0.023039339,0,0,0,0,0,0,0.016186921,0.006492754,0.012825766,0.022610063,0.007885503,0.016140412,0.002668689,0,0,0,0,0
95efcfc5bf54e543b76173209e6ecfd9,0.074679237,0,0,0,0,0,0,0,0,0,0,0,0,0,0,0,0,0,0
66a4777d24bf1ea8d458266ff7f08cfd,0,0,0,0.003253221,0,0,0,0,0,0,0,0,0,0,0,0,0,0,0
cead0ca51f97bc24bf11b1d1d12aee6e,0,0,0,0,0,0,0,0.016386759,0.012521739,0.026007802,0.018303384,0.008730378,0.016832144,0.030912314,0.055928556,0.029932676,0.016467188,0.020081623,0.013378438
f1ebac6585a1d66aeb6238227f0db6be,0,0,0,0,0,0,0,0.007793703,0,0.017457292,0,0.012673129,0,0.014455398,0.040392846,0.018587226,0.013754945,0.009645504,0
6322c84c5ee6585bf9973a931d8f279d,0,0.141165781,0.020467486,0.122091477,0.048782561,0.038885151,0.066223071,0.05035931,0.033855072,0.10973155,0.071060197,0.047313015,0.078857443,0.011786709,0.00517857,0.029691283,0.065093824,0.034787064,0.011467232
646c600381d6a1b866b50959f3dba7b2,0,0,0,0,0,0,0,0,0,0,0,0.00056325,0,0,0,0,0,0,0
fc9125c17dc8e3db85b070f0c8457f7b,0.00423712,0,0,0,0,0,0,0,0,0,0,0,0,0,0,0,0,0,0
01fa3a0ebc9793d48821043d2713ecfc,0.00158892,0,0,0,0,0,0,0,0,0,0,0,0,0,0,0,0,0,0
920fe236cb3d2ec76bfac976e7f3878f,0.00635568,0,0,0,0,0,0,0,0,0,0,0,0,0,0,0,0,0,0
92c7d2d035c344ba43e756fcc909c99f,0.00344266,0,0,0,0,0,0,0,0,0,0,0,0,0,0,0,0,0,0
5ab9c9baf340ca93a35be10b4a5b294a,0,0.031370173,0.005225741,0.064681691,0.060522763,0.078985462,0.020879248,0.015987082,0.009275362,0.021376276,0.012920036,0.003097876,0.008992515,0,0,0.00096557,0,0,0
caeb52da9a42b79671c85be97e7e6a89,0,0,0,0.01416108,0.011335367,0.017467939,0,0,0,0,0,0,0,0,0,0,0,0,0
b7fc3794868f7f88d0e074c92eff9e93,0,0,0,0.000574098,0,0,0,0,0,0,0,0,0,0,0,0,0,0,0
9fdc098a302d378b900fa3b00dea82a9,0.00609086,0,0,0,0,0,0,0,0,0,0,0,0,0,0,0,0,0,0
bfe46a9864ec737a588e92892776a12d,0.00238338,0,0,0,0,0,0,0,0,0,0,0,0,0,0,0,0,0,0
76a43b01e1b397fed9d963f273f17a59,0.030189479,0,0,0,0,0,0,0,0,0,0,0,0,0,0,0,0,0,0
9c96f5d8a39fc651dd1265522f6dab70,0.00238338,0,0,0,0,0,0,0,0,0,0,0,0,0,0,0,0,0,0
ae2245c2d637b8badfb1037f95ffd4f7,0.140354594,0,0,0,0,0,0,0,0,0,0,0,0,0,0,0,0,0,0
88b268e25d1296042ab52fa61b7a42ac,0.00370748,0,0,0,0,0,0,0,0,0,0,0,0,0,0,0,0,0,0
9cf1aa88a0fc0c5655a20cd94313b748,0.013770639,0,0,0,0,0,0,0,0,0,0,0,0,0,0,0,0,0,0
05771e0f1c5425fc486934e2beb87956,0.276472068,0,0,0,0,0,0,0,0,0,0,0,0,0,0,0,0,0,0
2c90f641e92fddc8307a57cb745be2a3,0.00052964,0,0,0,0,0,0,0,0,0,0,0,0,0,0,0,0,0,0
058f50a8bccf06f41d115822bdfe37fb,0.251578989,0,0,0,0,0,0,0,0,0,0,0,0,0,0,0,0,0,0
9fd90ca5d6775c90e4e6e46e09b38313,0.059584497,0,0,0,0,0,0,0,0,0,0,0,0,0,0,0,0,0,0
c50549bb796bf96acbaec9906668844d,0.0013241,0,0,0,0,0,0,0,0,0,0,0,0,0,0,0,0,0,0
2fb2d4e9cc91d9bb7c9d7cf06c1e013a,0.00370748,0,0,0,0,0,0,0,0,0,0,0,0,0,0,0,0,0,0
234b81fb7fa91bcfef74c8511c07a219,0.025952359,0,0,0,0,0,0,0,0,0,0,0,0,0,0,0,0,0,0
5d5a00cbe740978e207ba76ea09857ce,0.00688532,0,0,0,0,0,0,0,0,0,0,0,0,0,0,0,0,0,0
99d2491ca9702e5053cb6e62d0349555,0.0105928,0,0,0,0,0,0,0,0,0,0,0,0,0,0,0,0,0,0
f8cdd28c7e5f4328a9275dc52a6f0920,0.00211856,0,0,0,0,0,0,0,0,0,0,0,0,0,0,0,0,0,0
f160f53c13a357273642507af54b4941,0.00158892,0,0,0,0,0,0,0,0,0,0,0,0,0,0,0,0,0,0
da066c0fbe0dcc118b4086184c3a4833,0,0.012980761,0,0,0,0.011847819,0,0,0,0,0.005383348,0,0,0,0,0,0,0,0
e8e82cf023a3abd684fe7e817acc9bf0,0,0.192547961,0.077732899,0.503292451,0.379734793,0.392952674,0.102076325,0.009991927,0.003246377,0,0,0.0011265,0.006225588,0.000667172,0,0,0,0,0
c54b395391b209a66c6f285b4c84bb60,0,0,0,0,0,0,0,0,0,0,0,0,0,0,0,0.001206963,0,0,0
9ccaa8cf8d7eeb8aafaae75175346f12,0.020920779,0,0,0,0,0,0,0,0,0,0,0,0,0,0,0,0,0,0
d7525471cb3f78ede0955ca2a32c1b66,0.00741496,0,0,0,0,0,0,0,0,0,0,0,0,0,0,0,0,0,0
0d0ce1c9fb76a8c707691b0f3a9f7a71,0.00450194,0,0,0,0,0,0,0,0,0,0,0,0,0,0,0,0,0,0
8610085898359abd9388c49fcfbbcb2a,0.012181719,0,0,0,0,0,0,0,0,0,0,0,0,0,0,0,0,0,0
02e5aa8b2279bb6d9eef1591c1bd5c44,0,0,0,0,0,0,0,0.003597094,0,0,0,0,0,0,0,0,0,0.003794952,0.005733616
1ec11c735d1eb801372d246be26034d7,0,0.003786055,0,0.010142395,0.010930532,0.005772015,0,0,0,0,0,0,0,0,0,0,0,0,0
5bbc3c6bf73384abdd1b82fd59da71f6,0,0,0,0,0,0.00030379,0,0,0,0,0,0,0,0,0,0,0,0,0
7dcd8f2c853c664b258593426d4590c3,0.00503158,0,0,0,0,0,0,0,0,0,0,0,0,0,0,0,0,0,0
3abb91a6f1d0a10fef3873be9c7c7149,0,0,0,0.000382732,0,0,0,0,0,0,0,0,0,0,0,0,0,0,0
6c26f4101bb7e59db24306de2d029866,0,0,0,0,0,0,0,0,0,0,0,0,0,0,0,0,0,0,0.003822411
ddbba23c5dfc594b5d75665ac3a0c499,0,0,0,0,0,0,0,0,0,0,0,0,0,0,0,0,0,0,0.003822411
ed583664a71759ab4da92119efb0df87,0.272234948,0,0,0,0,0,0,0,0,0,0,0,0,0,0,0,0,0,0
0c9da253a23c96e308df82e07408f9f0,0.153860413,0,0,0,0,0,0,0,0,0,0,0,0,0,0,0,0,0,0
dcb31c0c036636a36840c1f3341898d9,0.053228818,0.014332924,0.067063678,0.026025769,0.057284087,0.048454543,0,0,0,0,0,0,0,0,0,0,0,0,0
6068fd60909c15a33c7dd6f3cf41a189,0,0.000270433,0,0,0.000809669,0.000759476,0.002530818,0.00139887,0,0.003206441,0,0,0,0,0,0,0,0.001106861,0
7fea81a0fb9031b1aa53e4dcc0334bf4,0.012181719,0,0,0,0,0,0,0,0,0,0,0,0,0,0,0,0,0,0
87c488a6467b31c46a8e05912b6a0d09,0.00423712,0,0,0,0,0,0,0,0,0,0,0,0,0,0,0,0,0,0
9418ffbc4dee96cca486adf8b5f5493d,0,0,0,0,0,0,0,0,0,0.027432887,0,0.017742381,0.023288309,0.015344961,0.023044637,0.025829002,0.023828989,0.012017349,0
37a9f9625f201b6e61c29ac09ec54683,0,0.345612773,0.516041937,3.867123138,2.306544757,3.18508876,1.264565385,0.216824806,0.143304348,0.924880204,1.159034873,1.41601095,1.119222309,0.992085113,1.183303254,1.593673584,1.515562461,1.566682848,1.29961967
5fc0bb2c46108fbe285aee7f247ecd5a,0,0,0,0,0,0.002886007,0,0,0,0,0,0,0,0,0,0,0,0,0
f93a48c1620894d23f4ad77d07df3c0d,0,0,0,0,0,0,0,0,0,0,0,0,0,0,0,0,0,0,0.013378438
9eee0b1e1482a3ec332f11704051bccb,0,0,0,0.000765464,0,0,0,0,0,0,0,0,0,0,0,0,0,0,0
5e833ded530b3d037092d0691ec3589f,0,0.048677855,0.030048011,0.027173965,0,0,0,0,0,0,0,0,0,0,0,0,0,0,0
05728a4572e292df51f34610249d4fa9,0,0,0,0.03214948,0.044734216,0.087947274,0.002319916,0,0,0,0,0,0,0,0,0,0,0,0
b23666d941d0a07a15cb33ba4ffb1f5f,0,0,0,0.010907859,0.020848979,0.034783982,0,0,0,0,0,0,0,0,0,0,0,0,0
f687f9aecd37880d471fc69c13c4f256,0.016418839,0,0,0,0,0,0,0,0,0,0,0,0,0,0,0,0,0,0
97f1dfd76250227f4fa9736d1ec5d108,0.0013241,0,0,0,0,0,0,0,0,0,0,0,0,0,0,0,0,0,0
47bb78bbb9b7eab1a487de7f1521ddd6,0,0,0,0.008420102,0.005667683,0.008354232,0.004428931,0.004796125,0.003246377,0.007837968,0.002153339,0.002253001,0.003689237,0.001111954,0.002071428,0.003620888,0.005424485,0.006324921,0
4caeeec76b63970fd73a62f3d9c522ef,0,0.00432692,0,0,0,0,0,0,0,0,0,0,0,0,0,0,0,0,0
cf5a736328e34ae09ad43b76da30ed99,0.00344266,0,0,0,0,0,0,0,0,0,0,0,0,0,0,0,0,0,0
426bda34df28a503259476e54950b730,0,0.008924273,0.002612871,0,0.000809669,0.000455685,0,0,0,0,0,0,0,0,0,0,0,0,0
e7fedde48db99c6379c14aea36d0e5d2,0,0.005679083,0.010451482,0,0.002024173,0.000759476,0.000843606,0.001199031,0,0,0,0.003097876,0,0,0,0.004103673,0,0.001264984,0
e8a175a7e2f98b4c540ba8c39c2e16dc,0,0,0,0,0,0,0,0,0,0,0,0,0,0,0,0,0.001743585,0,0
1be424347c91d4aef0664f5e7d157c32,0,0.007572111,0.007185394,0.00095683,0.011335367,0.007746651,0,0,0,0,0,0,0,0,0,0,0,0,0
8d9e04bcb72dc816e2a95089bcea61eb,0,0,0,0,0,0,0,0,0,0.000712543,0,0,0,0,0,0,0,0,0
456eeadfe2b29bbb02faf52fd407b6e6,0,0,0,0,0,0,0,0,0,0,0,0,0,0,0,0,0,0,0.003822411
ce5361854b9f05e5d9b70bf54f71176e,0,0,0,0,0,0,0,0,0,0,0,0,0,0,0,0,0,0,0.003822411
c983ca27c4dffb6920f6059c696adbc2,0.00423712,0,0,0,0,0,0,0,0,0,0,0,0,0,0,0,0,0,0
a52b829bf001efa256aeabe5472b2638,0.016418839,0,0,0,0,0,0,0,0,0,0,0,0,0,0,0,0,0,0
8ac5f54f27077cc06871ba150e3e8ba6,0,0.001893028,0,0,0,0,0,0,0,0,0,0,0,0,0,0,0,0,0
ec6941975f4e1863852cf87b9af738b2,0.00052964,0,0,0,0,0,0,0,0,0,0,0,0,0,0,0,0,0,0
80ec5ef8c3af388c768221021941877e,0,0.034615364,0.037668884,0,0,0,0,0,0,0,0,0,0,0,0,0.001689748,0,0.001897476,0
bd137fdaee08bd7098ce68c5727aed74,0,0,0,0.004401417,0,0,0,0,0,0,0,0,0,0,0,0,0,0,0
ced3d95a776f5047eb0ab75ebeaa0555,0.020391139,0,0,0,0,0,0,0,0,0,0,0,0,0,0,0,0,0,0
1871e15a08fa2411512dc34595fb1958,0.0039723,0,0,0,0,0,0,0,0,0,0,0,0,0,0,0,0,0,0
1a78865d2083e443fbc5b19b0ea17fc5,0.00291302,0,0,0,0,0,0,0,0,0,0,0,0,0,0,0,0,0,0
4293552e270e9654178ff729c07282fd,0.020920779,0,0,0,0,0,0,0,0,0,0,0,0,0,0,0,0,0,0
79ba36cfcb1bdd16bc3aad97c47a1e6b,0,0,0.002612871,0.045545096,0.008501525,0.015493302,0.004850734,0.001998385,0,0,0.003230009,0.001971376,0.001844619,0,0.002589285,0,0,0.000948738,0
99a197229849c15140fc329cff0ccb90,0.00900388,0,0.009798265,0.00708054,0.003845928,0.010784553,0.010755976,0.004796125,0.003246377,0.003562713,0,0,0,0,0,0,0.002131048,0.00521806,0.007644822
95206144e9cf2e4c6cab894ca5ae5ea3,0,0,0,0,0,0,0,0,0,0,0,0,0.002075196,0,0,0,0,0,0
b0d26647a7f6153005ecd3ce5683ef89,0.033102499,0,0.000870957,0,0,0,0,0.015387567,0.00973913,0.005344069,0.002153339,0,0,0,0,0,0,0,0
24b5476371dc34ef4f12b359d6ea6fe4,0.110959575,0,0,0.002487757,0,0.002582217,0,0.001998385,0,0.007481697,0.010228362,0,0.005764433,0,0,0,0,0.00158123,0
bda11f81d4705f02ac8558b96bff4e28,0.00609086,0,0,0,0,0,0,0,0,0,0,0,0,0,0,0,0,0,0
f2c297fc0b86c201864ff9fa84ff6d5d,0,0,0,0.00612371,0,0,0,0,0,0,0,0,0,0,0,0,0,0,0
16d7e7a57ee5a4d1019a0343f5008fd3,0,0,0.003701567,0.004784149,0,0,0.002741719,0,0,0,0,0,0,0,0,0,0,0,0
353d319546f0e234f4b2e8d876cfc7e0,0,0.001352163,0,0,0,0,0,0,0,0,0,0,0,0,0,0,0,0,0
5e65654a36b93f550852d66910b0bc34,0,0,0.002395131,0,0,0,0,0,0,0,0,0,0,0,0,0,0,0,0
43c0b25b6784fa0e906d10eea57852c8,0.039458178,0,0,0,0,0,0,0,0,0,0,0,0,0,0,0,0,0,0
46fcb071239921902d1df130f863599c,0.00450194,0,0,0,0,0,0,0,0,0,0,0,0,0,0,0,0,0,0
4faa3699baba0e697f56b8f69a2a1f40,0.021980059,0.014332924,0,0,0,0,0,0,0,0,0,0,0,0,0,0,0,0,0
1910bfda20570cb1978198cf2fa8e330,0.033896959,0,0,0,0,0,0,0,0,0,0,0,0,0,0,0,0,0,0
527903fbf386db15505deed22209fe0a,0.046343498,0,0,0,0,0,0,0,0,0,0,0,0,0,0,0,0,0,0
6cd824d1e0974fbbf83448af65c0def7,0.00767978,0.011358166,0.00566122,0,0,0,0,0,0,0,0,0,0,0,0,0,0,0,0
02ea17d797fcd9ffbf9d5e3644039b1c,0.00450194,0,0,0,0,0,0,0,0,0,0,0,0,0,0,0,0,0,0
8fbc49c6f3ec10b319e77d0a2ed2204f,0.00423712,0,0,0,0,0,0,0,0,0,0,0,0,0,0,0,0,0,0
f70e093acf38a2d3d8f0e88980b0293d,0.00238338,0,0,0,0,0,0,0,0,0,0,0,0,0,0,0,0,0,0
fef03d7c4d744b68dd3c6c56bfd5c256,0,0.003786055,0,0,0,0,0,0,0,0,0,0,0,0,0,0,0,0,0
2cfccf020554e11e7539dd993cba6a0e,0.00026482,0,0,0.001148196,0.000607252,0,0,0,0,0,0,0,0,0,0,0,0,0,0
8aa21df13e2d324fd17fe7d44bc77099,0.029924659,0.024879793,0.007620872,0.005740979,0.006477353,0.003189798,0.00421803,0.002597901,0.005101449,0,0,0.002253001,0.003919814,0,0,0,0,0,0
8a7df6e8751646d9927c0f0ed34cbf5b,0,0.033533634,0.008056351,0,0,0,0.002109015,0.014788051,0,0.002493899,0.003768344,0,0.005764433,0,0,0,0,0,0
203409814477d3107596c93e9ba7e5bc,0.043430478,0,0,0,0,0,0,0,0,0,0,0,0,0,0,0,0,0,0
de46181cbf8f5129eec604079cf07d1f,0.032043219,0,0,0,0,0,0,0,0,0,0,0,0,0,0,0,0,0,0
d5e07a8e356cc0345c15c5ff1622951d,0,0.003786055,0,0,0,0,0,0,0,0,0,0,0,0,0,0,0,0,0
08bd59c0dd2f1976f90f4d752e6d414b,0,0,0,0,0,0,0,0,0,0.001425085,0,0,0,0,0,0,0,0,0
ffb24eab9531da0542b30ff802e34b65,0.082888656,0,0,0,0,0,0,0,0,0,0,0,0,0,0,0,0,0,0
b73b1ef694c71eec29bf86c697f26b20,0.092951816,0,0,0,0,0,0,0,0,0,0,0,0,0,0,0,0,0,0
687530ef97a8574b08b65e6100ed1f16,0.130556254,0,0.002395131,0,0,0,0,0,0,0,0,0,0,0,0,0,0,0,0
70775be7835f6d6a6ecb0d7039b355e3,0.00238338,0.053275208,0.022644878,0.013395617,0.010323281,0.008202336,0.003163522,0.002997578,0,0,0,0,0,0,0,0,0,0,0
807e5c070ad04eee21adcd47683dda41,0.00370748,0,0,0,0,0,0,0,0,0,0,0,0,0,0,0,0,0,0
95d7089b4d7799ace0a9c5d9acd3b32f,0.023833799,0.003786055,0,0,0,0,0,0,0,0,0,0,0,0,0,0,0,0,0
3d34df899c737d07c37a5141fecdc373,0.100631596,0,0,0,0,0,0,0,0,0,0,0,0,0,0,0,0,0,0
b777295e241883a56ab55b6d0fab2f76,0,0,0.001741914,0.000382732,0,0,0,0.000199839,0,0,0.00107667,0,0,0,0.000776786,0,0,0,0
eaa1d57a577a4aa93aceab1782827ea8,0.00741496,0.025961523,0.010233743,0.010907859,0.007894273,0.010176973,0.004850734,0.00139887,0,0.00570034,0,0.003661126,0.009684247,0.001779126,0,0.003379496,0.005230754,0.008222397,0
8a1c973b6094cbd560f363581ce1beba,0.108576195,0,0.001741914,0.002679123,0.00445318,0.004253063,0.009701469,0.007793703,0.006028986,0.027432887,0.038760107,0.021121882,0.037122948,0,0.002848214,0.01424216,0.018598235,0.02672279,0.011467232
6e21064675bd1626771d39886cc9d88b,0.012976179,0,0,0.001722294,0.003036259,0.007594756,0.00421803,0.000799354,0.003710145,0,0.003768344,0.005914127,0.004380969,0,0,0.024863432,0.058894412,0.09329258,0.036312903
ec32cc6605cedce13a2049357143079a,0.032308039,0,0,0,0,0,0,0,0,0,0,0,0,0,0,0,0,0,0
34bd302b38c473a6dc69875818ebfb23,0,0.059495157,0.036144709,0.033871773,0.043114878,0.026885436,0.010966878,0.003796932,0.006956522,0,0,0.004787627,0.004150392,0.001111954,0,0,0,0,0
2ab2d8b1e4ae115107b0baed6f6181ba,0.00344266,0,0,0,0,0,0,0,0,0,0,0,0,0,0,0,0,0,0
11ec9f654a9c1c5dc45e40f82e7cb970,0.00847424,0,0,0,0,0,0,0,0,0,0,0,0,0,0,0,0,0,0
fc89472c649eac4b19e834fe7006dfb6,0,0.002433893,0.001088696,0,0,0,0,0,0,0,0,0,0,0,0,0,0,0,0
a6aee8a6cd6ccba649514961ae6730e1,0,0,0.001306435,0.00095683,0,0,0,0,0,0,0,0,0,0,0,0,0,0,0
07bb3ab197992af0b741d1b71fc16c74,0.110429935,0,0,0,0,0,0,0,0,0,0,0,0,0,0,0,0,0,0
67ab6a8c32dcb38e12415ef305a06ce6,0.027541279,0,0,0,0,0,0,0,0,0,0,0,0,0,0,0,0,0,0
6fdf97e983896ead9e2ae8cce7c97f46,0.00291302,0,0,0,0,0,0,0,0,0,0,0,0,0,0,0,0,0,0
5a462824de896daa8561fc9f99347b0f,0,0,0.000217739,0,0,0,0,0,0,0,0,0,0,0,0,0,0,0,0
af7a5c90aaa1a98d17616ee1ce8cbd96,0.023568979,0,0,0,0,0,0,0,0,0,0,0,0,0,0,0,0,0,0
c5fd2a45a5ac6f49a4089d35044de207,0.025687539,0,0,0,0,0,0,0,0,0,0,0,0,0,0,0,0,0,0
53303fb50c16833ed95f7bd85950456e,0.00158892,0,0,0,0,0,0,0,0,0,0,0,0,0,0,0,0,0,0
4651f1e124ac9d94cff06304c700b593,0.00900388,0,0,0,0,0,0,0,0,0,0,0,0,0,0,0,0,0,0
5842b861c82007643d496c3860a149f9,0.012446539,0,0,0,0,0,0,0,0,0,0,0,0,0,0,0,0,0,0
cf93fb824641ba2cdbfddf60b0590131,0.00291302,0,0,0,0,0,0,0,0,0,0,0,0,0,0,0,0,0,0
f04944690d5cdfed3a6e59cfaa04ce13,0.023304159,0,0,0,0,0,0,0,0,0,0,0,0,0,0,0,0,0,0
64303da63d4474d55a0486a7f379c2ba,0.046873138,0,0,0,0,0,0,0,0,0,0,0,0,0,0,0,0,0,0
0f4a7eac09f580255faedbb1da343681,0.013240999,0,0,0,0,0,0,0,0,0,0,0,0,0,0,0,0,0,0
303f7af49ecdd12099842ae3af234567,0.0039723,0,0,0,0,0,0,0,0,0,0,0,0,0,0,0,0,0,0
05f1e3ae2775e34620e57edf62271d6d,0.0026482,0,0,0,0,0,0,0,0,0,0,0,0,0,0,0,0,0,0
dc960b31bf96a79c812f9e13fe5b26aa,0.00105928,0,0,0,0,0,0,0,0,0,0,0,0,0,0,0,0,0,0
7aaece58fc746f9480457f6056857dfe,0.119168995,0,0,0,0,0,0,0,0,0,0,0,0,0,0,0,0,0,0
534be7183f24b21ccc3a792f5c7e5169,0.016418839,0,0,0,0,0,0,0,0,0,0,0,0,0,0,0,0,0,0
172049e46605909f99651e4d0efb8578,0.0013241,0,0,0,0,0,0,0,0,0,0,0,0,0,0,0,0,0,0
e4e59d9f49c532675b55e61340b2179e,0.013770639,0,0,0,0,0,0,0,0,0,0,0,0,0,0,0,0,0,0
61d14f45268668061628d7a7990641b2,0,0,0,0,0.024087655,0.089921911,0.033322437,0.031574488,0.020869565,0.009263053,0.007536688,0.016334255,0.013834639,0.009562802,0.021749994,0.015931908,0.011430166,0.003794952,0
0b242442423fe54f3e1fe7622100a61b,0.00715014,0,0,0,0,0,0,0,0,0,0,0,0,0,0,0,0,0,0
38a3ffa5451f10cb983f8d8acd0f7d3e,0.00344266,0,0,0,0,0,0,0,0,0,0,0,0,0,0,0,0,0,0
d2a7242dccc3b9a6c09d989ebfef37f4,0,0,0,0,0,0.001367056,0,0,0,0,0,0,0,0,0,0,0,0,0
1592babc98be7bdf1c3c62b4e1172c56,0.00635568,0,0,0,0,0,0,0,0,0,0,0,0,0,0,0,0,0,0
380c64674875dbcea485ba8f1ce26a6c,0,0,0.009798265,0,0,0,0,0.002797739,0,0.003562713,0,0.012954754,0.014295794,0.018680823,0.013205354,0.005069243,0.012786287,0.010910488,0.011467232
1cc1768ef69206b14a737c7b1e93c3d3,0.00211856,0,0,0,0,0,0,0,0,0,0,0,0,0,0,0,0,0,0
e16f67ce9c9a6f842af7e459ca1d6239,0,0,0,0,0,0,0,0,0,0,0.012920036,0,0,0,0,0,0,0,0
9f6f938a15e4f288092b39efae6698de,0,0,0,0,0.004655597,0,0,0,0,0,0,0,0,0,0,0,0,0,0
457346004e661d16ca588c7b82e8f683,0,0.003786055,0,0,0,0,0,0,0,0,0,0,0,0,0,0,0,0,0
3664c2bdf0ea7bd1531c39f54145a116,0,0,0,0.001148196,0,0,0,0,0,0,0,0,0,0,0,0,0,0,0
58d6ed632edb304a2a033c46c7a62d0a,0.00185374,0,0,0,0,0,0,0,0,0,0,0,0,0,0,0,0,0,0
289c551826100c6df283e6a9e2050688,0.0039723,0,0,0,0,0,0,0,0,0,0,0,0,0,0,0,0,0,0
eed3ead2d719313207afd241a3e462ad,0.017213299,0,0,0,0,0,0,0,0,0,0,0,0,0,0,0,0,0,0
c4c43c34cccdf1faffcd3c478db50fee,0.055082558,0,0,0,0,0,0,0,0,0,0,0,0,0,0,0,0,0,0
1fd28ae75bb3ec630b2de2e3430c8f1e,0.013770639,0,0,0,0,0,0,0,0,0,0,0,0,0,0,0,0,0,0
11504835fb7658d601b4ff78ac3173dc,0.00476676,0,0,0,0,0,0,0,0,0,0,0,0,0,0,0,0,0,0
0bc59e74450baf62ec83784e80a61aa5,0.0066205,0,0,0,0,0,0,0,0,0,0,0,0,0,0,0,0,0,0
471ee7e3392aa06c75547eca0d50fdec,0.035221058,0,0,0,0,0,0,0,0,0,0,0,0,0,0,0,0,0,0
b820d1c08e8e80b6e461af1ec76a9723,0.00079446,0,0,0,0,0,0,0,0,0,0,0,0,0,0,0,0,0,0
eda24e48b8b611eab82f254d58d1148d,0.00158892,0,0,0,0,0,0,0,0,0,0,0,0,0,0,0,0,0,0
66c7b79c2f08d329223a3f4b048a6b10,0.030189479,0,0,0,0,0,0,0,0,0,0,0,0,0,0,0,0,0,0
2b7920f905d876304aa83fc776cd91a4,0.068588377,0,0,0,0,0,0,0,0,0,0,0,0,0,0,0,0,0,0
6c1100199e34d8c526ed1a529ebd879f,0.00556122,0,0,0,0,0,0,0,0,0,0,0,0,0,0,0,0,0,0
7db5761404d6f5f4f0fc9b6e62aaa8a6,0.00344266,0,0,0,0,0,0,0,0,0,0,0,0,0,0,0,0,0,0
bf6440cf333655e0e0f8e6c1df72ed43,0,0,0,0,0,0,0,0,0,0,0,0,0,0.002668689,0,0,0,0,0
5cf9be63b0ce8289c8ac73ac5162ad0b,0,0.020823305,0.024386792,0.010907859,0,0,0.005272537,0,0,0,0,0,0,0,0,0,0,0,0
dd34ba859b98a1d6bb3897c876d3b92d,0,0.015685087,0,0,0,0,0,0,0.002782609,0,0,0,0,0,0,0,0,0,0
a5c98d8a8bd6084ce0b46c3c0e62b06e,0,0,0.00283061,0,0,0,0,0,0,0,0,0,0,0,0,0,0,0,0
212a34f4dcb9f9a8c0941fcf86f0e6bc,0,0.010817301,0,0.007463272,0.013561957,0.0249108,0.00421803,0,0,0,0,0,0,0,0,0,0,0,0
28e70a00b942f129979d73aacfbf7bcd,0.0013241,0,0.001741914,0,0,0,0,0.003197416,0,0.002137628,0,0,0.001383464,0.002446298,0.002330357,0,0,0,0
7056f0ca7e34feb91ddfdb617582fd12,0,0,0.009145047,0,0,0,0,0.000999193,0,0,0,0,0,0,0,0,0,0,0
d545914a091c15dc4913586bf390bfe6,0,0,0,0,0,0,0,0,0,0,0,0.003379501,0,0,0.001294643,0.003379496,0.002518511,0.00316246,0
3d8b94eb88219661929f43dfd0c6466e,0,0.004056488,0,0,0,0,0,0,0,0,0,0,0,0,0,0,0,0,0
1d5bff435ad12cc1e038dc5444d157c0,0.00635568,0,0,0,0,0,0,0,0,0,0,0,0,0,0,0,0,0,0
ad38e923c9aca989b782888445b843f9,0.019067039,0,0,0,0,0,0,0,0,0,0,0,0,0,0,0,0,0,0
b9ca0e9ca6ba197607c2653e75d15261,0.0013241,0,0,0,0,0,0,0,0,0,0,0,0,0,0,0,0,0,0
bdc8f8a67a910d09965f2c9975bb00c8,0,0,0,0,0,0,0.517763179,0.071142517,0.057043478,0.020663733,0.01453504,0,0.01291233,0,0,0,0,0,0
7bdb643584d385bedc3578796b996258,0,0,0,0,0,0,0.000421803,0,0,0.000356271,0,0.004506001,0,0.000667172,0.004401785,0,0,0,0
b1cb97aa18b863512ee21e70268186ac,0.0026482,0,0,0,0,0,0,0,0,0,0,0,0,0,0,0,0,0,0
1149a5d0986a0fc3bf7a7a9057b0e033,0.00105928,0,0,0,0,0,0,0,0,0,0,0,0,0,0,0,0,0,0
79e1085555941c59c02fe10d0db42b77,0.00317784,0,0,0,0,0,0,0,0,0,0,0,0,0,0,0,0,0,0
5e4fdda0c1bb85957202d1498f061aa8,0.0039723,0,0,0,0,0,0,0,0,0,0,0,0,0,0,0,0,0,0
42655605abb4cc7bd5f1be954adf23b0,0,0,0,0,0,0.012911085,0.026362687,0.041166737,0.029681159,0.179916989,0.114126982,0.088993528,0.132812536,0.016234524,0.111598184,0.269152688,0.051726342,0.086335167,0.021023259
8bf3a15fcb9d5db4fd6f5f1e60dbdd2f,0,0,0,0,0.004858014,0.003341693,0,0,0,0,0,0.036048011,0,0,0.005437499,0,0.001937316,0,0
cd74519f8627d952e9422b81ea695058,0.013505819,0,0,0,0,0,0,0,0,0,0,0,0,0,0,0,0,0,0
261ea1a5459096d6d6d7a6c03a0800ef,0.00423712,0,0,0,0,0,0,0,0,0,0,0,0,0,0,0,0,0,0
be3b9cc41eb5d6dd33c9f480048a62a9,0.0039723,0,0,0,0,0,0,0,0,0,0,0,0,0,0,0,0,0,0
b11163a4c83a6ea84645bfb8a390cc5c,0,0,0,0.002679123,0.000404835,0,0.001898113,0.001998385,0,0,0,0,0,0.000444781,0,0,0,0,0
457eed011dd636fe1362bcb7e5bbe22d,0.00556122,0,0,0,0,0,0,0,0,0,0,0,0,0,0,0,0,0,0
c1844c6164de67c2736932bcd1e94589,0,0,0,0,0,0,0,0.002797739,0,0,0,0,0,0,0,0,0,0,0
405dff4269ebcff0dbc2d5c0c63a1ee3,0,0,0,0,0,0,0.028260801,0.233811081,0.195246377,0.044890179,0.018841719,0.009293628,0.020521381,0.008228458,0.01216964,0.006034814,0.001937316,0,0
678452b1266654469afd6625a7ec25f5,0,0.138731888,0.132167703,0.026599867,0.007489439,0.008658022,0,0,0,0.012825766,0.009690027,0.008167128,0.01890734,0,0,0,0,0.006008675,0
4d974c10bc3f6eb4c9f44f3dd9696401,0,0,0.009580525,0.003061855,0.000809669,0,0,0.002997578,0,0,0.002691674,0,0,0,0,0,0,0,0
ce8d585abe69c46ac0fba61726d046c5,0,0,0,0,0,0,0,0,0,0,0,0.007040627,0.003228082,0.012898663,0.031330349,0.008690132,0.005037022,0.007906151,0
63adbcb1936348ae36887abcd1e4af55,0,0,0.001306435,0.002296391,0.001619338,0,0.002530818,0.002198224,0.002782609,0.003918984,0,0.008448753,0.002305773,0.003335861,0.016830353,0.008207347,0.009492849,0.009329258,0
cff8e2e801a0c5c478ebbe42363d2ee7,0.043430478,0,0,0,0,0,0,0,0,0,0,0,0,0,0,0,0,0,0
5645208dbd4272e443c0bfd58a60b9b9,0.012976179,0,0,0,0,0,0,0,0,0,0,0,0,0,0,0,0,0,0
ed6649e994acab681dffea4c57f04e88,0,0,0,0,0,0.002126532,0,0,0,0,0,0,0,0,0,0,0,0,0
9d172cf068d4eda0c6d68f5b9cc75a1e,0,0,0,0.01703157,0.013157122,0.004860644,0,0,0,0,0,0,0,0,0,0,0,0,0
26de1fff4ab68ef5ec24949c1a27d329,0,0,0.003483827,0,0,0,0,0,0,0,0,0.002253001,0.003689237,0,0,0,0.001743585,0.001897476,0
d0c18274fc6047611de8d214ecd9c885,0,0,0,0,0,0.003037902,0,0,0,0,0,0,0,0,0,0,0,0,0
345f44227d68af279027ac77b412b579,0,0,0.000653218,0,0.000809669,0,0,0,0,0,0,0,0,0,0,0,0,0,0
66d1691a5a4a3c86712b725c3dec36de,0,0,0,0,0.001619338,0.003189798,0,0,0,0,0,0,0,0,0,0,0,0,0
f8eaa371a95b49c4c6842bbec4b4da5f,0,0,0,0,0,0,0,0,0,0,0,0,0,0,0,0.001206963,0,0,0
f5f66763f2f22b0c3e7c6196abf30135,0,0,0,0,0,0,0,0,0,0,0,0,0,0,0,0,0,0.001423107,0
b1b1498a8ac17d5a79c894f70b0ff7c3,0.053228818,0,0,0,0,0,0,0,0,0,0,0,0,0,0,0,0,0,0
b1dd093a530c4f323e45823253ee9e15,0,0,0,0,0,0,0.004639833,0.013189343,0.02457971,0.021376276,0,0,0,0,0.008803569,0,0.011817629,0.011384857,0
c287fac948d2152e5ef093dc4b9ea1c6,0,0.011358166,0.010233743,0.005358247,0,0,0,0,0,0,0,0,0,0,0,0,0,0,0
ee4ac6545a6964811ec188369b533ff7,0,0.011628599,0.010016004,0,0,0,0,0.019384337,0,0,0.025301737,0,0.011990021,0,0,0,0,0,0
204059649d5553ccc15a44ccd09de89c,0.020655959,0,0,0,0,0,0,0,0,0,0,0,0,0,0,0,0,0,0
7a4591ecfb8de6241f36890cc9f78663,0.00370748,0,0,0,0,0,0,0,0,0,0,0,0,0,0,0,0,0,0
5a05b28cfb802977240bc925ee59d1fc,0.015359559,0,0,0,0,0,0,0,0,0,0,0,0,0,0,0,0,0,0
e763da20f3043ecff1e6087da0de0512,0.01032798,0,0,0,0,0,0,0,0,0,0,0,0,0,0,0,0,0,0
76706469a0a366adb9c84fc05de522f3,0.00556122,0,0,0,0,0,0,0,0,0,0,0,0,0,0,0,0,0,0
c995fd3a6bbed38454cd050bc331deaa,0.00873906,0,0,0,0,0,0,0,0,0,0,0,0,0,0,0,0,0,0
80b0dd7e363e6128b4335d08d57b5618,0.00370748,0.016225952,0.029612533,0.068317645,0.028540835,0.033416926,0.012864991,0.007194187,0.008811594,0.01140068,0.003768344,0.013799629,0.009914825,0.004225424,0.031848206,0.032829386,0.017823309,0.012491718,0
19dccdcbb0a9ad59e58d289bcdb09295,0,0.00324519,0.034620535,0,0,0.003949273,0,0,0,0,0,0,0,0,0,0,0,0,0
51f21ba905941f4cf5d9c5e0d6e00bd4,0,0,0,0,0,0,0.027838998,0,0,0,0,0,0,0,0,0,0,0,0
39e228b03b2c3090589f7da2c5ae6038,0,0.011087734,0.004790263,0.012247421,0.004858014,0.01215161,0,0,0,0,0,0.002253001,0,0,0,0,0.001937316,0.006166798,0
c6e107ed1e85e47112f11877f3145a7a,0,0,0,0,0,0,0,0.00139887,0,0.001068814,0,0,0,0,0,0,0,0,0
a40423754043874f0045e65d1035b1c5,0,0,0,0.005549613,0,0,0,0,0,0,0,0,0,0,0,0,0,0,0
212e304679f170a464d2616b3f94a250,0,0.160096058,0.079039335,0.180649458,0.126308375,0.143085203,0.036275058,0.022781592,0.022724638,0.020663733,0.032838424,0.007603877,0.026746969,0,0.002848214,0.003620888,0,0.003794952,0
71c170ae2a1a4f99b40b9fb4850c55fb,0,0,0.00544348,0.026025769,0.017812719,0.022784268,0,0,0,0,0,0,0,0,0,0,0,0,0
dc21153823efbfe6f4e092f110775cde,0,0,0.023733574,0.067552181,0.002429007,0.003341693,0,0.004396448,0,0,0.019380054,0,0.015679258,0.013121054,0.023303565,0.004345066,0.005230754,0.00521806,0
7560406411c714b613d36584ec43158e,0,0,0.000653218,0.062768032,0.021051396,0.022936163,0.001054507,0,0,0,0,0,0,0,0,0,0,0,0
6c1d49e71ba87a699c35e8ae7549ea98,0,0,0,0,0,0.00030379,0,0,0,0,0,0,0,0,0,0,0,0,0
0eff2f70a09cbdfd1a1684adcb990931,0,0.015144222,0.012411135,0.292981271,0.228933929,0.237867757,0.004007128,0.00139887,0,0,0,0,0.001152887,0,0,0,0,0,0
91203c4512e4b08f343fbec0de1a3b9e,0,0,0,0,0.010728115,0,0,0,0,0,0,0,0,0,0,0,0,0,0
8e87f6187c3bff96717578fafac261ae,0,0.014332924,0.009580525,0,0,0,0,0,0,0,0,0,0,0,0,0,0,0,0
5b2a2d09315ded235146cac2e767e89a,0,0.042187475,0.020467486,0.001148196,0.000809669,0.001063266,0,0,0,0,0,0,0,0,0,0,0,0,0
4c65953d2d9c04292134fc5013f3a21e,0.01006316,0.005679083,0.001741914,0,0,0,0,0,0,0,0,0,0,0.002668689,0,0,0,0,0
7bfcdea57cc8e4bab6f3f3505b0dd682,0,0.012980761,0.006314437,0.013204251,0.017610302,0.010480763,0,0.000599516,0,0.001781356,0,0,0,0,0,0,0,0,0
0b1e8bf53bfe9e7b085b38ee902e1f4e,0,0,0,0.010333761,0.010323281,0,0,0,0,0,0,0,0,0,0,0,0,0,0
dbbd92eb5552c552aab4544c331ac6e2,0,0.001893028,0.008927308,0.018562497,0.130761554,0.145211734,0.012021385,0,0,0,0,0.00056325,0,0,0,0,0,0,0
c4f3196c3b0c08f6f808e3ee3465b781,0,0,0,0.011099225,0.056272,0.076403245,0,0,0,0,0,0,0,0,0,0,0,0,0
3fb688a9024c5d9e0c97cf7a6859063a,0.00370748,0.036508392,0.007403133,0.018371131,0.049794648,0.030682814,0.05209267,0.030974972,0.029681159,0.00855051,0.005383348,0,0.004150392,0.000889563,0.004142856,0.012793805,0.010461507,0.006957413,0
84983b37bd3b85c6b96d3a4ea0ff2bbd,0.00105928,0,0,0,0,0,0,0,0,0,0,0,0,0,0,0,0,0,0
d035ec5e6c52ae02c608835230dde4b7,0.0026482,0,0,0,0,0,0,0,0,0,0,0,0,0,0,0,0,0,0
477ebf0ce71e93b505183b46f1d1c310,0.0026482,0,0,0,0,0,0,0,0,0,0,0,0,0,0,0,0,0,0
7a94ab2d3edd2d5f1b14fb97b8227aab,0.00344266,0,0,0,0,0,0,0,0,0,0,0,0,0,0,0,0,0,0
4f90f8f67d96381936a8ea4b6bd9234c,0.00291302,0,0,0,0,0,0,0,0,0,0,0,0,0,0,0,0,0,0
ce0b607406b1ba0603a5883aeab5bbcf,0,0.001622595,0,0,0,0,0,0.005195802,0.002318841,0,0,0,0,0,0,0,0,0,0
e47e7a777e94141d9ca4d03a24c43c22,0.00476676,0,0,0,0,0,0,0,0,0,0,0,0,0,0,0,0,0,0
27eca4697c28c0d2d71d89a89895ea98,0,0.004056488,0.001741914,0,0,0.00060758,0,0,0,0,0,0,0,0,0,0,0,0,0
3e6d862418922fbe062da225314e7762,0.00370748,0,0,0,0,0,0,0,0,0,0,0,0,0,0,0,0,0,0
b2b0ccf79dad51a2141c691d0bc6f942,0,0,0.001741914,0,0,0,0,0,0,0,0,0,0,0,0,0,0,0,0
abb5010d272a80f960bc66a0fade6593,0,0,0,0,0,0,0,0.001199031,0,0,0.002153339,0,0,0,0,0,0,0,0
38007bfc5e4b3c58b1d91a0bc9c4fdb2,0.023304159,0,0,0,0,0,0,0,0,0,0,0,0,0,0,0,0,0,0
db74361e1059284f58f7b72bfb21758c,0.020126319,0,0,0,0,0,0,0,0,0,0,0,0,0,0,0,0,0,0
584732b1ae36c8fd9cd78a3b94bfb4ba,0.00953352,0,0,0,0,0,0,0,0,0,0,0,0,0,0,0,0,0,0
42de4e368cca3ff50954f82c12dd5315,0.00741496,0,0,0,0,0,0,0,0,0,0,0,0,0,0,0,0,0,0
b4675aefcee3975954467e51b228d6f2,0,0.009735571,0,0,0,0,0,0,0,0,0,0,0.008992515,0.013565835,0.014758925,0.005793421,0.005618217,0.003320583,0
025ef58ad4c94b135c69cb93c2320909,0,0.00432692,0,0.003061855,0,0,0.00843606,0.015987082,0,0.010331867,0.01561171,0.015771005,0.017062722,0.008673239,0,0,0,0,0
f75acea1715106e549e8ad841fd17ed9,0,0,0,0,0,0.001215161,0,0,0.008811594,0,0,0,0,0,0,0,0,0,0
f437261ff1458ebf1aa7f6dc7bf69e58,0,0,0,0,0,0,0,0,0,0,0,0,0,0,0,0,0,0.007589905,0.007644822
7f0b196864a7620b20920d9883da587e,0.00741496,0.037860554,0.101030995,0.005932344,0,0.005468224,0.002952621,0,0,0,0,0,0,0,0,0,0,0,0
a0ccae889b93969deefa92b4da7cb2f7,0,0.042998772,0.10516804,0.00612371,0.00667977,0.005316329,0,0,0,0,0,0,0,0,0,0,0,0,0
403445d403772ea7701cd01368da5a56,0.0039723,0,0,0,0,0,0,0,0,0,0,0,0,0,0,0,0,0,0
5eef1e65ed73d122236c933fe9327adb,0,0,0,0.004592783,0,0.003949273,0.001687212,0,0,0,0,0,0,0,0,0,0,0,0
f9542fc2a825a5c41094173a4a95041a,0,0,0,0,0.003441094,0.002430322,0,0,0,0,0,0,0,0,0,0,0,0,0
87ced6667f7e72e893d3f02ac08066a2,0,0,0.023080357,0,0,0,0,0,0,0,0,0,0,0,0,0,0,0,0
a8c38ea3b5825798b0141007373178aa,0,0.001622595,0.000217739,0,0,0,0,0,0,0,0,0,0,0,0,0.00096557,0,0,0
0e487ab2d5669f87e21a4c0c09d8d952,0,0.071394188,0.038539841,0.088985167,0.040078619,0.034632087,0.003163522,0,0.006028986,0.034558313,0.006460018,0.005069252,0.01291233,0.005559769,0.004142856,0.02558761,0.006393143,0.006166798,0
54b3f4205c019f5490d9dbe5af08955a,0,0.016496384,0.012628874,0,0,0,0,0,0,0,0,0,0,0,0,0,0,0,0
f7ac318fad126f8dc75f70e09fd5c4dd,0.016154019,0,0,0,0,0,0,0,0,0,0,0,0,0,0,0,0,0,0
5ceabb76ec2975d9498f124fe62a81e6,0.00211856,0,0,0,0,0,0,0,0,0,0,0,0,0,0,0,0,0,0
3ba3a0a8948fba9b0c25ad37b41b3342,0.011652079,0,0,0,0,0,0,0,0,0,0,0,0,0,0,0,0,0,0
999031908a04b1e2fca9b265ee4e0aba,0.059319677,0,0,0.028513527,0.009513612,0.032809346,0,0,0,0,0,0,0,0,0,0,0,0,0
e0a393057efa10ed102ee234e417762a,0.00052964,0,0,0,0,0,0,0,0,0,0,0,0,0,0,0,0,0,0
a78a93326d787b79c22198acbce80e81,0.068588377,0,0,0,0,0,0,0,0,0,0,0,0,0,0,0,0,0,0
470a368a6807b4a2d6a56ff427742e09,0.00344266,0,0,0,0,0,0,0,0,0,0,0,0,0,0,0,0,0,0
717aff2a74550554098682047fb9830c,0.00370748,0,0,0,0,0,0,0,0,0,0,0,0,0,0,0,0,0,0
111017e6c233fbc47e2298ebf5e9e7b8,0.0026482,0,0,0,0,0,0,0,0,0,0,0,0,0,0,0,0,0,0
be3beb705ba2502ce1c0a3ac0b24feb3,0.00635568,0,0,0,0,0,0,0,0,0,0,0,0,0,0,0,0,0,0
c91a769593898d20a017b58093f62ea8,0.00185374,0,0,0,0,0,0,0,0,0,0,0,0,0,0,0,0,0,0
779e393e6ff91129f826c691a0d16db3,0.0039723,0.004056488,0.005008002,0,0,0,0,0,0,0,0,0.020277006,0,0.101187789,0.100982116,0.026311787,0.044170809,0.007906151,0
4c7b0d554a1103b7872deded4bccb4ea,0,0,0.001524174,0,0,0,0,0.003597094,0.002318841,0.033489499,0.06137017,0.18812556,0.062717031,0.156340694,0.09683926,0.040553948,0.043977078,0.013598579,0
12198ade971f92bb157e2a699be09bc8,0,0,0,0,0,0,0,0,0,0,0,0,0,0,0,0.000482785,0,0,0
1cbf580d763d0eb5497ff2d6468e7668,0,0,0,0,0,0.001063266,0.002530818,0.002198224,0,0,0,0,0,0,0.005696427,0.017621656,0.023441526,0.033680203,0.021023259
8bd52f2105967d2f4a73192eff5c2996,0,0,0,0,0,0,0,0,0,0,0,0,0,0,0,0,0,0,0.005733616
461e1d892b167a7eef900fa723462f09,0.0013241,0,0,0,0,0,0,0,0,0,0,0,0,0,0,0,0,0,0
bc58a5b84bfddc7b8ab70cc704b483ab,0,0,0,0,0,0.000455685,0,0,0,0,0,0,0,0,0,0,0,0,0
414b68c54905f4ec8ee50d51e536ff97,0.00211856,0,0,0,0,0,0,0,0,0,0,0,0,0,0,0,0,0,0
306b5217fcb1f91aac0c7708bf674d98,0.00503158,0,0,0,0,0,0,0,0,0,0,0,0,0,0,0,0,0,0
7fc016100eca426d7fdf7f8abd29a67c,0.00450194,0,0,0,0,0,0,0,0,0,0,0,0,0,0,0,0,0,0
eb0ccdfb925b4aa269b4e3d6848c7b32,0.0066205,0,0,0,0,0,0,0,0,0,0,0,0,0,0,0,0,0,0
ee4416ea3d6750d9a8586868330f1ff6,0.00503158,0,0,0,0,0,0,0,0,0,0,0,0,0,0,0,0,0,0
66cca1bc3b202fdae68d02d5f859b53f,0.00158892,0,0,0,0,0,0,0,0,0,0,0,0,0,0,0,0,0,0
a5855fa4fbc240bfd25ccc70b1627be3,0,0,0,0,0.016598216,0,0.003374424,0,0,0,0,0,0,0,0,0,0,0,0
bc71146ccc3a63837fc7d874a28a173c,0,0,0,0.003444587,0,0.005164434,0,0,0,0,0,0,0,0,0,0,0,0,0
3038f96d4805d0546256c1e7766247e0,0,0.002704325,0.008056351,0.01703157,0.014371626,0.01898689,0.00147631,0,0,0,0,0,0,0,0,0,0,0,0
f3082c2e28d3436ef615bb6541defb48,0,0,0,0,0,0,0,0,0,0,0,0.000281625,0,0,0,0,0,0,0
14ce80de12b0526121a4d0f4058099d1,0.034426599,0,0,0,0,0,0,0,0,0,0,0,0,0,0,0,0,0,0
c2cac7d762781f38d91567c99eba157e,0.061703057,0,0,0,0,0,0,0,0,0,0,0,0,0,0,0,0,0,0
e72dd431023ad44a88305647a224790d,0,0.051923046,0.015024006,0.008611468,0.007489439,0.007290966,0,0,0,0,0,0,0,0,0,0,0,0,0
9eb4774910ed8d676248e0040ca10a83,0,0,0,0,0,0,0.001265409,0,0,0,0,0,0,0,0,0,0,0,0
cea1ad1aac0bb510c18d3f96c1aec560,0.00635568,0,0,0,0,0,0,0,0,0,0,0,0,0,0,0,0,0,0
22a4e0f758de753ed7e9463edeed304c,0,0.073287216,0.087748903,0.020476157,0.115782677,0.035239668,0,0,0,0,0,0,0,0,0,0,0,0,0
68961d428c4c1a26c72ee58ffe940b99,0,0,0,0,0,0,0,0,0,0.001781356,0,0,0,0,0,0,0,0,0
dd365165667aed1d7e806ab8ded914dd,0,0.008112976,0.011975657,0,0.003643511,0,0,0,0,0,0,0,0,0,0,0,0,0,0
e357ec372ce3fdd9cc473b8f57edc002,0,0.19984964,0.103643866,0.14696905,0.153229871,0.14035109,0,0,0,0,0,0,0,0,0,0,0,0,0
0ea9d87b8a7848918b64da425e91999a,0,0,0,0,0,0,0,0,0,0,0,0.002253001,0,0,0,0,0,0,0
4e73d26557436d233aea34f6a5371895,0,0.001352163,0.002612871,0,0,0,0,0,0,0,0,0,0,0,0,0,0,0,0
16e7c551b44e75be84ce23f95da7cb8d,0,0.019741575,0.014370788,0.014926544,0.026111827,0.012911085,0,0,0,0,0,0,0,0,0,0,0,0,0
dc8477df0245e1b7cf2151a6066f204a,0,0,0,0,0,0,0.001265409,0.001598708,0,0,0,0,0,0,0,0,0,0,0
82fd1b576ddb5cb4a31555dc2a02f381,0.00344266,0,0,0,0,0,0,0,0,0,0,0,0,0,0,0,0,0,0
93d1b2dac4133553194837dd9fc38d46,0,0.010276436,0.005008002,0.018945229,0.015788547,0.004404958,0.004639833,0,0,0,0,0,0,0,0,0,0,0,0
a85ae3de6b2dd626049270444199438e,0,0.046514395,0.011757918,0.025834403,0.015990964,0.011695924,0,0.006594672,0.011594203,0.006769154,0,0,0,0,0,0.002655318,0.001743585,0,0
c55e2d0573fbdcf300cff596408b7072,0.00370748,0,0,0,0,0,0,0,0,0,0,0,0,0,0,0,0,0,0
424c5645f91f0d2c1ddce0523e2e5481,0,0.003515623,0,0,0,0,0,0,0,0,0,0,0.001614041,0.004225424,0.002330357,0.002172533,0.001549853,0.002055599,0
8f5c4dec742c9287a0f71ebe671bdc16,0,0.100600901,0.052039672,0.005549613,0.003036259,0.000759476,0,0,0,0,0,0.000844875,0,0,0.002330357,0,0,0,0
a9ea2ae2f8893f91cf4ca523ea7d4cfe,0,0.006219948,0.004354784,0,0,0,0,0,0,0,0,0,0,0,0,0,0,0,0
56eed20694eeebce9a5a6bc4626aca89,0,0.09519225,0.016765919,0,0,0,0,0,0,0,0.039836777,0.003097876,0.040581608,0.010674756,0.003624999,0.002655318,0,0.011068611,0
326978fa13d506c8782d0075f5613b59,0,0,0,0.001339562,0,0,0,0,0,0,0,0,0,0,0,0,0,0,0
181a2b6fbc1d5f5de022772f08fb875c,0,0,0,0.828805934,1.067548666,0.925952648,0.044500216,0.011590635,0.006028986,0.010331867,0,0.004506001,0.007609052,0.002001517,0.003624999,0.004586458,0.001549853,0.00158123,0
f8a7dfd610756eae88194f6b418f8083,0,0,0,0,0,0.00060758,0,0,0,0,0,0,0,0,0,0,0,0,0
00aaf73685f0406f32767bc9c43fde5b,0,0,0,0,0,0.000455685,0,0,0,0,0,0,0,0,0,0,0,0,0
25e038c681656412cc697571c2d30118,0,0.040564879,0.010233743,0.005358247,0.011942619,0.019138785,0,0,0,0,0.013996705,0,0.013604062,0,0,0,0,0,0
6e50cfec46931f3d8e0af8e75af55b43,0,1.159614688,0.021120704,0.00191366,0,0,0.001687212,0.002997578,0,0,0,0.003097876,0.00345866,0,0,0,0,0,0
734ceaf61779c85297c95adf8ddc6ad3,0,0,0,0,0,0,0,0,0,0,0,0.002253001,0,0,0,0,0,0,0
99daab1404e1c027be5dce96473d53ab,0,0.201742667,0.086660207,0.102954882,0.057688921,0.020353946,0,0,0,0,0,0,0,0,0,0,0,0,0
39e25be575139fbcbcacc15a872bdbad,0,0.049489153,0.025910966,0,0,0,0,0,0,0,0,0,0,0,0,0,0,0,0
b7e687b746695f305710ce46786a7573,0,0,0,0.001148196,0,0,0,0,0,0,0,0,0,0,0,0,0,0,0
31b772f3e0f36755cdb6cd584a8a105f,0,0.105198254,0.096022993,0,0.009108777,0.012607295,0.003163522,0,0,0,0.006460018,0,0.007839629,0,0.003624999,0,0,0.001897476,0
51aa4d9105ecfeb7a7d4f5afa1773cdc,0,0,0.0111047,0,0,0,0,0,0,0,0,0,0,0,0,0,0,0,0
708def8fa07ef5fd728004ace6c578d0,0,0.069771593,0.043330104,0,0,0.002734112,0,0,0,0,0,0,0,0,0,0,0,0,0
72d63057d6e53e6e72b1af409c9ed0fb,0,0.013792059,0.008709569,0,0,0,0,0,0,0,0,0,0,0.020015167,0.024857136,0.007241776,0,0,0
f61f4c9b8258738ad3ee7663e43e7907,0,0.0448918,0.028306098,0.056835687,0.067202533,0.060454258,0.006537946,0.003796932,0,0.005344069,0.004845013,0.006477377,0.004611546,0.027131671,0.019937495,0.007965954,0.006586875,0.002846214,0
e438545696891f9da484c32c04332871,0,0.011899031,0.01654818,0.00612371,0.008096691,0.026125961,0,0,0,0,0,0,0,0.000667172,0.002848214,0.00193114,0,0.001106861,0
d02e8e093df5064814273f652473189e,0,0.032181471,0.039410798,0.041143679,0.176103022,0.189413214,0.35895435,0.149679059,0.087652174,0.053084418,0.055448487,0.034921511,0.069864928,0.004892596,0.010098212,0.026794573,0.038940056,0.019132885,0
556209f2b9e893a0e4b6559c1528e596,0,0,0,0.025260306,0.003845928,0.002886007,0.02530818,0.002198224,0,0,0,0,0,0,0,0,0,0,0
9adabf530b49244e64c1142cf42a502a,0,0.223647702,0.252577488,0.005549613,0,0,0,0,0,0,0,0,0,0,0,0,0,0,0
31a1e677493dc62acdbb253351f9a251,0.00344266,0,0,0,0,0,0,0,0,0,0,0,0,0,0,0,0,0,0
33e423de05448134722fcf4bd6a224d7,0,0.087349707,0.009580525,0.147734514,0,0.002886007,0,0,0,0,0,0,0,0,0,0,0,0,0
8db3a14ae839a3bee50b9a192c59f8f9,0.00238338,0.166856871,0.194658857,0.04535373,0.14594285,0.126224844,0.024253672,0.003397255,0.002782609,0.001781356,0,0,0.000922309,0,0,0,0,0,0
2548f61c3083181969197199a1a27bf5,0,0,0.002395131,0.00612371,0.015181295,0.015037617,0,0,0,0,0,0.007885503,0,0,0,0.002896711,0.001937316,0,0
1f78df0d7b75ab87466e66a9d9acf2cb,0,0,0,0,0.000202417,0,0,0,0,0,0,0,0,0,0,0,0,0,0
e82253ffe4a036330e897984cdb69c24,0,0.00108173,0,0,0,0,0,0,0,0,0,0,0,0,0,0,0,0,0
8d422552eb2392c7c2d4743727d1ff33,0,0,0.004572523,0.013969714,0,0,0.004007128,0.005195802,0.005565217,0.00570034,0.001615004,0.019995381,0.007839629,0.004670206,0.004919642,0.007724561,0.007361802,0.004269321,0
38e01c452b469921cbeedecef774390c,0.0013241,0,0,0,0,0,0,0,0,0,0,0,0,0,0,0,0,0,0
9579787280965385b425a1d323e3c6d3,0,0.003515623,0.010233743,0.020093425,0.002833842,0.005012539,0.022355559,0.003197416,0.002318841,0,0,0,0,0,0,0,0,0,0
8067fd3f7aedca5f755d76ba6d001ecc,0.00450194,0,0,0,0,0,0,0,0,0,0,0,0,0,0,0,0,0,0
de329304e57f0e32da3a08e64625a2e1,0,0.844019925,0.094498819,0.012247421,0.010728115,0.020353946,0.011177779,0.019584176,0.012057971,0.092274258,0.057601826,0.091246529,0.074707052,0.017124087,0.00699107,0.004586458,0.003293438,0.00521806,0
b0d25a3bc288f3c5ac8b993c6e4504dd,0,0,0,0,0,0,0,0.005195802,0.003710145,0.007481697,0.011305031,0.012673129,0.010837134,0.007783676,0.00699107,0.002896711,0.001356121,0.007589905,0
a565d5baee9e444ca1446d3cfb0a6ce5,0,0.007031246,0.001524174,0,0.001619338,0,0,0,0,0,0,0,0,0,0,0,0,0,0
568d3fd2ad10e30c40ebd6793f956aaa,0,0.023257198,0.004790263,0,0,0,0,0,0,0,0,0,0,0,0,0,0,0,0
765b69d9c4313cc8630769db523cc54c,0,2.633471975,1.62564097,0.099127563,0.057284087,0.318675961,0.028471702,0.016986275,0.008811594,0.047027807,0.082365228,0.163342552,0.083930144,0.118089486,0.297767777,0.046830154,0.039714982,0.018500393,0
d081020b6bdf3bf279b93bd42598e1e1,0,0,0,0.01511791,0.020039309,0.011999714,0,0.013389182,0.010666667,0.045602722,0.039836777,0.084769152,0.047498928,0.069608303,0.04142856,0.016173301,0.008136728,0.02150473,0
3ab7c5dece6b62c7faf92b667d63b4a0,0,0,0,0,0,0,0,0.011790473,0.00742029,0.009975595,0.01561171,0,0.013142907,0,0,0,0,0,0
7a7bc8160be971cd4073affbe56358c7,0.00211856,0,0,0,0,0,0,0,0,0,0,0,0,0,0,0,0,0,0
0530769e11e7f6b51e29aec47064b7cf,0,0.029747578,0.008709569,0,0,0,0,0,0,0,0,0,0,0,0,0,0,0,0
971027654a67e0d6c6abb5e155875f8e,0.00026482,0,0,0,0,0,0,0,0,0,0,0,0,0,0,0,0,0,0
57492fceb957c06614e62e90e839e5db,0,0,0,0.002296391,0,0,0,0,0,0,0,0,0,0,0,0,0,0,0
6178807a00a64843e5bb9f31f0a5f42c,0,0,0,0.075780917,0.028540835,0.023847534,0.002530818,0,0,0.007481697,0.010766696,0,0.007378474,0,0,0,0.005424485,0.004427444,0
a1813ce3f72d96fb9f4263ed38be432f,0,0,0,0,0,0.000151895,0,0,0,0,0,0,0,0,0,0,0,0,0
72707f1b7f73ee057636680bf4296201,0,0,0,0.000765464,0,0,0,0,0,0,0,0,0,0,0,0,0,0,0
3c03432eaf221246493e3a132da50df9,0,0.016766817,0.002177392,0,0,0,0,0.00539564,0,0,0,0,0,0,0,0,0,0,0
f50dbd67a45eb3d4ad799c04f77b900d,0,0,0,0,0.00222659,0.001367056,0,0,0,0,0,0,0,0,0,0,0,0,0
964a2b2f2580973e2dc2039796a8eb37,0.00158892,0,0,0,0,0,0,0,0,0,0,0,0,0,0,0,0,0,0
146831035f6d594ce9fc023d9cea9bf2,0,0,0,0.001148196,0,0,0,0,0,0,0,0,0,0,0,0,0,0,0
f2898c48280ac39868a2fa71eb0211f3,0,0,0,0,0.003238676,0.001822741,0,0.00139887,0,0,0,0,0.001152887,0.001556735,0,0.001448355,0.001743585,0.004427444,0
76bfb4e09e6ad08f8a206e9a5debe694,0,0,0,0,0,0,0,0,0,0,0,0.000281625,0,0,0.000258929,0,0,0,0
43c8008fb032a5ed2cb06dafa83e23ec,0,0.039483149,0.017854616,0.002870489,0.007894273,0.008506127,0.003585325,0.008393218,0.008347826,0.003562713,0.003768344,0.004506001,0.00945367,0.004892596,0.009321426,0,0,0,0
ac535b64f804c2eee5084adc741f7839,0,0.013792059,0,0.009759664,0.014978878,0.010328868,0,0,0,0,0,0,0,0,0,0.002413925,0.003874632,0.00158123,0
86ea29b42288be56c5aadc5b0f322728,0,0,0,0,0,0,0,0.000799354,0,0,0,0.000844875,0,0,0,0,0,0,0
16e2c25bdcba26035d7e90f7902d9aea,0,0.00432692,0.002612871,0,0,0,0,0,0,0,0,0,0,0,0,0,0,0,0
53688d14dd7b6148f42ecab9e78035a6,0.00211856,0.00324519,0,0,0,0,0,0,0,0,0,0,0,0,0,0,0,0,0
1d8cbc23caf68cfc1c0505901772f517,0,0.012169464,0,0,0,0,0,0,0,0,0,0,0,0,0,0,0,0,0
9686ac0f1487906d7d6ebd3fd7dc8d2b,0,0.031099741,0,0.002870489,0.002024173,0.001974637,0.004428931,0.001798547,0,0,0,0,0,0,0,0,0,0,0
0944c80185fbba7f13e44329a3276e65,0.097718576,0,0,0,0,0,0,0,0,0,0,0,0,0,0,0,0,0.00158123,0
50af975bdb69f3f8359160d177493dc6,0.00423712,0,0,0,0,0,0,0,0,0,0,0,0,0,0,0,0,0,0
839049ed2eabc492bfa76bca3e4f9075,0.031778399,0,0,0,0,0,0,0,0,0,0,0,0,0,0,0,0,0,0
73fc872cf74b23112d674efd5f773616,0.01085762,0,0,0,0,0,0,0,0,0,0,0,0,0,0,0,0,0,0
ce11bce162fe02427116266824ce6892,0.00211856,0,0,0,0,0,0,0,0,0,0,0,0,0,0,0,0,0,0
52b604057878bf8752f3a1b04785376f,0.00238338,0,0,0,0,0,0,0,0,0,0,0,0,0,0,0,0,0,0
5e1fc58ad48ef339ba354f5166b6a82f,0.0013241,0,0,0,0,0,0,0,0,0,0,0,0,0,0,0,0,0,0
6c533cace9e76e9de67e31e528bafa29,0.00079446,0,0,0,0,0,0,0,0,0,0,0,0,0,0,0,0,0,0
455800da158eb1acad1d1e9657b345d2,0.00900388,0,0,0,0,0,0,0,0,0,0,0,0,0,0,0,0,0,0
3bb8c91a23a86c8601f5dead53c7b241,0.101690876,0,0,0,0,0,0,0,0,0,0,0,0,0,0,0,0,0,0
f538d22fdb4f50b77253747c9f18ed18,0.018537399,0,0,0,0,0,0,0,0,0,0,0,0,0,0,0,0,0,0
77e27d0665f7fb72b2b325641b3b95ea,0.00900388,0,0,0,0,0,0,0,0,0,0,0,0,0,0,0,0,0,0
8e411053229e1cc8814cc8c0d1989251,0,0,0,0,0,0,0,0,0,0,0,0.012391504,0,0,0,0,0,0,0
8cc2a5a7c712bb71836060897190bb02,0.0013241,0,0,0,0,0,0,0,0,0,0,0,0,0,0,0,0,0,0
85b80813a3be5e162f462e085b709b85,0,0,0,0,0,0,0,0.008393218,0.005565217,0.003206441,0,0.005914127,0.00691732,0.00311347,0.009321426,0.011104057,0.013754945,0.030517742,0.026756876
fdb23bfb8d8778f86c99123e0af844a6,0,0,0.001306435,0,0,0,0,0,0,0,0,0,0,0,0,0,0,0,0
ebef4f7d86a3b71b870100599f233ff8,0,0.040294447,0.021338443,0.050137879,0.096350619,0.078529777,0.007381552,0,0,0,0,0,0,0,0,0,0,0,0
eaa037ee5d32a43f07a4cbfaf7080884,0.00291302,0,0,0,0,0,0,0,0,0,0,0,0,0,0,0,0,0,0
d62995b61a683553373d223efcb7aeaf,0.0079446,0,0,0,0,0,0,0,0,0,0,0,0,0,0,0,0,0,0
b9d27d1dc44fea66778479161f6ed7c6,0.060908597,0,0,0,0,0,0,0,0,0,0,0,0,0,0,0,0,0,0
f94941df072a2ce7df898dbbc4971c45,0.00820942,0,0,0,0,0,0,0,0,0,0,0,0,0,0,0,0,0,0
a76b0ad2c68a8e04fdc75312ba7162a2,0,0,0,0,0,0,0,0,0,0,0,0,0,0,0,0,0,0,0.003822411
cf9d6956cc5e9b057171f8ba480e6fbf,0,0.002704325,0.011757918,0,0,0,0,0,0,0.016388478,0.020995058,0.034921511,0.024902351,0.021794293,0.012687497,0.008931524,0.00600568,0.006957413,0
0c3fbf81fa504f4fc2603e504474a1bf,0,0,0,0,0,0,0,0,0,0,0,0,0,0,0,0,0,0.000790615,0
5040d210b906c738569bf1c3505ad558,0,0.194711421,0.626653457,0.022389816,0.038864115,0.043745794,0,0,0,0,0,0,0,0,0,0,0,0,0
56c837ac82a080a7d67309e345c7069b,0,0,0,0,0,0.003189798,0,0,0,0,0,0,0,0,0,0,0,0,0
d9151ff4d8243e711f520df0da10b760,0.00052964,0,0,0,0,0,0,0,0,0,0,0,0,0,0,0,0,0,0
fbb4d97e016a3fae74e1e3b81805e48e,0,0.019471142,0.022427139,0.061619836,0.042305209,0.030682814,0.035642353,0.03397255,0.027362319,0.035627126,0.025301737,0.006759002,0.039659299,0,0,0,0.009105386,0.000948738,0
aa64c95548409d1e294cd29e20473af0,0,0,0,0.012247421,0.00890636,0,0,0,0,0,0,0,0,0,0,0,0,0,0
fce18edf79b54a689065dd7c2dcc5def,0.00582604,0,0,0,0,0,0,0,0,0,0,0,0,0,0,0,0,0,0
93b2f6310a4ce172502298f06cf628cf,0,0.007031246,0.0111047,0.114819571,0.026314245,0.015645197,0.010123272,0.007993541,0.008347826,0,0,0,0,0,0,0,0,0,0
206069e5a5041e6c7f39a4141aefdc19,0,0,0,0.161130131,0.164970073,0.244551142,0.184749713,0.008792895,0,0.019951191,0.020456723,0.020277006,0.026516392,0,0.004660713,0.020518366,0.061994118,0.286044537,0.137606789
9711e5e56376fe411f8d9ca9e739c6f1,0,0,0,0.04726739,0.089670849,0.060758048,0.148263753,0.040167545,0.019942029,0.049877977,0.037145103,0.033231761,0.044732,0.004892596,0.044794631,0.059382566,0.056569633,0.051231857,0.042046519
36932f198f0d72739c13f82998a6364d,0,0,0,0,0.004048345,0,0.005483439,0,0,0,0,0,0,0,0,0,0.000193732,0,0
1f9a774f305c7b4db08dfe4db385aa4a,0,0,0,0,0,0.005012539,0,0,0,0,0,0,0,0,0,0,0,0,0
563814b59f2c0241d0cdec1b99b7f781,0.00847424,0,0,0,0,0,0,0,0,0,0,0,0,0,0,0,0,0,0
3890b069eb54ede0917072f32a071c12,0.00423712,0,0,0,0,0,0,0,0,0,0,0,0,0,0,0,0,0,0
08beb3b3788f0fb047aa7b0b035a64a6,0.00715014,0,0,0,0,0,0,0,0,0,0,0,0,0,0,0,0,0,0
2d2be8e2152e95e0f171c4b66568e6f9,0.0052964,0,0,0,0,0,0,0,0,0,0,0,0,0,0,0,0,0,0
7e87704cad17d9767ed0a558cf847a28,0.00317784,0,0,0,0,0,0,0,0,0,0,0,0,0,0,0,0,0,0
d42056f27a6c002a2241048c320f9aa8,0.00715014,0,0,0,0,0,0,0,0,0,0,0,0,0,0,0,0,0,0
b78bdac2d66434f67db2a71b6f893639,0.23542497,0,0,0,0,0,0,0,0,0,0,0,0,0,0,0,0,0,0
2111882b8c11115b07a3384cb01ddd37,0,0,0.001524174,0,0.001214504,0,0.001687212,0,0,0,0,0,0,0,0,0,0,0,0
712f87f5d819a247fd620da2e5d1ba23,0,0,0,0,0,0,0,0,0,0.004275255,0,0,0.004150392,0,0,0,0,0.025615929,0
42bdb37eaf4585993d2dadc410341bfc,0,0,0,0.002870489,0,0,0,0,0,0,0,0,0,0.014677789,0.022008923,0.017380263,0.00716807,0.021820976,0
2a259a83523139e7d1a7dbd894e2ae4d,0,0,0,0,0,0,0,0,0,0,0,0,0,0,0,0,0,0.001423107,0
9bf10f3b741246f685489a40f205774c,0,0,0,0,0,0,0,0.000999193,0,0,0,0,0,0,0,0,0,0,0
7e19fffce24aab1692689a26dff5f328,0,0,0,0.002105025,0.003238676,0.003037902,0.003796227,0,0,0,0,0.006477377,0,0,0,0,0,0,0
742bfc36f3a40d87bc080ab54fdf0b05,0.00211856,0,0,0,0,0,0,0,0,0,0,0,0,0,0,0,0,0,0
c2d746ce5aed150d6696eed8143ec2c7,0,0,0,0,0,0,0,0,0,0,0,0,0,0,0.011392854,0.023173684,0.014723603,0.012333595,0
60afbfee9ee6fb92816d66611d1ffb57,0,0,0,0,0,0,0,0,0,0,0,0,0,0,0,0,0.008524191,0,0
896d6a6108564a7d73a7114e2266891a,0,0,0,0.008228736,0.003643511,0.002430322,0,0,0,0,0,0,0,0,0,0,0,0,0
e75112095b671ec01db52f4beeb04879,0.00317784,0,0,0,0,0,0,0,0,0,0,0,0,0,0,0,0,0,0
9d76317ec82da5850a197cc90ae5ac7b,0,0,0,0,0,0,0,0,0,0,0,0,0.001152887,0,0,0,0,0,0
44e8289188f3e0139151462805c84f90,0,0,0.000870957,0,0.001619338,0.000759476,0,0,0,0,0,0,0,0,0,0,0,0,0
870ed496f1d2c0a854ad1f59b3df7224,0.00211856,0,0,0,0,0,0,0,0,0,0,0,0,0,0,0,0,0,0
de81a26ccacc05d41aeda73937929a7e,0,0.010546869,0.005008002,0,0,0,0,0,0,0,0,0,0,0,0,0,0,0,0
8c503383f3a708faedc6cb319b223b42,0,0,0,0.00095683,0,0,0,0,0,0,0,0,0,0,0,0,0,0,0
66a02ed3c1738629e43ea7ca4005dafa,0.0026482,0,0,0,0,0,0,0,0,0,0,0,0,0,0,0,0,0,0
46106a1395497d731c64d8d5b56c3771,0.0039723,0,0,0.001722294,0,0.000911371,0.001265409,0.000799354,0,0,0.001615004,0,0,0,0,0,0,0,0
c07944d9bc5b69d80662d68f09d8fbb4,0,0,0,0.000382732,0,0,0,0,0,0,0,0,0,0,0,0,0,0,0
ec0ca50d7a1c6ee56a7ed9d776d9c0d1,0,0.008112976,0.133691877,0,0,0,0,0,0,0,0,0,0,0.000667172,0,0.003620888,0.002518511,0.013440456,0
be2d073abdb45af47fc76fa5752fb3f5,0,0,0.020249747,0,0,0,0,0,0,0,0,0,0,0,0.002071428,0,0,0.002213722,0
373d9c7b19e02b42024ac7d4b55dd1a8,0.0013241,0,0,0,0,0,0,0,0,0,0,0,0,0,0,0,0,0,0
4ce8113a40dc776a5daa50784544c8b8,0,0.081670624,0.016983659,0,0,0,0,0,0,0,0,0,0.004611546,0,0.002071428,0.002172533,0,0.000790615,0
d22ab0227295d4646e98ca484b96c239,0,0.062740347,0,0,0,0,0,0,0,0,0,0,0,0,0,0,0,0,0
7b35a5b1674bbaefc9af01283da529c1,0,0.285035886,0,0,0,0,0,0,0,0,0,0,0,0,0,0,0,0,0
287ba0fdb084dd16e803afd5ad536460,0,0.006760813,0,0,0,0,0,0,0,0,0,0,0,0,0,0,0,0,0
50bef0776b442d38fe4de5a83b9187a8,0.0026482,0,0,0,0.009311194,0.152350805,0.001898113,0,0,0,0,0,0,0,0,0,0,0,0
4b3f93408aee639f8a0d3499050b9ff3,0.00423712,0,0,0,0,0,0,0,0,0,0,0,0,0,0,0,0,0,0
472fdc0687378563f0c9da6da7638e1a,0.00423712,2.0642115,1.27399214,0.979028205,0.10444731,0.277056698,0.460608873,0.142884549,0.074666667,0.054509504,0.038221772,0.04815789,0.049574124,0.025574936,0.034955348,0.026070395,0.018791967,0.006483044,0
235cecb983088e1e7e515d60ffa5241b,0,0,0,0,0,0,0.000421803,0,0,0,0,0,0,0,0,0,0,0,0
0a1ad45b3f804b63062c39bed1fc1132,0,0,0,0,0,0.123490732,0,0,0,0,0,0,0,0,0,0,0,0,0
caddc7c3f8e30f2e74778fca73689c4b,0,0,0,0,0,0,0,0.004196609,0.006956522,0.001425085,0.009151692,0.006195752,0.002997505,0.009785193,0.014499996,0.01134545,0.005618217,0.007115536,0
91f0e5c44114d5c9a43a1eec10154a17,0.00238338,0,0,0,0,0,0,0,0,0,0,0,0,0,0,0,0,0,0
e70ce5e53ecded4a5d878b0f3e0eb2d2,0,0,0,0,0,0.000151895,0,0,0,0,0,0,0,0,0,0,0,0,0
91ae0ed28c5142ecc8b8e9a5d5f707d5,0,0.012169464,0.006314437,0,0.013966791,0,0,0,0,0,0,0,0,0,0,0,0,0,0
09eb2ace0ecf6426286819c37b4010e0,0.015359559,0,0,0,0,0,0,0,0,0,0,0,0,0,0,0,0,0,0
e7ce63997dfabeeef0a57cf7324b9a38,0,0,0,0.003635953,0,0,0,0,0,0,0,0,0,0,0,0,0,0,0
df718da3c7d5615d6f30a415de90fea7,0.0013241,0,0,0,0,0,0,0,0,0,0,0,0,0,0,0,0,0,0
c9a5de56046a818a6f69569090af6d1c,0,0.077614136,0.092321427,0,0,0,0,0,0,0,0,0,0,0,0,0,0,0,0
68c7aa8355d0b7c6e75c67d5df51d569,0.085272036,0,0,0,0.003643511,0,0,0,0,0,0,0,0,0,0,0,0,0,0
6beaf7c505778021c6d149ffc3a6d02d,0.047932418,0,0,0,0.006274935,0.001822741,0.006959749,0.002597901,0.003246377,0.003206441,0,0.001689751,0.001152887,0.002446298,0,0.00193114,0,0,0
34e20439c680b4b5689f8355e1b87165,0,0,0.010233743,0,0,0,0,0,0,0,0,0,0,0,0,0,0,0,0
8b0ebd33e66653c42aa292e40bf6291c,0,0,0,0,0,0,0,0.000799354,0,0.003206441,0.008613357,0.004787627,0.002766928,0.009118021,0.037803561,0.003138103,0.004262096,0.008538643,0
6b36d4249fe3062e9e2509943c80399e,0,0,0.001306435,0,0,0,0,0,0,0,0,0,0,0,0,0,0,0,0
0c115cc28920184a7e0b25223763a748,0,0,0,0.002870489,0,0,0,0,0,0,0,0,0,0,0,0,0,0,0
67af1e3d286ea7689f1babcf658e31e5,0,0,0,0,0,0,0,0,0,0,0,0,0,0,0.000776786,0.001206963,0,0.000158123,0
b21e9a2a1e6186cdab5d075a2e3bdeba,0,0,0,0,0,0,0,0,0,0,0,0,0,0,0,0,0.004262096,0,0
e4726f3d57702fff7a622a277f09f348,0,0,0.002395131,0,0,0,0,0,0,0,0,0,0,0,0,0,0,0,0
abe0e2740f8459c2e33550945597567d,0,0,0,0,0,0,0,0,0,0,0,0,0,0,0.001035714,0,0,0.000158123,0
da8011c670ba64a99498171a2ba72892,0,0.003515623,0.002177392,0,0,0,0,0,0,0,0,0,0.003228082,0,0,0,0,0,0
49196b1aebe801d08aeafc3c6ee37b63,0.00238338,0,0,0,0,0,0,0,0,0,0,0,0,0,0,0,0,0,0
bdd1ff0b7dda6da30f922fc86600543a,0,0.017578114,0.016983659,0.001339562,0,0,0,0,0,0,0,0,0,0,0,0,0,0,0
ca7dd43ffcedbade1adc51132a0deec1,0.00344266,0,0,0,0,0,0,0,0,0,0,0,0,0,0,0,0,0,0
49eabe5ac42dea1466d651d64825b6c6,0.00715014,0,0,0,0,0,0,0,0,0,0,0,0,0,0,0,0,0,0
7bee0db5d6c5c416f00bf1e6faffc9a8,0.00344266,0,0,0,0,0,0,0,0,0,0,0,0,0,0,0,0,0,0
0a57a465cfa8639424b461d0dbc7ed66,0.00079446,0,0,0,0,0,0,0,0,0,0,0,0,0,0,0,0,0,0
29b2f8399229daa8138a86a37fa795f1,0.014035459,0,0,0,0,0,0,0,0,0,0,0,0,0,0,0,0,0,0
9874202de61384a91f48d042f2ccafbc,0.012976179,0,0,0,0,0,0,0,0,0,0,0,0,0,0,0,0,0,0
af62b8aa99dba188ac2f26d05dff89d1,0.126054315,0,0,0,0,0,0,0,0,0,0,0,0,0,0,0,0,0,0
e9e060e5e0e46911cad92b8292aeefd7,0.441719741,2.950689333,1.775881027,0.063916228,0.094933698,0.064251636,0.01834843,0.005195802,0.006028986,0.007481697,0.004306679,0.005069252,0.009914825,0,0,0.001448355,0,0,0
d3156233792852376762d588f607ac71,0,0.137379725,0.065321764,0.266955502,0.008703942,0.033113136,0.003374424,0.007993541,0.006028986,0.00570034,0,0.001971376,0.004150392,0,0.004142856,0.005310636,0.002712243,0.005534306,0
4f4dc6bfd6d1b43335fe96fd6eb3e297,0.0013241,0,0,0,0,0,0,0,0,0,0,0,0,0,0,0,0,0,0
e01570517d009e1f5e5443a9dd58a231,0,0,0,0.00095683,0,0,0,0,0,0,0,0,0,0,0,0,0,0,0
648e7c40b893d19a0a37273a6e507e90,0,0,0,0,0,0,0,0,0,0.000356271,0,0,0,0,0,0,0,0,0
021debed55af14cc6451649e0fcd3ad0,0.026217179,0,0,0,0,0,0,0,0,0,0,0,0,0,0,0,0,0,0
283755ba25c1e02155384ef6f268c2ae,0.086860956,0,0,0,0,0,0,0,0,0,0,0,0,0,0,0,0,0,0
8f41bea56ea28ecfb10b1e83a77ff160,0.00238338,0,0,0,0,0,0,0,0,0,0,0,0,0,0,0,0,0,0
a759ddc94367592f2474e1de3acdb224,0,0.004597353,0.008056351,0,0,0.001063266,0,0,0,0,0,0,0,0,0,0,0,0,0
2b335f368deba69c6c95c18da31dc5f4,0.334997286,0,0,0,0,0,0,0,0,0,0,0,0,0,0,0,0,0,0
f2cd13764c9588bd921f3a53138830da,0.161275373,0,0,0,0,0,0,0,0,0,0,0,0,0,0,0,0,0,0
6c1758cff014a807d58bd737c76ec233,0.016418839,0,0,0,0,0,0,0,0,0,0,0,0,0,0,0,0,0,0
1351e87aa6c89a114e5104be8fe7c817,0.0052964,0,0,0.127258357,0.008096691,0.006075805,0.013286794,0.003996771,0.005565217,0,0,0.001689751,0.003919814,0.001111954,0.002330357,0.003862281,0.002324779,0.001264984,0
c667b7a7367b1dbad8a24df3fef9441a,0.018272579,0,0,0,0,0,0,0,0,0,0,0,0,0,0,0,0,0,0
9298ac3ee3ca7f2d3eb2fcd739324462,0.00767978,0,0,0,0,0,0,0,0,0,0,0,0,0,0,0,0,0,0
dd845f9a83e4214b3e9e1a1ead34f609,0.012711359,0,0,0,0,0,0,0,0,0,0,0,0,0,0,0,0,0,0
37376f3bdaca3bbd8c0eabde3b65c9a8,0,0,0,0.003253221,0,0,0,0,0,0,0,0,0,0,0,0,0,0,0
ba7e734314ca58b585509a99c1dc8f97,0,0.006219948,0,0.031766748,0.003845928,0.004556854,0.002109015,0.002597901,0,0.002493899,0,0,0.001152887,0,0,0,0,0,0
75d80c6719572b77733668a43dddaa60,0.00582604,0,0,0,0,0,0,0,0,0,0,0,0,0,0,0,0,0,0
5c9fb7a940057c1f9f962c0feb1bab79,0.00238338,0,0,0,0,0,0,0,0,0,0,0,0,0,0,0,0,0,0
55c520d7fe25c3a704fca36f36fde991,0,0,0.002612871,0.013395617,0,0,0,0,0,0,0.021533393,0,0.015679258,0.052261825,0.022785708,0,0,0,0
75dd0ee2682cb0bf3146f334b0c41c93,0,0.018118979,0.004137045,0,0,0,0,0,0,0,0,0.009012003,0.014065216,0.060045501,0.02589285,0.003620888,0.002131048,0.009329258,0
4c41a7fd62f9ed9348949825d0bd354c,0,0,0,0,0,0,0,0,0,0,0,0,0,0,0,0,0.000193732,0,0
60da7a21ae2997bc70a9730fd8151a29,0,0.065715105,0.079257074,0.22026221,0.006477353,0.016100883,0.00569434,0.005195802,0.00742029,0,0,0,0.003919814,0,0.003107142,0.002896711,0,0,0
7dc6bc8a29e523ea6cd464f8db0a770d,0,0.011899031,0.014806267,0,0,0,0,0,0,0,0,0,0,0,0,0,0,0,0
2fab6fd26dd55de5095ef7e45c45017b,0,0,0,0,0,0,0,0,0,0,0,0,0,0.000222391,0,0,0,0,0
13c192d50cff7e65ab17657c4769d790,0.00556122,0,0,0,0,0,0,0,0,0,0,0,0,0,0,0,0,0,0
23a68909643e167f508a7baac78d7026,0,0,0,0,0,0,0,0,0,0.008906782,0.004845013,0.007040627,0.009223093,0.027576452,0.010616069,0.007483169,0.004068364,0.020081623,0
118cef48f6a595357192f8fe289c2df2,0.00079446,0,0,0,0,0,0,0,0,0,0,0,0,0,0,0,0,0,0
3d69ca950aaaf9f351e4139369d78236,0.00158892,0,0,0,0,0,0,0,0,0,0,0,0,0,0,0,0,0,0
5088bc096c191a333932a605b066096f,0.00211856,0,0,0,0,0,0,0,0,0,0,0,0,0,0,0,0,0,0
a873a33b303c266754138e274bcb835f,0.00211856,0,0,0,0,0,0,0,0,0,0,0,0,0,0,0,0,0,0
5e05ab394eb8af522fe62a10d8c28445,0.0013241,0,0,0,0,0,0,0,0,0,0,0,0,0,0,0,0,0,0
e8ebb25bac25954fb7adbde26e956cb6,0.00185374,0,0,0,0,0,0,0,0,0,0,0,0,0,0,0,0,0,0
cdfbfbaaeefc8ad48995e3953a7ed409,0.00476676,0,0,0,0,0,0,0,0,0,0,0,0,0,0,0,0,0,0
b13f720636b1c50245daf019257f2c37,0.00317784,0,0,0,0,0,0,0,0,0,0,0,0,0,0,0,0,0,0
32ae6575d9d3e427dc9f898f16f33087,0.00185374,0,0,0,0,0,0,0,0,0,0,0,0,0,0,0,0,0,0
400fe0a1f19db5477c9e37d1f2efcef3,0.00238338,0,0,0,0,0,0,0,0,0,0,0,0,0,0,0,0,0,0
a07f3b457d225ac97e915f62126f9051,0.0013241,0,0,0,0,0,0,0,0,0,0,0,0,0,0,0,0,0,0
6f740d9776105d08cb826e9c2e6db049,0,0,0,0,0,0,0,0,0,0,0.00107667,0,0.002075196,0,0,0,0,0,0
edb2c105974cb9358cbb2a34fb4b93d8,0.0013241,0,0,0,0,0,0,0,0,0,0,0,0,0,0,0,0,0,0
e3083a5858ffbe913e0c1a70a8cf6919,0.00344266,0,0,0,0,0,0,0,0,0,0,0,0,0,0,0,0,0,0
5eea14d9885768eafe3cd046a6e975a7,0.0013241,0,0,0,0,0,0,0,0,0,0,0,0,0,0,0,0,0,0
d5ba4ee44ca72bb2c78ee918d3d0707d,0.068058737,0,0,0,0,0,0,0,0,0,0,0,0,0,0,0,0,0,0
19f57e5afe22be9a7efe64bedb272f7d,0.01032798,0,0,0,0,0,0,0,0,0,0,0,0,0,0,0,0,0,0
79731579b17268e3805c05662db8b5a6,0.0026482,0,0,0,0,0,0,0,0,0,0,0,0,0,0,0,0,0,0
475e27bf3e60bc624563dd2d438e0a64,0.048197238,0,0.003483827,0,0,0,0,0,0,0,0,0,0,0,0,0,0,0,0
d8c78611226dae60111f022dc0a9f947,0.068323557,0,0,0,0,0,0,0,0,0,0,0,0,0,0,0,0,0,0
e1abbababbc410f2f1faa24f6ccbc7f9,0.564331396,0,0.003048349,0,0,0,0,0.000799354,0,0,0,0,0,0,0,0,0,0,0
0ac09c35a4ef5356c779c2c282c506a1,0.093481456,0,0,0,0,0,0,0,0,0,0,0,0,0,0,0,0,0,0
70d288ad69e9db19c1dac3bf211eaeb9,0.065940177,0,0,0,0,0,0,0,0,0,0,0,0,0,0,0,0,0,0
6195e799c734a9a8f419aed004b7cf86,0,0,0.000653218,0,0,0,0,0,0,0,0,0,0,0,0,0,0,0,0
5c76e0d46321fda9cf0d46f3a598b74f,0,0,0,0,0.000607252,0,0,0,0,0,0,0,0,0,0,0,0,0,0
3d7b139f39141ba112868fcf7236158e,0.00185374,0,0,0,0,0,0,0,0,0,0,0,0,0,0,0,0,0,0
160417c8184691818a991a146e5402d7,0,1.584464192,5.430415991,0.181797653,0.014574043,0.018379309,0,0,0.003710145,0.003206441,0,0,0.000922309,0,0,0,0,0,0
e93433e87baa0b69a6daa419d5c52acb,0,0,0.00544348,0,0,0,0,0,0,0,0,0,0,0,0,0,0,0,0
ac0039723d07f8589ce17bb3395a8ff5,0,0,0.002612871,0,0,0,0,0,0,0,0,0,0,0,0,0,0,0,0
8e6faab8acc1bdcba46f098a739aec14,0,1.56499305,5.773790731,0.215286695,0.018015137,0.022632373,0.001265409,0.002797739,0,0,0.002153339,0,0,0.001111954,0,0,0,0,0
bfeb406eac391881a6599911d4643acb,0,0.001622595,0,0,0,0,0,0,0,0,0,0,0,0,0,0,0,0,0
9b7c1f4112c3dcad4bcd9ac9caa5caf8,0,0.00216346,0,0,0,0,0,0,0,0,0,0,0,0,0,0,0,0,0
b7a2f949d87f6ce14145811c2d2974af,0.019331859,0,0,0.003635953,0,0,0,0,0,0,0,0,0,0,0,0,0,0,0
e75fd72fb216d3d4c964602d8c338f65,0,0.763160599,2.79969081,0.817515343,2.800038054,1.221996236,0.056732503,0.003397255,0.003246377,0.002493899,0,0,0.002536351,0.001111954,0.001294643,0.002413925,0.000774926,0,0
840e058fa20744d5348c023c25e7d232,0,0,0.001306435,0,0,0,0,0,0,0,0,0,0,0,0,0,0,0,0
fe53e16940fd4ac540adc0d7c5d73841,0,0,0,0,0,0,0,0,0,0,0,0.001408125,0,0,0,0,0,0,0
f63e76a4ce2cd0f7f39e8195d8302dcf,0,0,0,0.04726739,0.930512176,0.285259034,0.091742152,0,0,0,0,0,0,0,0,0,0,0,0
fd8b9f0334e7dc4b6c8df23989d0338e,0,0,0,0,0.000404835,0,0,0,0,0,0,0,0,0,0,0,0,0,0
2990b08e6fdd30ce626c1f5d8d026587,0.0092687,0,0,0,0,0,0,0,0,0,0,0,0,0,0,0,0,0,0
fa83652d0f1eca666000903a370b6e14,0,0.032992769,0.025693227,0,0,0,0,0,0,0,0,0,0,0,0,0,0,0,0
b9779a83e705307c6596e4741240726c,0.00847424,0,0,0,0,0,0,0,0,0,0,0,0,0,0,0,0,0,0
8fabb679415fe6a9969015076873e211,0.196231612,0,0,0,0,0,0,0,0,0,0,0,0,0,0,0,0,0,0
48d3df1c8c87428a5ef19a3ea0a4c6d1,0.148564014,0,0,0,0,0,0,0,0,0,0,0,0,0,0,0,0,0,0
8bf2d32646e2f8940a7204828fdeb654,0.00185374,0,0,0,0,0,0,0,0,0,0,0,0,0,0,0,0,0,0
33ee5a4f23a0bf945ce5b4ffa11feef5,0,0.189573203,0.050297758,0.002296391,0,0.000911371,0,0.002398062,0.003710145,0.002493899,0,0,0.000922309,0,0.004919642,0.002413925,0.003874632,0.002846214,0
0b9435a851d1e394bd12d008525a6197,0,0.021905035,0.009798265,0,0,0,0,0,0,0,0,0,0,0,0,0,0,0,0
ddc66d3a76d91f0f401087bf108cc42c,0,0.008653841,0,0,0,0,0,0,0,0,0,0,0,0,0,0,0,0,0
e8a86642422a282bb8095b927d653eaf,0,0,0,0,0,0,0,0,0,0,0.001615004,0,0,0,0,0,0,0,0
3ec5ac546f36cb0a6d6b41ea94437fd6,0.00450194,0,0,0,0,0,0,0,0,0,0,0,0,0,0,0,0,0,0
659345ab0b295a524c8158295f1b7e49,0.00317784,0,0,0,0,0,0,0,0,0,0,0,0,0,0,0,0,0,0
4be7e3af901821b478005592cf83e189,0,0.004867786,0.003048349,0,0,0,0,0,0,0,0,0,0,0,0,0,0,0,0
ce3debe377068d91443c07c23728742c,0.00450194,0,0,0,0,0,0,0,0,0,0,0,0,0,0,0,0,0,0
668b888b470fb300314dd012a056e5ea,0.00105928,0,0,0,0,0,0,0,0,0,0,0,0,0,0,0,0,0,0
b0c56ead300fe6c57f4fc02a1a2f03bd,0.0013241,0,0,0,0,0,0,0,0,0,0,0,0,0,0,0,0,0,0
62e1d1dac671aff6e6dc206418fd79c6,0,0.269621232,0.021991661,0,0,0,0,0,0,0,0,0,0,0,0,0.000724178,0.001937316,0,0
1bb528201a9ce27b647d4d0f9c6d01fb,0,0,0,0,0,0,0,0,0,0,0,0,0,0,0,0,0,0.000948738,0
f028df8f84e6a5ff0a4512a509e23477,0,0.008383408,0.004137045,0.014926544,0.031172259,0.022024792,0.002109015,0,0,0,0,0,0,0,0,0,0,0,0
4277458ff73b444855fb03eaf11e4ab5,0.00079446,0,0,0,0.022873151,0.032809346,0.001898113,0.000799354,0,0,0,0,0,0,0.001294643,0,0,0,0
5d09f55ef260c01efb18315a666b6199,0.00503158,0,0,0,0,0,0,0,0,0,0,0,0,0,0,0,0,0,0
2c46a6bd519e153e57e33cbee296bb41,0,0,0,0,0,0,0,0,0,0,0,0,0,0,0,0,0.001356121,0.008696766,0
82864a780f7d57947ef3451dd7539740,0.039987818,0.001622595,0,0,0.002024173,0.011847819,0,0,0,0,0,0,0,0,0,0,0.002712243,0.016602917,0.007644822
cd1f95189b8375347f827f4a8b08dcf7,2.235610344,0.279086371,0.089490817,0.04822422,0.047568058,0.033113136,0,0,0,0,0,0,0,0,0,0,0,0.00158123,0
f7f87d90b1d55c8ef8d7ea8f99e72018,0.00185374,0,0,0,0,0,0,0,0,0,0,0,0,0,0,0,0,0,0
7c8a44a5a37e7afc0e7ccfddef0dbba5,0,0,0,0.001148196,0,0.001670846,0,0,0,0,0,0,0,0,0,0,0,0,0
ecff8099a19480a2264b0e2dfbd1f968,0,0.007842543,0.007185394,0.03214948,0.032386763,0.029011968,0,0,0,0,0,0,0,0,0,0,0,0,0
c33784637b3fe1149b91229edd94eecf,0,0,0,0,0,0,0,0,0,0.001781356,0,0,0,0,0,0,0,0,0
335d0b23ffa0a12a5048771a0c89e3b1,0,0,0,0.007654638,0.007489439,0,0,0,0,0,0,0,0,0,0,0,0,0,0
619ac3ad257e70633292af469a960d56,0,0.262049121,0.021991661,0.039038654,0.025504576,0.014885722,0,0,0,0,0,0,0,0,0,0,0,0,0
5c8ca1fddc8497f2db7a63141e5cdc7f,0,0.061929049,0.007620872,0,0,0,0,0,0,0,0,0,0,0,0,0,0,0,0
1352ecafaa4f51b95bedc9b026136ba0,0.0052964,0,0,0,0,0,0,0,0,0,0,0,0,0,0,0,0,0,0
0cbc4442a6e5bf5a92171dc5905f3124,0,0.001352163,0.00283061,0,0.001416921,0,0,0,0,0,0,0,0,0,0,0,0,0,0
421b4676c5bde303e399360e708db7fc,0.017213299,0,0,0,0,0,0,0,0,0,0,0,0,0,0,0,0,0,0
5fda016714ed5f6d8bbfc918786e8525,0.00370748,0,0,0,0,0,0,0,0,0,0,0,0,0,0,0,0,0,0
e4486fa2f00016fa6078468bfe73bb89,0,0.018659845,0.143490142,0.058366615,0.116592346,0.147034476,0.014552203,0.009792088,0.00742029,0.003206441,0.001615004,0.004224376,0,0.001111954,0,0.003620888,0,0.001264984,0
14cf2dc39880985bc2129f16b8f963f5,0,0,0.049209062,0.020284791,0.03926895,0.049821599,0,0,0,0,0,0,0.003228082,0,0,0,0,0,0
6281e84f5577a96d655059cf0de0540a,0,0,0.007620872,0,0,0,0,0,0,0,0,0,0,0,0,0,0,0,0
138ba6e05643a696295fc4a8ee67406c,0,0,0,0,0,0,0,0,0,0,0,0,0,0,0.003883928,0,0.003487169,0,0
95a05bf179625c68dbfdd8e357f791cf,0,0,0.007403133,0,0,0.005316329,0,0,0,0,0,0,0,0,0,0,0,0,0
24118ef9e2dd669b3382317f70b3c490,0,0.003515623,0,0,0,0,0,0,0,0,0,0,0,0,0,0,0,0,0
fb3e6be0517e6c8b7a27582c871b2ab3,0.00370748,0,0,0,0,0,0,0,0,0,0,0,0,0,0,0,0,0,0
b47908de018aea1744738eba767e1034,0,0.198497477,0.806723787,0.002487757,0,0.001367056,0,0,0,0,0,0,0,0,0,0,0,0,0
9560e4972e8046c341e33c5455f39420,0,0,0.000435478,0,0,0,0,0,0,0,0,0,0,0,0,0,0,0,0
89dfaf0aa4a8af8e27a826ba8dd97044,0,0.171183791,0.293947939,0.056070224,0.039471367,0.056504984,0,0,0,0,0,0.001971376,0,0.098741491,0.082598192,0.003138103,0.004068364,0.00679929,0
3a0635f007892aed36fc53868d002162,0,0,0.000870957,0,0,0,0,0,0,0,0,0,0,0,0,0,0,0,0
25f9dbd6c37925f1be38fa56d2908617,0.0052964,0,0,0,0,0,0,0,0,0,0,0,0,0,0,0,0,0,0
daa33b68bffced185af681590ffd372e,0.012181719,0,0,0,0,0,0,0,0,0,0,0,0,0,0,0,0,0,0
3430b825e4b3a8125340b6e0f195bf98,0.00715014,0,0,0,0,0,0,0,0,0,0,0,0,0,0,0,0,0,0
b180a2455b236c103cf0bfe620095736,1.131046171,0,0.00283061,0,0,0,0,0,0,0,0,0,0,0,0,0,0,0,0
299ccc8e8ff39974e43c21db8583539d,0.054817738,0,0,0,0,0,0,0,0,0,0,0,0,0,0,0,0,0,0
fa7c27da02160cd4642de54d236e78fc,0.052169538,0,0,0,0,0,0,0,0,0,0,0,0,0,0,0,0,0,0
feec8d91c6be13d10b577e62ebd689e9,0,0.00108173,0,0,0,0,0,0,0,0,0,0,0,0,0,0,0,0,0
8bc8eb4392eecf9f922bfb55df2c4144,0,0,0,0,0,0.038733255,0.064957662,0.053756565,0.032,0.027432887,0.026916741,0.022530007,0.032511402,0.011119537,0.024339279,0.017621656,0.013561213,0,0
be9dcf562f0ab066c0b252d527a42d19,0,1.817847465,0.834812145,0.320537968,0.103637641,0.73729891,1.321086986,1.002589907,0.648347826,0.490229261,0.491499693,0.497631533,0.588894474,0.221501182,0.533910571,0.377055156,0.250301253,0.074159695,0.017200849
e1dfc1945a6b78a701192ebd002e974c,0,0,0,0,0,0.001215161,0,0,0,0,0,0,0,0,0,0,0,0,0
43d67e1ce7eecf7458f714c110d161d5,0,0,0,0,0.000404835,0,0,0,0,0,0,0,0,0,0,0,0,0,0
bea331330a1f00d2ccef18e7b8d75a4b,0,0,0,0.040569582,0,0,0,0,0,0,0,0,0,0,0,0,0,0,0
9e91972e602f744d92a27f9585c4a19d,0,0,0,0.041909143,0,0,0,0,0,0,0,0,0,0,0,0,0,0,0
f12686b1d3e4d79217d2b79924ed502d,0,0,0,0.167253841,0,0,0,0,0,0,0,0,0,0,0,0,0,0,0
661abca79e265b3ee6a7c8d22090737d,0,0,0,0,0,0,0,0.000399677,0,0,0,0,0,0,0,0,0,0,0
a1efc5abbff6d352054a4329b15a1abf,0,0,0,0.004975515,0,0,0,0,0,0,0,0,0,0,0,0,0,0,0
4c31c3e198534eab45b6d92b61f75b10,0,0,0,7.344816566,0.305447656,0.170730114,0.25476901,0.192044828,0.155362319,0.074460694,0.077520214,0.087022153,0.088541691,0.058933547,0.132053536,0.089315242,0.08136728,0.027039036,0
e99169633801b8aba8a6ae89e0ee2a26,0,0,0,0.003444587,0,0,0,0,0,0,0,0,0,0,0,0,0,0,0
c3e968a0946cfc5f9704691f47655570,0,0,0,0,0.000607252,0,0,0,0,0,0,0,0,0,0,0,0,0,0
826b2dad200d99cccec78d01acb38da4,0,0,0,0.269251893,0,0,0,0,0,0,0,0,0,0,0,0,0,0,0
07e45dbcdbdf6f14162122517de780b0,0,0.018389412,0.016983659,0.003253221,0,0,0,0,0,0,0,0,0,0,0,0,0,0,0
b8be4a864e591a2801a0b9194efc1060,0.097453756,0,0,0,0,0,0,0,0,0,0,0,0,0,0,0,0,0,0
f30d2084ebd9ba46d4b05f86cf1dfa7b,0,0,0.002395131,0,0,0,0,0,0,0,0,0,0,0,0,0,0,0,0
b70cf1cd83f125ce28f989f55d2ca2d2,0,0.014603357,0,0,0,0,0,0,0,0,0,0,0,0,0,0,0,0,0
a039c1ac15b3f4bc5cf1db8a5f1cc0fd,0,18.11384128,9.32163348,3.900038082,1.15317117,0.854865732,0.852042054,0.504991966,0.340405797,0.194880382,0.208873911,0.183337933,0.213745175,0.121202956,0.240026721,0.196252139,0.135612134,0.046171921,0
6dbf54dfd0a3207126af074af10be296,0.122876475,0,0,0,0,0,0,0,0,0,0,0,0,0,0,0,0,0,0
4d9f444d7b7f1f6de3b53c732536296a,0,0.017307682,0,0,0,0,0,0,0,0,0,0,0,0,0,0,0,0,0
07ebfd1673dbe181c7a499218a46ef80,0,0.010006004,0.004572523,0,0,0,0,0,0,0,0,0,0,0,0,0,0,0,0
931f5be1037c1c313cde89dcc9b3474e,0,0,0.002612871,0,0,0,0,0,0,0,0,0,0,0,0,0,0,0,0
bfd0c8d60af26ef218a387e70ec45b54,0,0.012169464,0,0,0,0,0,0,0,0,0,0,0,0,0,0,0,0,0
a5603389a441a68a8797aa8a3cf61af9,0,0.009194706,0,0,0,0,0,0,0,0,0,0,0,0,0,0,0,0,0
325b6281ee8480e4b22c882b8bc7041c,0,0,0.00827409,0,0,0,0,0,0,0,0,0,0,0,0,0,0,0,0
08c5a92f42b9bd6cf258a65dc845fd17,0.018537399,0,0,0,0,0,0,0,0,0,0,0,0,0,0,0,0,0,0
dc22433569281cc665fba3df53e3f566,0.198085351,0.00216346,0.001959653,0,0,0,0,0,0,0,0,0,0,0,0,0,0,0,0
4597728556b60e620b133a6bac86bcfc,0.023304159,0,0,0,0,0,0,0,0,0,0,0,0,0,0,0,0,0,0
858b85aa56bbce1359f8be897360a774,0,0.001893028,0,0,0,0,0,0,0,0,0,0,0,0,0,0,0,0,0
aa4b8fb0330c049740437e03fc90a40e,0,0.045432665,0.004790263,0.008228736,0.001012086,0,0,0,0,0,0,0,0,0,0,0,0,0,0
0916b03c8a001547e1909d8a2fe6178e,0.00052964,0,0,0,0,0,0,0,0,0,0,0,0,0,0,0,0,0,0
a1f21db1df1536b5a1147e9ffb486b61,0.00635568,0,0,0,0,0,0,0,0,0,0,0,0,0,0,0,0,0,0
30722c9b979a324b1a9e507436496b08,0.014300279,0,0,0,0,0,0,0,0,0,0,0,0,0,0,0,0,0,0
7767ca8c82d1d254c5d3228f43b2b213,0.093481456,0,0.00283061,0,0,0,0,0,0,0,0,0,0,0,0,0,0,0,0
b59754bec2dc431ceec006fa8d612183,0.036280338,0,0,0,0,0,0,0,0,0,0,0,0,0,0,0,0,0,0
51d1bc05cfe3f4f9fd53eb552e293c01,0.020391139,0,0,0,0,0,0,0,0,0,0,0,0,0,0,0,0,0,0
9ab23c4d99ca81eaa9c30826e3201dd4,0.249460429,0,0,0,0,0,0,0,0,0,0,0,0,0,0,0,0,0,0
a27f37aae2a34101f8a61c6f0b1cd246,0.613323094,0.004867786,0.003701567,0,0,0,0,0,0,0,0,0,0,0,0,0,0,0,0
64fc10f0a6641c24f1fc81c23d55d3b7,0.053228818,0,0,0,0,0,0,0,0,0,0,0,0,0,0,0,0,0,0
e111f26c316c8b919015c64090c7cdef,0.064086437,0,0,0,0,0,0,0,0,0,0,0,0,0,0,0,0,0,0
8fd7af3fd41ce627d8be20317e594132,0.045019398,0,0,0,0,0,0,0,0,0,0,0,0,0,0,0,0,0,0
e7baf16c3258bdcf8af64b53aa373771,0.00767978,0,0,0,0,0,0,0,0,0,0,0,0,0,0,0,0,0,0
1034f9305f9e8af991841f0741e8ce44,0.017742939,0,0,0,0,0,0,0,0,0,0,0,0,0,0,0,0,0,0
838197ea99c414fe3d5129775a734245,0.00635568,0,0,0,0,0,0,0,0,0,0,0,0,0,0,0,0,0,0
e71d7fce3b720ea2b97354f4a94a19a7,0.01085762,0,0,0,0,0,0,0,0,0,0,0,0,0,0,0,0,0,0
54e41d7748bdb8fe71a73a47ad58423e,0.277796168,0,0.004354784,0,0,0,0,0,0,0,0,0,0,0,0,0,0,0,0
b50c901a9773cf8216278d2bb4e70644,0.091362896,0,0,0,0,0,0,0,0,0,0,0,0,0,0,0,0,0,0
9e679d7c299efc7140f026781b04d72c,0.029924659,0,0,0,0,0,0,0,0,0,0,0,0,0,0,0,0,0,0
eccd8d734ee6af96b42328e6e5a1d507,0,0,0,0,0,0,0,0,0,0,0,0,0,0,0,0,0,0.000316246,0
dedaa658c067ddab6be08769c9d8b5ec,0,0,0,0,0,0,0,0.000599516,0,0,0,0,0,0,0,0,0,0,0
66d9eb13f3c8549ed0ac95f646c23ead,0,0.062199482,0.012846614,0.019136595,0.002024173,0.004556854,0,0,0,0,0,0,0,0,0,0,0,0,0
aaa707342b1a12423de93e29ef0fb102,0.00158892,0,0,0,0,0,0,0,0,0,0,0,0,0,0,0,0,0,0
bab46dfd2ebedb1ecc30e955eb423156,0.038134078,0,0,0,0,0,0,0,0,0,0,0,0,0,0,0,0,0,0
8359901a562b0b0642e0383e8fb12566,0.00476676,0,0,0,0,0,0,0,0,0,0,0,0,0,0,0,0,0,0
2b810d05c55b0e9f8dda84a275803f71,0.00476676,0,0,0,0,0,0,0,0,0,0,0,0,0,0,0,0,0,0
da131e54714432d2efe40ba671d42f55,0.095864836,0,0,0,0,0,0,0,0,0,0,0,0,0,0,0,0,0,0
6575c99cec435a76668a7c45a05dd227,0.029130199,0,0,0,0,0,0,0,0,0,0,0,0,0,0,0,0,0,0
d6fd8cc30f52c997d8a550fdb5b27dfd,0.152006673,0,0,0,0,0,0,0,0,0,0,0,0,0,0,0,0,0,0
b7806c4f83108800a9c32dc83c148d95,0,0.230408515,0.167223716,0.151753199,0.844889672,0.505051272,0.625533844,0.281172812,0.261565217,0.536188254,0.285855791,0.334007356,0.256401979,0.153894396,0.256598146,0.484474838,0.665855577,0.280826477,0.078359421
58b2cf308363fb35b932620518786116,0.01112244,0.631189525,0.413051288,0.116541864,0.118009267,0.419078635,0.005905242,0.002797739,0.002782609,0,0,0.000844875,0.002075196,0.001111954,0.008026784,0.006517599,0.004649559,0.002055599,0
7df1941b2f205401a1e303c18dfcb5e4,0,0,0.000435478,0,0,0,0,0,0,0,0,0,0,0,0,0,0,0,0
41ce94f4a11ec070e9cc2b4aa6bd4586,0,0,0,0,0.000809669,0,0,0,0,0,0,0,0,0,0,0,0,0,0
06bb48a671163cdd75613e80ef87b92d,0,0,0,0,0,0,0,0,0,0,0,0,0,0,0.001035714,0.00096557,0.001356121,0,0
af4077b83626bed3fca2dfbdf7cb9f90,0,0,0,0,0,0,0,0,0,0,0,0,0,0,0,0,0,0.000790615,0
f0b4d6d49281190556a6cc4d5286dfb6,0,0.016225952,0.047902627,0,0,0,0,0,0,0,0,0,0,0,0,0,0,0,0
2e4e10f885aac2233d05e4b46571c20d,0.00767978,0,0,0,0,0,0,0,0,0,0,0,0,0,0,0,0,0,0
554686cea3283b156638818673bd7f53,0.00423712,0,0,0,0,0,0,0,0,0,0,0,0,0,0,0,0,0,0
efee85b044faa2ad388a0ad03caa1ab0,0.0079446,0,0,0,0,0,0,0,0,0,0,0,0,0,0,0,0,0,0
b04b7cec6f00435b186177833dba9e0c,0.00767978,0,0,0,0,0,0,0,0,0,0,0,0,0,0,0,0,0,0
cf94c789ff082528101c344b74e994c7,0,0,0,0,0.003238676,0.003949273,0,0,0,0,0,0,0,0,0,0,0,0,0
ce7cc0fd0e5319b6271c2a7b5fe54896,0,0,0,0,0.002024173,0,0,0,0,0,0,0,0,0,0,0,0,0,0
919c50490dbc9552a946f26b32c4ae12,0.188022192,0,0,0,0,0,0,0,0,0,0,0,0,0,0,0,0,0,0
0dda2781d785ae2fff6a81eabdeb9143,0.085272036,0.012710329,0.011540178,0,0,0.001367056,0,0,0,0,0,0,0,0,0,0,0,0,0
0b4ce1bf546f25f6976d10bd9c189687,0,0,0.00544348,0.001339562,0,0,0,0,0,0,0,0,0,0,0,0,0,0,0
21cff8afa99fd812a66ca2e7c53e8fda,0.00556122,0,0,0,0,0,0,0,0,0,0,0,0,0,0,0,0,0,0
26897509b56c5bcf18626b728a146bca,0.025422719,0,0,0,0,0,0,0,0,0,0,0,0,0,0,0,0,0,0
5346417a16a786a9003aaee8d9cf6253,0.048726878,0,0,0,0,0,0,0,0,0,0,0,0,0,0,0,0,0,0
f8451982c6df9c7c753b7c8a3ac6298b,0,0.018389412,0.003701567,0,0,0,0,0,0,0,0,0,0,0,0,0,0,0,0
abaecd8b82d14efc7ccc4dcb7f864cba,0,0.438911996,0.167659195,0.267720965,0.330952232,0.25457622,0.044922019,0.003796932,0.005565217,0.010331867,0.008075022,0.001971376,0.007147897,0.024240591,0.029517849,0.013759375,0.013367482,0.003478706,0
2e629a245a33dc88d99de2c8d9e0b216,0,0.000540865,0,0,0,0,0,0,0,0,0,0,0,0,0,0,0,0,0
c3fb8f32d5ff76839b6ffcee6dd67328,0.0066205,0,0,0,0,0,0,0,0,0,0,0,0,0,0,0,0,0,0
f15d9912ad67ff3efb5f911bac709f3b,0,0.013792059,0.007403133,0.016840204,0.025099741,0.019898261,0,0,0,0,0,0,0,0,0,0,0,0,0
02809af9a001c44a58624822e0e44569,0,0.200660937,0.084265076,0.109461324,0.101411051,0.071086916,0.004639833,0,0,0,0,0,0,0,0,0,0,0,0
946e45651fe55c77bfec78b5f0c9ac09,0,0,0,0.000765464,0,0,0,0,0,0,0,0,0,0,0,0,0,0,0
fde5fbd4507f68a2eabc92fb449d9965,0,0.057602129,0.026346445,0.019136595,0.020039309,0.018531205,0.007592454,0.006394833,0,0.009975595,0,0.005069252,0.007839629,0.019347995,0.029258921,0.026794573,0.01201136,0.004585567,0
b9894ecd47f62b16d09553eba88c3e8d,0,0.025420658,0.010669221,0,0.007489439,0.00592391,0,0,0.006492754,0,0.007536688,0,0,0,0,0.009414309,0,0,0
cfa7e5524c99aac7db9399503a7e846a,0,0.045703098,0.052257411,0.045927828,0.06963154,0.045416641,0.001687212,0,0,0.006769154,0.012381701,0.008730378,0.008992515,0,0,0,0,0,0
7809979fa1370bb575a71ab75a91bb93,0,0,0,0.001148196,0,0.000911371,0,0,0,0,0,0,0,0,0,0,0,0,0
e56be085db1687a19866f0fdfd6d63f1,0,0.011899031,0.009798265,0.013969714,0.01477646,0.011240239,0.001054507,0,0,0,0.005383348,0,0.002536351,0,0,0,0,0,0
cbbd3fd672febff085d5ca40c28282da,0,0.009194706,0.008491829,0.015309276,0.014371626,0.010632658,0,0,0,0,0,0,0.003689237,0,0,0,0,0,0
c8cd270702fe338a1a9d8cba7c850177,0,0.007301678,0,0,0,0,0,0,0,0,0,0,0,0,0,0,0,0,0
7e2246947e40512267840e3645e8c570,0,0.016766817,0,0.075780917,0.013966791,0.029619548,0,0,0,0,0,0,0,0,0,0,0,0,0
cf506e6252da1013261a93132ed38efe,0,0,0.002395131,0,0,0,0.001687212,0.002398062,0,0,0.002691674,0,0,0,0,0,0,0,0
637ec5730f0da83790b96ca6708f5309,0,0.113852095,0.0333141,0.017414302,0.005870101,0.006075805,0,0,0,0,0,0,0,0,0,0,0,0,0
d0ee8cd5ce16c3dcf15fe70d87a7b4b5,0.00741496,0,0,0,0,0,0,0,0,0,0,0,0,0,0,0,0,0,0
11506c8de798b3e79303f7afc3d782b6,0.00291302,0,0,0,0,0,0,0,0,0,0,0,0,0,0,0,0,0,0
e973e792bb24983e1304d41a8ed0c375,0.00317784,0,0,0,0,0,0,0,0,0,0,0,0,0,0,0,0,0,0
ad6ed76aeca8371d3d439eb14c33610c,0.00185374,0,0,0,0,0,0,0,0,0,0,0,0,0,0,0,0,0,0
bb189f50d84fff9f651961e4aa4973c3,0,0,0,0,0,0,0,0,0,0,0,0,0,0,0,0,0,0,0.003822411
e78a4809f944f61c69e56a00efdf3600,0,0,0,0,0,0,0,0,0,0,0,0,0,0,0,0,0,0,0.005733616
fa12b4ab6025aa6949d1c08949701734,0,0,0,0,0,0,0,0,0,0,0,0,0,0,0,0,0,0,0.005733616
01bc6f144e0f577c7a5364ebafdb3509,0.027276459,0.070312458,0.134127356,0.210885278,0.169423252,0.27979081,0.015395809,0.039368191,0.018550725,0.326344479,0.214795594,0.491154156,0.276001051,0.549082749,0.706356954,0.456473303,0.495759215,0.278138386,0.103205091
3fafff6e120eb323ee7a135e6bff6a5d,0,0,0,0,0,0,0,0.000399677,0,0,0,0,0,0,0,0,0,0,0
4659fa38e38fa03ccd272117c33e2d0f,0,0,0,0,0,0.016556568,0,0,0,0,0,0,0,0,0,0,0,0,0
8c86a02bd0f2c7a90bb40b735577a623,0.596639434,0,0,0,0,0,0,0,0,0,0,0,0,0,0,0,0,0,0
d049fee266c4b987284237c65812bd8b,0,0.043269205,0.005878959,0.002105025,0,0,0,0,0,0,0,0,0,0,0,0,0,0,0
e5632edb0fd267dbaf571c758b91be2a,0.087390596,0,0,0,0,0,0,0,0,0,0,0,0,0,0,0,0,0,0
5a6520a634bb27352c524ba237fd0d64,0.663638891,0.04164661,0.011757918,0.003444587,0.00667977,0.008809917,0,0,0,0,0,0,0,0,0,0,0.009880313,0.032889587,0.005733616
4802528c1ea82ecd9df3a5e6734101b2,0.00052964,0,0,0,0,0,0,0,0,0,0,0,0,0,0,0,0,0,0
6239566d7bda185bbc00c6475202b675,0.049786158,0,0,0,0,0,0,0,0,0,0,0,0,0,0,0,0,0,0
fa29a08838db72d944922cbf3ca72b38,0.0013241,0.012439896,0.023080357,0.000765464,0.002429007,0.011544029,0,0,0,0.001781356,0,0,0.000922309,0,0,0,0,0,0
69b20cc817bea5dcb9b42ccea6416abb,0,0.001352163,0,0.001339562,0.004250763,0.022784268,0,0,0,0,0,0,0,0,0,0,0,0,0
e52eb9b81be103823dae2b735dafea6f,0.0013241,0,0,0,0,0,0,0,0,0,0,0,0,0,0,0,0,0,0
b659fcf2b17787c3e45bedfc42a89936,0.037604438,0,0,0,0,0,0,0,0,0,0,0,0,0,0,0,0,0,0
911ddc4e1da558630158fa05fba14992,0.094540736,0,0,0,0,0,0,0,0,0,0,0,0,0,0,0,0,0,0
fb89ee34d5f2ddb3d1ce9da15080b792,0.042106378,0,0.000870957,0,0,0,0,0,0,0,0,0,0,0,0,0,0,0,0
71b89747d9e5f39535d7cd2ac1005789,0.020655959,0,0,0,0,0,0,0,0,0,0,0,0,0,0,0,0,0,0
52ac87abfa970ee890f4bfb7ce0f1337,0.00211856,0,0,0,0,0,0,0,0,0,0,0,0,0,0,0,0,0,0
49d8ed77132802ef1ad7036f31e0117a,0.402526383,0,0,0,0,0,0,0,0,0,0,0,0,0,0,0,0,0,0
34718f0afd4e47caea8aae283c0f5406,0,0.000540865,0,0,0,0,0,0,0,0,0,0,0,0,0,0,0,0,0
a4c97d72a3ac2b7c1435c56721a3aa1a,0.00423712,0,0,0,0,0,0,0,0,0,0,0,0,0,0,0,0,0,0
f7e31d1689b9fa6e5639ba7fb856967a,0.01085762,0,0,0,0,0,0,0,0,0,0,0,0,0,0,0,0,0,0
ac6d0a3fca5ae4aad55d98349c5d4560,0,0,0,0.002870489,0,0,0,0,0,0,0,0,0,0,0,0,0,0,0
5921e25af2acb3d6f297ce40e0373ecd,0.00423712,0,0,0,0,0,0,0,0,0,0,0,0,0,0,0,0,0,0
cefe4ae946de41fe87fc0040bdea335e,0.0013241,0,0,0,0,0,0,0,0,0,0,0,0,0,0,0,0,0,0
fe74d2e267ad3ebb8fbfe24bbb464049,0.418945222,0,0,0,0,0,0,0,0,0,0,0,0,0,0,0,0,0,0
9f34b6a04f6d30d61947a02265404b17,0.0039723,0,0,0,0,0,0,0,0,0,0,0,0,0,0,0,0,0,0
f393acad7e7899533663fe3fcf8c4661,0,0,0,0,0,0,0,0,0,0,0,0,0,0,0,0,0,0,0.005733616
147c28a497af9f823da70571c88b5ebe,0.015889199,0,0,0,0,0,0,0,0,0,0,0,0,0,0,0,0,0,0
ce835292dded53d610b8b1ca216711c5,0,0,0,0.007654638,0.009716029,0.013822456,0,0,0,0,0,0,0,0,0,0,0,0,0
f16e4c6266ddf5fc9dd22ebb744cb295,0,0.007031246,0.004354784,0,0,0.006683385,0,0.007793703,0.00742029,0,0,0,0,0,0,0,0,0,0
5dd79bb2be6e24d95fcc33b497b078b5,0,0,0,0.011481957,0,0,0,0,0,0,0,0,0,0,0,0,0,0,0
064ea8c0c174b991b890a76af66da802,0,0,0,0.009951029,0,0,0,0,0,0,0,0,0,0,0,0,0,0,0
6eeec78da7ff573c0bb7f7ddc3eefa8a,0,0,0,0.032340846,0.040483453,0.027341122,0,0,0,0,0,0,0,0,0,0,0,0,0
c7553191e309cfc2e28aea2507e7afdf,0,0.067608132,0.032443143,0.235762852,0.263142447,0.183185514,0.091109447,0.131693592,0.118724638,0.117925789,0.158808773,0.082516151,0.206136124,0.143886812,0.287928494,0.300050934,0.223178826,0.204769306,0.150985226
478fa149d72ab4d5a1c35d4fd7c3f6d8,0,0,0,0,0,0,0,0,0,0,0,0,0,0,0,0,0.000387463,0,0
387fd7acb95a1f0053edacb08ca9384d,0,0.032181471,0.001741914,0.009759664,0.035625439,0.030379024,0.034587846,0.025979009,0.010666667,0.009975595,0.007536688,0.006759002,0.00599501,0,0.002330357,0.002896711,0,0.004111198,0
27201d8b9c2a23edc5ee1b093c39fe46,0,0,0,0,0,0,0,0,0.004173913,0,0,0,0,0,0.015017853,0.007241776,0.003680901,0,0
b0c20a6d55cc5e215d6e0d2afd3c0c7c,0,0,0,0,0,0,0,0,0,0,0,0,0,0,0,0,0,0,0.005733616
afd6038f44400cf165c3d637f88be98a,0,0.484074228,0.068805592,0.055687492,0.080359655,0.047543172,0.005483439,0.004796125,0,0,0,0.005350877,0.006225588,0,0,0,0,0,0
124cf22125895521b8cfe8d7d8d56d8a,0,0.000811298,0,0,0,0,0,0,0,0,0,0,0,0,0,0,0,0,0
4cbb5aa3c9c081eb194c9ef48904828d,0,0,0,0.012438787,0,0.018834995,0,0,0,0,0,0,0,0,0,0,0,0,0
090855acea46f97b916c33393736db71,0.00556122,0,0,0,0,0,0,0,0,0,0,0,0,0,0,0,0,0,0
9351cccfbe9ec3b210cc47272367a7df,0,0,0,0.006315076,0.01335954,0.008658022,0,0,0,0,0,0,0,0,0,0,0.005618217,0,0
c0accb6471609a9265cb168064555980,0,0,0,0.005932344,0.012752288,0.007290966,0,0,0,0,0,0,0,0,0,0,0,0,0
a90eba220f100c5da89e40e34598c4c7,0.025157899,0,0,0,0,0,0,0,0,0,0,0,0,0,0,0,0,0,0
c88944b6267ea10d43d5ee264d29ae94,0,0.010817301,0.007185394,0.295277662,0.007691856,0.022480478,0,0,0,0,0,0,0,0,0,0,0,0,0
8f1916d21f568321064dd9348e295557,0,0.002704325,0,0,0,0,0,0,0,0,0,0,0,0,0,0,0,0,0
55e1b429253da6e1fed80ef04d052eeb,0,0,0.016112702,0,0,0,0,0,0,0,0,0,0,0,0,0,0,0,0
e216c691c78eba226bba71e64872263a,0,0.010546869,0,0,0,0,0,0,0,0,0,0,0,0,0,0,0,0,0
33bf7c73050395fa47eea57f63c0f87f,0,0,0.0111047,0.013012885,0.01477646,0.017012253,0,0,0,0,0,0,0,0,0,0,0,0,0
ac9e79a82beb3b70c0c7193fff0a8524,0.049786158,0.171724656,0.10799865,0.027939429,0.121247943,0.137009398,0.103552636,0.021382723,0.023188406,0.018169835,0.034453429,0.101103407,0.032741979,0.011786709,0.008803569,0.01231102,0.037777666,0.020872238,0.028668081
6de274487e1c875df3c574ec3fcd05d0,0.012711359,0,0,0,0.00667977,0.010936449,0.011177779,0,0,0,0,0.020558632,0,0,0,0,0.015304798,0.011859226,0
e1a9800482df461df81429b3b8f859a1,0.00238338,0,0,0,0,0,0,0,0,0,0,0,0,0,0,0,0,0,0
ca01d9551d2460af70778e62f280ab8a,0.00211856,0,0,0,0,0,0,0,0,0,0,0,0,0,0,0,0,0,0
f4993ea775e4b217485c9be1b55db40c,0.00900388,0,0,0,0,0,0,0,0,0,0,0,0,0,0,0,0,0,0
d23e031b9dfbdb8f41323c8c5c775f26,0.01138726,0,0,0,0,0,0,0,0,0,0,0,0,0,0,0,0,0,0
8c99e30986e776bbc067425690109213,0.00079446,0,0,0,0,0,0,0,0,0,0,0,0,0,0,0,0,0,0
d45aaeec9a07ee5bc7a02cbca9a84ee7,0.00238338,0.004597353,0.002177392,0,0,0,0,0,0,0,0,0,0,0,0,0,0,0,0
3561691a3832d2ec98315c3412a98fa3,0,0.010006004,0,0.001530928,0,0.000911371,0,0,0,0,0,0,0,0,0,0,0,0,0
97c2c7e8cc5a28811906eda58edb16ec,0.00370748,0,0,0,0,0,0,0,0,0,0,0,0,0,0,0,0,0,0
9b81b6e45f605a8664136716c1f36aa2,0.00185374,0,0,0,0,0,0,0,0,0,0,0,0,0,0,0,0.005424485,0,0
6f7d070bd4cfaa09a69bba0e1d046a44,0.00158892,0,0,0,0,0,0,0,0,0,0,0,0,0,0,0,0,0,0
3e0420c192ee113f95af0dafffa3c3d7,0.00211856,0,0,0,0,0,0,0,0,0,0,0,0,0,0,0,0,0,0
3ef47d732a719a9c649132016afeb5e2,0.020920779,0,0,0,0,0,0,0,0,0,0,0,0,0,0,0,0,0,0
87f7d4bd46de8532433f5041d4803e7d,0,0,0.001088696,0,0,0,0,0,0,0,0,0,0,0,0,0,0,0,0
b0c57e0ed7d0bca22ad86fa554a57a0c,0.0079446,0,0,0,0,0,0,0,0,0,0,0,0,0,0,0,0,0,0
2e3414cd356e335e4f675efeb43938b3,0.025952359,0,0,0,0,0,0,0,0,0,0,0,0,0,0,0,0,0,0
68df70d4bee099629f704201f7295b5d,0,0.001352163,0,0,0,0,0,0,0,0,0,0,0,0,0,0,0,0,0
e144d237c973d831d708cac2c17df968,0.01006316,1.532000281,1.339531643,0.78785362,0.111329497,0.25427243,0.225875505,0.506790513,0.478608696,1.250868411,0.95662098,0.685193843,1.195312824,0.151670488,0.190571378,0.214839365,0.10519627,0.215047303,0.149074021
82ea83511804f1d0a5b3fe28fe350f2c,0,0.000540865,0,0,0,0,0,0,0,0,0,0,0,0,0,0,0,0,0
c62ec451cad772ced1b4f73e447dfe58,0,0,0,0,0,0,0,0.000599516,0,0,0,0,0,0,0,0,0,0,0
c6f278d31a988e901dc047ef3153fbb1,0,0,0,0,0,0,0,0,0,0,0,0.00056325,0,0,0,0,0,0,0
2d48175c104107d4d4e4f5e8dd9a0a22,0,0,0,0,0,0,0,0,0.001391304,0,0,0,0,0,0,0,0,0,0
b9a98bd6fcede4fa31c9da7f86747666,0,0,0.021991661,0,0,0,0,0,0,0,0,0,0.038275835,0,0,0,0,0.017867901,0
a2bed1579fba6884369c1b3173330800,0.00556122,0,0,0,0,0,0,0,0,0,0,0,0,0,0,0,0,0,0
9212e9ff21fa9b50699aad28af029c33,0.00291302,0,0,0,0,0,0,0,0,0,0,0,0,0,0,0,0,0,0
1f09f246b167ceaa862b68be6e9f3442,0.0013241,0,0,0,0,0,0,0,0,0,0,0,0,0,0,0,0,0,0
e4197eeb4aaad91a8a4a38678c3b073e,0,0.004056488,0.001306435,0.095300244,0.00445318,0.001670846,0,0,0,0,0,0,0,0,0,0,0,0,0
6ebfd1a0916bd58f511567f732c9a115,0,0,0,0.029087625,0,0,0,0,0,0,0,0,0,0,0,0,0,0,0
613a529206f7a8428ca4bb000c908d35,0.00582604,0,0,0,0,0,0,0,0,0,0,0,0,0,0,0,0,0,0
7f26e242060257e98029fcaad8b88db9,0.00423712,0,0,0,0,0,0,0,0,0,0,0,0,0,0,0,0,0,0
ae704d1c88be49728d2e2bd87af45c54,0.00079446,0,0,0,0,0,0,0,0,0,0,0,0,0,0,0,0,0,0
06e03c616890e7dd3b607e7605fda9be,0.00370748,0,0,0,0,0,0,0,0,0,0,0,0,0,0,0,0,0,0
0c383d815fd10fc34608bc3c3415bd28,0.0013241,0,0,0,0,0,0,0,0,0,0,0,0,0,0,0,0,0,0
ac3f05517b1b612528747e13dde51f63,0.00105928,0,0,0,0,0,0,0,0,0,0,0,0,0,0,0,0,0,0
cc6afef9ee630eedd003d07f22d62140,0.00185374,0,0,0,0,0,0,0,0,0,0,0,0,0,0,0,0,0,0
bbbec58ac7c2e7c7ce1734a34aec1ae8,0.00158892,0,0,0,0,0,0,0,0,0,0,0,0,0,0,0,0,0,0
9895ece38025393ef9ccafafea501d77,0,0.009465139,0,0.03023582,0.007691856,0.004101168,0,0,0,0,0,0.005914127,0,0,0,0,0,0,0
ad942c95632b90b7d01e5c5e77b99ebc,0,0,0,0.0089942,0,0,0,0,0,0,0,0,0,0,0,0,0,0,0
a43c475502b54cdee1385dcca3109bfe,0,0.02569109,0.07207168,0.151179101,0.132988144,0.119541459,0.024886377,0.008792895,0.010666667,0.020307462,0.156117099,0.322460727,0.138576969,0.127207506,0.056446413,0.017138871,0.007555533,0,0
956d35dae808c86e4c2763cba7d609fa,0,0,0,0,0,0,0,0,0,0,0,0,0,0.013121054,0.008544641,0.002172533,0.004068364,0,0
26410d712017c834dccf638a040f9002,0,0,0.017419137,0,0,0.033872612,0,0,0,0,0,0,0,0,0,0,0,0,0
e8844a58e856442c10b5075b197b3f74,0,0.006219948,0,0.00612371,0.007691856,0.000151895,0,0,0,0,0,0,0,0,0,0,0,0,0
09eb7e9f361c0d842f96d14184871ffb,0,0,0,0,0,0.015189512,0,0,0,0,0,0,0,0,0,0,0,0,0
402e6b5b282305d18249bfd6887eee0a,0,0,0,0.007654638,0.004048345,0.017316044,0,0,0,0,0,0,0,0,0,0,0,0,0
3182f7f1481c062400961d614823e485,0,0,0,0,0,0.016860358,0.006959749,0,0,0,0,0,0,0,0.003107142,0,0,0,0
e38bae89caa9e6029e2bb575ecf1465a,0,0,0,0,0,0,0,0,0,0,0,0,0,0,0,0,0,0.005059937,0
e00f85cb3452e37943500e86afb268f4,0.00344266,0,0,0,0,0,0,0,0,0,0,0,0,0,0,0,0,0,0
3ad87bba1f2057ec3f2d3dfb1faa6e4c,0.00079446,0,0,0,0,0,0,0,0,0,0,0,0,0,0,0,0,0,0
bf3cf03e93fd3eb39a0ee44a895a1e2d,0.00052964,0,0,0,0,0,0,0,0,0,0,0,0,0,0,0,0,0,0
e8f301ad6c8b07835edee784bcb81d17,0.00052964,0,0,0,0,0,0,0,0,0,0,0,0,0,0,0,0,0,0
3cf1742119ed5fa9647b23f85b3f9af1,0.00238338,0,0,0,0,0,0,0,0,0,0,0,0,0,0,0,0,0,0
37e4420bd53e9fdbe33fa465e829f030,0,0.010817301,0.007838612,0,0,0,0,0,0,0,0,0,0,0,0,0,0,0,0
8cc8b34be2f3cb1e12e390328759aaf7,0.011916899,0,0,0,0,0,0,0,0,0,0,0,0,0,0,0,0,0,0
ebe91a7d912f432d8726b0cef99d18c3,0.0026482,0,0,0,0,0,0,0,0,0,0,0,0,0,0,0,0,0,0
0f312394fc32d16cfdca183b11aad4ad,0,0.24582317,0.339455434,0.017222936,0.017407885,0.031290395,0.006116143,0.002398062,0.003246377,0.001425085,0,0.013799629,0.002305773,0,0,0,0,0,0
00e66df34e257e501593d8fab7b76b0d,0,0.236898896,0.083394119,0.007654638,0.025302158,0.123642627,0.011599582,0,0,0,0,0,0,0,0,0,0,0,0
fd28148d0cd2eca274f8a3bb38944793,0.00238338,0.092217493,0.111046999,0.098170733,0.011740201,0.017619834,0,0.001199031,0,0.00285017,0.01453504,0.012673129,0.012451175,0.00311347,0.006473213,0.003138103,0,0.005376183,0
0baae4d70749907f3e1f9be33a159e80,0,0.104386956,0.059225066,0.003444587,0.005870101,0.024303219,0.002319916,0,0,0,0,0.000844875,0.000922309,0,0.001294643,0,0,0,0
46220d9e9e76e37d38ea38554c453179,0,0,0,0,0,0,0,0.001598708,0,0,0,0,0,0,0,0,0,0,0
0d4a727aa1a6ad2e7284200ae5fbe3ad,0,0.002974758,0,0,0,0,0,0,0,0,0,0,0,0,0,0,0,0,0
7229a1a874924db8456664b2a5985136,0,0,0,0.001530928,0.001416921,0.007594756,0,0,0,0.003206441,0.013996705,0.003661126,0.01291233,0,0,0,0,0.002213722,0
2569f2295eca169e8eeb371a44002f30,0,0,0.004354784,0,0,0,0,0,0,0,0,0,0,0,0,0,0,0,0
4e54424feaf302b38dacbb7da4c883dd,0.00238338,0,0,0,0,0,0,0,0,0,0,0,0,0,0,0,0,0,0
e357713de529ed95dc5d315656f58df9,0.00158892,0,0,0,0,0,0,0,0,0,0,0,0,0,0,0,0,0,0
3ef2460d695211c4896d90e1bc11e539,0,0,0,0,0,0,0,0.000999193,0,0,0,0,0,0,0,0,0,0,0
0178b723069ffabda95a54df3a6a4f3f,0.00026482,0,0,0,0,0,0,0,0,0,0,0,0,0,0,0,0,0,0
2496952100a88c88466683710edf34ba,0.00105928,0,0,0,0,0,0,0,0,0,0,0,0,0,0,0,0,0,0
bab56c548143c05f1bd021822bf7aa19,0.0013241,0,0,0,0,0,0,0,0,0,0,0,0,0,0,0,0,0,0
c6171a3d89596153e525e7c455919126,0.00079446,0,0,0,0,0,0,0,0,0,0,0,0,0,0,0,0,0,0
9795a55dde06c4761698039cf60bd637,0,0.141436213,0.056176717,0,0.00222659,0.017923624,0,0,0,0,0,0,0,0,0,0,0,0,0
e46b80ea322121d9038890cc3410f1b9,0,0.000540865,0,0,0,0,0,0,0,0,0,0,0,0,0,0,0,0,0
78f289cd472d09e153e93361d0beeb2f,0,0.006760813,0.005225741,0.001339562,0,0,0,0,0,0,0,0,0,0,0,0,0,0,0
6bbba65392a923662648a61d94002b30,0.038928538,0,0,0,0,0,0,0,0,0,0,0,0,0,0,0,0,0,0
a743ded8ab3e004a1671552ecbb9bb5b,0.00238338,0,0,0,0,0,0,0,0,0,0,0,0,0,0,0,0,0,0
d565cc730adacf032359b0bbd5840ed3,0.00238338,0,0,0,0,0,0,0,0,0,0,0,0,0,0,0,0,0,0
085c382879bb22ae25c77dca748d1387,0,0.072746351,0.033531839,0.012056055,0.008096691,0.026277856,0,0.001199031,0.002318841,0,0,0.000844875,0,0,0,0,0,0,0
29cd0f756cdd319b032b1b1eb1be4c8f,0,0,0.002395131,0.015883374,0.01113295,0.007442861,0.001687212,0,0.001391304,0,0,0,0,0,0,0,0,0,0
7f1023e871bcd3a4f7ac96f3a40c9a8d,0,0.065444672,0.038539841,0.21031118,0.073679885,0.086884008,0.02530818,0.012789666,0.009275362,0.007125425,0.074290206,0.003942751,0.094075546,0.002001517,0.003366071,0.00193114,0,0,0
b2f2f46a7ac98e69a9c672e3c11d4dc6,0,0.005949516,0.00283061,0,0,0,0,0,0,0,0,0,0,0,0,0,0,0,0
8d6e9c000ccfb1a2eb70d805990db95d,0,0.006760813,0.015677223,0.007271906,0.003036259,0,0,0,0,0,0,0,0,0,0,0,0,0,0
edb3a254eb3f2e858f60f8ccbd76cadc,0,0,0,0,0,0.00030379,0,0,0,0,0,0,0,0,0,0,0,0,0
5f69c3b4eaeff62fafe6366f19a2fab3,0,0,0,0.008228736,0,0.003797378,0,0,0,0,0,0,0,0,0,0,0,0,0
c04c09c53250784807c31aa13f822fe1,0,0.000540865,0,0,0,0,0,0,0,0,0,0,0,0,0,0,0,0,0
7c1e9dffa226af1a81a5d6129e8d546d,0,0,0,0,0,0,0,0,0,0,0,0,0,0,0,0,0,0,0.007644822
33c0c1759b577b9af58fdf74532f850a,0,0,0,0,0,0,0,0,0,0,0,0,0,0,0,0,0,0,0.005733616
5b346ae9f12ee4f745413918a78c62cc,0.030983939,0,0,0,0,0,0,0,0,0,0,0,0,0,0,0,0,0,0
6786956e5d741de3549e1c89e3a608b0,0,0,0,0,0,0,0,0,0,0.001425085,0,0.005914127,0.001152887,0.001111954,0.007508927,0.018345833,0.012205092,0.011859226,0
d883b22e464393102af5c3372d061397,0.00211856,0,0.01393531,0.00708054,0.001012086,0,0,0,0,0,0,0,0,0,0,0,0,0,0
968d645ed5e3c0c4d5aca134f0a331c6,0,0.004867786,0,0,0,0,0,0,0,0,0,0,0,0,0,0,0,0,0
fe92b5d8f5b1599d91fec61ebc12e170,0.00344266,0,0,0,0,0,0,0,0,0,0,0,0,0,0,0,0,0,0
d50e97399b1cda1ec4e98fcecab91fd7,0.00370748,0,0,0,0,0,0,0,0,0,0,0,0,0,0,0,0,0,0
90180ad539e48d0fd6f3161438f747b7,0.0026482,0,0,0.009951029,0.001214504,0.002430322,0.002109015,0.00139887,0,0,0,0,0,0,0,0,0,0,0
6d04a8df8207e9542e849378a1bcf43c,0.00158892,0,0,0,0,0,0,0,0,0,0,0,0,0,0,0,0,0,0
eec9b8156043e0a6af0911723613a3da,0.00582604,0,0,0,0,0,0,0,0,0,0,0,0,0,0,0,0,0,0
af2f68999329d11971cc4eeb7d338c1c,0,0,0,0.001530928,0.003845928,0.005012539,0.00147631,0.000799354,0,0,0,0,0,0,0,0.001206963,0,0.000790615,0
ebe6058ea1fbc7f77df40e51f0a20dca,0.011652079,0,0,0,0,0,0,0,0,0,0,0,0,0,0,0,0,0,0
c1ed97b9675b1d0f08c9cd6e6ab9eb76,0,0,0.001306435,0.002296391,0.002833842,0.017012253,0,0,0,0,0,0,0,0,0,0,0,0,0
353932b8f9bc8551107028bbc48b250c,0.039458178,0,0,0,0,0,0,0,0,0,0,0,0,0,0,0,0,0,0
f04ff31f64577aa1ffb8bae8e5bb7028,0.044489758,0,0,0.00191366,0,0,0,0,0,0,0,0,0,0,0,0,0,0,0
826ce0379ee559bbbabb1289906f8823,0.00291302,0,0,0,0,0,0,0,0,0,0,0,0,0,0,0,0,0,0
a81cdbf7c63d89c325cb7ef0766f27f1,0.00450194,0,0,0,0,0,0,0,0,0,0,0,0,0,0,0,0,0,0
5837405da6036e7481240160de143774,0,0,0,0.024494842,0.005262849,0.008506127,0.003585325,0.005195802,0.006956522,0.002137628,0.001615004,0,0.001152887,0,0.000517857,0.017621656,0.054438585,0.048543766,0
5538dfd735d36dd62ae5ba7c93293ea3,0,0,0,0,0,0,0,0,0,0,0,0,0,0,0,0,0,0,0.005733616
f8e946bdec673e40686c9ab157a63ac0,0.090833256,0,0,0,0,0,0,0,0,0,0,0,0,0,0,0,0,0,0
494ab4a0ec6f00ad0cbf201f2f607b05,0.00052964,0,0,0,0,0,0,0,0,0,0,0,0,0,0,0,0,0,0
3ab282a70cea4c1440512ab7820c4cad,0.016683659,0,0,0,0,0,0,0,0,0,0,0,0,0,0,0,0,0,0
88811f3c000a695490dfaba4702345a6,0.00450194,0,0,0,0,0,0,0,0,0,0,0,0,0,0,0,0,0,0
6ba96f5208b35a9fa58a1e50271ece5c,0.073884777,0,0.000870957,0,0,0,0,0,0,0,0,0,0,0,0,0,0,0,0
137dec98118422e728bd109bffafd4bb,0.00582604,0,0,0,0,0,0,0,0,0,0,0,0,0,0,0,0,0,0
7b28257e7072537ea4bb77e10e2333cc,0.0026482,0,0,0,0,0,0,0,0,0,0,0,0,0,0,0,0,0,0
fd363796f24ad824b1a025860c3acb40,0.00820942,0,0,0,0,0,0,0,0,0,0,0,0,0,0,0,0,0,0
194253bf7725522741f6f5467928510d,0,0.042998772,0.016330441,0.00803737,0.001214504,0,0,0,0,0,0,0,0,0,0,0,0,0,0
2afb474b8a2ab64685b85624763d2186,0,0.018389412,0.010016004,0,0,0,0,0,0,0,0,0,0,0,0,0,0,0,0
0a4dae6c36a924945c5ad8318aff7ecb,0.016683659,0,0,0,0,0,0,0,0,0,0,0,0,0,0,0,0,0,0
f21e69f460e0f5a2ab946c9cbc535b27,0.00291302,0,0,0,0,0,0,0,0,0,0,0,0,0,0,0,0,0,0
ce96aba4d82cdb5ffa5b76128cfbb917,0,0,0,0.000765464,0,0,0,0,0,0,0,0.001971376,0.001614041,0.004447815,0.005696427,0,0,0.003320583,0.013378438
ac9f1e4b2c16d2889fff6d797650d869,0,0,0,0,0,0,0,0,0,0,0,0,0,0,0,0.002172533,0,0,0
d892477defe0f9cdd8909406acda6427,0.00238338,0,0,0,0,0,0,0,0,0,0,0,0,0,0,0,0,0,0
54cf58358cfa82b7dc7956916adbaf7e,0,0.001622595,0,0,0,0,0.000632704,0,0,0,0,0,0,0,0,0,0,0,0
d08086e2ae7f6779772be3242340f17a,0,0,0,0,0.000809669,0.001063266,0,0.000799354,0,0,0,0,0,0,0,0,0,0,0
6c5285812f71ed019e28402a38c1158a,0.00900388,0,0,0,0,0,0,0,0,0,0,0,0,0,0,0,0,0,0
bb69e4aeb1c42e1919594f9e9823a7b9,0.0066205,0,0,0,0,0,0,0,0,0,0,0,0,0,0,0,0,0,0
4835c874610f20a02421b283dbe2f2b6,0,0.038942284,0.023733574,0.007654638,0.009716029,0.01275919,0.00843606,0.008992734,0.011594203,0.007125425,0.008075022,0.023938133,0.011759443,0.019125604,0.028482135,0.049002687,0.057538291,0.090446365,0.064980984
9554148374cd0778fe58481a15ae48d7,0.00344266,0,0,0,0,0,0,0,0,0,0,0,0,0,0,0,0,0,0
f095ea0711dbffa2a1c48745983b9c5f,0,0.009465139,0.002395131,0.002105025,0.003441094,0.001518951,0.000843606,0.001199031,0,0,0,0,0,0,0,0,0,0,0
efbf41ef6305f10672073c212c671a34,0,0.001352163,0.001088696,0,0,0,0,0,0,0,0,0,0,0,0,0,0,0,0
b3b12b9ab4a7ba52db234d329bd0ff98,0.00291302,0,0,0,0,0,0,0,0,0,0,0,0,0,0,0,0,0,0
fe5ba29df5b7470530baf59c3368072e,0.00185374,0,0,0,0,0,0,0,0,0,0,0,0,0,0,0,0,0,0
8fa174b717385600595ec8771240bfe8,0,0.007031246,0.001306435,0,0.000809669,0,0.001054507,0.001998385,0,0,0,0,0,0,0,0,0,0,0
074479d786da002e8256e36bc49904fa,0.00238338,0,0,0,0,0,0,0,0,0,0,0,0,0,0,0,0,0,0
9252a9854a55ae3605817df259632d05,0,0.007572111,0.000870957,0.002487757,0.001012086,0.001367056,0,0,0,0,0,0,0,0,0,0,0,0,0
3cabb3834aa4f8f1c38942df4a372056,0.00026482,0,0,0,0,0,0,0,0,0,0,0,0,0,0,0,0,0,0
4f00beb51dfba2712cf36ef4f05da691,0.00582604,0,0,0,0,0,0,0,0,0,0,0,0,0,0,0,0,0,0
d56e57f7a7e3a1b98778de802e7097d0,0,0,0,0,0,0,0,0,0,0,0,0,0,0.003558252,0.015017853,0.004345066,0.002518511,0.00316246,0
9ff60b1660430eecb3f6b31e6f3db189,0,0,0,0,0,0,0,0,0,0,0,0.001971376,0.002997505,0.003558252,0.004401785,0.005552029,0.011042702,0.004901814,0.005733616
55f98706d860ce102b8bd44690feb79d,0,0,0,0,0,0,0,0.000199839,0,0,0,0,0,0,0,0,0,0,0
26491960a83d9ec238fcf87efff319e2,0.013770639,0,0,0,0,0,0,0,0,0,0,0,0,0,0,0,0,0,0
c412c4daad0adeb07fedba1aed394245,0.084212756,0,0,0,0,0.003493588,0.021511953,0.015187728,0.006492754,0.00855051,0,0,0.003689237,0,0,0,0,0,0
b4ddae050e7f8cb4e050ab8c7595731c,0.041311918,0,0,0,0,0,0,0,0,0,0,0,0,0,0,0,0,0,0
865b36b85a2b2a8cdbd204a37e088b94,0.012181719,0,0,0,0,0,0,0,0,0,0,0,0,0,0,0,0,0,0
8a6710c4c8b9696b21805aa0a6d72a46,0.00688532,0,0,0,0,0,0,0,0,0,0,0,0,0,0,0,0,0,0
44292adaa0ea18b1b38d7e38695a72b1,0.055347378,0,0,0,0,0,0,0,0,0,0,0,0,0,0,0,0,0,0
519b05506b5c8269406e94701c3ff01a,0,0,0,0,0,0,0,0,0,0,0,0,0,0,0,0.006758991,0.008911655,0.007906151,0
1b8a948ece330b43c14f1197c1813886,0.023304159,0,0,0,0,0,0,0,0,0,0,0,0,0,0,0,0,0,0
87e8ae9b41dbcd0ad54be2513a8f7489,0.00317784,0,0,0,0,0,0,0,0,0,0,0,0,0,0,0,0,0,0
e2c63d5718cf9ea95828084c3b843443,0.171868173,0,0,0,0,0,0,0,0,0,0,0,0,0,0,0,0,0,0
7c02fc116dfd968c72ec176c6b121a3a,0.044224938,0,0,0.00191366,0,0,0,0,0,0,0,0,0,0,0,0,0,0,0
d68eb4b5245740e3dfbd0fb1133ed220,0.00900388,0,0,0,0,0,0,0,0,0,0,0,0,0,0,0,0,0,0
cac0146ef6e3485fd6a9f6cd8f6ccb06,0.026217179,0,0,0.002679123,0.003845928,0.002430322,0.004007128,0,0,0,0,0,0,0,0,0,0,0,0
18b7af5d1e7696bb8cd541bdde042b51,0,0,0,0.009568298,0.005465266,0.010025078,0.013497696,0.005595479,0.005101449,0.007125425,0,0.002534626,0.005764433,0.003780643,0.005696427,0.010379879,0.008911655,0.007906151,0
ebe4386302d56ad91632ab04d8e4f2a0,0.00079446,0,0,0,0,0,0,0,0,0,0,0,0,0,0,0,0,0,0
d3e8baf1f74d6d4d579c3a2b0cadc7bf,0,0.001893028,0,0,0,0,0,0,0,0,0,0,0,0,0,0,0,0,0
937806dd600ece921faa49ac16d4cdb0,0,0,0,0,0,0,0.005483439,0.010391604,0.004637681,0.003206441,0,0,0.005303278,0,0.0018125,0,0,0,0
199c31b0eaa3d5012bbd210ced3e402f,0,0,0,0,0,0,0,0,0,0,0,0.0011265,0,0,0,0,0,0,0
03d388b8f22b5b0c867f9fd46a649622,0,0,0,0,0,0,0,0.002597901,0,0,0,0,0,0,0,0,0.001549853,0,0
b13d7ef2ef19be5671b83ea1e7761202,0,0,0,0,0,0,0,0,0,0,0,0,0,0,0,0.000241393,0,0,0
1955a5529e36dd42feff41354ac9ad73,0,0,0,0,0.001619338,0,0,0,0,0,0.007536688,0,0,0,0,0,0,0,0
46984bc1f36f8a8835a4a7914c2502b2,0,0,0.014370788,0,0,0,0,0,0,0,0,0.004224376,0,0,0,0.00193114,0,0.003794952,0
c04f2aa72eb5915198cc74dedbb985ea,0,0,0,0.009185566,0.005870101,0.007290966,0.003163522,0,0,0,0,0,0,0,0,0,0,0,0
0484af5151bcaaad02766e19dd985537,0,0,0,0,0,0,0,0,0,0,0,0,0.001614041,0,0,0,0,0,0
271bd4b9da94143ce8501f14bb3f6ab4,0,0,0,0,0,0,0,0,0,0,0,0,0,0,0,0,0.001549853,0,0
2bf5191514bd35364a4e6bf3ae9107a2,0,0,0.002612871,0,0,0,0,0,0,0,0,0,0,0,0,0,0,0,0
87c086aa8d08ea34c86a236167ecfaae,0,0.002704325,0,0,0,0,0,0,0,0,0,0,0,0,0,0,0,0,0
c147046b02be565ad186287629d4a843,0.017742939,0,0,0,0,0,0,0,0,0,0,0,0,0,0,0,0,0,0
326f3a76100742d3ceb2bc49506997fc,0.016683659,0,0,0,0,0,0,0,0,0,0,0,0,0,0,0,0,0,0
0be5f4770658b90f11dc058c6006f780,0.012446539,0,0,0,0,0,0,0,0,0,0,0,0,0,0,0,0,0,0
91fcd069f0c0007854a6e6d3aa7d7681,0.00370748,0,0,0,0,0,0,0,0,0,0,0,0,0,0,0,0,0,0
923d1e7b6ceac97721615d80cf869780,0.103279796,0,0,0,0,0,0,0.004396448,0,0.006056612,0,0,0.00345866,0,0,0,0.004455827,0.001739353,0
76ceb1ce6517ef51bfc231b0a2084eba,0.00503158,0,0,0,0,0,0,0,0,0,0,0,0,0,0,0,0,0,0
349e5c52e64bf4223e4b96bd1aa54075,0.015889199,0,0,0,0,0,0,0,0,0,0,0,0,0,0,0,0,0,0
77e62266f0403cceb7297e959f8c45ec,0,0,0,0,0,0,0,0,0,0,0,0,0,0.001334344,0.004401785,0,0,0,0
72c3a9179d9dd5203fbaaceec278c7a9,0,0,0,0,0,0,0,0.002198224,0,0,0,0,0,0,0,0,0,0,0
463921baaa4efa55a2dd33663c3a3e27,0,0,0,0,0,0.001367056,0,0,0,0,0,0,0,0,0,0,0,0,0
7eea950c837e9a07539bc8deadb18ccd,0.00423712,0,0,0,0,0,0,0,0,0,0,0,0,0,0,0,0,0,0
6bb8346dab9a3a0256b22ca23f399e86,0.00211856,0,0,0,0,0,0,0,0,0,0,0,0,0,0,0,0,0,0
a372cf10657d0756778992bacff2d706,0.0066205,0,0,0,0,0,0,0,0,0,0,0,0,0,0,0,0,0,0
673d2998d72c17887208c2b02e154745,0.00423712,0,0,0,0,0,0,0,0,0,0,0,0,0,0,0,0,0,0
b3848fcb6cb7ac786f17897a46e4a681,0.00026482,0,0,0,0,0,0,0,0,0,0,0,0,0,0,0,0,0,0
32987fc28625ec2b81822b0fdaa91275,0.0026482,0,0,0,0,0,0,0,0,0,0,0,0,0,0,0,0,0,0
fd49dfe5a86c187e08a334fd7e25ff60,0.00767978,0,0,0,0,0,0,0,0,0,0,0,0,0,0,0,0,0,0
a8c0192a45a12e2f86fe50245c36917d,0.064351257,0,0,0,0,0,0,0,0,0,0,0,0,0,0,0,0,0,0
6016284cfbfb502783dfcad77e50e749,0,0,0.000217739,0,0,0,0,0,0,0,0,0,0,0,0,0,0,0,0
70bc60bf6b649f62bb1ee7538331006f,0.013240999,0,0,0,0,0,0,0,0,0,0,0,0,0,0,0,0,0,0
d00d97e1374e175183b294e067ec1cfb,0.00158892,0,0,0,0,0,0,0,0,0,0,0,0,0,0,0,0,0,0
1557e1ae96e182db04d667afa2262c8e,0.025952359,0,0,0,0,0,0,0,0,0,0,0,0,0,0,0,0,0,0
7ba75de333c5db029e78e068dde0fbe8,0.00556122,0,0,0,0,0,0,0,0,0,0,0,0,0,0,0,0,0,0
3a1e48f3d9f9c151cd121f1d5d2f3261,0.00185374,0,0,0,0,0,0,0,0,0,0,0,0,0,0,0,0,0,0
334b1d727a1edd0d17d589993ea3a1ab,0.017478119,0,0,0,0,0,0,0,0,0,0,0,0,0,0,0,0,0,0
4f991b9a87b25e13c75f8eb888f9f7be,0.00741496,0,0,0,0,0,0,0,0,0,0,0,0,0,0,0,0,0,0
666b0c3f75da615166898be90c200697,0.0052964,0,0,0,0,0,0,0,0,0,0,0,0,0,0,0,0,0,0
07a0a37967e31e9f4fe1683f99cc42b7,0.00741496,0,0.006967655,0.00803737,0.003238676,0.009265602,0,0,0,0,0,0,0,0,0,0,0,0,0
e52c394d6102398b155928cf3ef9ee98,0.0013241,0,0,0,0,0,0,0,0,0,0,0,0,0,0,0,0,0,0
489ebda75c9174b8e7ad565ac0f52b97,0.022244879,0,0,0,0,0,0,0,0,0,0,0,0,0,0,0,0,0,0
892351141be327d407d7d063c3a74f59,0.028335739,0,0,0,0,0,0,0,0,0,0,0,0,0,0,0,0,0,0
fe243279a53940656a0d4289ddc3ea66,0.00105928,0,0,0,0,0,0,0,0,0,0,0,0,0,0,0,0,0,0
8add17e8b7e219187fd9b6e3ef665609,0.00503158,0,0,0,0,0,0,0,0,0,0,0,0,0,0,0,0,0,0
17cd9e80e0f41c506e23257e356ac923,0.012711359,0,0,0,0,0,0,0,0,0,0,0,0,0,0,0,0,0,0
1191fe2ebce22f74b6596d9d91475abf,0.00450194,0,0,0,0,0,0,0,0,0,0,0,0,0,0,0,0,0,0
8d94059665b326451d66d86b45255634,0.015094739,0,0,0,0,0,0,0,0,0,0,0,0,0,0,0,0,0,0
f824c242da3d47edd62495a6a144912c,0.00609086,0,0,0,0,0,0,0,0,0,0,0,0,0,0,0,0,0,0
3f19effc21f49ca3bfe5e130ea113a75,0.00556122,0,0,0,0,0,0,0,0,0,0,0,0,0,0,0,0,0,0
df443df991086de26795466fa2bdd4f2,0.027011639,0,0,0,0,0,0,0,0,0,0,0,0,0,0,0,0,0,0
6891aea14e9e48ed890aa10cc84e4d40,0.022244879,0,0,0,0,0,0,0,0,0,0,0,0,0,0,0,0,0,0
ffb7f32b76b8aea19e3d810eef8cb779,0.00979834,0,0,0,0,0,0,0,0,0,0,0,0,0,0,0,0,0,0
