"seq","5-10","H","Ha","I","Ia","J","Ja","Jb","K","L","M","N","Na","P","Q","Qa"
"99e5f06a61d06cdb191e00e52948bac7",0,0,0,0,0,0,0,0,0,0,0,0,0.0488117392232832,0,0,0
"cab3a156d09c8a95a87cc88ccf7c4de5",0,0,0,0,0,0,0,0,0,0,0,0,0,0.00253318471982977,0,0
"8adc12dac7b8b4b0e4408ebdf6aab780",0.00132653088296549,0,0,0,0,0,0,0,0,0,0,0,0,0,0,0
"b4ba6792b3fa30ceb7375dc41eb1d65c",0.00159183705955858,0,0,0,0,0,0,0,0,0,0,0,0,0,0,0
"50420826a4434507209193c117f54130",0.00106122470637239,0,0,0,0,0,0,0,0,0,0,0,0,0,0,0
"c2b43f5fc401b8ae942e9f83213eef32",0.0111428594169101,0,0,0,0,0,0,0,0,0,0,0,0,0,0,0
"5efed3b185cd579740418a733b461740",0.00769387912119982,0,0,0,0,0,0,0,0,0,0,0,0,0,0,0
"8dcc2c0ebe2c9f41761691937e854ac8",0.00344898029571026,0,0,0,0,0,0,0,0,0,0,0,0,0,0,0
"9f113facb493f17c8499fb47ff434602",0.00238775558933788,0,0,0,0,0,0,0,0,0,0,0,0,0,0,0
"4d4be4592350230ffffb8321fc1688fa",0.00132653088296549,0,0,0,0,0,0,0,0,0,0,0,0,0,0,0
"144e3876b7943b5474d329bec54856a4",0,0.00641850812476153,0.0070482097547223,0.00431141338909428,0,0.00564011020775346,0,0,0.00222590733547762,0.0033682508673246,0.0026576660376857,0.00155117220144298,0,0.00142491640490425,0,0
"7762e0345755e644245415ce796d6cfa",0.0238775558933788,0,0,0,0,0,0,0,0,0,0,0,0,0,0,0
"88d9d7a5f4454e47ced69c6c7391068b",0.00238775558933788,0,0,0,0,0,0,0,0,0,0,0,0,0,0,0
"a8f1172cd5341236c5e2a3ced113b0b2",0.00504081735526885,0,0,0,0,0,0,0,0,0,0,0,0,0,0,0
"dbec03fc66ff2c2d4e6b089d27824139",0.00397959264889646,0,0,0,0,0,0,0,0,0,0,0,0,0,0,0
"3e3764ae6674e989f040377aa61069b5",0.00159183705955858,0,0,0,0,0,0,0,0,0,0,0,0,0,0,0
"bc96db08da9a54e69f83357f2429e767",0.00344898029571026,0,0,0,0,0,0,0,0,0,0,0,0,0,0,0
"398b644c70b3a3b47d64e696f8b639fc",0.00238775558933788,0,0,0,0,0,0,0,0,0,0,0,0,0,0,0
"326834f69c357dad79f31e792597dd1d",0.0607551144398193,0,0,0,0,0,0,0,0,0,0,0,0,0,0,0
"89056b9f86a0886730db47a8c45825eb",0.0254693929529373,0,0,0,0,0,0,0,0,0,0,0,0,0,0,0
"7d92b18666da2334d7051a3a9791dc97",0.00504081735526885,0,0,0,0,0,0,0,0,0,0,0,0,0,0,0
"3547314cbc17e38fbaed69287ddb4f31",0.00397959264889646,0,0,0,0,0,0,0,0,0,0,0,0,0,0,0
"5dfb2d1578133ad81a110967e7c71462",0.00477551117867575,0,0,0,0,0,0,0,0,0,0,0,0,0,0,0
"702860fda44c0d44ddacb5bd79fd5d24",0.0581020526738883,0,0,0,0,0,0,0,0,0,0,0.00290844787770558,0,0.0284983280980849,0.0926888183580035,0.154994622635541
"4c301bbaaa0d8e3dc3356271c20fc5b5",0.0116734717700963,0,0,0,0,0,0,0,0,0,0,0,0,0,0,0
"a777d4d917d8136a45eebcd830b6e5f4",0.00583673588504814,0,0,0,0,0,0,0,0,0,0,0,0,0,0,0
"b5a4aad370e78b9f833c9424031c44ec",0.00424489882548956,0,0,0,0,0,0,0,0,0,0,0,0,0,0,0
"35dbde30af820a2c3bcd85216229ad6a",0,0.1946947464511,0.218494502396391,0.169761902195587,0.603527034135268,0.349686832880715,0.300971175028701,0.176390175067249,0.0629931775940168,0.104674873107626,0.0314087804453765,0.0263699274245306,0.045761005521828,0.0270734116931807,0.0140437603572733,0
"532ff193b68d71a9e2229dd125e1eeb1",0.00875510382757221,0,0,0,0,0,0,0,0,0,0,0,0,0,0,0
"22216e3e181ee694bf4c8daa987ac8ab",0.000530612353186195,0,0,0,0,0,0,0,0,0,0,0,0,0,0,0
"84062ea22d23db6a01c565ec5523d81e",0.000530612353186195,0,0,0,0,0,0,0,0,0,0,0,0,0,0,0
"831363ded99c851c80f32aff0c59c9a2",0.000530612353186195,0,0,0,0,0,0,0,0,0,0,0,0,0,0,0
"60ec6b41425f294ba92e7b2f8cc23289",0.00636734823823433,0,0,0,0,0,0,0,0,0,0,0,0,0,0,0
"02e328ecac1fdf0f63bb40991465112b",0.00689796059142053,0,0,0,0,0,0,0,0,0,0,0,0,0,0,0
"d3648f626f4aadacf25eb043bdc62c58",0.00344898029571026,0,0,0,0,0,0,0,0,0,0,0,0,0,0,0
"fd570e30645c57d049c83863880fd312",0.00132653088296549,0,0,0,0,0,0,0,0,0,0,0,0,0,0,0
"58a5d06b791283b4270f688e0b7408c9",0.00371428647230336,0.00713167569417948,0.0105723146320835,0.00323356004182071,0.0138423631682401,0.00197403857271371,0.0124111824754103,0,0,0.00181367354394401,0.000724818010277919,0,0,0.0044330732597021,0,0
"c040c750c7a9e9bdd14a5ee18b3c3b5b",0.00583673588504814,0,0,0,0,0,0,0,0,0,0,0,0,0,0,0
"07751ebfb567d65db3f366d9c4037e68",0,0.00570534055534359,0,0.00754497343091499,0.0110738905345921,0.00535810469736579,0,0,0.00089036293419105,0.00570011685239547,0,0.00155117220144298,0,0.00316648089978721,0,0
"f4e4eee188c4e5fb2a3b609a95f7036c",0.00159183705955858,0,0,0,0,0,0,0,0,0,0,0,0,0,0,0
"fa8e5e27d8fba25e37fc05340a105914",0.0427142944314887,0,0,0,0,0,0,0,0,0,0,0,0,0,0,0
"de6e665cc2a0ca6ca74b71b0581558e7",0.0323673535443579,0,0,0,0,0,0,0,0,0,0,0,0,0,0,0
"8dba5d94c21557246f8c48418b0f3bda",0.0148571458892134,0,0,0,0,0,0,0,0,0,0,0,0,0,0,0
"0d37046c1c20f102fc585c696c80e53c",0.000795918529779292,0,0,0,0,0,0,0,0,0,0,0,0,0,0,0
"ea2f92611ededb17bbf35e9977420ae5",0,0,0,0,0,0.000564011020775346,0,0,0,0,0,0,0,0,0,0
"9c958ede3f88bbd0ae42120738cebe7d",0,0,0,0,0,0,0,0,0,0,0,0,0,0.000316648089978721,0,0
"712e76a5d7842a97a23eda9641c3d251",0,0,0,0,0,0,0,0,0,0,0,0.000775586100721489,0,0,0,0
"349da55900cd296d52fd154bfb27343b",0,0,0,0,0,0.00225604408310138,0,0,0,0,0,0,0,0,0,0
"a6651a449b279b248edf929c8333a191",0,0,0,0.00161678002091035,0,0,0,0,0,0,0,0,0,0,0,0
"5fc9bb027baf249cda2d48b9d5bcee2c",0,0,0,0,0,0,0,0,0,0.000518192441126861,0,0,0,0,0,0
"4b802f02d58290e6ec0ab509d13074b6",0,0,0,0,0,0,0,0,0,0,0,0,0,0.00110826831492552,0,0
"1ec84bb16e1a78a4d73faef5bc502c2c",0,0,0,0,0,0,0,0,0,0,0,0,0,0.000474972134968082,0,0
"88399278e67a6f27c1c493c39b174391",0.043510212961268,0,0,0.00269463336818392,0,0.00253804959348906,0,0,0,0,0,0,0,0,0,0
"c4112b995ef6cd2f05559f6a3057bc7c",0.0610204206164124,0,0,0,0,0,0,0,0,0,0,0,0,0,0,0
"ab6115f8667efbf773336f71d2ab8f62",0,0,0,0,0,0,0,0,0,0,0,0.00174506872662335,0,0,0,0
"7b6ecabe8f3fae795ee25df066ea90fe",0,0,0,0,0,0,0,0,0,0,0,0.000387793050360744,0,0,0,0
"450292bf5b89b2f473bab4a6233d8682",0.00185714323615168,0,0,0,0,0,0,0,0,0,0,0,0,0,0,0
"acc9e695b90b8bc38191efe7159a2e15",0,0,0,0,0,0,0,0,0.00489699613805077,0,0,0,0,0,0,0
"0e94ac060981402de47bbf85360fea8b",0,0,0,0,0,0.012972253477833,0,0,0.0115747181444836,0.0139911959104253,0,0.00988872278419898,0,0,0,0
"fae223fac07c33613d2f851500010fdb",0,0,0,0,0,0,0,0,0.0162491235489867,0,0,0,0,0,0,0
"7f78afb7e1d45cd528fe9cd909c93fb5",0.00822449147438602,10.6515142330418,8.86312376656329,13.466699720836,17.0593283685391,24.0060010772611,13.3389183654473,27.569784363011,29.0403000523088,24.0923211653112,23.735615382571,20.6265184521628,15.488575002288,10.5133498834735,10.1480212341657,8.76826722338205
"8bea27e05e23cdeacb4dda62cfb59aaa",0,0,0,0,0,0,0,0,0,0,0.0103890581473168,0,0,0,0,0
"ce94860005cb569777791022ac3014af",0,0,0,0,0,0.0141002755193836,0,0,0.0135780347464135,0.0145093883515521,0,0.0110521019352812,0,0.00664960988955315,0,0
"6332a8b08afb6aa3ef5901e06a2c287f",0,0,0,0,0,0,0,0,0,0,0.0120803001712987,0,0,0,0,0
"337f3ac617d05dd84658bcfe764dad9c",0,0,0,0,0,0,0,0,0,0,0,0.00445962007914856,0,0,0,0
"9c1ee0993d66faee25a82385bd63bc0c",0,0,0,0,0,0,0,0,0,0,0.00700657409935322,0,0,0,0,0
"3ec71ebbc127b83786bd4d26c123ef7d",0,0,0,0,0,0,0,0,0,0.0191731203216939,0,0,0,0,0,0
"2be253ff64c2e3493d684bfe687d414a",0,0,0,0,0,0,0,0,0,0.00570011685239547,0,0,0,0,0,0
"b24e75b90cb37f9b407738a392646776",0.0318367411911717,0,0,0,0,0,0,0,0,0,0,0,0,0,0,0
"8d941eda8589ac6399b9a5eea473711c",0.00663265441482743,0,0,0,0,0,0,0,0,0,0,0,0,0,0,0
"09ee5eb3e6c726c7c8242f6e97453fc2",0,1.03480614322544,1.19114744854807,1.42815568513748,1.61401954541679,1.69372509538836,1.11700642278693,1.34056533051109,1.43749095725145,1.0379394595771,0.462192284553887,0.338155539914569,0.274566033130968,0.522627672509879,1.1459708451535,2.45460871765673
"0e2e50ea2d7a3366dcca1f3262040bb0",0,0,0,0.00161678002091035,0,0,0,0,0,0,0,0,0,0,0,0
"5c0ebed72151a6dd9f48df9af58de103",0.00610204206164124,0,0,0,0,0,0,0,0,0,0,0,0,0,0,0
"17e2d5f6e5fc504e01e29c78e545e138",0.00424489882548956,0,0,0,0,0,0,0,0,0,0,0,0,0,0,0
"ffa712fb62fa7468337cc7e0f0c527c3",0.00451020500208265,0,0,0,0,0,0,0,0,0,0,0,0,0,0,0
"d6a202591a42fa999f25af7a7aefcffd",0,0,0,0,0,0,0,0,0,0,0,0,0,0.00253318471982977,0,0
"48583aa878619934f2f6d8583cccae68",0,0,0,0,0,0,0,0,0,0,0,0,0,0.0148824602289999,0,0
"ec930edee7601930af4fe5bc8a825b5e",0,0,0,0,0,0,0,0,0,0,0,0,0,0.00474972134968082,0,0
"270c5d9a2223e0f5d99547e426bc19e4",0,0,0,0,0,0,0,0,0,0,0,0.0174506872662335,0,0.0240652548383828,0,0
"64c88f89738e90b17e368e96690366e4",0,0,0,0,0,0,0,0,0,0,0.00797299811305711,0.00814365405757563,0,0,0,0
"a049ac86c03db7991ef693a1bb025681",0,0,0,0,0,0,0,0,0,0,0.0113554821610207,0,0,0,0,0
"2ec1f8eb34a2ea797a6cbbdfb17fbfd2",0,0,0,0,0,0,0,0,0,0,0,0,0,0.0052246934846489,0,0
"0fec351445f84bd482075ceda6123f46",0,30.0992372672845,28.7214547504934,27.733166625349,16.7741756872733,12.7951540173095,18.9611840268082,6.75133395069895,6.59113421108279,8.99426620063893,35.2061020012225,31.8285024014085,40.9255926050215,43.3511817306718,49.7486166896048,45.26791927627
"cd96087cce58c3b896ec66b5e7a1f2a8",0,0,0,0,0,0,0,0,0,0,0,0,0,0.0178906170837978,0,0
"c1795fae23a34030462cf6e6267b85b3",0,0,0,0,0,0,0,0,0,0,0,0,0,0.017573968993819,0,0
"a214ccee6e9a8749c048daa053ae51dc",0,0,0,0,0,0,0,0,0,0,0,0,0,0.0169406728138616,0,0
"0365031a4356178723a3927885c61cb8",0,0,0,0,0,0,0,0,0,0,0,0,0,0.00316648089978721,0,0
"e04d49b3a01d91878d1c27f4e22b074e",0,0,0,0,0,0,0,0,0,0,0,0.0219103073453821,0,0,0,0
"5c52186b7c44d5709af099adc5dea216",0,0,0,0,0,0,0,0,0,0,0,0,0,0.0204238018036275,0,0
"7c6299b064794dfea9e563a4645d1bbf",0,0,0,0,0,0,0,0,0,0,0,0,0,0.0104493869692978,0,0
"be017454a0758945d4ec45fbf9ac6f48",0,0,0,0,0,0,0,0,0,0,0,0.0056229992302308,0,0,0,0
"9c5d06d8052c8516716b8a63b7498d97",0,0,0,0,0,0,0,0,0,0,0,0,0,0.00364145303475529,0,0
"50f6937d35cf193c1881b6fb7c273225",0,0,0,0,0,0,0,0,0,0,0.0113554821610207,0,0,0.0139325159590637,0,0
"c2ce31d453f856c02c1925a535ca7d46",0,0,0,0,0,0,0,0,0,0,0,0,0,0.00649128584456379,0,0
"534d7b1bce2cf035866320576094f81e",0,0,0,0,0,0,0,0,0,0,0.017637238250096,0.0211347212446606,0,0.0227986624784679,0,0
"b513381a51c3d1b0d7e568a804954430",0,0,0,0,0,0,0,0,0,0,0,0,0,0.0172573209038403,0,0
"6fc9eb297f26be9914cfbb2e96bbc086",0,0,0,0,0,0,0,0,0,0,0,0.0137666532878064,0,0,0,0
"5b02c8639023ea8693ddee6bf1597c70",0,0,0,0,0,0,0,0,0,0,0,0,0,0.0123492755091701,0,0
"3ab03e560dde34c45b0a4e71c809c190",0,0,0,0,0,0,0,0,0,0,0,0,0,0.011874303374202,0,0
"c9b1d29de9ba6aaa6bd23b386b8c8331",0,0,0,0,0,0.00423008265581509,0,0,0,0,0,0,0,0,0,0
"9e67f564a732feffc50f5fc690ec2e71",0,0,0,0,0,0,0,0,0,0,0,0.0186140664173157,0,0.0186822373087446,0,0
"cabc3f75a6051be90646efa273cd5ad3",0,0,0,0,0,0,0,0,0,0,0,0.00445962007914856,0,0.00554134157462762,0,0
"9b611d92f1b2fba52aa3d0b6b2b3e180",0,0,0,0,0,0,0,0,0,0,0.00555693807879738,0,0,0.00506636943965954,0,0
"b4ac0621ed68fda2b501520e951949e1",0,0,0,0,0,0,0,0,0,0,0.018362056260374,0.0127971706619046,0,0.0194738575336914,0,0
"4e39e7f278e094156ebfcc28868dd7dd",0,0,0,0,0,0,0,0,0,0,0.0118386941678727,0,0,0.0132992197791063,0,0
"1d808a941e29c1b4f33534431001dd27",0,0,0,0.0220959936191082,0,0,0,0,0,0,0,0,0,0,0,0
"2c1453fb27de0eb5e19ae61028df3294",0,0,0,0,0,0.0160743140920974,0,0,0,0,0.0345496584899142,0.0288905822518755,0,0.0455973249569359,0,0
"5826f38e9afadfa40023cdc15629fe20",0,0,0,0,0,0,0,0,0,0,0,0,0,0.0060163137095957,0,0
"c6d0e484e529a485ffc0b1f08f1fb158",0,0.013550183818941,0,0.00808390010455177,0,0.00987019286356855,0,0,0,0,0,0.00891924015829712,0,0.0112410071942446,0,0
"8617781822710da79c36db0aa375fe0a",0,0,0,0,0,0,0,0,0,0,0,0,0,0.0246985510183403,0,0
"136c27e1efa2b99fb71cdff938615daa",0,0,0,0,0,0,0,0,0,0,0,0.00814365405757563,0,0.0106077110142872,0,0
"33df87d462384b48f155ad84b5e02c26",0.00371428647230336,0,0,0,0,0,0,0,0,0,0,0,0,0,0,0
"f2a6e7637c20fbb79c069489fc527053",0.00663265441482743,0,0,0,0,0,0,0,0,0,0,0,0,0,0,0
"c39f594d9d2493b66260c1f7503e5ea1",0.768061381237017,0,0,0,0,0,0,0,0,0,0,0,0,0,0,0
"19463e5fe824700110e4a4ec8afe0512",0.0228163311870064,0.0160462703119038,0,0.0220959936191082,0,0.0273545345076043,0.0558503211393465,0.101424350663668,0.0592091351237048,0.0489691856864884,0.233874611316342,1.01504830931925,0.216602092803319,0.935061809707164,0.601072943291296,0.180299867147466
"135f3b8eaf65e4c59bcd692de4f6d6ae",0,0.0110540973259782,0.0246687341415281,0,0.0276847263364802,0,0,0,0,0,0,0,0,0,0,0
"7281c911136ba2bdcafebb9c71729dea",0.128408189471059,0,0,0,0,0,0,0,0,0,0.0140131481987064,0.0794975753239526,0.0640654077305592,0.352904296281285,0.553324158076567,0.151831467071551
"a353b92733af5260a57dd1a0ba3001e1",1.68442891518957,0,0,0,0,0,0,0,0,0,0,0,0,0,0,0
"9afd475513b0a626050fef80f7d864d4",0.417591921957535,0,0,0,0,0,0,0,0,0,0,0,0,0,0,0
"38b371de3be6ddef03bea94294e9830d",9.65687952181215,0.0114106811106872,0,0.00862282677818856,0,0.00789615429085484,0,0,0.00467440540450301,0.00362734708788803,0.00483212006851946,0.0034901374532467,0,0.0140908400040531,0.0449400331432744,0
"2a19b898afc817194e7a4996c2501bd5",0.0106122470637239,0,0,0,0,0,0,0,0,0,0,0,0,0,0,0
"630dbfa8fbc034c9f8692f9d429ea57e",0.00397959264889646,0,0,0,0,0,0,0,0,0,0,0,0,0,0,0
"af2d8d803a1e0df98789044e20c2646a",0,0,0,0,0,0,0,0,0,0,0,0,0,0.00759955415948931,0,0
"00822d53733c27d8119b5fc4ed19f687",0,0,0,0,0,0,0,0,0,0,0,0,0,0.00744123011449995,0,0
"63f37ee4b481fccdffca10160ed5b944",0.238775558933788,23.9741975973385,21.1974908373273,25.8598575077875,24.9993078818416,20.3311872713993,14.9554748828695,21.8459231820788,10.4025553416211,12.2925610884114,11.0955141013344,7.66666860563192,8.2461331950334,22.0124252710508,15.5520602196444,15.195799329411
"89628653ce7d25046e81ec1e41c9122f",0,0,0,0,0,0,0,0,0,0.0119184261459178,0,0,0,0,0,0
"829161d9eeb2bc71c936ceac625d9240",0,0,0,0,0,0,0,0,0,0,0,0,0,0.00649128584456379,0,0
"dfa00f358503d3a79cb2c330ee60c1e2",0,0,0,0,0,0,0,0,0,0,0,0,0,0.00807452629445739,0,0
"e36ac8cd7dc84d43bd2784fdc182f91a",0,0,0,0,0,0,0,0,0.00267108880257315,0,0.0026576660376857,0,0,0,0,0
"70414021f4b21e27cabdfe1be1ae296b",0,0,0,0,0,0,0,0,0,0,0,0.00678637838131303,0,0,0,0
"47c6142121fd5fbdd963a7a6fccb2c5e",0.00902041000416531,0,0,0,0,0,0,0,0,0,0,0,0,0,0,0
"390239bf01b14308adb01f1634c4b99c",0.00424489882548956,0,0,0,0,0,0,0,0,0,0,0,0,0,0,0
"950c432d4df367cfd29389f23c4272f6",0.0167142891253651,0,0,0,0,0,0,0,0,0,0,0,0,0,0,0
"adf5bb1e5c1f167d69175bf8a8e04fb3",0.00132653088296549,0,0,0,0,0,0,0,0,0,0,0,0,0,0,0
"c54740e67850b527400a77af33bd3d89",0.0201632694210754,0,0,0,0,0,0,0,0,0,0,0,0,0,0,0
"f5a0cba713d42e29e41a6df93519572a",0.000530612353186195,0,0,0,0,0,0,0,0,0,0,0,0,0,0,0
"a681fb02342fb54c83839d35541047fd",0.00106122470637239,0,0,0,0,0,0,0,0,0,0,0,0,0,0,0
"245b33b8928a2d472035cfcc336caddb",0.00424489882548956,0,0,0,0,0,0,0,0,0,0,0,0,0,0,0
"26cbd70e0eb0b0a14e93c0970b305ef1",0.00291836794252407,0,0,0,0,0,0,0,0,0,0,0,0,0,0,0
"82f3d62aabc8caf816ec2120e9c14bb5",0.00185714323615168,0,0,0,0,0,0,0,0,0,0,0,0,0,0,0
"d2fd495f50fd9ee1bb779066a74086d7",0.00132653088296549,0,0,0,0,0,0,0,0,0,0,0,0,0,0,0
"e335570f65a3bc3a849f355ac1698181",0.00530612353186195,0,0,0,0,0,0,0,0,0,0,0,0,0,0,0
"5c70df4d17fc89bab58a00ca6e9a66e1",0.000530612353186195,0,0,0,0,0,0,0,0,0,0,0,0,0,0,0
"b488a23a21137febe962e32b948e87a9",0.00132653088296549,0,0,0,0,0,0,0,0,0,0,0,0,0,0,0
"4d36e0d0050d301d2a3d040d04521b20",0.00106122470637239,0,0,0,0,0,0,0,0,0,0,0,0,0,0,0
"40862b63dd0defe1fb1cbc9991f5f089",0.00106122470637239,0,0,0,0,0,0,0,0,0,0,0,0,0,0,0
"00e6614407462b417669175bc85184ad",0.000530612353186195,0,0,0,0,0,0,0,0,0,0,0,0,0,0,0
"ee21cf356777ae26fe7089d75452abd7",0.000530612353186195,0,0,0,0,0,0,0,0,0,0,0,0,0,0,0
"f7d85e5a89d2a972052c5ff23f52397a",0.000530612353186195,0,0,0,0,0,0,0,0,0,0,0,0,0,0,0
"b6659ef305819aabacf82fa333d503b6",0.00106122470637239,0,0,0,0,0,0,0,0,0,0,0,0,0,0,0
"76612bcedbaf761367a3d047ebafd7b6",0.00106122470637239,0,0,0,0,0,0,0,0,0,0,0,0,0,0,0
"3aa84206bcf663e8de0f75e1bb5b2ba6",0.00106122470637239,0,0,0,0,0,0,0,0,0,0,0,0,0,0,0
"3e3e95a36c06e6967322d92057d2f4f7",0.000795918529779292,0,0,0,0,0,0,0,0,0,0,0,0,0,0,0
"28e3c3f751b7e166668665449ef80ec9",0.00106122470637239,0,0,0,0,0,0,0,0,0,0,0,0,0,0,0
"0674e7934525d446c54c31dc9b8e33d5",0.00636734823823433,0,0,0,0,0,0,0,0,0,0,0,0,0,0,0
"cc53782126bff6f2648754f297c70cff",0.000530612353186195,0,0,0,0,0,0,0,0,0,0,0,0,0,0,0
"f39790ad4b1a813000323022eb1e9567",0.00212244941274478,0,0,0,0,0,0,0,0,0,0,0,0,0,0,0
"e0f5ac0f18cc28b90be53aa781a75e97",0.00159183705955858,0,0,0,0,0,0,0,0,0,0,0,0,0,0,0
"b488bf12e36de9f37c9b3da1febf2c3e",0.00477551117867575,0,0,0,0,0,0,0,0,0,0,0,0,0,0,0
"57e13b307e96897f55540c6759029343",0.00185714323615168,0,0,0,0,0,0,0,0,0,0,0,0,0,0,0
"4f3686ad1491f35d467e4d518b1a239a",0.00106122470637239,0,0,0,0,0,0,0,0,0,0,0,0,0,0,0
"e9ad9694aa9baa8ef6805db44808b3ce",0.00902041000416531,0,0,0,0,0,0,0,0,0,0,0,0,0,0,0
"6d6f4c93d09d73073c55fef2decc5e58",0.00238775558933788,0,0,0,0,0,0,0,0,0,0,0,0,0,0,0
"65f9a101f8ffe7049bd3d0baa83520c2",0.000795918529779292,0,0,0,0,0,0,0,0,0,0,0,0,0,0,0
"00c193a1d13306dc0a3fa7b7b19327a9",0.00212244941274478,0,0,0,0,0,0,0,0,0,0,0,0,0,0,0
"0b898d4961772ab53a086c8154bac568",0.00159183705955858,0,0,0,0,0,0,0,0,0,0,0,0,0,0,0
"8e3af97b4686b85e19d450d5c1c96fbe",0.00371428647230336,0,0,0,0,0,0,0,0,0,0,0,0,0,0,0
"8a2c442a314a7a38b0dd2f26401b5bbb",0,0,0,0,0,0,0,0,0,0,0,0.000387793050360744,0,0,0,0
"e561c5c5f92aa66e6b1befb81385d1fc",0.0734898109162879,0,0,0,0,0,0,0,0,0,0,0,0,0,0,0
"281228d4a8faf2330f12bda44eeeb6af",0.0448367438442334,0,0,0,0,0,0,0,0,0,0,0,0,0,0,0
"0cdf6b354c008cd74c18af9f484f8bf7",0.0387347017825922,0,0,0,0,0,0,0,0,0,0,0,0,0,0,0
"1f003e944f4c451188139f78a4dbead3",0.00132653088296549,0,0,0,0,0,0,0,0,0,0,0,0,0,0,0
"089e886fa6644f9380d46e458a8bf9d6",0.00238775558933788,0,0,0,0,0,0,0,0,0,0,0,0,0,0,0
"432a02504adb954775f641117e6d7b14",0.00530612353186195,0,0,0,0,0,0,0,0,0,0,0,0,0,0,0
"dd6cd878e1ac746a5df199e3ea0152a2",0.00344898029571026,0,0,0,0,0,0,0,0,0,0,0,0,0,0,0
"24d1b9eb90c847a42a0dc2c748b53fd5",0.00291836794252407,0,0,0,0,0,0,0,0,0,0,0,0,0,0,0
"a5f80c6cfc12861f45f935186dc8a472",0,0,0,0,0,0,0,0,0,0,0.000724818010277919,0,0,0,0,0
"5976a56adfe903f7348b5eb5689e3c55",0.0867551197459428,0.0146199351730679,0.0317169438962503,0.139582008471927,0.40419700451261,0.22898847443479,0.173756554655745,0.0926048419103056,0.0454085096437435,0.786616125630575,0.842721739949794,0.618142122275027,0.283718234235334,0.437924308440572,0.477487852147291,0.471310179034605
"cd26adf889179ccd2d1b553ce33b5276",0,0,0,0,0,0,0,0,0,0,0,0.000581689575541117,0,0,0,0
"6ccc148642fc55d9ec07d0d348c37148",0,0,0,0,0,0,0,0,0,0.00129548110281715,0,0,0,0,0,0
"a5723c72b7103b8c043b31cab7252af4",0.000530612353186195,0,0,0,0,0,0,0,0,0,0,0,0,0,0,0
"43a52ec4605b37f3671b33e61ff6fedd",0.0482857241399437,0,0,0.0485034006273106,0.163339885385233,0.111956187623906,0.114803437897546,0,0.0227042548218718,0.431136111017549,0.431508322118788,0.323419404000861,0.134232282864029,0.227036680514743,0.224700165716372,0.189789333839438
"ec92f6331d8ecb50e3f0dee8fbf3bcb0",0.0387347017825922,0.113037059752745,0.725965604736397,0.160600148743762,0.107970432712273,0.0420188210477633,0.0775698904713147,0.0264585262600873,0.00690031273998063,0.00466373197014175,0.0171540262432441,0.0145422393885279,0.015253668507276,0.011399331239234,0.0252787686430919,0.0253052445119251
"07c98191a29a6be9185f213be81a429f",0.0875510382757221,0,0,0,0,0,0,0,0.00467440540450301,0.0152866770132424,0,0,0,0.00395810112473402,0,0
"ea156f972cd3802c3fac147e4200ba7a",0.173244933315293,0,0,0,0,0,0,0,0.00489699613805077,0.015027580792679,0,0,0,0.0102910629243084,0,0
"9d169a06854ffc97e3fa36d6dad78813",0.0153877582423996,0,0,0,0,0,0,0,0,0.0165821581160596,0,0,0,0.00759955415948931,0,0
"67eb9981d1bfffccac7b787cebaaa01b",0.0443061314910472,0,0,0,0,0,0,0,0,0,0,0,0,0,0,0
"c3764288be8ac8815185c4ee6d913e81",0.0297142917784269,0,0,0,0,0,0,0,0,0,0,0,0,0,0,0
"52bbb433f19eef3b3b7f88453db7aeb4",0.00265306176593097,0,0,0,0,0,0,0,0,0,0,0,0,0,0,0
"58170f812d875827788d594fb6ddd4ce",0.0092857161807584,0,0,0,0,0,0,0,0,0,0,0,0,0,0,0
"b65ddb808f41ed58f0a87829f790124c",0.4343062110829,0,0,0,0,0,0,0,0,0,0,0,0,0,0,0
"65db89cb7753aa9ae2885315cf5ffe04",0.102673490341529,0,0,0,0,0,0,0,0,0,0,0,0,0,0,0
"10bb410cab85c3ad55c3e1b7a643ae2a",0.0427142944314887,0,0,0,0,0,0,0,0,0,0,0,0,0,0,0
"e1809c067af83a3dc4623ce28f35fe79",0.147510234185762,0,0,0,0,0,0,0,0,0,0,0,0,0,0,0
"cb6e61a6c468d63ca89dc4f8c67e8554",0.0920612432778048,0,0,0,0,0,0,0,0,0,0,0,0,0,0,0
"d75d2dcd4fa20c295e2b228aaab734d6",0.000795918529779292,0,0,0,0,0,0,0,0,0,0,0,0,0,0,0
"f486ad1bcca90a8bd9b68c76212312c3",0.0116734717700963,0,0,0,0,0,0,0,0,0,0,0,0,0,0,0
"62925abc081ef537aea1336e58a4548a",0.0785306282715568,0,0,0,0,0,0,0,0,0,0,0,0,0,0,0
"49eeeeee727d06a37cada5eee00468b5",0.00451020500208265,0,0,0,0,0,0,0,0,0,0,0,0,0,0,0
"fe5a45686af6b4b7eaff28a4dcaef15b",0.00291836794252407,0,0,0,0,0,0,0,0,0,0,0,0,0,0,0
"603ab94ae666e02cf4cc8a2132414ef5",0.00371428647230336,0,0,0,0,0,0,0,0,0,0,0,0,0,0,0
"d947bf2404132e0163f3c59d1bce36f7",0.032632659720951,0,0,0,0,0,0,0,0,0,0,0,0,0,0,0
"ae815c4df4c6f21bff23c4999800dfeb",0.00212244941274478,0,0,0,0,0,0,0,0,0,0,0,0,0,0,0
"ccd295e3a04fb7bb78f97b49d1d76562",0.00557142970845504,0,0,0,0,0,0,0,0,0,0,0,0,0,0,0
"8b36978991475cb71d3317e4daaf9e1a",0.00291836794252407,0,0,0,0,0,0,0,0,0,0,0,0,0,0,0
"690ef1f68aa77e7be7d8be58f2815e17",0.000795918529779292,0,0,0,0,0,0,0,0,0,0,0,0,0,0,0
"1541d3f52b75573d379c2d7efdd61f0e",0.0143265335360273,0,0,0,0,0,0,0,0,0,0,0,0,0,0,0
"051d14c7d7e9a5358e8da8a52b48bca3",0.15414288860059,0,0,0,0,0,0,0,0,0,0,0,0,0,0,0
"c5f63d06bc0e136c998bf43f719776c3",0.0742857294460672,0,0,0,0,0,0,0,0,0,0,0,0,0,0,0
"1cb61b915d95b3ecc06c6a25f791670e",0.0376734770762198,0,0,0,0,0,0,0,0,0,0,0,0,0,0,0
"4c4c77a6783079489f146bf3f51d11e6",0.010877553240317,0,0,0,0,0,0,0,0,0,0,0,0,0,0,0
"2d7ac92616f87949dfaf73e74e7d61ef",0.00106122470637239,0,0,0,0,0,0,0,0,0,0,0,0,0,0,0
"566e2121e9bd3188a5c29f9c55607760",0.00477551117867575,0,0,0,0,0,0,0,0,0,0,0,0,0,0,0
"922a7f47672abd882604d821f25fb3ad",0,0,0,0,0,0,0,0,0,0.000777288661690292,0,0,0,0,0,0
"4adbf4beb8d2b17f63b543e4d9aa39b6",0.206938817742616,0,0,0,0,0,0,0,0,0,0,0.0911313668347749,0.460660788919735,0.0854949842942547,0,0
"d10ef1cc3876e7ca96d49bab29ceec47",0,0,0,0,0,0,0,0,0,0,0,0,0,0.000474972134968082,0,0
"93fadef301b62aa732e42bf1142b3afa",0,0.258879827698715,1.16295460952918,0.216648522801988,0.498325074056643,0.443876673350197,0.924633094418071,0.498302244564978,0.296045675618524,0.531406348375596,0.425709778036565,0.806609544750349,1.47045364410141,1.28654118958354,1.45212482094206,2.74245587397988
"ee983542287b2fabba9e4ee88472a44a",0,0,0,0,0,0,0,0,0,0,0,0.000969482625901861,0,0,0,0
"92f305372628ccbd74b7b28b933d306b",0.0780000159183706,0,0,0,0,0,0,0,0,0,0,0.0244309621727269,0.134232282864029,0.0227986624784679,0,0
"2386e7f0ed5d187b06bed4a743e7db83",0,0,0,0,0,0,0,0,0,0,0,0,0,0.000316648089978721,0,0
"08f0179cb02459891d87167ee734be6a",0,0,0,0,0,0,0,0,0,0,0,0,0,0.000316648089978721,0,0
"49eb7db9bbd667a245fcb40e7be64a28",0,0.00178291892354487,0,0,0,0,0,0,0,0,0.00386569605481557,0.00814365405757563,0,0.000949944269936164,0,0
"899bfc3202ef1effff6e234fa8517ff3",0.0119387779466894,0,0,0,0,0,0,0,0,0,0,0,0,0,0,0
"ddd4b60fc546f62f90bcf9ae38f1a723",0.00159183705955858,0,0,0,0,0,0,0,0,0,0,0,0,0,0,0
"06e148ad8b35489ea97e51ef733e9550",0.00212244941274478,0,0,0,0,0,0,0,0,0,0,0,0,0,0,0
"d42912a22b570ab99938b745999ae2cc",0,0.0402939676721141,0.0916267268113899,0.0210181402718346,0.0249162537028321,0.0719114051488566,0.0868782773278724,0.119063368170393,0.631935092542097,0.521042499553059,0.0461467466543609,0.0525459583238809,0.0427102718203728,0.056205035971223,0.0505575372861837,0.0948946669197191
"1a2aa45c0c2bca3b49679b7f3f4f465d",0.00212244941274478,0,0,0,0,0,0,0,0,0,0,0,0,0,0,0
"f344d4281112bb7cf5358c04fda869ee",0.000795918529779292,0,0,0,0,0,0,0,0,0,0,0,0,0,0,0
"4bea53b2aad77f2569a0182f6b84255e",0,0.0984171245796769,0.229066817028475,0.333056684307533,0.202098502256305,0.129440529267942,0.201681715225418,0.357190104511179,1.24606292640037,0.886368170547496,0.240881185415695,0.115174535957141,0.0579639403276488,0.0607964332759145,0.0477487852147291,0.0569368001518315
"7e07d92eab06d89b09f0c89c8e30de6b",0,0,0,0,0,0,0,0,0,0,0.000483212006851946,0,0,0,0,0
"f0334c3272bbee3d861fa082350b5374",0,0,0,0,0,0,0,0,0,0.000518192441126861,0,0,0,0,0,0
"e55e48fe52d8325396d7b7a722adba80",0,0,0,0,0,0,0,0,0,0,0.00120803001712987,0,0,0,0,0
"ca260e01990acd1b27aa3f46c03d1814",0,0,0,0,0,0,0,0,0,0,0,0,0,0.000316648089978721,0,0
"84f15f87dd256dbeaf017a4e75dd5cad",0,0,0,0,0,0,0,0,0,0.00103638488225372,0,0,0,0,0,0
"b9572caf5beca64d204f56f150f96a8d",0,0,0,0,0,0.00169203306232604,0,0,0,0,0,0,0,0,0,0
"83adaf3a09d08c93f2abea6a4c815592",0.0867551197459428,1.98153609162777,2.29066817028475,1.69546331526133,3.19758589186346,1.90889529981416,3.40066399826243,1.58751157560524,1.49491936650677,1.31672699290335,1.56971420425855,1.27739030788829,1.47655511150432,1.5550587698855,1.35943600258405,1.44872524830771
"a402fc6f0fd057decbe746f48bf12862",0,0.115889730030417,0,0.0571262274054992,0,0.057811129629473,0,0,0.0681127644656153,0.140948343986506,0.195459256771612,0.266607722123012,0.22880502760914,0.291791214915392,0.452209083504199,0.502941734674511
"f44234fea5a65dfa65edd4c8b6babf37",0.00742857294460672,0,0,0,0,0,0,0,0,0,0,0,0,0,0,0
"01a80919b32734264f4c21669d8f2713",0.02997959795502,0,0,0,0,0,0,0,0,0,0,0,0,0,0,0
"41394ade15d1e8762a8d0b3599068bf2",0.0321020473677648,0,0,0,0,0,0,0,0,0,0,0,0,0,0,0
"d5e86e0fe7c13c5751606c96f3788345",0.235061272461484,0,0,0,0,0,0,0,0,0,0,0,0,0,0,0
"84fa9606a58e97506922f09083e7087a",0.00212244941274478,0,0,0,0,0,0,0,0,0,0,0,0,0,0,0
"0709277372b3816e3986842fb10c8e96",0.0527959291420264,0.186136735618084,0.222018607273752,0.0792222210246074,0,0.00874217082201786,0,0,0,0,0.00531533207537141,0.0279210996259736,0.176942554684402,0.239702604113892,0.123585091144005,0.161320933763522
"a56e9b9fb128fed11f629c8a133ea087",0,0.000713167569417948,0,0,0,0,0,0,0,0,0,0,0,0,0,0
"e6485d233ed2b8b9a2f3f50f0747b9d2",0.127081658588094,0.324847827869875,0.451085424302227,0.174073315584682,0.213172392790897,0.075859482294284,0.0930838685655776,0.114653613793712,0.402666636987902,1.03249843894527,1.14980297030421,1.15426601439876,0.774886360169621,0.892789289695005,0.848243125579305,0.967925602581135
"47515cfa358287ae00ead27b78b2285b",0.0238775558933788,0,0,0,0,0,0,0,0,0,0,0,0,0.0318231330428615,0.0589837935005477,0.034794711203897
"2b7dca9f823dab555a368d87f194804f",0.0302449041316131,0,0,0,0,0,0,0,0.00556476833869406,0.0121775223664812,0.0292343264145427,0.0285027892015147,0,0.0163073766339041,0,0
"070ad707f633c0df5a19f11bcfa699c1",0,0,0,0,0,0,0,0,0,0,0.00241606003425973,0,0,0.017573968993819,0,0
"b64f2cd0b47a6548ebe2077c728b213f",0.0161836767721789,0.00891459461772435,0,0,0,0,0,0,0,0,0.0125635121781506,0,0,0.00474972134968082,0,0
"4a18801bf3179876e3e063abc1fa1b5c",0,0,0,0,0,0,0,0,0,0,0.0410730205824154,0.0168689976906924,0,0.0166240247238829,0,0
"b4eac52cfa36ce63f24be2fc530ad204",0.0103469408871308,0.0156896865271949,0,0.0113174601463725,0,0.0073321432700795,0,0,0.0106843552102926,0.0515601478921227,0.0932599173224256,0.0438206146907641,0,0.0322981051778296,0,0
"d4cf4bfef77541da66524a9292252fa2",0.00663265441482743,0,0,0,0,0,0,0,0,0,0,0,0,0,0,0
"eefd58e34806834774cf090051744fd6",0,0.0114106811106872,0,0.00377248671545749,0,0.00282005510387673,0,0,0,0,0,0,0,0.00110826831492552,0,0
"f397a6809dc09fd4f5cc5f425c5eb0ba",0,0,0,0,0,0,0,0,0,0.00310915464676117,0,0,0,0,0,0
"27b310dd4ffe5fc8db8b41f66bdb3175",0.016448982948772,0,0,0,0,0,0,0,0,0,0,0,0,0,0,0
"4f3989d95e7611bb6b5307454d75d3ce",0.0103469408871308,0.0363715460403154,0.0528615731604173,0.0140120935145564,0,0.013818270008996,0.0186167737131155,0,0.00578735907224182,0.0274641993797236,0.0707905590038101,0.0469229590936501,0.0823698099392904,0.0473388894518188,0.0308962727860012,0.0411210223318783
"5e2e0a4cfc3ab5f1a074ef61d2d6f68b",0,0.00677509190947051,0,0,0,0,0,0,0,0.00207276976450745,0.0115970881644467,0.00155117220144298,0,0,0,0
"499a635c6e7dcd5c8ef518302aa50011",0,0.256027157421043,0.225542712151114,0.203714282634705,0.37651227817613,0.0727574216800196,0.0434391386639362,0.105834105040349,0.0362822895682853,0.0484509932453615,0.0386569605481557,0.0211347212446606,0.015253668507276,0.0088661465194042,0,0
"ce21e0d8c29a8e91b8f8ed03fb21d296",0.113020431228659,0,0,0,0,0,0,0,0,0,0,0,0,0,0,0
"7bc28b86485f80b7996a6a115aa31176",0,0.0117672648953961,0,0,0,0,0,0,0,0,0,0,0,0,0,0
"021d1583edfe105a9c99264ea9f3d2d6",0.143530641536866,0,0,0,0,0,0,0,0,0,0,0,0,0,0,0
"418ebbfcf9fe4c2ccea934ba2533ec35",0.0267959238359028,0,0,0,0,0,0,0,0,0,0,0,0,0,0,0
"dcc60ede2cc11c8503b4f31fab9233b8",0.0103469408871308,0,0,0,0,0,0,0,0,0,0,0,0,0,0,0
"817de57245c782e0e938fdb195cd7aa1",0,0,0,0,0,0,0,0,0,0,0,0.000969482625901861,0,0,0,0
"cb13db7c2341f7fb498c476454c50a21",0.0177755138317375,0,0,0,0,0,0,0,0,0,0,0,0,0,0,0
"af9554a6cc07a34c1cb6004e3dbb865a",0,0,0,0,0,0,0,0,0,0,0.00893942212676101,0.018226273366955,0.0335580707160072,0.030714864727936,0.0702188017863663,0.0506104890238502
"9cf7d9633bfa9472ea4578871edcdd08",0.00344898029571026,0,0,0,0,0,0,0,0,0,0,0,0,0,0,0
"d21206f5365da44b1152796d3281ae34",0.00106122470637239,0,0,0,0,0,0,0,0,0,0,0,0,0,0,0
"2096bed8d8d3c009cd128c5f66954ed4",0.0628775638525641,0,0,0,0,0,0,0,0,0,0,0,0,0,0,0
"f58368d26234da28cbe5f17910c56a6c",0.00610204206164124,0,0,0,0,0,0,0,0,0,0,0,0,0,0,0
"d48429274cd09a4257ad8b24c009e8fd",1.53453092541447,0,0,0,0,0,0,0,0,0,0,0,0,0.00348312898976593,0,0
"a5ea8c2ae0dc9882cf9358924dd4f453",0.836245068621443,0,0,0,0,0,0,0,0,0,0,0.000581689575541117,0,0.00633296179957442,0,0
"8102b0f64f0661286e71a73878df9ce7",0.00371428647230336,0,0,0,0,0,0,0,0,0,0,0,0,0,0,0
"ebd4d8e08540f7586c3a30987c6ef7b0",0.00185714323615168,0,0,0,0,0,0,0,0,0,0,0,0,0,0,0
"3d002319a68cb81e39764750ce844423",0.00132653088296549,0,0,0,0,0,0,0,0,0,0,0,0,0,0,0
"85856de71cc20a58c1522fd9ba454442",0.00875510382757221,0,0,0,0,0,0,0,0,0,0,0,0,0,0,0
"a1fc4f2226c42bb7298da8c51ceea5a0",0.000530612353186195,0,0,0,0,0,0,0,0,0,0,0,0,0,0,0
"30b92827daeee78c39eefccd5bfca43d",0.000530612353186195,0,0,0,0,0,0,0,0,0,0,0,0,0,0,0
"64b0ba388dd3728a36854c2f014b3129",0.00265306176593097,0,0,0,0,0,0,0,0,0,0,0,0,0,0,0
"d320c54f3dd1a81501e597b4e5a53ac8",0,0,0,0,0,0,0,0,0,0,0.00338248404796362,0,0,0,0,0
"949479e3fb297c277f93012cef3a75ac",0,0,0,0,0,0,0,0,0,0,0,0,0,0.000474972134968082,0,0
"62d932ca73039e553c5cd4450ffec6eb",0,0,0,0,0,0,0,0,0,0,0,0.000581689575541117,0,0,0,0
"794d1f76593fbe8de481cb6027cffe80",0,0,0,0,0,0,0,0,0,0,0.00120803001712987,0,0,0,0,0
"e56ff94be490db15f612984e45450ce3",0,0,0,0,0,0.000564011020775346,0,0,0,0,0,0,0,0,0,0
"c55a8101fb6c187736f0af61f720cb92",0,0.23641504926205,0.52156752184945,0.294792890479321,1.45621660529886,2.25463405554945,2.49154488193863,2.39008687216122,0.338337914992599,3.94577634296049,7.43180066538293,7.936572568683,6.37603343604137,2.92187025027865,2.69359323652501,5.09584361358892
"a238153d3168c0f00aeb8fb5d90d7e0c",0,0,0,0,0,0,0,0,0,0,0.00652336209250127,0,0,0,0,0
"74733b3a404e0fd05016159ab938bbc7",0,0,0,0,0,0,0,0,0,0.00181367354394401,0,0,0,0,0,0
"f2503a995bd8c1a94ce5d1e49159c7d1",0,0,0,0,0,0.000846016531163019,0,0,0,0,0,0,0,0,0,0
"b4047348b90c6f16b7fba7f7330bf87e",0.00106122470637239,0,0,0,0,0,0,0,0,0,0,0,0,0,0,0
"2750b310e92cd153994e7af71d6851e0",0.00212244941274478,0,0,0,0,0,0,0,0,0,0,0,0,0,0,0
"021829170463632e041095dab11c0e95",0.000530612353186195,0,0,0,0,0,0,0,0,0,0,0,0,0,0,0
"4767afde4b029b318194cf99b257de2d",0,0.00106975135412692,0,0,0,0,0,0,0,0.00155457732338058,0,0,0,0,0,0
"f34375ad68967fbbb5c6ca6b32bea110",0.000795918529779292,0,0,0,0,0,0,0,0,0,0,0,0,0,0,0
"eb689bb0db80cb3fc1f81366f262fd18",0.0331632720741372,0,0,0,0,0,0,0,0,0,0,0,0,0,0,0
"bbb265fb3e7a0752ebf597a8844bfc16",0.00265306176593097,0,0,0,0,0,0,0,0,0,0,0,0,0,0,0
"800e0527da5f9218e61c70f7d0ec8715",0,0,0,0,0,0,0,0,0,0,0.00217445403083376,0.0236553760720054,0.015253668507276,0.017573968993819,0,0
"e7a13ec86ee02e4891bd50da7bb8f534",0.000795918529779292,0,0,0,0,0,0,0,0,0,0,0,0,0,0,0
"eb806bb1dd30405c489b4706cacd2d26",0.000795918529779292,0,0,0,0,0,0,0,0,0,0,0,0,0,0,0
"e5e089e059da889289ee4eda3c3a2d00",0.000795918529779292,0,0,0,0,0,0,0,0,0,0,0,0,0,0,0
"179e72f0ecdfeb920df685432f3f2d1a",0.00238775558933788,0.041363719026241,0.0528615731604173,0.0479644739536739,0.0636748705739044,0.0341226667569084,0.0434391386639362,0.0881950875336244,0.194544301120744,0.0588148420678988,0.00120803001712987,0.00213286177698409,0,0,0,0
"8c932073a2765a0e8639a784955bd290",0.0159183705955858,0,0,0,0,0,0,0,0,0,0,0,0,0,0,0
"41378c0d1422c99fe376b37f5e1eb290",0,0,0,0,0,0,0,0,0.000667772200643287,0.000777288661690292,0,0,0,0,0,0
"f5ec59d59b201d9d82b91bbfb69dc2fc",0,0,0,0,0,0,0,0,0,0,0,0,0.0061014674029104,0.000474972134968082,0,0
"513be4a37b7f822529b6bc15793afd03",0.00238775558933788,0,0,0,0,0,0,0,0,0,0,0,0,0,0,0
"676c29f329b29adbd48921804b86030e",0.0257346991295304,0,0,0,0,0,0,0,0,0,0,0,0,0,0,0
"79f2b1b38f1fbd05cc7592334ee0803d",0.0137959211828411,0,0,0,0,0,0,0,0,0,0,0,0,0,0,0
"dc6c7b33d252a7891fd83a442747c837",0.00159183705955858,0,0,0,0,0,0,0,0,0,0,0,0,0,0,0
"3f602caee36e03c625a1f30eb97314e2",0.0122040841232825,0,0,0,0,0,0,0,0,0,0,0,0,0,0,0
"cca5f50c3116400e50fe7a3e7a0be852",0.00530612353186195,0,0,0,0,0,0,0,0,0,0,0,0,0,0,0
"52be19846e0f0c7f419cde01b6e10585",0.00159183705955858,0,0,0,0,0,0,0,0,0,0,0,0,0,0,0
"14f013032d3d55ac24bde620c2d8f945",0.00159183705955858,0,0,0,0,0,0,0,0,0,0,0,0,0,0,0
"708043a43693e1145f5e15e5ee3b2b06",0.00291836794252407,0,0,0,0,0,0,0,0,0,0,0,0,0,0,0
"f0f5fe3a3ccc66ce7e67e82294654107",0.230551067459402,0,0,0,0,0,0,0,0,0,0,0,0,0,0,0
"f9d19abf0ac81bcc64d02d91350fce35",0.0116734717700963,0,0,0,0,0,0,0,0,0,0,0,0,0,0,0
"98f44e3e61d018840fdce5dc524c719c",0.00318367411911717,0,0,0,0,0,0,0,0,0,0,0,0,0,0,0
"9a842084688427ba067307eb8662eecd",0.00159183705955858,0,0,0,0,0,0,0,0,0,0,0,0,0,0,0
"523a7e01fa5c47d91e959292759c7ac7",0.0122040841232825,0,0,0,0,0,0,0,0,0,0,0,0,0,0,0
"fa7645eda32b4e6cfa5a7641e34be6b8",0.00795918529779292,0,0,0,0,0,0,0,0,0,0,0,0,0,0,0
"e96b5191533b55b247369d8649d8458d",0.000795918529779292,0,0,0,0,0,0,0,0,0,0,0,0,0,0,0
"ca532c83e87eb3e76511a71e9abf28c2",0.00371428647230336,0,0,0,0,0,0,0,0,0,0,0,0,0,0,0
"639e75a54d67c9dc93cfa31100bdc6d9",0.000530612353186195,0,0,0,0,0,0,0,0,0,0,0,0,0,0,0
"022ced45e53557d101111cdb41f49f4e",0.00212244941274478,0,0,0,0,0,0,0,0,0,0,0,0,0,0,0
"8a5b1b1f58eaa67ae9c35c6521b3eb71",0.00848979765097911,0,0,0,0,0,0,0,0,0,0,0,0,0,0,0
"99b459540b7b4682716095be1962981e",0.0379387832528129,0,0,0,0,0,0,0,0,0,0,0,0,0,0,0
"9e1c950d882ef8c3e0f61aa7ec52060e",0.0114081655935032,0,0,0,0,0,0,0,0,0,0,0,0,0,0,0
"d2e381c85060771ec94f8f66bf491409",0.0111428594169101,0,0,0,0,0,0,0,0,0,0,0,0,0,0,0
"9b38c83e9f4e2a1c9ccca312a8701603",0.0695102182673915,0,0,0,0,0,0,0,0,0,0,0,0,0,0,0
"614e12aec73ab6030db3c1a7f5141bba",0.0220204126572271,0,0,0,0,0,0,0,0,0,0,0,0,0,0,0
"60ac965b34c1883a7fe6e2307252fd16",0.00583673588504814,0,0,0,0,0,0,0,0,0,0,0,0,0,0,0
"c487c317433b2236a0872af25cb3b3de",0.0111428594169101,0,0,0,0,0,0,0,0,0,0,0,0,0,0,0
"ef9fddde19882aba901f1b0419ec09d8",0.0894081815118738,0,0,0,0,0,0,0,0,0,0,0,0,0,0,0
"84444bac9dbd64e8d26d1a9dcfc67902",0.00530612353186195,0,0,0,0,0,0,0,0,0,0,0,0,0,0,0
"3343d19c0bc1759a66023cbc86c92592",0.712612390329059,0.23284921141496,0.514519312094728,0.356230531273915,0.401428531878962,0.362095075337772,0.353718700549195,0.264585262600873,0.0592091351237048,0.040937202849022,0.0248854183528752,0.243146242576187,0.83285030049727,0.523577616779816,0.294918967502739,0.737015246409818
"71f4b4a0a56c9a9b81c740f6e3a18596",0,0,0,0,0,0,0,0,0,0,0,0,0,0.000791620224946803,0,0
"ed2d2e8b1f87bc9682f5032af247e55d",0,0,0,0,0,0,0,0,0,0,0,0,0,0.00142491640490425,0,0
"f9ceb4443de3c6d51433fa57c3ade975",0.00159183705955858,0,0,0,0,0,0,0,0,0,0,0,0,0,0,0
"a061d8883eca2028db1d268500722130",0.695898101203694,0.183997232909831,0.486326473075839,0.356230531273915,0.318374352869522,0.363223097379323,0.251326445127059,0.194029192573974,0.0525314131172719,0.0243550447329625,0.0198116922809298,0.240819484274022,0.790140028676897,0.483838281487486,0.269640198859647,0.762320490921743
"5f452e591d65c3a4fee53f0cc354ea72",0.00371428647230336,0,0,0,0,0,0,0,0,0,0,0,0,0,0,0
"3ade0fa13e56aac194bb3373200d6def",0.223122494514795,0,0,0,0,0,0,0,0,0,0,0,0,0,0,0
"bfc10ae6c8d6d83371b3bd138d881468",0.00557142970845504,0,0,0,0,0,0,0,0,0,0,0,0,0,0,0
"4ced6b735a53af484d0cf4f620846dcd",0.717918513860921,0,0,0,0,0,0,0,0,0,0,0,0,0,0,0
"18ca89dadf6219af5e55c04d2e77d221",0.000530612353186195,0,0,0,0,0,0,0,0,0,0,0,0,0,0,0
"248cd8f8ef49066c9ede7752a044b0ee",0,0,0,0,0,0,0,0,0,0.00103638488225372,0,0,0,0,0,0
"430c875622713c0d7662add2d8e7db60",0,0.400087006443469,0.412320270651255,0.357308384621188,0.127349741147809,0.172023361336481,0.105495051040988,0.485072981434934,0.505948737354064,0.621312736911107,0.270840329840516,0.112266088079436,0.0366088044174624,0.0223236903434998,0.0280875207145465,0.00948946669197191
"0e81a770249139559c5cb218c03695f9",0,0,0,0,0,0,0,0,0.00089036293419105,0,0,0,0,0,0,0
"e1382120e151d51cb3b3b6900845f1c8",1.45361254155358,0.00285267027767179,0,0,0,0.000846016531163019,0,0,0,0,0,0,0,0,0,0
"bb617d32673d5f60d6216a07ad7a42bc",0.230816373635995,0,0,0,0,0,0,0,1.25808282601195,0.0176185429983133,0.00434890806166752,0.0263699274245306,0,0.00554134157462762,0,0
"5cb2b4186e2e95521540e2ccbafcb4c9",0,0.188276238326338,0.151536509726529,0.123953134936461,0,0.0329946447153577,0,0.0749658244035807,0.0115747181444836,0.0619239967146599,0.018362056260374,0,0,0,0,0
"b3d8bf326297fb9b18ea4fef1ce8d4a6",0,2.22936182200051,1.76205243868058,1.69815794862951,1.84103430137593,0.586853467116747,0.487138912159856,0,0,0.496687454820097,0.563666805992795,1.24656076038461,0.689465816528875,0.909413314418887,0.7246580344353,0.907825646865313
"57568ab86419e6655ce098557e7735c9",0,0,0,0.00107785334727357,0,0,0,0,0,0,0,0,0,0,0,0
"dd07e924156039f8e953d5ea58ab5023",0.00159183705955858,0,0,0,0,0,0,0,0,0,0.00169124202398181,0.0286966857266951,0.0396595381189176,0.0383144188874253,0.0505575372861837,0.034794711203897
"211c2bf941e5c4e05078cf20a194b0be",0.00371428647230336,0,0,0,0,0,0,0,0,0,0,0,0,0,0,0
"01b7b2f1ca2a80d06d14877e3b3a0182",0,0,0,0,0,0,0,0,0,0,0,0.000387793050360744,0,0,0,0
"164212c0910ca9770a6bd13bcb2c5d05",0.146183703302797,0.0199686919437026,0.0352410487736115,0.0247906269872921,0.0609063979402564,0.0183303581751987,0,0,0.0035614517367642,0.00880927149915664,0.00289927204111168,0.00368403397842707,0.0122029348058208,0.00174156449488297,0,0
"0afdd7eddb9a71ce53cf6487747ec98c",0.00291836794252407,0,0,0,0,0,0,0,0,0,0,0,0,0,0,0
"831cff0214f7446fab90ddfedf7bfcee",0.00424489882548956,0,0,0,0,0,0,0,0,0,0,0,0,0,0,0
"0e4fb8a4429348304afe0d042e3cb39a",0.00106122470637239,0,0,0,0,0,0,0,0,0,0,0,0,0,0,0
"118852b957010ee00ae4dbb8665ad57e",0.021755106480634,0,0,0,0,0,0,0,0,0,0,0,0,0,0,0
"8027ffc215349056379fe132f318a66a",0.00132653088296549,0,0,0,0,0,0,0,0,0,0,0,0,0,0,0
"fb9d8df11e01ae4c33acac6db5a518b8",0.0827755270970463,0,0,0,0,0,0,0,0,0,0,0,0,0,0,0
"1533932a1509abc329353a9d98d3f519",0.00238775558933788,0,0,0,0,0,0,0,0,0,0,0,0,0,0,0
"655bd7b8d2c8ee0e717f8d77d47693b7",0.00848979765097911,0,0,0,0,0,0,0,0,0,0,0,0,0,0,0
"9d39b90a86fcc29202f4775515a05146",0.00504081735526885,0,0,0,0,0,0,0,0,0,0,0,0,0,0,0
"66d2801e670d80e47a383b655213cf55",0.00477551117867575,0,0,0,0,0,0,0,0,0,0,0,0,0,0,0
"3c6c6b674785246a706fea426f2f4dd9",0.0148571458892134,0,0,0,0,0,0,0,0,0,0,0,0,0,0,0
"5b6d589e4b8374ae05953faf3e0ec415",0.0143265335360273,0,0,0,0,0,0,0,0,0,0,0,0,0,0,0
"68a7e86d20300d64c5acb88a9021e2f4",0.00636734823823433,0,0,0,0,0,0,0,0,0,0,0,0,0,0,0
"8924705b2ac86db54622adeba1d6bba1",0.00371428647230336,0,0,0,0,0,0,0,0,0,0,0,0,0,0,0
"07f46149c04b861915fa32dc8104b022",0.00371428647230336,0,0,0,0,0,0,0,0,0,0,0,0,0,0,0
"d28d9cd054df9e29c622b1ec1944d013",0.00822449147438602,0,0,0,0,0,0,0,0,0,0,0,0,0,0,0
"a2ea5245d83eba89a777bfc3af4e28a7",0.0100816347105377,0,0,0,0,0,0,0,0,0,0,0,0,0,0,0
"1db7fb888012089960006f42143c48af",0.0252040867763442,0,0,0,0,0,0,0,0,0,0,0,0,0,0,0
"fc91b1d6efa2d63ad830349556a06220",0.016448982948772,0,0,0,0,0,0,0,0,0,0,0,0,0,0,0
"8cb7080de6341945037ef5d1e8e8593a",0.00716326676801363,0,0,0,0,0,0,0,0,0,0,0,0,0,0,0
"8b42e63e1fe8e14326fe559f8a2cce81",0.0151224520658065,0,0,0,0,0,0,0,0,0,0,0,0,0,0,0
"c21569e136028113fff8cb7f4f825cd4",0.00212244941274478,0,0,0,0,0,0,0,0,0,0,0,0,0,0,0
"2e009092df813643f303457c87387ced",0.0278571485422752,0,0,0,0,0,0,0,0,0,0,0,0,0,0,0
"0c293c4324023e0fc942ba2a40ef7f59",0.0233469435401926,0,0,0,0,0,0,0,0,0,0,0,0,0,0,0
"c99bcc4ed3b2887c914e9faf48d63e3f",0.0941836926905495,0,0,0,0,0,0,0,0,0,0,0,0,0,0,0
"4ffb03b5c0bfc3fffc60057381aa071c",0.0175102076551444,0,0,0,0,0,0,0,0,0,0,0,0,0,0,0
"674620811839f7b3abae4475a2cbd1fd",0,0,0,0,0,0,0,0,0,0,0,0.00504130965468968,0,0,0,0
"c9a17300b01aca353abdbbc6283a4af0",0,0,0,0,0,0,0,0,0.00267108880257315,0.00181367354394401,0,0.00174506872662335,0,0.00189988853987233,0,0
"b6acd0e458ddc4258d7622929617346d",0.00318367411911717,0,0,0,0,0,0,0,0,0,0,0,0,0,0,0
"caafd6d1ef718ac1a2b7473f47d9340b",0.12416329064557,0,0,0,0,0,0,0,0,0,0,0,0,0,0,0
"cc62bd14054a6830336f48d19ccb7fb7",0.00265306176593097,0,0,0,0,0,0,0,0,0,0,0,0,0,0,0
"749376b5f9975100a175a587f222e10e",0.0137959211828411,0,0,0,0,0,0,0,0,0,0,0,0,0,0,0
"96a7203e72563b1502356df04aa19f42",0.0095510223573515,0,0,0,0,0,0,0,0,0,0,0,0,0,0,0
"e9300c9ad8d48efb516b90fddffeff2e",0.00504081735526885,0,0,0,0,0,0,0,0,0,0,0,0,0,0,0
"39659b19934674c9db5c39d3b6a3b066",0.00371428647230336,0,0,0,0,0,0,0,0,0,0,0,0,0,0,0
"be2e14e36e0980340c6a5106d0ebf887",0.00238775558933788,0,0,0,0,0,0,0,0,0,0,0,0,0,0,0
"dbecddfdb4c39e60616c3958d43cfc8e",0.0198979632444823,0,0,0,0,0,0,0,0,0,0,0,0,0,0,0
"96e13bb8e776c83458e2b282cd3e44e0",0.00424489882548956,0,0,0,0,0,0,0,0,0,0,0,0,0,0,0
"f898c7a8c566d0beb46d5448dde2387c",0,0,0,0,0,0.00535810469736579,0.0124111824754103,0,0.0117973088780314,0.018654927880567,0.00507372607194544,0.00213286177698409,0,0.00174156449488297,0,0
"d184ddaaff75a83d4d9ce5566685f125",0.00504081735526885,0,0,0,0,0,0,0,0,0,0,0,0,0,0,0
"f453adbb26cf3d1efef5c3629bbf654d",0.00451020500208265,0,0,0,0,0,0,0,0,0,0,0,0,0,0,0
"577b654e3e1b48fbee0cbfa7a210cbfa",0.00212244941274478,0,0,0,0,0,0,0,0,0,0,0,0,0,0,0
"114bc1da00dea879e58c42626058bb7e",0.0262653114827166,0,0,0,0,0,0,0,0,0,0,0,0,0,0,0
"5ed692eda11eb0a2b9db26ccfdc1eee7",0.00583673588504814,0,0,0,0,0,0,0,0,0,0,0,0,0,0,0
"3171ed747afcaa4f31b4048623c92223",0.00371428647230336,0,0,0,0,0,0,0,0,0,0,0,0,0,0,0
"a3e5fd03d92b987205cf4bf9b1678aa4",0.00185714323615168,0,0,0,0,0,0,0,0,0,0,0,0,0,0,0
"05ced7360de47d5d168d5e800766013b",0.00504081735526885,0,0,0,0,0,0,0,0,0,0,0,0,0,0,0
"49c2b5d0aaf2ac8b0ee6cae5b6c5a8f4",0,0,0,0,0,0.00169203306232604,0,0,0.00578735907224182,0.00777288661690292,0.0036240900513896,0.00252065482734484,0.0091522011043656,0.00823285033944675,0,0
"717060b0d8c767aa2b031af9d99619dc",0.00132653088296549,0,0,0,0,0,0,0,0,0,0,0,0,0,0,0
"d7fb1f4207f140fa88ee72eda98f8f29",0.00185714323615168,0,0,0,0,0,0,0,0,0,0,0,0,0,0,0
"5081262c6f6941b26ee33cafbc0a2c31",0.00318367411911717,0,0,0,0,0,0,0,0,0,0,0,0,0,0,0
"1a3a64b0c16fb7daa275ec71dd81b701",0.00371428647230336,0,0,0,0,0,0,0,0,0,0,0,0,0,0,0
"8a4c692c01077fa5a93913725097b3bc",0.00371428647230336,0.00178291892354487,0,0.00485034006273106,0,0.00112802204155069,0,0,0.00445181467095525,0.00129548110281715,0.0161876022295402,0.111490501978714,0.07626834253638,0.0606381092309251,0.12077633907255,0
"b0aba9fc2245d2cb7e457364aa2205e4",0,0,0,0,0,0,0,0,0,0,0,0,0,0,0,0.034794711203897
"d98dabbea4fe10de13ec5310782324e8",0,0,0,0,0,0,0,0,0,0,0,0,0,0.030714864727936,0.0758363059292756,0.0759157335357753
"54211010aefd9707190f47101648a23c",0.00212244941274478,0,0,0,0,0,0,0,0,0,0,0.00426572355396819,0.0640654077305592,0,0,0
"14816bf58b22a8172bb1d6a7f78f06f2",0.00344898029571026,0,0,0,0,0,0,0,0,0,0,0,0,0,0,0
"405648482a348320fe4470fddebb64c6",0.261061277767608,0,0,0,0,0,0,0,0,0,0,0,0,0,0,0
"0f4c04cefd226f6854ad0fbc2a2de226",0,0.0320925406238077,0.0317169438962503,0.0479644739536739,0.0387586168710722,0.0203043967479125,0.0279251605696733,0.0176390175067249,0.0353919266340942,0.0277232956002871,0.0275430843905609,0.0127971706619046,0,0.00617463775458506,0,0
"d50903b75a954b0f707171e84a573a5f",0.00583673588504814,0,0,0,0,0,0,0,0,0,0,0,0,0,0,0
"c74a800e896402acb88ee96173c56d80",0.00344898029571026,0,0,0,0,0,0,0,0,0,0,0,0,0,0,0
"18ad5983778a83a204dd34420be14f74",0,0,0,0,0,0,0,0,0.0211461196870374,0.00829107905802978,0,0,0,0,0,0
"4e9f7176de6f2af840aa8a369a060705",0.0130000026530618,0.0156896865271949,0,0.0070060467572782,0,0,0,0,0,0,0,0,0,0,0,0
"74316f0e658505498c0bd04393736a67",0.00848979765097911,0.013550183818941,0,0.00485034006273106,0,0,0,0,0.00511958687159854,0.00310915464676117,0,0,0,0,0,0
"eb6a99a43cef2237af9b344c4df7f907",0.0140612273594342,0,0,0,0,0,0,0,0,0,0,0,0,0,0,0
"36a66f4e2ef60675b52417bd1ef5d23f",0,0,0,0,0,0,0,0,0,0,0,0,0.115927880655298,0.00284983280980849,0,0
"882e0de9056d8d06c0973aa7b116e09e",0.00106122470637239,0,0,0.00377248671545749,0,0,0,0,0,0,0,0,0,0,0,0
"b4900060b15cd3eab0697bdc00bfc33a",0,0.0014263351388359,0,0,0,0,0,0,0,0,0,0,0.0274566033130968,0.000791620224946803,0,0
"3679eb1918d142d7e468ea32c2f42595",0.0209591879508547,0.160106119334329,0.119819565830279,0.0781443676773338,0.0802857063757925,0.0637332453476141,0.0496447299016414,0.119063368170393,0.0894814748862005,0.0953474091673425,0.0560525927948258,0.14581018693564,0.332529973458617,0.0514553146215422,0.0224700165716372,0.0189789333839438
"333f32bb3f9df5675182ceda88bba911",0,0,0,0,0,0.000564011020775346,0,0,0,0,0,0,0,0,0,0
"7bc40a9c22f90b2ce6c97edc8248f810",0.0137959211828411,0,0,0,0,0,0,0,0,0,0,0,0,0,0,0
"5db86c73cb3a69940374cd84e1457a2f",0.0124693902998756,0,0,0,0,0,0,0,0,0,0,0,0,0,0,0
"44c8b9c58c1fcec63fc77db189334c81",0.00451020500208265,0,0,0,0,0,0,0,0,0,0,0,0,0,0,0
"50285c59a58cda2d889cb954c022a93a",0.225775556280726,0,0,0,0,0,0,0,0,0,0,0,0,0,0,0
"daec04577d1843ad73efa35de1d48151",0,0.0014263351388359,0,0.00377248671545749,0,0.00197403857271371,0,0,0,0,0.00386569605481557,0.00174506872662335,0,0,0,0
"6c68bf9a2ce53d1b172b227d83144566",0.00371428647230336,0,0,0,0,0,0,0,0,0,0,0,0,0,0,0
"caea068037af31671eecefe94eca01ca",0.00132653088296549,0,0,0,0,0,0,0,0,0,0,0,0,0,0,0
"9f320ec9d312f6f94fd8e600383871e2",0.00132653088296549,0,0,0,0,0,0,0,0,0,0,0,0,0,0,0
"450e10636606887dd168542a6fc0df36",0.00848979765097911,0,0,0,0,0,0,0,0,0,0,0,0,0,0,0
"52c544d6ecca1fc0e2adc52b33f7a35b",0.00185714323615168,0,0,0,0,0,0,0,0,0,0,0,0,0,0,0
"fef34e7fa03c36381857511c7755324d",0.0212244941274478,0,0,0,0,0,0,0,0.0017807258683821,0.00103638488225372,0,0,0,0,0,0
"360597adbaef72569dbc31f72ed91c78",0.00371428647230336,0,0,0,0,0,0,0,0,0,0,0,0,0,0,0
"3e8c3a8b8d144e5a10adb57a7cc517da",0.00424489882548956,0,0,0,0,0,0,0,0,0,0,0,0,0,0,0
"99b6b856e4676df229a6e3c11b183293",0.00291836794252407,0,0,0,0,0,0,0,0,0,0,0,0,0,0,0
"2018829be0affbac011bf1b8e30981ad",0.016448982948772,0,0,0,0,0,0,0,0,0,0,0,0,0,0,0
"3f0bc3f2b8d9b380ec319501754eca38",0.019102044714703,0,0,0,0,0,0,0,0,0,0,0,0,0,0,0
"a989e16b5beae59a0a6bc423abdd16e7",0.0161836767721789,0,0,0,0,0,0,0,0,0,0,0,0,0,0,0
"d5004573c96ec6eedcc4348d1145db37",0.0761428726822189,0,0,0,0,0,0,0,0,0,0,0,0,0,0,0
"a5f0eb48a3a77f5fe2faa3b9571dc6b6",0.00424489882548956,0,0,0,0,0,0,0,0,0,0,0,0,0,0,0
"943510d75dff81e8e8a61b414393ad22",0.0159183705955858,0,0,0,0,0,0,0,0,0,0,0,0,0,0,0
"6e72d85c5c29aaa1b7f043f60c8515fa",0.0140612273594342,0,0,0,0,0,0,0,0,0,0,0,0,0,0,0
"1a73a1f0fd4682636a6566496ba342c6",0.00663265441482743,0,0,0,0,0,0,0,0,0,0,0,0,0,0,0
"cadb4455b724f027fc10968f3b93c4f5",0.0103469408871308,0,0,0,0,0,0,0,0,0,0.00434890806166752,0.00252065482734484,0,0,0,0
"21154dbe9d1fd27c98e5ee78bb11560c",0.0143265335360273,0,0,0,0,0,0,0,0,0,0,0,0,0,0,0
"ac70da28b0eb596f2cb37af26b06d10b",0.0100816347105377,0,0,0,0,0,0,0,0,0,0,0,0,0,0,0
"6b68ebbc9e9e8d26fa7018cf163d4848",0.0628775638525641,0,0,0,0,0,0,0,0,0,0,0,0,0,0,0
"3f82999a4623343cbba40859d44329b0",0.0204285755976685,0,0,0,0,0,0,0,0,0,0,0,0,0,0,0
"84e4f817f54ee2f5785d8caa8c371879",0.00689796059142053,0,0,0,0,0,0,0,0,0,0,0,0,0,0,0
"46636732082e8b359502809c48875633",0.0270612300124959,0,0,0,0,0,0,0,0,0,0,0,0,0,0,0
"5d55d069c4109b5fc7cd290e947e5c8e",0.00291836794252407,0,0,0,0,0,0,0,0,0,0,0,0,0,0,0
"bc15f0e20879b79188fa5ea9e191428c",0.234000047755112,0,0,0,0,0,0,0,0,0,0,0,0,0,0,0
"8ac7ad6e4b6501eb143d97f10bcc2b6d",0.0124693902998756,0,0,0,0,0,0,0,0,0,0,0,0,0,0,0
"15d96e4d97ef38ceedf0ad18f07e0240",0.0122040841232825,0,0,0,0,0,0,0,0,0,0,0,0,0,0,0
"ad922999ec6a8228be4358e848e86bc2",0.101612265635156,0,0,0,0,0,0,0,0,0,0,0,0,0,0,0
"36e38981bc99d5d7fdd5959ca41f6313",0.113816349758439,0.00356583784708974,0,0.00485034006273106,0.0221477810691841,0.00197403857271371,0,0,0,0.00207276976450745,0,0.000775586100721489,0,0,0,0
"638fc32ab42e9e47ae41e2aad6572cc9",0.00689796059142053,0,0,0,0,0,0,0,0,0,0,0,0,0,0,0
"930364fee1f4684984efec7eacc41f85",0.00610204206164124,0,0,0,0,0,0,0,0,0,0,0,0,0,0,0
"9556ed629add12bf69d350023ce028dd",0,0,0,0,0,0,0,0,0.00133554440128657,0.00233186598507088,0,0,0,0,0,0
"85f6db727b9f9f28fa57d33177a6f386",0.0366122523698474,0,0,0,0,0,0,0,0,0,0,0,0,0,0,0
"c17efdeaa645dec7b8f314690d1b9160",0.00583673588504814,0,0,0,0,0,0,0,0,0,0,0,0,0,0,0
"a9d3a8d7e6ab34f69fa91fcce8bda39f",0,0,0,0,0,0.00282005510387673,0,0,0.00600994980578958,0.00518192441126861,0.00531533207537141,0.00155117220144298,0,0,0,0
"344b8fcfc08a17bb7443c1ad11ea3151",0.116734717700963,0,0.0140964195094446,0.00323356004182071,0,0,0,0,0.00289367953612091,0.00621830929352234,0,0,0,0.00110826831492552,0,0
"fa6189d828a79eb80234db2985c10e19",0.0198979632444823,0,0,0,0,0,0,0,0,0,0,0,0,0,0,0
"aa994f6ce33aa806c707bdc34ef908ef",0.027326536189089,0,0,0,0,0,0,0,0,0,0,0,0,0,0,0
"b1f59336f531943ed373eb155f8380ea",0.00875510382757221,0,0,0,0,0,0,0,0,0,0,0,0,0,0,0
"0f97c220b579e7f247036ed1adce5afc",0.00504081735526885,0,0,0,0,0,0,0,0,0,0,0,0,0,0,0
"45d5fa1bed1dc5a9ecf8c62ff7ebbdd1",0.00318367411911717,0,0,0,0,0,0,0,0,0,0,0,0,0,0,0
"fab2c4c54cd5034675223cf06e3eb8c2",0.00424489882548956,0,0,0,0,0,0,0,0,0,0,0,0,0,0,0
"5c9352f85a03deadbc046bcced83740a",0.00689796059142053,0,0,0,0,0,0,0,0,0,0,0,0,0,0,0
"adae8a46239a2d87cf6b3187212b0c5d",0.00848979765097911,0,0,0,0,0,0,0,0,0,0,0,0,0,0,0
"564dff3148781f436e49ebbfb2590a6a",0.0822449147438602,0,0,0,0,0,0,0,0,0,0,0,0,0,0,0
"db4543063a7cc4847ca4914a1f3f4611",0.00504081735526885,0,0,0,0,0,0,0,0,0,0,0,0,0,0,0
"8b07adb150b7469eafc89ddb46a9bef2",0.00397959264889646,0,0,0,0,0,0,0,0,0,0,0,0,0,0,0
"599d7cf9f263b0f86ad741ce6f9f7619",0.00159183705955858,0,0,0,0,0,0,0,0,0,0,0,0,0,0,0
"2e380222b4128117ac8a61f1e8c13ada",0.000265306176593097,0,0,0,0,0,0,0,0,0,0,0,0,0,0,0
"f84aa5ec0c6a8702f634b0fed4bb56e0",0.00689796059142053,0,0,0,0,0,0,0,0,0,0,0,0,0,0,0
"2f94ec758afccdb570dcc9fd5080e5c4",0.00424489882548956,0,0,0,0,0,0,0,0,0,0,0,0,0,0,0
"3c2d4903b3df0132b4a1d9a9b20ea45d",0.00132653088296549,0,0,0,0,0,0,0,0,0,0,0,0,0,0,0
"ab2050607cb3fe172ea918d5a17a46c7",0.566428687026263,0.0096277621871423,0,0,0,0.0107162093947316,0,0,0.0100165830096493,0.0178776392188767,0.0132883301884285,0.00853144710793638,0.015253668507276,0.00269150876481913,0,0
"28b5f35cfb5f0516e5e5f896428abdcd",0.359489869283647,0.0620455785393615,0.045813363405695,0.0544315940373153,0.138423631682401,0.0338406612465208,0.0248223649508207,0,0.0144683976806046,0.0235777560712722,0.0202949042877817,0.0118276880360027,0,0.00284983280980849,0,0
"737ec3fec82dbe6919a55d6f88890343",0.00132653088296549,0,0,0,0,0,0,0,0,0,0,0,0,0,0,0
"328120c708098f9f55e4b6945d8cf31d",0.0124693902998756,0,0,0,0,0,0,0,0,0,0,0,0,0,0,0
"54c489de5ec8c0e9aa68974f8f39d713",0.0472244994335713,0,0,0,0,0,0,0,0,0,0,0,0,0,0,0
"c574f4c451bc5662da17b3af8d5ebf44",0.00716326676801363,0,0,0,0,0,0,0,0,0,0,0,0,0,0,0
"2214bdd7fed5c53d6959f3201478166e",0.00689796059142053,0,0,0,0,0,0,0,0,0,0,0,0,0,0,0
"9a0ea06f99eb653b4104f7809547dc61",0.0198979632444823,0,0,0,0,0,0,0,0,0,0,0,0,0,0,0
"8207352f9586edf5c23e242fba24021c",0.0315714350145786,0,0,0,0,0,0,0,0,0,0,0,0,0,0,0
"4563e1bc4155a08102e2a8f74d500106",0.00875510382757221,0,0,0,0,0,0,0,0,0,0,0,0,0,0,0
"440cf59737156116c2e42f84552562b8",0.0376734770762198,0,0,0,0,0,0,0,0,0,0,0,0,0,0,0
"1289562118919e6f9a67cdf153688a18",0.0169795953019582,0,0,0,0,0,0,0,0,0,0,0,0,0,0,0
"730dfe1f490b05a2a762cd36a3ac5c8d",0,0,0,0,0,0,0,0,0,0.00155457732338058,0,0,0,0,0,0
"9026ee9ce58d36be3646689861848080",0.117795942407335,0,0,0,0,0,0,0,0,0,0,0,0,0,0,0
"21d26093efc917ced0c94fc534aa8bcc",0.0254693929529373,0,0,0,0,0,0,0,0,0,0,0,0,0,0,0
"ab35a6efdcbec8500e2fb023169fe78a",0.00291836794252407,0,0,0,0,0,0,0,0,0,0,0,0,0,0,0
"0ce72cb3f2222077b10a09aeab862462",0.0100816347105377,0,0,0,0,0,0,0,0,0,0,0,0,0,0,0
"fa4cca3abe5e2f19f3d66fd3eafc8011",0.00769387912119982,0,0,0,0,0,0,0,0,0,0,0,0,0,0,0
"1dd4ae4f0ee4d2ccf2cf15e82ce65b7b",0.00795918529779292,0,0,0,0,0,0,0,0,0,0,0,0,0,0,0
"9c426d26d1334efd88b234484348abbf",0.0124693902998756,0,0,0,0,0,0,0,0,0,0,0,0,0,0,0
"3e0febfb4a6a1915ac7dbadd489360be",0.0390000079591853,0,0,0,0,0,0,0,0,0,0,0,0,0,0,0
"d2e29353b6ede10f1607456fa86e6300",0.0323673535443579,0,0,0,0,0,0,0,0,0,0,0,0,0,0,0
"d96a2ea1b09f080f66ce79b9ddfa768e",0.735694027692659,0,0,0.00485034006273106,0,0.00620412122852881,0,0,0.0126876718122225,0.015027580792679,0.00918102813018698,0.00853144710793638,0,0.00427474921471274,0,0
"8d8be8b2507c837431e2e91d5b78faa9",0.0127346964764687,0,0,0,0,0,0,0,0,0,0,0,0,0,0,0
"d940283de678b9ef93da553438afcd90",0.00424489882548956,0,0,0,0,0,0,0,0,0,0,0,0,0,0,0
"335d9330fb71ae0d90dd21af0c78d794",0,0,0,0,0,0.00112802204155069,0,0,0,0,0,0.00310234440288596,0,0.000791620224946803,0,0
"643cecdf78d7a5f104fd135492479199",0.0177755138317375,0,0,0,0,0,0,0,0,0,0,0,0,0,0,0
"d23e07dc0f848e8921532df36254ce29",0.0201632694210754,0.013550183818941,0,0.0118563868200093,0.0276847263364802,0.0109982149051192,0.0186167737131155,0,0.0200331660192986,0.0269460069385968,0.0164292082329662,0.00794975753239526,0.0183044022087312,0.00474972134968082,0,0
"543dc760699879a2b12cd2e2525e6729",0.00132653088296549,0.0146199351730679,0,0.0113174601463725,0,0.00282005510387673,0,0,0.00378404247031196,0.00466373197014175,0,0,0,0,0,0
"2579ccdb853bf0bbcbc589ee0badfa6b",0.00477551117867575,0,0,0,0,0,0,0,0,0,0.00144963602055584,0,0,0.00189988853987233,0,0
"1fe5ac555eb14e8844d872f1061c429f",0.00424489882548956,0,0,0,0,0,0,0,0,0,0,0,0,0,0,0
"82f01cb6b84420e18f1f7aed8630c878",0.0148571458892134,0,0,0,0,0,0,0,0,0,0,0,0,0,0,0
"913e8b6ddca7947f95db836301d8e9cd",0.0283877608954614,0,0,0,0,0,0,0,0,0,0,0,0,0,0,0
"4c377ed4a13484a07dffc1121a98a02c",0.00477551117867575,0,0,0,0,0,0,0,0,0,0,0,0,0,0,0
"dec21d55511b3673e457876cc2797df6",0.00504081735526885,0,0,0,0,0,0,0,0,0,0,0,0,0,0,0
"29b313a5262947210e3e9de415abaead",0.0188367385381099,0.640781061122026,0.362982802368198,0.265690850102935,0.406965477146258,0.493791648688815,0.840857612709051,0.454204700798166,0.325650243180376,0.668209152833088,0.566324472030481,0.401365807123371,2.18737606394338,0.141541696220488,0.16290762014437,0.0822420446637566
"0ed43372f2f3ba933197e54d759f7dfa",0,0,0,0,0,0,0,0,0,0,0,0,0,0.000316648089978721,0,0
"68bb557729fb17fa6cf8426461cb3d96",0.00265306176593097,0,0,0,0,0,0,0,0,0,0,0,0,0,0,0
"dcc3c223f6007f2b75ad31366a34a983",0.0130000026530618,0,0,0,0,0,0,0,0,0,0,0,0,0,0,0
"b9daacd0e5fb8ea4e35fc84e8a40253e",0,0.00106975135412692,0,0,0,0,0,0,0,0,0,0,0,0.000474972134968082,0,0
"52708c2cfa926ba9b2f69878c97cee2c",1.77091872875892,0.00534875677063461,0,0,0,0,0,0,0.00645513127288511,0.00647740551408577,0,0.00232675830216447,0,0.00253318471982977,0,0
"dba7c05b3998a0053a7ebd17f124a3c0",0.00106122470637239,0,0,0,0,0,0,0,0,0,0,0,0,0,0,0
"cb796d5e697b4835a8402bb23c894c15",0.000265306176593097,0,0,0,0,0.000846016531163019,0,0,0,0,0.000966424013703893,0,0,0,0,0
"09383f3babfd32418e7ba07634680e12",0.0896734876884669,0.0124804324648141,0.0281928390188892,0.0220959936191082,0.0276847263364802,0.0332766502257454,0.0124111824754103,0.0705560700268995,0.234833223892889,0.528038097508272,0.137957027956231,0.0703844386404751,0.0396595381189176,0.00585798966460634,0,0.0126526222559625
"36cf1853edbaec342c271909f87ca1b6",0.00689796059142053,0,0,0,0,0.00169203306232604,0,0,0.00222590733547762,0.00362734708788803,0.00169124202398181,0.00193896525180372,0,0.00126659235991488,0,0
"e1ad71679dace6d1d502a91df086f04b",0.0095510223573515,0,0,0,0,0,0,0,0,0,0,0,0,0,0,0
"febbb96bc35744a5fc6936e547e3041c",0.00742857294460672,0,0,0,0,0,0,0,0,0,0,0,0,0,0,0
"61bffb5ed48deb86adad74d3d45df340",0.0167142891253651,0.0153331027424859,0,0.0188624335772875,0.0221477810691841,0.0126902479674453,0,0,0.00623254053933735,0.00958656016084693,0.00314087804453765,0.00271455135252521,0,0,0,0
"a67c7071b283c3513d9aa4cf63879d6e",0.172979627138699,0,0,0,0,0,0,0,0,0,0,0,0,0,0,0
"9b6a7459b2c92cee0abfc36d503488b7",0,0.0082014270483064,0,0.0382637938282117,0.0387586168710722,0.014664286540159,0.0186167737131155,0,0.0120198996115792,0.0129548110281715,0.0678912869626984,0.0523520617987005,0,0.0115576552842233,0,0
"a954a29c70499c3c72ee396f69b71c51",0,0.0121238486801051,0,0.00592819341000463,0,0.00253804959348906,0,0,0,0.00103638488225372,0.00386569605481557,0.00155117220144298,0,0,0,0
"3d462e8ce030e0c5bbd7564663c5561b",0.00530612353186195,0,0,0,0,0,0,0,0,0,0,0,0,0,0,0
"4b50be28c2cc7c6a4dbc6300155c5218",0.0103469408871308,0.0481388109357115,0.0528615731604173,0.0334134537654807,0.0830541790094405,0.012972253477833,0,0.0132292631300437,0.0035614517367642,0.00544102063183204,0.0026576660376857,0.00174506872662335,0,0,0,0
"41f99c44465eb2939503fc0371a28a63",0,0.000713167569417948,0,0,0,0,0,0,0,0,0,0,0,0,0,0
"59a5570b657c148caf79a4d0bf8b4d0c",0.0100816347105377,0,0,0,0,0,0,0,0,0,0,0,0,0,0,0
"4a776a15babf55b56fb4bc95c435aaed",0.00291836794252407,0,0,0,0,0,0,0,0,0,0,0,0,0,0,0
"83d1208a372f046a842442d3a156c435",0.0289183732486476,0,0,0,0,0,0,0,0,0,0,0,0,0,0,0
"7a8d2549f0a2623a5f45a138e85aedd0",0.0156530644189927,0,0,0,0,0,0,0,0,0,0,0,0,0,0,0
"fd66678cf39f676cb57820da4a793b6f",0.0254693929529373,0,0,0,0,0,0,0,0,0,0,0,0,0,0,0
"26ef86afa44dbbdebbae8f35e590f52e",0.169000034489803,0,0,0,0,0,0,0,0,0,0,0,0,0,0,0
"9335b7a207b486ae9975e735cd30a814",0.125224515351942,0,0,0,0,0,0,0,0,0,0,0,0,0,0,0
"455b517d5e3be97a7c74805de5f26850",0.0132653088296549,0,0,0,0,0,0,0,0,0,0,0,0,0,0,0
"0f645d7ab83eb9dd659b573e9abc0069",0.00371428647230336,0,0,0,0,0,0,0,0,0,0,0,0,0,0,0
"e57525faafab45f4f99be57ab69faabd",0.00371428647230336,0,0,0,0,0,0,0,0,0,0,0,0,0,0,0
"af652e408f0db93cc4846d6901a6ce37",0.00875510382757221,0,0,0,0,0,0,0,0,0,0,0,0,0,0,0
"ae89ff1c2542cc18bae68e862b05609c",0.00689796059142053,0,0,0,0,0,0,0,0,0,0,0,0,0,0,0
"7f52ee67403fedcc4a7ddae34cd0e7a4",0.00424489882548956,0,0,0,0,0,0,0,0,0,0,0,0,0,0,0
"8e9415fb1edc2f6f3ccda52f97761c01",0.0432449067846749,0,0,0,0,0,0,0,0,0,0,0,0,0,0,0
"b0ec891a9cead40f58935f40fa9a1b9a",0.00344898029571026,0,0,0,0,0,0,0,0,0,0,0,0,0,0,0
"65c647ffd0330aa88c24b8bf7674e6c7",0.0180408200083306,0,0,0,0,0,0,0,0,0,0,0,0,0,0,0
"70587a5848f80e8639f9bb824c9236fa",0.00902041000416531,0,0,0,0,0,0,0,0,0,0,0,0,0,0,0
"48ca5b4f7cb58d4a146837de341a2604",0.175367382728037,0,0,0,0,0,0,0,0,0,0,0,0,0,0,0
"1b928ac12dc87878c3c36113baa33d56",0.0451020500208265,0,0,0,0,0,0,0,0,0,0,0,0,0,0,0
"9918c6983a2d8a49a554941297f09e33",0.0103469408871308,0,0,0,0,0,0,0,0,0,0,0,0,0,0,0
"ad093ee4a3c24932837db32cf7007813",0.0106122470637239,0,0,0,0,0,0,0,0,0,0,0,0,0,0,0
"518fef19dd285b8a7bfa02d31a2290a5",0.00689796059142053,0,0,0,0,0,0,0,0,0,0,0,0,0,0,0
"6406af9ddc919e08f4d05e707fd141d4",0.00265306176593097,0,0,0,0,0,0,0,0,0,0,0,0,0,0,0
"a038f6f43c43cea3001e6db131286ab7",0.00212244941274478,0,0,0,0,0,0,0,0,0,0,0,0,0,0,0
"d6ff6bbe079674401094c1a932da80ab",0.0132653088296549,0,0,0,0,0,0,0,0,0,0,0,0,0,0,0
"8e6aad6b74b9b6601b06801e804b3ab3",0.0347551091336957,0,0,0,0,0,0,0,0,0,0,0,0,0,0,0
"0ce454899698457894ff03330870f380",0.0265306176593097,0,0,0,0,0,0,0,0,0,0,0,0,0,0,0
"c2a63e5593cc5d91688af8f3abd60f16",0.0270612300124959,0,0,0,0,0,0,0,0,0,0,0,0,0,0,0
"b923bc5d99ffa071df805bfb578547c4",0.0148571458892134,0,0,0,0,0,0,0,0,0,0,0,0,0,0,0
"316a647c6d79dda84bd598e67148ca47",0.00265306176593097,0,0,0,0,0,0,0,0,0,0,0,0,0,0,0
"87e2bfb52174f1764d735f93e86017d3",0.0978979791628529,0,0,0,0,0,0,0,0,0,0,0,0,0,0,0
"523c0226972850204f98d8a064124867",0.00397959264889646,0,0,0,0,0,0,0,0,0,0,0,0,0,0,0
"499282a32d639ab44b7dc14af1e71965",0.00848979765097911,0,0,0,0,0,0,0,0,0,0,0,0,0,0,0
"076f9a4680cc7c0f8cee8a887ae40f4a",0.00424489882548956,0,0,0,0,0,0,0,0,0,0,0,0,0,0,0
"ea356eadfcbbc83181a30eade6da43f4",0.00291836794252407,0,0,0,0,0,0,0,0,0,0,0,0,0,0,0
"af1a97638ae7817e6dc243cfe90ba23b",0.0795918529779292,0.00106975135412692,0,0,0,0,0,0,0,0.00103638488225372,0.00193284802740779,0.00290844787770558,0,0.000633296179957442,0,0.00632631112798127
"1a5546dc8d08ba22cbc75f508edd0828",0.00557142970845504,0,0,0,0,0,0,0,0,0,0,0,0,0,0,0
"b53ee4129079a6b4885428c4e2a408f9",0.00291836794252407,0,0,0,0,0,0,0,0,0,0,0,0,0,0,0
"a3cb77034e3171f38574be30d580d64e",0.00265306176593097,0,0,0,0,0,0,0,0,0,0,0,0,0,0,0
"197c1736a92b42d2671a7ea927a9d7d8",0.243551070112463,0,0,0,0,0,0,0,0,0,0,0,0,0,0,0
"626c469cde244cf9b780fe8a6e952018",0.0137959211828411,0,0,0,0,0,0,0,0,0,0,0,0,0,0,0
"82243ab47000b0bb9500a7f65bf04630",0.0167142891253651,0,0,0,0,0,0,0,0,0,0,0,0,0,0,0
"42ae4d6693b650ebbaac42e57113910e",0.00742857294460672,0,0,0,0,0,0,0,0,0,0,0,0,0,0,0
"a7c8ce74f4fdc4ec58c5c54c9b1fda2a",0.00291836794252407,0,0,0,0,0,0,0,0,0,0,0,0,0,0,0
"dc8f5ffb4f5fe578b41f078fe854247c",0.00265306176593097,0,0,0,0,0,0,0,0,0,0,0,0,0,0,0
"14d87a227e9cbf80d583db1f6eaf48b4",0.0167142891253651,0,0,0,0,0,0,0,0,0,0,0,0,0,0,0
"83ac555e466ac754139554eca9aec78b",0.000795918529779292,0,0,0,0,0,0,0,0,0,0,0,0,0,0,0
"110f5c1e92f18f2cdc7af78a035555a7",0.00424489882548956,0,0,0,0,0,0,0,0,0,0,0,0,0,0,0
"9e5f7d2247ac749d50a226417b3cd59b",0.00291836794252407,0,0,0,0,0,0,0,0,0,0,0,0,0,0,0
"e8a98ce984ee0d66515ea055e525930b",0.00451020500208265,0,0,0,0,0,0,0,0,0,0,0,0,0,0,0
"dc9abde9045aad6d17421519c6db9ca4",0.000530612353186195,0,0,0,0,0,0,0,0,0,0,0,0,0,0,0
"5e08663561b972be66344edb87da4e3d",0.00318367411911717,0,0,0,0,0,0,0,0,0,0,0,0,0,0,0
"87046e29904457e4619c87f36ff133f0",0.00769387912119982,0,0,0,0,0,0,0,0,0,0,0,0,0,0,0
"02304f5597c8b1982e18acf4d3756043",0.00159183705955858,0,0,0,0,0,0,0,0,0,0,0,0,0,0,0
"e94618b44f9856c9a2151cab1800a460",0.244612294818836,0,0,0,0,0,0,0,0,0,0,0,0,0,0,0
"06894625cc4725640c9c1bba0d9aefc8",0.0201632694210754,0,0,0,0,0,0,0,0,0,0,0,0,0,0,0
"c1e12e70c3095cd1b1091f534242abd3",0.00504081735526885,0,0,0,0,0,0,0,0,0,0,0,0,0,0,0
"2fed8fd06ed0e104347eb07daed78c31",0.00371428647230336,0,0,0,0,0,0,0,0,0,0,0,0,0,0,0
"d2a551b8b71579fa1fd9e5d22100b8ee",0.00185714323615168,0,0,0,0,0,0,0,0,0,0,0,0,0,0,0
"8eb15ec6f1ac1ddc6a0ded81065b9e3d",0.00132653088296549,0,0,0,0,0,0,0,0,0,0,0,0,0,0,0
"4494286141014de25140c094cc5626ec",0.00159183705955858,0,0,0,0,0,0,0,0,0,0,0,0,0,0,0
"a8a9d607d1fd5c585c10030c8d307947",0.00159183705955858,0,0,0,0,0,0,0,0,0,0,0,0,0,0,0
"961f6d44b23ea979c84941c71bf7da7c",0.00185714323615168,0,0,0,0,0,0,0,0,0,0,0,0,0,0,0
"d0282de15fd06b64876273663703c3b5",0.00106122470637239,0,0,0,0,0,0,0,0,0,0,0,0,0,0,0
"d01bebdf4a5ff05dd53dc30d65556f60",0.00106122470637239,0,0,0,0,0,0,0,0,0,0,0,0,0,0,0
"725fa7e245b8733a5fc9a4224886b669",0.00689796059142053,0,0,0,0,0,0,0,0,0,0,0,0,0,0,0
"12d48d4e5b03a44eb1e1c7c2bb216348",0.00397959264889646,0,0,0,0,0,0,0,0,0,0,0,0,0,0,0
"a0ecf69202e62fe969206ad4b1445b61",0.0177755138317375,0,0,0,0,0,0,0,0,0,0,0,0,0,0,0
"f4dd561d786dd46b9cb84eab6594d632",0.00530612353186195,0,0,0,0,0,0,0,0,0,0,0,0,0,0,0
"522ab1474c600e24c4f7e20404fa648c",0.00159183705955858,0,0,0,0,0,0,0,0,0,0,0,0,0,0,0
"772c51fc3d0fb2e1bcaeda2b528c17cc",0.00716326676801363,0,0,0,0,0,0,0,0,0,0,0,0,0,0,0
"341ffe203147e821ef8fc61a221e53eb",0.00451020500208265,0,0,0,0,0,0,0,0,0,0,0,0,0,0,0
"fd29bda0b56df34282a38393c8fbcbca",0.00742857294460672,0,0,0,0,0,0,0,0,0,0,0,0,0,0,0
"b87169030deed04dc4b504c53964ffbe",0.00504081735526885,0,0,0,0,0,0,0,0,0,0,0,0,0,0,0
"ec3fc3f61c2e9c1a7f32bc622801ac2c",0.0169795953019582,0,0,0,0,0,0,0,0,0,0,0,0,0,0,0
"781af70eed8b17d285d44f49d836a48e",0.00424489882548956,0,0,0,0,0,0,0,0,0,0,0,0,0,0,0
"5a6b977c954ab18d6904d6b9d48b871f",0.000530612353186195,0,0,0,0,0,0,0,0,0,0,0,0,0,0,0
"065262b748557031f638872e76923c72",0,0,0,0,0,0.000846016531163019,0,0,0.00133554440128657,0.00207276976450745,0.000724818010277919,0,0,0.000633296179957442,0,0
"848451a3853d056f1b0b123b39ebf894",0.0106122470637239,0,0,0,0,0,0,0,0,0,0,0,0,0,0,0
"8933321e7dbdf47e55a1ec83a6517e09",0.00238775558933788,0,0,0,0,0,0,0,0,0,0,0,0,0,0,0
"3b57ddd9849252e883213b71bb3c2f17",0.00159183705955858,0,0,0,0,0,0,0,0,0,0,0,0,0,0,0
"d4f7bcef485c713df58bef5a1ceac4b0",0.00291836794252407,0,0,0,0,0,0,0,0,0,0,0,0,0,0,0
"6b34b89a4a40e33a8f93fef4209c4a96",0.00212244941274478,0,0,0,0,0,0,0,0,0,0,0,0,0,0,0
"c8222ef3d31112ff4823bdb94a7eae2b",0.00291836794252407,0,0,0,0,0,0,0,0,0,0,0,0,0,0,0
"7598baa4df34dca336e545f5477e2bdd",0.00132653088296549,0,0,0,0,0,0,0,0,0,0,0,0,0,0,0
"c97b49b5849b709da91fb5f6f48cd9eb",0,0.0106975135412692,0,0.0183235069036507,0,0.0149462920505467,0.00930838685655776,0,0.00155813513483434,0.00181367354394401,0.00169124202398181,0,0,0,0,0
"8a08f279c5533390e6b47c6969ed7d82",0.00397959264889646,0,0,0,0,0,0,0,0,0,0,0,0,0,0,0
"36a65735bd9508c5f7a66dc84dd3f8c6",0.00344898029571026,0,0,0,0,0,0,0,0,0,0,0,0,0,0,0
"b26eb5a5ca6820d220d5433b1cffa5e6",0,0.0217516108672474,0,0.0889229011500695,0.0802857063757925,0.0817815980124252,0.0651587079959043,0.114653613793712,0.0574284092553227,0.252100622608218,0.0548445627776959,0.0407182702878782,0.0396595381189176,0.0303982166379572,0.0365137769289105,0
"7b29e948451d2fdcce6d39ddc6c25520",0,0.00748825947888846,0.0422892585283338,0.0388027205018485,0,0.0473769257451291,0,0,0.0427374208411704,0.0787652510512829,0.017878844253522,0.00736806795685415,0,0.00395810112473402,0,0
"ed541c87d5df87ae71fac96b59bc34aa",0.00265306176593097,0,0,0,0,0,0,0,0,0,0,0,0,0,0,0
"1eac8ec4812f4ed7bfd8387a38bdba1f",0,0.000713167569417948,0,0.00215570669454714,0,0,0,0,0,0,0,0,0,0,0,0
"e4738ae451a15c8bfd5229711b6b5361",0.00291836794252407,0,0,0,0,0,0,0,0,0,0,0,0,0,0,0
"121322a4bdcd6f088390c57de15de7ae",0.00530612353186195,0,0,0,0,0,0,0,0,0,0,0,0,0.00110826831492552,0,0
"a5a1519fb2b6c41d9cbc7937a35a9e32",0.00451020500208265,0,0,0,0,0,0,0,0,0,0,0,0,0,0,0
"75c43bd66f718ca75507ff5efd6e4ccb",0.00265306176593097,0,0,0,0,0,0,0,0,0,0,0,0,0,0,0
"1eb531d7f3ea89a9ead56eda443560cd",0,0,0,0.00215570669454714,0,0,0,0,0.00111295366773881,0,0,0.000193896525180372,0,0,0,0
"e8b184a091b069447aaa71429105e326",0.0127346964764687,0.0082014270483064,0,0,0,0.00253804959348906,0,0,0,0.0103638488225372,0.00410730205824154,0,0,0,0,0
"73bb9b389101bfbeafe2f0663fd53b50",0.00875510382757221,0,0,0,0,0,0,0,0,0,0,0,0,0,0,0
"4ef65f8d7f7fe58651a459fc49390ba8",0.00185714323615168,0,0,0,0,0,0,0,0,0,0,0,0,0,0,0
"317bf3e8560b9ad24f7cb75c8fe0cd3e",0.00132653088296549,0,0,0,0,0,0,0,0,0,0,0,0,0,0,0
"2b62bf55e8226888eabfb4f4da82a02f",0.0220204126572271,0,0,0,0,0,0,0,0,0,0.00676496809592725,0.00135727567626261,0,0.000949944269936164,0,0
"535887d75db6f21831a65b42a9d5752f",0.101346959458563,0,0,0,0,0,0,0,0,0,0,0,0,0,0,0
"102a50cfda4d5e455c29fbee9573d838",0.00265306176593097,0,0,0,0,0,0,0,0,0,0,0,0,0,0,0
"331b2c7da556a639972cc9b2d8a31aa8",0.00477551117867575,0,0,0,0,0,0,0,0,0,0,0,0,0,0,0
"a5ad9574a1f8aea06b6dfaff6eddfff7",0.0427142944314887,0,0,0,0,0,0,0,0,0,0,0,0,0,0,0
"dcf22aafce62a2d9046206ed47c5479e",0.00716326676801363,0,0,0,0,0,0,0,0,0,0,0,0,0,0,0
"92392a51132c9a52e6656c5819c880c1",0.00159183705955858,0,0,0,0,0,0,0,0,0,0,0,0,0,0,0
"e8c1e783e60161fe039cc419a3717b1f",0.154938807130369,0,0,0,0,0,0,0,0,0,0,0,0,0,0,0
"91bb0084d37461aa2ed60cba5a003fc4",0,0,0,0,0,0,0,0,0.00089036293419105,0,0,0,0,0,0,0
"87671eb172dd57036886a3c5e0c4da8d",0,0,0,0,0,0,0,0,0,0,0,0.000387793050360744,0,0,0,0
"c571cb007a7d9e2dfc56e8c0b4e24104",0,0.0834406056218999,1.11714124612348,3.57254491953825,0.384817696077074,7.00388885598825,3.61165410034441,0.330731578251091,1.14701004997162,2.04064183315758,0.334624314744973,0.667197943145661,0.0579639403276488,0.0569966561961698,0.106732578715277,0.183463022711457
"fb282bece926443e2ce880ef4c696c6e",0,0,0,0,0,0.00535810469736579,0,0,0,0,0,0,0,0,0,0
"e8279b17fcbd61e4b105b0a3d872b567",0,0,0,0,0,0.00564011020775346,0,0,0,0,0,0,0,0,0,0
"047ab7f37ccc35c6144cc1896bc32a69",0,0,0,0,0,0.00197403857271371,0,0,0,0,0,0,0,0,0,0
"731b491457472e36422564468f57fa8c",0.00106122470637239,0,0,0,0,0,0,0,0,0,0,0,0,0,0,0
"fce23542da16aacb812dcdafbecf051c",0,0,0,0,0,0.000564011020775346,0,0,0,0,0,0,0,0,0,0
"197e3a5e450911182da7403a01b477d5",0,0,0,0,0,0,0,0,0,0,0,0.000387793050360744,0,0,0,0
"ff6f97ce50ea01298f8e58b53b97d489",0,0.249965233080991,0.503946997462644,0.634316694870496,1.79120179397027,0.461361014994233,0.434391386639362,0.890770384089606,0.382856061702151,0.955805957658496,0.358543309084144,0.104704123597401,0.0640654077305592,0.0163073766339041,0,0
"efbade8cc54695abfc5c07f21eecb6e7",0,0.0895025299619525,0.109247251198196,0.0625154941418671,0.0885911242767365,0.0101521983739562,0,0,0,0.00181367354394401,0,0,0,0,0,0
"f3ad21d8c8b2444a5dcf953349c6b70c",0.00344898029571026,0,0,0,0,0,0,0,0,0,0,0,0,0,0,0
"201b998d07e1a35d39e59a0c3447f1e4",0,0,0,0,0,0,0,0,0,0.000518192441126861,0,0,0,0,0,0
"487184f5513359baac0176c9a150e1ea",0,0,0,0,0,0,0,0,0,0,0.000483212006851946,0,0,0,0,0
"e598afcbd515415253ea79ca19ae57d7",0,0,0,0,0,0.00112802204155069,0,0,0,0,0,0,0,0,0,0
"a4d4e17dbb14f15384261ddd56409439",0.0116734717700963,0,0,0,0,0,0,0,0,0,0,0,0,0,0,0
"7a40f4cd070ab0fbebfa8749c02f9a24",0.00212244941274478,0,0,0,0,0,0,0,0,0,0,0,0,0,0,0
"fbc7e405b4d16da23a87995ad9f0c945",0,0,0,0,0,0,0,0,0.00133554440128657,0,0,0,0,0,0,0
"b5bf6ec98f96b1d92a5739d745b87ec8",0,0,0,0,0,0,0,0,0,0,0,0.000581689575541117,0,0,0,0
"e6141036b0768b50c8079ce8ba7222f9",0.0482857241399437,0.00606192434005256,0,0,0,0.00564011020775346,0,0,0,0.00103638488225372,0.00869781612333503,0,0,0.021532070118553,0,0
"1b2f4342857d36d36a40ca1bdeb10c3c",0.00689796059142053,0,0,0,0,0,0,0,0,0,0,0,0,0,0,0
"89c962e2643e3c9af6fa5614a3e57003",0.00477551117867575,0,0,0,0,0,0,0,0,0,0,0,0,0,0,0
"22b437d42a93adf1a1f4912a2f2bc487",0.0721632800333225,0,0,0,0,0,0,0,0,0,0,0,0,0,0,0
"f1aa0ea145fc7098b3403eb2badbe65b",0.0196326570678892,0,0,0,0,0,0,0,0,0,0,0,0,0,0,0
"25668c0238f943ae425391ec3054a4d0",0.00451020500208265,0,0,0,0,0,0,0,0,0,0,0,0,0,0,0
"a017db3bfdae612d959f9edcc112104c",0.0342244967805095,0,0,0,0,0,0,0,0,0,0,0,0,0,0,0
"935d8a963dc7baf559b479ba9f5a82b3",0.00212244941274478,0,0,0,0,0,0,0,0,0,0,0,0,0,0,0
"8602056eba9f104692f2ddf8938871c5",0.0127346964764687,0,0,0,0,0,0,0,0,0,0,0,0,0,0,0
"ddb21bd22519316c9c3bf922a9a8e816",0.00397959264889646,0,0,0,0,0,0,0,0,0,0,0,0,0,0,0
"0789f0701b19d9a2a240b29e42e64d0d",0.00689796059142053,0,0,0,0,0,0,0,0,0,0,0,0,0,0,0
"a7d0101041a4ff2c176cc0616423387a",0,0,0.253735551170003,0.0765275876564235,0.0276847263364802,0.00705013775969182,0,0,0.014023216213509,0.0124366185870447,0.00459051406509349,0.0034901374532467,0,0.0126659235991488,0,0
"55f0a15d367f1f98823a8accf53c1ab4",0,0,0,0,0,0,0,0,0,0,0,0,0,0.0338813456277232,0.0421312810718198,0
"d0d582d9d9b71467f236f9bace54eea5",0,0,0,0,0,0,0,0,0,0,0.00483212006851946,0,0,0.0169406728138616,0,0.0506104890238502
"01a7c19fe64d4300e6e5a8a7280a10bb",0,0.0231779460060833,0,0.0070060467572782,0,0,0,0,0,0,0,0,0,0,0,0
"fc71dd6489bc96ddac257967a984ed99",0,0,0,0,0,0,0.00620559123770517,0,0,0,0,0,0,0,0,0
"357ad9f4f9251dd5f1a70dec188b23a3",0,0,0,0,0,0,0,0,0,0,0.00434890806166752,0.00213286177698409,0,0,0,0
"213ec0ef843de45b3db9302876229bed",0,0.0402939676721141,0.0387651536509727,0.0420362805436692,0.0968965421776806,0.0420188210477633,0,0.0573268068968558,0.022481664088324,0.0347188935554997,0,0,0,0,0,0
"b5a22689fdda6393715cd10a326927d3",0,0.0160462703119038,0,0.0285631137027496,0,0.00987019286356855,0,0,0.00578735907224182,0.0108820412636641,0.00918102813018698,0.00484741312950931,0,0.0052246934846489,0,0
"534aa0050da6044b57409f3606d33c40",0.00318367411911717,0,0,0,0,0,0,0,0,0,0,0,0,0,0,0
"d9975f13b5075673dd9bb396688bd678",0.00291836794252407,0,0,0,0,0,0,0,0,0,0,0,0,0,0,0
"f42aeaf1c13130f1fdfc8bafa43ded29",0.0153877582423996,0.0246042811449192,0.0845785170566676,0.0291020403763864,0.0553694526729603,0.0366607163503975,0.0403363430450836,0,0.0607672702585391,0.102861199563682,0.0732066190380699,0.0269516170000717,0.030507337014552,0.0052246934846489,0,0
"00f898781984ce51010f520e28aca483",0,0,0,0,0,0,0,0,0,0,0.00845621011990906,0.00484741312950931,0,0,0,0
"cf80116cb789ecdda4cb662ab3fd1b4c",0.0106122470637239,0,0,0,0,0,0,0,0,0,0,0,0,0,0,0
"53d778933f79cf1ec135398e25b5e962",0.00716326676801363,0,0,0,0,0,0,0,0,0,0,0,0,0,0,0
"3ede9a0384a29cd63d3cebf0f09b96c1",0.0172449014785513,0,0,0,0,0,0,0,0,0,0,0,0,0,0,0
"ecb869631711bf81e94c27a768dfdd0b",0.013530615006248,0,0,0,0,0,0,0,0,0,0,0,0,0,0,0
"a0cda4ca07d855686d23956f06d0d76e",0.0100816347105377,0,0,0,0,0,0,0,0,0,0,0,0,0,0,0
"a74a7a8b9015b0732f8101e2f67c8f32",0.00291836794252407,0,0,0,0,0,0,0,0,0,0,0,0,0,0,0
"3d89b82f7dc8f2f24e7c65124529a879",0,0,0,0,0,0,0,0,0.0117973088780314,0.0116593299253544,0,0,0,0,0,0
"fcfaeb95003823a7ffde76ba3c4c790b",0,0.00392242163179872,0,0.00377248671545749,0,0.000846016531163019,0,0,0,0,0.00217445403083376,0,0,0,0,0
"fe2c23e02d96027ea381e1da7283d3ff",0.00265306176593097,0,0,0,0,0,0,0,0,0,0,0,0,0,0,0
"1b350d18d59a97b3af2257944c908b17",0.0095510223573515,0,0,0,0,0,0,0,0,0,0,0,0,0,0,0
"1d33e98c9d94c262ab0d8b56d0936eb4",0,0.0502783136439654,0.0740062024245842,0.0393416471754853,0.0581379253066083,0.0217144242998508,0.0186167737131155,0,0.00957140154255378,0,0.0036240900513896,0,0,0.154682591954605,0.252787686430919,0.129689378123616
"261f84006c5eb28858f3f27bbaadc045",0,0,0,0,0,0,0,0,0,0.00155457732338058,0,0,0,0,0,0
"9feda0d620fa50b57ce3f848e1b48975",0,0.17722214100036,0.140964195094446,0.0964678745809845,0.0636748705739044,0.0516070084009442,0.0713642992336095,0.0440975437668122,0.0761260308733347,0.509124073407141,0.0198116922809298,0.0461473729929286,0.015253668507276,0.00205821258486169,0,0
"bb50ac888e677e82816ea70b2ab33eca",0.0167142891253651,0,0,0,0,0,0,0,0,0,0,0,0,0,0,0
"618e77ab00abd20cfb2694d45fe07df1",0.0252040867763442,0,0,0,0,0,0,0,0,0,0,0,0,0,0,0
"cfd8b4faf14870a6bdb89a001e770060",0.0461632747271989,0,0,0,0,0,0,0,0,0,0,0,0,0,0,0
"482bb3761a6b11b4cfb4e1b618231157",0.137428599475224,0,0,0,0,0,0,0,0,0,0,0,0,0,0,0
"4c6fec9eef4f5c3e8e6b7fee60a68994",0.032632659720951,0,0,0,0,0,0,0,0,0,0,0,0,0,0,0
"eba65aa3cea3e6218e3a8635f94b2356",0.000530612353186195,0,0,0,0,0,0,0,0,0,0,0,0,0,0,0
"315154928c5be44de373e19d66bd739a",0.00344898029571026,0,0,0,0,0,0,0,0,0,0,0,0,0,0,0
"baa4a4f4c8d40a784e35ff0313bf0ccb",0.291306181899221,0,0,0,0,0,0,0,0,0,0,0.00271455135252521,0,0,0,0
"cd05a4b1cda569ae366c6980823f4c72",2.38828620169106,0.0285267027767179,0.0493374682830561,0.03017989372366,0.0553694526729603,0.0180483526648111,0,0,0.00222590733547762,0.00310915464676117,0.000966424013703893,0,0,0.00221653662985105,0,0
"d93e8e8eb65bc1de981f3ef962af0956",0.00212244941274478,0,0,0,0,0,0,0,0,0,0,0,0,0,0,0
"d8f2eba07489316f7c8a27d0e18fed13",0.00185714323615168,0,0,0,0,0,0,0,0,0,0,0,0,0,0,0
"86399b4152e937777cee90ee980e53c7",0.00769387912119982,0,0,0,0,0,0,0,0,0,0,0,0,0,0,0
"a6efdb52a04e05a2a1be52f5516784fa",0.283081690424835,0.0149765189577769,0.0281928390188892,0.0123953134936461,0.0276847263364802,0.0031020606142644,0,0,0,0,0,0.00232675830216447,0,0.00364145303475529,0,0
"58bcdde420158eabe69c67e4c9eb9245",0.0321020473677648,0,0,0,0,0,0,0,0,0,0,0,0,0,0,0
"a6a4ec1b84af5b137949eecef0fa36f4",0.0257346991295304,0,0,0,0,0,0,0,0,0,0,0,0,0,0,0
"08ea1c9b9d368cd6d9bfeb8857e90315",0.793265468013361,0,0,0,0,0,0,0,0,0,0,0,0,0,0,0
"1da23dee00520d2c9e0e21bac4a70bca",0.484979690812182,0,0,0,0,0,0,0,0,0,0,0,0,0,0,0
"6aa82af5289e004d50046c31ef22b2ae",0.000530612353186195,0,0,0,0,0,0,0,0,0,0,0,0,0,0,0
"a5e4214d6e45488b57daf5cc70b89f40",0.00159183705955858,0,0,0,0,0,0,0,0,0,0,0,0,0,0,0
"6552ab56103eaf5a3eb1e9b2f45e8ee7",0.00583673588504814,0,0,0,0,0,0,0,0,0,0,0,0,0,0,0
"2b9113180a7e1a8f4e25512f0191ff42",0.0092857161807584,0,0,0,0,0,0,0,0,0,0,0,0,0,0,0
"c8b7afd58453fa7f61cb3486e65de8f0",0.0153877582423996,0,0,0,0,0,0,0,0,0,0,0,0,0,0,0
"e79a45f432d0ccc86adbf9bbe7cef2a7",0.0114081655935032,0.0185423568048667,0.250211446292642,0.143354495187385,0.166108358018881,0.0214324187894631,0.0124111824754103,0.0308682806367685,0.00422922393740749,0.0129548110281715,0.0130467241850025,0.0822121266764778,0.219652826504774,0.171939912858446,0.266831446788192,0.291010311887139
"48ba7ddef24819311ff90ffc578df02e",0.0260000053061235,0,0,0,0,0,0,0,0,0,0,0,0,0,0,0
"3b04ef795d02d4d5ddc42f2c2598e1d7",0.0594285835568538,0,0,0,0,0,0,0,0,0,0,0,0,0,0,0
"d760d5214a39254043ef78c083b92a9e",0.000795918529779292,0,0,0,0,0,0,0,0,0,0,0,0,0,0,0
"6e01e4385cee37baa2cba8e4af01c030",0.0265306176593097,0,0,0,0,0,0,0,0,0,0,0,0,0,0,0
"cd991e2f230049eb76c8e3b3fcece79f",0.0143265335360273,0.00213950270825385,0.0281928390188892,0.0242517003136553,0.0304531989701282,0.0141002755193836,0.0155139780942629,0,0.0211461196870374,0.0290187767031042,0.0132883301884285,0.00756196448203452,0,0.00174156449488297,0,0
"e808c9a57b23d000151dd0526336e8de",0.0177755138317375,0,0,0,0,0,0,0,0,0,0,0,0,0,0,0
"84dfcd7f87afea16bd5fe5b6d98babb9",0.00636734823823433,0,0,0,0,0,0,0,0,0,0,0,0,0,0,0
"e12d0786351086c693d56af70d0e9234",0.00689796059142053,0,0,0,0,0,0,0,0,0,0,0,0,0,0,0
"78571689def5620061b622ab87a928ff",0.0230816373635995,0,0,0,0,0,0,0,0,0,0,0,0,0,0,0
"aca560400c046d00c063af6e4596f8d5",0.00742857294460672,0,0,0,0,0,0,0,0,0,0,0,0,0,0,0
"d7df91c0a9354c5b73ddf9b28799ae43",0,0,0,0,0,0.00564011020775346,0,0,0.0120198996115792,0.00388644330845146,0,0,0,0,0,0
"0cfcb3be22238be1393c01bbede5d1d9",0,0,0,0,0,0,0,0,0,0.0228004674095819,0,0.0100826193093794,0,0,0,0
"4bc93160ffc2b1df098c42d0b0ad5ebc",0,0,0,0,0,0,0,0,0.00489699613805077,0,0,0,0,0,0,0
"9e188c20ff4d59650dfc2cb435a88512",0,0,0,0,0,0,0,0,0.0115747181444836,0,0,0,0,0,0,0
"506750e38fe1cebfe10a707f61a69479",0,0,0,0,0,0,0,0,0,0,0,0.0034901374532467,0,0,0,0
"8ee507ca96b61df7bb427baf2080073c",0,0,0,0,0,0,0,0,0.00645513127288511,0,0,0,0,0,0,0
"6ff49eba1a73bddf6f1013fcc786e610",0,0,0,0,0,0.0118442314362823,0,0,0,0,0,0,0,0,0,0
"14714ae799409c7a3851511d8e0e2b63",0,0,0,0,0,0,0,0,0.0220364826212285,0,0,0,0,0,0,0
"80696a8e4c14013684c162880b99abc9",0,0,0,0,0,0,0,0,0,0.0145093883515521,0,0,0,0,0,0
"5dfc291183ca333ed56e93c1c38c393c",0,0,0,0,0,0,0,0,0.0164717142825344,0,0,0,0,0,0,0
"b64cf0e9dea8cef6b9500b364c179b98",0,5.29776528942123,4.59543276007894,2.07109520678616,1.03540876498436,8.95677701542288,20.8228613981197,20.0732019226529,33.9504290436389,23.1862616820008,1.36120822330193,9.79448907296132,7.93800909118643,0.653878305806059,0.946549448080218,0.170810400455494
"5aed6ebc9b353e618d72d5595e755164",0,0,0,0,0,0,0,0,0,0.00595921307295891,0,0,0,0,0,0
"fd0ef899d0206dcd4a78995587f93375",0,0,0,0.00161678002091035,0,0,0,0,0,0,0,0,0,0,0,0
"57f1eccafbbc205af5c052d2942967e6",0,0,0,0,0,0,0,0,0,0.00103638488225372,0,0,0,0,0,0
"a69686fca845cb2a7dc332e3232d3b85",0,0,0,0,0,0,0,0,0,0,0.000724818010277919,0,0,0,0,0
"9ab99324a368b3af929987cc1e2bb956",0,0,0,0,0,0,0,0,0.000445181467095525,0,0,0,0,0,0,0
"43dffb075674335d54d49850882a7c5e",0,0,0,0,0,0,0,0,0,0.000518192441126861,0,0,0,0,0,0
"18e8b2bd0c2318ff13208d8febed727a",0.00742857294460672,0,0,0,0,0,0,0,0,0,0,0,0,0,0,0
"b6bae6e1c31423a1dfd8b925ac173939",0.00557142970845504,0,0,0,0,0,0,0,0,0,0,0,0,0,0,0
"4afdd249d06748b671d75d9cb109989d",0.00610204206164124,0,0,0,0,0,0,0,0,0,0,0,0,0,0,0
"acf08b911fd8cbbc0d6ddfb595496383",0.00795918529779292,0,0,0,0,0,0,0,0,0,0,0,0,0,0,0
"efbf6366dde7be4e10d52c16b61604d2",0.00795918529779292,0,0,0,0,0,0,0,0,0,0,0,0,0,0,0
"16bc6160df59f42ec2c49c8ee41d95fc",0.0241428620699719,0,0,0,0,0,0,0,0,0,0,0,0,0,0,0
"d672caef391233490da769c3f156fc0a",0.0220204126572271,0,0,0,0,0,0,0,0,0,0,0,0,0,0,0
"ae47cfe63095fcaf0afb228c7502cb66",0.00557142970845504,0,0,0,0,0,0,0,0,0,0,0,0,0,0,0
"ec716420b2bb28ff5cfc5b19edbe2dfa",0,0.082370854267773,0.130391880462363,0.0657490541836878,0,0.0157923085817097,0,0,0.0298271582954002,0.285524035060901,0.053878138763992,0.2084387645689,0.106775679550932,0.0400559833823082,0,0
"21ceeb224e15175f0c85797abce40d0a",0,0.0977039570102589,0.0916267268113899,0.070060467572782,0.0526009800393123,0.0177663471544234,0.0403363430450836,0.0176390175067249,0.0296045675618524,0.293296921677803,0.0664416509421426,0.236747657245234,0.15863815247567,0.0414808997872125,0.0365137769289105,0
"132a867d0cff8733fee3f3f6603f7dc6",0,0,0,0.00107785334727357,0,0,0,0,0,0,0,0,0,0,0,0
"fff6f2b1de224120c999dde9f25fcd0a",0.0610204206164124,0,0,0,0,0,0,0,0,0,0,0,0,0,0,0
"65f35a04bab9de1b0fa33126b4db52e7",0.0575714403207021,0,0,0,0,0,0,0,0,0,0,0,0,0,0,0
"36bf04a857c2cb66cc9cb9d09ff71ad4",0.00265306176593097,0,0,0,0,0,0,0,0,0,0,0,0,0,0,0
"63127b43a7584c83207f3213ebd51a60",0.00238775558933788,0,0,0,0,0,0,0,0,0,0,0,0,0,0,0
"8b35589e4e1ef82328d78d533f5fa1a1",0,0.00998434597185128,0.0246687341415281,0.0172456535563771,0,0.0118442314362823,0,0,0.00489699613805077,0.0111411374842275,0.0108722701541688,0.0155117220144298,0,0.00221653662985105,0,0
"71f6d6badec9a36484ea0f6bea464bc2",0.00902041000416531,0,0,0,0,0,0,0,0,0,0,0,0,0,0,0
"8466f2635d9fbf9c51a04877474f3d09",0.0180408200083306,0.0185423568048667,0,0.0210181402718346,0.0138423631682401,0.046530909213966,0,0,0.00244849806902539,0.00544102063183204,0.000966424013703893,0,0,0,0,0
"5ab25dcdb272bc212f8833c23f30c16e",0,0.0082014270483064,0,0,0,0,0,0,0,0,0,0,0,0,0,0
"f816f5de71e4c19785cd5dfa8ee073db",0.00318367411911717,0.00641850812476153,0,0.00431141338909428,0,0.00197403857271371,0,0,0.00578735907224182,0.0285005842619774,0.0137715421952805,0.0129910671870849,0,0,0,0
"f3faa99f0acc0df8ae5f557d0ca39c08",0.0183061261849237,0,0,0,0,0,0,0,0,0,0,0,0,0,0,0
"492422c8881f2e782fccb0225f1c68ab",0.941836926905495,0,0,0,0,0,0,0,0,0,0,0,0,0,0,0
"4b609ca4250617d6e2827bb31e7fd2b0",0.00530612353186195,0,0,0,0,0,0,0,0,0,0,0,0,0,0,0
"bbb066ff0d8c41323c27c93a1a3c35a7",0.0148571458892134,0,0,0,0,0,0,0,0,0,0,0,0,0,0,0
"b61c32f858381149fccfdf2f413f8f5b",0.00212244941274478,0,0,0,0,0,0,0,0,0,0,0,0,0,0,0
"55eea1d4d02e89a3fec4e0d929946361",0.00318367411911717,0,0,0,0,0,0,0,0,0,0,0,0,0,0,0
"026600da36b900cf6ff6ee481b90793a",0.0275918423656821,0,0,0,0,0,0,0,0,0,0,0,0,0,0,0
"4afc7e5bf81aaf214149bfaa2ffa5edf",0.00265306176593097,0,0,0,0,0,0,0,0,0,0,0,0,0,0,0
"1124da2808084f121dfa80f2ff96ad56",0.0095510223573515,0,0,0,0,0,0,0,0,0,0,0,0,0,0,0
"9f73559d08e3d2aebe9872ed20eb92cb",0.016448982948772,0,0,0,0,0,0,0,0,0,0,0,0,0,0,0
"a5101276605bf3210b0c5801215f4c48",0.00689796059142053,0,0,0,0,0,0,0,0,0,0,0,0,0,0,0
"89078346e4907efe681d45f299ac15a4",0.00159183705955858,0,0,0,0,0,0,0,0,0,0,0,0,0,0,0
"9cb41b1fe78219846cde88d8c68f0dbe",0,0,0,0,0,0,0,0,0,0,0,0.000387793050360744,0,0,0,0
"8e7bd1c2bef6cba75457c867bea7fec1",0.00583673588504814,0,0,0,0,0,0,0,0,0,0,0,0,0,0,0
"f988ea53dbaa37384a49d4315240db30",0.0514693982590609,0,0,0,0,0,0,0,0,0,0,0,0,0,0,0
"922daae168c740d829141c432a8cdcd1",0.00291836794252407,0,0,0,0,0,0,0,0,0,0,0,0,0,0,0
"acfe0924c0f9c6ca3720854b5b458d54",0.00583673588504814,0.0424334703803679,0.045813363405695,0.0328745270918439,0,0.00479409367659044,0,0,0.0151361698812478,0.0621830929352234,0.00604015008564933,0.0451778903670267,0.0366088044174624,0.00902447056439356,0.0196612645001826,0
"20823322077cf511c8eff4f0840466fd",0,0,0,0.0247906269872921,0.0221477810691841,0,0,0,0.0151361698812478,0.119702453900305,0.0321335984556544,0.0108582054101008,0,0.011874303374202,0,0
"703b123d3cbe4a7e8c02253f1f55d261",0.0122040841232825,0,0,0,0,0,0,0,0,0,0,0,0,0,0,0
"48b26cded54a8218c60048b74bfa5256",0.00610204206164124,0,0,0,0,0,0,0,0,0,0,0,0,0,0,0
"ef7c28bb28866912b76003ee110bdf6b",0.00159183705955858,0.00249608649296282,0,0,0,0,0,0,0,0,0.00314087804453765,0.00756196448203452,0,0.00680793393454251,0,0.0126526222559625
"d863bc6a2fa6a8a93787e45a6abe3304",0.00265306176593097,0.0420768865956589,0.0528615731604173,0.0140120935145564,0,0.04483887615164,0.0961866641844302,0,0.206564200732324,0.550838564917854,0.193043196737353,0.0238492725971858,0,0.0395810112473402,0.0196612645001826,0
"41f01f3e3cbf6beb908ae1ebb553208e",0,0,0,0,0,0.013818270008996,0,0,0.013132853279318,0.0419735877312758,0,0.0350952710576474,0.0976234784465664,0,0,0
"443d26a763fcf25a1b45a2fc51d1d322",0.0103469408871308,0,0,0,0,0,0,0,0,0,0,0,0,0,0,0
"99d585f7c8f524fa04880f847f0a31da",0.00875510382757221,0,0,0,0,0,0,0,0,0,0,0,0,0,0,0
"6cec0bfed5ae5027a2002e200c4f71eb",0.00477551117867575,0,0,0,0,0,0,0,0,0,0,0,0,0,0,0
"c19a1c0bb75e671f02df2cbb306949d9",0.00583673588504814,0,0,0,0,0,0,0,0,0,0,0,0,0,0,0
"4561fef494acf771179203cc14f5d372",0.0130000026530618,0,0,0,0,0,0,0,0,0,0,0,0,0,0,0
"91b0e901cfecbf218fbaa882071bc0ff",0.00689796059142053,0,0,0,0,0,0,0,0,0,0,0,0,0,0,0
"9cbf0954f06d3ad4ffa822ec80a7f4af",0.00663265441482743,0,0,0,0,0,0,0,0,0,0,0,0,0,0,0
"573471302da724edb5d0fa958385fb6d",0,0.00213950270825385,0,0.00754497343091499,0,0.0073321432700795,0,0,0.000667772200643287,0.00181367354394401,0,0,0,0.000474972134968082,0,0
"393ff3cc732c5e98dfc18b434623f9e9",0,0,0,0,0.0110738905345921,0,0,0,0,0,0,0,0,0,0,0
"7aaabccf2857ac0f0872b94bd0f656d3",0.00238775558933788,0,0,0,0,0,0,0,0,0,0,0,0,0,0,0
"b61513eef1a69690c5d43ca0cb8f5c1b",0.162632686251569,0,0,0,0,0,0,0,0,0,0,0,0,0,0,0
"e5f056df23811f3fe0e48de4aafd0d9b",0.0289183732486476,0,0,0,0,0,0,0,0,0,0,0,0,0,0,0
"f213ec50ee3f0c0c4a7b47b321d081a9",0.0206938817742616,0,0,0,0,0,0,0,0,0,0,0,0,0,0,0
"e1d678e0c2f5463421eec27874b0fab3",0.0822449147438602,0,0,0,0,0,0,0,0,0,0,0,0,0,0,0
"cb6ed263fa824af0ae08633dc7c0583e",0.0230816373635995,0,0,0,0,0,0,0,0,0,0,0,0,0,0,0
"b7e9487c90de08851f8c120abc9ac7f8",0.00132653088296549,0,0,0,0,0,0,0,0,0,0,0,0,0,0,0
"e3a2d60faa8d0d3ec2805ea4a4f69cc5",0.000795918529779292,0,0,0,0,0,0,0,0,0,0,0,0,0,0,0
"accdbd296b05fdc99bac47d0e4349aa9",0.00159183705955858,0,0,0,0,0,0,0,0,0,0,0,0,0,0,0
"14a2bb3f27bd325f767bee3f35dec36e",0.00106122470637239,0,0,0,0,0,0,0,0,0,0,0,0,0,0,0
"c24ddb60bb99f2f3faf3f86c7141b3dc",0.00132653088296549,0,0,0,0,0,0,0,0,0,0,0,0,0,0,0
"2780b1a1535644ef954b37c0be366f13",0.00397959264889646,0,0,0,0,0,0,0,0,0,0,0,0,0,0,0
"98f50fc2653bd578543391ef42ece23e",0.00371428647230336,0,0,0,0,0,0,0,0,0,0,0,0,0,0,0
"957bec6b470f89f1cc58693a77364ea7",0.000530612353186195,0,0,0,0,0,0,0,0,0,0,0,0,0,0,0
"2fc4dfc7b010149d63567c2ee818550a",0.00132653088296549,0,0,0,0,0,0,0,0,0,0,0,0,0,0,0
"8bbe4e6022a5ec46e3ba035b8b3e5036",0.00265306176593097,0,0,0,0,0,0,0,0,0,0,0,0,0,0,0
"b0b69224e197ce8061ddd3ea7ceff3d9",0.00848979765097911,0,0,0,0,0,0,0,0,0,0,0,0,0,0,0
"29924e75bce2dffe324f99988900e268",0.00238775558933788,0,0,0,0,0,0,0,0,0,0,0,0,0,0,0
"717e65e6ba1d91587e9c1fc36b2b0c44",0,0,0.0951508316887511,0.027485260355476,0,0.013818270008996,0,0,0.0182524401509165,0,0,0,0,0,0,0
"00a1a32589b4628bbc46f04b83b89d22",0,0,0,0,0,0,0.0155139780942629,0,0,0.000259096220563431,0,0,0,0,0,0
"645dd8b575c7e7c0952933bbe90b4bb9",0,0,0,0,0,0.00282005510387673,0.114803437897546,0,0,0.00855017527859321,0,0.000775586100721489,0,0,0,0
"94ef08db649a5339b6de95109a8bad0f",0,0.0124804324648141,0.102199041443473,0.0398805738491221,0,0.00451208816620277,0,0,0,0,0,0,0,0.00142491640490425,0,0
"7a777474146ffbe89e17716b8660dcfb",0.00212244941274478,0,0,0,0,0,0,0,0,0,0,0,0,0,0,0
"3d34374d81a96ce4972b93ef5dae9b82",0.562183788200773,0,0,0,0,0,0,0,0,0,0,0,0,0,0,0
"dcc552ee0bfe584a9f79fd3d7893047f",1.14400023346944,0,0,0,0,0,0,0,0,0,0,0,0,0,0,0
"2f5695c1563063d2b821ab2eecfa3bd3",0.938387946609785,0,0,0,0,0,0,0,0,0,0,0,0,0,0,0
"3487ee381e9bba57861b67ac3936d665",0.986938976926322,0,0,0,0,0,0,0,0,0,0,0,0,0,0,0
"94f099e252b40a7a42a638b2c028b7db",0.0098163285339446,0,0,0,0,0,0,0,0,0,0,0,0,0,0,0
"f57128992ee22ab49d1a992eb1594104",0.0095510223573515,0,0,0,0,0,0,0,0,0,0,0,0,0,0,0
"d73a01cf4394c6ce1b6f91249a590671",0.00742857294460672,0,0,0,0,0,0,0,0,0,0,0,0,0,0,0
"494686a85ca80380a18f37e6e723f6ff",0.0525306229654333,0,0,0,0,0,0,0,0,0,0,0,0,0,0,0
"e1859f895760d01bd129aad5091fa054",0.00557142970845504,0,0,0,0,0,0,0,0,0,0,0,0,0,0,0
"fca33d821d9ddce59d2b26b63bf7c4a1",0.000530612353186195,0,0,0,0,0,0,0,0,0,0,0,0,0,0,0
"a8aafb51e2d0f2e6d62cf2c4393df334",0.00159183705955858,0,0,0,0,0,0,0,0,0,0,0,0,0,0,0
"46a7a599e8da21433062d78516158149",0.00106122470637239,0,0,0,0,0,0,0,0,0,0,0,0,0,0,0
"ecc87bcfc432d272b961cd36e4246127",0.00875510382757221,0,0,0,0,0,0,0,0,0,0,0,0,0,0,0
"527d5108a6ce397729d5a554b1bf5e44",0.00265306176593097,0,0,0,0,0,0,0,0,0,0,0,0,0,0,0
"f4a24bc6456b7cb91afeb18832b4c18d",0.00265306176593097,0,0,0,0,0,0,0,0,0,0,0,0,0,0,0
"a6a36906813434ce2d18626305b1564a",0.00265306176593097,0,0,0,0,0,0,0,0,0,0,0,0,0,0,0
"248422358abb94560c1fc2271904e71f",0.00238775558933788,0,0,0,0,0,0,0,0,0,0,0,0,0,0,0
"8466c6dfab56e8746ea47bc3c0e571e0",0.0156530644189927,0,0,0,0,0,0,0,0,0,0,0,0,0,0,0
"c6c062c6e4918cff367f7b7327090845",0.00132653088296549,0,0,0,0,0,0,0,0,0,0,0,0,0,0,0
"0c9b81e16ab4e3c0b202044ce6d7ba57",0.0145918397126203,0,0,0,0,0,0,0,0,0,0,0,0,0,0,0
"10378c24fd183ece5224eb4bb5980766",0.00848979765097911,0,0,0,0,0,0,0,0,0,0,0,0,0,0,0
"8d741499ee8a83b6ede29efd8892e70b",0.00318367411911717,0,0,0,0,0,0,0,0,0,0,0,0,0,0,0
"de1f954072ef273959e798b81a39a1f1",0.0193673508912961,0,0,0,0,0,0,0,0,0,0,0,0,0,0,0
"3746a611252a01f39ad4eba5428d1daa",0.00716326676801363,0,0,0,0,0,0,0,0,0,0,0,0,0,0,0
"4f6902842e157d5e737fa919e5d89f4a",0.00132653088296549,0,0,0,0,0,0,0,0,0,0,0,0,0,0,0
"5a282585ef16397041df72979907593f",0.0116734717700963,0,0,0,0,0,0,0,0,0,0,0,0,0,0,0
"296a64ff9ac191c4f1c886ba988e1706",0.0140612273594342,0,0,0,0,0,0,0,0,0,0,0,0,0,0,0
"01e6c47ea1eccbd286858fc97fa25654",0.000795918529779292,0,0,0,0,0,0,0,0,0,0,0,0,0,0,0
"bcebf60c83721eb2fd57f1ddb53c6058",0,0,0,0,0,0,0,0,0,0,0,0.000581689575541117,0,0.00221653662985105,0,0
"79e2b6d098bc24e051a82e3d618d416f",0.00424489882548956,0,0,0,0,0,0,0,0,0,0,0,0,0,0,0
"c5818942f7219725c098917e39a7e7bb",0.016448982948772,0,0,0,0,0,0,0,0,0,0,0,0,0,0,0
"38f1741fa5bc42ca4fda255fde5fde58",0.000265306176593097,0,0,0,0,0,0,0,0,0,0,0,0,0,0,0
"0b54d74d2257842cdb59920d0557c940",0.00583673588504814,0,0,0,0,0,0,0,0,0,0,0,0,0,0,0
"e7a9beba4bfa0731ea9d0fa90bb065e3",0.00716326676801363,0,0,0,0,0,0,0,0,0,0,0,0,0,0,0
"dcc1b2524bf00a7d6decf739df2f1f19",0.000795918529779292,0,0,0,0,0,0,0,0,0,0,0,0,0,0,0
"23504ce886d58d2a61607ff263c8d494",0.00159183705955858,0,0,0,0,0,0,0,0,0,0,0,0,0,0,0
"582cd22fb94ea0fd36f9915ef32c1333",0.000530612353186195,0,0,0,0,0,0,0,0,0,0,0,0,0,0,0
"86648abd0094f1568a386360dcba7034",0.00238775558933788,0,0,0,0,0,0,0,0,0,0,0,0,0,0,0
"cb886014283a43df6af104cecc83cfc9",0.024673474423158,0,0,0,0,0,0,0,0,0,0,0,0,0,0,0
"d2340f2964ea2cff3448b5ce82aa29af",0.00742857294460672,0,0,0,0,0,0,0,0,0,0,0,0,0,0,0
"2bef39c50999d97de887d34b376fbd38",0.00185714323615168,0,0,0,0,0,0,0,0,0,0,0,0,0,0,0
"6cd5cb3562f8ff28e2e21339a4fc55c1",0.0286530670720545,0,0,0,0,0,0,0,0,0,0,0,0,0,0,0
"0ca4dd10576aed42007187bfd0cb11c5",0.00238775558933788,0,0,0,0,0,0,0,0,0,0,0,0,0,0,0
"8a7a133e5daf52fb66404c67a0c7dc48",0.000795918529779292,0,0,0,0,0,0,0,0,0,0,0,0,0,0,0
"639ec09a97e00f6cd8d780f549ca17af",0.00185714323615168,0,0,0,0,0,0,0,0,0,0,0,0,0,0,0
"9e2b122adf540f378ae4674b70ffa70d",0.00424489882548956,0,0,0,0,0,0,0,0,0,0,0,0,0,0,0
"2e707ae206fd30644537a8329e2b9476",0.404061306951287,0,0,0,0,0,0,0,0,0,0,0,0,0,0,0
"c86ca8792c7be96d7699dead5edccd91",0.0103469408871308,0,0,0,0,0,0,0,0,0,0,0,0,0,0,0
"e9e94fc2ed8a07e91e51f4bac68316c2",0.00106122470637239,0,0,0,0,0,0,0,0,0,0,0,0,0,0,0
"38907b8ef0546ef8dd587afd52a16f9c",0.00185714323615168,0,0,0,0,0,0,0,0,0,0,0,0,0,0,0
"a50b9465cd3e7850eae2011497a4f41b",0.00742857294460672,0,0,0,0,0,0,0,0,0,0,0,0,0,0,0
"0b291123c105140e6524bb2a3cf8e278",0.141673498300714,0,0,0,0,0,0,0,0,0,0,0,0,0,0,0
"a8615f5ca1d297895cc840a75212b907",0.00477551117867575,0,0,0,0,0,0,0,0,0,0,0,0,0,0,0
"78123af13d385db4ee6a9342283a042b",0.00212244941274478,0,0,0,0,0,0,0,0,0,0,0,0,0,0,0
"bab16dfe7bab8f56e30de9733e5a5964",0.0313061288379855,0,0,0,0,0,0,0,0,0,0,0,0,0,0,0
"52b9510cbb34f48661b26bc88b568e98",0.0103469408871308,0,0,0,0,0,0,0,0,0,0,0,0,0,0,0
"1ad05a58bf23396d80f11695ad750b75",0,0.0174726054507397,0.0493374682830561,0.0458087672591267,0.0858226516430885,0.0315846171634194,0.0217195693319681,0,0.00267108880257315,0.0111411374842275,0.0152211782158363,0.0575872679785706,0.161688886177126,0.146449741615159,0.0589837935005477,0.132852533687607
"15c0fe41b25c6504b8dbe48ae72283d0",0.0132653088296549,0,0,0,0,0.0352506887984591,0,0.0485072981434934,0.00267108880257315,0.0106229450431007,0.026576660376857,0.120603638662192,0.131181549162574,0.137266947005776,0.0365137769289105,0.034794711203897
"3f9bbc037aa14387f62bff9e2cc84700",0.0289183732486476,0,0,0,0,0,0,0,0,0,0,0,0,0,0,0
"b0cbbaf7dfd53222b68c29b70d780bdd",0,0,0,0,0,0,0,0,0,0,0,0.000969482625901861,0,0,0,0
"6e868cfa7b0e75b04f31fbeedfc29c64",0,0.00213950270825385,0,0,0,0,0.0279251605696733,0,0,0,0,0,0,0,0,0
"a19152d55f42fc72a3a0f985d2615aab",0.161306155368603,0.130866248988194,0.218494502396391,0.128803474999192,0.282384208632098,0.0313026116530317,0,0,0,0,0,0,0,0,0,0
"d801b2110a503327da848c95357ca4a5",0.0888775691586876,0.0763089299277205,0,0.0641322741627774,0.152265994850641,0.0188943691959741,0,0,0,0,0,0,0,0,0,0
"9e54e8d50785a84f97b38e3eb665dda0",0.203755143623499,0.00320925406238077,0,0.00323356004182071,0.00553694526729603,0.00338406612465208,0,0,0.0017807258683821,0.00595921307295891,0.00676496809592725,0.00252065482734484,0,0.00142491640490425,0,0
"1e2c02998bd1e6ff2aad5bd96b138e35",0.0260000053061235,0,0,0,0,0,0,0,0,0,0,0,0,0,0,0
"b7b7b13db34b15898a31873237c7932a",0.00451020500208265,0,0,0,0,0,0,0,0,0,0,0,0,0,0,0
"6f9a6eeef90b44801aebd3df2c42e61b",0.00530612353186195,0,0,0,0,0,0,0,0,0,0,0,0,0,0,0
"bcfda59a5b9e3036c018e4bbde623d42",0.00610204206164124,0,0,0,0,0,0,0,0,0,0,0,0,0,0,0
"c99dd2353697161faecee673e0eda7b2",0.133714313002921,0,0,0,0,0,0,0,0,0,0,0,0,0,0,0.00948946669197191
"92fdfef3564a875350627fe95d5fa6e2",0.00106122470637239,0,0,0,0,0,0,0,0,0,0,0,0,0,0,0
"49e3be6db5eee89cd85b7d6f4210ec90",0.00238775558933788,0,0,0,0,0,0,0,0,0,0,0,0,0,0,0
"721bd76a3ab9dec41984c4ec32be845a",0.00185714323615168,0,0,0,0,0,0,0,0,0,0,0,0,0,0,0
"306362657db7872818a69eab489f7c76",0.000795918529779292,0,0,0,0,0,0,0,0,0,0,0,0,0,0,0
"6e6058d4bc7844a5a6e5a8bddd480300",0.000795918529779292,0,0,0,0,0,0,0,0,0,0,0,0,0,0,0
"c68beead78f4f3b46f10ea9998c1bff7",0.00636734823823433,0,0,0,0,0,0,0,0,0,0,0,0,0,0,0
"89bd7c45f05c79d6fbb1fbda696d5bae",0.0262653114827166,0,0,0,0,0,0,0,0,0,0,0,0,0,0,0
"bdc8fef92da036b174e440badf20ae19",0.00583673588504814,0,0,0,0,0,0,0,0,0,0,0,0,0,0,0
"eb39035aa8ec3916e81ca8fc6b2cbc00",0.00106122470637239,0,0,0,0,0,0,0,0,0,0,0,0,0,0,0
"842ba3e9826daf645e7765f4bb0525be",0.00318367411911717,0,0,0,0,0,0,0,0,0,0,0,0,0,0,0
"7ede4b72fe5210d181d31d0161d8f153",0.0132653088296549,0,0,0,0,0,0,0,0,0,0,0,0,0,0,0
"912c0c0d10313d835d3cd85636e51854",0.00583673588504814,0,0,0,0,0,0,0,0,0,0,0,0,0,0,0
"1ed95763454163d1938e3d2d3c082d23",0.00159183705955858,0,0,0,0,0,0,0,0,0,0,0,0,0,0,0
"34f74c82bbd5954315b8ed382098d1c8",0.00159183705955858,0,0,0,0,0,0,0,0,0,0,0,0,0,0,0
"2c452b25c7f3c62be462d8f47ed179e3",0.0313061288379855,0.0980605407949679,0.12334367070764,0.121258501568277,0.146729049583345,0.0524530249321072,0.00930838685655776,0.0264585262600873,0.00422922393740749,0.0119184261459178,0.00893942212676101,0.00678637838131303,0.0274566033130968,0.0444890566420103,0.0533662893576384,0.0126526222559625
"0425278120412320bdcb2c4814278c6f",0.0302449041316131,0,0,0,0,0,0,0,0,0,0,0,0,0,0,0
"669b72740b8bed1bcedbdbaa4b8be1e7",0.267428626005842,0,0,0,0,0,0,0,0,0,0,0,0,0,0,0
"52ecb4b1abf93593276cb066f1446900",0.0193673508912961,0,0,0,0,0,0,0,0,0,0,0,0,0,0,0
"3f8e2d5b849dc28defc6406bd5304ffc",0.00212244941274478,0,0,0,0,0,0,0,0,0,0,0,0,0,0,0
"817505ccf93a252d80ac6191376cc419",0.021755106480634,0,0,0,0,0,0,0,0,0,0,0,0,0,0,0
"f02dc9c964b8985575a3f2838bf1fbd8",0.00132653088296549,0,0,0,0,0,0,0,0,0,0,0,0,0,0,0
"1b7d9b83e481aeaf938729029a2a4c19",0.00265306176593097,0,0,0,0,0,0,0,0,0,0,0,0,0,0,0
"d4b8f75d0e42420455e41ded33426aae",0.00132653088296549,0,0,0,0,0,0,0,0,0,0,0,0,0,0,0
"4a19bdfb366f7b08e08a1e91c6074b30",0.000795918529779292,0,0,0,0,0,0,0,0,0,0,0,0,0,0,0
"6f5c69090502aa2182ea4a5a24b1cc94",0.00530612353186195,0,0,0,0,0,0,0,0,0,0,0,0,0,0,0
"4067001164170581ba105a05e975bbe3",0.0140612273594342,0,0,0,0,0,0,0,0,0,0,0,0,0,0,0
"923e86a70ad8194f9dab67ab8397371f",0,0,0,0,0,0.00197403857271371,0,0,0.00289367953612091,0.00233186598507088,0.00169124202398181,0.000775586100721489,0,0,0,0
"613419874443169bf5144b900aec08b4",0,0.00106975135412692,0,0,0,0,0,0,0,0,0,0,0,0,0,0
"4cec2826da45c90930f69ae290165f1d",0.0392653141357784,0,0,0,0,0,0,0,0,0,0,0,0,0,0,0
"b751d80405d63e383de7ea09a7e2dcfd",0.00557142970845504,0,0,0,0,0,0,0,0,0,0,0,0,0,0,0
"bc7d170b9edc9c345a358fc773c260e7",0.00106122470637239,0,0,0,0,0,0,0,0,0,0,0,0,0,0,0
"f877e829ece2e97efc2208f33e765ce3",0.0111428594169101,0,0,0,0,0,0,0,0,0,0,0,0,0,0,0
"134153c893d92731f1779897c269f055",0.00265306176593097,0,0,0,0,0,0.0155139780942629,0,0.00089036293419105,0.00103638488225372,0,0,0.0061014674029104,0,0,0
"e46ddfb99131631f2f2bba8eb3297ca3",0,0,0,0,0,0,0,0,0,0,0,0,0,0.0137741919140744,0,0
"7ff6af46744a4c8214812c77e54fd485",0.00610204206164124,0,0,0,0,0,0,0,0,0,0,0,0,0,0,0
"8ebc39e79a930b5db089420489c40543",0.00530612353186195,0.00534875677063461,0.0563856780377784,0,0.0221477810691841,0.00648612673891648,0.148934189704924,0.0485072981434934,0.0298271582954002,0.0230595636301453,0.0115970881644467,0.0246248586979073,0.195246956893133,0.0975276117134461,0.0112350082858186,0.0537736445878408
"e207e8f65f4dcf2a29cf07ae8ee8fd7e",0,0,0,0,0,0,0,0,0.000667772200643287,0,0,0,0,0,0,0
"fc7dec198c007a0622c9acba71b1edb1",0.00451020500208265,0,0,0.0177845802300139,0,0,0,0,0.00756808494062392,0.00621830929352234,0.00676496809592725,0.0188079629424961,0,0.0935695105887121,0,0
"32327bc1b2d1a223d9a447241f2cfb82",0.00159183705955858,0,0,0,0,0,0,0,0,0,0,0,0,0,0,0
"b97547037e6bed020583b930bd3684cc",0.0392653141357784,0,0,0,0,0,0,0,0,0,0,0,0,0,0,0
"9a48d66f52c47289df8517641c188d9b",0.0188367385381099,0,0,0,0,0,0,0,0,0,0,0,0,0,0,0
"54361a7cbec36835157cc4e00336e464",0.00371428647230336,0,0,0,0,0,0,0,0,0,0,0,0,0,0,0
"6014a554d33d3beabc7d7c46cfdcd41f",0.000795918529779292,0,0,0,0,0,0,0,0,0,0,0,0,0,0,0
"62b0ef9d072b7772ca3958f821bc1c49",0.00371428647230336,0,0,0,0,0,0,0,0,0,0,0,0,0,0,0
"824e4de27fdfadaea64e6f954c1448c6",0.00185714323615168,0,0,0,0,0,0,0,0,0,0,0,0,0,0,0
"6290092a789cefe170b21f8c022a1fda",0.00238775558933788,0,0,0,0,0,0,0,0,0,0,0,0,0,0,0
"c1596a5db2591882d02a381ba7a01960",0.000795918529779292,0,0,0,0,0,0,0,0,0,0,0,0,0,0,0
"a6fbc7a35cdc513c4aae607786ee2a51",0.00132653088296549,0,0,0,0,0,0,0,0,0,0,0,0,0,0,0
"933c1a437592c012f7169968b9045854",0.0167142891253651,0,0,0,0,0,0,0,0,0,0,0,0,0,0,0
"08dcb60f335137ed59ea5006a3ca7d20",0.00159183705955858,0,0,0,0,0,0,0,0,0,0,0,0,0,0,0
"eb8cd45ae934604fba18984990c55691",0.00238775558933788,0,0,0,0,0,0,0,0,0,0,0,0,0,0,0
"8855fec4062970bb235780d6469a1d6d",0.102408184164936,0,0,0,0,0,0,0,0,0,0,0,0,0,0,0
"29b981c98faa891c7e4d3ed2e5ff9aab",0.016448982948772,0,0,0,0,0,0,0,0,0,0,0,0,0,0,0
"4a76bdc5b45d149d7aa31d04b9f46dbe",0.0684489935610191,0,0,0,0,0,0,0,0,0,0,0,0,0,0,0
"c4047091d558ea01dc3b6702ba3278c7",0.00265306176593097,0,0,0,0,0,0,0,0,0,0,0,0,0,0,0
"94826025b9642351b6818715fb42c3a5",0.00132653088296549,0,0,0,0,0,0,0,0,0,0,0,0,0,0,0
"664e1ee046659d47ded4a40ad1133a33",0.150693908304879,0,0,0,0,0,0,0,0,0,0,0,0,0,0,0
"f2126d67d457c75787258130f49ef2e0",0.000795918529779292,0,0,0,0,0,0,0,0,0,0,0,0,0,0,0
"5ef194c523178b714e804757a3218c3a",0.00424489882548956,0,0,0,0,0,0,0,0,0,0,0,0,0,0,0
"a9135a4ec3c5575c45a925bfaa528201",0.00106122470637239,0,0,0,0,0,0,0,0,0,0,0,0,0,0,0
"effac6ec8d11ae5d2d4f029c5f18e3be",0.0413877635485232,0,0,0,0,0,0,0,0,0,0,0,0,0,0,0
"32b01957f98cbf2079bd6bdbb6342751",0.000530612353186195,0,0,0,0,0,0,0,0,0,0,0,0,0,0,0
"6e6136a51bc1d0612894175086e106cd",0.0175102076551444,0,0,0,0,0,0,0,0,0,0,0,0,0,0,0
"ff6a63aa3a8877a90e31ca73fa5fbdd7",0.000795918529779292,0,0,0,0,0,0,0,0,0,0,0,0,0,0,0
"25f1616a67bfdd13341e589345005a90",0,0,0,0,0,0.00141002755193836,0,0,0,0,0,0,0,0,0,0
"d0c4b664b4d2be62c80268e30a098b50",0.0095510223573515,0,0,0,0,0,0,0,0,0,0,0,0,0,0,0
"d3cf08daefed96f494257ceff63a6cf8",0,2.43261457928462,3.80250916267268,2.50223654569559,3.68760554801916,2.20133501408618,2.36433026156567,1.47285796181153,0.545569887925566,0.366362055876691,0.748012186606813,1.03947927149198,1.44909850819122,1.41256712939508,2.19925287194899,3.18213449737458
"3876f8d3b46ac99f7e99345288e684b5",0,0,0,0,0,0,0,0,0,0,0,0.000581689575541117,0,0,0,0
"1c4d0577b5aae60dfa88bb9fa2dc36d6",0,0,0,0,0,0.00169203306232604,0,0,0,0,0,0,0,0,0,0
"05925c1c63113425269afd1340361c52",0,0,0,0,0,0,0,0,0,0,0.000483212006851946,0,0,0,0,0
"1352933b973ba3c6f76d090c4d0a422e",0.000795918529779292,0,0,0,0,0,0,0,0,0,0,0,0,0,0,0
"172df84126559d3703a3b6184b45a0ee",0.00371428647230336,0,0,0,0,0,0,0,0,0,0,0,0,0,0,0
"ce2061796f0dee9838e806cd86488535",0.00106122470637239,0,0,0,0,0,0,0,0,0,0,0,0,0,0,0
"0125f2eadef50a0a739c1537d792cf24",0.00265306176593097,0,0,0,0,0,0,0,0,0,0,0,0,0,0,0
"39cabc06fe765618dfcb8000e03424ca",0.00318367411911717,0,0,0,0,0,0,0,0,0,0,0,0,0,0,0
"0a9e32a90e0c0e68cfe004e73a2ac7dd",0.00106122470637239,0,0,0,0,0,0,0,0,0,0,0,0,0,0,0
"28f13b8e13ea61aafe5bc46d20dc15bf",0.000530612353186195,0,0,0,0,0,0,0,0,0,0,0,0,0,0,0
"8b024b5e9fd085be8d302e0fe7eb1da6",0.000795918529779292,0,0,0,0,0,0,0,0,0,0,0,0,0.000316648089978721,0,0
"7d1bda054163467e1cf195ab330ba64f",0.00185714323615168,0,0,0,0,0,0,0,0,0,0,0,0,0,0,0
"3be7e939ae2116634ae31372ce9f460d",0.00185714323615168,0,0,0,0,0,0,0,0,0,0,0,0,0,0,0
"a3d67e84fce8a7747f69e619a049f2b9",0.00822449147438602,0,0,0,0,0,0,0,0,0,0,0,0,0,0,0
"9a6b3fef0385b0cecd4738a2225f02b8",0.00689796059142053,0,0,0,0,0,0,0,0,0,0,0,0,0,0,0
"c232a779470ac2c086cf118bc1aa821d",0.000795918529779292,0,0,0,0,0,0,0,0,0,0,0,0,0,0,0
"f961e1550d2126dce30199dd80a47c66",0.00132653088296549,0,0,0,0,0,0,0,0,0,0,0,0,0,0,0
"db2655d106ea7194a3982bfbe1ef11c4",0.000795918529779292,0,0,0,0,0,0,0,0,0,0,0,0,0,0,0
"fd6e07eef3a5baacd89506ae84fb2ea6",0.00318367411911717,0,0,0,0,0,0,0,0,0,0,0,0,0,0,0
"3e06f2d2b9d0ba13808adb5c1dd498de",0.00185714323615168,0,0,0,0,0,0,0,0,0,0,0,0,0,0,0
"da380d249b3dd800f5c3e279f7cf917a",0.00371428647230336,0,0,0,0,0,0,0,0,0,0,0,0,0,0,0
"d4478251439a62fedcc7f87519fdd32a",0.00159183705955858,0,0,0,0,0,0,0,0,0,0,0,0,0,0,0
"493cc79d93c8003efb9369ab256e65f4",0.00689796059142053,0,0,0,0,0,0,0,0,0,0,0,0,0,0,0
"609d275502076a9f8c77313c88d5cabd",0.00132653088296549,0,0,0,0,0,0,0,0,0,0,0,0,0,0,0
"24b8bcda6b1b2ab72e632df74c10c98c",0.000795918529779292,0,0,0,0,0,0,0,0,0,0,0,0,0,0,0
"435c6084c75f643fca4a52a243e279ae",0.000795918529779292,0,0,0,0,0,0,0,0,0,0,0,0,0,0,0
"9b9174d78b183d58e02083b8044f64af",0.000795918529779292,0,0,0,0,0,0,0,0,0,0,0,0,0,0,0
"570d2782ac8b4697b37c5a7fcce2c38f",0.00291836794252407,0,0,0,0,0,0,0,0,0,0,0,0,0,0,0
"b75416c48f46e93a9e3622080cde9b06",0.00212244941274478,0,0,0,0,0,0,0,0,0,0,0,0,0,0,0
"5f516ea92e902ab41bec75b07a1d28a5",0.00185714323615168,0,0,0,0,0,0,0,0,0,0,0,0,0,0,0
"3196bc82f5a5ddf5efff5dfd48579b60",0.00424489882548956,0,0,0,0,0,0,0,0,0,0,0,0,0,0,0
"c259cda388580d886e6cbb43a1272e68",0.00132653088296549,0,0,0,0,0,0,0,0,0,0,0,0,0,0,0
"7380f2dbd0ed772394d1ec7413371fd5",0.00451020500208265,0,0,0,0,0,0,0,0,0,0,0,0,0,0,0
"51177a17fe0a032b15ab14a0e9135569",0.00212244941274478,0,0,0,0,0,0,0,0,0,0,0,0,0,0,0
"31a83f111b57e09b08ffb58917c511c9",0.000530612353186195,0,0,0,0,0,0,0,0,0,0,0,0,0,0,0
"372e53abd78532e75f0b7c98fa758cc1",0.0185714323615168,0,0,0,0,0,0,0,0,0,0,0,0,0,0,0
"3768ce8adbe0d6b2fccade3b7750c7d6",0.0100816347105377,0,0,0,0,0,0,0,0,0,0,0,0,0,0,0
"b9315058e389547041d01efa1048d9f0",0.000530612353186195,0,0,0,0,0,0,0,0,0,0,0,0,0,0,0
"17b1f04511323cb27b539f309522bf6c",0.00185714323615168,0,0,0,0,0,0,0,0,0,0,0,0,0,0,0
"f527a3626856c74b3bf1c926561baf11",0.0124693902998756,0,0,0,0,0,0,0,0,0,0,0,0,0,0,0
"714fee5937db0a72ffa76f655649cd60",0.00132653088296549,0,0,0,0,0,0,0,0,0,0,0,0,0,0,0
"5db694edf839eff28cb6a47bb5b50693",0.135571456239073,0,0,0,0,0,0,0,0,0,0,0,0,0,0,0
"419a137f2ad50bcbc7cd2b296d34e524",0.00238775558933788,0,0,0,0,0,0,0,0,0,0,0,0,0,0,0
"4079dc43f1ee0b0433df1aaaafba110d",0.00530612353186195,0,0,0,0,0,0,0,0,0,0,0,0,0,0,0
"d564201f83026fda70407d0f859d04bd",0.00132653088296549,0,0,0,0,0,0,0,0,0,0,0,0,0,0,0
"260f47af70cb0a395a7ad53f17bdced2",0.00238775558933788,0,0,0,0,0,0,0,0,0,0,0,0,0,0,0
"6c69b67bc429532ce3461ea6f3dc7c82",0.00132653088296549,0,0,0,0,0,0,0,0,0,0,0,0,0,0,0
"d6ede5314f1108426fbd0e2612d334d0",0.00504081735526885,0,0,0,0,0,0,0,0,0,0,0,0,0,0,0
"a36b617c346af9dc1b8b18938adc2fc9",0.00530612353186195,0,0,0,0,0,0,0,0,0,0,0,0,0,0,0
"da9b9d254bc05bd32ff186a046fedf37",0.00451020500208265,0,0,0,0,0,0,0,0,0,0,0,0,0,0,0
"410e95b05efd63867444aa0a2458b97c",0.00212244941274478,0,0,0,0,0,0,0,0,0,0,0,0,0,0,0
"7b38bded14744e6cd6bceb54464983f4",0.00318367411911717,0,0,0,0,0,0,0,0,0,0,0,0,0,0,0
"f0f0fbd8b8b3465070051618d1426d2c",0.000795918529779292,0,0,0,0,0,0,0,0,0,0,0,0,0,0,0
"288e6faee45091ff103a59abecc43dbc",0.00185714323615168,0,0,0,0,0,0,0,0,0,0,0,0,0,0,0
"1fbebf41466cae9d33a4701c944cb55d",0.00265306176593097,0,0,0,0,0,0,0,0,0,0,0,0,0,0,0
"03f29c495b783a3de09c6c8780605449",0.000530612353186195,0,0,0,0,0,0,0,0,0,0,0,0,0,0,0
"d4bbada602eb08d4609fe2fca3160d40",0.00132653088296549,0,0,0,0,0,0,0,0,0,0,0,0,0,0,0
"9816db47f2611a30597851d70a0e62fd",0.00238775558933788,0,0,0,0,0,0,0,0,0,0,0,0,0,0,0
"2bb677211b22ba770fffa14899f1b01f",0.00185714323615168,0,0,0,0,0,0,0,0,0,0,0,0,0,0,0
"20ec21b915216e00b9af8785dba05efd",0.00106122470637239,0,0,0,0,0,0,0,0,0,0,0,0,0,0,0
"7a7c96429cd038c333985399c9eb963c",0.0254693929529373,0.0513480649980923,0.0281928390188892,0.0237127736400185,0.0387586168710722,0.0143822810297713,0,0.00881950875336244,0.00600994980578958,0.00388644330845146,0.00410730205824154,0.00155117220144298,0,0,0,0
"1be3827e47b5c470292d2d3200f1aa5e",0.00238775558933788,0,0,0,0,0,0,0,0,0,0,0,0,0,0,0
"808f5cd9975425a879bdc9f2084edbe5",0.00530612353186195,0,0,0,0,0,0,0,0,0,0,0,0,0,0,0
"d57543b38df2129448b58807cb5965d0",0.016448982948772,0,0,0,0,0,0,0,0,0,0,0,0,0,0,0
"8b1634a2e55ae2488b6ccc2230996509",0.00371428647230336,0,0,0,0,0,0,0,0,0,0,0,0,0,0,0
"0c794e59b49f4c211fd8d27ef015d178",0.00291836794252407,0,0,0,0,0,0,0,0,0,0,0,0,0,0,0
"fb23f61e952a0a57ca3e763d8ad1f157",0.00318367411911717,0,0,0,0,0,0,0,0,0,0,0,0,0,0,0
"0c0dcadbd501e2c17ca71995ed0b7ee1",0.0825102209204533,0,0,0,0,0,0,0,0,0,0,0,0,0,0,0
"f942e5771e9c0960bcb688baaa716f30",0.000265306176593097,0,0,0,0,0,0,0,0,0,0,0,0,0,0,0
"6291d6ddf701717cb4dadaf9fe7f3ad3",0.00265306176593097,0,0,0,0,0,0,0,0,0,0,0,0,0,0,0
"15bf273330928f57de2f3b24ca2a5135",0.0130000026530618,0,0,0,0,0,0,0,0,0,0,0,0,0,0,0
"cb21ad21e6f1b6e4e388eec09350d8dc",0.00106122470637239,0,0,0,0,0,0,0,0,0,0,0,0,0,0,0
"b2378dc0ed02b4859dec7c88db7efeb0",0.00238775558933788,0,0,0,0,0,0,0,0,0,0,0,0,0,0,0
"58a2d5b3e1ddfcaf493f61028578cc92",0.00451020500208265,0,0,0,0,0,0,0,0,0,0,0,0,0,0,0
"ffc8f144edd6d82dce1b1b9056b59bef",0.0424489882548956,0,0,0,0,0,0,0,0,0,0,0,0,0,0,0
"918eaaa2a8ed889d1ab21eb87b880779",0.00318367411911717,0,0,0,0,0,0,0,0,0,0,0,0,0,0,0
"a5c52feec93b3b84b1295044997eec5e",0.00212244941274478,0,0,0,0,0,0,0,0,0,0,0,0,0,0,0
"2f0e324704bd4ac738072c50d4eba0ea",0.010877553240317,0,0,0,0,0,0,0,0,0.00103638488225372,0,0,0,0,0,0
"9a92a2c1cf0f15aa4804f00b70914004",0.00769387912119982,0,0,0,0,0,0,0,0,0,0,0,0,0,0,0
"cd99d97d1b41963fa52e658f2595169f",0.00185714323615168,0,0,0,0,0,0,0,0,0,0,0,0,0,0,0
"e3e15e07db3bb418cb88e07fabe4e8e2",0.000795918529779292,0,0,0,0,0,0,0,0,0,0,0,0,0,0,0
"7c1cbe86390c16afdf54fac5ab2ba556",0.00132653088296549,0,0,0,0,0,0,0,0,0,0,0,0,0,0,0
"179413bba78ea1fc349ad7186b4f47c1",0.00583673588504814,0,0,0,0,0,0,0,0,0,0,0,0,0,0,0
"4b673256fb96d4b936e393f3f45d4f47",0.00318367411911717,0,0,0,0,0,0,0,0,0,0,0,0,0,0,0
"f128d6b0c4c7f8c41b4969168eaea276",0.00185714323615168,0,0,0,0,0,0,0,0,0,0,0,0,0,0,0
"dbdb30396825379c82448fee2cbe497e",0.00504081735526885,0,0,0,0,0,0,0,0,0,0,0,0,0,0,0
"b62d797963ea269412b16706df6c98e9",0.00397959264889646,0,0,0,0,0,0,0,0,0,0,0,0,0,0,0
"8d1e64ee4aa50278de70ddd89e5c3665",0.00424489882548956,0,0,0,0,0,0,0,0,0,0,0,0,0,0,0
"dfb17fab2e208979590db3600ba675d7",0.00159183705955858,0,0,0,0,0,0,0,0,0,0,0,0,0,0,0
"d3abbc3a1ab2ef83f8acf34b86409689",0.00159183705955858,0,0,0,0,0,0,0,0,0,0,0,0,0,0,0
"a6e69a1d97c797ccefc9a46e1e9d59b9",0.0376734770762198,0,0,0,0,0,0,0,0,0,0,0,0,0,0,0
"7fe3fc46ddecc806d5fc5e4b8f3ddfce",0.000795918529779292,0,0,0,0,0,0,0,0,0,0,0,0,0,0,0
"966a27b7648de7ac63f5c15a8be0d10a",0.0692449120907984,0,0,0,0,0,0,0,0,0,0,0,0,0,0,0
"d14450ec065af47ce09cf95309f24072",0.0132653088296549,0,0,0,0,0,0,0,0,0,0,0,0,0,0,0
"2d86655f5770d1ddf5947021a53b57cb",0.0132653088296549,0,0,0,0,0,0,0,0,0,0,0,0,0,0,0
"6904ffb97cd865af71cbb684f9892107",0.00106122470637239,0,0,0,0,0,0,0,0,0,0,0,0,0.000791620224946803,0,0
"50a8367445f13689d1032ccff7c8db55",0.000795918529779292,0,0,0,0,0,0,0,0,0,0,0,0,0,0,0
"17dea85edcc6610a7d772d73ea780461",0.00106122470637239,0,0,0,0,0,0,0,0,0,0,0,0,0,0,0
"8c244456b056b6b07dd3fe3de07754c0",0.00265306176593097,0,0,0,0,0,0,0,0,0,0,0,0,0,0,0
"5f012e60ebbd77b52bfe4a68ac5643da",0.000795918529779292,0,0,0,0,0,0,0,0,0,0,0,0,0,0,0
"2b33fe69214c39198384dc9686326117",0.0294489856018338,0,0,0,0,0,0,0,0,0,0,0,0,0,0,0
"5bd290b8145c47c97f4b53595839a743",0.000795918529779292,0,0,0,0,0,0,0,0,0,0,0,0,0,0,0
"5810b6e2d5b4ab3fd92892dccf084271",0.000530612353186195,0,0,0,0,0,0,0,0,0,0,0,0,0,0,0
"88a9a64b37ae0a1b25e1f700e445ab77",0.00132653088296549,0,0,0,0,0,0,0,0,0,0,0,0,0,0,0
"4552de4017ada34de916b0caaaf5ea54",0.000530612353186195,0,0,0,0,0,0,0,0,0,0,0,0,0,0,0
"ad94607116582c89c6eb5001f5150f80",0.000530612353186195,0,0,0,0,0,0,0,0,0,0,0,0,0,0,0
"c4a386b001291fa4bda56b6eb40173b6",0.00424489882548956,0,0,0,0,0,0,0,0,0,0,0,0,0,0,0
"c7b5ccd6001f20b113bf480efab552c9",0.019102044714703,0,0,0,0,0,0,0,0,0,0,0,0,0,0,0
"b6b373e4adb9c081da6a2499547960c7",0.00451020500208265,0,0,0,0,0,0,0,0,0,0,0,0,0,0,0
"ae9418ce9d02c32999138b34c48512fb",0.0132653088296549,0,0,0,0,0,0,0,0,0,0,0,0,0,0,0
"607a06d9faf3f514074b5a4908b55a82",0,0,0,0,0,0,0,0,0,0,0,0.000581689575541117,0,0,0,0
"fc342d5f1833e1ea778160c892d7a5f3",0,0,0,0,0,0,0,0,0,0,0,0,0,0.000316648089978721,0,0
"52fc77f20545190663b74a1784361e4e",0.00716326676801363,0,0,0,0,0,0,0,0,0,0,0,0,0,0,0
"dac9df4edca47d4aefa5e8b6eb75543a",0.00159183705955858,0,0,0,0,0,0,0,0,0,0,0,0,0,0,0
"7ba3402ab86ac791941e0dc862234ee8",0.102142877988342,0,0,0,0,0,0,0,0,0,0,0,0,0,0,0
"ac2b4531feeeea309e70b76c5033f7e4",0.0960408359267012,0,0,0,0,0,0,0,0,0,0,0,0,0,0,0
"f9e991f7932771f75b908089e6a3c5f0",0.0352857214868819,0,0,0,0,0,0,0,0,0,0,0,0,0,0,0
"94c987167d228d5d7c91fde448e1cb6f",0.00477551117867575,0,0,0,0,0,0,0,0,0,0,0,0,0,0,0
"04869be25e3dc4d526ce3824d407aedf",0.246469438054987,3.54943499299313,3.50296024809698,2.93499466462593,4.56244290025193,3.08570429466192,3.65509323900835,2.39008687216122,1.42257737810375,2.19039944864324,3.08047654368116,2.53868720418661,1.13182220323988,1.2097540277637,1.55043114344297,1.30322009236414
"5613f4a6a9df36d05e0e24570423fed1",0,0,0,0,0,0,0,0,0,0,0,0.00155117220144298,0,0,0,0
"522fc29c9966a380a17ce86687cc600b",0.00530612353186195,0.00998434597185128,0,0.0118563868200093,0,0.00761414878046717,0,0,0.00378404247031196,0.00388644330845146,0.0099058461404649,0.0056229992302308,0,0.00348312898976593,0,0
"704d9e2c5c3cea3c4683fe56146b043e",0.0538571538483987,0,0,0,0,0,0,0,0,0,0,0,0,0,0,0
"e29f9ab1342fe7d53d4f1e2d03bb5969",0.0774694035651844,0.487806617481877,0.415844375528616,0.337368097696627,0.249162537028321,0.133106600902982,0.0930838685655776,0,0.0834715250804109,0.116852395474107,0.187244652655129,0.196417180007717,0.118978614356753,0.116209849022191,0.171333876358734,0
"17123c2e3b5a49f1a34d33c72878a37e",0.0222857188338202,0,0,0,0,0,0,0,0,0,0,0,0,0,0,0
"068318d9dda2d16e8aa77418261bd64b",0,0,0,0,0,0,0,0,0,0,0,0.0203591351439391,0,0.0102910629243084,0,0
"a5b2537343a26f4daf0379a8b46eb2ef",0.0856938950395704,0.890033126633599,0.905694953481816,0.721622815999655,0.537083690927715,0.309642050405665,0.27614881007788,0.211668210080698,0.200999432393629,0.244068639770752,0.504473335153432,0.503743172418607,0.237957228713506,0.234477910629243,0.280875207145465,0.316315556399064
"3e524f0bf09623c8530930bb8b27045c",0.00424489882548956,0.00463558920121666,0,0,0,0.0177663471544234,0,0,0.0035614517367642,0.00829107905802978,0.0461467466543609,0.0901618842088731,0.0488117392232832,0.0340396696727125,0.064601297643457,0.0632631112798127
"713956008008d889ae4a6327cb4f1061",0,0,0,0,0,0,0,0,0,0,0.0101474521438909,0.0255943413238091,0,0,0,0
"f0547f74dbcfeca9eef70572311914b5",0.171918402432327,0,0,0,0,0,0,0,0,0,0,0,0,0,0,0
"7ca0aa981440578673a435c612592e0b",0.00477551117867575,0.00320925406238077,0,0,0,0.00479409367659044,0,0,0,0,0,0,0,0,0,0
"d83c0d8fbc6ae1fe1c0dd12cbea1833a",0.00504081735526885,0,0,0,0,0,0,0,0,0,0,0,0,0,0,0
"346f4cf3bc35393efe4260b2f0b1966d",0.00212244941274478,0,0,0,0,0,0,0,0,0,0,0,0,0,0,0
"7170942055c32bb7a709c4a92e29a258",0.00344898029571026,0,0,0,0,0,0,0,0,0,0,0,0,0,0,0
"4a116f83e81e1519640492c5bf55a3bf",0.00132653088296549,0,0,0,0,0,0,0,0,0,0,0,0,0,0,0
"0b5f1332724e9f07873bad86a8fbc029",0.00504081735526885,0,0,0,0,0,0,0,0,0,0,0,0,0,0,0
"cea48cb9e85cce1a4c9d90bff8f6ded5",0.00132653088296549,0,0,0,0,0,0,0,0,0,0,0,0,0,0,0
"22fa460af93a84061844f0660d43797e",0.00636734823823433,0,0,0,0,0,0,0,0,0,0,0,0,0,0,0
"9c7db0d5022a938bf5ea950826d34437",0.00159183705955858,0,0,0,0,0,0,0,0,0,0,0,0,0,0,0
"9a38fac836b824fbd5c99165b543ca0a",0.000795918529779292,0,0,0,0,0,0,0,0,0,0,0,0,0,0,0
"d4967db74f90dc58ab34ae78957b3f4c",0.00185714323615168,0,0,0,0,0,0,0,0,0,0,0,0,0,0,0
"793ecb5ed65cd96425a35698e8ab9e78",0,0.651835158448005,0.895122638849732,0.330900977612986,0.534315218294067,0.243370755464562,0.45611095597133,0.255765753847511,0.132886667928014,0.0386053368639512,0.0147379662089844,0.0661187150865069,0.411849049696452,0.0544634714763401,0.0617925455720024,0.227747200607326
"a49becf5a5dbcb201f091757c62fc6bb",0,0.0599060758311077,0.468705948689033,0.435991678972159,0.0526009800393123,0.0197403857271371,0,0,0,0.00777288661690292,0.00434890806166752,0.0056229992302308,0.0183044022087312,0.0060163137095957,0,0.0442841778958689
"cefc5e0aafd4478065e1ffd5c5ad5f28",0.00106122470637239,0,0,0,0,0,0,0,0,0,0,0,0,0,0,0
"64726048843aad3c93d620cd9e0479ad",0.00106122470637239,0,0,0,0,0,0,0,0,0,0,0,0,0,0,0
"be817fedc78d38052d17146829adb06d",0.021755106480634,0,0,0,0,0,0,0,0,0,0,0,0,0,0,0
"8afde037c611bdd1b53997b0f6b4dd7a",0.0286530670720545,0,0,0,0,0,0,0,0,0,0,0,0,0,0,0
"92862fbe6ff344c8964156b2a0b424cc",0.00424489882548956,0,0,0,0,0,0,0,0,0,0,0,0,0,0,0
"8f9f1230951b3b3b3d3fb12aa4ed0e8e",0.000795918529779292,0,0,0,0,0,0,0,0,0,0,0,0,0,0,0
"b8299c90e4c775b18c1c5ff6d23ad616",0,0,0,0,0,0,0,0,0,0,0.00144963602055584,0.000969482625901861,0.0061014674029104,0.00712458202452123,0,0.00632631112798127
"26c822a9da99f48bc5eabddbeda2a1e8",0.00318367411911717,0,0,0,0,0,0,0,0,0,0,0,0,0,0,0
"e61e6021af25969dd347b921fc6389a4",0.000530612353186195,0,0,0,0,0,0,0,0,0,0.000724818010277919,0,0,0,0,0
"76ef356d895e6434580f18ab74a63e6c",0.430326618434004,0.00178291892354487,0,0,0,0.00197403857271371,0,0,0.00222590733547762,0.00259096220563431,0,0,0,0.000474972134968082,0,0
"54e2ac902f306ae27ca844f44be5b425",0,0,0,0,0,0,0,0,0,0,0.000966424013703893,0,0,0,0,0
"822e596ebee53d4dcd5ffe3e26ec43d4",0.00344898029571026,0,0,0,0,0,0,0,0,0,0,0,0,0,0,0
"44d199fe6af5278159ea5f9943993fd3",0.000795918529779292,0,0,0,0,0,0,0,0,0,0,0,0,0,0,0
"02541e05438ebd6cd913200972ef5e4b",0.0095510223573515,0.00320925406238077,0,0,0,0.00225604408310138,0,0,0,0,0.00193284802740779,0,0,0,0,0
"6e252cae9e8ff5755e0cfa5c52a78beb",0,0,0,0.00161678002091035,0,0,0,0,0,0,0,0,0,0,0,0
"608bdffdf9263f1b123d069d10e69f9a",0.00397959264889646,0,0,0,0,0,0,0,0,0,0,0,0,0,0,0
"46bd23bd0fd9dba10f345fa125cfcb81",0.0098163285339446,0,0,0,0,0,0,0,0,0,0,0,0,0,0,0
"c2baae149e8c7b36f47fe4bf2356f1f7",0.00716326676801363,0,0,0,0,0,0,0,0,0,0,0,0,0,0,0
"a012a92141e089dd0e178bc46889f8bd",0.00689796059142053,0,0,0,0,0,0,0,0,0,0,0,0,0,0,0
"f91fb95263a6d30aad8042fa60f3d62e",0.00185714323615168,0,0,0,0,0,0,0,0,0,0,0,0,0,0,0
"94fc0eb5f4d613c2766734c28a5f1a9f",0.000530612353186195,0,0,0,0,0,0,0,0,0,0,0,0,0,0,0
"36f3b6d6951a802a6906a07bed8168bb",0.00610204206164124,0,0,0,0,0,0,0,0,0,0,0,0,0,0,0
"6a639263c07c310881a6085392276536",0.010877553240317,0,0,0,0,0,0,0,0,0,0,0,0,0,0,0
"1f42391a983ba3af940e541d110a8432",0.00344898029571026,0,0,0,0,0,0,0,0,0,0,0,0,0,0,0
"2c76f558846fa9aa57c59ddacefeacb2",0.0196326570678892,0,0,0,0,0,0,0,0,0,0,0,0,0,0,0
"df24931eef177828ec0d0b347ec6cf02",0.00451020500208265,0,0,0,0,0,0,0,0,0,0,0,0,0,0,0
"eca00dcc9a01255b6cb66fbd5b3bd285",0.141408192124121,0,0,0,0,0,0,0,0,0,0,0,0,0,0,0
"9b07d0a34ae911d20d9f7d8d4f7ee676",0.000530612353186195,0,0,0,0,0,0,0,0,0,0,0,0,0,0,0
"b2fb53987643b4f865fb0a5912ee1071",0.00106122470637239,0,0,0,0,0,0,0,0,0,0,0,0,0,0,0
"bfc04a7e7b744ab56306075ef236d753",0.000530612353186195,0,0,0,0,0,0,0,0,0,0,0,0,0,0,0
"ad7b37d7259f65ae5d2d898c539a6297",0.0143265335360273,0,0,0,0,0,0,0,0,0,0,0,0,0,0,0
"bf5493457f0a16552a432f4bbf9330f3",0.000530612353186195,0,0,0,0,0,0,0,0,0,0,0,0,0,0,0
"72c6706063e2325bd12c28ea8b23e872",0.0114081655935032,0,0,0,0,0,0,0,0,0,0,0,0,0,0,0
"03a6a6d84a7be4b11b6467c91ca79d57",0,0.00855801083301538,0,0.0123953134936461,0.0166108358018881,0,0,0,0,0,0,0.00155117220144298,0,0,0,0
"00b31ea747aed535c930a3fb84d039e0",0,0,0.0105723146320835,0,0,0,0,0,0,0,0,0,0,0,0,0
"9f4c3d76158212d20d1239263d545546",0.000795918529779292,0,0,0,0,0,0,0,0,0,0,0,0,0,0,0
"e18b23c45176c0057fba189b47d25506",0.00212244941274478,0,0,0,0,0,0,0,0,0,0,0,0,0,0,0
"0092fa9cfbb787e7d34b4a3417ab24e3",0.00212244941274478,0,0,0,0,0,0,0,0,0,0,0,0,0,0,0
"d232fae99923ef2ca92f6afbc004f379",0.00106122470637239,0,0,0,0,0,0,0,0,0,0,0,0,0,0,0
"3f621680f877f8755d3bf38982001f7b",0.0525306229654333,0,0,0,0,0,0,0,0,0,0,0,0,0,0,0
"5009ec83dc7d2e70acc5d0426d8abceb",0.0220204126572271,0,0,0,0,0,0,0,0,0,0,0,0,0,0,0
"40435e518fea30a9f66dd28ace97dcd0",0.000795918529779292,0,0,0,0,0,0,0,0,0,0,0,0,0,0,0
"c5aceb1c0837567d8fd6258bde60c07e",0.00238775558933788,0,0,0,0,0,0,0,0,0,0,0,0,0,0,0
"a5687ae218d670b18de3577539a459e3",0.00265306176593097,0,0,0,0,0,0,0,0,0,0,0,0,0,0,0
"2481a293c5dffa73e03136fa6efdff28",0.00106122470637239,0,0,0,0,0,0,0,0,0,0,0,0,0,0,0
"07ab589574a5adeae211c91efb58a71f",0.0161836767721789,0,0,0,0,0,0,0,0,0,0,0,0,0,0,0
"991143d1b16b7f958f686b23f0d983e9",0.000795918529779292,0,0,0,0,0,0,0,0,0,0,0,0,0,0,0
"3e2d1a7be6fbbcbc12428a01c86b7b8b",0.00212244941274478,0,0,0,0,0,0,0,0,0,0,0,0,0,0,0
"a42640f848385634aa76ce36a39e3707",0.00106122470637239,0,0,0,0,0,0,0,0,0,0,0,0,0,0,0
"2eedd8aa9855d2e9d4361aa9321ad4e2",0.000530612353186195,0,0,0,0,0,0,0,0,0,0,0,0,0,0,0
"713e9dcfb8f87d843735061fd6bfe1e1",0.0413877635485232,0,0,0,0,0,0,0,0,0,0,0,0,0,0,0
"0f6ba75546154e59b7668ab1ac86514b",0.00106122470637239,0,0,0,0,0,0,0,0,0,0,0,0,0,0,0
"8658443ac48e043652445ada8a1b38e9",0.00848979765097911,0,0,0,0,0,0,0,0,0,0,0,0,0,0,0
"ecd12a77d93a65ff85078c4d7ebb17e0",0.00689796059142053,0,0,0,0,0,0,0,0,0,0,0,0,0,0,0
"60c0c1f05c6aa0881583afbe565c5323",0.00424489882548956,0,0,0,0,0,0,0,0,0,0,0,0,0,0,0
"f8d30c1e3d25ad222894f3a1a7a3eb2a",0.00875510382757221,0,0,0,0,0,0,0,0,0,0,0,0,0,0,0
"6868203f42c3571c5d284d6fd8077b84",0.235326578638077,0,0,0,0,0,0,0,0,0,0,0,0,0,0,0
"66575db7635d648549a9eb5a4eafb710",0.0198979632444823,0.0730996758653397,0.0986749365661122,0.0900007544973431,0.119044323246865,0.0910877798552184,0.0775698904713147,0.0440975437668122,0.0162491235489867,0.0155457732338058,0.089877433274462,0.19796835220916,0.115927880655298,0.19078047421218,0.132011347358369,0.151831467071551
"21fcd2fcaa0378a40f3a9db0b3bd948c",0,0,0,0,0,0,0,0,0,0,0,0.000581689575541117,0,0,0,0
"0a23a3ed1cbe71a195745b3c5ea25d68",0.00265306176593097,0,0,0,0,0,0,0,0,0,0,0,0,0,0,0
"3e5c0929aa7ec948ea82be82637549b1",0.0124693902998756,0,0,0,0,0,0,0,0,0,0,0,0,0,0,0
"9e4993b7e2e6e5d4b584c46aaac0bde5",0.00769387912119982,0,0,0,0,0,0,0,0,0,0,0,0,0,0,0
"bd0dd34948cdbece22dc78b4556aa529",0.000795918529779292,0,0,0,0,0,0,0,0,0,0,0,0,0,0,0
"592e037654532013ab7258e4ae16b0b5",0.0379387832528129,0,0,0,0,0,0,0,0,0,0,0,0,0,0,0
"ff0fc9ae659d05bff51228eb12dc2291",0.00212244941274478,0,0,0,0,0,0,0,0,0,0,0,0,0,0,0
"495f0278f21e9c70f64f973cab973d03",0.00636734823823433,0,0,0,0,0,0,0,0,0,0,0,0,0,0,0
"cd969c22db8f82239769a164e1e5ea93",0.00397959264889646,0,0,0,0,0,0,0,0,0,0,0,0,0,0,0
"4876b86f5480b63093b5ed493010d622",0.00689796059142053,0,0,0,0,0,0,0,0,0,0,0,0,0,0,0
"549656e5dca3b5e4918c59545d94e8b0",0.00132653088296549,0,0,0,0,0,0,0,0,0,0,0,0,0,0,0
"5b1e1cf5993a1b5ab7467ae5ebe4d8a4",0.00902041000416531,0,0,0,0,0,0,0,0,0,0,0,0,0,0,0
"e1c573f885ed4c9191a32116f583d78a",0,0.0895025299619525,0.0810544121793065,0.102934994664626,0.168876830652529,0.161589157452137,0.0651587079959043,0.0705560700268995,0.03183047489733,0.0458600310397272,0.0326168104625064,0.00736806795685415,0,0.00379977707974466,0,0
"93d4e77c702d14bae2ff583e94565370",0.00795918529779292,0,0,0,0,0,0,0,0,0,0,0,0,0,0,0
"0e9cc4c909306f5a9562d84888902e09",0.0429796006080818,0.027100367637882,0.0634338877925007,0.0328745270918439,0.0193793084355361,0.0126902479674453,0,0,0.0100165830096493,0.00958656016084693,0,0,0,0.0125075995541595,0.0365137769289105,0
"a84e1039f9b157a2085d23b4114bc888",0,0.0203252757284115,0,0.0161678002091035,0,0.0135362644986083,0.0403363430450836,0,0,0,0.0111138761575948,0.00891924015829712,0,0.0139325159590637,0,0.0189789333839438
"40da09c73f84b20e7a882a02f485f1f3",0.0198979632444823,0,0,0,0,0,0,0,0,0,0,0,0,0,0,0
"e0987c7b47c2fb3b4638ebd7a04f69a0",0.0225510250104133,0,0,0,0,0,0,0,0,0,0,0,0,0,0,0
"2c4fdd0845cdde26dc7d98f576bb10e7",0.0774694035651844,0,0,0,0,0,0,0,0,0,0,0,0,0,0,0
"caa8c5625990aa1feeb77274cbfd7ffa",0.00557142970845504,0,0,0,0,0,0,0,0,0,0,0,0,0,0,0
"81f8883a0b290b6dc7652309040b6ad2",0.000795918529779292,0,0,0,0,0,0,0,0,0,0,0,0,0,0,0
"ab8d396cc48256dc50ec98bcc4419d8b",0,0,0,0,0,0.000846016531163019,0,0,0,0,0.000724818010277919,0,0,0.000633296179957442,0,0
"f9592d197b4e8b201673245f0501b6b3",0.00106122470637239,0,0,0,0,0,0,0,0,0,0,0,0,0,0,0
"9a326ae5ed3864dcaaf79bc7b1c0a8e7",0.00185714323615168,0,0,0,0,0,0,0,0,0,0,0,0,0,0,0
"ac88022abe88b69c50f8c064630c5ff2",0.00583673588504814,0,0,0,0,0,0,0,0,0,0,0,0,0,0,0
"b5b93f7fc3d0a88dff0ced83eb0bb5ab",0,0,0,0,0,0,0,0,0,0,0.00314087804453765,0.00736806795685415,0.015253668507276,0.0186822373087446,0,0.00948946669197191
"5c92a1870d7469268123d143f0a95910",0.00212244941274478,0,0,0,0,0,0,0,0,0,0,0,0,0,0,0
"96a0d03e75930560abfccfea17f4410f",0.00663265441482743,0,0,0,0,0,0,0,0,0,0,0,0,0,0,0
"de1e619dc7f15e1df4639581d8f08666",0.00424489882548956,0,0,0,0,0,0,0,0,0,0,0,0,0,0,0
"c07ac7ffa60c0baeb47cea4cefaeeae4",0.00371428647230336,0,0,0,0,0,0,0,0,0,0,0,0,0,0,0
"5695cd2c25b48c99a4e5f409fc3f94ea",0.00265306176593097,0,0,0,0,0,0,0,0,0,0,0,0,0,0,0
"34b33ab6ae99c108b6016cac0502ea5c",0.00530612353186195,0,0,0,0,0,0,0,0,0,0,0,0,0,0,0
"ee14afe4571845779465f8dc9646c7b4",0,0,0,0,0,0,0,0,0.0701160810675452,0.0658104400231114,0.0567774108051037,0.0316051336044007,0,0.0218487182085318,0,0
"0112df9b91ee10ca73426db0de32571b",0,0,0,0,0,0,0,0,0,0,0,0,0.015253668507276,0,0.0168525124287279,0.0126526222559625
"4354b8538135682d47de4011b1864467",0,0,0,0,0,0,0.0124111824754103,0,0,0,0,0,0,0,0,0
"5631fe818e588992529f6071afc9cda5",0,0.137284757112955,0.193825768254863,0.0873061211291592,0.0913595969103845,0.0324306336945824,0,0.0308682806367685,0.0120198996115792,0.00829107905802978,0,0,0,0,0,0
"8c740d5ca21893b47c7619df1247c75d",0,0.01390676760365,0,0.00754497343091499,0,0.0109982149051192,0,0.0308682806367685,0.0133554440128657,0.0414553952901489,0.0553277747845478,0.0350952710576474,0,0.0197905056236701,0,0.0221420889479345
"7f9277d9d86c8f5634f47ff9ab0ce79d",0.00557142970845504,0,0,0,0,0,0,0,0,0,0,0,0,0,0,0
"95efcfc5bf54e543b76173209e6ecfd9",0.0748163417992534,0,0,0,0,0,0,0,0,0,0,0,0,0,0,0
"5ccde7f0ad35d7a47123478dd67b2774",0.0228163311870064,0.0128370162495231,0.0422892585283338,0.022634920292745,0.0193793084355361,0.00789615429085484,0,0,0.00267108880257315,0,0,0,0,0,0,0
"cead0ca51f97bc24bf11b1d1d12aee6e",0,0.0256740324990461,0,0.0183235069036507,0,0.00874217082201786,0,0,0.0307175212295912,0.055964783641701,0.0299591444248207,0.0164812046403316,0,0.0201071537136488,0,0.0253052445119251
"f1ebac6585a1d66aeb6238227f0db6be",0,0.0174726054507397,0,0,0,0.0126902479674453,0,0.0264585262600873,0.0146909884141523,0.0404190104078952,0.018362056260374,0.0137666532878064,0.0366088044174624,0.009657766744351,0.0196612645001826,0
"920fe236cb3d2ec76bfac976e7f3878f",0.00636734823823433,0,0,0,0,0,0,0,0,0,0,0,0,0,0,0
"53b91ed8941d63dc6bdcf622f25e3b10",0.0880816506289083,0,0,0,0,0,0,0,0,0,0,0,0,0,0,0
"fdbf76a389e7e1045f64dcd50696b8e7",0.038204089429406,0,0,0,0,0,0,0,0,0,0,0,0,0,0,0
"ba7f833e7c235bf589dd87a343592b6d",0.00291836794252407,0,0,0,0,0,0,0,0,0,0,0,0,0,0,0
"ed8d4ddbcd038b4a641db9544d629437",0,0,0,0,0,0,0,0.0132292631300437,0,0,0,0,0,0,0,0
"fc9125c17dc8e3db85b070f0c8457f7b",0.00424489882548956,0,0,0,0,0,0,0,0,0,0,0,0,0,0,0
"6322c84c5ee6585bf9973a931d8f279d",0,0.109827805690364,0.070482097547223,0.0711383209200556,0.0692118158412004,0.0473769257451291,0.0217195693319681,0,0.0117973088780314,0.00518192441126861,0.0297175384213947,0.0649553359354247,0.0213551359101864,0.0348312898976593,0.0308962727860012,0.0600999557158221
"646c600381d6a1b866b50959f3dba7b2",0,0,0,0,0,0.000564011020775346,0,0,0,0,0,0,0,0,0,0
"01fa3a0ebc9793d48821043d2713ecfc",0.00159183705955858,0,0,0,0,0,0,0,0,0,0,0,0,0,0,0
"71759382cfc2547ea9f6f84a1c2bff86",0.00663265441482743,0,0,0,0,0,0,0,0,0,0,0,0,0,0,0
"5ab9c9baf340ca93a35be10b4a5b294a",0,0.0213950270825384,0.0176205243868058,0.0129342401672828,0,0.0031020606142644,0,0,0,0,0.000966424013703893,0,0,0,0,0
"92c7d2d035c344ba43e756fcc909c99f",0.00344898029571026,0,0,0,0,0,0,0,0,0,0,0,0,0,0,0
"9ead680e3df2fcf7052a3c97ed063613",0.00557142970845504,0,0,0,0,0,0,0,0,0,0,0,0,0,0,0
"9fdc098a302d378b900fa3b00dea82a9",0.00610204206164124,0,0,0,0,0,0,0,0,0,0,0,0,0,0,0
"bfe46a9864ec737a588e92892776a12d",0.00238775558933788,0,0,0,0,0,0,0,0,0,0,0,0,0,0,0
"5d5a00cbe740978e207ba76ea09857ce",0.00689796059142053,0,0,0,0,0,0,0,0,0,0,0,0,0,0,0
"ae2245c2d637b8badfb1037f95ffd4f7",0.140346967417748,0,0,0,0,0,0,0,0,0,0,0,0,0,0,0
"88b268e25d1296042ab52fa61b7a42ac",0.00371428647230336,0,0,0,0,0,0,0,0,0,0,0,0,0,0,0
"9cf1aa88a0fc0c5655a20cd94313b748",0.0137959211828411,0,0,0,0,0,0,0,0,0,0,0,0,0,0,0
"05771e0f1c5425fc486934e2beb87956",0.276979648363194,0,0,0,0,0,0,0,0,0,0,0,0,0,0,0
"2c90f641e92fddc8307a57cb745be2a3",0.000530612353186195,0,0,0,0,0,0,0,0,0,0,0,0,0,0,0
"2f88d593c9c62fbd5d072f9ee6518ab4",0.00132653088296549,0,0,0,0,0,0,0,0,0,0,0,0,0,0,0
"058f50a8bccf06f41d115822bdfe37fb",0.251775561586849,0,0,0,0,0,0,0,0,0,0,0,0,0,0,0
"9fd90ca5d6775c90e4e6e46e09b38313",0.0596938897334469,0,0,0,0,0,0,0,0,0,0,0,0,0,0,0
"8946374359e59f853f5f468afcf145eb",0.00371428647230336,0,0,0,0,0,0,0,0,0,0,0,0,0,0,0
"234b81fb7fa91bcfef74c8511c07a219",0.0260000053061235,0,0,0,0,0,0,0,0,0,0,0,0,0,0,0
"9ccaa8cf8d7eeb8aafaae75175346f12",0.0209591879508547,0,0,0,0,0,0,0,0,0,0,0,0,0,0,0
"da066c0fbe0dcc118b4086184c3a4833",0,0,0,0.00538926673636785,0,0,0,0,0,0,0,0,0,0,0,0
"e8e82cf023a3abd684fe7e817acc9bf0",0,0,0,0,0.0138423631682401,0.00112802204155069,0,0,0.000667772200643287,0,0,0,0,0,0,0
"c54b395391b209a66c6f285b4c84bb60",0,0,0,0,0,0,0,0,0,0,0.00120803001712987,0,0,0,0,0
"99d2491ca9702e5053cb6e62d0349555",0.0103469408871308,0,0,0,0,0,0,0,0,0,0,0,0,0,0,0
"f8cdd28c7e5f4328a9275dc52a6f0920",0.00212244941274478,0,0,0,0,0,0,0,0,0,0,0,0,0,0,0
"f160f53c13a357273642507af54b4941",0.00159183705955858,0,0,0,0,0,0,0,0,0,0,0,0,0,0,0
"8610085898359abd9388c49fcfbbcb2a",0.0122040841232825,0,0,0,0,0,0,0,0,0,0,0,0,0,0,0
"76a43b01e1b397fed9d963f273f17a59",0.0302449041316131,0,0,0,0,0,0,0,0,0,0,0,0,0,0,0
"9c96f5d8a39fc651dd1265522f6dab70",0.00238775558933788,0,0,0,0,0,0,0,0,0,0,0,0,0,0,0
"0d0ce1c9fb76a8c707691b0f3a9f7a71",0.00451020500208265,0,0,0,0,0,0,0,0,0,0,0,0,0,0,0
"d7525471cb3f78ede0955ca2a32c1b66",0.00742857294460672,0,0,0,0,0,0,0,0,0,0,0,0,0,0,0
"02e5aa8b2279bb6d9eef1591c1bd5c44",0,0,0,0,0,0,0,0,0,0,0,0,0,0.00379977707974466,0,0
"8d82d4342e7bd230b09dd20b8e775257",0,0,0,0,0,0,0,0,0,0,0,0,0,0.00316648089978721,0,0
"477487d12077a9fbaf195faaf466d827",0.196857183032078,0,0,0,0,0,0,0,0,0,0,0,0,0,0,0
"6d866900ddd4436c1634c5209005c604",0.0941836926905495,0,0,0,0,0,0,0,0,0,0,0,0,0,0,0
"b24d3443426aac9dca3451d65ba14d55",0.198183713915044,0,0,0,0,0,0,0,0,0,0,0,0,0,0,0
"d5cecae93845498f6d38b6b144a7e330",0.0130000026530618,0,0,0,0,0,0,0,0,0,0,0,0,0,0,0
"28f1a500a5a6ebd1cede9322b50bcaad",0,0.0082014270483064,0,0.00808390010455177,0.00830541790094405,0.00535810469736579,0,0.0176390175067249,0.00267108880257315,0.00466373197014175,0.00289927204111168,0.00290844787770558,0,0,0,0
"e49e2d1740b2969d15197f16c4681997",0.0275918423656821,0,0,0,0,0,0,0,0,0,0,0,0,0,0,0
"a82691ab5fd4e8d3d3b23b7958c8e764",0,0.140137427390627,0.162108824358613,0.0980846546018949,0.105201960078625,0.0530170359528825,0.0341307518073784,0,0.0380630154366674,0.0608876118324062,0.0333416284727843,0.0124093776115438,0,0.00807452629445739,0,0
"89d1d4064aa11fd1f3efb8e1345c813f",0,0.00855801083301538,0,0,0,0.00676813224930415,0,0.0220487718834061,0,0.00440463574957832,0.00459051406509349,0.00426572355396819,0,0.00205821258486169,0,0
"da28c80a7a1b2838789eb2ad598db9a0",0.201898000387347,0,0,0,0,0,0,0,0,0,0,0,0,0,0,0
"b5db33c8e764e787ba1a51f46cfa1db8",0.0206938817742616,0,0,0,0,0,0,0,0,0,0,0,0,0,0,0
"916d15ab17794198ea4c5ad1e3fb6258",0,0,0,0,0,0,0,0,0,0,0,0,0,0.199963268821562,0.224700165716372,0.132852533687607
"e6bdf194852a3017f2294a9236f98dfc",0,0,0,0.00107785334727357,0,0,0,0,0,0,0,0,0,0,0,0
"3c8c974e9e9f2247fedc8b66253b5774",0.00557142970845504,0,0,0,0,0,0,0,0,0,0,0,0,0,0,0
"8f9fe5d435f9b6b90c0bf2e7055bdb82",0.00583673588504814,0,0,0,0,0,0,0,0,0,0,0,0,0,0,0
"6f14a88c7074fb3b48a9f8be3f7852c8",0,0.00392242163179872,0,0.00161678002091035,0,0.00394807714542742,0,0,0,0,0.00169124202398181,0,0,0.00316648089978721,0,0
"a82d89679bc6017e06e5a11b255c5bf6",0,0,0,0,0,0,0,0,0,0,0,0.00232675830216447,0,0,0,0
"954395a75bf6cfc5ecda85aea2a4570b",0.000795918529779292,0,0,0,0,0,0,0,0,0,0,0,0,0,0,0
"d27b2ff4d26d2899600e9921c2e925f6",0,0,0,0,0,0,0,0,0,0,0,0,0,0.000791620224946803,0,0
"10ba1c6a051a49b25b443bebd244b71c",0,0.0149765189577769,0.105723146320835,0,0.0249162537028321,0.0414548100269879,0.164448167799187,0,0.0369500617689286,0.0352370859966266,0.0152211782158363,0.0213286177698409,0.0732176088349248,0.0207404498936062,0.0421312810718198,0
"37d606d03d54c46da31b937d8f5b6b61",0,0,0,0,0,0.0149462920505467,0,0,0.00801326640771945,0,0,0,0,0.0106077110142872,0,0
"e27928b6f9a580b0d7f95feeb01ba523",0,0,0,0.0194013602509243,0,0.0346866777776838,0,0.0705560700268995,0.0207009382199419,0.0256505258357796,0.00966424013703892,0.00872534363311675,0.061014674029104,0.0205821258486169,0,0.0664262668438034
"ba17ca70d77eba42e5aef9d3fcc1adf3",0,0.00392242163179872,0,0,0,0.0169203306232604,0,0,0.00823585714126721,0.00803198283746635,0.00483212006851946,0.00426572355396819,0,0.00712458202452123,0,0
"db5aaacffe4ca31116f5b0e292074588",0,0.0171160216660308,0.0246687341415281,0.177845802300139,0.0664433432075524,0.0406087934958249,0.0620559123770517,0.0264585262600873,0.0200331660192986,0.0494873781276153,0.0248854183528752,0.0176445837914139,0.0244058696116416,0.0525635829364677,0.0337050248574558,0.0474473334598596
"eb8d145285d4d18dd0c43c75115adbf9",0,0,0,0.0468866206064003,0,0.0132542589882206,0,0,0.00578735907224182,0.0108820412636641,0.00386569605481557,0,0,0.00490804539467018,0,0
"55b1e088790638cb0f33b74d1d5bf921",0.000795918529779292,0,0,0,0,0,0,0,0,0,0,0,0,0,0,0
"daac17ca54538cbc9aada8497262da96",0,0,0,0,0,0,0,0,0.0017807258683821,0.0147684845721155,0.0282679024008389,0.03645254673391,0.0274566033130968,0.0728290606951059,0.0758363059292756,0.110710444739672
"2adce772c19bf78aca62501a10d63509",0,0,0,0,0,0,0,0,0,0,0,0,0,0.011399331239234,0,0
"0a080f68f8c16188fe250be4dbeecae5",0,0,0,0,0,0,0,0,0,0,0,0,0,0,0,0.0253052445119251
"4d14fe12857973bd0d0470a41c6e1a5a",0.00238775558933788,0,0,0,0,0,0,0,0,0,0,0,0,0,0,0
"115fd3d829ca9fb45630f07981cbcb73",0.00238775558933788,0,0,0,0,0,0,0,0,0,0,0,0,0,0,0
"3cce19ea306b1aafd7cd22fdc1bcefd6",0,0,0,0,0,0,0,0,0,0.000518192441126861,0,0,0,0,0.0112350082858186,0.0126526222559625
"c4587a7b24a6c49f9de0882e32f519f5",0,0,0,0,0,0,0,0,0.00578735907224182,0,0.00386569605481557,0.0034901374532467,0,0.00870782247441483,0,0
"0b9c934012caa8a6606599ddcb49c15b",0.0814489962140809,0,0,0,0,0,0,0,0,0,0,0,0,0,0,0
"d9d30d32406d0d1f7d847cdbbdda6137",0.013530615006248,0,0,0,0,0,0,0,0,0,0,0,0,0,0,0
"2754a62a78999a65def9a46a8c805a18",0.00557142970845504,0,0,0,0,0,0,0,0,0,0,0,0,0,0,0
"4bcf2ed3c27ef7222d2bf177640edef4",0.172714320962106,0,0,0,0,0,0,0,0,0,0,0,0,0,0,0
"3c30ef12ea30ff246e454f2cc7ee36a9",0.00530612353186195,0,0,0,0,0,0,0,0,0,0,0,0,0,0,0
"350764427a7e15d2e95ee77951ea5c6c",0.0114081655935032,0,0,0,0,0,0,0,0,0,0,0,0,0,0,0
"78655baa8fe07fac3df14b89c91be2bb",0.0665918503248674,0,0,0,0,0,0,0,0,0,0,0,0,0,0,0
"9d93bbfc68509916e75cf218443f9b1b",0.0167142891253651,0,0,0,0,0,0,0,0,0,0,0,0,0,0,0
"c62f274f92e56d9b16a9a143e797b5b3",0.00689796059142053,0,0,0,0,0,0,0,0,0,0,0,0,0,0,0
"90c4f2d984977adea41de3f42bd18ea1",0.0095510223573515,0,0,0,0,0,0,0,0,0,0,0,0,0,0,0
"eae2b2f16935541e065a7e45ce95ff17",0.00212244941274478,0,0,0,0,0,0,0,0,0,0,0,0,0,0,0
"5629f0846c3c982970fcbd37fe2bdb8b",0.000795918529779292,0,0,0,0,0,0,0,0,0,0,0,0,0,0,0
"c18be20cca10d6ead4ed3561cf3dfca0",0.000795918529779292,0,0,0,0,0,0,0,0,0,0,0,0,0,0,0
"5167aa3de8ad6f82b0415c6cefdcd752",0.000530612353186195,0,0,0,0,0,0,0,0,0,0,0,0,0,0,0
"503e3f397b970f03e626474b548327b4",0.0148571458892134,0,0,0,0,0.00112802204155069,0,0,0,0,0,0,0,0,0,0
"170083f87321cde2efee1b7332711ec9",0.00132653088296549,0,0,0,0,0,0,0,0,0,0,0,0,0,0,0
"551f70cf3f951806a9b28706825acfeb",0.0193673508912961,0,0,0,0,0,0,0,0,0,0,0,0,0,0,0
"67bf6c3e83fa94009baa7f3b5929da23",0.00397959264889646,0,0,0,0,0,0,0,0,0,0,0,0,0,0,0
"ef29434876e20a83290e58de1f4e09c2",0.0122040841232825,0,0,0,0,0,0,0,0,0,0,0,0,0,0,0
"5022c2e85eb7347a496e69b612b21ce1",0.00397959264889646,0,0,0,0,0,0,0,0,0,0,0,0,0,0,0
"18c8a1caa02afa9f20b6974f6da7568c",0.0711020553269501,0,0,0,0,0,0,0,0,0,0,0,0,0,0,0
"4a6f9dd6166c1d7f2c4af6440718c03b",0.0153877582423996,0,0,0,0,0,0,0,0,0,0,0,0,0,0,0
"c12f7e2e3fb92f37dd8a532d2710933e",0.00822449147438602,0,0,0,0,0,0,0,0,0,0,0,0,0,0,0
"00cb63b6f629510ea7cf65e0530b4027",0.0098163285339446,0,0,0,0,0,0,0,0,0,0,0,0,0,0,0
"05db5feb6a21f195981e6dce06cb45f2",0.00291836794252407,0,0,0,0,0,0,0,0,0,0,0,0,0,0,0
"8f045ab17524b4bd0dd7fe6c3fe26531",0,0,0,0,0,0,0,0,0,0,0,0.000387793050360744,0,0,0,0
"3f9749b4bbd55e95797da2d7e27eb072",0.0143265335360273,0,0,0,0,0,0,0,0,0,0,0,0,0.00854949842942547,0,0
"ed2edabe2a0c276357f7f1f210bdeda7",0.0167142891253651,0,0,0,0,0,0,0,0,0,0,0,0.015253668507276,0.00712458202452123,0,0
"894d5f2608f2a0e9e3bf2499f1cc6130",0.695367488850508,0.01390676760365,0.0140964195094446,0.00916175345182534,0,0.00817815980124252,0,0,0.00600994980578958,0.00751379039633949,0.0123219061747246,0.0160934115899709,0,0.0283400040530956,0.0561750414290931,0.0854052002277472
"1c259c84edfd90c28f17c1875a7c9747",0.000795918529779292,0,0,0,0,0,0,0,0,0,0,0,0,0,0,0
"1e37d3623e8679bea135824898326438",0.00424489882548956,0,0,0,0,0,0,0,0,0,0,0,0,0,0,0
"f89c5ae84b1033d896333c5ae7acb309",0.00159183705955858,0,0,0,0,0,0,0,0,0,0,0,0,0,0,0
"08d10673b70f3d8b078a149a25d94b19",0.00663265441482743,0,0,0,0,0,0,0,0,0,0,0,0,0,0,0
"deb262fd92af4fdcd3b6240303048b2a",0.00371428647230336,0.0977039570102589,0.0563856780377784,0.0420362805436692,0.0442955621383683,0.059503162691799,0.0434391386639362,0.0220487718834061,0.062770586860469,0.0158048694543693,0.0195700862775038,0.023461479546825,0.0213551359101864,0.036889502482521,0,0
"a5ed688dfc70ccd795b56425b56b2865",0.000795918529779292,0,0,0,0,0,0,0,0,0,0,0,0,0,0,0
"8ed2c27daaea55b50ad23f3ffa313d87",0.00291836794252407,0,0,0,0,0,0,0,0,0,0,0,0,0,0,0
"e7891537521872e90b0e0f41517de633",0.00689796059142053,0,0,0,0,0,0,0,0,0,0,0,0,0,0,0
"50d25efdb17b59f3ba7b1ad0c5db8989",0.00159183705955858,0,0,0,0,0,0,0,0,0,0,0,0,0,0,0
"a4f5e4b88460bc4713747b9e266d3144",0.0106122470637239,0,0,0,0,0,0,0,0,0,0,0,0,0,0,0
"4eb5a964054cfd611f6281b13f89c0d3",0.00822449147438602,0,0,0,0,0,0,0,0,0,0,0,0,0,0,0
"7ee5506b56675190c1b39ceb2fef6b12",0.00318367411911717,0,0,0,0,0,0,0,0,0,0,0,0,0,0,0
"4a861d22b54efb0cebe9bfc1f9e23cc0",0.00132653088296549,0,0,0,0,0,0,0,0,0,0,0,0,0,0,0
"c992cbee5926e44bc397f0234e0c255c",0.000795918529779292,0,0,0,0,0,0,0,0,0,0,0,0,0,0,0
"fc05fae4c5692849b84f3411043e8344",0.0095510223573515,0,0,0,0,0,0,0,0,0,0,0,0,0,0,0
"c883771c490f92035a893a246adf9767",0.00132653088296549,0,0,0,0,0,0,0,0,0,0,0,0,0,0,0
"873b71b30dcfcdbdf2e7080dd9db241f",0.0551836847313642,0,0,0,0,0,0,0,0,0,0,0,0,0,0,0
"9fb275ed81ecc69dd2c2cf775d20f252",0.00106122470637239,0,0,0,0,0,0,0,0,0,0,0,0,0,0,0
"fd7c9ad162f78a62dda5099c417becc6",0.0472244994335713,0,0,0,0,0,0,0,0,0,0,0,0,0,0,0
"c8e5908cbbf128920eb03bfbe95f95a9",0.0180408200083306,0,0,0,0,0,0,0,0,0,0,0,0,0,0,0
"26bcb031ea5e9e32c511c17dd4ce8c44",0.00132653088296549,0,0,0,0,0,0,0,0,0,0,0,0,0,0,0
"ab07f8f9d60701b64f9d82751d8be248",0.000530612353186195,0,0,0,0,0,0,0,0,0,0,0,0,0,0,0
"8b2843ccdbc3d39c6d758b7f91388341",0.0095510223573515,0.00356583784708974,0,0.00538926673636785,0.00553694526729603,0.00507609918697811,0,0,0.000667772200643287,0.00466373197014175,0.00724818010277919,0.0056229992302308,0,0.00934111865437228,0.0280875207145465,0.0126526222559625
"e8895eca419d323d988e5bdcf681d140",0.00159183705955858,0,0,0,0,0,0,0,0,0,0,0,0,0,0,0
"83fe43c957bc1d62cad075e35f2b3e77",0.000530612353186195,0,0,0,0,0,0,0,0,0,0,0,0,0,0,0
"2af9958fd7f71a6e23c081bc5ea32141",0.00822449147438602,0,0,0,0,0,0,0,0,0,0,0,0,0,0,0
"516a6da55fdb8df7ed2cdc84291dbca2",0.000530612353186195,0,0,0,0,0,0,0,0,0,0,0,0,0,0,0
"520d89ef4ce2ba808eed3e2d9a310649",0.00185714323615168,0,0,0,0,0,0,0,0,0,0,0,0,0,0,0
"57df148d69af94192dae9ab2a045e1c2",0.00159183705955858,0,0,0,0,0,0,0,0,0,0,0,0,0,0,0
"1209cd9553a668c3c0e9ea29050fd3a1",0.00557142970845504,0,0,0,0,0,0,0,0,0,0,0,0,0,0,0
"955d34a1529b6fbcf425ced56e3b7fc1",0.0302449041316131,0,0,0,0,0,0,0,0,0,0,0,0,0,0,0
"ccd8c51003c6724304379157cbbb67a3",0.00291836794252407,0,0,0,0,0,0,0,0,0,0,0,0,0,0,0
"8a86fb52c58e6597a806872e474d6ac1",0.010877553240317,0,0,0,0,0,0,0,0,0,0,0,0,0,0,0
"090b23760e2b4c99732ad0ce04fa8ac2",0.00424489882548956,0,0,0,0,0,0,0,0,0,0,0,0,0,0,0
"e9610e4b261eb260ad4e507e8c1d634e",0.0156530644189927,0,0,0,0,0,0,0,0,0,0,0,0,0,0,0
"057bcefe7d185d0daf7b610144b1fa59",0.0405918450187439,0,0,0,0,0,0,0,0,0,0,0,0,0,0,0
"feb42a0dac8ff0d17d64cdea8f2fcf1e",0.0100816347105377,0,0,0,0,0,0,0,0,0,0,0,0,0,0,0
"fcd440ee90ed7a838d67a52025c2c7d6",0.00663265441482743,0,0,0,0,0,0,0,0,0,0,0,0,0,0,0
"6175323e639f0195d56844920014159a",0.00185714323615168,0,0,0,0,0,0,0,0,0,0,0,0,0,0,0
"723bd8389de26603c3e8283a20c163c7",0.0307755164847993,0,0,0,0,0,0,0,0,0,0,0,0,0,0,0
"62cb0689453660fcfba1346b1152bc84",0.00265306176593097,0,0,0,0,0,0,0,0,0,0,0,0,0,0,0
"9f86297104372f6378c6bf3dc1a8e8ec",0.191816365676809,0,0,0,0,0,0,0,0,0,0,0,0,0,0,0
"25fd077b762513468941fbac535c9506",0.0323673535443579,0,0,0,0,0,0,0,0,0,0,0,0,0,0,0
"e843b0e0535e8033ed7c08faf28016ca",0.0848979765097911,0,0,0,0,0,0,0,0,0,0,0,0,0,0,0
"90a5e55fa876aa0bf69ffe16087cd920",0.0780000159183706,0,0,0,0,0,0,0,0,0,0,0,0,0,0,0
"5d8d4162e9b3958c6bc4b820eac278dc",0.00185714323615168,0,0,0,0,0,0,0,0,0,0,0,0,0,0,0
"e1d4180c0091e155509f14fcbdb541ae",0.00344898029571026,0,0,0,0,0,0,0,0,0,0,0,0,0,0,0
"126253aad6ce532558563354e8c229f3",0.00132653088296549,0,0,0,0,0,0,0,0,0,0,0,0,0,0,0
"c7ee36f726ae061be7e613876b497945",0.00265306176593097,0,0,0,0,0,0,0,0,0,0,0,0,0,0,0
"8b78ca8c5e127e820c9561e10c9f19c2",0.00371428647230336,0,0,0,0,0,0,0,0,0,0,0,0,0,0,0
"2641fe1f99500e1a2d08cabe3073566b",0.0119387779466894,0,0,0,0,0,0,0,0,0,0,0.000775586100721489,0,0,0,0
"6c3396e9340561a2aa366046cad19f86",0.00742857294460672,0,0,0,0,0,0,0,0,0,0,0,0,0,0,0
"53355294f61e52a7101ac1349479e2c7",0.00583673588504814,0,0,0,0,0,0,0,0,0,0,0,0,0,0,0
"2b03838ca7687263d84571109aa7de49",0.010877553240317,0,0,0,0,0,0,0,0,0,0,0,0,0,0,0
"40fca1aa386161b3788c78a2ea46b746",0.0249387805997511,0,0,0,0,0,0,0,0,0,0,0,0,0,0,0
"8fa90e60ddaccabffcd68f6a481318a2",0.0811836900374878,0,0,0,0,0,0,0,0,0,0,0,0,0,0,0
"77e5e44634d0afe9cd0385ef1e17f3ea",0.0262653114827166,0,0,0,0,0,0,0,0,0,0,0,0,0,0,0
"26d527b73ea4ab711c0bf740b69fbfeb",0.00424489882548956,0,0,0,0,0,0,0,0,0,0,0,0,0,0,0
"4b322ffec8bcd2c849beaeaaab778b16",0.021755106480634,0,0,0,0,0,0,0,0,0,0,0,0,0,0,0
"f70d306dce5ac4969fdb6c1711131421",0.00318367411911717,0,0,0,0,0,0,0,0,0,0,0,0,0,0,0
"1e3f1ba7e9eb6d326f7f7ea4792b1680",0.00716326676801363,0,0,0,0,0,0,0,0,0,0,0,0,0,0,0
"be1d4c6accdb6c0d6ca7a1e0db1c63fb",0.000530612353186195,0,0,0,0,0,0,0,0,0,0,0,0,0,0,0
"bdd5dd02a4adbb00f8c1631abf8615af",0.00371428647230336,0,0,0,0,0,0,0,0,0,0,0,0,0,0,0
"aad81ac0351dcd619b00c97e690dfa5f",0.0642040947355295,0,0,0,0,0,0,0,0,0,0,0,0,0,0,0
"da07a733c6038de701a8f72af131d730",0.00742857294460672,0,0,0,0,0,0,0,0,0,0,0,0,0,0,0
"c5e8440cde07de1b358a2744fa0626e9",0.000795918529779292,0,0,0,0,0,0,0,0,0,0,0,0,0,0,0
"38fdea0374be9c2a3549ac2be7678d6d",0.00212244941274478,0,0,0,0,0,0,0,0,0,0,0,0,0,0,0
"86d8b22d008c02c166ab930218a92e10",0.00504081735526885,0,0,0,0,0,0,0,0,0,0.00169124202398181,0.00116337915108223,0,0.00284983280980849,0,0
"062cbfa9421131d2ab6418f8ee0385c6",0.00318367411911717,0,0,0,0,0,0,0,0,0,0,0,0,0,0,0
"ba48df38cee6b17f2eda82b87095c240",0.00265306176593097,0,0,0,0,0,0,0,0,0,0,0,0,0,0,0
"04d3fb492116659a0de3a6a9d16f50b1",0.000795918529779292,0,0,0,0,0,0,0,0,0,0,0,0,0,0,0
"798933fd16ab772e1e547b6af3461e47",0.0260000053061235,0,0,0,0,0,0,0,0,0,0,0,0,0,0,0
"316c252396afd490a718db47b7e13385",0.00371428647230336,0.0014263351388359,0,0,0,0.000846016531163019,0,0,0,0,0,0.000969482625901861,0,0.00158324044989361,0,0
"f2fbdc2b912ea775653691981335232f",0.0265306176593097,0.0014263351388359,0,0,0,0,0,0,0,0,0.000724818010277919,0.00523520617987005,0,0.0115576552842233,0.0224700165716372,0.034794711203897
"98e48e291e82614b662dd427ed669231",0.0116734717700963,0,0,0,0,0,0,0,0,0,0,0,0,0,0,0
"381bd0335293264d60f0d35fab6b5887",0.00795918529779292,0,0,0,0,0,0,0,0,0,0,0,0,0,0,0
"0ef7e12e6eb35a8fd9fac7badac0c381",0.00424489882548956,0,0,0,0,0,0,0,0,0,0,0.0122154810863635,0.0335580707160072,0.0744123011449995,0.264022694716737,0.243562978427279
"64cbb145bf7546cd909ccdfc390477a7",0.0119387779466894,0,0,0,0,0,0,0,0,0,0,0,0,0,0,0
"116dc9851c69f16ec8c27a12ce358fa4",0.013530615006248,0,0,0,0,0,0,0,0,0,0,0,0,0,0,0
"3e7c933c821c9f18e53e1dda439951cf",0,0,0,0,0,0,0,0,0,0,0,0.0127971706619046,0.0122029348058208,0.0242235788833722,0.0926888183580035,0.158157778199532
"b78b814af10f7643be0ef223f80cb573",0.0151224520658065,0,0,0,0,0,0,0,0,0,0,0,0,0,0,0
"7460da842ed9a123301b3bdff0597d0a",0.000795918529779292,0,0,0,0,0,0,0,0,0,0,0,0,0,0,0
"571f6e6cd40b8548c4d3acff7572c04d",0.00318367411911717,0,0,0,0,0,0,0,0,0,0,0,0,0,0,0
"d628016102970528d40c260b4400c593",0.00159183705955858,0,0,0,0,0,0,0,0,0,0,0,0,0,0,0
"c7710bd03585ff9fb13a73ad718dd629",0.00159183705955858,0,0,0,0,0,0,0,0,0,0,0,0,0,0,0
"2b21fc8c9a472bcf2441c9c063baaf0a",0.00106122470637239,0,0,0,0,0,0,0,0,0,0,0,0,0,0,0
"f99471f9f75bc3c8400f9611fa7ee14f",0.00848979765097911,0,0,0,0,0,0,0,0,0,0,0,0,0,0,0
"ce264b1fd05f8dfc0dd2941a2b170a3a",0.00344898029571026,0,0,0,0,0,0,0,0,0,0,0.00135727567626261,0,0.00918279460938292,0.0224700165716372,0.034794711203897
"47f95903f37498d9dd0eda1e5bcb3e28",0.00557142970845504,0,0,0,0,0,0,0,0,0,0,0,0,0,0,0
"5c331188779be5bb65a2e80544aa8dea",0.00530612353186195,0,0,0,0,0,0,0,0,0,0,0.00290844787770558,0,0.0243819029283615,0.0224700165716372,0.0442841778958689
"86ce8e836244a989d26315bf84d75d99",0.0302449041316131,0,0,0,0,0,0,0,0,0,0,0,0,0,0,0
"b1a12be5e88edf77bfaef78dd01159eb",0.00636734823823433,0,0,0,0,0,0,0,0,0,0,0,0,0,0,0
"1d4b9f3ddf33afdf5308213897846090",0.665122584718895,0,0,0,0,0,0,0,0,0,0,0,0,0,0,0
"ade13a0239469e844de6acb3f220d4b2",0.00689796059142053,0,0,0,0,0,0,0,0,0,0,0,0,0,0,0
"56db17221a9724cad62ae9a36c453a81",0.00238775558933788,0,0,0,0,0,0,0,0,0,0,0,0,0,0,0
"3b54387c342aed1bbfc6586fdf74ffc6",0.00477551117867575,0,0,0,0,0,0,0,0,0,0,0,0,0,0,0
"8dd05d46c0b97113078aba2427454051",0.00132653088296549,0,0,0,0,0,0,0,0,0,0,0,0,0,0,0
"78d38ebcda61982cfb9d7fccb6a94cf2",0.00132653088296549,0,0,0,0,0,0,0,0,0,0,0,0,0,0,0
"ad552f09200febf499158c052101079b",0.0103469408871308,0,0,0,0,0,0,0,0,0,0,0,0,0,0,0
"6ed1f425cd7d234afdf0906b91293ae2",0.0132653088296549,0,0,0,0,0,0,0,0,0,0,0,0,0,0,0
"d5ed9ff1b4b6861428e0eb93d8b2c3a1",0.00371428647230336,0,0,0,0,0,0,0,0,0,0,0,0,0,0,0
"a41371aa833164c1e707004fdfb16b36",0.0233469435401926,0,0,0,0,0,0,0,0,0,0,0,0,0,0,0
"e8c47e7d73b07d777c7a56fc1318b432",0.00530612353186195,0,0,0,0,0,0,0,0,0,0,0,0,0,0,0
"9d4a17911618ba9db170b62ca50ac4a3",0.00238775558933788,0,0,0,0,0,0,0,0,0,0,0,0,0,0,0
"a8a559b16166ead544ccc5288860baca",0.00159183705955858,0,0,0,0,0,0,0,0,0,0,0,0,0,0,0
"da42156b748b0af3ebc3c6268720755e",0.0347551091336957,0,0,0,0,0,0,0,0,0,0,0,0,0,0,0
"e0d953cdee5c868270edabd2f2937909",0.00530612353186195,0,0,0,0,0,0,0,0,0,0,0,0,0.00110826831492552,0.00561750414290931,0
"9cc5b63b74154fc7bcdf7e8796e5d2de",0.00185714323615168,0,0,0,0,0,0,0,0,0,0,0,0,0,0,0
"685a06c480c8512cad2bba3e5b066bdb",0.00344898029571026,0,0,0,0,0,0,0,0,0,0,0,0,0,0,0
"6504a13e2edb3328fffb344daf7b2ee3",0.0283877608954614,0,0,0,0,0,0,0,0,0,0,0,0,0,0,0
"fdb931f5c3f0b1f62bb2d613cb86001e",0.0100816347105377,0,0,0,0,0,0,0,0,0,0,0,0,0,0,0
"5b3ae10206715c2976a983cb2eef902e",0.0100816347105377,0,0,0,0,0,0,0,0,0,0,0,0,0,0,0
"77da7e24d4e417e8a4fd692db80d26e1",0.00132653088296549,0,0,0,0,0,0,0,0,0,0,0,0,0,0,0
"edb1b7dc98830cdfb83ef9466ad4aaaa",0.0652653194419019,0,0,0,0,0,0,0,0,0,0,0,0,0,0,0
"597e0e7e460f5d0be7030d9da9e27e58",0.00504081735526885,0,0,0,0,0,0,0,0,0,0,0,0,0,0,0
"c010039c9d795c2923840493ddf8c086",0.00318367411911717,0,0,0,0,0,0,0,0,0,0,0,0,0,0,0
"43c944338e9f3b7dbdf05108887a754a",0.0291836794252407,0,0,0,0,0,0,0,0,0,0,0,0,0,0,0
"bfbc3acfb5c0b219aa6480a3323adf77",0.00397959264889646,0,0,0,0,0,0,0,0,0,0,0,0,0,0,0
"ab4d207ba005958298be140605c5a8fb",0.0169795953019582,0,0,0,0,0,0,0,0,0,0,0,0,0,0,0
"8a652928ef13cc45fe6fad624a6fa1d2",0.0119387779466894,0,0,0,0,0,0,0,0,0,0,0,0,0,0,0
"5bd95b851799d453c141b62c55e27ef4",0.00795918529779292,0,0,0,0,0,0,0,0,0,0,0,0,0,0,0
"04bc2a095282907ef4df7a2a9447166f",0.0180408200083306,0,0,0,0,0,0,0,0,0,0,0,0,0,0,0
"7f95be53d89bc3a48bae7b78b974d701",0.0100816347105377,0,0,0,0,0,0,0,0,0,0,0,0,0,0,0
"c9209e2a22c08ecdf2762a15fb6e44e1",0.0249387805997511,0,0,0,0,0,0,0,0,0,0,0,0,0,0,0
"43b083f9636dbce1742a5107ad053584",0.00663265441482743,0,0,0,0,0,0,0,0,0,0,0,0,0,0,0
"c668608bc7be0382064b57d5505c7e23",0.181204118613085,0,0,0,0,0,0,0,0,0,0,0,0,0,0,0
"ae53fe95ad7f469e3187a126d6098100",0.102673490341529,0,0,0,0,0,0,0,0,0,0,0,0,0,0,0
"2df9e7b11fe11f679f52c25fe8d3c27f",0.0992245100458184,0,0,0,0,0,0,0,0,0,0,0,0,0,0,0
"e587cd60e62e6c08ac653bef4e935304",0.00424489882548956,0,0,0,0,0,0,0,0,0,0,0,0,0,0,0
"758b8307071957eb86c89a180b187482",0.0848979765097911,0,0,0,0,0,0,0,0,0,0,0,0,0,0,0
"16d5a0178f3d79e81808ab413ec47dc9",0.00875510382757221,0,0,0,0,0,0,0,0,0,0,0,0,0,0,0
"0b359e0da05bbff15ce4ea980bfaa286",0.0206938817742616,0,0,0,0,0,0,0,0,0,0,0,0,0,0,0
"1c4637de71fcd2eaffb3ce3dfac5900b",0.00238775558933788,0,0,0,0,0,0,0,0,0,0,0,0,0,0,0
"58cd0f7f937effa7c5ed5dbe7e5cc864",0.00291836794252407,0,0,0,0,0,0,0,0,0,0,0,0,0,0,0
"8967a8d6fe2dd175ae34bdac837af10a",0.00902041000416531,0,0,0,0,0,0,0,0,0,0,0,0,0,0,0
"1fe612d44adcd7a6a0efbc7ad770fb38",0.00477551117867575,0,0,0,0,0,0,0,0,0,0,0,0,0,0,0
"e3ef2cba7805de59638a581426ab70a9",0.00318367411911717,0,0,0,0,0,0,0,0,0,0,0,0,0,0,0
"7095c313e9e1c5136c8dfaf1ccf4e5d5",0.00132653088296549,0,0,0,0,0,0,0,0,0,0,0,0,0,0,0
"ad871c6d75b2fb982388dfc27e0032c7",0.000530612353186195,0,0,0,0,0,0,0,0,0,0,0,0,0,0,0
"5bbe2a5a01c16cb8363953430baaea87",0.00504081735526885,0,0,0,0,0,0,0,0,0,0,0,0,0,0,0
"7b43b24e8c817bba9f0008696985ae06",0.00742857294460672,0.0328057081932256,0.0387651536509727,0.0393416471754853,0.0747487611084964,0.0380707439023358,0.0124111824754103,0,0.0117973088780314,0.0202095052039476,0.0135299361918545,0.00969482625901861,0,0.0110826831492552,0.0140437603572733,0.0158157778199532
"4d8b87bb1c80a21e5d80851c8f8c1a91",0,0,0,0,0,0,0,0,0,0,0,0.000387793050360744,0,0,0,0
"79f4b4c69c43f9fc726deee40b36d3f3",0.00106122470637239,0,0,0,0,0,0,0,0,0,0,0,0,0,0,0
"4c9b3fff08afb1135eafe0f7c7438032",0.00530612353186195,0,0,0,0,0,0,0,0,0,0,0,0,0,0,0
"2efff3ec5ec80431bec254de17da2fcd",0.0100816347105377,0,0,0,0,0,0,0,0,0,0,0,0,0,0,0
"2dbf2a077fcce4d00fd8aa9472955ceb",0.00238775558933788,0,0,0,0,0,0,0,0,0,0,0,0,0,0,0
"1c9743174dcdb5dacbd049ba550f23f8",0,0,0,0,0,0,0,0,0,0,0,0,0,0.00158324044989361,0,0
"391d30262cc3dea9747cbbc8eddf9f07",0,0,0,0,0,0,0,0,0,0,0.00120803001712987,0,0,0,0,0
"b8787a09e2e26dcf154557d3ad66ea8d",0,0,0,0,0,0.00253804959348906,0,0,0,0,0,0,0,0,0,0
"6485c37d83d17b68e3abb2d6c2749df5",0,0.000356583784708974,0,0.000538926673636785,0,0,0,0,0,0,0,0,0,0,0,0
"f876e4d5cbaa6ac5f3c225bcaf146791",0.0161836767721789,0.041363719026241,0.0599097829151396,0.0538926673636785,0.177182248553473,0.106880088436928,0.0620559123770517,0.101424350663668,0.0681127644656153,0.109079508857204,0.112346791593078,0.138248222453605,0.14643521766985,0.162757118249063,0.294918967502739,0.325805023091036
"9413dd54243692b250670640c660758d",0,0.0171160216660308,0,0.0215570669454714,0,0.0287645620595426,0,0,0.0146909884141523,0.0272051031591602,0.0253686303597272,0.0300539614029577,0,0.0373644746174891,0,0
"da040f4409259c781d2e44bd12938078",0.000795918529779292,0,0,0,0,0,0,0,0,0,0,0,0,0,0,0
"25077ffdd305e287a33697d70d484327",0.00159183705955858,0,0,0,0,0,0,0,0,0,0,0,0,0,0,0
"cb0675920de285932e554b08f1db3466",0.00106122470637239,0,0,0,0,0,0,0,0,0,0,0,0,0,0,0
"70deeba9f4974d134dbc64d97bd2fff7",0.00212244941274478,0,0,0,0,0,0,0,0,0,0,0,0,0,0,0
"fa1752718a40da1c6c32371773653272",0.000530612353186195,0,0,0,0,0,0,0,0,0,0,0,0,0,0,0
"76861e4fd720b21d96693697fa6b48fc",0.0122040841232825,0,0,0,0,0,0,0,0,0,0,0,0,0,0,0
"55d6f196845f6c46a8c04acebb14b7b9",0.00132653088296549,0,0,0,0,0,0,0,0,0,0,0,0,0,0,0
"351fdba7f02fbaff27a231855c689a8a",0.0607551144398193,0,0,0,0,0,0,0,0,0,0,0,0,0,0,0
"592ba0f920b7fbd354e218aaf08930ab",0.00212244941274478,0,0,0,0,0,0,0,0,0,0,0,0,0,0,0
"a216822e223bbb6baf68503a21bc5d0a",0.00212244941274478,0,0,0,0,0,0,0,0,0,0,0,0,0,0,0
"3e198207b81e382d6209c129373e9d60",0.00557142970845504,0,0,0,0,0,0,0,0,0,0,0,0,0,0,0
"62464229dcef00e0856587086e1e2f9d",0.00318367411911717,0,0,0,0,0,0,0,0,0,0,0,0,0,0,0
"1dd54482446cd8882dfd4fc7d128da40",0.00451020500208265,0,0,0,0,0,0,0,0,0,0,0,0,0,0,0
"15baec8488957bacb3136134000dc93a",0.00716326676801363,0,0,0,0,0,0,0,0,0,0,0,0,0,0,0
"626ceecfac444a7e053d5ae2c76833df",0.000530612353186195,0,0,0,0,0,0,0,0,0,0,0,0,0,0,0
"4d472a0025391001536abf639f86372b",0.019102044714703,0,0,0,0,0,0,0,0,0,0,0,0,0,0,0
"5286cf541576f555afe0b5b79d1163d9",0.00397959264889646,0,0,0,0,0,0,0,0,0,0,0,0,0,0,0
"40e233849dcafd1ca1e5dd020826ec04",0.0753469541524396,0,0,0,0,0,0,0,0,0,0,0,0,0,0,0
"4a1539d5c420d910c842f2dfd2531a6d",0.0172449014785513,0,0,0,0,0,0,0,0,0,0,0,0,0,0,0
"7377692c0967c99c56f749e092acb30a",0.00185714323615168,0,0,0,0,0,0,0,0,0,0,0,0,0,0,0
"acb819d2b09f090ba6c3112028bbc54b",0.92936753660562,0,0,0,0,0,0,0,0,0,0,0,0,0,0,0
"856f4e976cd8cb16d80b01f36ee9721a",0.00318367411911717,0,0,0,0,0,0,0,0,0,0,0,0,0,0,0
"f07216e3758674127b729897fc2945ba",0.0498775611995023,0,0,0,0,0,0,0,0,0,0,0,0,0,0,0
"e98a78fb93f10ea212298a128d9cadc1",0.0262653114827166,0,0,0,0,0,0,0,0,0,0,0,0,0,0,0
"b4437357383387ed0937aeb891b767d2",0.00265306176593097,0,0,0,0,0,0,0,0,0,0,0,0,0,0,0
"80017052479e0a7748dc385488c63536",0.00132653088296549,0,0,0,0,0,0,0,0,0,0,0,0,0,0,0
"65c689dc4b8772012494d43535fd1102",0.0814489962140809,0.00855801083301538,0,0.0285631137027496,0.0110738905345921,0.0124082424570576,0,0.0176390175067249,0.00445181467095525,0.0196913127628207,0.00241606003425973,0.00290844787770558,0,0,0,0
"4a70dcab1da10b99743b8b5298cd2f6f",0.00663265441482743,0,0,0,0,0,0,0,0,0,0,0,0,0,0,0
"1a33b954694a3eddcd95ead6c562cfb2",0.0172449014785513,0,0,0,0,0,0,0,0,0,0,0,0,0.00110826831492552,0,0
"1f1ff56fd37c5c9b1a9ac7b1d99e10b0",0.409367430483149,0,0,0,0,0,0,0,0,0,0,0,0,0,0,0
"644c14744299b1aa46a195610c9f1a6f",0.00689796059142053,0,0,0,0,0,0,0,0,0,0,0,0,0,0,0
"a42258463565d8531ac1fbcbcb5558fd",0.00238775558933788,0,0,0,0,0,0,0,0,0,0,0,0,0,0,0
"e8bb8d9f0ab19588ba970ec5b20a7319",0.00610204206164124,0,0,0,0,0,0,0,0,0,0,0,0,0,0,0
"a9aac800e685600e21278a2012556aa7",0.00902041000416531,0,0,0,0,0,0,0,0,0,0,0,0,0,0,0
"44ed1a1eb3ed2fe963e32f2d9591f332",0.00557142970845504,0,0,0,0,0,0,0,0,0,0,0,0,0,0,0
"9293b23be2addc4c8910fbe977237c46",0.00344898029571026,0,0,0,0,0,0,0,0,0,0,0,0,0,0,0
"e3b6d7ad6ee740d0b7d343c2c2ce53a0",0.00159183705955858,0,0,0,0,0,0,0,0,0,0,0,0,0,0,0
"1e12ac0d70169a9c084a739e040907b9",0.00291836794252407,0,0,0,0,0,0,0,0,0,0,0,0,0,0,0
"be2708e1bdcddac994cdfd7ddf921d52",0.0130000026530618,0,0,0,0,0,0,0,0,0,0,0,0,0,0,0
"b369899a050f5bdde428c77540050c80",0.00132653088296549,0,0,0,0,0,0,0,0,0,0,0,0,0,0,0
"9bc997e8ebea77d717faea18a7bf4708",0.100020428575598,0,0,0,0,0,0,0,0,0,0,0,0,0,0,0
"bcfc5d3c9a3586094059acfae2f253f4",0.0474898056101644,0,0,0,0,0,0,0,0,0,0,0,0,0.000633296179957442,0,0
"954d0e6f5e93a9f23198c807840314bd",0.00371428647230336,0,0,0,0,0,0,0,0,0,0,0,0,0,0,0
"9b0365b5a27348e323235f03eb91b153",0.00424489882548956,0,0,0,0,0,0,0,0,0,0,0,0,0,0,0
"df94cb7c1f51d6e7df4a969d561b0a4d",1.23632678292383,0,0,0,0,0,0,0,0,0,0,0,0,0,0,0
"9762cb79dea0ad8ac9b2c00da97ee1de",0.0172449014785513,0,0,0,0,0,0,0,0,0,0,0,0,0,0,0
"0138936a169c4a0914606cedbcd38fa6",0.511510308471491,0,0,0,0,0,0,0,0,0,0,0,0,0,0,0
"22958f01426d8f1fe3f4922e13710669",0.371428647230336,0,0,0,0,0,0,0,0,0,0,0,0,0,0,0
"9a6c73fde0a30dc54868fac28b4fc86f",0.00583673588504814,0,0,0,0,0,0,0,0,0,0,0,0,0,0,0
"4708a77110c6f82083fb0f0e64026556",0.00663265441482743,0,0,0,0,0,0,0,0,0,0,0,0,0,0,0
"9cef27fb5c42d04a7e949300061958c1",0.256551072765525,0,0,0,0,0,0,0,0,0,0,0,0,0,0,0
"469c376c54706d2a04589d78e87c8780",0.013530615006248,0,0,0,0,0,0,0,0,0,0,0,0,0,0,0
"3a87ef2d0d0b72632e8f39d0320fcf93",0.00291836794252407,0,0,0,0,0,0,0,0,0,0,0,0,0,0,0
"5d31a7ba11fffdbcb915a4ba1aac75e6",0.0169795953019582,0,0,0,0,0,0,0,0,0,0,0,0,0,0,0
"3fbd0537ef4f3242fb50a2ddb91061ad",0.0111428594169101,0,0,0,0,0,0,0,0,0,0,0,0,0,0,0
"fc7c6eed68d83b0078b51ba3581a953b",0.0161836767721789,0,0,0,0,0,0,0,0,0,0,0,0,0,0,0
"7e112350867950f176b414f5f71178fd",0.0172449014785513,0,0,0,0,0,0,0,0,0,0,0,0,0,0,0
"744dbcf4af334c630605fa9000c112ce",0.00185714323615168,0,0,0,0,0,0,0,0,0,0,0,0,0,0,0
"b34dc27e49d5139cf1011ee1e6032115",0.000265306176593097,0,0,0,0,0,0,0,0,0,0,0,0,0,0,0
"349d6e0ff74f02b6d2d55d29a6084ea2",0.043775519137861,0,0,0,0,0,0,0,0,0,0,0,0,0,0,0
"421c4fde5e0b6d90aba4333ba1328d82",0.0092857161807584,0,0,0,0,0,0,0,0,0,0,0,0,0,0,0
"11e175aff64bc4cf4986007e12bfc628",0.00291836794252407,0,0,0,0,0,0,0,0,0,0,0,0,0,0,0
"36b46a254875314bef7628b94ef8d7b6",0.0161836767721789,0,0,0,0,0,0,0,0,0,0,0,0,0,0,0
"37f3685c73e70deca8c822eb745ced49",0.00318367411911717,0,0,0,0,0,0,0,0,0,0,0,0,0,0,0
"0bd4b1e42bd92aa97b0e3256b8b9f685",0.0151224520658065,0,0,0,0,0,0,0,0,0,0,0,0,0,0,0
"dbecc9e8493f9f9f3816c44467a0b7d4",0.00530612353186195,0,0,0,0,0,0,0,0,0,0,0,0,0,0,0
"5b2c9996f39f03a22f551c353da1d3ed",0.00397959264889646,0,0,0,0,0,0,0,0,0,0,0,0,0,0,0
"8bbcf048be9561d00c6ed8f597643925",0,0,0,0,0,0,0,0,0,0,0,0.011439894985642,0,0,0,0
"92fb114641e27921122496428e2ef0dd",0.00132653088296549,0,0,0,0,0.000846016531163019,0,0,0,0,0,0,0,0,0,0
"ea5eeef4adcd29b79e56e455f9025517",0.133449006826328,0,0,0,0,0,0,0,0,0,0,0,0,0,0,0
"28a57cdaa30629405422c8fde4881357",0.0137959211828411,0,0,0,0,0,0,0,0,0,0,0,0,0,0,0
"5f438bcb87bf9d011daee383cbf8268b",0.0307755164847993,0,0,0,0,0,0,0,0,0,0,0,0,0,0,0
"2092628b1364caea9caa8bb32e494b85",0.00795918529779292,0,0,0,0,0,0,0,0,0,0,0,0,0,0,0
"a1919f68c3e5bd0c8c85ce6c4a407a81",0.00291836794252407,0,0,0,0,0,0,0,0,0,0,0,0,0,0,0
"61b47b9e51cba36e07b09f783d91532d",0.0185714323615168,0,0,0,0,0,0,0,0,0,0,0,0,0,0,0
"eade9ffca2019fd37ceeefa62349cee5",0.00795918529779292,0,0,0,0,0,0,0,0,0,0,0,0,0,0,0
"7741e484f93c21c4e051f33fc7b64f88",0.00822449147438602,0,0,0,0,0,0,0,0,0,0,0,0,0,0,0
"41c2b1997c23cb128c7a5fe3586fe2cd",0.00238775558933788,0,0,0,0,0,0,0,0,0,0,0,0,0,0,0
"9d4eef533118fb8ade7389906d38038e",0.00318367411911717,0,0,0,0,0,0,0,0,0,0,0,0,0,0,0
"ed129574cd3b032d712d56b5aae6be05",0.00265306176593097,0,0,0,0,0,0,0,0,0,0,0,0,0,0,0
"4b847baea94497568fe03f94a68afb3c",0.0201632694210754,0,0,0,0,0,0,0,0,0,0,0,0,0,0,0
"6bb602f161cd434e740b0b0694a2fe7e",0.0145918397126203,0,0,0,0,0,0,0,0,0,0,0,0,0,0,0
"2da3ff46bfa58a914368731cfd699785",0.163959217134534,0,0,0,0,0,0,0,0,0,0,0,0,0,0,0
"39514d7e0d952fb5735d67b878688bc8",0.0841020579800118,0,0,0,0,0,0,0,0,0,0,0,0,0,0,0
"87ca798d18d4f98d6e899ac8e8b8daa2",0.000530612353186195,0,0,0,0,0,0,0,0,0,0,0,0,0,0,0
"8489763884add5fd5b86c463d80a278d",0.000530612353186195,0,0,0,0,0,0,0,0,0,0,0,0,0,0,0
"89da33616fecea01a2dd1f560e309cd0",0.00769387912119982,0,0,0,0,0,0,0,0,0,0,0,0,0,0,0
"60d23b6a7047719eb79dc09d360c62cc",0.0151224520658065,0,0,0,0,0,0,0,0,0,0,0,0,0,0,0
"31d88ad972b0a11f159439daf1fe7367",0.00291836794252407,0,0,0,0,0,0,0,0,0,0,0,0,0,0,0
"268ddc25aa0fd61d2ecd190573a66498",0.00371428647230336,0,0,0,0,0,0,0,0,0,0,0,0,0,0,0
"227b3993622857f90f1b3be1adaf17cd",0.00238775558933788,0,0,0,0,0,0,0,0,0,0,0,0,0,0,0
"0c141cc6426851c4478ff79ed68247f5",0.00212244941274478,0,0,0,0,0,0,0,0,0,0,0,0,0,0,0
"8298bcdb584afbb1bdb72e7abb796243",0.000530612353186195,0,0,0,0,0,0,0,0,0,0,0,0,0,0,0
"fa3a634a3d5d11bab288b00d2d5369cc",0.00291836794252407,0,0,0,0,0,0,0,0,0,0,0,0,0,0,0
"3f36ab74340cc11784c5f0c58099e15e",0.00291836794252407,0,0,0,0,0,0,0,0,0,0,0,0,0,0,0
"230f936bbde428b48c67b563c84f874a",0.0169795953019582,0,0,0,0,0,0,0,0,0,0,0,0,0,0,0
"cae75e1117d316c3a8f12909f766135b",0,0,0,0,0,0,0,0,0.0104617644767448,0,0.00748978610620517,0.0120215845611831,0,0.0132992197791063,0.0449400331432744,0
"ddfc7fa44eb695c1a36fab946176dbdc",0.0127346964764687,0,0,0,0,0,0,0,0,0,0,0,0,0,0,0
"44f513ba8d222b088ba2ad6e7ab85b8c",0,0.00677509190947051,0,0.00916175345182534,0.0110738905345921,0.0290465675699303,0.0186167737131155,0.141112140053799,0.0587639536566093,0.0396417217462049,0.0340664464830622,0.0191957559928569,0.0549132066261936,0.00807452629445739,0,0.0537736445878408
"6148c6e49d72c0f24a187a979ba7a5aa",0,0,0,0,0,0,0,0,0.0765712123404303,0.0326461237909923,0.0282679024008389,0.0127971706619046,0,0.0134575438240957,0,0
"fd932f10265b9729b3972ed5cdce8a0d",0,0,0,0,0,0,0,0,0,0,0,0,0,0.000791620224946803,0,0
"16bd85d98b01823963164e514e5c1da4",0.00318367411911717,0,0,0,0,0,0,0,0,0,0,0,0,0,0,0
"147f672fdb531def69cb4b3f1c5029da",0.0368775585464405,0,0,0,0,0,0,0,0,0,0,0,0,0,0,0
"99f9b204f31c6690c17496f44394b974",0.043775519137861,0,0,0,0,0,0,0,0,0,0,0,0,0,0,0
"5ec4e02584b8c58b33bde92395188ffa",0.266102095122877,0.00677509190947051,0.0070482097547223,0.00754497343091499,0,0.00338406612465208,0,0,0.00734549420707616,0.0129548110281715,0.017878844253522,0.00523520617987005,0,0.00569966561961698,0,0
"1343e87d3913871b8120eddf9b9aedc6",0.010877553240317,0,0,0,0,0,0,0,0,0,0,0,0,0,0,0
"4c61879ca2f0594335aa69f539fa89c3",0.0209591879508547,0,0,0,0,0,0,0,0,0,0,0,0,0,0,0
"87aaf6c235f6de90e49dbd7cb8369b3a",0.00265306176593097,0,0,0,0,0,0,0,0,0,0,0,0,0,0,0
"60aded12db04cbb8ba0091f3bb63d0a6",0.0238775558933788,0,0,0,0,0,0,0,0,0,0,0,0,0,0,0
"04a65a3c8425eeeaa26b5be5e1f73ea6",0.0092857161807584,0,0,0,0,0,0,0,0,0,0,0,0,0,0,0
"90fa6c0bf60713bfb45126d0e322b04b",0.00742857294460672,0,0,0,0,0,0,0,0,0,0,0,0,0,0,0
"beb16d17921d9d616810cfda4d470651",0.0371428647230336,0,0,0,0,0,0,0,0,0,0,0,0,0,0,0
"c41c5795922c324df06444964515a11f",0.0286530670720545,0,0,0,0,0,0,0,0,0,0,0,0,0,0,0
"01606679d848223557a0c8b91904ad43",0.00822449147438602,0,0,0,0,0,0,0,0,0,0,0,0,0,0,0
"77b0fc3d2cdfed133689d19939bd753c",0.0188367385381099,0,0,0,0,0,0,0,0,0,0,0,0,0,0,0
"d40238b6e6c47b51c94b10008b551af4",0.0098163285339446,0,0,0,0,0,0,0,0,0,0,0,0,0,0,0
"9e3e461620d3bc6fb82b614f65a5a69b",0.0793265468013361,0,0,0,0,0,0,0,0,0,0,0.00252065482734484,0,0,0,0
"c2229c40838cb5aa067cdcab26a4d0bd",0,0.00285267027767179,0,0.00269463336818392,0,0,0,0,0,0,0,0,0,0,0,0
"27af05757211c4e22e274f6521c2b033",0.0169795953019582,0,0,0,0,0,0,0,0,0,0,0,0,0,0,0
"de794e5f913a822d437c41f82c49a80e",0.123102065939197,0,0,0,0,0,0,0,0,0,0,0,0,0,0,0
"ce79d4435bd130dc3503269a9b397170",0.0124693902998756,0,0,0,0,0,0,0,0,0,0,0,0,0,0,0
"33428c03ea0cb71b8769c049e677faaa",0.00265306176593097,0,0,0,0,0,0,0,0,0,0,0,0,0,0,0
"7fd8ef977c4177cf2c4c536310a8f19f",0.00397959264889646,0,0,0,0,0,0,0,0,0,0,0,0,0,0,0
"5adea97be7d61a174324b19e19ba1dea",0.057306134144109,0,0,0,0,0,0,0,0,0,0,0,0,0,0,0
"dbda74fb9d5fd3c12eaab78face02172",0.0100816347105377,0,0,0,0,0,0,0,0,0,0,0,0,0,0,0
"32d1077d28b29a3f6b93e1c0cbad6fda",0.046428580903792,0,0,0,0,0,0,0,0,0,0,0,0,0,0,0
"07246a1fc2c2fed9e54374f5ee46c333",0.0238775558933788,0,0,0,0,0,0,0,0,0,0,0,0,0,0,0
"75ae184615957ea74819e0710296a493",0.00636734823823433,0,0,0,0,0,0,0,0,0,0,0,0,0,0,0
"4fdb441ce30cb8a04ddd4c7b24e39ae2",0.00477551117867575,0,0,0,0,0,0,0,0,0,0,0,0,0,0,0
"5fc9b3b833ee5fc9ddee11259db3940d",0.00318367411911717,0,0,0,0,0,0,0,0,0,0,0,0,0,0,0
"a1191cbfeb25ca6deb449da1e2baad3a",0.00344898029571026,0,0,0,0,0,0,0,0,0,0,0,0,0,0,0
"87b489a37616c28af2c28eda4b45fb8b",0.00265306176593097,0,0,0,0,0,0,0,0,0,0,0,0,0,0,0
"38296582075fc96045a4147fb746fe4b",0.00636734823823433,0,0,0,0,0,0,0,0,0,0,0,0,0.00126659235991488,0,0
"97d46cb66b426e54414d29f5c60c740a",0.00424489882548956,0,0,0,0,0,0,0,0,0,0,0,0,0,0,0
"748512e38095cce946336f055623773b",0.00185714323615168,0,0,0,0,0,0,0,0,0,0,0,0,0,0,0
"941c985cd594eddbaa7ba0e614bdf30f",0.035551027663475,0,0,0,0,0,0,0,0,0,0,0,0,0,0,0
"b94b3e9177961551c08f311f8515f346",0.0169795953019582,0,0,0,0,0,0,0,0,0,0,0,0,0,0,0
"7de13a55503e90292b953209386e0b7b",0.010877553240317,0,0,0,0,0,0,0,0,0,0,0,0,0,0,0
"e9bddfa0fc6471131e3412f81bdc6b6d",0.00212244941274478,0,0,0,0,0,0,0,0,0,0,0,0,0,0,0
"520df833871a8a531033d90f108d61a3",0.00504081735526885,0,0,0,0,0,0,0,0,0,0,0,0,0,0,0
"0c3ea3339f3a3be523e02cefed4aaa10",0.00291836794252407,0,0,0,0,0,0,0,0,0,0,0,0,0,0,0
"cb3f42ad378ddeda014d895db355586b",0.00477551117867575,0,0,0,0,0,0,0,0,0,0,0,0,0,0,0
"aa20c972229ba580ad2044118ab67181",0,0.00998434597185128,0,0.0177845802300139,0.0166108358018881,0.0205864022583001,0.0155139780942629,0.039687789390131,0.0204783474863941,0.00725469417577606,0.00120803001712987,0.000581689575541117,0,0.00205821258486169,0,0
"347f05aadc3de2fe5237432c42d041b5",0.00265306176593097,0,0,0,0,0,0,0,0,0,0,0,0,0,0,0
"1e2270e7a0c8c2e951edc6813b58451a",0.000795918529779292,0,0,0,0,0,0,0,0,0,0,0,0,0,0,0
"547b0919a99ed883fc7e366881d70e30",0.00212244941274478,0,0,0,0,0,0,0,0,0,0,0,0,0,0,0
"db0c288182530edd5066c0881c9665c7",0.00185714323615168,0,0,0,0,0,0,0,0,0,0,0,0,0,0,0
"8d3f2463af90ed9f59bbda873534edc0",0.00318367411911717,0,0,0,0,0,0,0,0,0,0,0,0,0,0,0
"4343b6b7da6bae2055762dad082dd651",0.00689796059142053,0,0,0,0,0,0,0,0,0,0,0,0,0,0,0
"29ffed0e67cdfb55f16960a8f8428cb5",0.00451020500208265,0,0,0,0,0,0,0,0,0,0,0,0,0,0,0
"6589433bc08b7cdc5ea1e4928683ed00",0.0283877608954614,0,0,0,0,0,0,0,0,0,0,0,0,0,0,0
"add6ee5276913213598665852c4b08fb",0.00610204206164124,0,0,0,0,0,0,0,0,0,0,0,0,0,0,0
"720ef8366f0bd5fb2cb193ce02e53799",0.00902041000416531,0,0,0,0,0,0,0,0,0,0,0,0,0,0,0
"88dc9b1bf64124875974e6e8ce1bb2e0",0.027326536189089,0,0,0,0,0,0,0,0,0,0,0,0,0,0,0
"61637c95fcfd388d16465d5d8ae30f0a",0.0148571458892134,0,0,0,0,0,0,0,0,0,0,0,0,0,0,0
"19083703874fec5c0e976f6ca4fa6bc9",0.0456326623740127,0.0470690595815846,0.0810544121793065,0.12071957489464,0.160571412751585,0.0843196476059142,0.0403363430450836,0.0661463156502183,0.0810230270113855,0.495132877496716,0.167432960374199,0.0711600247411966,0.0884712773422008,0.0258068193332658,0.0337050248574558,0
"2c2a5e52f212bdc4fe6cfe32717f2a01",0.00132653088296549,0,0,0,0,0,0,0,0,0,0,0,0,0,0,0
"647927aceecdb8d63c0647ad64f33531",0.00557142970845504,0,0,0,0,0,0,0,0,0,0,0,0,0,0,0
"a594a2db0ceea408a3931a4465c05420",0.00291836794252407,0,0,0,0,0,0,0,0,0,0,0,0,0,0,0
"87ec65202e592d81d47b66d1484732df",0.00716326676801363,0.00998434597185128,0,0.0118563868200093,0,0.00507609918697811,0,0,0.00400663320385972,0.0217640825273282,0.00845621011990906,0,0,0,0,0
"04270fc1464453e2e7d9a43ae00168b6",0.000265306176593097,0,0,0,0.0138423631682401,0,0,0,0,0,0,0.00213286177698409,0,0,0,0
"5a53ad0b5b9bb5681456ed32f72110e7",0.00318367411911717,0,0,0,0,0,0,0,0,0,0,0,0,0,0,0
"2389f5000634184ae381b8e579934c4b",0.00344898029571026,0,0,0,0,0,0,0,0,0,0,0,0,0,0,0
"0c4b95d668645a2a85addfe2f084b6f2",0.00424489882548956,0,0,0,0,0,0,0,0,0,0,0,0,0,0,0
"495cc889a2e82868482b1feb2f71fbd0",0.334020476330709,0,0,0,0,0,0,0,0,0,0,0,0,0,0,0
"f4acc40b7b61bf7126ad84af26e93ed9",0.0814489962140809,0,0,0,0,0,0,0,0,0,0,0,0,0,0,0
"4ff2d0f9ff5860f0d61f045ebb308e0d",0.0588979712036676,0,0,0,0,0,0,0,0,0,0,0,0,0,0,0
"09304de7bcdde93714df6d4800a79b4d",0.493469488463161,0,0,0,0,0,0,0,0,0,0,0,0,0,0,0
"6dfb10e6d92b2c7ec87175ad560bed2e",0.813163431257843,0,0,0,0,0,0,0,0,0,0,0,0,0,0,0
"beb160f1d174dc940a6dd9816c42ca01",0.02997959795502,0,0,0,0,0,0,0,0,0,0,0,0,0,0,0
"d16302bbd739ffc628c49803b25c8f6e",0.00822449147438602,0,0,0,0,0,0,0,0,0,0,0,0,0,0,0
"6c7a1a940865cb8fc19e17d404be6951",0.0848979765097911,0,0,0,0,0,0,0,0,0,0,0,0,0,0,0
"5f50c109f3a9cdf90470d389e4797c67",0.0734898109162879,0,0,0,0,0,0,0,0,0,0,0,0,0,0,0
"76822eb34ea3cf76c00fb31b39d43b12",0.0761428726822189,0,0,0,0,0,0,0,0,0,0,0,0,0,0,0
"84f0bed445af5694e5b98998ffde30a8",0,0,0,0,0,0,0,0,0,0,0,0.000969482625901861,0,0.00189988853987233,0,0
"68d8ed7c8b41a1f6e461674c4d220b5a",0.00716326676801363,0,0,0,0,0,0,0,0,0,0,0,0,0,0,0
"a5c80d4415d8b64a85a2b498d22ad570",0.00185714323615168,0,0,0,0,0,0,0,0,0,0,0,0,0,0,0
"bce4d231e12c8465556db9d2cf121551",0.00371428647230336,0,0,0,0,0,0,0,0,0,0,0,0,0,0,0
"a0bbfb182e829dcd543eba20abe4bf13",0.00742857294460672,0,0,0,0,0,0,0,0,0,0,0,0,0,0,0
"5c7c7b73a2ec4b36eb0c3adfcc84d9aa",0.00291836794252407,0,0,0,0,0,0,0,0,0,0,0,0,0,0,0
"c09305c29479546a081817c3df4019cc",0.00742857294460672,0,0,0,0,0,0,0,0,0,0,0,0,0,0,0
"a53b7a494838590a5600a018277e55ea",0.00610204206164124,0.0199686919437026,0.0211446292641669,0.0398805738491221,0.0553694526729603,0.028482556549155,0,0.0617365612735371,0.0442955559760047,0.161157849190454,0.0884277972539062,0.038003718935353,0.0366088044174624,0.00712458202452123,0,0
"f78abd34d9f99dfc6481d847ff918abb",0,0,0,0.00107785334727357,0,0,0,0,0,0,0,0,0,0,0,0
"5881e5969b9c5cced797ab5e237049b4",0.00397959264889646,0,0,0,0,0,0,0,0,0,0,0,0,0,0,0
"f8ec439cb9f26e97be2793df3c52b03d",0.174040851845072,0,0,0,0,0,0,0,0,0,0,0,0,0,0,0
"bbb8d866124b76dccef1a07447e2e183",0.0297142917784269,0,0,0,0,0,0,0,0,0,0,0,0,0,0,0
"689ea6538e35d0bf0beff8b8ef7ae765",0.00212244941274478,0,0,0,0,0,0,0,0,0,0,0,0,0,0,0
"5ef9c96b68ed0d81bec10c4b79e562a8",0.00238775558933788,0,0,0,0,0,0,0,0,0,0,0,0,0,0,0
"34bc76cd76ea83cf74430a3bbb56ac82",0.25867352217827,0,0,0,0,0,0,0,0,0,0,0,0,0,0,0
"c3f093ce4164155c9b0f097a9ae7de70",0.0106122470637239,0,0,0,0,0,0,0,0,0,0,0,0,0,0,0
"e5092df44ebdb6698c9fde3cdfb19ceb",0.00663265441482743,0,0,0,0,0,0,0,0,0,0,0,0,0,0,0
"e3455df1e42e2473c73aabd6238e9d44",0.00504081735526885,0,0,0,0,0,0,0,0,0,0,0,0,0,0,0
"b83c05fb785fc037d554a6f40d8e7774",0.00265306176593097,0,0,0,0,0,0,0,0,0,0,0,0,0,0,0
"02e4c50e67865e5275d1bb983d11988c",0.000795918529779292,0,0,0,0,0,0,0,0,0,0,0,0,0,0,0
"e4bf10681d4b03152f1aded69bd8e7ab",0.00689796059142053,0,0,0,0,0,0,0,0,0,0,0,0,0,0,0
"f5bab5c7d812c2d3a64a5dcf3d257e8a",0.000795918529779292,0,0,0,0,0,0,0,0,0,0,0,0,0,0,0
"2d0678b27e5d621f7d924530fa929c26",0.00636734823823433,0,0,0,0,0,0,0,0,0,0,0,0,0,0,0
"2d6bab1b94570e4c69c5ef51945f774e",0.00397959264889646,0,0,0,0,0,0,0,0,0,0,0,0,0,0,0
"eae7dab14a3fcdc218d112865f01940b",0.00583673588504814,0,0,0,0,0,0,0,0,0,0,0,0,0,0,0
"343639260e5a553a449c040a58953f9a",0.00371428647230336,0,0,0,0,0,0,0,0,0,0,0,0,0,0,0
"c4867d600b0a9097a72003891fa4b874",0.00132653088296549,0,0,0,0,0,0,0,0,0,0,0,0,0,0,0
"377137e62970b518f66505eab179329e",0.00238775558933788,0,0,0,0,0,0,0,0,0,0,0,0,0,0,0
"33a48735e8b1a35f14da8e944eb0d73a",0.00742857294460672,0,0,0,0,0,0,0,0,0,0,0,0,0,0,0
"32d2ffd5aac26382d511eb7ab897fc06",0.00875510382757221,0,0,0,0,0,0,0,0,0,0,0,0,0,0,0
"18ec5da6c765ede0c426af393f8ce656",0.175367382728037,0,0,0,0,0,0,0,0,0,0,0,0,0,0,0
"be49979e50fd98568304bc66173f624b",0.0098163285339446,0,0,0,0,0,0,0,0,0,0,0,0,0,0,0
"c80287fd598d09df08b50511b22020e5",0.0260000053061235,0,0,0,0,0,0,0,0,0,0,0,0,0,0,0
"1f56ffc2734d7ef8efb20201a6700725",0.00742857294460672,0,0,0,0,0,0,0,0,0,0,0,0,0,0,0
"99974302fcd8d2101cbc28c8141e0ee9",0.0132653088296549,0,0,0,0,0,0,0,0,0,0,0,0,0,0,0
"286e6b7f2a15a9ef97faca363e6a6800",0.0148571458892134,0,0,0,0,0,0,0,0,0,0,0,0,0,0,0
"6a4bca8a699c143a04caf781f0c1763c",0.00106122470637239,0,0,0,0,0,0,0,0,0,0,0,0,0,0,0
"dce9d93a9449b78d7b3f809249923607",0.00238775558933788,0,0,0,0,0,0,0,0,0,0,0,0,0,0,0
"7adc00fdff504740098679e91cb6844d",0.00106122470637239,0,0,0,0,0,0,0,0,0,0,0,0,0,0,0
"06246fa4c1b00ea76b5539442f32c012",0.019102044714703,0.0324491244085166,0.0387651536509727,0.0285631137027496,0.0415270895047202,0.0203043967479125,0.0217195693319681,0.0176390175067249,0,0.00129548110281715,0.00942263413361295,0.00290844787770558,0,0,0,0
"0c488eee4c6d02abb4e34df3ec16a09b",0.0713673615035432,0.0160462703119038,0.0317169438962503,0.0366470138073014,0.0332216716037762,0.031866622673807,0,0,0.00222590733547762,0.00595921307295891,0.0026576660376857,0,0,0,0,0
"496ed1835247fa310353bd53160fad4a",0.837040987151222,0,0,0,0,0,0,0,0,0,0,0,0,0,0,0
"67551524f244fa1d912a5ae3dc5321ac",0.0222857188338202,0,0,0,0,0,0,0,0,0,0,0,0,0,0,0
"8d5c57433a03e4329c7e6b3aaf6668a1",0.0400612326655577,0,0,0,0,0,0,0,0,0,0,0,0,0,0,0
"a1f67bd15d480d23ca73f40a62f815bb",0.000530612353186195,0,0,0,0,0,0,0,0,0,0,0,0,0,0,0
"e0ef60d7b52825a7bb99db1975db2d1b",0.00106122470637239,0,0,0,0,0,0,0,0,0,0,0,0,0,0,0
"803eb52cfe3d77bdf9fe14c011e425fb",0.000795918529779292,0,0,0,0,0,0,0,0,0,0,0,0,0,0,0
"3f5533292a655d0f54a64560d65e823b",0.000795918529779292,0,0,0,0,0,0,0,0,0,0,0,0,0,0,0
"7d695607cd250aaa3167220d1f1b4cf0",0.00318367411911717,0,0,0,0,0,0,0,0,0,0,0,0,0,0,0
"6684f6190e4f3e23278528086ae25685",0.00291836794252407,0,0,0,0,0,0,0,0,0,0,0,0,0,0,0
"7bc4b6055f77dc4acb835bf59f37bba2",0.0116734717700963,0,0,0,0,0,0,0,0,0,0,0,0,0,0,0
"600bb60d1fe6ae569792e6293dc1551d",0.000795918529779292,0,0,0,0,0,0,0,0,0,0,0,0,0,0,0
"e64aa0d53a0727d6fb6d3fcd8667e49d",0.0172449014785513,0,0,0,0,0,0,0,0,0,0,0,0,0,0,0
"b06e7e4b55119e4733d40e44a8abf70e",0.00477551117867575,0,0,0,0,0,0,0,0,0,0,0,0,0,0,0
"2d4f702bfdf848fddbfe1e84a30c73b1",0.199244938621416,0,0,0,0,0,0,0,0,0,0,0,0,0,0,0
"41b51f59463027a20d946656003a5f11",0.000530612353186195,0,0,0,0,0,0,0,0,0,0,0,0,0,0,0
"94acc4dffe893d4a1b62a868448573db",0.00716326676801363,0,0,0,0,0,0,0,0,0,0,0,0,0,0,0
"cd2e5cd5a48d09ea23594e5f99ad27ae",0.00212244941274478,0,0,0,0,0,0,0,0,0,0,0,0,0,0,0
"1f19176efd7a39631a702b95a9d4b247",0.00132653088296549,0,0,0,0,0,0,0,0,0,0,0,0,0,0,0
"371f00ae446e2e0a412ac4e6dcdacf85",0.062612257675971,0,0,0,0,0,0,0,0,0,0,0,0,0,0,0
"b6eff50a2aefce9119d1eeb59b28bbed",0.000795918529779292,0,0,0,0,0,0,0,0,0,0,0,0,0,0,0
"c4118088ab2644671a1d9d540c060b19",0,0,0,0,0,0,0,0,0,0,0,0,0.0061014674029104,0.0213737460735637,0.0168525124287279,0.113873600303663
"dc9b83b9dbf521d0d0b0e1576e44d06a",0,0.0153331027424859,0.0176205243868058,0.0145510201881932,0.0193793084355361,0.00169203306232604,0.0217195693319681,0,0.0017807258683821,0.00259096220563431,0.00120803001712987,0,0,0,0,0
"fd52abdc1862787fdca2f0d9cab6999e",0.00159183705955858,0,0,0,0,0,0,0,0,0,0,0,0,0,0,0
"b083efba34da97dfc1a6fa6864721978",0.00132653088296549,0,0,0,0,0,0,0,0,0,0,0,0,0,0,0
"c97244fcde2f912b5f515df2d4803f23",0.040857151195337,0,0,0,0,0,0,0,0,0,0,0,0,0,0,0
"01a540c3219dcfac8683674bf53a3d63",0.0307755164847993,0,0,0,0,0,0,0,0,0,0,0,0,0,0,0
"1071b98661dd8853c0e46701d6b23af6",0.0159183705955858,0,0,0,0,0,0,0,0,0,0,0,0,0,0,0
"f20eb21e67f757812108449fe407b3c0",0.00530612353186195,0,0,0,0,0,0,0,0,0,0,0,0,0,0,0
"8b15a3b964e89068f45a7b48912eb1b1",0.000795918529779292,0,0,0,0,0,0,0,0,0,0,0,0,0,0,0
"cddb01a0b240945aa6ebe58ae541cea2",0.00344898029571026,0,0,0,0,0,0,0,0,0,0,0,0,0,0,0
"eea1a23b6354f47190568b72cf235aa2",0.0941836926905495,0,0,0,0,0,0,0,0,0,0,0,0,0,0,0
"938444186689c6c81498c229f4fdfc25",0.00318367411911717,0,0,0,0,0,0,0,0,0,0,0,0,0,0,0
"0eb81b066b350fa8fb0846020748be98",0.0305102103082062,0,0,0,0,0,0,0,0,0,0,0,0,0,0,0
"49c907377454c6980ff0a520fe40abe2",0.168469422136617,0,0,0,0,0,0,0,0,0,0,0,0,0,0,0
"5a68a3cca9a0816f321222936d3c0cb8",0.068183687384426,0,0,0,0,0,0,0,0,0,0,0,0,0,0,0
"b8b153dc28937eced2dad92fa7f542cb",0.00451020500208265,0,0,0,0,0,0,0,0,0,0,0,0,0,0,0
"c89a45b41422aafe60c0768f7c417017",0.00716326676801363,0,0,0,0,0,0,0,0,0,0,0,0,0,0,0
"6c75b6547a775bd435d6121ea181a298",0.0193673508912961,0,0,0,0,0,0,0,0,0,0,0,0,0,0,0
"ca8aae833263295a5d0b4d66b8c06fdb",0.0307755164847993,0,0,0,0,0,0,0,0,0,0,0,0,0,0,0
"520e1fc076185aa3704e9367026eabde",0.0939183865139564,0,0,0,0,0,0,0,0,0,0,0,0,0,0,0
"ee84ea845fe5d8d3ed55ae230c5b7e62",0.0384693956059991,0,0,0,0,0,0,0,0,0,0,0,0,0,0,0
"585e90bf1c66fcff8dcf4f2d24aba2cd",0.0214898003040409,0,0,0,0,0,0,0,0,0,0,0,0,0,0,0
"f652e7d536f18c98ef07c023937cfdb7",0.0315714350145786,0,0,0,0,0,0,0,0,0,0,0,0,0,0,0
"ff2a3877c5cf4808816900f51bc130ba",0.122836759762604,0,0,0,0,0,0,0,0,0,0,0,0,0,0,0
"7c4029c77a50ad0582c758eabe8c1410",0.205346980683057,0,0,0,0,0,0,0,0,0,0,0,0,0,0,0
"300fe288268b05ea9ab54feeaac5ac13",0.0485510303165368,0,0,0,0,0,0,0,0,0,0,0,0,0,0,0
"45f57e55f2f3051645343e39b90396ec",0.0315714350145786,0,0,0,0,0,0,0,0,0,0,0,0,0,0,0
"272d242be70431c313d5d6dae118135b",0.00557142970845504,0,0,0,0,0,0,0,0,0,0,0,0,0,0,0
"8f6a4548e8c753fccd437d31436c020d",0.00636734823823433,0,0,0,0,0,0,0,0,0,0,0,0,0,0,0
"5e959d819d617ba5c3bb460168df485d",0.00212244941274478,0,0,0,0,0,0,0,0,0,0,0,0,0,0,0
"191627a5d4511a32856d4a033e4bf1cb",0.013530615006248,0,0,0,0,0,0,0,0,0,0,0,0,0,0,0
"ff4f8ed709d325dc85df91881e419164",0.00318367411911717,0,0,0,0,0,0,0,0,0,0,0,0,0,0,0
"50addb775b43dc6766013d2b80081ce3",0.0127346964764687,0,0,0,0,0,0,0,0,0,0,0,0,0,0,0
"7c6227f972ed1626eab4256030f39631",0.0095510223573515,0,0,0,0,0,0,0,0,0,0,0,0,0,0,0
"908b89aa5bac523dd293e900d0677895",0.0222857188338202,0,0,0,0,0,0,0,0,0,0,0,0,0,0,0
"4139c4822f132d488656de979a812b96",0.00557142970845504,0,0,0,0,0,0,0,0,0,0,0,0,0,0,0
"95d0db82a69ee10f3b5ed0f06ba96949",0.128673495647652,0,0,0,0,0,0,0,0,0,0,0,0,0,0,0
"f1baa928afe50a32873c14a5a0e63f2d",0.0092857161807584,0,0,0,0,0,0,0,0,0,0,0,0,0,0,0
"4ca427ab336fc6142916043c5e209596",0,0,0,0,0,0.000564011020775346,0,0,0,0,0,0,0,0,0,0
"ac96db42031919a640395a42626c4cfe",0.0111428594169101,0,0,0,0,0,0,0,0,0,0,0,0,0,0,0
"87db021bd3fb687eba7b420338158435",0,0.00320925406238077,0,0.00161678002091035,0,0.00366607163503975,0,0,0.00089036293419105,0.00207276976450745,0.00120803001712987,0,0,0,0,0
"451acf82a2350fce17f55d27708aa232",0,0,0,0,0,0,0,0,0,0,0.0036240900513896,0.00484741312950931,0.0122029348058208,0.0134575438240957,0.00561750414290931,0
"8f6e77dd37d82d5d60ee21867f52f9e4",0.00451020500208265,0,0,0,0,0,0,0,0,0,0,0,0,0,0,0
"19cfc988be2bc698e4e8e24f3c017dad",0.165020441840907,0,0,0,0,0,0,0,0,0,0,0,0,0,0,0
"37e77987f6db9eb8df82f8185f8440b7",0.0132653088296549,0,0,0,0,0,0,0,0,0,0,0,0,0,0,0
"fd4dc2d3654041c497b3d8e6cee4d18b",0.266898013652656,0,0,0,0,0,0,0,0,0,0,0,0,0,0,0
"201a9f507c9b354eb162adf1f311c607",0.0527959291420264,0.00392242163179872,0.0140964195094446,0.00754497343091499,0,0.00253804959348906,0,0,0.00155813513483434,0,0,0.00310234440288596,0,0.00284983280980849,0,0
"f036998f7c6ae9f7b01b50adfca811a3",0.00132653088296549,0,0,0,0,0,0,0,0,0,0,0,0,0,0,0
"9591914f1b4272813c5d24f968e4ca81",0.00344898029571026,0,0,0,0,0,0,0,0,0,0,0,0,0,0,0
"dfba8e8bfc169f25150d154a466d4477",0.00106122470637239,0,0,0,0,0,0,0,0,0,0,0,0,0,0,0
"da47a34fd036b068ca0c5eaf185e2082",0.181734730966272,0.570534055534359,0.440513109670144,0.438686312340343,0.927438332272085,0.460232992952682,0.238915262651649,0.286634034484279,0.211016015403279,0.208572457553562,0.208022768949763,0.159382943698266,0.125080081759663,0.0739373290100314,0,0
"7e3579bed6d01cac3f73b2e45ee36852",0,0,0,0,0,0,0,0,0,0,0.000483212006851946,0,0,0,0,0
"817555c3b5d93664c38e8fbec64eba2e",0,0.0242476973602102,0,0,0,0.0172023361336481,0,0,0,0,0.0149795722124103,0.0323807197051222,0,0.048288833721755,0.12077633907255,0.183463022711457
"2919ca12aa75e54dc25b4e3750d8712c",0,0,0,0,0,0,0,0,0,0,0,0,0,0.000316648089978721,0,0
"613cd0ab8ed46a361940e06efaecdb6d",0.341183743098723,0,0,0,0,0,0,0,0,0,0,0,0,0,0,0
"a890e281ef9de265199252d45d16a904",0.0161836767721789,0,0,0,0,0,0,0,0,0,0,0,0,0,0,0
"6533ef83a51929f69e6f95d7a59a421c",0.104265327401087,0,0,0,0,0,0,0,0,0,0,0,0,0,0,0
"37a53b3aab9bc373c583f6be8ab1d858",0.0132653088296549,0,0,0,0,0,0,0,0,0,0,0,0,0,0,0
"3badde1c4760a921d723409ee05fead0",0.0127346964764687,0.096634205656132,0.0281928390188892,0.101857141317352,0.127349741147809,0.10180398924995,0.0217195693319681,0.0529170525201746,0.0327208378315211,0.087833618771003,0.100991309432057,0.0763952309210667,0.0488117392232832,0.042589168102138,0.0393225290003651,0.0316315556399064
"73e316aef3faef6abf714c6a2802f409",0.000795918529779292,0.000713167569417948,0,0,0,0,0,0,0,0,0,0.000387793050360744,0,0.00110826831492552,0,0
"4d5eeba41b7a507f54023d01ce1fb31a",0.00716326676801363,0,0,0,0,0,0,0,0,0,0,0,0,0,0,0
"8b6c39d6fb07636b4e870fe0bb1803cc",0.00397959264889646,0,0,0,0,0,0,0,0,0,0,0,0,0,0,0
"58775dbd44f0df19b94bc37ab4e4c579",0.0116734717700963,0,0,0,0,0,0,0,0,0,0,0,0,0,0,0
"084437b858d3fa8724b6da08a434b92f",0.00212244941274478,0,0,0,0,0,0,0,0,0,0,0,0,0,0,0
"82eeb8631b1f7982fd141bbf2ed2f4dc",0.0559796032611435,0,0,0,0,0,0,0,0,0,0,0,0,0,0,0
"d7e616d63605ffd0d9129244621edbfc",0.0360816400166612,0,0,0,0,0,0,0,0,0,0,0,0,0,0,0
"9c90a0c962c8b6283f7a71b644fce90c",0.25442862335278,0,0,0,0,0,0,0,0,0,0,0,0,0,0,0
"e367941e1e567e6ca872d51930564433",0.00504081735526885,0,0,0,0,0,0,0,0,0,0,0,0,0,0,0
"36822e5c96ad047bd5a4d78c9ebfe7f6",0.0103469408871308,0,0,0,0,0,0,0,0,0,0,0,0,0,0,0
"5901c122dbe9545a6149416c6397f234",0.0148571458892134,0,0,0,0,0,0,0,0,0,0,0,0,0,0,0
"8913bd6e6eb2b354098d2f01d9b65391",0.00185714323615168,0,0,0,0,0,0,0,0,0,0,0,0,0,0,0
"67d673cfb165578d52df1cfbd958a5c9",0.0095510223573515,0,0,0,0,0,0,0,0,0,0,0,0,0,0,0
"a0138f57c9f1b4f6a71bceb94b56572f",0.016448982948772,0,0,0,0,0,0,0,0,0,0,0,0,0,0,0
"89be024198d6c2575cdec2fecfd9129a",0.0265306176593097,0,0,0,0,0,0,0,0,0,0,0,0,0,0,0
"ed09d7afbe54912303e1d4ad8b7b1d32",0.0143265335360273,0,0,0,0,0,0,0,0,0,0,0,0,0,0,0
"0717587ee3e819d58ad9801323db963c",0.0111428594169101,0,0,0,0,0,0,0,0,0,0,0,0,0,0,0
"25c54c57b4a4283237b33fdae82003c0",0.00504081735526885,3.47205631171128,1.65280518748238,2.00965756599157,4.14163505993743,2.05412813766381,1.35281888981973,1.27000926048419,0.66153966010395,0.74541982656099,0.463158708567591,0.239074415547399,0.204399157997498,0.0785287263147229,0.0842625621436396,0.0664262668438034
"1bfb8e6cb930a8c9ef5d52ea4ba2fd40",0,0,0,0,0,0.000846016531163019,0,0,0,0,0,0,0,0,0,0
"945e47119242497c2e0bc5b3c6b6ba8e",0.0185714323615168,0,0,0,0,0.00112802204155069,0,0,0.00155813513483434,0.00310915464676117,0.0558109867913998,0.138636015503966,0.109826413252387,0.148982926334988,0.224700165716372,0.129689378123616
"7935c8ea2b1b44460993759d6d1cd5da",0.00875510382757221,0,0,0,0,0,0,0,0,0,0,0,0,0,0,0
"58ed3302b41e8d33d7b483d7c0d975f3",0.00795918529779292,0,0,0,0,0,0,0,0,0,0,0,0,0,0,0
"bcf2fe85a3275fa10a9f66d32e565fa4",0.00212244941274478,0,0,0,0,0,0,0,0,0,0,0,0,0,0,0
"0d01943ed06ec0c8998ac39665f5452a",0.0474898056101644,0,0,0,0,0,0,0,0,0,0,0,0,0,0,0
"1b93fe44c90e856e28e8586500b42103",0.0140612273594342,0,0,0,0,0,0,0,0,0,0,0,0,0,0,0
"6ba0ef08127bd8337916b772638d3744",0.00132653088296549,0,0,0,0,0,0,0,0,0,0,0,0,0,0,0
"924ba8e00fb9f76de6bf217aac8ca9d4",0,0.00784484326359743,0.0176205243868058,0,0.00553694526729603,0.0124082424570576,0.00930838685655776,0,0,0.00570011685239547,0.00314087804453765,0.00252065482734484,0,0.00142491640490425,0,0
"f654394f0d0084baf14a287ec94d12aa",0.00318367411911717,0,0,0,0,0,0,0,0,0,0,0,0,0,0,0
"41d1c01fdc01041978b943ebfa386bdb",0.0480204179633506,0,0,0,0,0,0,0,0,0,0,0,0,0,0,0
"f88d741fc5f4fa1ec110a6aafc7393f2",0.0137959211828411,0,0,0,0,0,0,0,0,0,0,0,0,0,0,0
"aa15b94e77f3955a73a15e15187b6482",0.335612313390268,0,0,0,0,0,0,0,0,0,0,0,0,0,0,0
"53cc13652f54147209456977b76cea50",0.0114081655935032,0,0,0,0,0,0,0,0,0,0,0,0,0,0,0
"123c678eddb7c7e2b7393ca738c84596",0.0843673641566049,0,0,0,0,0,0,0,0,0,0,0,0,0,0,0
"cbe80782cb7eff2eb8427fae47b49d1a",0.238775558933788,0,0,0,0,0,0,0,0,0,0,0,0,0,0,0
"d2324169a6d55451e2666edc82665cba",0.0461632747271989,0,0,0,0,0,0,0,0,0,0,0,0,0,0,0
"947e4a587725a525a54833c06fcbab42",0.0461632747271989,0,0,0,0,0,0,0,0,0,0,0,0,0,0,0
"bd1731c0114c40d5784dd170ea5f3422",0.0965714482798874,0,0,0,0,0,0,0,0,0,0,0,0,0,0,0
"fac97a83c02393096a49a357cb0e0f28",0.0241428620699719,0,0,0,0,0,0,0,0,0,0,0,0,0,0,0
"46eaee59b82f8e55b9c35947a8c22824",0.00848979765097911,0,0,0,0,0,0,0,0,0,0,0,0,0,0,0
"bc3c95276ce632909affc67f9294bde6",0.0520000106122471,0,0,0,0,0,0,0,0,0,0,0,0,0,0,0
"0b736ddea36ed16291fa058fe28061f8",1.65365339870478,0,0,0,0,0,0,0,0,0,0,0,0,0,0,0
"4bac007f22152b0afd81f2d32ec400c5",0.110102063286135,0,0,0,0,0,0,0,0,0,0,0,0,0,0,0
"8cc30cd689a26a6e2a699449745a088e",0.0228163311870064,0,0,0,0,0,0,0,0,0,0,0,0,0,0,0
"2f268057d1214383b781ce20ac322b13",0.00344898029571026,0,0,0,0,0,0,0,0,0,0,0,0,0,0,0
"f254d2cc030e8a1ed05861537c4dfe86",0.000265306176593097,0,0,0,0,0,0,0,0,0,0,0,0,0,0,0
"a09579da0b2f87eae05c1c9886c4bfc7",0.0254693929529373,0,0,0,0,0,0,0,0,0,0,0,0,0,0,0
"99b7d01a509e8d23e7ea8ddc8c916745",0.00318367411911717,0,0,0,0,0,0,0,0,0,0,0,0,0,0,0
"1f09f246b167ceaa862b68be6e9f3442",0.00132653088296549,0,0,0,0,0,0,0,0,0,0,0,0,0,0,0
"97c2c7e8cc5a28811906eda58edb16ec",0.00371428647230336,0,0,0,0,0,0,0,0,0,0,0,0,0,0,0
"7cdebc400e62034e50c2a3b6db84a0d3",0.000795918529779292,0,0,0,0,0,0,0,0,0,0,0,0,0,0,0
"9b81b6e45f605a8664136716c1f36aa2",0.00185714323615168,0,0,0,0,0,0,0,0,0,0,0.00542910270505042,0,0,0,0
"6f7d070bd4cfaa09a69bba0e1d046a44",0.00159183705955858,0,0,0,0,0,0,0,0,0,0,0,0,0,0,0
"69dee006368ff49af541d111152b40c6",0,0.00427900541650769,0,0.00269463336818392,0.00553694526729603,0.00282005510387673,0,0,0,0,0,0,0,0,0,0
"c6f278d31a988e901dc047ef3153fbb1",0,0,0,0,0,0.000564011020775346,0,0,0,0,0,0,0,0,0,0
"e144d237c973d831d708cac2c17df968",0.0100816347105377,1.25018274918966,1.49774457287849,0.95713377237893,1.42022646106143,0.685837401262821,0.285457196934438,0.401287648277991,0.151584289546026,0.190694818334685,0.21478773704569,0.105285813172942,0.0671161414320144,0.215004053095552,0.398842794146561,0.221420889479345
"b9a98bd6fcede4fa31c9da7f86747666",0,0,0,0,0,0,0,0,0,0,0,0,0,0.0177322930388084,0,0
"b0c57e0ed7d0bca22ad86fa554a57a0c",0.00795918529779292,0,0,0,0,0,0,0,0,0,0,0,0,0,0,0
"3ef47d732a719a9c649132016afeb5e2",0.0209591879508547,0,0,0,0,0,0,0,0,0,0,0,0,0,0,0
"3e0420c192ee113f95af0dafffa3c3d7",0.00212244941274478,0,0,0,0,0,0,0,0,0,0,0,0,0,0,0
"2e3414cd356e335e4f675efeb43938b3",0.0260000053061235,0,0,0,0,0,0,0,0,0,0,0,0,0,0,0
"a2bed1579fba6884369c1b3173330800",0.00557142970845504,0,0,0,0,0,0,0,0,0,0,0,0,0,0,0
"9212e9ff21fa9b50699aad28af029c33",0.00291836794252407,0,0,0,0,0,0,0,0,0,0,0,0,0,0,0
"5e05ab394eb8af522fe62a10d8c28445",0.00132653088296549,0,0,0,0,0,0,0,0,0,0,0,0,0,0,0
"3d69ca950aaaf9f351e4139369d78236",0.00159183705955858,0,0,0,0,0,0,0,0,0,0,0,0,0,0,0
"a873a33b303c266754138e274bcb835f",0.00212244941274478,0,0,0,0,0,0,0,0,0,0,0,0,0,0,0
"5088bc096c191a333932a605b066096f",0.00212244941274478,0,0,0,0,0,0,0,0,0,0,0,0,0,0,0
"b0c56ead300fe6c57f4fc02a1a2f03bd",0.00132653088296549,0,0,0,0,0,0,0,0,0,0,0,0,0,0,0
"2990b08e6fdd30ce626c1f5d8d026587",0.0092857161807584,0,0,0,0,0,0,0,0,0,0,0,0,0,0,0
"668b888b470fb300314dd012a056e5ea",0.00106122470637239,0,0,0,0,0,0,0,0,0,0,0,0,0,0,0
"3ec5ac546f36cb0a6d6b41ea94437fd6",0.00451020500208265,0,0,0,0,0,0,0,0,0,0,0,0,0,0,0
"ce3debe377068d91443c07c23728742c",0.00530612353186195,0,0,0,0,0,0,0,0,0,0,0,0,0,0,0
"659345ab0b295a524c8158295f1b7e49",0.00318367411911717,0,0,0,0,0,0,0,0,0,0,0,0,0,0,0
"8bf2d32646e2f8940a7204828fdeb654",0.00185714323615168,0,0,0,0,0,0,0,0,0,0,0,0,0,0,0
"33ee5a4f23a0bf945ce5b4ffa11feef5",0,0.00249608649296282,0,0,0,0,0,0,0,0.00492282819070518,0.00241606003425973,0.00387793050360744,0,0.00284983280980849,0,0
"e8a86642422a282bb8095b927d653eaf",0,0,0,0.00161678002091035,0,0,0,0,0,0,0,0,0,0,0,0
"b7a2f949d87f6ce14145811c2d2974af",0.0193673508912961,0,0,0,0,0,0,0,0,0,0,0,0,0,0,0
"e75fd72fb216d3d4c964602d8c338f65",0,0.00249608649296282,0,0,0,0,0,0,0.00111295366773881,0.00129548110281715,0.00241606003425973,0.000775586100721489,0,0,0,0
"3d7b139f39141ba112868fcf7236158e",0.00185714323615168,0,0,0,0,0,0,0,0,0,0,0,0,0,0,0
"fe53e16940fd4ac540adc0d7c5d73841",0,0,0,0,0,0.00141002755193836,0,0,0,0,0,0,0,0,0,0
"b9779a83e705307c6596e4741240726c",0.00848979765097911,0,0,0,0,0,0,0,0,0,0,0,0,0,0,0
"8fabb679415fe6a9969015076873e211",0.196326570678892,0,0,0,0,0,0,0,0,0,0,0,0,0,0,0
"48d3df1c8c87428a5ef19a3ea0a4c6d1",0.148836765068728,0,0,0,0,0,0,0,0,0,0,0,0,0,0,0
"160417c8184691818a991a146e5402d7",0,0.00320925406238077,0,0,0,0,0,0,0,0,0,0,0,0,0,0
"8e6faab8acc1bdcba46f098a739aec14",0,0,0,0.00215570669454714,0,0,0,0,0.00111295366773881,0,0,0,0,0,0,0
"5eea14d9885768eafe3cd046a6e975a7",0.00132653088296549,0,0,0,0,0,0,0,0,0,0,0,0,0,0,0
"e3083a5858ffbe913e0c1a70a8cf6919",0.00344898029571026,0,0,0,0,0,0,0,0,0,0,0,0,0,0,0
"cdfbfbaaeefc8ad48995e3953a7ed409",0.00477551117867575,0,0,0,0,0,0,0,0,0,0,0,0,0,0,0
"b13f720636b1c50245daf019257f2c37",0.00318367411911717,0,0,0,0,0,0,0,0,0,0,0,0,0,0,0
"32ae6575d9d3e427dc9f898f16f33087",0.00185714323615168,0,0,0,0,0,0,0,0,0,0,0,0,0,0,0
"edb2c105974cb9358cbb2a34fb4b93d8",0.00132653088296549,0,0,0,0,0,0,0,0,0,0,0,0,0,0,0
"6f740d9776105d08cb826e9c2e6db049",0,0,0,0.00107785334727357,0,0,0,0,0,0,0,0,0,0,0,0
"a07f3b457d225ac97e915f62126f9051",0.00132653088296549,0,0,0,0,0,0,0,0,0,0,0,0,0,0,0
"400fe0a1f19db5477c9e37d1f2efcef3",0.00238775558933788,0,0,0,0,0,0,0,0,0,0,0,0,0,0,0
"e8ebb25bac25954fb7adbde26e956cb6",0.00185714323615168,0,0,0,0,0,0,0,0,0,0,0,0,0,0,0
"19f57e5afe22be9a7efe64bedb272f7d",0.0103469408871308,0,0,0,0,0,0,0,0,0,0,0,0,0,0,0
"79731579b17268e3805c05662db8b5a6",0.00265306176593097,0,0,0,0,0,0,0,0,0,0,0,0,0,0,0
"d5ba4ee44ca72bb2c78ee918d3d0707d",0.068183687384426,0,0,0,0,0,0,0,0,0,0,0,0,0,0,0
"475e27bf3e60bc624563dd2d438e0a64",0.0480204179633506,0,0,0,0,0,0,0,0,0,0,0,0,0,0,0
"d8c78611226dae60111f022dc0a9f947",0.0684489935610191,0,0,0,0,0,0,0,0,0,0,0,0,0,0,0
"70d288ad69e9db19c1dac3bf211eaeb9",0.0660612379716812,0,0,0,0,0,0,0,0,0,0,0,0,0,0,0
"e1abbababbc410f2f1faa24f6ccbc7f9",0.564040931436925,0,0,0,0,0,0,0,0,0,0,0,0,0,0,0
"0ac09c35a4ef5356c779c2c282c506a1",0.0936530803373633,0,0,0,0,0,0,0,0,0,0,0,0,0,0,0
"62e1d1dac671aff6e6dc206418fd79c6",0,0,0,0,0,0,0,0,0,0.000518192441126861,0.000724818010277919,0.00193896525180372,0,0,0,0
"1bb528201a9ce27b647d4d0f9c6d01fb",0,0,0,0,0,0,0,0,0,0,0,0,0,0.000949944269936164,0,0
"d16549567d9b503e05d935bd5ca038a6",0.0137959211828411,0,0,0,0,0,0,0,0,0,0,0,0,0,0,0
"118cef48f6a595357192f8fe289c2df2",0.000795918529779292,0,0,0,0,0,0,0,0,0,0,0,0,0,0,0
"919c50490dbc9552a946f26b32c4ae12",0.188102079204506,0,0,0,0,0,0,0,0,0,0,0,0,0,0,0
"0dda2781d785ae2fff6a81eabdeb9143",0.0854285888629773,0,0,0,0,0,0,0,0,0,0,0,0,0,0,0
"cbbd3fd672febff085d5ca40c28282da",0,0,0,0.00538926673636785,0,0,0,0,0,0,0,0,0,0,0,0
"cfa7e5524c99aac7db9399503a7e846a",0,0.00677509190947051,0,0.0123953134936461,0,0.00874217082201786,0.0186167737131155,0,0,0,0,0,0,0,0,0
"26897509b56c5bcf18626b728a146bca",0.0254693929529373,0,0,0,0,0,0,0,0,0,0,0,0,0,0,0
"5346417a16a786a9003aaee8d9cf6253",0.0488163364931299,0,0,0,0,0,0,0,0,0,0,0,0,0,0,0
"fde5fbd4507f68a2eabc92fb449d9965",0,0.00998434597185128,0.0281928390188892,0,0,0.00507609918697811,0,0.0352780350134497,0.0193653938186553,0.0292778729236677,0.026818266380283,0.0120215845611831,0,0.00459139730469146,0,0
"b9894ecd47f62b16d09553eba88c3e8d",0,0,0,0.00754497343091499,0,0,0,0,0,0,0.00942263413361295,0,0,0,0,0
"cf506e6252da1013261a93132ed38efe",0,0,0,0.00269463336818392,0,0,0,0,0,0,0,0,0,0,0,0
"21cff8afa99fd812a66ca2e7c53e8fda",0.00557142970845504,0,0,0,0,0,0,0,0,0,0,0,0,0,0,0
"abaecd8b82d14efc7ccc4dcb7f864cba",0,0.0103409297565603,0,0.00808390010455177,0.0193793084355361,0.00197403857271371,0,0.0440975437668122,0.0242623899567061,0.0295369691442311,0.0137715421952805,0.0131849637122653,0.0091522011043656,0.00348312898976593,0,0
"c3fb8f32d5ff76839b6ffcee6dd67328",0.00663265441482743,0,0,0,0,0,0,0,0,0,0,0,0,0,0,0
"2c46a6bd519e153e57e33cbee296bb41",0,0,0,0,0,0,0,0,0,0,0,0.00135727567626261,0,0.00870782247441483,0,0.0158157778199532
"5d09f55ef260c01efb18315a666b6199",0.00504081735526885,0,0,0,0,0,0,0,0,0,0,0,0,0,0,0
"4277458ff73b444855fb03eaf11e4ab5",0.000795918529779292,0,0,0,0,0,0,0,0,0.00129548110281715,0,0,0,0,0,0
"82864a780f7d57947ef3451dd7539740",0.0400612326655577,0,0,0,0,0,0,0,0,0,0,0.00271455135252521,0,0.0166240247238829,0.0112350082858186,0
"cd1f95189b8375347f827f4a8b08dcf7",2.23653106867981,0,0,0,0,0,0,0,0,0,0,0,0,0.00158324044989361,0,0
"f7f87d90b1d55c8ef8d7ea8f99e72018",0.00185714323615168,0,0,0,0,0,0,0,0,0,0,0,0,0,0,0
"1352ecafaa4f51b95bedc9b026136ba0",0.00530612353186195,0,0,0,0,0,0,0,0,0,0,0,0,0,0,0
"e4486fa2f00016fa6078468bfe73bb89",0,0.00320925406238077,0,0.00161678002091035,0,0.00423008265581509,0,0,0.00111295366773881,0,0.0036240900513896,0,0,0.00126659235991488,0,0
"138ba6e05643a696295fc4a8ee67406c",0,0,0,0,0,0,0,0,0,0.00388644330845146,0,0.0034901374532467,0,0,0,0
"421b4676c5bde303e399360e708db7fc",0.0172449014785513,0,0,0,0,0,0,0,0,0,0,0,0,0,0,0
"5fda016714ed5f6d8bbfc918786e8525",0.00371428647230336,0,0,0,0,0,0,0,0,0,0,0,0,0,0,0
"b04b7cec6f00435b186177833dba9e0c",0.00769387912119982,0,0,0,0,0,0,0,0,0,0,0,0,0,0,0
"d0ee8cd5ce16c3dcf15fe70d87a7b4b5",0.00742857294460672,0,0,0,0,0,0,0,0,0,0,0,0,0,0,0
"11506c8de798b3e79303f7afc3d782b6",0.00291836794252407,0,0,0,0,0,0,0,0,0,0,0,0,0,0,0
"89dfaf0aa4a8af8e27a826ba8dd97044",0,0,0,0,0,0.00197403857271371,0,0,0.0988302856952065,0.0826516943597344,0.00314087804453765,0.00407182702878782,0,0.00680793393454251,0.0140437603572733,0
"fb3e6be0517e6c8b7a27582c871b2ab3",0.00371428647230336,0,0,0,0,0,0,0,0,0,0,0,0,0,0,0
"da131e54714432d2efe40ba671d42f55",0.0960408359267012,0,0,0,0,0,0,0,0,0,0,0,0,0,0,0
"6575c99cec435a76668a7c45a05dd227",0.0291836794252407,0,0,0,0,0,0,0,0,0,0,0,0,0,0,0
"d6fd8cc30f52c997d8a550fdb5b27dfd",0.151755133011252,0,0,0,0,0,0,0,0,0,0,0,0,0,0,0
"b7806c4f83108800a9c32dc83c148d95",0,0.536302012202297,0.532139836481534,0.286170063701133,0.719802884748484,0.334176529809392,0.27614881007788,0.679102174008908,0.154032787615052,0.256505258357796,0.484420036869076,0.666228460519759,0.231855761310595,0.280866855811126,0.20503890121619,0.272031378503195
"9e679d7c299efc7140f026781b04d72c",0.02997959795502,0,0,0,0,0,0,0,0,0,0,0,0,0,0,0
"eccd8d734ee6af96b42328e6e5a1d507",0,0,0,0,0,0,0,0,0,0,0,0,0,0.000316648089978721,0,0
"25f9dbd6c37925f1be38fa56d2908617",0.00530612353186195,0,0,0,0,0,0,0,0,0,0,0,0,0,0,0
"58b2cf308363fb35b932620518786116",0.010877553240317,0,0,0,0,0.000846016531163019,0,0,0.00111295366773881,0.00803198283746635,0.00652336209250127,0.00465351660432893,0,0.00205821258486169,0,0
"af4077b83626bed3fca2dfbdf7cb9f90",0,0,0,0,0,0,0,0,0,0,0,0,0,0.000791620224946803,0,0
"554686cea3283b156638818673bd7f53",0.00424489882548956,0,0,0,0,0,0,0,0,0,0,0,0,0,0,0
"2e4e10f885aac2233d05e4b46571c20d",0.00769387912119982,0,0,0,0,0,0,0,0,0,0,0,0,0,0,0
"06bb48a671163cdd75613e80ef87b92d",0,0,0,0,0,0,0,0,0,0.00103638488225372,0.000966424013703893,0.00135727567626261,0,0,0,0
"efee85b044faa2ad388a0ad03caa1ab0",0.00795918529779292,0,0,0,0,0,0,0,0,0,0,0,0,0,0,0
"08c5a92f42b9bd6cf258a65dc845fd17",0.0185714323615168,0,0,0,0,0,0,0,0,0,0,0,0,0,0,0
"dc22433569281cc665fba3df53e3f566",0.198449020091637,0,0,0,0,0,0,0,0,0,0,0,0,0,0,0
"4597728556b60e620b133a6bac86bcfc",0.0233469435401926,0,0,0,0,0,0,0,0,0,0,0,0,0,0,0
"daa33b68bffced185af681590ffd372e",0.0122040841232825,0,0,0,0,0,0,0,0,0,0,0,0,0,0,0
"b8be4a864e591a2801a0b9194efc1060",0.0976326729862598,0,0,0,0,0,0,0,0,0,0,0,0,0,0,0
"fa7c27da02160cd4642de54d236e78fc",0.0520000106122471,0,0,0,0,0,0,0,0,0,0,0,0,0,0,0
"b180a2455b236c103cf0bfe620095736",1.13206145552275,0,0,0,0,0,0,0,0,0,0,0,0,0,0,0
"299ccc8e8ff39974e43c21db8583539d",0.0549183785547711,0,0,0,0,0,0,0,0,0,0,0,0,0,0,0
"4c31c3e198534eab45b6d92b61f75b10",0,0.0745260110041756,0.0810544121793065,0.077605441003697,0.119044323246865,0.0871397027097909,0,0,0.058986544390157,0.131879976266786,0.0891526152641841,0.0814365405757563,0.061014674029104,0.0270734116931807,0,0
"be9dcf562f0ab066c0b252d527a42d19",0,0.490659287759548,0.472230053566394,0.490423273009474,0.869300406965477,0.497457720323855,0.266840423221322,0.445385192044803,0.221255189146476,0.53322002191954,0.37738857735137,0.25012651748268,0.061014674029104,0.0742539771000101,0.0898800662865489,0.0727525779717847
"8bc8eb4392eecf9f922bfb55df2c4144",0,0.027456951422591,0,0.0269463336818392,0,0.0225604408310138,0,0,0.0111295366773881,0.0243550447329625,0.017637238250096,0.0135727567626261,0,0,0,0
"a039c1ac15b3f4bc5cf1db8a5f1cc0fd",0,0.195051330235809,0.18325345362278,0.209103549371073,0.326679770770466,0.183303581751987,0.145831394086072,0.127882876923755,0.121311949783531,0.239923100241737,0.19618407478189,0.1353397745759,0.131181549162574,0.0462306211368933,0.0477487852147291,0
"6dbf54dfd0a3207126af074af10be296",0.123102065939197,0,0,0,0,0,0,0,0,0,0,0,0,0,0,0
"bab46dfd2ebedb1ecc30e955eb423156",0.038204089429406,0,0,0,0,0,0,0,0,0,0,0,0,0,0,0
"c93a843b39949238201808402b1961af",0.00477551117867575,0,0,0,0,0,0,0,0,0,0,0,0,0,0,0
"2b810d05c55b0e9f8dda84a275803f71",0.00477551117867575,0,0,0,0,0,0,0,0,0,0,0,0,0,0,0
"9ab23c4d99ca81eaa9c30826e3201dd4",0.249387805997511,0,0,0,0,0,0,0,0,0,0,0,0,0,0,0
"a27f37aae2a34101f8a61c6f0b1cd246",0.613122574106648,0,0,0,0,0,0,0,0,0,0,0,0,0,0,0
"64fc10f0a6641c24f1fc81c23d55d3b7",0.0530612353186195,0,0,0,0,0,0,0,0,0,0,0,0,0,0,0
"0916b03c8a001547e1909d8a2fe6178e",0.000530612353186195,0,0,0,0,0,0,0,0,0,0,0,0,0,0,0
"e111f26c316c8b919015c64090c7cdef",0.0642040947355295,0,0,0,0,0,0,0,0,0,0,0,0,0,0,0
"8fd7af3fd41ce627d8be20317e594132",0.0451020500208265,0,0,0,0,0,0,0,0,0,0,0,0,0,0,0
"1034f9305f9e8af991841f0741e8ce44",0.0177755138317375,0,0,0,0,0,0,0,0,0,0,0,0,0,0,0
"e7baf16c3258bdcf8af64b53aa373771",0.00769387912119982,0,0,0,0,0,0,0,0,0,0,0,0,0,0,0
"aaa707342b1a12423de93e29ef0fb102",0.00159183705955858,0,0,0,0,0,0,0,0,0,0,0,0,0,0,0
"e71d7fce3b720ea2b97354f4a94a19a7",0.010877553240317,0,0,0,0,0,0,0,0,0,0,0,0,0,0,0
"54e41d7748bdb8fe71a73a47ad58423e",0.278040873069566,0,0,0,0,0,0,0,0,0,0,0,0,0,0,0
"b50c901a9773cf8216278d2bb4e70644",0.0915306309246186,0,0,0,0,0,0,0,0,0,0,0,0,0,0,0
"b59754bec2dc431ceec006fa8d612183",0.0363469461932543,0,0,0,0,0,0,0,0,0,0,0,0,0,0,0
"a1f21db1df1536b5a1147e9ffb486b61",0.00636734823823433,0,0,0,0,0,0,0,0,0,0,0,0,0,0,0
"51d1bc05cfe3f4f9fd53eb552e293c01",0.0204285755976685,0,0,0,0,0,0,0,0,0,0,0,0,0,0,0
"7767ca8c82d1d254c5d3228f43b2b213",0.0936530803373633,0,0,0,0,0,0,0,0,0,0,0,0,0,0,0
"30722c9b979a324b1a9e507436496b08",0.0143265335360273,0,0,0,0,0,0,0,0,0,0,0,0,0,0,0
"838197ea99c414fe3d5129775a734245",0.00636734823823433,0,0,0,0,0,0,0,0,0,0,0,0,0,0,0
"f028df8f84e6a5ff0a4512a509e23477",0.000795918529779292,0,0,0,0,0,0,0,0,0,0,0,0,0,0,0
"f4993ea775e4b217485c9be1b55db40c",0.00902041000416531,0,0,0,0,0,0,0,0,0,0,0,0,0,0,0
"d23e031b9dfbdb8f41323c8c5c775f26",0.0114081655935032,0,0,0,0,0,0,0,0,0,0,0,0,0,0,0
"8c99e30986e776bbc067425690109213",0.000795918529779292,0,0,0,0,0,0,0,0,0,0,0,0,0,0,0
"e1a9800482df461df81429b3b8f859a1",0.00238775558933788,0,0,0,0,0,0,0,0,0,0,0,0,0,0,0
"ca01d9551d2460af70778e62f280ab8a",0.00212244941274478,0,0,0,0,0,0,0,0,0,0,0,0,0,0,0
"387fd7acb95a1f0053edacb08ca9384d",0,0.00998434597185128,0,0.00754497343091499,0,0.00676813224930415,0,0,0,0.00233186598507088,0.00289927204111168,0,0,0.00411642516972338,0,0
"27201d8b9c2a23edc5ee1b093c39fe46",0,0,0,0,0,0,0,0,0,0.015027580792679,0.00724818010277919,0.00368403397842707,0,0,0,0
"bec033acf73d8b55fcee3b62a8a9429e",0,0.00320925406238077,0,0,0.0193793084355361,0.000846016531163019,0,0,0,0,0,0,0,0,0,0
"afd6038f44400cf165c3d637f88be98a",0,0,0,0,0,0.00535810469736579,0,0,0,0,0,0,0,0,0,0
"c7553191e309cfc2e28aea2507e7afdf",0,0.11802923273867,0.197349873132224,0.158983368722852,0.185487666454417,0.0826276145435882,0.0930838685655776,0.0749658244035807,0.144016204605402,0.288114997266535,0.300316262258485,0.222981003957428,0.210500625400409,0.205029638261222,0.311771479931466,0.230910356171316
"478fa149d72ab4d5a1c35d4fd7c3f6d8",0,0,0,0,0,0,0,0,0,0,0,0.000387793050360744,0,0,0,0
"147c28a497af9f823da70571c88b5ebe",0.0159183705955858,0,0,0,0,0,0,0,0,0,0,0,0,0,0,0
"a90eba220f100c5da89e40e34598c4c7",0.0252040867763442,0,0,0,0,0,0,0,0,0,0,0,0,0,0,0
"9351cccfbe9ec3b210cc47272367a7df",0,0,0,0,0,0,0,0,0,0,0,0.0056229992302308,0,0,0,0
"090855acea46f97b916c33393736db71",0.00557142970845504,0,0,0,0,0,0,0,0,0,0,0,0,0,0,0
"ac9e79a82beb3b70c0c7193fff0a8524",0.0498775611995023,0.0181857730201577,0,0.0344913071127542,0.124581268514161,0.101239978229175,0.0465419342827888,0.0705560700268995,0.0117973088780314,0.00880927149915664,0.0123219061747246,0.0378098224101726,0,0.0208987739385956,0.0477487852147291,0.0253052445119251
"6de274487e1c875df3c574ec3fcd05d0",0.0127346964764687,0,0,0,0,0.0205864022583001,0,0,0,0,0,0.0153178254892494,0.0518624729247384,0.011874303374202,0,0
"d45aaeec9a07ee5bc7a02cbca9a84ee7",0.00238775558933788,0,0,0,0,0,0,0,0,0,0,0,0,0,0,0
"e52eb9b81be103823dae2b735dafea6f",0.00132653088296549,0,0,0,0,0,0,0,0,0,0,0,0,0,0,0
"911ddc4e1da558630158fa05fba14992",0.0947143050437357,0,0,0,0,0,0,0,0,0,0,0,0,0,0,0
"b659fcf2b17787c3e45bedfc42a89936",0.0374081708996267,0,0,0,0,0,0,0,0,0,0,0,0,0,0,0
"71b89747d9e5f39535d7cd2ac1005789",0.0206938817742616,0,0,0,0,0,0,0,0,0,0,0,0,0,0,0
"fb89ee34d5f2ddb3d1ce9da15080b792",0.0421836820783025,0,0,0,0,0,0,0,0,0,0,0,0,0,0,0
"5921e25af2acb3d6f297ce40e0373ecd",0.00424489882548956,0,0,0,0,0,0,0,0,0,0,0,0,0,0,0
"cefe4ae946de41fe87fc0040bdea335e",0.00132653088296549,0,0,0,0,0,0,0,0,0,0,0,0,0,0,0
"a4c97d72a3ac2b7c1435c56721a3aa1a",0.00424489882548956,0,0,0,0,0,0,0,0,0,0,0,0,0,0,0
"49d8ed77132802ef1ad7036f31e0117a",0.403000082244915,0,0,0,0,0,0,0,0,0,0,0,0,0,0,0
"52ac87abfa970ee890f4bfb7ce0f1337",0.00212244941274478,0,0,0,0,0,0,0,0,0,0,0,0,0,0,0
"f7e31d1689b9fa6e5639ba7fb856967a",0.010877553240317,0,0,0,0,0,0,0,0,0,0,0,0,0,0,0
"fe74d2e267ad3ebb8fbfe24bbb464049",0.419449065193687,0,0,0,0,0,0,0,0,0,0,0,0,0,0,0
"9f34b6a04f6d30d61947a02265404b17",0.00397959264889646,0,0,0,0,0,0,0,0,0,0,0,0,0,0,0
"e973e792bb24983e1304d41a8ed0c375",0.00318367411911717,0,0,0,0,0,0,0,0,0,0,0,0,0,0,0
"6239566d7bda185bbc00c6475202b675",0.0496122550229092,0,0,0,0,0,0,0,0,0,0,0,0,0,0,0
"fa29a08838db72d944922cbf3ca72b38",0.00132653088296549,0.00178291892354487,0,0,0,0,0,0,0,0,0,0,0,0,0,0
"ad6ed76aeca8371d3d439eb14c33610c",0.00185714323615168,0,0,0,0,0,0,0,0,0,0,0,0,0,0,0
"01bc6f144e0f577c7a5364ebafdb3509",0.027326536189089,0.32663074679342,0.620242458415562,0.21449281610744,0.357132969740594,0.491535604605714,0.626764715008222,0.736428980905764,0.548908748928782,0.705778104814785,0.456635346475089,0.495599518361031,0.280667500533878,0.278017023001317,0.303345223717102,0.436515467830708
"8c86a02bd0f2c7a90bb40b735577a623",0.596938897334469,0,0,0,0,0,0,0,0,0,0,0,0,0,0,0
"5a6520a634bb27352c524ba237fd0d64",0.664591972365709,0,0,0,0,0,0,0,0,0,0,0.00988872278419898,0.0427102718203728,0.032931401357787,0,0
"e5632edb0fd267dbaf571c758b91be2a",0.0875510382757221,0,0,0,0,0,0,0,0,0,0,0,0,0,0,0
"37736c620442bdd78ddde3ea7451d314",0.00610204206164124,0,0,0,0,0,0,0,0,0,0,0,0,0,0,0
"e95282c3197d4315d84f31d177642c58",0.104000021224494,0,0,0,0,0,0,0,0,0,0,0,0,0,0,0
"c05932b0e9b0bcf5f076c8971c6bab60",1.10791859345277,0,0,0,0,0,0,0,0,0,0,0,0,0,0,0
"3133e9e795b0c90e4bcd8791956042d1",0.0551836847313642,0,0,0,0,0,0,0,0,0,0,0,0,0,0,0
"ad2e05a74003003b855aee86cdc921fd",0.0230816373635995,0,0,0,0,0,0,0,0,0,0,0,0,0,0,0
"fcf151e90a9e26826087929c8e6cf412",0.019102044714703,0,0,0,0,0,0,0,0,0,0,0,0,0,0,0
"38bf20edfc69975afa1d93d5f2c8598a",0.0183061261849237,0,0,0,0,0,0,0,0,0,0,0,0,0,0,0
"deac35bb9d47f67965b800fa6c414dea",0.0514693982590609,0,0,0,0,0,0,0,0,0,0,0,0,0,0,0
"c4a4b8a9db0c109cc7146c7c64f10b79",0.00902041000416531,0,0,0,0,0,0,0,0,0,0,0,0,0,0,0
"57d80e7465d3924d85b75767855a3c4f",0.0485510303165368,0,0,0,0,0,0,0,0,0,0,0,0,0,0,0
"29d5a1f45c97760080e874715394bcfe",0.160510236838824,0,0,0,0,0,0,0,0,0,0,0,0,0,0,0
"4ceda7391cbf9cebcf0484faad59687b",0.00424489882548956,0,0,0,0,0,0,0,0,0,0,0,0,0,0,0
"9c4d55fa490cfb3be28c93ed90a4859d",0,0,0,0.00107785334727357,0,0.00141002755193836,0,0,0,0.00155457732338058,0.00169124202398181,0.00155117220144298,0,0.000791620224946803,0,0
"251d66e77274e5b7d1eaf61e407f04b8",0.00689796059142053,0,0,0,0,0,0,0,0,0,0,0,0,0,0,0
"67df1ba56f33792e8b9f614d5c2ccec0",0.00185714323615168,0,0,0,0,0,0,0,0,0,0,0,0,0,0,0
"5f9e31928bbbb226bcdc275a060efc44",0.00212244941274478,0,0,0,0,0,0,0,0,0,0,0,0,0,0,0
"b6e342d9f4e409f24eea3859aa76e82a",0,0.00713167569417948,0.0317169438962503,0.0134731668409196,0,0.00902417633240554,0,0,0,0,0.00289927204111168,0.00271455135252521,0.0427102718203728,0.0231153105684467,0.0196612645001826,0.0537736445878408
"554322da276d032be7d7a759762865b9",0,0,0,0,0,0,0,0,0,0,0,0,0,0.00348312898976593,0,0
"f6b24a6816c87c1642b0b3ef07bfee78",0.00132653088296549,0,0,0,0,0,0,0,0,0,0,0,0,0,0,0
"cfccd37229affa4484527db6a12d9caf",0.00159183705955858,0,0,0,0,0,0,0,0,0,0,0,0,0,0,0
"cfdff1e1afc0bb96435226f40e8031fa",0.00132653088296549,0,0,0,0,0,0,0,0,0,0,0,0,0,0,0
"3e09043820433588bf896d8e55bc1423",0,0,0,0,0,0,0,0,0,0,0,0,0,0.000474972134968082,0,0
"ef48b24d461ead26b22d8e442656ccc0",0,0.00606192434005256,0,0,0,0.0149462920505467,0,0,0.0126876718122225,0.018654927880567,0.0215029343049116,0.00853144710793638,0,0.00300815685479785,0,0
"7cdf5d7931b4f4bcf64b7de23217f933",0,0,0,0.00592819341000463,0,0,0,0,0,0,0,0,0,0,0,0
"c601bfcd6b08e128ae6dfdcdb48400ed",0.00238775558933788,0,0,0,0,0,0,0,0,0,0,0,0,0,0,0
"82520638c5842f94b7203788b78b3b92",0,0,0,0.00269463336818392,0,0,0,0,0,0,0,0,0,0.00174156449488297,0,0
"0fada6a77d06dfe158c61acabd5851a8",0,0,0,0,0,0,0,0,0,0,0,0,0,0.000633296179957442,0,0
"61786e38b934cbe33d5850a578a7ee22",0,0,0,0.00161678002091035,0.0138423631682401,0.00479409367659044,0,0,0,0.00388644330845146,0.00507372607194544,0.00310234440288596,0,0.00221653662985105,0.0140437603572733,0
"a9639627b1b6650686b3f6a401ed7fb0",0.00212244941274478,0,0,0,0,0,0,0,0,0,0,0,0,0,0,0
"ca3a67eb199d56c1472b1d1ae03a1060",0.000265306176593097,0,0,0,0,0,0,0,0,0,0,0,0,0,0,0
"4e4ca97fadb8b8e92470ccce2ff91460",0,0.00534875677063461,0,0,0,0.00846016531163019,0,0,0.0035614517367642,0.00880927149915664,0.00700657409935322,0.00271455135252521,0,0,0,0
"f847d5bbe9c5a3555db3988cfa1b838f",0,0.0174726054507397,0.0317169438962503,0.0156288735354668,0,0.0217144242998508,0,0.0176390175067249,0.0233720270225151,0.0191731203216939,0.00893942212676101,0.00465351660432893,0,0.00158324044989361,0,0
"8aa84c2bb23089b38845d45b2f4742a7",0,0,0,0.00485034006273106,0,0,0,0,0.00244849806902539,0.00285005842619774,0.00120803001712987,0,0,0.00427474921471274,0,0
"43304902c7de62a1f0749eba6553c3cd",0,0,0,0,0,0,0,0,0,0.00129548110281715,0,0,0,0,0,0
"efe6fa9e73779825320958490553322f",0,0,0,0.00323356004182071,0,0.00282005510387673,0,0,0.00244849806902539,0,0,0,0,0,0,0
"ea4691b2289c15a1b9cb1a8fd5e77902",0.00159183705955858,0,0,0,0,0,0,0,0,0,0,0,0,0,0,0
"f5cb3fde6a13561ed6e13a04732f79e3",0.00397959264889646,0,0,0,0,0,0,0,0,0,0,0,0,0,0,0
"6007fe9f1b2db53b8b47650fa99e3f10",0.00848979765097911,0,0,0,0,0,0,0,0,0,0,0,0,0,0,0
"67d143ab6e193466450c7a998b92092b",0.00477551117867575,0,0,0,0,0,0,0,0,0,0,0,0,0,0,0
"6a00993959cfffcd3e54203b0cb659a2",0,0.0456427244427487,0,0.00485034006273106,0,0.0118442314362823,0,0,0,0,0.0775555270997374,0.0191957559928569,0,0.0155157564089573,0,0
"b31e59cdec24fb470a0e1cf3d0981073",0,0,0,0,0,0,0,0,0.00133554440128657,0.00181367354394401,0,0,0,0,0,0
"0a052939cf0cfd20acc22c826676e32c",0,0,0,0.0161678002091035,0.0138423631682401,0.0518890139113318,0.0403363430450836,0,0,0,0,0.00581689575541117,0,0.0218487182085318,0,0
"46156799234f2a8e18eb868be7da1d1a",0,0.0110540973259782,0,0,0,0,0,0,0,0,0,0,0,0,0,0
"df20ccfbfc0741ee313d9e9433dbac01",0,0,0,0,0,0,0,0,0,0,0.00869781612333503,0,0,0.0145658121390212,0.0365137769289105,0.0506104890238502
"4aff8b715435747567cbc4ee9c82fb8b",0,0,0,0,0,0,0,0,0,0,0,0.00232675830216447,0,0,0,0
"d74db335012437dbfb4c54fd9049d46f",0.000530612353186195,0,0,0,0,0,0,0,0,0,0,0,0,0,0,0
"dc211776d6a734cf180f697b098c47d3",0,0,0,0,0,0,0,0,0,0,0,0.00155117220144298,0,0,0,0
"565ebeeb62bec205e9a34b25e0a728dd",0,0,0,0,0,0,0,0,0,0.00155457732338058,0,0,0,0,0,0
"1f4fb4bfdca6c9d13106ed533362a62e",0,0.00891459461772435,0,0,0,0.00958818735318088,0.0806726860901672,0.626185121488733,0.392872644711801,0.713810087652251,0.0190868742706519,0.00950092973383824,0,0.0104493869692978,0,0
"f3c13bc899928e8043766ca73a046487",0,0,0,0,0,0,0,0,0.0739001235378571,0.142502921309887,0.00410730205824154,0.00271455135252521,0,0.00269150876481913,0,0
"aa9c5ae2ec6da55f30edd92e3de37eff",0,0,0,0,0,0,0,0,0.067444992264972,0.148462134382846,0.00579854408222335,0,0,0,0,0
"6ba11aa98436328c7d53c0b5db9dd2b0",0.0379387832528129,0,0,0,0,0,0,0,0,0,0,0,0,0,0,0
"dc34e8512b788fb682511c00370ee4c7",0,0.00249608649296282,0,0.00377248671545749,0,0.00338406612465208,0,0,0,0,0,0,0,0,0,0
"2e8ba4a2f665cc3ad88530fc739b1f9c",0,0,0,0,0,0,0,0,0,0,0,0.00833755058275601,0,0.0207404498936062,0.0786450580007303,0.0632631112798127
"8b05c693d167b0c68f1316963744f122",0,0.0124804324648141,0,0.00916175345182534,0,0.00648612673891648,0,0,0.0122424903451269,0.00570011685239547,0.00314087804453765,0,0,0,0,0
"659d1fe872c9b31a9e0b81eef5ca6218",0,0.0763089299277205,0.0740062024245842,0.0587430074264096,0.0359901442374242,0.0803715704604868,0.089981072946725,0.0352780350134497,0.0391759691044062,0.0251323333946528,0.0099058461404649,0.0188079629424961,0,0.0240652548383828,0.0449400331432744,0.0474473334598596
"d693c275c376753e40770f95ba69a9f9",0,0.00427900541650769,0,0.0102396067990989,0,0.00535810469736579,0,0,0.00378404247031196,0.00647740551408577,0.00555693807879738,0.0525459583238809,0.0732176088349248,0.0680793393454251,0,0
"7d537f12eaa3231c2c2b58b74901051c",0,0.0395808001026961,0.0176205243868058,0.0291020403763864,0.0498325074056643,0.0180483526648111,0,0,0.00111295366773881,0.00492282819070518,0.00338248404796362,0.00193896525180372,0,0.00237486067484041,0,0.0126526222559625
"94c501c5d59dddbd80effa77dbceebe0",0,0,0,0,0,0,0,0,0,0,0.0120803001712987,0.00678637838131303,0.0183044022087312,0.009657766744351,0.0168525124287279,0.00948946669197191
"dd0416fffbca05a27400d18805e182d9",0.00106122470637239,0,0,0,0,0,0,0,0,0,0,0,0,0,0,0
"fbea683698f9faa406733b0ef72a45b8",0.00106122470637239,0,0,0,0,0,0,0,0,0,0,0,0,0,0,0
"462e7271eadc14fcbbd7f4fda8ca193a",0.0496122550229092,0,0,0,0,0,0,0,0,0,0,0,0,0,0,0
"868a2dd217365ddd6d6ab64d48aeed4a",0.0581020526738883,0.00249608649296282,0.0176205243868058,0.0107785334727357,0.0110738905345921,0.0101521983739562,0,0,0,0,0.00531533207537141,0.00814365405757563,0,0.00490804539467018,0,0
"4da01f6a9301d3de80e048625f9d352a",0,0,0,0,0,0,0,0,0,0.000777288661690292,0,0,0,0,0,0
"01b5383db868117f04bfd197603f736b",0.158122481249486,0,0,0,0,0,0,0,0,0,0,0,0,0,0,0
"643242de6c8b6447dd4187d002a08beb",0.0111428594169101,0,0,0,0,0,0,0,0,0,0,0,0,0,0,0
"5177bd1019c0a59f8762ecb3f683babd",0.0222857188338202,0,0,0,0,0,0,0,0,0,0,0,0,0,0,0
"1ff5beccb7eb535d2fdcc1c7ce513ea5",0.00318367411911717,0,0,0,0,0,0,0,0,0,0,0,0,0,0,0
"2db5ad6c3ba987db0d8d5ff958a3cf38",0.00265306176593097,0,0,0,0,0,0,0,0,0,0,0,0,0,0,0
"5d2bad7a7fe74a8b6a564a94eb9f0050",0.00902041000416531,0,0,0,0,0,0,0,0,0,0,0,0,0,0,0
"1449d53a8ab97ad249f2332b5bd012b9",0,0.00998434597185128,0.0140964195094446,0.00215570669454714,0,0.0073321432700795,0.0186167737131155,0,0,0.00181367354394401,0.00748978610620517,0.00504130965468968,0,0.000474972134968082,0,0
"e8d0c712ad2ea5d27abd8b1e23eb6f7a",0.0177755138317375,0,0,0,0,0,0,0,0,0,0,0,0,0,0,0
"0bd4e9e692a18c6de4c1679291a3595a",0,0,0,0.00215570669454714,0,0,0,0,0,0,0,0,0,0,0,0
"015be9e29980c3340bc973769ffd53c5",0.0145918397126203,0,0,0,0,0,0,0,0,0,0,0,0,0,0,0
"2b7ce440bd256b23d5e09f40e46698ad",0.0148571458892134,0,0,0,0,0,0,0,0,0,0,0,0,0,0,0
"0d1f62d4f2f7227766a17f0340567129",0,0.027100367637882,0,0.0285631137027496,0.0415270895047202,0.0369427218607852,0,0.0220487718834061,0.0104617644767448,0.0349779897760631,0.0611263188667712,0.0409121668130585,0.030507337014552,0.0430641402371061,0.0393225290003651,0.0537736445878408
"449442ea32d59c45c20f49095f206f1d",0.0116734717700963,0,0,0,0,0,0,0,0,0,0,0,0,0,0,0
"117d3b82912eec34fc2dd0e5e32afe1f",0.00238775558933788,0,0,0,0,0,0,0,0,0,0,0,0,0,0,0
"b544934712491c579a6fc0437ffdeeca",0.00530612353186195,0,0,0,0,0,0,0,0,0,0,0,0,0,0,0
"b757c414a3bc227758c09624ca177986",0,0.0213950270825384,0.116295460952918,0.0625154941418671,0,0.0200223912375248,0.0403363430450836,0,0.00378404247031196,0.020468601424511,0.0159459962261142,0.00310234440288596,0,0,0,0
"705d47705664e0e9d6dd0e670d8c2081",0,0,0,0.000538926673636785,0,0,0,0,0,0,0,0,0,0,0,0
"133665f9942b3d081efe500725f373da",0.0103469408871308,0,0,0,0,0,0,0,0,0,0,0,0,0,0,0
"dee648358426ec8050d91246a7da2777",0.00318367411911717,0,0,0,0,0,0,0,0,0,0,0,0,0,0,0
"d580dfb68684d8bcb4505d85be36a809",0.00106122470637239,0,0,0,0,0,0,0,0,0,0,0,0,0,0,0
"e11faaea7fe3b63b13f607b41aea228a",0,0.00427900541650769,0,0.00269463336818392,0,0.00112802204155069,0,0,0,0,0,0,0,0,0,0
"48a7ab8e593ebe5f41034be027c6be7e",0.00185714323615168,0,0,0,0,0,0,0,0,0,0,0,0,0,0,0
"07d5f956dc0652fbd2d22ea90b1bb136",0,0,0,0,0,0.00394807714542742,0,0,0.00244849806902539,0,0,0,0,0,0,0
"014f2ae2bd69cc0ab8e5ee1ca2963a01",0,0.0014263351388359,0,0,0,0.000282005510387673,0,0,0.000222590733547762,0.00129548110281715,0.00144963602055584,0.000775586100721489,0,0,0,0
"6c75ae436af6e5a1e5b5cdec03d1fd65",0.0488163364931299,0,0,0,0,0,0,0,0,0,0,0,0,0,0,0
"39cac4a36166865b44a1420c2bd4569a",0.00212244941274478,0,0,0,0,0,0,0,0,0,0,0,0,0,0,0
"113b0d8ebf97fc5aba85fa06ecfdbb1a",0,0.0103409297565603,0,0.0102396067990989,0,0.0073321432700795,0,0,0.00467440540450301,0.00570011685239547,0.00724818010277919,0.00387793050360744,0,0.00174156449488297,0,0
"0a25bdc3567a1af9c215a6efaf816439",0,0,0,0,0,0.00620412122852881,0,0,0.00400663320385972,0.0194322165422573,0.0118386941678727,0.00736806795685415,0,0.00981609078934036,0,0
"b0c74390aa5ac540757eb2256575019e",0,0,0,0,0,0,0,0,0.00600994980578958,0.0215049863067647,0.0173956322466701,0.00872534363311675,0.0244058696116416,0.0137741919140744,0,0
"f9a66a17b5f9dce559c28ff645d872b3",0,0,0,0.00538926673636785,0,0,0,0,0,0,0,0,0,0,0,0
"cae0d3b0980184e9483154fe9b393493",0,0.00570534055534359,0,0,0,0,0,0,0,0,0,0,0,0,0,0
"b2df4752917d048ab824271c02ad68aa",0.00769387912119982,0,0,0,0,0,0,0,0,0,0,0,0,0,0,0
"cb08126894ac0c8eeddc7b86d1ab1eb9",1.2185512690921,0,0,0,0,0,0,0,0,0,0,0,0,0,0,0
"9dbf6f8ac7171f579caa23498080e7ea",0.00185714323615168,0,0,0,0,0,0,0,0,0,0,0,0,0,0,0
"5b6a595a6fc20f9f06cf625ed712d163",0.00504081735526885,0,0,0,0,0,0,0,0,0,0,0,0,0,0,0
"d5c1df7b4eb6d1dad40cfc965a64dc91",0.0504081735526885,0,0,0,0,0,0,0,0,0,0,0,0,0,0,0
"6075255b58efbd350ad34112f80f970a",0.8840001804082,0,0,0,0,0,0,0,0,0,0,0,0,0,0,0
"d014102205e1a5fa0830e8f27b93270f",0.00159183705955858,0,0,0,0,0,0,0,0,0,0,0,0,0,0,0
"84bee12f9a868308b8d822a4791ff8b1",0.0103469408871308,0,0,0,0,0,0,0,0,0,0,0,0,0,0,0
"40f33a63b1b706f8fee517f9f6f6d367",0.0963061421032943,0,0,0,0,0,0,0,0,0,0,0,0,0,0,0
"6d9f5e802552ba002b8efdef2f9bbfec",0.0612857267930055,0,0,0,0,0,0,0,0,0,0,0,0,0,0,0
"b7bc2902499297dc5de20e8748a42d33",0.220734738925457,0,0,0,0,0,0,0,0,0,0,0,0,0,0,0
"92cb433f34320956950648a61a61e395",0.00875510382757221,0,0,0,0,0,0,0,0,0,0,0,0,0,0,0
"82fc6e36dd2370048db2e2b7f02fd189",0.00106122470637239,0,0,0,0,0,0,0,0,0,0,0,0,0,0,0
"e21f14506da976def600538a8f860f0b",0.112755125052066,0,0,0,0,0,0,0,0,0.00103638488225372,0,0,0,0,0,0
"2ac77d9e71c04c362eb0b22647bc57f5",0.0644694009121226,0,0,0,0,0,0,0,0,0,0,0,0,0,0,0
"e469b851eb487386da166f1f8b20a40f",0.00212244941274478,0,0,0,0,0,0,0,0,0,0,0,0,0,0,0
"aca75c6d71a8933275a447e83269faba",0.0193673508912961,0,0,0,0,0,0,0,0,0,0,0,0,0,0,0
"3d94d8b70e7c5bf96bbb6b29f432ec1b",0.0175102076551444,0,0,0,0,0,0,0,0,0,0,0,0,0,0,0
"afadb45931725b52385058d29f76447e",0.0148571458892134,0,0,0,0,0,0,0,0,0,0,0,0,0,0,0
"431f2ccf07657913dc86d93668a91e9c",0.00557142970845504,0,0,0,0,0,0,0,0,0,0,0,0,0,0,0
"b022522a963a8f8fa28d9d2fc3344e87",0.208000042448988,0,0,0,0,0,0,0,0,0,0,0,0,0,0,0
"3ccbd454b224dc84efdde550255ca527",0.0172449014785513,0,0,0,0,0,0,0,0,0,0,0,0,0,0,0
"99b446af7d82c16878fe433d7f2e23e7",0.00610204206164124,0,0,0,0,0,0,0,0,0,0,0,0,0,0,0
"b7533224f1ef2f4739006dd83c6bf4d2",0.0575714403207021,0,0,0,0,0,0,0,0,0,0,0,0,0,0,0
"40870adeb00d39b72fbca1d2be29ab07",0.166877585077058,0,0,0,0,0,0,0,0,0,0,0,0,0,0,0
"c797aedcc1b7855b7af687d34a0998d7",0.0095510223573515,0,0,0,0,0,0,0,0,0,0,0,0,0,0,0
"0e50bf3eae192d3ce32f00a74ffb97e3",0.0665918503248674,0,0,0,0,0,0,0,0,0,0,0,0,0,0,0
"e17dcd58f6ca08bacf65afcde751be53",0.0371428647230336,0,0,0,0,0,0,0,0,0,0,0,0,0,0,0
"d79b4530e47feda71be7e93aa663f0b0",0.00397959264889646,0,0,0,0,0,0,0,0,0,0,0,0,0,0,0
"1d837cc6d80881adecbb106f01c1b042",0.223653106867981,0,0,0,0,0,0,0,0,0,0,0,0,0,0,0
"c66eb033bf0d849bf345c2a07db3727e",0.0331632720741372,0,0,0,0,0,0,0,0,0,0,0,0,0,0,0
"c9e59947328c667e941ac56abed5c99f",0.079061240624743,0,0,0,0,0,0,0,0,0,0,0,0,0,0,0
"04e715f54c06e9ccf25afba02b343b5c",1.29071454912542,0,0,0,0,0,0,0,0,0,0,0,0,0,0,0
"07e00e1bcc9d9a3c50591f721785e591",3.26432719680147,0,0,0,0,0,0,0,0,0,0,0,0,0,0,0
"faea8df7b37bdc2fd653a1c156baf7db",0.0615510329695986,0,0,0,0,0,0,0,0,0,0,0,0,0,0,0
"43a837e225147b88f58a65ccc8412c7c",0.0132653088296549,0,0,0,0,0,0,0,0,0,0,0,0,0,0,0
"915047629ceb2cfb1fb1d4ff467c9002",0.0100816347105377,0,0,0,0,0,0,0,0,0,0,0,0,0,0,0
"40dc5c18cc4351517876235855be9721",0.0127346964764687,0,0,0,0,0,0,0,0,0,0,0,0,0,0,0
"92cb26786c713a9a22e36dc8c8913a44",0.0095510223573515,0,0,0,0,0,0,0,0,0,0,0,0,0,0,0
"0ca6969eac50942ccc0687eb855a0d79",0.00185714323615168,0,0,0,0,0,0,0,0,0,0,0,0,0,0,0
"8ca8a2ee539e5a54b184bbf80e861033",0.00610204206164124,0,0,0,0,0,0,0,0,0,0,0,0,0,0,0
"ee00e22b5b23fa6d7e2502177a8a70c7",0.016448982948772,0,0,0,0,0,0,0,0,0,0,0,0,0,0,0
"81658f20c85c240a8529c9f65f993851",0.0137959211828411,0,0,0,0,0,0,0,0,0,0,0,0,0,0,0
"23f3e8af4976b7963035af445f28e69e",0.00238775558933788,0,0,0,0,0,0,0,0,0,0,0,0,0,0,0
"a73d6b4ed74fd4af4a3c77ef62e48ec5",0.0530612353186195,0,0,0,0,0,0,0,0,0,0,0,0,0,0,0
"c70fe7d64a90f53b96f959c4469709ac",0.00742857294460672,0,0,0,0,0,0,0,0,0,0,0,0,0,0,0
"66a02ed3c1738629e43ea7ca4005dafa",0.00265306176593097,0,0,0,0,0,0,0,0,0,0,0,0,0,0,0
"46106a1395497d731c64d8d5b56c3771",0.00397959264889646,0,0,0.00161678002091035,0,0,0,0,0,0,0,0,0,0,0,0
"ec0ca50d7a1c6ee56a7ed9d776d9c0d1",0,0,0,0,0,0.000564011020775346,0,0,0.000667772200643287,0,0.0036240900513896,0.00252065482734484,0,0.0134575438240957,0,0
"be2d073abdb45af47fc76fa5752fb3f5",0,0,0,0,0,0,0,0,0,0.00207276976450745,0,0,0,0.00221653662985105,0,0
"68c7aa8355d0b7c6e75c67d5df51d569",0.0854285888629773,0,0,0,0,0,0,0,0,0,0,0,0,0,0,0
"6beaf7c505778021c6d149ffc3a6d02d",0.0480204179633506,0.00320925406238077,0,0,0,0.00169203306232604,0,0,0.00244849806902539,0,0.00193284802740779,0,0,0,0,0
"abe0e2740f8459c2e33550945597567d",0,0,0,0,0,0,0,0,0,0.00103638488225372,0,0,0,0.000158324044989361,0,0
"8b0ebd33e66653c42aa292e40bf6291c",0,0.00320925406238077,0.0176205243868058,0.00862282677818856,0,0.00479409367659044,0,0,0.00912622007545826,0.0378280482022609,0.00314087804453765,0.00426572355396819,0,0.00854949842942547,0,0
"df718da3c7d5615d6f30a415de90fea7",0.00132653088296549,0,0,0,0,0,0,0,0,0,0,0,0,0,0,0
"b21e9a2a1e6186cdab5d075a2e3bdeba",0,0,0,0,0,0,0,0,0,0,0,0.00426572355396819,0,0,0,0
"09eb2ace0ecf6426286819c37b4010e0",0.0153877582423996,0,0,0,0,0,0,0,0,0,0,0,0,0,0,0
"0a57a465cfa8639424b461d0dbc7ed66",0.000795918529779292,0,0,0,0,0,0,0,0,0,0,0,0,0,0,0
"e9e060e5e0e46911cad92b8292aeefd7",0.4420000902041,0.00748825947888846,0,0.00431141338909428,0.0276847263364802,0.00507609918697811,0,0,0,0,0.00144963602055584,0,0,0,0,0
"9874202de61384a91f48d042f2ccafbc",0.0130000026530618,0,0,0,0,0,0,0,0,0,0,0,0,0,0,0
"af62b8aa99dba188ac2f26d05dff89d1",0.126285740058314,0,0,0,0,0,0,0,0,0,0,0,0,0,0,0
"ca7dd43ffcedbade1adc51132a0deec1",0.00344898029571026,0,0,0,0,0,0,0,0,0,0,0,0,0,0,0
"49eabe5ac42dea1466d651d64825b6c6",0.00716326676801363,0,0,0,0,0,0,0,0,0,0,0,0,0,0,0
"7bee0db5d6c5c416f00bf1e6faffc9a8",0.00344898029571026,0,0,0,0,0,0,0,0,0,0,0,0,0,0,0
"4ce8113a40dc776a5daa50784544c8b8",0,0,0,0,0,0,0,0,0,0.00207276976450745,0.00217445403083376,0,0,0.000791620224946803,0,0
"373d9c7b19e02b42024ac7d4b55dd1a8",0.00132653088296549,0,0,0,0,0,0,0,0,0,0,0,0,0,0,0
"23a68909643e167f508a7baac78d7026",0,0.00891459461772435,0,0.00485034006273106,0,0.00705013775969182,0,0,0.0276012509599225,0.0106229450431007,0.00748978610620517,0.00407182702878782,0,0.0201071537136488,0.00842625621436396,0
"13c192d50cff7e65ab17657c4769d790",0.00557142970845504,0,0,0,0,0,0,0,0,0,0,0,0,0,0,0
"472fdc0687378563f0c9da6da7638e1a",0.00424489882548956,0.0542007352757641,0.0493374682830561,0.0382637938282117,0.102433487444977,0.0482229422762921,0.0682615036147569,0.0529170525201746,0.0255979343579927,0.0349779897760631,0.0260934483700051,0.0188079629424961,0,0.00649128584456379,0,0
"caddc7c3f8e30f2e74778fca73689c4b",0,0.0014263351388359,0.0281928390188892,0.00916175345182534,0,0.00620412122852881,0,0,0.00979399227610155,0.0145093883515521,0.0113554821610207,0.0056229992302308,0,0.00712458202452123,0,0
"91f0e5c44114d5c9a43a1eec10154a17",0.00238775558933788,0,0,0,0,0,0,0,0,0,0,0,0,0,0,0
"50bef0776b442d38fe4de5a83b9187a8",0.00265306176593097,0,0,0,0,0,0,0,0,0,0,0,0,0,0,0
"4b3f93408aee639f8a0d3499050b9ff3",0.00424489882548956,0,0,0,0,0,0,0,0,0,0,0,0,0,0,0
"ba7e734314ca58b585509a99c1dc8f97",0,0.00249608649296282,0,0,0,0,0,0,0,0,0,0,0,0,0,0
"75d80c6719572b77733668a43dddaa60",0.00583673588504814,0,0,0,0,0,0,0,0,0,0,0,0,0,0,0
"5c9fb7a940057c1f9f962c0feb1bab79",0.00238775558933788,0,0,0,0,0,0,0,0,0,0,0,0,0,0,0
"49196b1aebe801d08aeafc3c6ee37b63",0.00238775558933788,0,0,0,0,0,0,0,0,0,0,0,0,0,0,0
"d3156233792852376762d588f607ac71",0,0.00570534055534359,0,0,0,0.00197403857271371,0,0,0,0.00414553952901489,0.00531533207537141,0.00271455135252521,0,0.00554134157462762,0,0
"2fab6fd26dd55de5095ef7e45c45017b",0,0,0,0,0,0,0,0,0.000222590733547762,0,0,0,0,0,0,0
"648e7c40b893d19a0a37273a6e507e90",0,0.000356583784708974,0,0,0,0,0,0,0,0,0,0,0,0,0,0
"4c41a7fd62f9ed9348949825d0bd354c",0,0,0,0,0,0,0,0,0,0,0,0.000193896525180372,0,0,0,0
"75dd0ee2682cb0bf3146f334b0c41c93",0,0,0,0,0,0.00902417633240554,0,0.039687789390131,0.0598769073243481,0.0259096220563431,0.0036240900513896,0.00213286177698409,0,0.00934111865437228,0,0
"55c520d7fe25c3a704fca36f36fde991",0,0,0,0.0215570669454714,0,0,0.0217195693319681,0,0.0523088223837242,0.0228004674095819,0,0,0,0,0,0
"60da7a21ae2997bc70a9730fd8151a29",0,0,0,0,0,0,0,0,0,0.00310915464676117,0.00289927204111168,0,0,0,0,0
"4f4dc6bfd6d1b43335fe96fd6eb3e297",0.00132653088296549,0,0,0,0,0,0,0,0,0,0,0,0,0,0,0
"1351e87aa6c89a114e5104be8fe7c817",0.00530612353186195,0,0,0,0,0.00169203306232604,0,0,0.00111295366773881,0.00233186598507088,0.00386569605481557,0.00232675830216447,0,0.00126659235991488,0,0
"c667b7a7367b1dbad8a24df3fef9441a",0.0183061261849237,0,0,0,0,0,0,0,0,0,0,0,0,0,0,0
"9298ac3ee3ca7f2d3eb2fcd739324462",0.00742857294460672,0,0,0,0,0,0,0,0,0,0,0,0,0,0,0
"dd845f9a83e4214b3e9e1a1ead34f609",0.0127346964764687,0,0,0,0,0,0,0,0,0,0,0,0,0,0,0
"2b335f368deba69c6c95c18da31dc5f4",0.335347007213675,0,0,0,0,0,0,0,0,0,0,0,0,0,0,0
"f2cd13764c9588bd921f3a53138830da",0.16104084919201,0,0,0,0,0,0,0,0,0,0,0,0,0,0,0
"6c1758cff014a807d58bd737c76ec233",0.016448982948772,0,0,0,0,0,0,0,0,0,0,0,0,0,0,0
"021debed55af14cc6451649e0fcd3ad0",0.0262653114827166,0,0,0,0,0,0,0,0,0,0,0,0,0,0,0
"283755ba25c1e02155384ef6f268c2ae",0.0870204259225359,0,0,0,0,0,0,0,0,0,0,0,0,0,0,0
"8f41bea56ea28ecfb10b1e83a77ff160",0.00238775558933788,0,0,0,0,0,0,0,0,0,0,0,0,0,0,0
"e75112095b671ec01db52f4beeb04879",0.00318367411911717,0,0,0,0,0,0,0,0,0,0,0,0,0,0,0
"d42056f27a6c002a2241048c320f9aa8",0.00716326676801363,0,0,0,0,0,0,0,0,0,0,0,0,0,0,0
"d62995b61a683553373d223efcb7aeaf",0.00795918529779292,0,0,0,0,0,0,0,0,0,0,0,0,0,0,0
"563814b59f2c0241d0cdec1b99b7f781",0.00848979765097911,0,0,0,0,0,0,0,0,0,0,0,0,0,0,0
"3890b069eb54ede0917072f32a071c12",0.00424489882548956,0,0,0,0,0,0,0,0,0,0,0,0,0,0,0
"08beb3b3788f0fb047aa7b0b035a64a6",0.00716326676801363,0,0,0,0,0,0,0,0,0,0,0,0,0,0,0
"7e87704cad17d9767ed0a558cf847a28",0.00318367411911717,0,0,0,0,0,0,0,0,0,0,0,0,0,0,0
"f86e4e85aad39b874e531be8848dcb97",0.00557142970845504,0,0,0,0,0,0,0,0,0,0,0,0,0,0,0
"2d2be8e2152e95e0f171c4b66568e6f9",0.00291836794252407,0,0,0,0,0,0,0,0,0,0,0,0,0,0,0
"206069e5a5041e6c7f39a4141aefdc19",0,0.0199686919437026,0.070482097547223,0.0210181402718346,0,0.0203043967479125,0,0,0,0.00466373197014175,0.0205365102912077,0.0618529915325387,0.216602092803319,0.285933225250785,0.345476504788922,0.186626178275448
"fce18edf79b54a689065dd7c2dcc5def",0.00583673588504814,0,0,0,0,0,0,0,0,0,0,0,0,0,0,0
"fbb4d97e016a3fae74e1e3b81805e48e",0,0.0356583784708974,0,0.0253295536609289,0,0.00676813224930415,0,0,0,0,0,0.0091131366834775,0,0.000949944269936164,0,0
"3d2934799990a0d03a472740c51dcbb9",0,0,0,0,0,0,0.00620559123770517,0,0,0,0,0,0,0,0,0
"9711e5e56376fe411f8d9ca9e739c6f1",0,0.0499217298592564,0.0493374682830561,0.0371859404809382,0.0802857063757925,0.0332766502257454,0,0.0352780350134497,0.00489699613805077,0.0448236461574735,0.0594350768427894,0.0560360957771276,0.045761005521828,0.0512969905765528,0.0589837935005477,0.0537736445878408
"36932f198f0d72739c13f82998a6364d",0,0,0,0,0,0,0,0,0,0,0,0.000193896525180372,0,0,0,0
"b9d27d1dc44fea66778479161f6ed7c6",0.0594285835568538,0,0,0,0,0,0,0,0,0,0,0,0,0,0,0
"f94941df072a2ce7df898dbbc4971c45",0.00822449147438602,0,0,0,0,0,0,0,0,0,0,0,0,0,0,0
"07aff16bdfb251a445d0583df066658e",0,0,0,0,0,0,0,0,0,0,0,0,0.0122029348058208,0,0,0
"cf9d6956cc5e9b057171f8ba480e6fbf",0,0.0164028540966128,0.0246687341415281,0.0210181402718346,0,0.0349686832880714,0.0279251605696733,0,0.0218138918876807,0.0126957148076081,0.00893942212676101,0.00601079228059154,0,0.00696625797953187,0,0
"0c3fbf81fa504f4fc2603e504474a1bf",0,0,0,0,0,0,0,0,0,0,0,0,0,0.000791620224946803,0,0
"96081852258501d40fba8d2ddf0541ac",0,0,0,0,0.0138423631682401,0,0,0,0,0,0,0,0,0,0,0
"7e19fffce24aab1692689a26dff5f328",0,0,0,0,0,0.00648612673891648,0,0,0,0,0,0,0,0,0,0
"2a259a83523139e7d1a7dbd894e2ae4d",0,0,0,0,0,0,0,0,0,0,0,0,0,0.00142491640490425,0,0
"42bdb37eaf4585993d2dadc410341bfc",0,0,0,0,0,0,0,0,0.0151361698812478,0.0220231787478916,0.0173956322466701,0.00717417143167377,0,0.0216903941635424,0,0
"712f87f5d819a247fd620da2e5d1ba23",0,0.00463558920121666,0,0,0,0,0,0,0,0,0,0,0,0.0256484952882764,0,0
"c2d746ce5aed150d6696eed8143ec2c7",0,0,0,0,0,0,0,0,0,0.0114002337047909,0.0229525703254674,0.0147361359137083,0,0.0123492755091701,0,0
"60afbfee9ee6fb92816d66611d1ffb57",0,0,0,0,0,0,0,0,0,0,0,0.00853144710793638,0,0,0,0
"742bfc36f3a40d87bc080ab54fdf0b05",0.00212244941274478,0,0,0,0,0,0,0,0,0,0,0,0,0,0,0
"85b80813a3be5e162f462e085b709b85",0,0.00320925406238077,0,0,0,0.00592211571814113,0,0,0.00311627026966867,0.0093274639402835,0.0111138761575948,0.0137666532878064,0,0.0305565406829466,0.0758363059292756,0.0917315113557285
"b78bdac2d66434f67db2a71b6f893639",0.235857190991263,0,0,0,0,0,0,0,0,0,0,0,0,0,0,0
"eaa037ee5d32a43f07a4cbfaf7080884",0.00291836794252407,0,0,0,0,0,0,0,0,0,0,0,0,0,0,0
"870ed496f1d2c0a854ad1f59b3df7224",0.00212244941274478,0,0,0,0,0,0,0,0,0,0,0,0,0,0,0
"47bb78bbb9b7eab1a487de7f1521ddd6",0,0.00784484326359743,0,0.00215570669454714,0,0.00225604408310138,0,0,0.00111295366773881,0.00207276976450745,0.0036240900513896,0.00542910270505042,0,0.00633296179957442,0.0112350082858186,0.00948946669197191
"cf5a736328e34ae09ad43b76da30ed99",0.00344898029571026,0,0,0,0,0,0,0,0,0,0,0,0,0,0,0
"e7fedde48db99c6379c14aea36d0e5d2",0,0,0,0,0,0.0031020606142644,0,0,0,0,0.00410730205824154,0,0,0.00126659235991488,0,0
"e8a175a7e2f98b4c540ba8c39c2e16dc",0,0,0,0,0,0,0,0,0,0,0,0.00174506872662335,0,0,0,0
"8d9e04bcb72dc816e2a95089bcea61eb",0,0.000713167569417948,0,0,0,0,0,0,0,0,0,0,0,0,0,0
"ce11bce162fe02427116266824ce6892",0.00212244941274478,0,0,0,0,0,0,0,0,0,0,0,0,0,0,0
"52b604057878bf8752f3a1b04785376f",0.00238775558933788,0,0,0,0,0,0,0,0,0,0,0,0,0,0,0
"5e1fc58ad48ef339ba354f5166b6a82f",0.00132653088296549,0,0,0,0,0,0,0,0,0,0,0,0,0,0,0
"839049ed2eabc492bfa76bca3e4f9075",0.0318367411911717,0,0,0,0,0,0,0,0,0,0,0,0,0,0,0
"73fc872cf74b23112d674efd5f773616",0.010877553240317,0,0,0,0,0,0,0,0,0,0,0,0,0,0,0
"3bb8c91a23a86c8601f5dead53c7b241",0.101877571811749,0,0,0,0,0,0,0,0,0,0,0,0,0,0,0
"455800da158eb1acad1d1e9657b345d2",0.00902041000416531,0,0,0,0,0,0,0,0,0,0,0,0,0,0,0
"6c533cace9e76e9de67e31e528bafa29",0.000795918529779292,0,0,0,0,0,0,0,0,0,0,0,0,0,0,0
"f538d22fdb4f50b77253747c9f18ed18",0.0183061261849237,0,0,0,0,0,0,0,0,0,0,0,0,0,0,0
"8e411053229e1cc8814cc8c0d1989251",0,0,0,0,0,0.0124082424570576,0,0,0,0,0,0,0,0,0,0
"8cc2a5a7c712bb71836060897190bb02",0.00132653088296549,0,0,0,0,0,0,0,0,0,0,0,0,0,0,0
"77e27d0665f7fb72b2b325641b3b95ea",0.00902041000416531,0,0,0,0,0,0,0,0,0,0,0,0,0,0,0
"6c5285812f71ed019e28402a38c1158a",0.00902041000416531,0,0,0,0,0,0,0,0,0,0,0,0,0,0,0
"d892477defe0f9cdd8909406acda6427",0.00238775558933788,0,0,0,0,0,0,0,0,0,0,0,0,0,0,0
"4835c874610f20a02421b283dbe2f2b6",0,0.00713167569417948,0.0140964195094446,0.00808390010455177,0.0193793084355361,0.0239704683829522,0,0.039687789390131,0.0191428030851076,0.0285005842619774,0.0490460186954725,0.0575872679785706,0.0488117392232832,0.0904030296889249,0.073027553857821,0.110710444739672
"9554148374cd0778fe58481a15ae48d7",0.00344898029571026,0,0,0,0,0,0,0,0,0,0,0,0,0,0,0
"081d925fdef2a04cc28b4971813f4a18",0.00132653088296549,0,0,0,0,0,0,0,0,0,0,0,0,0,0,0
"fd363796f24ad824b1a025860c3acb40",0.00822449147438602,0,0,0,0,0,0,0,0,0,0,0,0,0,0,0
"7b28257e7072537ea4bb77e10e2333cc",0.00265306176593097,0,0,0,0,0,0,0,0,0,0,0,0,0,0,0
"a52b829bf001efa256aeabe5472b2638",0.0161836767721789,0,0,0,0,0,0,0,0,0,0,0,0,0,0,0
"ec6941975f4e1863852cf87b9af738b2",0.00185714323615168,0,0,0,0,0,0,0,0,0,0,0,0,0,0,0
"f23be2076b7f3e2088503d4841c51f06",0,0.00392242163179872,0,0,0,0.000846016531163019,0,0,0,0,0,0,0,0,0,0
"308aa3982d3c398eaae8efce7b0803f2",0.0663265441482743,0,0,0,0,0,0,0,0,0,0,0,0,0,0,0
"6aa300d5323cbf75dc53cec3e6acb87c",0,0.0748825947888846,0.0810544121793065,0.0797611476982442,0.0526009800393123,0.0547090690152086,0.052747525520494,0,0.0296045675618524,0.0342007011143728,0.017637238250096,0.00465351660432893,0,0.0044330732597021,0,0
"aca43babf06d3410ce71cad5778ff102",0,0.0442163893039128,0,0.0161678002091035,0,0,0,0,0,0.00570011685239547,0,0.0139605498129868,0.0549132066261936,0.0362562063025636,0.0224700165716372,0.0442841778958689
"f95801513925a658f6f017e67e77e9a0",0,0.0192555243742846,0,0,0,0,0,0,0,0,0,0,0,0,0,0
"0920f329b65647d14740b55a5052624d",0,0,0.0387651536509727,0,0,0.00479409367659044,0,0,0.00222590733547762,0,0.00193284802740779,0,0,0,0,0
"f687f9aecd37880d471fc69c13c4f256",0.016448982948772,0,0,0,0,0,0,0,0,0,0,0,0,0,0,0
"7fea81a0fb9031b1aa53e4dcc0334bf4",0.0122040841232825,0,0,0,0,0,0,0,0,0,0,0,0,0,0,0
"87c488a6467b31c46a8e05912b6a0d09",0.00424489882548956,0,0,0,0,0,0,0,0,0,0,0,0,0,0,0
"ed583664a71759ab4da92119efb0df87",0.272469443361111,0,0,0,0,0,0,0,0,0,0,0,0,0,0,0
"0c9da253a23c96e308df82e07408f9f0",0.15414288860059,0,0,0,0,0,0,0,0,0,0,0,0,0,0,0
"dcb31c0c036636a36840c1f3341898d9",0.0530612353186195,0,0,0,0,0,0,0,0,0,0,0,0,0,0,0
"37a9f9625f201b6e61c29ac09ec54683",0,0.925334921319788,2.86862137017198,1.15815342164545,0.797320118490629,1.41623167316689,3.50926184492227,2.52237950346166,0.991641717955282,1.1825151506515,1.59387480460114,1.51530134428461,1.50401171481741,1.56740804539467,1.59256242451479,2.29012462832922
"9418ffbc4dee96cca486adf8b5f5493d",0,0.027456951422591,0,0,0,0.0177663471544234,0,0,0.0153587606147956,0.0230595636301453,0.0258518423665791,0.0236553760720054,0,0.0120326274191914,0,0
"6068fd60909c15a33c7dd6f3cf41a189",0,0.00320925406238077,0,0,0,0,0,0,0,0,0,0,0,0.00110826831492552,0,0
"c983ca27c4dffb6920f6059c696adbc2",0.00424489882548956,0,0,0,0,0,0,0,0,0,0,0,0,0,0,0
"3ab282a70cea4c1440512ab7820c4cad",0.0167142891253651,0,0,0,0,0,0,0,0,0,0,0,0,0,0,0
"6ba96f5208b35a9fa58a1e50271ece5c",0.073755117092881,0,0,0,0,0,0,0,0,0,0,0,0,0,0,0
"88811f3c000a695490dfaba4702345a6",0.00451020500208265,0,0,0,0,0,0,0,0,0,0,0,0,0,0,0
"137dec98118422e728bd109bffafd4bb",0.00583673588504814,0,0,0,0,0,0,0,0,0,0,0,0,0,0,0
"9ff60b1660430eecb3f6b31e6f3db189",0,0,0,0,0,0.00197403857271371,0,0,0.0035614517367642,0.00466373197014175,0.00555693807879738,0.0110521019352812,0,0.00490804539467018,0,0
"3cabb3834aa4f8f1c38942df4a372056",0.000265306176593097,0,0,0,0,0,0,0,0,0,0,0,0,0,0,0
"4f00beb51dfba2712cf36ef4f05da691",0.00583673588504814,0,0,0,0,0,0,0,0,0,0,0,0,0,0,0
"074479d786da002e8256e36bc49904fa",0.00238775558933788,0,0,0,0,0,0,0,0,0,0,0,0,0,0,0
"d56e57f7a7e3a1b98778de802e7097d0",0,0,0,0,0,0,0,0,0.0035614517367642,0.015027580792679,0.00434890806166752,0.00252065482734484,0,0.00316648089978721,0,0
"ebe4386302d56ad91632ab04d8e4f2a0",0.000795918529779292,0,0,0,0,0,0,0,0,0,0,0,0,0,0,0
"349e5c52e64bf4223e4b96bd1aa54075",0.0159183705955858,0,0,0,0,0,0,0,0,0,0,0,0,0,0,0
"76ceb1ce6517ef51bfc231b0a2084eba",0.00504081735526885,0,0,0,0,0,0,0,0,0,0,0,0,0,0,0
"26491960a83d9ec238fcf87efff319e2",0.0137959211828411,0,0,0,0,0,0,0,0,0,0,0,0,0,0,0
"c412c4daad0adeb07fedba1aed394245",0.0843673641566049,0.00855801083301538,0,0,0,0,0,0,0,0,0,0,0,0,0,0
"b4ddae050e7f8cb4e050ab8c7595731c",0.0413877635485232,0,0,0,0,0,0,0,0,0,0,0,0,0,0,0
"865b36b85a2b2a8cdbd204a37e088b94",0.0122040841232825,0,0,0,0,0,0,0,0,0,0,0,0,0,0,0
"77e62266f0403cceb7297e959f8c45ec",0,0,0,0,0,0,0,0,0.00133554440128657,0.00440463574957832,0,0,0,0,0,0
"0be5f4770658b90f11dc058c6006f780",0.0124693902998756,0,0,0,0,0,0,0,0,0,0,0,0,0,0,0
"91fcd069f0c0007854a6e6d3aa7d7681",0.00371428647230336,0,0,0,0,0,0,0,0,0,0,0,0,0,0,0
"326f3a76100742d3ceb2bc49506997fc",0.0167142891253651,0,0,0,0,0,0,0,0,0,0,0,0,0,0,0
"c147046b02be565ad186287629d4a843",0.0177755138317375,0,0,0,0,0,0,0,0,0,0,0,0,0,0,0
"46984bc1f36f8a8835a4a7914c2502b2",0,0,0,0,0,0.00338406612465208,0,0,0,0,0.00193284802740779,0,0,0.00379977707974466,0,0
"937806dd600ece921faa49ac16d4cdb0",0,0.00320925406238077,0,0,0,0,0,0,0,0.00181367354394401,0,0,0,0,0,0
"199c31b0eaa3d5012bbd210ced3e402f",0,0,0,0,0,0.00112802204155069,0,0,0,0,0,0,0,0,0,0
"1955a5529e36dd42feff41354ac9ad73",0,0,0,0.00754497343091499,0,0,0,0,0,0,0,0,0,0,0,0
"03d388b8f22b5b0c867f9fd46a649622",0,0,0,0,0,0,0,0,0,0,0,0.000969482625901861,0,0,0,0
"923d1e7b6ceac97721615d80cf869780",0.103469408871308,0.00534875677063461,0,0,0,0,0,0,0,0,0,0.00445962007914856,0,0.00174156449488297,0,0
"44292adaa0ea18b1b38d7e38695a72b1",0.0551836847313642,0,0,0,0,0,0,0,0,0,0,0,0,0,0,0
"1b8a948ece330b43c14f1197c1813886",0.0228163311870064,0,0,0,0,0,0,0,0,0,0,0,0,0,0,0
"e2c63d5718cf9ea95828084c3b843443",0.171653096255734,0,0,0,0,0,0,0,0,0,0,0,0,0,0,0
"7c02fc116dfd968c72ec176c6b121a3a",0.0440408253144541,0,0,0,0,0,0,0,0,0,0,0,0,0,0,0
"87e8ae9b41dbcd0ad54be2513a8f7489",0.00318367411911717,0,0,0,0,0,0,0,0,0,0,0,0,0,0,0
"d68eb4b5245740e3dfbd0fb1133ed220",0.00902041000416531,0,0,0,0,0,0,0,0,0,0,0,0,0,0,0
"519b05506b5c8269406e94701c3ff01a",0,0,0,0,0,0,0,0,0,0,0.00676496809592725,0.00891924015829712,0,0.00791620224946803,0,0
"cac0146ef6e3485fd6a9f6cd8f6ccb06",0.0262653114827166,0,0,0,0,0,0,0,0,0,0,0,0,0,0,0
"8a6710c4c8b9696b21805aa0a6d72a46",0.00689796059142053,0,0,0,0,0,0,0,0,0,0,0,0,0,0,0
"18b7af5d1e7696bb8cd541bdde042b51",0,0.00713167569417948,0,0,0,0.00253804959348906,0,0,0.00378404247031196,0.00570011685239547,0.0103890581473168,0.00891924015829712,0,0.00791620224946803,0.0224700165716372,0
"7eea950c837e9a07539bc8deadb18ccd",0.00424489882548956,0,0,0,0,0,0,0,0,0,0,0,0,0,0,0
"487922e0c371f4e89a7e2a5415c56073",0.00291836794252407,0,0,0,0,0,0,0,0,0,0,0,0,0,0,0
"a372cf10657d0756778992bacff2d706",0.00822449147438602,0,0,0,0,0,0,0,0,0,0,0,0,0,0,0
"6bb8346dab9a3a0256b22ca23f399e86",0.00265306176593097,0,0,0,0,0,0,0,0,0,0,0,0,0,0,0
"3f19effc21f49ca3bfe5e130ea113a75",0.00557142970845504,0,0,0,0,0,0,0,0,0,0,0,0,0,0,0
"df443df991086de26795466fa2bdd4f2",0.0270612300124959,0,0,0,0,0,0,0,0,0,0,0,0,0,0,0
"6891aea14e9e48ed890aa10cc84e4d40",0.0222857188338202,0,0,0,0,0,0,0,0,0,0,0,0,0,0,0
"8d94059665b326451d66d86b45255634",0.0151224520658065,0,0,0,0,0,0,0,0,0,0,0,0,0,0,0
"f824c242da3d47edd62495a6a144912c",0.00610204206164124,0,0,0,0,0,0,0,0,0,0,0,0,0,0,0
"0a4dae6c36a924945c5ad8318aff7ecb",0.0167142891253651,0,0,0,0,0,0,0,0,0,0,0,0,0,0,0
"f21e69f460e0f5a2ab946c9cbc535b27",0.00291836794252407,0,0,0,0,0,0,0,0,0,0,0,0,0,0,0
"ce96aba4d82cdb5ffa5b76128cfbb917",0,0,0,0,0,0.00197403857271371,0,0,0.00445181467095525,0.00570011685239547,0,0,0,0.00332480494477657,0,0.00948946669197191
"ac9f1e4b2c16d2889fff6d797650d869",0,0,0,0,0,0,0,0,0,0,0.00217445403083376,0,0,0,0,0
"32987fc28625ec2b81822b0fdaa91275",0.00265306176593097,0,0,0,0,0,0,0,0,0,0,0,0,0,0,0
"97f1dfd76250227f4fa9736d1ec5d108",0.00132653088296549,0,0,0,0,0,0,0,0,0,0,0,0,0,0,0
"17cd9e80e0f41c506e23257e356ac923",0.0127346964764687,0,0,0,0,0,0,0,0,0,0,0,0,0,0,0
"07a0a37967e31e9f4fe1683f99cc42b7",0.00742857294460672,0,0,0,0,0,0,0,0,0,0,0,0,0,0,0
"489ebda75c9174b8e7ad565ac0f52b97",0.0220204126572271,0,0,0,0,0,0,0,0,0,0,0,0,0,0,0
"892351141be327d407d7d063c3a74f59",0.0283877608954614,0,0,0,0,0,0,0,0,0,0,0,0,0,0,0
"fe243279a53940656a0d4289ddc3ea66",0.00106122470637239,0,0,0,0,0,0,0,0,0,0,0,0,0,0,0
"8add17e8b7e219187fd9b6e3ef665609",0.00504081735526885,0,0,0,0,0,0,0,0,0,0,0,0,0,0,0
"a8c0192a45a12e2f86fe50245c36917d",0.0644694009121226,0,0,0,0,0,0,0,0,0,0,0,0,0,0,0
"666b0c3f75da615166898be90c200697",0.00530612353186195,0,0,0,0,0,0,0,0,0,0,0,0,0,0,0
"70bc60bf6b649f62bb1ee7538331006f",0.0132653088296549,0,0,0,0,0,0,0,0,0,0,0,0,0,0,0
"d00d97e1374e175183b294e067ec1cfb",0.00159183705955858,0,0,0,0,0,0,0,0,0,0,0,0,0,0,0
"1557e1ae96e182db04d667afa2262c8e",0.0260000053061235,0,0,0,0,0,0,0,0,0,0,0,0,0,0,0
"334b1d727a1edd0d17d589993ea3a1ab",0.0175102076551444,0,0,0,0,0,0,0,0,0,0,0,0,0,0,0
"4f991b9a87b25e13c75f8eb888f9f7be",0.00742857294460672,0,0,0,0,0,0,0,0,0,0,0,0,0,0,0
"7ba75de333c5db029e78e068dde0fbe8",0.00557142970845504,0,0,0,0,0,0,0,0,0,0,0,0,0,0,0
"3a1e48f3d9f9c151cd121f1d5d2f3261",0.00185714323615168,0,0,0,0,0,0,0,0,0,0,0,0,0,0,0
"fd49dfe5a86c187e08a334fd7e25ff60",0.00769387912119982,0,0,0,0,0,0,0,0,0,0,0,0,0,0,0
"1191fe2ebce22f74b6596d9d91475abf",0.00451020500208265,0,0,0,0,0,0,0,0,0,0,0,0,0,0,0
"ffb7f32b76b8aea19e3d810eef8cb779",0.0098163285339446,0,0,0,0,0,0,0,0,0,0,0,0,0,0,0
"80ec5ef8c3af388c768221021941877e",0,0,0,0,0,0,0,0,0,0,0.00169124202398181,0,0,0.00189988853987233,0,0
"1cbf580d763d0eb5497ff2d6468e7668",0,0,0,0,0,0,0,0,0,0.00570011685239547,0.017637238250096,0.023461479546825,0.0213551359101864,0.0335646975377445,0.0337050248574558,0.0474473334598596
"779e393e6ff91129f826c691a0d16db3",0.00397959264889646,0,0,0,0,0.0200223912375248,0.0310279561885259,0.0485072981434934,0.101278783764232,0.101047526019738,0.0263350543734311,0.0442084077411249,0,0.00791620224946803,0,0
"4c7b0d554a1103b7872deded4bccb4ea",0,0.0331622919779346,0.0740062024245842,0.0614376407945935,0.0747487611084964,0.188379680938966,0.089981072946725,0.11024385941703,0.156481285684077,0.0969019864907231,0.0405898085755635,0.0438206146907641,0,0.013615867869085,0,0
"12198ade971f92bb157e2a699be09bc8",0,0,0,0,0,0,0,0,0,0,0.000483212006851946,0,0,0,0,0
"414b68c54905f4ec8ee50d51e536ff97",0.00212244941274478,0,0,0,0,0,0,0,0,0,0,0,0,0,0,0
"461e1d892b167a7eef900fa723462f09",0.00132653088296549,0,0,0,0,0,0,0,0,0,0,0,0,0,0,0
"306b5217fcb1f91aac0c7708bf674d98",0.00504081735526885,0,0,0,0,0,0,0,0,0,0,0,0,0,0,0
"7fc016100eca426d7fdf7f8abd29a67c",0.00451020500208265,0,0,0,0,0,0,0,0,0,0,0,0,0,0,0
"e47e7a777e94141d9ca4d03a24c43c22",0.00477551117867575,0,0,0,0,0,0,0,0,0,0,0,0,0,0,0
"abb5010d272a80f960bc66a0fade6593",0,0,0,0.00215570669454714,0,0,0,0,0,0,0,0,0,0,0,0
"80b0dd7e363e6128b4335d08d57b5618",0.00371428647230336,0.0114106811106872,0.0246687341415281,0.00377248671545749,0,0.013818270008996,0.0186167737131155,0,0.00422922393740749,0.031868835129302,0.0328584164659323,0.0178384803165942,0,0.0125075995541595,0.0112350082858186,0
"39e228b03b2c3090589f7da2c5ae6038",0,0,0,0,0,0.00225604408310138,0,0,0,0,0,0.00193896525180372,0,0.00617463775458506,0,0
"dc21153823efbfe6f4e092f110775cde",0,0,0,0.0194013602509243,0,0,0,0.0176390175067249,0.013132853279318,0.0235777560712722,0.00434890806166752,0.00523520617987005,0,0.0052246934846489,0,0
"212e304679f170a464d2616b3f94a250",0,0.0206818595131205,0.045813363405695,0.0328745270918439,0.0221477810691841,0.00761414878046717,0,0,0,0.00285005842619774,0.0036240900513896,0,0,0.00379977707974466,0,0
"c6e107ed1e85e47112f11877f3145a7a",0,0.00106975135412692,0,0,0,0,0,0,0,0,0,0,0,0,0,0
"4c65953d2d9c04292134fc5013f3a21e",0.0100816347105377,0,0,0,0,0,0,0,0.00267108880257315,0,0,0,0,0,0,0
"0eff2f70a09cbdfd1a1684adcb990931",0,0,0,0,0.00830541790094405,0,0,0,0,0,0,0,0,0,0,0
"7bfcdea57cc8e4bab6f3f3505b0dd682",0,0.00178291892354487,0,0,0,0,0,0,0,0,0,0,0,0,0,0
"3fb688a9024c5d9e0c97cf7a6859063a",0.00371428647230336,0.00855801083301538,0,0.00538926673636785,0.00553694526729603,0,0,0,0.00089036293419105,0.00414553952901489,0.0128051181815766,0.0104704123597401,0.0122029348058208,0.00696625797953187,0,0
"dbbd92eb5552c552aab4544c331ac6e2",0,0,0,0,0,0.000564011020775346,0,0,0,0,0,0,0,0,0,0
"0e487ab2d5669f87e21a4c0c09d8d952",0,0.0345886271167705,0,0.00646712008364142,0.0138423631682401,0.00507609918697811,0.0155139780942629,0,0.00556476833869406,0.00414553952901489,0.0256102363631532,0.00639858533095228,0.0122029348058208,0.00617463775458506,0,0.0126526222559625
"a8c38ea3b5825798b0141007373178aa",0,0,0,0,0,0,0,0,0,0,0.000966424013703893,0,0,0,0,0
"d035ec5e6c52ae02c608835230dde4b7",0.00265306176593097,0,0,0,0,0,0,0,0,0,0,0,0,0,0,0
"477ebf0ce71e93b505183b46f1d1c310",0.00265306176593097,0,0,0,0,0,0,0,0,0,0,0,0,0,0,0
"84983b37bd3b85c6b96d3a4ea0ff2bbd",0.00106122470637239,0,0,0,0,0,0,0,0,0,0,0,0,0,0,0
"4f90f8f67d96381936a8ea4b6bd9234c",0.00291836794252407,0,0,0,0,0,0,0,0,0,0,0,0,0,0,0
"7a94ab2d3edd2d5f1b14fb97b8227aab",0.00344898029571026,0,0,0,0,0,0,0,0,0,0,0,0,0,0,0
"38007bfc5e4b3c58b1d91a0bc9c4fdb2",0.0233469435401926,0,0,0,0,0,0,0,0,0,0,0,0,0,0,0
"db74361e1059284f58f7b72bfb21758c",0.0201632694210754,0,0,0,0,0,0,0,0,0,0,0,0,0,0,0
"584732b1ae36c8fd9cd78a3b94bfb4ba",0.0095510223573515,0,0,0,0,0,0,0,0,0,0,0,0,0,0,0
"b4675aefcee3975954467e51b228d6f2",0,0,0,0,0,0,0,0,0.0135780347464135,0.0147684845721155,0.00579854408222335,0.0056229992302308,0,0.00332480494477657,0,0
"025ef58ad4c94b135c69cb93c2320909",0,0.0103409297565603,0.0281928390188892,0.0156288735354668,0,0.0157923085817097,0,0,0.00868103860836273,0,0,0,0,0,0,0
"f437261ff1458ebf1aa7f6dc7bf69e58",0,0,0,0,0,0,0,0,0,0,0,0,0,0.00759955415948931,0,0
"7f0b196864a7620b20920d9883da587e",0.00716326676801363,0,0,0,0,0,0,0,0,0,0,0,0,0,0,0
"42de4e368cca3ff50954f82c12dd5315",0.00742857294460672,0,0,0,0,0,0,0,0,0,0,0,0,0,0,0
"403445d403772ea7701cd01368da5a56",0.00397959264889646,0,0,0,0,0,0,0,0,0,0,0,0,0,0,0
"f7ac318fad126f8dc75f70e09fd5c4dd",0.0161836767721789,0,0,0,0,0,0,0,0,0,0,0,0,0,0,0
"3e6d862418922fbe062da225314e7762",0.00371428647230336,0,0,0,0,0,0,0,0,0,0,0,0,0,0,0
"5ceabb76ec2975d9498f124fe62a81e6",0.00212244941274478,0,0,0,0,0,0,0,0,0,0,0,0,0,0,0
"3ba3a0a8948fba9b0c25ad37b41b3342",0.0116734717700963,0,0,0,0,0,0,0,0,0,0,0,0,0,0,0
"a78a93326d787b79c22198acbce80e81",0.0684489935610191,0,0,0,0,0,0,0,0,0,0,0,0,0,0,0
"999031908a04b1e2fca9b265ee4e0aba",0.0594285835568538,0,0,0,0,0,0,0,0,0,0,0,0,0,0,0
"470a368a6807b4a2d6a56ff427742e09",0.00344898029571026,0,0,0,0,0,0,0,0,0,0,0,0,0,0,0
"717aff2a74550554098682047fb9830c",0.00371428647230336,0,0,0,0,0,0,0,0,0,0,0,0,0,0,0
"be3beb705ba2502ce1c0a3ac0b24feb3",0.00636734823823433,0,0,0,0,0,0,0,0,0,0,0,0,0,0,0
"c91a769593898d20a017b58093f62ea8",0.00185714323615168,0,0,0,0,0,0,0,0,0,0,0,0,0,0,0
"5837405da6036e7481240160de143774",0,0.00213950270825385,0,0.00161678002091035,0,0,0,0,0,0.000518192441126861,0.017637238250096,0.0544849235756846,0.0549132066261936,0.0486054818117337,0.0308962727860012,0.069589422407794
"f8e946bdec673e40686c9ab157a63ac0",0.0910000185714324,0,0,0,0,0,0,0,0,0,0,0,0,0,0,0
"494ab4a0ec6f00ad0cbf201f2f607b05",0.000530612353186195,0,0,0,0,0,0,0,0,0,0,0,0,0,0,0
"5b346ae9f12ee4f745413918a78c62cc",0.0310408226613924,0,0,0,0,0,0,0,0,0,0,0,0,0,0,0
"6786956e5d741de3549e1c89e3a608b0",0,0.0014263351388359,0,0,0,0.00592211571814113,0,0,0.00111295366773881,0.00751379039633949,0.018362056260374,0.0122154810863635,0,0.011874303374202,0.0112350082858186,0.00948946669197191
"fe92b5d8f5b1599d91fec61ebc12e170",0.00344898029571026,0,0,0,0,0,0,0,0,0,0,0,0,0,0,0
"d50e97399b1cda1ec4e98fcecab91fd7",0.00371428647230336,0,0,0,0,0,0,0,0,0,0,0,0,0,0,0
"d883b22e464393102af5c3372d061397",0.00212244941274478,0,0,0,0,0,0,0,0,0,0,0,0,0,0,0
"90180ad539e48d0fd6f3161438f747b7",0.00265306176593097,0,0,0,0,0,0,0,0,0,0,0,0,0,0,0
"6d04a8df8207e9542e849378a1bcf43c",0.00159183705955858,0,0,0,0,0,0,0,0,0,0,0,0,0,0,0
"826ce0379ee559bbbabb1289906f8823",0.00291836794252407,0,0,0,0,0,0,0,0,0,0,0,0,0,0,0
"353932b8f9bc8551107028bbc48b250c",0.0395306203123715,0,0,0,0,0,0,0,0,0,0,0,0,0,0,0
"eec9b8156043e0a6af0911723613a3da",0.00557142970845504,0,0,0,0,0,0,0,0,0,0,0,0,0,0,0
"ebe6058ea1fbc7f77df40e51f0a20dca",0.0116734717700963,0,0,0,0,0,0,0,0,0,0,0,0,0,0,0
"af2f68999329d11971cc4eeb7d338c1c",0,0,0,0,0,0,0,0,0,0,0.00120803001712987,0,0,0.000791620224946803,0,0
"a81cdbf7c63d89c325cb7ef0766f27f1",0.00451020500208265,0,0,0,0,0,0,0,0,0,0,0,0,0,0,0
"f04ff31f64577aa1ffb8bae8e5bb7028",0.0445714376676403,0,0,0,0,0,0,0,0,0,0,0,0,0,0,0
"c995fd3a6bbed38454cd050bc331deaa",0.00875510382757221,0,0,0,0,0,0,0,0,0,0,0,0,0,0,0
"5a05b28cfb802977240bc925ee59d1fc",0.0153877582423996,0,0,0,0,0,0,0,0,0,0,0,0,0,0,0
"e763da20f3043ecff1e6087da0de0512",0.0103469408871308,0,0,0,0,0,0,0,0,0,0,0,0,0,0,0
"76706469a0a366adb9c84fc05de522f3",0.00557142970845504,0,0,0,0,0,0,0,0,0,0,0,0,0,0,0
"eda24e48b8b611eab82f254d58d1148d",0.00132653088296549,0,0,0,0,0,0,0,0,0,0,0,0,0,0,0
"04a4d49b919c98986235493c3e4105f2",0.00132653088296549,0,0,0,0,0,0,0,0,0,0,0,0,0,0,0
"66c7b79c2f08d329223a3f4b048a6b10",0.0302449041316131,0,0,0,0,0,0,0,0,0,0,0,0,0,0,0
"2b7920f905d876304aa83fc776cd91a4",0.0687142997376122,0,0,0,0,0,0,0,0,0,0,0,0,0,0,0
"6c1100199e34d8c526ed1a529ebd879f",0.00557142970845504,0,0,0,0,0,0,0,0,0,0,0,0,0,0,0
"28e70a00b942f129979d73aacfbf7bcd",0.00132653088296549,0.00213950270825385,0,0,0,0,0,0.0176390175067249,0.00244849806902539,0.00233186598507088,0,0,0,0,0,0
"c5fd2a45a5ac6f49a4089d35044de207",0.0257346991295304,0,0,0,0,0,0,0,0,0,0,0,0,0,0,0
"7db5761404d6f5f4f0fc9b6e62aaa8a6",0.00344898029571026,0,0,0,0,0,0,0,0,0,0,0,0,0,0,0
"be51b6808df10f395e8b458d9508ac69",0,0.000713167569417948,0,0.00269463336818392,0,0,0,0,0.000445181467095525,0.000777288661690292,0.000724818010277919,0,0.0091522011043656,0,0,0
"cff8e2e801a0c5c478ebbe42363d2ee7",0.043510212961268,0,0,0,0,0,0,0,0,0,0,0,0,0,0,0
"5645208dbd4272e443c0bfd58a60b9b9",0.0127346964764687,0,0,0,0,0,0,0,0,0,0,0,0,0,0,0
"63adbcb1936348ae36887abcd1e4af55",0,0.00392242163179872,0,0,0,0.00846016531163019,0,0,0.00333886100321644,0.016841254336623,0.00797299811305711,0.00950092973383824,0,0.00934111865437228,0,0
"26de1fff4ab68ef5ec24949c1a27d329",0,0,0,0,0,0.00225604408310138,0,0,0,0,0,0.00174506872662335,0,0.00189988853987233,0,0
"f8eaa371a95b49c4c6842bbec4b4da5f",0,0,0,0,0,0,0,0,0,0,0.00120803001712987,0,0,0,0,0
"f5f66763f2f22b0c3e7c6196abf30135",0,0,0,0,0,0,0,0,0,0,0,0,0,0.00142491640490425,0,0
"b1b1498a8ac17d5a79c894f70b0ff7c3",0.0533265414952125,0,0,0,0,0,0,0,0,0,0,0,0,0,0,0
"ad38e923c9aca989b782888445b843f9",0.019102044714703,0,0,0,0,0,0,0,0,0,0,0,0,0,0,0
"b9ca0e9ca6ba197607c2653e75d15261",0.00132653088296549,0,0,0,0,0,0,0,0,0,0,0,0,0,0,0
"bdc8f8a67a910d09965f2c9975bb00c8",0,0.0206818595131205,0,0.0140120935145564,0,0,0,0,0,0,0,0,0,0,0,0
"7bdb643584d385bedc3578796b996258",0,0.000356583784708974,0.0281928390188892,0,0.0221477810691841,0.00451208816620277,0,0,0.000667772200643287,0.00440463574957832,0,0,0,0,0,0
"b1cb97aa18b863512ee21e70268186ac",0.00265306176593097,0,0,0,0,0,0,0,0,0,0,0,0,0,0,0
"1149a5d0986a0fc3bf7a7a9057b0e033",0.00106122470637239,0,0,0,0,0,0,0,0,0,0,0,0,0,0,0
"79e1085555941c59c02fe10d0db42b77",0.00318367411911717,0,0,0,0,0,0,0,0,0,0,0,0,0,0,0
"5e4fdda0c1bb85957202d1498f061aa8",0.00397959264889646,0,0,0,0,0,0,0,0,0,0,0,0,0,0,0
"b1dd093a530c4f323e45823253ee9e15",0,0.0213950270825384,0,0,0,0,0,0,0,0.00880927149915664,0.00966424013703892,0.0118276880360027,0,0.011399331239234,0,0
"ee4ac6545a6964811ec188369b533ff7",0,0,0,0.0253295536609289,0,0,0,0,0,0,0,0,0,0,0,0
"0e8d139d4d46c3baca2e943754725d96",0,0,0,0,0,0,0,0,0,0,0,0,0,0,0.00280875207145465,0
"1d5bff435ad12cc1e038dc5444d157c0",0.00636734823823433,0,0,0,0,0,0,0,0,0,0,0,0,0,0,0
"ce8d585abe69c46ac0fba61726d046c5",0,0,0,0,0,0.00705013775969182,0.0155139780942629,0,0.0129102625457702,0.0313506426881751,0.00869781612333503,0.00504130965468968,0,0.00791620224946803,0,0
"42655605abb4cc7bd5f1be954adf23b0",0,0.180074811278032,0.137440090217085,0.114252454810998,0.130118213781457,0.088831735772117,0.052747525520494,0.0440975437668122,0.0162491235489867,0.111411374842275,0.268907481813108,0.0517703722231594,0.109826413252387,0.0864449285641909,0.0561750414290931,0.0537736445878408
"4d974c10bc3f6eb4c9f44f3dd9696401",0,0,0,0.00269463336818392,0,0,0,0,0,0,0,0,0,0,0,0
"457eed011dd636fe1362bcb7e5bbe22d",0.00557142970845504,0,0,0,0,0,0,0,0,0,0,0,0,0,0,0
"405dff4269ebcff0dbc2d5c0c63a1ee3",0,0.0449295568733307,0.0634338877925007,0.0188624335772875,0,0.00930618184279321,0,0,0.00823585714126721,0.0121775223664812,0.00773139210963114,0.00193896525180372,0,0,0,0
"678452b1266654469afd6625a7ec25f5",0,0.0128370162495231,0,0.00970068012546213,0,0.00817815980124252,0,0,0,0,0,0,0,0.0060163137095957,0,0
"8bf3a15fcb9d5db4fd6f5f1e60dbdd2f",0,0,0,0,0,0.0360967053296221,0,0,0,0.00544102063183204,0,0.00193896525180372,0,0,0,0
"cd74519f8627d952e9422b81ea695058",0.013530615006248,0,0,0,0,0,0,0,0,0,0,0,0,0,0,0
"261ea1a5459096d6d6d7a6c03a0800ef",0.00424489882548956,0,0,0,0,0,0,0,0,0,0,0,0,0,0,0
"be3b9cc41eb5d6dd33c9f480048a62a9",0.00397959264889646,0,0,0,0,0,0,0,0,0,0,0,0,0,0,0
"b11163a4c83a6ea84645bfb8a390cc5c",0,0,0,0,0,0,0,0,0.000445181467095525,0,0,0,0,0,0,0
"c4c43c34cccdf1faffcd3c478db50fee",0.0551836847313642,0,0,0,0,0,0,0,0,0,0,0,0,0,0,0
"11504835fb7658d601b4ff78ac3173dc",0.00477551117867575,0,0,0,0,0,0,0,0,0,0,0,0,0,0,0
"1fd28ae75bb3ec630b2de2e3430c8f1e",0.0137959211828411,0,0,0,0,0,0,0,0,0,0,0,0,0,0,0
"eed3ead2d719313207afd241a3e462ad",0.0172449014785513,0,0,0,0,0,0,0,0,0,0,0,0,0,0,0
"0bc59e74450baf62ec83784e80a61aa5",0.00663265441482743,0,0,0,0,0,0,0,0,0,0,0,0,0,0,0
"471ee7e3392aa06c75547eca0d50fdec",0.0352857214868819,0,0,0,0,0,0,0,0,0,0,0,0,0,0,0
"b820d1c08e8e80b6e461af1ec76a9723",0.000795918529779292,0,0,0,0,0,0,0,0,0,0,0,0,0,0,0
"1592babc98be7bdf1c3c62b4e1172c56",0.00636734823823433,0,0,0,0,0,0,0,0,0,0,0,0,0,0,0
"204059649d5553ccc15a44ccd09de89c",0.0204285755976685,0,0,0,0,0,0,0,0,0,0,0,0,0,0,0
"7a4591ecfb8de6241f36890cc9f78663",0.00371428647230336,0,0,0,0,0,0,0,0,0,0,0,0,0,0,0
"d545914a091c15dc4913586bf390bfe6",0,0,0,0,0,0.00338406612465208,0,0,0,0.00129548110281715,0.00338248404796362,0.00252065482734484,0,0.00316648089978721,0,0
"58d6ed632edb304a2a033c46c7a62d0a",0.00185714323615168,0,0,0,0,0,0,0,0,0,0,0,0,0,0,0
"5842b861c82007643d496c3860a149f9",0.0124693902998756,0,0,0,0,0,0,0,0,0,0,0,0,0,0,0
"4651f1e124ac9d94cff06304c700b593",0.00902041000416531,0,0,0,0,0,0,0,0,0,0,0,0,0,0,0
"cf93fb824641ba2cdbfddf60b0590131",0.00291836794252407,0,0,0,0,0,0,0,0,0,0,0,0,0,0,0
"e4e59d9f49c532675b55e61340b2179e",0.0137959211828411,0,0,0,0,0,0,0,0,0,0,0,0,0,0,0
"61d14f45268668061628d7a7990641b2",0,0.00927117840243333,0,0.00754497343091499,0.0304531989701282,0.016356319602485,0,0,0.00957140154255378,0.0217640825273282,0.0159459962261142,0.011439894985642,0,0.00379977707974466,0,0
"0b242442423fe54f3e1fe7622100a61b",0.00716326676801363,0,0,0,0,0,0,0,0,0,0,0,0,0,0,0
"38a3ffa5451f10cb983f8d8acd0f7d3e",0.00344898029571026,0,0,0,0,0,0,0,0,0,0,0,0,0,0,0
"e16f67ce9c9a6f842af7e459ca1d6239",0,0,0.0387651536509727,0.0129342401672828,0,0,0,0,0,0,0,0,0,0,0,0
"380c64674875dbcea485ba8f1ce26a6c",0,0.00356583784708974,0,0,0,0.012972253477833,0.254429240745912,0.0793755787802619,0.0191428030851076,0.0126957148076081,0.00507372607194544,0.0126032741367242,0.0274566033130968,0.0109243591042659,0,0
"1cc1768ef69206b14a737c7b1e93c3d3",0.00212244941274478,0,0,0,0,0,0,0,0,0,0,0,0,0,0,0
"289c551826100c6df283e6a9e2050688",0.00397959264889646,0,0,0,0,0,0,0,0,0,0,0,0,0,0,0
"ee4416ea3d6750d9a8586868330f1ff6",0.00504081735526885,0,0,0,0,0,0,0,0,0,0,0,0,0,0,0
"66cca1bc3b202fdae68d02d5f859b53f",0.00159183705955858,0,0,0,0,0,0,0,0,0,0,0,0,0,0,0
"eb0ccdfb925b4aa269b4e3d6848c7b32",0.00663265441482743,0,0,0,0,0,0,0,0,0,0,0,0,0,0,0
"82fd1b576ddb5cb4a31555dc2a02f381",0.00344898029571026,0,0,0,0,0,0,0,0,0,0,0,0,0,0,0
"a85ae3de6b2dd626049270444199438e",0,0.00677509190947051,0,0,0,0,0,0,0,0,0.0026576660376857,0.00174506872662335,0,0,0,0
"c55e2d0573fbdcf300cff596408b7072",0.00371428647230336,0,0,0,0,0,0,0,0,0,0,0,0,0,0,0
"0944c80185fbba7f13e44329a3276e65",0.0978979791628529,0,0,0,0,0,0,0,0,0,0,0,0,0.00158324044989361,0,0
"ac535b64f804c2eee5084adc741f7839",0,0,0,0,0,0,0,0,0,0,0.00241606003425973,0.00387793050360744,0,0.00142491640490425,0,0
"86ea29b42288be56c5aadc5b0f322728",0,0,0,0,0,0.000846016531163019,0,0,0,0,0,0,0,0,0,0
"43c8008fb032a5ed2cb06dafa83e23ec",0,0.00356583784708974,0,0.00377248671545749,0.0110738905345921,0.00451208816620277,0,0,0.00489699613805077,0.0093274639402835,0,0,0,0,0,0
"53688d14dd7b6148f42ecab9e78035a6",0.00212244941274478,0,0,0,0,0,0,0,0,0,0,0,0,0,0,0
"a3966ba5c2d8070f9df1a9eb4f46bca9",0,0,0,0,0,0,0,0,0,0,0.00120803001712987,0,0,0,0,0
"50af975bdb69f3f8359160d177493dc6",0.00424489882548956,0,0,0,0,0,0,0,0,0,0,0,0,0,0,0
"0ea9d87b8a7848918b64da425e91999a",0,0,0,0,0,0.00225604408310138,0,0,0,0,0,0,0,0,0,0
"f3082c2e28d3436ef615bb6541defb48",0,0,0,0,0,0.000282005510387673,0,0,0,0,0,0,0,0,0,0
"2548f61c3083181969197199a1a27bf5",0,0,0,0,0,0.00789615429085484,0,0,0,0,0.00289927204111168,0.00193896525180372,0,0,0,0
"8db3a14ae839a3bee50b9a192c59f8f9",0.00238775558933788,0.00178291892354487,0,0,0,0,0,0,0,0,0,0,0,0,0,0
"25e038c681656412cc697571c2d30118",0,0,0,0.0140120935145564,0,0,0,0,0,0,0,0,0,0,0,0
"d02e8e093df5064814273f652473189e",0,0.0531309839216371,0.0881026219340288,0.0555094473845889,0.0692118158412004,0.0349686832880714,0.111700642278693,0.0220487718834061,0.00489699613805077,0.0101047526019738,0.026818266380283,0.0387793050360744,0.0213551359101864,0.0191572094437126,0,0
"31a1e677493dc62acdbb253351f9a251",0.00344898029571026,0,0,0,0,0,0,0,0,0,0,0,0,0,0,0
"6e50cfec46931f3d8e0af8e75af55b43",0,0,0,0,0,0.0031020606142644,0,0,0,0,0,0,0,0,0,0
"734ceaf61779c85297c95adf8ddc6ad3",0,0,0,0,0,0.00225604408310138,0,0,0,0,0,0,0,0,0,0
"181a2b6fbc1d5f5de022772f08fb875c",0,0.0103409297565603,0,0,0,0.00451208816620277,0,0,0.00200331660192986,0.00362734708788803,0.00459051406509349,0.00155117220144298,0,0.00158324044989361,0,0
"56eed20694eeebce9a5a6bc4626aca89",0,0,0,0.0398805738491221,0,0.0031020606142644,0,0,0.0106843552102926,0.00362734708788803,0.0026576660376857,0,0,0.0110826831492552,0,0
"8f5c4dec742c9287a0f71ebe671bdc16",0,0,0,0,0,0.000846016531163019,0,0,0,0.00233186598507088,0,0,0,0,0,0
"424c5645f91f0d2c1ddce0523e2e5481",0,0,0,0,0,0,0,0,0.00422922393740749,0.00233186598507088,0.00217445403083376,0.00155117220144298,0,0.00205821258486169,0,0
"cea1ad1aac0bb510c18d3f96c1aec560",0.00636734823823433,0,0,0,0,0,0,0,0,0,0,0,0,0,0,0
"68961d428c4c1a26c72ee58ffe940b99",0,0.00178291892354487,0,0,0,0,0,0,0,0,0,0,0,0,0,0
"14ce80de12b0526121a4d0f4058099d1",0.0344898029571026,0,0,0,0,0,0,0,0,0,0,0,0,0,0,0
"c2cac7d762781f38d91567c99eba157e",0.0618163391461917,0,0,0,0,0,0,0,0,0,0,0,0,0,0,0
"964a2b2f2580973e2dc2039796a8eb37",0.00159183705955858,0,0,0,0,0,0,0,0,0,0,0,0,0,0,0
"f2898c48280ac39868a2fa71eb0211f3",0,0,0,0,0,0,0,0,0.00155813513483434,0,0.00144963602055584,0.00174506872662335,0,0.0044330732597021,0,0
"76bfb4e09e6ad08f8a206e9a5debe694",0,0.000713167569417948,0,0,0,0.000282005510387673,0,0,0,0.000259096220563431,0,0,0,0,0,0
"ec32cc6605cedce13a2049357143079a",0.0321020473677648,0,0,0,0,0,0,0,0,0,0,0,0,0,0,0
"6e21064675bd1626771d39886cc9d88b",0.0130000026530618,0,0,0.00377248671545749,0,0.00564011020775346,0,0,0,0,0.0248854183528752,0.0589445436548332,0.0640654077305592,0.0934111865437228,0.0674100497149117,0.1012209780477
"807e5c070ad04eee21adcd47683dda41",0.00371428647230336,0,0,0,0,0,0,0,0,0,0,0,0,0,0,0
"95d7089b4d7799ace0a9c5d9acd3b32f",0.0238775558933788,0,0,0,0,0,0,0,0,0,0,0,0,0,0,0
"3d34df899c737d07c37a5141fecdc373",0.100551040928784,0,0,0,0,0,0,0,0,0,0,0,0,0,0,0
"b777295e241883a56ab55b6d0fab2f76",0,0,0,0.00107785334727357,0,0,0,0,0,0.000777288661690292,0,0,0,0,0,0
"eaa1d57a577a4aa93aceab1782827ea8",0.00742857294460672,0.00570534055534359,0,0,0,0.00366607163503975,0,0,0.0017807258683821,0,0.00338248404796362,0.00523520617987005,0,0.00823285033944675,0.0140437603572733,0
"8a1c973b6094cbd560f363581ce1beba",0.10877553240317,0.027100367637882,0.0211446292641669,0.0388027205018485,0.0470640347720163,0.0211504132790755,0,0,0,0.00285005842619774,0.0142547542021324,0.0186140664173157,0,0.0267567636032019,0.0224700165716372,0.0253052445119251
"b35b4cb81d7c54205db79368125f511b",0.00106122470637239,0,0,0,0,0,0,0,0,0,0,0,0,0,0,0
"687530ef97a8574b08b65e6100ed1f16",0.130530638883804,0,0,0,0,0,0,0,0,0,0,0,0,0,0,0
"527903fbf386db15505deed22209fe0a",0.0461632747271989,0,0,0,0,0,0,0,0,0,0,0,0,0,0,0
"6cd824d1e0974fbbf83448af65c0def7",0.00769387912119982,0,0,0,0,0,0,0,0,0,0,0,0,0,0,0
"02ea17d797fcd9ffbf9d5e3644039b1c",0.00451020500208265,0,0,0,0,0,0,0,0,0,0,0,0,0,0,0
"8fbc49c6f3ec10b319e77d0a2ed2204f",0.00424489882548956,0,0,0,0,0,0,0,0,0,0,0,0,0,0,0
"f70e093acf38a2d3d8f0e88980b0293d",0.00238775558933788,0,0,0,0,0,0,0,0,0,0,0,0,0,0,0
"8aa21df13e2d324fd17fe7d44bc77099",0.0291836794252407,0,0,0,0,0.00225604408310138,0,0,0,0,0,0,0,0,0,0
"8a7df6e8751646d9927c0f0ed34cbf5b",0,0.00249608649296282,0,0.00377248671545749,0,0,0,0,0,0,0,0,0,0,0,0
"de46181cbf8f5129eec604079cf07d1f",0.0321020473677648,0,0,0,0,0,0,0,0,0,0,0,0,0,0,0
"203409814477d3107596c93e9ba7e5bc",0.0432449067846749,0,0,0,0,0,0,0,0,0,0,0,0,0,0,0
"08bd59c0dd2f1976f90f4d752e6d414b",0,0.0014263351388359,0,0,0,0,0,0,0,0,0,0,0,0,0,0
"b73b1ef694c71eec29bf86c697f26b20",0.0931224679841771,0,0,0,0,0,0,0,0,0,0,0,0,0,0,0
"ffb24eab9531da0542b30ff802e34b65",0.0830408332736394,0,0,0,0,0,0,0,0,0,0,0,0,0,0,0
"e02d000221827a781a3081c79cbc5016",0.00212244941274478,0,0,0,0,0,0,0,0,0,0,0,0,0,0,0
"af7a5c90aaa1a98d17616ee1ce8cbd96",0.0236122497167857,0,0,0,0,0,0,0,0,0,0,0,0,0,0,0
"1910bfda20570cb1978198cf2fa8e330",0.0339591906039165,0,0,0,0,0,0,0,0,0,0,0,0,0,0,0
"4faa3699baba0e697f56b8f69a2a1f40",0.0220204126572271,0,0,0,0,0,0,0,0,0,0,0,0,0,0,0
"24b5476371dc34ef4f12b359d6ea6fe4",0.110897981815915,0.00748825947888846,0,0.0102396067990989,0,0,0,0,0,0,0,0,0,0.00158324044989361,0,0
"bda11f81d4705f02ac8558b96bff4e28",0.00610204206164124,0,0,0,0,0,0,0,0,0,0,0,0,0,0,0
"43c0b25b6784fa0e906d10eea57852c8",0.0395306203123715,0,0,0,0,0,0,0,0,0,0,0,0,0,0,0
"46fcb071239921902d1df130f863599c",0.00451020500208265,0,0,0,0,0,0,0,0,0,0,0,0,0,0,0
"b0d26647a7f6153005ecd3ce5683ef89",0.0328979658975441,0.00534875677063461,0,0.00215570669454714,0,0,0,0,0,0,0,0,0,0,0,0
"99a197229849c15140fc329cff0ccb90",0.00902041000416531,0.00356583784708974,0,0,0,0,0,0,0,0,0,0.00213286177698409,0,0.0052246934846489,0.0280875207145465,0.0253052445119251
"4293552e270e9654178ff729c07282fd",0.0206938817742616,0,0,0,0,0,0,0,0,0,0,0,0,0,0,0
"79ba36cfcb1bdd16bc3aad97c47a1e6b",0,0,0,0.00323356004182071,0,0.00169203306232604,0,0,0,0.00259096220563431,0,0,0,0.000949944269936164,0,0
"11ec9f654a9c1c5dc45e40f82e7cb970",0.00848979765097911,0,0,0,0,0,0,0,0,0,0,0,0,0,0,0
"34bd302b38c473a6dc69875818ebfb23",0,0,0,0,0.00830541790094405,0.00479409367659044,0,0,0.00111295366773881,0,0,0,0,0,0,0
"2ab2d8b1e4ae115107b0baed6f6181ba",0.00344898029571026,0,0,0,0,0,0,0,0,0,0,0,0,0,0,0
"67ab6a8c32dcb38e12415ef305a06ce6",0.0275918423656821,0,0,0,0,0,0,0,0,0,0,0,0,0,0,0
"07bb3ab197992af0b741d1b71fc16c74",0.110367369462728,0,0,0,0,0,0,0,0,0,0,0,0,0,0,0
"6fdf97e983896ead9e2ae8cce7c97f46",0.00291836794252407,0,0,0,0,0,0,0,0,0,0,0,0,0,0,0
"53303fb50c16833ed95f7bd85950456e",0.00159183705955858,0,0,0,0,0,0,0,0,0,0,0,0,0,0,0
"ced3d95a776f5047eb0ab75ebeaa0555",0.0204285755976685,0,0,0,0,0,0,0,0,0,0,0,0,0,0,0
"1871e15a08fa2411512dc34595fb1958",0.00397959264889646,0,0,0,0,0,0,0,0,0,0,0,0,0,0,0
"1a78865d2083e443fbc5b19b0ea17fc5",0.00291836794252407,0,0,0,0,0,0,0,0,0,0,0,0,0,0,0
"7aaece58fc746f9480457f6056857dfe",0.119387779466894,0,0,0,0,0,0,0,0,0,0,0,0,0,0,0
"303f7af49ecdd12099842ae3af234567",0.00397959264889646,0,0,0,0,0,0,0,0,0,0,0,0,0,0,0
"05f1e3ae2775e34620e57edf62271d6d",0.00265306176593097,0,0,0,0,0,0,0,0,0,0,0,0,0,0,0
"dc960b31bf96a79c812f9e13fe5b26aa",0.00106122470637239,0,0,0,0,0,0,0,0,0,0,0,0,0,0,0
"534be7183f24b21ccc3a792f5c7e5169",0.016448982948772,0,0,0,0,0,0,0,0,0,0,0,0,0,0,0
"64303da63d4474d55a0486a7f379c2ba",0.0469591932569782,0,0,0,0,0,0,0,0,0,0,0,0,0,0,0
"0f4a7eac09f580255faedbb1da343681",0.013530615006248,0,0,0,0,0,0,0,0,0,0,0,0,0,0,0
"f04944690d5cdfed3a6e59cfaa04ce13",0.0233469435401926,0,0,0,0,0,0,0,0,0,0,0,0,0,0,0
"8d422552eb2392c7c2d4743727d1ff33",0,0.00570534055534359,0,0.00161678002091035,0.0138423631682401,0.0200223912375248,0.0620559123770517,0.0264585262600873,0.00467440540450301,0.00492282819070518,0.00773139210963114,0.00736806795685415,0,0.00427474921471274,0,0
"38e01c452b469921cbeedecef774390c",0.00132653088296549,0,0,0,0,0,0,0,0,0,0,0,0,0,0,0
"7a7bc8160be971cd4073affbe56358c7",0.00212244941274478,0,0,0,0,0,0,0,0,0,0,0,0,0,0,0
"8067fd3f7aedca5f755d76ba6d001ecc",0.00451020500208265,0,0,0,0,0,0,0,0,0,0,0,0,0,0,0
"de329304e57f0e32da3a08e64625a2e1",0,0.0919986164549153,0.0916267268113899,0.0571262274054992,0.0526009800393123,0.091369785365606,0.0620559123770517,0,0.0171394864831777,0.00699559795521263,0.00459051406509349,0.00329624092806633,0,0.0052246934846489,0,0
"b0d25a3bc288f3c5ac8b993c6e4504dd",0,0.00748825947888846,0,0.0113174601463725,0,0.0126902479674453,0,0,0.00779067567417168,0.00699559795521263,0.00289927204111168,0.00135727567626261,0,0.00759955415948931,0,0
"3ab7c5dece6b62c7faf92b667d63b4a0",0,0.00998434597185128,0,0.0156288735354668,0,0,0,0,0,0,0,0,0,0,0,0
"765b69d9c4313cc8630769db523cc54c",0,0.0470690595815846,0.0951508316887511,0.0824557810664281,0.130118213781457,0.16356319602485,0.0868782773278724,0,0.117973088780314,0.297442461206818,0.0468715646646388,0.0397487876619763,0.0518624729247384,0.0185239132637552,0,0
"d081020b6bdf3bf279b93bd42598e1e1",0,0.0456427244427487,0,0.0398805738491221,0,0.0848836586266896,0,0.123473122547074,0.0694483088669019,0.0414553952901489,0.0161876022295402,0.00814365405757563,0,0.021532070118553,0.0337050248574558,0.0759157335357753
"6178807a00a64843e5bb9f31f0a5f42c",0,0.00748825947888846,0,0.0107785334727357,0,0,0,0,0,0,0,0.00542910270505042,0,0.0044330732597021,0,0
"72d63057d6e53e6e72b1af409c9ed0fb",0,0,0,0,0,0,0,0,0.0204783474863941,0.0246141409535259,0.00700657409935322,0,0,0,0,0
"31b772f3e0f36755cdb6cd584a8a105f",0,0,0,0.00646712008364142,0,0,0,0,0,0.00362734708788803,0,0,0,0.00189988853987233,0,0
"f61f4c9b8258738ad3ee7663e43e7907",0,0.00534875677063461,0,0.00485034006273106,0,0.00648612673891648,0,0,0.027156069492827,0.0199504089833842,0.00797299811305711,0.00601079228059154,0,0.00284983280980849,0,0
"e438545696891f9da484c32c04332871",0,0,0,0,0,0,0,0,0.000667772200643287,0.00285005842619774,0.00193284802740779,0,0,0.00110826831492552,0,0
"172049e46605909f99651e4d0efb8578",0.00132653088296549,0,0,0,0,0,0,0,0,0,0,0,0,0,0,0
"613a529206f7a8428ca4bb000c908d35",0.00583673588504814,0,0,0,0,0,0,0,0,0,0,0,0,0,0,0
"7f26e242060257e98029fcaad8b88db9",0.00451020500208265,0,0,0,0,0,0,0,0,0,0,0,0,0,0,0
"ae704d1c88be49728d2e2bd87af45c54",0.000795918529779292,0,0,0,0,0,0,0,0,0,0,0,0,0,0,0
"b3b12b9ab4a7ba52db234d329bd0ff98",0.00291836794252407,0,0,0,0,0,0,0,0,0,0,0,0,0,0,0
"fe5ba29df5b7470530baf59c3368072e",0.00185714323615168,0,0,0,0,0,0,0,0,0,0,0,0,0,0,0
"06e03c616890e7dd3b607e7605fda9be",0.00371428647230336,0,0,0,0,0,0,0,0,0,0,0,0,0,0,0
"0c383d815fd10fc34608bc3c3415bd28",0.00132653088296549,0,0,0,0,0,0,0,0,0,0,0,0,0,0,0
"ac3f05517b1b612528747e13dde51f63",0.00106122470637239,0,0,0,0,0,0,0,0,0,0,0,0,0,0,0
"e357713de529ed95dc5d315656f58df9",0.00132653088296549,0,0,0,0,0,0,0,0,0,0,0,0,0,0,0
"4e54424feaf302b38dacbb7da4c883dd",0.00238775558933788,0,0,0,0,0,0,0,0,0,0,0,0,0,0,0
"bab56c548143c05f1bd021822bf7aa19",0.00132653088296549,0,0,0,0,0,0,0,0,0,0,0,0,0,0,0
"c6171a3d89596153e525e7c455919126",0.000795918529779292,0,0,0,0,0,0,0,0,0,0,0,0,0,0,0
"2496952100a88c88466683710edf34ba",0.00106122470637239,0,0,0,0,0,0,0,0,0,0,0,0,0,0,0
"7229a1a874924db8456664b2a5985136",0,0.00320925406238077,0,0.0140120935145564,0,0.00366607163503975,0,0,0,0,0,0,0,0.00221653662985105,0,0
"9895ece38025393ef9ccafafea501d77",0,0,0,0,0,0.00592211571814113,0,0,0,0,0,0,0,0,0,0
"3182f7f1481c062400961d614823e485",0,0,0,0,0,0,0,0,0,0.00285005842619774,0,0,0,0,0,0
"956d35dae808c86e4c2763cba7d609fa",0,0,0,0,0,0,0,0,0.013132853279318,0.00855017527859321,0.00217445403083376,0.00387793050360744,0,0,0,0
"a43c475502b54cdee1385dcca3109bfe",0,0.0203252757284115,0.0563856780377784,0.156288735354668,1.42022646106143,0.322896309393886,0.0744670948524621,0.194029192573974,0.127099308855772,0.0564829760828279,0.0171540262432441,0.00833755058275601,0,0.00506636943965954,0,0.0221420889479345
"bf3cf03e93fd3eb39a0ee44a895a1e2d",0.000530612353186195,0,0,0,0,0,0,0,0,0,0,0,0,0,0,0
"3cf1742119ed5fa9647b23f85b3f9af1",0.00238775558933788,0,0,0,0,0,0,0,0,0,0,0,0,0,0,0
"3ad87bba1f2057ec3f2d3dfb1faa6e4c",0.000795918529779292,0,0,0,0,0,0,0,0,0,0,0,0,0,0,0
"e00f85cb3452e37943500e86afb268f4",0.00291836794252407,0,0,0,0,0,0,0,0,0,0,0,0,0,0,0
"e8f301ad6c8b07835edee784bcb81d17",0.000530612353186195,0,0,0,0,0,0,0,0,0,0,0,0,0,0,0
"f136f89d85c81d529c2d0a438cdffe1d",0.000795918529779292,0,0,0,0,0,0,0,0,0,0,0,0,0,0,0
"cc6afef9ee630eedd003d07f22d62140",0.00185714323615168,0,0,0,0,0,0,0,0,0,0,0,0,0,0,0
"bbbec58ac7c2e7c7ce1734a34aec1ae8",0.00159183705955858,0,0,0,0,0,0,0,0,0,0,0,0,0,0,0
"0f312394fc32d16cfdca183b11aad4ad",0,0.0014263351388359,0,0,0.0442955621383683,0.013818270008996,0.0155139780942629,0,0,0,0,0,0,0,0,0
"8cc8b34be2f3cb1e12e390328759aaf7",0.0119387779466894,0,0,0,0,0,0,0,0,0,0,0,0,0,0,0
"ebe91a7d912f432d8726b0cef99d18c3",0.00265306176593097,0,0,0,0,0,0,0,0,0,0,0,0,0,0,0
"fd28148d0cd2eca274f8a3bb38944793",0.00212244941274478,0.00285267027767179,0.0105723146320835,0.0145510201881932,0,0.0126902479674453,0,0,0.00311627026966867,0.00647740551408577,0.00314087804453765,0,0,0.00538301752963826,0,0
"0baae4d70749907f3e1f9be33a159e80",0,0,0,0,0,0.000846016531163019,0,0,0,0.00129548110281715,0,0,0,0,0,0
"6bbba65392a923662648a61d94002b30",0.0390000079591853,0,0,0,0,0,0,0,0,0,0,0,0,0,0,0
"a743ded8ab3e004a1671552ecbb9bb5b",0.00238775558933788,0,0,0,0,0,0,0,0,0,0,0,0,0,0,0
"d565cc730adacf032359b0bbd5840ed3",0.00238775558933788,0,0,0,0,0,0,0,0,0,0,0,0,0,0,0
"7f1023e871bcd3a4f7ac96f3a40c9a8d",0,0.00713167569417948,0.0140964195094446,0.0743718809618763,0.0166108358018881,0.00394807714542742,0,0,0.00200331660192986,0.0033682508673246,0.00193284802740779,0,0,0,0,0
"085c382879bb22ae25c77dca748d1387",0,0,0,0,0,0.000846016531163019,0,0,0,0,0,0,0,0,0,0
