"seq","sample","rel_ab","Kingdom","Phylum","Class","Order","Family","Genus","Species","Day","Description","Media"
"0fec351445f84bd482075ceda6123f46","Q",49.7486166896048,"Archaea","Euryarchaeota","Methanobacteria","Methanobacteriales","Methanobacteriaceae","Methanobacterium","midas_s_9526",300,NA,"Wolfe v3: went back to modified wolfe + EDTA and switched CuSO4 to CUCl2"
"63f37ee4b481fccdffca10160ed5b944","Q",15.5520602196444,"Archaea","Euryarchaeota","Methanobacteria","Methanobacteriales","Methanobacteriaceae",NA,NA,300,NA,"Wolfe v3: went back to modified wolfe + EDTA and switched CuSO4 to CUCl2"
"7f78afb7e1d45cd528fe9cd909c93fb5","Q",10.1480212341657,"Archaea","Euryarchaeota","Methanobacteria","Methanobacteriales","Methanobacteriaceae","Methanobacterium",NA,300,NA,"Wolfe v3: went back to modified wolfe + EDTA and switched CuSO4 to CUCl2"
"c55a8101fb6c187736f0af61f720cb92","Q",2.69359323652501,"Bacteria","Bacteroidota","Bacteroidia","Sphingobacteriales","Lentimicrobiaceae","Lentimicrobium",NA,300,NA,"Wolfe v3: went back to modified wolfe + EDTA and switched CuSO4 to CUCl2"
"d3cf08daefed96f494257ceff63a6cf8","Q",2.19925287194899,"Bacteria","Thermotogota","Thermotogae","Kosmotogales","Kosmotogaceae","Mesotoga","Mesotoga_infera",300,NA,"Wolfe v3: went back to modified wolfe + EDTA and switched CuSO4 to CUCl2"
"37a9f9625f201b6e61c29ac09ec54683","Q",1.59256242451479,"Bacteria","Firmicutes","Clostridia","Gracilibacteraceae","Lutispora","midas_g_94288","midas_s_99172",300,NA,"Wolfe v3: went back to modified wolfe + EDTA and switched CuSO4 to CUCl2"
"04869be25e3dc4d526ce3824d407aedf","Q",1.55043114344297,"Bacteria","Synergistota","Synergistia","Synergistales","Synergistaceae","Aminivibrio","Aminivibrio_pyruvatiphilus",300,NA,"Wolfe v3: went back to modified wolfe + EDTA and switched CuSO4 to CUCl2"
"93fadef301b62aa732e42bf1142b3afa","Q",1.45212482094206,"Bacteria","Bacteroidota","Bacteroidia","Bacteroidales","Paludibacteraceae","midas_g_9269",NA,300,NA,"Wolfe v3: went back to modified wolfe + EDTA and switched CuSO4 to CUCl2"
"83adaf3a09d08c93f2abea6a4c815592","Q",1.35943600258405,"Bacteria","Bacteroidota","Bacteroidia","Bacteroidales","Dysgonomonadaceae","Petrimonas","Petrimonas_sulfuriphila",300,NA,"Wolfe v3: went back to modified wolfe + EDTA and switched CuSO4 to CUCl2"
"09ee5eb3e6c726c7c8242f6e97453fc2","Q",1.1459708451535,"Archaea","Euryarchaeota","Methanobacteria","Methanobacteriales","Methanobacteriaceae","Methanobacterium","Methanobacterium_formicicum",300,NA,"Wolfe v3: went back to modified wolfe + EDTA and switched CuSO4 to CUCl2"
"b64cf0e9dea8cef6b9500b364c179b98","Q",0.946549448080218,"Bacteria","Proteobacteria","Gammaproteobacteria","Burkholderiales",NA,NA,NA,300,NA,"Wolfe v3: went back to modified wolfe + EDTA and switched CuSO4 to CUCl2"
"e6485d233ed2b8b9a2f3f50f0747b9d2","Q",0.848243125579305,"Bacteria","Bacteroidota","Bacteroidia","Bacteroidales","Dysgonomonadaceae","Proteiniphilum","midas_s_56159",300,NA,"Wolfe v3: went back to modified wolfe + EDTA and switched CuSO4 to CUCl2"
"b3d8bf326297fb9b18ea4fef1ce8d4a6","Q",0.7246580344353,"Bacteria","Desulfobacterota","Desulfovibrionia","Desulfovibrionales","Desulfovibrionaceae","Desulfovibrio",NA,300,NA,"Wolfe v3: went back to modified wolfe + EDTA and switched CuSO4 to CUCl2"
"19463e5fe824700110e4a4ec8afe0512","Q",0.601072943291296,"Archaea","Euryarchaeota","Methanobacteria","Methanobacteriales","Methanobacteriaceae","Methanobacterium","Methanobacterium_beijingense",300,NA,"Wolfe v3: went back to modified wolfe + EDTA and switched CuSO4 to CUCl2"
"7281c911136ba2bdcafebb9c71729dea","Q",0.553324158076567,"Archaea","Euryarchaeota","Methanobacteria","Methanobacteriales","Methanobacteriaceae","Methanobacterium","Methanobacterium_beijingense",300,NA,"Wolfe v3: went back to modified wolfe + EDTA and switched CuSO4 to CUCl2"
"5976a56adfe903f7348b5eb5689e3c55","Q",0.477487852147291,"Bacteria","Bacteroidota","Bacteroidia","Bacteroidales","Rikenellaceae","midas_g_36215","midas_s_87061",300,NA,"Wolfe v3: went back to modified wolfe + EDTA and switched CuSO4 to CUCl2"
"a402fc6f0fd057decbe746f48bf12862","Q",0.452209083504199,"Bacteria","Bacteroidota","Bacteroidia","Bacteroidales","Dysgonomonadaceae","Petrimonas","Petrimonas_sulfuriphila",300,NA,"Wolfe v3: went back to modified wolfe + EDTA and switched CuSO4 to CUCl2"
"e144d237c973d831d708cac2c17df968","Q",0.398842794146561,"Bacteria","Firmicutes","Clostridia","Eubacteriales","Eubacteriaceae","Acetobacterium",NA,300,NA,"Wolfe v3: went back to modified wolfe + EDTA and switched CuSO4 to CUCl2"
"206069e5a5041e6c7f39a4141aefdc19","Q",0.345476504788922,"Bacteria","Firmicutes","Clostridia","Christensenellales","Christensenellaceae","Christensenellaceae_R-7_group","midas_s_47390",300,NA,"Wolfe v3: went back to modified wolfe + EDTA and switched CuSO4 to CUCl2"
"c7553191e309cfc2e28aea2507e7afdf","Q",0.311771479931466,"Bacteria","Firmicutes","Clostridia","Peptostreptococcales-Tissierellales","Anaerovoracaceae","Anaerovorax",NA,300,NA,"Wolfe v3: went back to modified wolfe + EDTA and switched CuSO4 to CUCl2"
"01bc6f144e0f577c7a5364ebafdb3509","Q",0.303345223717102,"Bacteria","Firmicutes","Bacilli","Erysipelotrichales","Erysipelotrichaceae","Erysipelothrix","midas_s_114219",300,NA,"Wolfe v3: went back to modified wolfe + EDTA and switched CuSO4 to CUCl2"
"3343d19c0bc1759a66023cbc86c92592","Q",0.294918967502739,"Bacteria","Cloacimonadota","Cloacimonadia","Cloacimonadales","Cloacimonadaceae","LNR_A2-18",NA,300,NA,"Wolfe v3: went back to modified wolfe + EDTA and switched CuSO4 to CUCl2"
"f876e4d5cbaa6ac5f3c225bcaf146791","Q",0.294918967502739,"Bacteria","Chloroflexi","Anaerolineae","SBR1031","midas_f_1469","midas_g_2178","midas_s_5149",300,NA,"Wolfe v3: went back to modified wolfe + EDTA and switched CuSO4 to CUCl2"
"a5b2537343a26f4daf0379a8b46eb2ef","Q",0.280875207145465,"Bacteria","Synergistota","Synergistia","Synergistales","Synergistaceae","Syner-01",NA,300,NA,"Wolfe v3: went back to modified wolfe + EDTA and switched CuSO4 to CUCl2"
"a061d8883eca2028db1d268500722130","Q",0.269640198859647,"Bacteria","Cloacimonadota","Cloacimonadia","Cloacimonadales","Cloacimonadaceae","LNR_A2-18",NA,300,NA,"Wolfe v3: went back to modified wolfe + EDTA and switched CuSO4 to CUCl2"
"e79a45f432d0ccc86adbf9bbe7cef2a7","Q",0.266831446788192,"Bacteria","Proteobacteria","Gammaproteobacteria","Burkholderiales","Hydrogenophilaceae","Thiobacillus",NA,300,NA,"Wolfe v3: went back to modified wolfe + EDTA and switched CuSO4 to CUCl2"
"0ef7e12e6eb35a8fd9fac7badac0c381","Q",0.264022694716737,"Bacteria","Chloroflexi","Anaerolineae","RBG-13-54-9","midas_f_4245","midas_g_49937","midas_s_49937",300,NA,"Wolfe v3: went back to modified wolfe + EDTA and switched CuSO4 to CUCl2"
"1d33e98c9d94c262ab0d8b56d0936eb4","Q",0.252787686430919,"Bacteria","Proteobacteria","Gammaproteobacteria","Burkholderiales","Comamonadaceae","Hydrogenophaga","midas_s_191",300,NA,"Wolfe v3: went back to modified wolfe + EDTA and switched CuSO4 to CUCl2"
"43a52ec4605b37f3671b33e61ff6fedd","Q",0.224700165716372,"Bacteria","Bacteroidota","Bacteroidia","Bacteroidales","Rikenellaceae","midas_g_36215","midas_s_87061",300,NA,"Wolfe v3: went back to modified wolfe + EDTA and switched CuSO4 to CUCl2"
"916d15ab17794198ea4c5ad1e3fb6258","Q",0.224700165716372,"Bacteria","Firmicutes","Desulfotomaculia","Desulfotomaculales","Desulfurisporaceae","Desulfurispora","midas_s_73526",300,NA,"Wolfe v3: went back to modified wolfe + EDTA and switched CuSO4 to CUCl2"
"945e47119242497c2e0bc5b3c6b6ba8e","Q",0.224700165716372,"Bacteria","Synergistota","Synergistia","Synergistales","Synergistaceae","Aminiphilus","midas_s_8148",300,NA,"Wolfe v3: went back to modified wolfe + EDTA and switched CuSO4 to CUCl2"
"b7806c4f83108800a9c32dc83c148d95","Q",0.20503890121619,"Bacteria","Firmicutes","Clostridia","Peptostreptococcales-Tissierellales","Peptostreptococcaceae","Acetoanaerobium",NA,300,NA,"Wolfe v3: went back to modified wolfe + EDTA and switched CuSO4 to CUCl2"
"e29f9ab1342fe7d53d4f1e2d03bb5969","Q",0.171333876358734,"Bacteria","Synergistota","Synergistia","Synergistales","Synergistaceae","Syner-01",NA,300,NA,"Wolfe v3: went back to modified wolfe + EDTA and switched CuSO4 to CUCl2"
"29b313a5262947210e3e9de415abaead","Q",0.16290762014437,"Bacteria","Proteobacteria","Alphaproteobacteria","Rhizobiales","Rhizobiaceae","Ochrobactrum",NA,300,NA,"Wolfe v3: went back to modified wolfe + EDTA and switched CuSO4 to CUCl2"
"66575db7635d648549a9eb5a4eafb710","Q",0.132011347358369,"Bacteria","WS1","midas_c_796","midas_o_796","midas_f_2296","midas_g_3409","midas_s_3951",300,NA,"Wolfe v3: went back to modified wolfe + EDTA and switched CuSO4 to CUCl2"
"0709277372b3816e3986842fb10c8e96","Q",0.123585091144005,"Bacteria","Bacteroidota","Bacteroidia","Bacteroidales","Dysgonomonadaceae","Proteiniphilum","midas_s_90161",300,NA,"Wolfe v3: went back to modified wolfe + EDTA and switched CuSO4 to CUCl2"
"8a4c692c01077fa5a93913725097b3bc","Q",0.12077633907255,"Bacteria","Proteobacteria","Alphaproteobacteria","Rhizobiales","Xanthobacteraceae","Xanthobacter",NA,300,NA,"Wolfe v3: went back to modified wolfe + EDTA and switched CuSO4 to CUCl2"
"817555c3b5d93664c38e8fbec64eba2e","Q",0.12077633907255,"Bacteria","Synergistota","Synergistia","Synergistales","Synergistaceae","Thermovirga","midas_s_99362",300,NA,"Wolfe v3: went back to modified wolfe + EDTA and switched CuSO4 to CUCl2"
"c571cb007a7d9e2dfc56e8c0b4e24104","Q",0.106732578715277,"Bacteria","Proteobacteria","Gammaproteobacteria","Enterobacterales","Enterobacteriaceae",NA,NA,300,NA,"Wolfe v3: went back to modified wolfe + EDTA and switched CuSO4 to CUCl2"
"702860fda44c0d44ddacb5bd79fd5d24","Q",0.0926888183580035,"Archaea","Halobacterota","Methanosarcinia","Methanosarciniales","Methanosaetaceae","Methanothrix",NA,300,NA,"Wolfe v3: went back to modified wolfe + EDTA and switched CuSO4 to CUCl2"
"3e7c933c821c9f18e53e1dda439951cf","Q",0.0926888183580035,"Bacteria","Chloroflexi","Anaerolineae","RBG-13-54-9","midas_f_4245","midas_g_84729","midas_s_84729",300,NA,"Wolfe v3: went back to modified wolfe + EDTA and switched CuSO4 to CUCl2"
"be9dcf562f0ab066c0b252d527a42d19","Q",0.0898800662865489,"Bacteria","Firmicutes","Clostridia","Peptostreptococcales-Tissierellales","Peptostreptococcaceae","Romboutsia","Romboutsia_lituseburensis",300,NA,"Wolfe v3: went back to modified wolfe + EDTA and switched CuSO4 to CUCl2"
"25c54c57b4a4283237b33fdae82003c0","Q",0.0842625621436396,"Bacteria","Synergistota","Synergistia","Synergistales","Synergistaceae","EBM-39",NA,300,NA,"Wolfe v3: went back to modified wolfe + EDTA and switched CuSO4 to CUCl2"
"2e8ba4a2f665cc3ad88530fc739b1f9c","Q",0.0786450580007303,"Bacteria","Firmicutes","Desulfotomaculia","Desulfotomaculales","Pelotomaculaceae","Cryptanaerobacter","midas_s_91628",300,NA,"Wolfe v3: went back to modified wolfe + EDTA and switched CuSO4 to CUCl2"
"d98dabbea4fe10de13ec5310782324e8","Q",0.0758363059292756,"Bacteria","Proteobacteria","Alphaproteobacteria","Rhizobiales","Xanthobacteraceae","Azorhizobium","midas_s_17083",300,NA,"Wolfe v3: went back to modified wolfe + EDTA and switched CuSO4 to CUCl2"
"daac17ca54538cbc9aada8497262da96","Q",0.0758363059292756,"Bacteria","Firmicutes","Negativicutes","Veillonellales-Selenomonadales","Sporomusaceae","midas_g_76603",NA,300,NA,"Wolfe v3: went back to modified wolfe + EDTA and switched CuSO4 to CUCl2"
"85b80813a3be5e162f462e085b709b85","Q",0.0758363059292756,"Bacteria","Firmicutes","Clostridia","Christensenellales","Christensenellaceae","Christensenellaceae_R-7_group","midas_s_59948",300,NA,"Wolfe v3: went back to modified wolfe + EDTA and switched CuSO4 to CUCl2"
"4835c874610f20a02421b283dbe2f2b6","Q",0.073027553857821,"Bacteria","Firmicutes","Clostridia","Christensenellales","Christensenellaceae","Christensenellaceae_R-7_group","midas_s_3624",300,NA,"Wolfe v3: went back to modified wolfe + EDTA and switched CuSO4 to CUCl2"
"af9554a6cc07a34c1cb6004e3dbb865a","Q",0.0702188017863663,"Bacteria","Bacteroidota","Bacteroidia","Bacteroidales","Dysgonomonadaceae","Petrimonas","midas_s_47397",300,NA,"Wolfe v3: went back to modified wolfe + EDTA and switched CuSO4 to CUCl2"
"6e21064675bd1626771d39886cc9d88b","Q",0.0674100497149117,"Bacteria","Firmicutes","Clostridia","Oscillospirales","Hungateiclostridiaceae","Ercella","midas_s_59197",300,NA,"Wolfe v3: went back to modified wolfe + EDTA and switched CuSO4 to CUCl2"
"3e524f0bf09623c8530930bb8b27045c","Q",0.064601297643457,"Bacteria","Synergistota","Synergistia","Synergistales","Synergistaceae","Syner-01",NA,300,NA,"Wolfe v3: went back to modified wolfe + EDTA and switched CuSO4 to CUCl2"
"793ecb5ed65cd96425a35698e8ab9e78","Q",0.0617925455720024,"Bacteria","Campylobacterota","Campylobacteria","Campylobacterales","Sulfurospirillaceae","Sulfurospirillum","Sulfurospirillum_cavolei",300,NA,"Wolfe v3: went back to modified wolfe + EDTA and switched CuSO4 to CUCl2"
"47515cfa358287ae00ead27b78b2285b","Q",0.0589837935005477,"Bacteria","Bacteroidota","Bacteroidia","Bacteroidales","Dysgonomonadaceae","Proteiniphilum",NA,300,NA,"Wolfe v3: went back to modified wolfe + EDTA and switched CuSO4 to CUCl2"
"1ad05a58bf23396d80f11695ad750b75","Q",0.0589837935005477,"Bacteria","Desulfobacterota","Desulfuromonadia","Geobacterales","Geobacteraceae",NA,NA,300,NA,"Wolfe v3: went back to modified wolfe + EDTA and switched CuSO4 to CUCl2"
"9711e5e56376fe411f8d9ca9e739c6f1","Q",0.0589837935005477,"Bacteria","Firmicutes","Clostridia","Christensenellales","Christensenellaceae","Christensenellaceae_R-7_group",NA,300,NA,"Wolfe v3: went back to modified wolfe + EDTA and switched CuSO4 to CUCl2"
"894d5f2608f2a0e9e3bf2499f1cc6130","Q",0.0561750414290931,"Bacteria","Caldatribacteriota","Caldatribacteriia","Caldatribacteriales","Caldatribacteriaceae","Ca_Caldatribacterium",NA,300,NA,"Wolfe v3: went back to modified wolfe + EDTA and switched CuSO4 to CUCl2"
"42655605abb4cc7bd5f1be954adf23b0","Q",0.0561750414290931,"Bacteria","Firmicutes","Clostridia","Oscillospirales","Hungateiclostridiaceae","Ruminiclostridium","midas_s_97058",300,NA,"Wolfe v3: went back to modified wolfe + EDTA and switched CuSO4 to CUCl2"
"2c452b25c7f3c62be462d8f47ed179e3","Q",0.0533662893576384,"Bacteria","Desulfobacterota","Desulfobulbia","Desulfobulbales","Desulfobulbaceae","Desulfobulbus",NA,300,NA,"Wolfe v3: went back to modified wolfe + EDTA and switched CuSO4 to CUCl2"
"d42912a22b570ab99938b745999ae2cc","Q",0.0505575372861837,"Bacteria","Bacteroidota","Bacteroidia","Bacteroidales","Bacteroidaceae","Bacteroides","midas_s_56922",300,NA,"Wolfe v3: went back to modified wolfe + EDTA and switched CuSO4 to CUCl2"
"dd07e924156039f8e953d5ea58ab5023","Q",0.0505575372861837,"Bacteria","SAR324_cladeMarine_group_B","midas_c_814","midas_o_928","Ca_Phosphitivoracaceae","Ca_Phosphitivorax","Ca_Phosphitivorax_butyraticus",300,NA,"Wolfe v3: went back to modified wolfe + EDTA and switched CuSO4 to CUCl2"
"4bea53b2aad77f2569a0182f6b84255e","Q",0.0477487852147291,"Bacteria","Bacteroidota","Bacteroidia","Bacteroidales","Dysgonomonadaceae","Dysgonomonas","midas_s_30643",300,NA,"Wolfe v3: went back to modified wolfe + EDTA and switched CuSO4 to CUCl2"
"a039c1ac15b3f4bc5cf1db8a5f1cc0fd","Q",0.0477487852147291,"Bacteria","Firmicutes","Clostridia","Peptostreptococcales-Tissierellales","Peptostreptococcaceae","Terrisporobacter",NA,300,NA,"Wolfe v3: went back to modified wolfe + EDTA and switched CuSO4 to CUCl2"
"ac9e79a82beb3b70c0c7193fff0a8524","Q",0.0477487852147291,"Bacteria","Firmicutes","Clostridia","Peptostreptococcales-Tissierellales","Anaerovoracaceae","Anaerovorax","midas_s_8128",300,NA,"Wolfe v3: went back to modified wolfe + EDTA and switched CuSO4 to CUCl2"
"38b371de3be6ddef03bea94294e9830d","Q",0.0449400331432744,"Archaea","Euryarchaeota","Methanobacteria","Methanobacteriales","Methanobacteriaceae","Methanobacterium","Methanobacterium_beijingense",300,NA,"Wolfe v3: went back to modified wolfe + EDTA and switched CuSO4 to CUCl2"
"cae75e1117d316c3a8f12909f766135b","Q",0.0449400331432744,"Bacteria","Actinobacteriota","Actinobacteria","Propionibacteriales","Propionibacteriaceae",NA,NA,300,NA,"Wolfe v3: went back to modified wolfe + EDTA and switched CuSO4 to CUCl2"
"659d1fe872c9b31a9e0b81eef5ca6218","Q",0.0449400331432744,"Bacteria","Firmicutes","Desulfotomaculia","Desulfotomaculales","Pelotomaculaceae","Pelotomaculum","midas_s_95439",300,NA,"Wolfe v3: went back to modified wolfe + EDTA and switched CuSO4 to CUCl2"
"55f0a15d367f1f98823a8accf53c1ab4","Q",0.0421312810718198,"Bacteria","Proteobacteria","Gammaproteobacteria","Burkholderiales","Comamonadaceae",NA,NA,300,NA,"Wolfe v3: went back to modified wolfe + EDTA and switched CuSO4 to CUCl2"
"10ba1c6a051a49b25b443bebd244b71c","Q",0.0421312810718198,"Bacteria","Firmicutes","Negativicutes","Veillonellales-Selenomonadales",NA,NA,NA,300,NA,"Wolfe v3: went back to modified wolfe + EDTA and switched CuSO4 to CUCl2"
"3badde1c4760a921d723409ee05fead0","Q",0.0393225290003651,"Bacteria","Synergistota","Synergistia","Synergistales","Synergistaceae","JGI-0000079-D21","midas_s_976",300,NA,"Wolfe v3: went back to modified wolfe + EDTA and switched CuSO4 to CUCl2"
"0d1f62d4f2f7227766a17f0340567129","Q",0.0393225290003651,"Bacteria","Firmicutes","Syntrophomonadia","Syntrophomonadales","Syntrophomonadaceae","Syntrophomonas",NA,300,NA,"Wolfe v3: went back to modified wolfe + EDTA and switched CuSO4 to CUCl2"
"b26eb5a5ca6820d220d5433b1cffa5e6","Q",0.0365137769289105,"Bacteria","Proteobacteria","Alphaproteobacteria","Sphingomonadales","Sphingomonadaceae","Sphingopyxis",NA,300,NA,"Wolfe v3: went back to modified wolfe + EDTA and switched CuSO4 to CUCl2"
"21ceeb224e15175f0c85797abce40d0a","Q",0.0365137769289105,"Bacteria","Proteobacteria","Gammaproteobacteria","Burkholderiales","Alcaligenaceae","Achromobacter","midas_s_18114",300,NA,"Wolfe v3: went back to modified wolfe + EDTA and switched CuSO4 to CUCl2"
"15c0fe41b25c6504b8dbe48ae72283d0","Q",0.0365137769289105,"Bacteria","Desulfobacterota","Desulfuromonadia","Desulfuromonadales","Desulfuromonadaceae","midas_g_30443","midas_s_47294",300,NA,"Wolfe v3: went back to modified wolfe + EDTA and switched CuSO4 to CUCl2"
"0e9cc4c909306f5a9562d84888902e09","Q",0.0365137769289105,"Bacteria","Armatimonadota","Chthonomonadetes","Chthonomonadales","midas_f_6187","midas_g_6187","midas_s_6187",300,NA,"Wolfe v3: went back to modified wolfe + EDTA and switched CuSO4 to CUCl2"
"df20ccfbfc0741ee313d9e9433dbac01","Q",0.0365137769289105,"Bacteria","Firmicutes","Desulfitobacteriia","Desulfitobacteriales","Syntrophobotulaceae",NA,NA,300,NA,"Wolfe v3: went back to modified wolfe + EDTA and switched CuSO4 to CUCl2"
"db5aaacffe4ca31116f5b0e292074588","Q",0.0337050248574558,"Bacteria","Firmicutes","Negativicutes","Veillonellales-Selenomonadales","Sporomusaceae",NA,NA,300,NA,"Wolfe v3: went back to modified wolfe + EDTA and switched CuSO4 to CUCl2"
"19083703874fec5c0e976f6ca4fa6bc9","Q",0.0337050248574558,"Bacteria","Actinobacteriota","Actinobacteria","Corynebacteriales","Nocardiaceae","Rhodococcus",NA,300,NA,"Wolfe v3: went back to modified wolfe + EDTA and switched CuSO4 to CUCl2"
"1cbf580d763d0eb5497ff2d6468e7668","Q",0.0337050248574558,"Bacteria","Firmicutes","Clostridia","Monoglobales","Monoglobaceae","Monoglobus","midas_s_78171",300,NA,"Wolfe v3: went back to modified wolfe + EDTA and switched CuSO4 to CUCl2"
"d081020b6bdf3bf279b93bd42598e1e1","Q",0.0337050248574558,"Bacteria","Firmicutes","Clostridia","Oscillospirales","Oscillospiraceae","Oscillibacter",NA,300,NA,"Wolfe v3: went back to modified wolfe + EDTA and switched CuSO4 to CUCl2"
"4f3989d95e7611bb6b5307454d75d3ce","Q",0.0308962727860012,"Bacteria","Bacteroidota","Bacteroidia","Bacteroidales","Dysgonomonadaceae","Proteiniphilum","midas_s_93948",300,NA,"Wolfe v3: went back to modified wolfe + EDTA and switched CuSO4 to CUCl2"
"6322c84c5ee6585bf9973a931d8f279d","Q",0.0308962727860012,"Bacteria","Firmicutes","Clostridia","Christensenellales","Christensenellaceae","Christensenellaceae_R-7_group",NA,300,NA,"Wolfe v3: went back to modified wolfe + EDTA and switched CuSO4 to CUCl2"
"5837405da6036e7481240160de143774","Q",0.0308962727860012,"Bacteria","Firmicutes","Clostridia","Oscillospirales","UCG-010","midas_g_112760","midas_s_112760",300,NA,"Wolfe v3: went back to modified wolfe + EDTA and switched CuSO4 to CUCl2"
"430c875622713c0d7662add2d8e7db60","Q",0.0280875207145465,"Bacteria","Desulfobacterota","Desulfovibrionia","Desulfovibrionales","Desulfovibrionaceae","Desulfovibrio","midas_s_43704",300,NA,"Wolfe v3: went back to modified wolfe + EDTA and switched CuSO4 to CUCl2"
"8b2843ccdbc3d39c6d758b7f91388341","Q",0.0280875207145465,"Bacteria","Chloroflexi","Anaerolineae","Caldilineales","Caldilineaceae","midas_g_3064","midas_s_3064",300,NA,"Wolfe v3: went back to modified wolfe + EDTA and switched CuSO4 to CUCl2"
"99a197229849c15140fc329cff0ccb90","Q",0.0280875207145465,"Bacteria","Firmicutes","Clostridia","Oscillospirales","Hungateiclostridiaceae","midas_g_2604","midas_s_2604",300,NA,"Wolfe v3: went back to modified wolfe + EDTA and switched CuSO4 to CUCl2"
"ec92f6331d8ecb50e3f0dee8fbf3bcb0","Q",0.0252787686430919,"Bacteria","Bacteroidota","Bacteroidia","Bacteroidales","Rikenellaceae","midas_g_15299","midas_s_96664",300,NA,"Wolfe v3: went back to modified wolfe + EDTA and switched CuSO4 to CUCl2"
"3679eb1918d142d7e468ea32c2f42595","Q",0.0224700165716372,"Bacteria","Proteobacteria","Alphaproteobacteria","Rhizobiales","Beijerinckiaceae","Bosea","midas_s_5625",300,NA,"Wolfe v3: went back to modified wolfe + EDTA and switched CuSO4 to CUCl2"
"f2fbdc2b912ea775653691981335232f","Q",0.0224700165716372,"Bacteria","Chloroflexi","Anaerolineae","RBG-13-54-9","midas_f_20645","midas_g_35108","midas_s_35108",300,NA,"Wolfe v3: went back to modified wolfe + EDTA and switched CuSO4 to CUCl2"
"ce264b1fd05f8dfc0dd2941a2b170a3a","Q",0.0224700165716372,"Bacteria","Chloroflexi","Anaerolineae","Anaerolineales","Anaerolineaceae","Pelolinea","midas_s_78044",300,NA,"Wolfe v3: went back to modified wolfe + EDTA and switched CuSO4 to CUCl2"
"5c331188779be5bb65a2e80544aa8dea","Q",0.0224700165716372,"Bacteria","Chloroflexi","Anaerolineae","Anaerolineales","Anaerolineaceae","Bellilinea","Bellilinea_caldifistulae",300,NA,"Wolfe v3: went back to modified wolfe + EDTA and switched CuSO4 to CUCl2"
"aca43babf06d3410ce71cad5778ff102","Q",0.0224700165716372,"Bacteria","Firmicutes","Clostridia","Gracilibacteraceae","Gracilibacter","midas_g_669",NA,300,NA,"Wolfe v3: went back to modified wolfe + EDTA and switched CuSO4 to CUCl2"
"18b7af5d1e7696bb8cd541bdde042b51","Q",0.0224700165716372,"Bacteria","Firmicutes","Clostridia","Christensenellales","Christensenellaceae","midas_g_51070","midas_s_97159",300,NA,"Wolfe v3: went back to modified wolfe + EDTA and switched CuSO4 to CUCl2"
"8a1c973b6094cbd560f363581ce1beba","Q",0.0224700165716372,"Bacteria","Firmicutes","Clostridia","Oscillospirales","Hungateiclostridiaceae","Ercella","midas_s_96264",300,NA,"Wolfe v3: went back to modified wolfe + EDTA and switched CuSO4 to CUCl2"
"acfe0924c0f9c6ca3720854b5b458d54","Q",0.0196612645001826,"Bacteria","Proteobacteria","Gammaproteobacteria","Xanthomonadales","Xanthomonadaceae","Stenotrophomonas",NA,300,NA,"Wolfe v3: went back to modified wolfe + EDTA and switched CuSO4 to CUCl2"
"d863bc6a2fa6a8a93787e45a6abe3304","Q",0.0196612645001826,"Bacteria","Proteobacteria","Gammaproteobacteria","Xanthomonadales","Xanthomonadaceae","Stenotrophomonas","midas_s_74451",300,NA,"Wolfe v3: went back to modified wolfe + EDTA and switched CuSO4 to CUCl2"
"f1ebac6585a1d66aeb6238227f0db6be","Q",0.0196612645001826,"Bacteria","Firmicutes","Clostridia","Christensenellales","Christensenellaceae","Christensenellaceae_R-7_group",NA,300,NA,"Wolfe v3: went back to modified wolfe + EDTA and switched CuSO4 to CUCl2"
"b6e342d9f4e409f24eea3859aa76e82a","Q",0.0196612645001826,"Bacteria","Firmicutes","midas_c_4","midas_o_4","midas_f_222","midas_g_97311","midas_s_97311",300,NA,"Wolfe v3: went back to modified wolfe + EDTA and switched CuSO4 to CUCl2"
"0112df9b91ee10ca73426db0de32571b","Q",0.0168525124287279,"Bacteria","Firmicutes","Clostridia","Christensenellales","Christensenellaceae","Christensenellaceae_R-7_group",NA,300,NA,"Wolfe v3: went back to modified wolfe + EDTA and switched CuSO4 to CUCl2"
"c4118088ab2644671a1d9d540c060b19","Q",0.0168525124287279,"Bacteria","Firmicutes","Limnochordia","Limnochordales","Limnochordaceae","midas_g_92370",NA,300,NA,"Wolfe v3: went back to modified wolfe + EDTA and switched CuSO4 to CUCl2"
"94c501c5d59dddbd80effa77dbceebe0","Q",0.0168525124287279,"Bacteria","Firmicutes","Clostridia","Peptococcales","Peptococcaceae","midas_g_95534","midas_s_95534",300,NA,"Wolfe v3: went back to modified wolfe + EDTA and switched CuSO4 to CUCl2"
"35dbde30af820a2c3bcd85216229ad6a","Q",0.0140437603572733,"Archaea","Halobacterota","Methanosarcinia","Methanosarciniales","Methanosarcinaceae","Methanosarcina",NA,300,NA,"Wolfe v3: went back to modified wolfe + EDTA and switched CuSO4 to CUCl2"
"7b43b24e8c817bba9f0008696985ae06","Q",0.0140437603572733,"Bacteria","Chloroflexi","Anaerolineae","SBR1031","Flexifilaceae","midas_g_8129","midas_s_8129",300,NA,"Wolfe v3: went back to modified wolfe + EDTA and switched CuSO4 to CUCl2"
"89dfaf0aa4a8af8e27a826ba8dd97044","Q",0.0140437603572733,"Bacteria","Firmicutes","Clostridia","Peptostreptococcales-Tissierellales","Family_XI","Sporanaerobacter",NA,300,NA,"Wolfe v3: went back to modified wolfe + EDTA and switched CuSO4 to CUCl2"
"61786e38b934cbe33d5850a578a7ee22","Q",0.0140437603572733,"Bacteria","Firmicutes","Clostridia","Peptococcales","Peptococcaceae",NA,NA,300,NA,"Wolfe v3: went back to modified wolfe + EDTA and switched CuSO4 to CUCl2"
"eaa1d57a577a4aa93aceab1782827ea8","Q",0.0140437603572733,"Bacteria","Firmicutes","Clostridia","Oscillospirales","Hungateiclostridiaceae","Ercella",NA,300,NA,"Wolfe v3: went back to modified wolfe + EDTA and switched CuSO4 to CUCl2"
"8ebc39e79a930b5db089420489c40543","Q",0.0112350082858186,"Bacteria","Spirochaetota","Spirochaetia","Spirochaetales","Spirochaetaceae","Sphaerochaeta","midas_s_92051",300,NA,"Wolfe v3: went back to modified wolfe + EDTA and switched CuSO4 to CUCl2"
"3cce19ea306b1aafd7cd22fdc1bcefd6","Q",0.0112350082858186,"Bacteria","Firmicutes","Negativicutes","Veillonellales-Selenomonadales",NA,NA,NA,300,NA,"Wolfe v3: went back to modified wolfe + EDTA and switched CuSO4 to CUCl2"
"82864a780f7d57947ef3451dd7539740","Q",0.0112350082858186,"Bacteria","Firmicutes","Clostridia","Peptostreptococcales-Tissierellales","Family_XI","Soehngenia","midas_s_93169",300,NA,"Wolfe v3: went back to modified wolfe + EDTA and switched CuSO4 to CUCl2"
"47bb78bbb9b7eab1a487de7f1521ddd6","Q",0.0112350082858186,"Bacteria","Firmicutes","Clostridia","Christensenellales","Christensenellaceae","Christensenellaceae_R-7_group",NA,300,NA,"Wolfe v3: went back to modified wolfe + EDTA and switched CuSO4 to CUCl2"
"80b0dd7e363e6128b4335d08d57b5618","Q",0.0112350082858186,"Bacteria","Firmicutes","Clostridia","Oscillospirales","Ruminococcaceae","Ca_Soleaferrea","midas_s_101494",300,NA,"Wolfe v3: went back to modified wolfe + EDTA and switched CuSO4 to CUCl2"
"6786956e5d741de3549e1c89e3a608b0","Q",0.0112350082858186,"Bacteria","Firmicutes","Clostridia","Oscillospirales","UCG-010","midas_g_85764",NA,300,NA,"Wolfe v3: went back to modified wolfe + EDTA and switched CuSO4 to CUCl2"
"23a68909643e167f508a7baac78d7026","Q",0.00842625621436396,"Bacteria","Firmicutes","Clostridia","Clostridiales","Clostridiaceae",NA,NA,300,NA,"Wolfe v3: went back to modified wolfe + EDTA and switched CuSO4 to CUCl2"
"e0d953cdee5c868270edabd2f2937909","Q",0.00561750414290931,"Bacteria","Chloroflexi","Anaerolineae","Anaerolineales","Anaerolineaceae","midas_g_6489","midas_s_14202",300,NA,"Wolfe v3: went back to modified wolfe + EDTA and switched CuSO4 to CUCl2"
"451acf82a2350fce17f55d27708aa232","Q",0.00561750414290931,"Bacteria","Firmicutes","Limnochordia","midas_o_1979","midas_f_1979","midas_g_91392","midas_s_92560",300,NA,"Wolfe v3: went back to modified wolfe + EDTA and switched CuSO4 to CUCl2"
"0e8d139d4d46c3baca2e943754725d96","Q",0.00280875207145465,"Bacteria","Firmicutes","Clostridia","Oscillospirales","Hungateiclostridiaceae",NA,NA,300,NA,"Wolfe v3: went back to modified wolfe + EDTA and switched CuSO4 to CUCl2"
"99e5f06a61d06cdb191e00e52948bac7","Q",0,"Bacteria",NA,NA,NA,NA,NA,NA,300,NA,"Wolfe v3: went back to modified wolfe + EDTA and switched CuSO4 to CUCl2"
"cab3a156d09c8a95a87cc88ccf7c4de5","Q",0,"Bacteria",NA,NA,NA,NA,NA,NA,300,NA,"Wolfe v3: went back to modified wolfe + EDTA and switched CuSO4 to CUCl2"
"8adc12dac7b8b4b0e4408ebdf6aab780","Q",0,"Bacteria","Patescibacteria","Saccharimonadia","Saccharimonadales","midas_f_4774","midas_g_4774","midas_s_4774",300,NA,"Wolfe v3: went back to modified wolfe + EDTA and switched CuSO4 to CUCl2"
"b4ba6792b3fa30ceb7375dc41eb1d65c","Q",0,"Bacteria","Patescibacteria","Saccharimonadia","Saccharimonadales","midas_f_67","midas_g_6975","midas_s_6975",300,NA,"Wolfe v3: went back to modified wolfe + EDTA and switched CuSO4 to CUCl2"
"50420826a4434507209193c117f54130","Q",0,"Bacteria","Patescibacteria","Saccharimonadia","Saccharimonadales","midas_f_67","midas_g_8983","midas_s_12369",300,NA,"Wolfe v3: went back to modified wolfe + EDTA and switched CuSO4 to CUCl2"
"c2b43f5fc401b8ae942e9f83213eef32","Q",0,"Bacteria","Patescibacteria","Saccharimonadia","Saccharimonadales","midas_f_3582","midas_g_3582","midas_s_3582",300,NA,"Wolfe v3: went back to modified wolfe + EDTA and switched CuSO4 to CUCl2"
"5efed3b185cd579740418a733b461740","Q",0,"Bacteria","Patescibacteria","Saccharimonadia","Saccharimonadales","midas_f_67","midas_g_2020","midas_s_10353",300,NA,"Wolfe v3: went back to modified wolfe + EDTA and switched CuSO4 to CUCl2"
"8dcc2c0ebe2c9f41761691937e854ac8","Q",0,"Archaea","Crenarchaeota","Nitrososphaeria","Nitrososphaerales","Nitrososphaeraceae","midas_g_92967","midas_s_118805",300,NA,"Wolfe v3: went back to modified wolfe + EDTA and switched CuSO4 to CUCl2"
"9f113facb493f17c8499fb47ff434602","Q",0,"Archaea","Crenarchaeota","Bathyarchaeia","midas_o_90791","midas_f_90791","midas_g_90791",NA,300,NA,"Wolfe v3: went back to modified wolfe + EDTA and switched CuSO4 to CUCl2"
"4d4be4592350230ffffb8321fc1688fa","Q",0,"Archaea","Crenarchaeota","Bathyarchaeia","midas_o_90791","midas_f_90791","midas_g_97217","midas_s_109195",300,NA,"Wolfe v3: went back to modified wolfe + EDTA and switched CuSO4 to CUCl2"
"144e3876b7943b5474d329bec54856a4","Q",0,"Archaea","Halobacterota","Methanomicrobia","Methanomicrobiales","Methanomicrobiaceae","Methanoculleus","Methanoculleus_receptaculi",300,NA,"Wolfe v3: went back to modified wolfe + EDTA and switched CuSO4 to CUCl2"
"7762e0345755e644245415ce796d6cfa","Q",0,"Archaea","Halobacterota","Methanomicrobia","Methanomicrobiales","midas_f_880","midas_g_91627","midas_s_91627",300,NA,"Wolfe v3: went back to modified wolfe + EDTA and switched CuSO4 to CUCl2"
"88d9d7a5f4454e47ced69c6c7391068b","Q",0,"Archaea","Halobacterota","Methanomicrobia","Methanomicrobiales","Methanospirillaceae","midas_g_93310","midas_s_93310",300,NA,"Wolfe v3: went back to modified wolfe + EDTA and switched CuSO4 to CUCl2"
"a8f1172cd5341236c5e2a3ced113b0b2","Q",0,"Archaea","Halobacterota","Methanomicrobia","Methanomicrobiales","Methanospirillaceae","Methanospirillum","Methanospirillum_hungatei",300,NA,"Wolfe v3: went back to modified wolfe + EDTA and switched CuSO4 to CUCl2"
"dbec03fc66ff2c2d4e6b089d27824139","Q",0,"Archaea","Halobacterota","Methanomicrobia","Methanomicrobiales","Methanospirillaceae","Methanospirillum","midas_s_2576",300,NA,"Wolfe v3: went back to modified wolfe + EDTA and switched CuSO4 to CUCl2"
"3e3764ae6674e989f040377aa61069b5","Q",0,"Archaea","Halobacterota","Methanomicrobia","Methanomicrobiales","Methanoregulaceae","Methanolinea",NA,300,NA,"Wolfe v3: went back to modified wolfe + EDTA and switched CuSO4 to CUCl2"
"bc96db08da9a54e69f83357f2429e767","Q",0,"Archaea","Halobacterota","Methanomicrobia","Methanomicrobiales","Methanoregulaceae","Methanolinea",NA,300,NA,"Wolfe v3: went back to modified wolfe + EDTA and switched CuSO4 to CUCl2"
"398b644c70b3a3b47d64e696f8b639fc","Q",0,"Archaea","Halobacterota","Methanomicrobia","Methanomicrobiales","Methanoregulaceae","Methanolinea","midas_s_118808",300,NA,"Wolfe v3: went back to modified wolfe + EDTA and switched CuSO4 to CUCl2"
"326834f69c357dad79f31e792597dd1d","Q",0,"Archaea","Halobacterota","Methanomicrobia","Methanomicrobiales","Methanoregulaceae","Methanolinea","midas_s_1190",300,NA,"Wolfe v3: went back to modified wolfe + EDTA and switched CuSO4 to CUCl2"
"89056b9f86a0886730db47a8c45825eb","Q",0,"Archaea","Halobacterota","Methanomicrobia","Methanomicrobiales","Methanoregulaceae","Methanolinea","midas_s_1190",300,NA,"Wolfe v3: went back to modified wolfe + EDTA and switched CuSO4 to CUCl2"
"7d92b18666da2334d7051a3a9791dc97","Q",0,"Archaea","Halobacterota","Methanomicrobia","Methanomicrobiales","Methanoregulaceae","Methanolinea","midas_s_90932",300,NA,"Wolfe v3: went back to modified wolfe + EDTA and switched CuSO4 to CUCl2"
"3547314cbc17e38fbaed69287ddb4f31","Q",0,"Archaea","Halobacterota","midas_c_92917","midas_o_92917","midas_f_92917","midas_g_92917","midas_s_92917",300,NA,"Wolfe v3: went back to modified wolfe + EDTA and switched CuSO4 to CUCl2"
"5dfb2d1578133ad81a110967e7c71462","Q",0,"Archaea","Halobacterota","Methanosarcinia","Methanosarciniales","Methanosaetaceae","Methanothrix","midas_s_90212",300,NA,"Wolfe v3: went back to modified wolfe + EDTA and switched CuSO4 to CUCl2"
"4c301bbaaa0d8e3dc3356271c20fc5b5","Q",0,"Archaea","Halobacterota","Methanosarcinia","Methanosarciniales","Methanosaetaceae","Methanothrix","midas_s_90868",300,NA,"Wolfe v3: went back to modified wolfe + EDTA and switched CuSO4 to CUCl2"
"a777d4d917d8136a45eebcd830b6e5f4","Q",0,"Archaea","Halobacterota","Methanosarcinia","Methanosarciniales","Methanosarcinaceae","Methanomethylovorans",NA,300,NA,"Wolfe v3: went back to modified wolfe + EDTA and switched CuSO4 to CUCl2"
"b5a4aad370e78b9f833c9424031c44ec","Q",0,"Archaea","Halobacterota","Methanosarcinia","Methanosarciniales","Methanosarcinaceae","Methanolobus","Methanolobus_chelungpuianus",300,NA,"Wolfe v3: went back to modified wolfe + EDTA and switched CuSO4 to CUCl2"
"532ff193b68d71a9e2229dd125e1eeb1","Q",0,"Archaea","Halobacterota","Methanosarcinia","Methanosarciniales","Methanosarcinaceae","Methanosarcina",NA,300,NA,"Wolfe v3: went back to modified wolfe + EDTA and switched CuSO4 to CUCl2"
"22216e3e181ee694bf4c8daa987ac8ab","Q",0,"Bacteria",NA,NA,NA,NA,NA,NA,300,NA,"Wolfe v3: went back to modified wolfe + EDTA and switched CuSO4 to CUCl2"
"84062ea22d23db6a01c565ec5523d81e","Q",0,"Bacteria",NA,NA,NA,NA,NA,NA,300,NA,"Wolfe v3: went back to modified wolfe + EDTA and switched CuSO4 to CUCl2"
"831363ded99c851c80f32aff0c59c9a2","Q",0,"Bacteria",NA,NA,NA,NA,NA,NA,300,NA,"Wolfe v3: went back to modified wolfe + EDTA and switched CuSO4 to CUCl2"
"60ec6b41425f294ba92e7b2f8cc23289","Q",0,"Bacteria",NA,NA,NA,NA,NA,NA,300,NA,"Wolfe v3: went back to modified wolfe + EDTA and switched CuSO4 to CUCl2"
"02e328ecac1fdf0f63bb40991465112b","Q",0,"Bacteria",NA,NA,NA,NA,NA,NA,300,NA,"Wolfe v3: went back to modified wolfe + EDTA and switched CuSO4 to CUCl2"
"d3648f626f4aadacf25eb043bdc62c58","Q",0,"Bacteria",NA,NA,NA,NA,NA,NA,300,NA,"Wolfe v3: went back to modified wolfe + EDTA and switched CuSO4 to CUCl2"
"fd570e30645c57d049c83863880fd312","Q",0,"Archaea","Thermoplasmatota","Thermoplasmata","Methanomassiliicoccales","Methanomassiliicoccaceae","midas_g_90473","midas_s_90473",300,NA,"Wolfe v3: went back to modified wolfe + EDTA and switched CuSO4 to CUCl2"
"58a5d06b791283b4270f688e0b7408c9","Q",0,"Archaea","Thermoplasmatota","Thermoplasmata","Methanomassiliicoccales","Methanomethylophilaceae",NA,NA,300,NA,"Wolfe v3: went back to modified wolfe + EDTA and switched CuSO4 to CUCl2"
"c040c750c7a9e9bdd14a5ee18b3c3b5b","Q",0,"Archaea","Thermoplasmatota","Thermoplasmata","Methanomassiliicoccales","Methanomethylophilaceae","Ca_Methanoplasma","midas_s_93511",300,NA,"Wolfe v3: went back to modified wolfe + EDTA and switched CuSO4 to CUCl2"
"07751ebfb567d65db3f366d9c4037e68","Q",0,"Archaea","Thermoplasmatota","Thermoplasmata","Methanomassiliicoccales","Methanomassiliicoccaceae","Methanomassiliicoccus","midas_s_90465",300,NA,"Wolfe v3: went back to modified wolfe + EDTA and switched CuSO4 to CUCl2"
"f4e4eee188c4e5fb2a3b609a95f7036c","Q",0,"Archaea","Thermoplasmatota","Thermoplasmata","Methanomassiliicoccales","Methanomassiliicoccaceae","Methanomassiliicoccus","midas_s_90465",300,NA,"Wolfe v3: went back to modified wolfe + EDTA and switched CuSO4 to CUCl2"
"fa8e5e27d8fba25e37fc05340a105914","Q",0,"Archaea","Thermoplasmatota","Thermoplasmata","Methanomassiliicoccales","Methanomassiliicoccaceae","Methanomassiliicoccus","midas_s_90448",300,NA,"Wolfe v3: went back to modified wolfe + EDTA and switched CuSO4 to CUCl2"
"de6e665cc2a0ca6ca74b71b0581558e7","Q",0,"Archaea","Thermoplasmatota","Thermoplasmata","Methanomassiliicoccales","Methanomassiliicoccaceae","Methanomassiliicoccus",NA,300,NA,"Wolfe v3: went back to modified wolfe + EDTA and switched CuSO4 to CUCl2"
"8dba5d94c21557246f8c48418b0f3bda","Q",0,"Archaea","Nanoarchaeota","Nanoarchaeia","Woesearchaeales","SCGC_AAA011-D5","Ca_Diapherotrites_archaeon_ADurb.Bin253","midas_s_92576",300,NA,"Wolfe v3: went back to modified wolfe + EDTA and switched CuSO4 to CUCl2"
"0d37046c1c20f102fc585c696c80e53c","Q",0,"Archaea","Euryarchaeota","Methanobacteria","Methanobacteriales","Methanobacteriaceae","Methanobacterium",NA,300,NA,"Wolfe v3: went back to modified wolfe + EDTA and switched CuSO4 to CUCl2"
"ea2f92611ededb17bbf35e9977420ae5","Q",0,"Archaea","Euryarchaeota","Methanobacteria","Methanobacteriales","Methanobacteriaceae","Methanobacterium",NA,300,NA,"Wolfe v3: went back to modified wolfe + EDTA and switched CuSO4 to CUCl2"
"9c958ede3f88bbd0ae42120738cebe7d","Q",0,"Archaea","Euryarchaeota","Methanobacteria","Methanobacteriales","Methanobacteriaceae","Methanobacterium","midas_s_9526",300,NA,"Wolfe v3: went back to modified wolfe + EDTA and switched CuSO4 to CUCl2"
"712e76a5d7842a97a23eda9641c3d251","Q",0,"Archaea","Euryarchaeota","Methanobacteria","Methanobacteriales","Methanobacteriaceae","Methanobacterium","midas_s_9526",300,NA,"Wolfe v3: went back to modified wolfe + EDTA and switched CuSO4 to CUCl2"
"349da55900cd296d52fd154bfb27343b","Q",0,"Archaea","Euryarchaeota","Methanobacteria","Methanobacteriales","Methanobacteriaceae","Methanobacterium","midas_s_9526",300,NA,"Wolfe v3: went back to modified wolfe + EDTA and switched CuSO4 to CUCl2"
"a6651a449b279b248edf929c8333a191","Q",0,"Archaea","Euryarchaeota","Methanobacteria","Methanobacteriales","Methanobacteriaceae","Methanobacterium","midas_s_9526",300,NA,"Wolfe v3: went back to modified wolfe + EDTA and switched CuSO4 to CUCl2"
"5fc9bb027baf249cda2d48b9d5bcee2c","Q",0,"Archaea","Euryarchaeota","Methanobacteria","Methanobacteriales","Methanobacteriaceae","Methanobacterium","Methanobacterium_beijingense",300,NA,"Wolfe v3: went back to modified wolfe + EDTA and switched CuSO4 to CUCl2"
"4b802f02d58290e6ec0ab509d13074b6","Q",0,"Archaea","Euryarchaeota","Methanobacteria","Methanobacteriales","Methanobacteriaceae","Methanobacterium","Methanobacterium_beijingense",300,NA,"Wolfe v3: went back to modified wolfe + EDTA and switched CuSO4 to CUCl2"
"1ec84bb16e1a78a4d73faef5bc502c2c","Q",0,"Archaea","Euryarchaeota","Methanobacteria","Methanobacteriales","Methanobacteriaceae","Methanobacterium","Methanobacterium_beijingense",300,NA,"Wolfe v3: went back to modified wolfe + EDTA and switched CuSO4 to CUCl2"
"88399278e67a6f27c1c493c39b174391","Q",0,"Archaea","Euryarchaeota","Methanobacteria","Methanobacteriales","Methanothermobacteriaceae","Methanothermobacter","midas_s_110511",300,NA,"Wolfe v3: went back to modified wolfe + EDTA and switched CuSO4 to CUCl2"
"c4112b995ef6cd2f05559f6a3057bc7c","Q",0,"Archaea","Euryarchaeota","Methanobacteria","Methanobacteriales","Methanobacteriaceae","Methanobacterium","midas_s_3006",300,NA,"Wolfe v3: went back to modified wolfe + EDTA and switched CuSO4 to CUCl2"
"ab6115f8667efbf773336f71d2ab8f62","Q",0,"Archaea","Euryarchaeota","Methanobacteria","Methanobacteriales","Methanobacteriaceae","Methanobacterium",NA,300,NA,"Wolfe v3: went back to modified wolfe + EDTA and switched CuSO4 to CUCl2"
"7b6ecabe8f3fae795ee25df066ea90fe","Q",0,"Archaea","Euryarchaeota","Methanobacteria","Methanobacteriales","Methanobacteriaceae","Methanobacterium","midas_s_9526",300,NA,"Wolfe v3: went back to modified wolfe + EDTA and switched CuSO4 to CUCl2"
"450292bf5b89b2f473bab4a6233d8682","Q",0,"Archaea","Euryarchaeota","Methanobacteria","Methanobacteriales","Methanobacteriaceae","Methanobacterium",NA,300,NA,"Wolfe v3: went back to modified wolfe + EDTA and switched CuSO4 to CUCl2"
"acc9e695b90b8bc38191efe7159a2e15","Q",0,"Archaea","Euryarchaeota","Methanobacteria","Methanobacteriales","Methanobacteriaceae","Methanobacterium",NA,300,NA,"Wolfe v3: went back to modified wolfe + EDTA and switched CuSO4 to CUCl2"
"0e94ac060981402de47bbf85360fea8b","Q",0,"Archaea","Euryarchaeota","Methanobacteria","Methanobacteriales","Methanobacteriaceae","Methanobacterium",NA,300,NA,"Wolfe v3: went back to modified wolfe + EDTA and switched CuSO4 to CUCl2"
"fae223fac07c33613d2f851500010fdb","Q",0,"Archaea","Euryarchaeota","Methanobacteria","Methanobacteriales","Methanobacteriaceae","Methanobacterium",NA,300,NA,"Wolfe v3: went back to modified wolfe + EDTA and switched CuSO4 to CUCl2"
"8bea27e05e23cdeacb4dda62cfb59aaa","Q",0,"Archaea","Euryarchaeota","Methanobacteria","Methanobacteriales","Methanobacteriaceae","Methanobacterium",NA,300,NA,"Wolfe v3: went back to modified wolfe + EDTA and switched CuSO4 to CUCl2"
"ce94860005cb569777791022ac3014af","Q",0,"Archaea","Euryarchaeota","Methanobacteria","Methanobacteriales","Methanobacteriaceae","Methanobacterium",NA,300,NA,"Wolfe v3: went back to modified wolfe + EDTA and switched CuSO4 to CUCl2"
"6332a8b08afb6aa3ef5901e06a2c287f","Q",0,"Archaea","Euryarchaeota","Methanobacteria","Methanobacteriales","Methanobacteriaceae","Methanobacterium",NA,300,NA,"Wolfe v3: went back to modified wolfe + EDTA and switched CuSO4 to CUCl2"
"337f3ac617d05dd84658bcfe764dad9c","Q",0,"Archaea","Euryarchaeota","Methanobacteria","Methanobacteriales","Methanobacteriaceae","Methanobacterium",NA,300,NA,"Wolfe v3: went back to modified wolfe + EDTA and switched CuSO4 to CUCl2"
"9c1ee0993d66faee25a82385bd63bc0c","Q",0,"Archaea","Euryarchaeota","Methanobacteria","Methanobacteriales","Methanobacteriaceae","Methanobacterium",NA,300,NA,"Wolfe v3: went back to modified wolfe + EDTA and switched CuSO4 to CUCl2"
"3ec71ebbc127b83786bd4d26c123ef7d","Q",0,"Archaea","Euryarchaeota","Methanobacteria","Methanobacteriales","Methanobacteriaceae","Methanobacterium",NA,300,NA,"Wolfe v3: went back to modified wolfe + EDTA and switched CuSO4 to CUCl2"
"2be253ff64c2e3493d684bfe687d414a","Q",0,"Archaea","Euryarchaeota","Methanobacteria","Methanobacteriales","Methanobacteriaceae","Methanobacterium",NA,300,NA,"Wolfe v3: went back to modified wolfe + EDTA and switched CuSO4 to CUCl2"
"b24e75b90cb37f9b407738a392646776","Q",0,"Archaea","Euryarchaeota","Methanobacteria","Methanobacteriales","Methanobacteriaceae","Methanobacterium","Methanobacterium_formicicum",300,NA,"Wolfe v3: went back to modified wolfe + EDTA and switched CuSO4 to CUCl2"
"8d941eda8589ac6399b9a5eea473711c","Q",0,"Archaea","Euryarchaeota","Methanobacteria","Methanobacteriales","Methanobacteriaceae","Methanobacterium","Methanobacterium_formicicum",300,NA,"Wolfe v3: went back to modified wolfe + EDTA and switched CuSO4 to CUCl2"
"0e2e50ea2d7a3366dcca1f3262040bb0","Q",0,"Archaea","Euryarchaeota","Methanobacteria","Methanobacteriales","Methanobacteriaceae","Methanobacterium","Methanobacterium_formicicum",300,NA,"Wolfe v3: went back to modified wolfe + EDTA and switched CuSO4 to CUCl2"
"5c0ebed72151a6dd9f48df9af58de103","Q",0,"Archaea","Euryarchaeota","Methanobacteria","Methanobacteriales","Methanobacteriaceae","Methanobacterium","Methanobacterium_formicicum",300,NA,"Wolfe v3: went back to modified wolfe + EDTA and switched CuSO4 to CUCl2"
"17e2d5f6e5fc504e01e29c78e545e138","Q",0,"Archaea","Euryarchaeota","Methanobacteria","Methanobacteriales","Methanobacteriaceae","Methanobacterium","Methanobacterium_beijingense",300,NA,"Wolfe v3: went back to modified wolfe + EDTA and switched CuSO4 to CUCl2"
"ffa712fb62fa7468337cc7e0f0c527c3","Q",0,"Archaea","Euryarchaeota","Methanobacteria","Methanobacteriales","Methanobacteriaceae","Methanobacterium","Methanobacterium_beijingense",300,NA,"Wolfe v3: went back to modified wolfe + EDTA and switched CuSO4 to CUCl2"
"d6a202591a42fa999f25af7a7aefcffd","Q",0,"Archaea","Euryarchaeota","Methanobacteria","Methanobacteriales","Methanobacteriaceae","Methanobacterium","Methanobacterium_beijingense",300,NA,"Wolfe v3: went back to modified wolfe + EDTA and switched CuSO4 to CUCl2"
"48583aa878619934f2f6d8583cccae68","Q",0,"Archaea","Euryarchaeota","Methanobacteria","Methanobacteriales","Methanobacteriaceae","Methanobacterium","midas_s_9526",300,NA,"Wolfe v3: went back to modified wolfe + EDTA and switched CuSO4 to CUCl2"
"ec930edee7601930af4fe5bc8a825b5e","Q",0,"Archaea","Euryarchaeota","Methanobacteria","Methanobacteriales","Methanobacteriaceae","Methanobacterium","midas_s_9526",300,NA,"Wolfe v3: went back to modified wolfe + EDTA and switched CuSO4 to CUCl2"
"270c5d9a2223e0f5d99547e426bc19e4","Q",0,"Archaea","Euryarchaeota","Methanobacteria","Methanobacteriales","Methanobacteriaceae","Methanobacterium","midas_s_9526",300,NA,"Wolfe v3: went back to modified wolfe + EDTA and switched CuSO4 to CUCl2"
"64c88f89738e90b17e368e96690366e4","Q",0,"Archaea","Euryarchaeota","Methanobacteria","Methanobacteriales","Methanobacteriaceae","Methanobacterium","midas_s_9526",300,NA,"Wolfe v3: went back to modified wolfe + EDTA and switched CuSO4 to CUCl2"
"a049ac86c03db7991ef693a1bb025681","Q",0,"Archaea","Euryarchaeota","Methanobacteria","Methanobacteriales","Methanobacteriaceae","Methanobacterium","midas_s_9526",300,NA,"Wolfe v3: went back to modified wolfe + EDTA and switched CuSO4 to CUCl2"
"2ec1f8eb34a2ea797a6cbbdfb17fbfd2","Q",0,"Archaea","Euryarchaeota","Methanobacteria","Methanobacteriales","Methanobacteriaceae","Methanobacterium","midas_s_9526",300,NA,"Wolfe v3: went back to modified wolfe + EDTA and switched CuSO4 to CUCl2"
"cd96087cce58c3b896ec66b5e7a1f2a8","Q",0,"Archaea","Euryarchaeota","Methanobacteria","Methanobacteriales","Methanobacteriaceae","Methanobacterium","midas_s_9526",300,NA,"Wolfe v3: went back to modified wolfe + EDTA and switched CuSO4 to CUCl2"
"c1795fae23a34030462cf6e6267b85b3","Q",0,"Archaea","Euryarchaeota","Methanobacteria","Methanobacteriales","Methanobacteriaceae","Methanobacterium","midas_s_9526",300,NA,"Wolfe v3: went back to modified wolfe + EDTA and switched CuSO4 to CUCl2"
"a214ccee6e9a8749c048daa053ae51dc","Q",0,"Archaea","Euryarchaeota","Methanobacteria","Methanobacteriales","Methanobacteriaceae","Methanobacterium","midas_s_9526",300,NA,"Wolfe v3: went back to modified wolfe + EDTA and switched CuSO4 to CUCl2"
"0365031a4356178723a3927885c61cb8","Q",0,"Archaea","Euryarchaeota","Methanobacteria","Methanobacteriales","Methanobacteriaceae","Methanobacterium","midas_s_9526",300,NA,"Wolfe v3: went back to modified wolfe + EDTA and switched CuSO4 to CUCl2"
"e04d49b3a01d91878d1c27f4e22b074e","Q",0,"Archaea","Euryarchaeota","Methanobacteria","Methanobacteriales","Methanobacteriaceae","Methanobacterium","midas_s_9526",300,NA,"Wolfe v3: went back to modified wolfe + EDTA and switched CuSO4 to CUCl2"
"5c52186b7c44d5709af099adc5dea216","Q",0,"Archaea","Euryarchaeota","Methanobacteria","Methanobacteriales","Methanobacteriaceae","Methanobacterium","midas_s_9526",300,NA,"Wolfe v3: went back to modified wolfe + EDTA and switched CuSO4 to CUCl2"
"7c6299b064794dfea9e563a4645d1bbf","Q",0,"Archaea","Euryarchaeota","Methanobacteria","Methanobacteriales","Methanobacteriaceae","Methanobacterium","midas_s_9526",300,NA,"Wolfe v3: went back to modified wolfe + EDTA and switched CuSO4 to CUCl2"
"be017454a0758945d4ec45fbf9ac6f48","Q",0,"Archaea","Euryarchaeota","Methanobacteria","Methanobacteriales","Methanobacteriaceae","Methanobacterium","midas_s_9526",300,NA,"Wolfe v3: went back to modified wolfe + EDTA and switched CuSO4 to CUCl2"
"9c5d06d8052c8516716b8a63b7498d97","Q",0,"Archaea","Euryarchaeota","Methanobacteria","Methanobacteriales","Methanobacteriaceae","Methanobacterium","midas_s_9526",300,NA,"Wolfe v3: went back to modified wolfe + EDTA and switched CuSO4 to CUCl2"
"50f6937d35cf193c1881b6fb7c273225","Q",0,"Archaea","Euryarchaeota","Methanobacteria","Methanobacteriales","Methanobacteriaceae","Methanobacterium","midas_s_9526",300,NA,"Wolfe v3: went back to modified wolfe + EDTA and switched CuSO4 to CUCl2"
"c2ce31d453f856c02c1925a535ca7d46","Q",0,"Archaea","Euryarchaeota","Methanobacteria","Methanobacteriales","Methanobacteriaceae","Methanobacterium","midas_s_9526",300,NA,"Wolfe v3: went back to modified wolfe + EDTA and switched CuSO4 to CUCl2"
"534d7b1bce2cf035866320576094f81e","Q",0,"Archaea","Euryarchaeota","Methanobacteria","Methanobacteriales","Methanobacteriaceae","Methanobacterium","midas_s_9526",300,NA,"Wolfe v3: went back to modified wolfe + EDTA and switched CuSO4 to CUCl2"
"b513381a51c3d1b0d7e568a804954430","Q",0,"Archaea","Euryarchaeota","Methanobacteria","Methanobacteriales","Methanobacteriaceae","Methanobacterium","midas_s_9526",300,NA,"Wolfe v3: went back to modified wolfe + EDTA and switched CuSO4 to CUCl2"
"6fc9eb297f26be9914cfbb2e96bbc086","Q",0,"Archaea","Euryarchaeota","Methanobacteria","Methanobacteriales","Methanobacteriaceae","Methanobacterium","midas_s_9526",300,NA,"Wolfe v3: went back to modified wolfe + EDTA and switched CuSO4 to CUCl2"
"5b02c8639023ea8693ddee6bf1597c70","Q",0,"Archaea","Euryarchaeota","Methanobacteria","Methanobacteriales","Methanobacteriaceae","Methanobacterium","midas_s_9526",300,NA,"Wolfe v3: went back to modified wolfe + EDTA and switched CuSO4 to CUCl2"
"3ab03e560dde34c45b0a4e71c809c190","Q",0,"Archaea","Euryarchaeota","Methanobacteria","Methanobacteriales","Methanobacteriaceae","Methanobacterium","midas_s_9526",300,NA,"Wolfe v3: went back to modified wolfe + EDTA and switched CuSO4 to CUCl2"
"c9b1d29de9ba6aaa6bd23b386b8c8331","Q",0,"Archaea","Euryarchaeota","Methanobacteria","Methanobacteriales","Methanobacteriaceae","Methanobacterium","midas_s_9526",300,NA,"Wolfe v3: went back to modified wolfe + EDTA and switched CuSO4 to CUCl2"
"9e67f564a732feffc50f5fc690ec2e71","Q",0,"Archaea","Euryarchaeota","Methanobacteria","Methanobacteriales","Methanobacteriaceae","Methanobacterium","midas_s_9526",300,NA,"Wolfe v3: went back to modified wolfe + EDTA and switched CuSO4 to CUCl2"
"cabc3f75a6051be90646efa273cd5ad3","Q",0,"Archaea","Euryarchaeota","Methanobacteria","Methanobacteriales","Methanobacteriaceae","Methanobacterium","midas_s_9526",300,NA,"Wolfe v3: went back to modified wolfe + EDTA and switched CuSO4 to CUCl2"
"9b611d92f1b2fba52aa3d0b6b2b3e180","Q",0,"Archaea","Euryarchaeota","Methanobacteria","Methanobacteriales","Methanobacteriaceae","Methanobacterium","midas_s_9526",300,NA,"Wolfe v3: went back to modified wolfe + EDTA and switched CuSO4 to CUCl2"
"b4ac0621ed68fda2b501520e951949e1","Q",0,"Archaea","Euryarchaeota","Methanobacteria","Methanobacteriales","Methanobacteriaceae","Methanobacterium","midas_s_9526",300,NA,"Wolfe v3: went back to modified wolfe + EDTA and switched CuSO4 to CUCl2"
"4e39e7f278e094156ebfcc28868dd7dd","Q",0,"Archaea","Euryarchaeota","Methanobacteria","Methanobacteriales","Methanobacteriaceae","Methanobacterium","midas_s_9526",300,NA,"Wolfe v3: went back to modified wolfe + EDTA and switched CuSO4 to CUCl2"
"1d808a941e29c1b4f33534431001dd27","Q",0,"Archaea","Euryarchaeota","Methanobacteria","Methanobacteriales","Methanobacteriaceae","Methanobacterium","midas_s_9526",300,NA,"Wolfe v3: went back to modified wolfe + EDTA and switched CuSO4 to CUCl2"
"2c1453fb27de0eb5e19ae61028df3294","Q",0,"Archaea","Euryarchaeota","Methanobacteria","Methanobacteriales","Methanobacteriaceae","Methanobacterium","midas_s_9526",300,NA,"Wolfe v3: went back to modified wolfe + EDTA and switched CuSO4 to CUCl2"
"5826f38e9afadfa40023cdc15629fe20","Q",0,"Archaea","Euryarchaeota","Methanobacteria","Methanobacteriales","Methanobacteriaceae","Methanobacterium","midas_s_9526",300,NA,"Wolfe v3: went back to modified wolfe + EDTA and switched CuSO4 to CUCl2"
"c6d0e484e529a485ffc0b1f08f1fb158","Q",0,"Archaea","Euryarchaeota","Methanobacteria","Methanobacteriales","Methanobacteriaceae","Methanobacterium","midas_s_9526",300,NA,"Wolfe v3: went back to modified wolfe + EDTA and switched CuSO4 to CUCl2"
"8617781822710da79c36db0aa375fe0a","Q",0,"Archaea","Euryarchaeota","Methanobacteria","Methanobacteriales","Methanobacteriaceae","Methanobacterium","midas_s_9526",300,NA,"Wolfe v3: went back to modified wolfe + EDTA and switched CuSO4 to CUCl2"
"136c27e1efa2b99fb71cdff938615daa","Q",0,"Archaea","Euryarchaeota","Methanobacteria","Methanobacteriales","Methanobacteriaceae","Methanobacterium","midas_s_9526",300,NA,"Wolfe v3: went back to modified wolfe + EDTA and switched CuSO4 to CUCl2"
"33df87d462384b48f155ad84b5e02c26","Q",0,"Archaea","Euryarchaeota","Methanobacteria","Methanobacteriales","Methanobacteriaceae","Methanobacterium",NA,300,NA,"Wolfe v3: went back to modified wolfe + EDTA and switched CuSO4 to CUCl2"
"f2a6e7637c20fbb79c069489fc527053","Q",0,"Archaea","Euryarchaeota","Methanobacteria","Methanobacteriales","Methanobacteriaceae","Methanobacterium","Methanobacterium_paludis",300,NA,"Wolfe v3: went back to modified wolfe + EDTA and switched CuSO4 to CUCl2"
"c39f594d9d2493b66260c1f7503e5ea1","Q",0,"Archaea","Euryarchaeota","Methanobacteria","Methanobacteriales","Methanobacteriaceae","Methanobacterium","Methanobacterium_beijingense",300,NA,"Wolfe v3: went back to modified wolfe + EDTA and switched CuSO4 to CUCl2"
"135f3b8eaf65e4c59bcd692de4f6d6ae","Q",0,"Archaea","Euryarchaeota","Methanobacteria","Methanobacteriales","Methanobacteriaceae","Methanobacterium","Methanobacterium_beijingense",300,NA,"Wolfe v3: went back to modified wolfe + EDTA and switched CuSO4 to CUCl2"
"a353b92733af5260a57dd1a0ba3001e1","Q",0,"Archaea","Euryarchaeota","Methanobacteria","Methanobacteriales","Methanobacteriaceae","Methanobacterium","Methanobacterium_beijingense",300,NA,"Wolfe v3: went back to modified wolfe + EDTA and switched CuSO4 to CUCl2"
"9afd475513b0a626050fef80f7d864d4","Q",0,"Archaea","Euryarchaeota","Methanobacteria","Methanobacteriales","Methanobacteriaceae","Methanobacterium","Methanobacterium_beijingense",300,NA,"Wolfe v3: went back to modified wolfe + EDTA and switched CuSO4 to CUCl2"
"2a19b898afc817194e7a4996c2501bd5","Q",0,"Archaea","Euryarchaeota","Methanobacteria","Methanobacteriales","Methanobacteriaceae","Methanobacterium","Methanobacterium_beijingense",300,NA,"Wolfe v3: went back to modified wolfe + EDTA and switched CuSO4 to CUCl2"
"630dbfa8fbc034c9f8692f9d429ea57e","Q",0,"Archaea","Euryarchaeota","Methanobacteria","Methanobacteriales","Methanobacteriaceae","Methanobrevibacter",NA,300,NA,"Wolfe v3: went back to modified wolfe + EDTA and switched CuSO4 to CUCl2"
"af2d8d803a1e0df98789044e20c2646a","Q",0,"Archaea","Euryarchaeota","Methanobacteria","Methanobacteriales","Methanobacteriaceae",NA,NA,300,NA,"Wolfe v3: went back to modified wolfe + EDTA and switched CuSO4 to CUCl2"
"00822d53733c27d8119b5fc4ed19f687","Q",0,"Archaea","Euryarchaeota","Methanobacteria","Methanobacteriales","Methanobacteriaceae",NA,NA,300,NA,"Wolfe v3: went back to modified wolfe + EDTA and switched CuSO4 to CUCl2"
"89628653ce7d25046e81ec1e41c9122f","Q",0,"Archaea","Euryarchaeota","Methanobacteria","Methanobacteriales","Methanobacteriaceae",NA,NA,300,NA,"Wolfe v3: went back to modified wolfe + EDTA and switched CuSO4 to CUCl2"
"829161d9eeb2bc71c936ceac625d9240","Q",0,"Archaea","Euryarchaeota","Methanobacteria","Methanobacteriales","Methanobacteriaceae",NA,NA,300,NA,"Wolfe v3: went back to modified wolfe + EDTA and switched CuSO4 to CUCl2"
"dfa00f358503d3a79cb2c330ee60c1e2","Q",0,"Archaea","Euryarchaeota","Methanobacteria","Methanobacteriales","Methanobacteriaceae",NA,NA,300,NA,"Wolfe v3: went back to modified wolfe + EDTA and switched CuSO4 to CUCl2"
"e36ac8cd7dc84d43bd2784fdc182f91a","Q",0,"Archaea","Euryarchaeota","Methanobacteria","Methanobacteriales","Methanobacteriaceae",NA,NA,300,NA,"Wolfe v3: went back to modified wolfe + EDTA and switched CuSO4 to CUCl2"
"70414021f4b21e27cabdfe1be1ae296b","Q",0,"Archaea","Euryarchaeota","Methanobacteria","Methanobacteriales","Methanobacteriaceae","Methanobrevibacter",NA,300,NA,"Wolfe v3: went back to modified wolfe + EDTA and switched CuSO4 to CUCl2"
"47c6142121fd5fbdd963a7a6fccb2c5e","Q",0,"Archaea","Euryarchaeota","Methanobacteria","Methanobacteriales","Methanobacteriaceae","Methanobrevibacter","Methanobrevibacter_olleyae",300,NA,"Wolfe v3: went back to modified wolfe + EDTA and switched CuSO4 to CUCl2"
"390239bf01b14308adb01f1634c4b99c","Q",0,"Archaea","Euryarchaeota","Methanobacteria","Methanobacteriales","Methanobacteriaceae","Methanobrevibacter","Methanobrevibacter_olleyae",300,NA,"Wolfe v3: went back to modified wolfe + EDTA and switched CuSO4 to CUCl2"
"950c432d4df367cfd29389f23c4272f6","Q",0,"Archaea","Euryarchaeota","Methanobacteria","Methanobacteriales","Methanobacteriaceae","Methanobrevibacter","Methanobrevibacter_smithii",300,NA,"Wolfe v3: went back to modified wolfe + EDTA and switched CuSO4 to CUCl2"
"adf5bb1e5c1f167d69175bf8a8e04fb3","Q",0,"Archaea","Euryarchaeota","Methanobacteria","Methanobacteriales","Methanobacteriaceae","Methanobrevibacter","Methanobrevibacter_boviskoreani",300,NA,"Wolfe v3: went back to modified wolfe + EDTA and switched CuSO4 to CUCl2"
"c54740e67850b527400a77af33bd3d89","Q",0,"Archaea","Euryarchaeota","Thermococci","Methanofastidiosales","Methanofastidiosaceae","Ca_Methanofastidiosum","midas_s_8154",300,NA,"Wolfe v3: went back to modified wolfe + EDTA and switched CuSO4 to CUCl2"
"f5a0cba713d42e29e41a6df93519572a","Q",0,"Bacteria","Patescibacteria","ABY1","Ca_Falkowbacteria","midas_f_5033","midas_g_5033","midas_s_5033",300,NA,"Wolfe v3: went back to modified wolfe + EDTA and switched CuSO4 to CUCl2"
"a681fb02342fb54c83839d35541047fd","Q",0,"Bacteria","Patescibacteria","midas_c_14137","midas_o_14137","midas_f_14137","midas_g_19557","midas_s_19557",300,NA,"Wolfe v3: went back to modified wolfe + EDTA and switched CuSO4 to CUCl2"
"245b33b8928a2d472035cfcc336caddb","Q",0,"Bacteria","Patescibacteria","Microgenomatia","Ca_Woesebacteria",NA,NA,NA,300,NA,"Wolfe v3: went back to modified wolfe + EDTA and switched CuSO4 to CUCl2"
"26cbd70e0eb0b0a14e93c0970b305ef1","Q",0,"Bacteria","Patescibacteria","Microgenomatia","Ca_Shapirobacteria","midas_f_2290","midas_g_2290","midas_s_2290",300,NA,"Wolfe v3: went back to modified wolfe + EDTA and switched CuSO4 to CUCl2"
"82f3d62aabc8caf816ec2120e9c14bb5","Q",0,"Bacteria","Patescibacteria","Microgenomatia","Ca_Pacebacteria","midas_f_46393","midas_g_90235","midas_s_90235",300,NA,"Wolfe v3: went back to modified wolfe + EDTA and switched CuSO4 to CUCl2"
"d2fd495f50fd9ee1bb779066a74086d7","Q",0,"Bacteria","Patescibacteria","Microgenomatia","Ca_Pacebacteria","midas_f_46393","midas_g_46393","midas_s_46393",300,NA,"Wolfe v3: went back to modified wolfe + EDTA and switched CuSO4 to CUCl2"
"e335570f65a3bc3a849f355ac1698181","Q",0,"Bacteria","Patescibacteria","Berkelbacteria","midas_o_5245","midas_f_5245","midas_g_5245","midas_s_5245",300,NA,"Wolfe v3: went back to modified wolfe + EDTA and switched CuSO4 to CUCl2"
"5c70df4d17fc89bab58a00ca6e9a66e1","Q",0,"Bacteria","Patescibacteria","Berkelbacteria","midas_o_5245",NA,NA,NA,300,NA,"Wolfe v3: went back to modified wolfe + EDTA and switched CuSO4 to CUCl2"
"b488a23a21137febe962e32b948e87a9","Q",0,"Bacteria","Patescibacteria","Berkelbacteria","midas_o_5245","midas_f_5245","midas_g_42644",NA,300,NA,"Wolfe v3: went back to modified wolfe + EDTA and switched CuSO4 to CUCl2"
"4d36e0d0050d301d2a3d040d04521b20","Q",0,"Bacteria","Patescibacteria","Berkelbacteria","midas_o_5245","midas_f_5245","midas_g_84525","midas_s_88907",300,NA,"Wolfe v3: went back to modified wolfe + EDTA and switched CuSO4 to CUCl2"
"40862b63dd0defe1fb1cbc9991f5f089","Q",0,"Bacteria","Patescibacteria","Berkelbacteria","midas_o_46506","midas_f_50127","midas_g_50127","midas_s_50127",300,NA,"Wolfe v3: went back to modified wolfe + EDTA and switched CuSO4 to CUCl2"
"00e6614407462b417669175bc85184ad","Q",0,"Bacteria","Patescibacteria","Berkelbacteria","midas_o_46506","midas_f_74309","midas_g_113111","midas_s_113111",300,NA,"Wolfe v3: went back to modified wolfe + EDTA and switched CuSO4 to CUCl2"
"ee21cf356777ae26fe7089d75452abd7","Q",0,"Bacteria","Cyanobacteria","Cyanobacteriia","Chloroplast","Prototheca_stagnorum","midas_g_114389","midas_s_114389",300,NA,"Wolfe v3: went back to modified wolfe + EDTA and switched CuSO4 to CUCl2"
"f7d85e5a89d2a972052c5ff23f52397a","Q",0,"Bacteria","Cyanobacteria","Cyanobacteriia","Chloroplast","Folsomia_candida","midas_g_110485","midas_s_110485",300,NA,"Wolfe v3: went back to modified wolfe + EDTA and switched CuSO4 to CUCl2"
"b6659ef305819aabacf82fa333d503b6","Q",0,"Bacteria","Cyanobacteria","Cyanobacteriia","Chloroplast","Prototheca_moriformis","midas_g_25511","midas_s_25511",300,NA,"Wolfe v3: went back to modified wolfe + EDTA and switched CuSO4 to CUCl2"
"76612bcedbaf761367a3d047ebafd7b6","Q",0,"Bacteria","Cyanobacteria","Cyanobacteriia","Chloroplast","Auxenochlorella_protothecoides","midas_g_59024","midas_s_59024",300,NA,"Wolfe v3: went back to modified wolfe + EDTA and switched CuSO4 to CUCl2"
"3aa84206bcf663e8de0f75e1bb5b2ba6","Q",0,"Bacteria","Cyanobacteria","Cyanobacteriia","Chloroplast","Prototheca_wickerhamii","midas_g_49392","midas_s_49392",300,NA,"Wolfe v3: went back to modified wolfe + EDTA and switched CuSO4 to CUCl2"
"3e3e95a36c06e6967322d92057d2f4f7","Q",0,"Bacteria","Cyanobacteria","Cyanobacteriia","Chloroplast","Mychonastes_jurisii","midas_g_35291","midas_s_35291",300,NA,"Wolfe v3: went back to modified wolfe + EDTA and switched CuSO4 to CUCl2"
"28e3c3f751b7e166668665449ef80ec9","Q",0,"Bacteria","Cyanobacteria","Cyanobacteriia","Chloroplast","midas_f_29625","midas_g_67928","midas_s_67928",300,NA,"Wolfe v3: went back to modified wolfe + EDTA and switched CuSO4 to CUCl2"
"0674e7934525d446c54c31dc9b8e33d5","Q",0,"Bacteria","midas_p_74815","midas_c_74815","midas_o_74815","midas_f_74815","midas_g_74815","midas_s_74815",300,NA,"Wolfe v3: went back to modified wolfe + EDTA and switched CuSO4 to CUCl2"
"cc53782126bff6f2648754f297c70cff","Q",0,"Bacteria","Cyanobacteria","Cyanobacteriia","Chloroplast","Castanea_mollissima_Chinese_chestnut","midas_g_32256","midas_s_32256",300,NA,"Wolfe v3: went back to modified wolfe + EDTA and switched CuSO4 to CUCl2"
"f39790ad4b1a813000323022eb1e9567","Q",0,"Bacteria","Cyanobacteria","Cyanobacteriia","Chloroplast","midas_f_44382","midas_g_44382","midas_s_59561",300,NA,"Wolfe v3: went back to modified wolfe + EDTA and switched CuSO4 to CUCl2"
"e0f5ac0f18cc28b90be53aa781a75e97","Q",0,"Bacteria","Patescibacteria","Saccharimonadia","Saccharimonadales","midas_f_5391","midas_g_6328",NA,300,NA,"Wolfe v3: went back to modified wolfe + EDTA and switched CuSO4 to CUCl2"
"b488bf12e36de9f37c9b3da1febf2c3e","Q",0,"Bacteria","Dependentiae","Babeliae","Babeliales","Vermiphilaceae","midas_g_24413","midas_s_60729",300,NA,"Wolfe v3: went back to modified wolfe + EDTA and switched CuSO4 to CUCl2"
"57e13b307e96897f55540c6759029343","Q",0,"Bacteria","Dependentiae","Babeliae","Babeliales","Vermiphilaceae","midas_g_1099",NA,300,NA,"Wolfe v3: went back to modified wolfe + EDTA and switched CuSO4 to CUCl2"
"4f3686ad1491f35d467e4d518b1a239a","Q",0,"Bacteria","Dependentiae","Babeliae","Babeliales","Vermiphilaceae","midas_g_12984","midas_s_12984",300,NA,"Wolfe v3: went back to modified wolfe + EDTA and switched CuSO4 to CUCl2"
"e9ad9694aa9baa8ef6805db44808b3ce","Q",0,"Bacteria","Dependentiae","Babeliae","Babeliales","UBA12409","midas_g_25753","midas_s_25753",300,NA,"Wolfe v3: went back to modified wolfe + EDTA and switched CuSO4 to CUCl2"
"6d6f4c93d09d73073c55fef2decc5e58","Q",0,"Bacteria","Dependentiae","Babeliae","Babeliales","Babeliaceae","midas_g_6616","midas_s_31726",300,NA,"Wolfe v3: went back to modified wolfe + EDTA and switched CuSO4 to CUCl2"
"65f9a101f8ffe7049bd3d0baa83520c2","Q",0,"Bacteria","Dependentiae","Babeliae","Babeliales","Babeliaceae","midas_g_53820","midas_s_53820",300,NA,"Wolfe v3: went back to modified wolfe + EDTA and switched CuSO4 to CUCl2"
"00c193a1d13306dc0a3fa7b7b19327a9","Q",0,"Bacteria","Dependentiae","Babeliae","Babeliales","Vermiphilaceae","midas_g_13327","midas_s_49248",300,NA,"Wolfe v3: went back to modified wolfe + EDTA and switched CuSO4 to CUCl2"
"0b898d4961772ab53a086c8154bac568","Q",0,"Bacteria","Dependentiae","Babeliae","Babeliales","Vermiphilaceae","midas_g_13327","midas_s_19992",300,NA,"Wolfe v3: went back to modified wolfe + EDTA and switched CuSO4 to CUCl2"
"8e3af97b4686b85e19d450d5c1c96fbe","Q",0,"Bacteria","Dependentiae","Babeliae","Babeliales",NA,NA,NA,300,NA,"Wolfe v3: went back to modified wolfe + EDTA and switched CuSO4 to CUCl2"
"8a2c442a314a7a38b0dd2f26401b5bbb","Q",0,"Bacteria","Bacteroidota","Ignavibacteria","SJA-28","midas_f_31","midas_g_171",NA,300,NA,"Wolfe v3: went back to modified wolfe + EDTA and switched CuSO4 to CUCl2"
"e561c5c5f92aa66e6b1befb81385d1fc","Q",0,"Bacteria","Bacteroidota","Bacteroidia","Bacteroidales","Williamwhitmaniaceae","midas_g_141","midas_s_141",300,NA,"Wolfe v3: went back to modified wolfe + EDTA and switched CuSO4 to CUCl2"
"281228d4a8faf2330f12bda44eeeb6af","Q",0,"Bacteria","Bacteroidota","Bacteroidia","Bacteroidales","Williamwhitmaniaceae","Blvii28_wastewater-sludge_group","midas_s_1977",300,NA,"Wolfe v3: went back to modified wolfe + EDTA and switched CuSO4 to CUCl2"
"0cdf6b354c008cd74c18af9f484f8bf7","Q",0,"Bacteria","Bacteroidota","Bacteroidia","Bacteroidales","Williamwhitmaniaceae","Blvii28_wastewater-sludge_group",NA,300,NA,"Wolfe v3: went back to modified wolfe + EDTA and switched CuSO4 to CUCl2"
"1f003e944f4c451188139f78a4dbead3","Q",0,"Bacteria","Bacteroidota","Bacteroidia","Bacteroidales","Williamwhitmaniaceae","Blvii28_wastewater-sludge_group","midas_s_2247",300,NA,"Wolfe v3: went back to modified wolfe + EDTA and switched CuSO4 to CUCl2"
"089e886fa6644f9380d46e458a8bf9d6","Q",0,"Bacteria","Bacteroidota","Bacteroidia","Bacteroidales","Rikenellaceae","Rikenellaceae_RC9_gut_group",NA,300,NA,"Wolfe v3: went back to modified wolfe + EDTA and switched CuSO4 to CUCl2"
"432a02504adb954775f641117e6d7b14","Q",0,"Bacteria","Bacteroidota","Bacteroidia","Bacteroidales","Rikenellaceae","Rikenellaceae_RC9_gut_group","midas_s_3232",300,NA,"Wolfe v3: went back to modified wolfe + EDTA and switched CuSO4 to CUCl2"
"dd6cd878e1ac746a5df199e3ea0152a2","Q",0,"Bacteria","Bacteroidota","Bacteroidia","Bacteroidales","Rikenellaceae","Rikenellaceae_RC9_gut_group","midas_s_602",300,NA,"Wolfe v3: went back to modified wolfe + EDTA and switched CuSO4 to CUCl2"
"24d1b9eb90c847a42a0dc2c748b53fd5","Q",0,"Bacteria","Bacteroidota","Bacteroidia","Bacteroidales","Rikenellaceae","Rikenellaceae_RC9_gut_group","midas_s_58",300,NA,"Wolfe v3: went back to modified wolfe + EDTA and switched CuSO4 to CUCl2"
"a5f80c6cfc12861f45f935186dc8a472","Q",0,"Bacteria","Bacteroidota","Bacteroidia","Bacteroidales","Rikenellaceae","midas_g_36215","midas_s_87061",300,NA,"Wolfe v3: went back to modified wolfe + EDTA and switched CuSO4 to CUCl2"
"cd26adf889179ccd2d1b553ce33b5276","Q",0,"Bacteria","Bacteroidota","Bacteroidia","Bacteroidales","Rikenellaceae","midas_g_36215","midas_s_87061",300,NA,"Wolfe v3: went back to modified wolfe + EDTA and switched CuSO4 to CUCl2"
"6ccc148642fc55d9ec07d0d348c37148","Q",0,"Bacteria","Bacteroidota","Bacteroidia","Bacteroidales","Rikenellaceae","midas_g_36215","midas_s_87061",300,NA,"Wolfe v3: went back to modified wolfe + EDTA and switched CuSO4 to CUCl2"
"a5723c72b7103b8c043b31cab7252af4","Q",0,"Bacteria","Bacteroidota","Bacteroidia","Bacteroidales","Rikenellaceae","midas_g_36215","midas_s_87061",300,NA,"Wolfe v3: went back to modified wolfe + EDTA and switched CuSO4 to CUCl2"
"07c98191a29a6be9185f213be81a429f","Q",0,"Bacteria","Bacteroidota","Bacteroidia","Bacteroidales","Rikenellaceae","midas_g_36215","midas_s_82500",300,NA,"Wolfe v3: went back to modified wolfe + EDTA and switched CuSO4 to CUCl2"
"ea156f972cd3802c3fac147e4200ba7a","Q",0,"Bacteria","Bacteroidota","Bacteroidia","Bacteroidales","Rikenellaceae","midas_g_36215","midas_s_82500",300,NA,"Wolfe v3: went back to modified wolfe + EDTA and switched CuSO4 to CUCl2"
"9d169a06854ffc97e3fa36d6dad78813","Q",0,"Bacteria","Bacteroidota","Bacteroidia","Bacteroidales","Rikenellaceae","midas_g_36215","midas_s_82500",300,NA,"Wolfe v3: went back to modified wolfe + EDTA and switched CuSO4 to CUCl2"
"67eb9981d1bfffccac7b787cebaaa01b","Q",0,"Bacteria","Bacteroidota","Bacteroidia","Bacteroidales","Rikenellaceae","midas_g_36215","midas_s_82500",300,NA,"Wolfe v3: went back to modified wolfe + EDTA and switched CuSO4 to CUCl2"
"c3764288be8ac8815185c4ee6d913e81","Q",0,"Bacteria","Bacteroidota","Bacteroidia","Bacteroidales","Rikenellaceae","DMER64","midas_s_2611",300,NA,"Wolfe v3: went back to modified wolfe + EDTA and switched CuSO4 to CUCl2"
"52bbb433f19eef3b3b7f88453db7aeb4","Q",0,"Bacteria","Bacteroidota","Bacteroidia","Bacteroidales","Rikenellaceae","midas_g_1227","midas_s_1227",300,NA,"Wolfe v3: went back to modified wolfe + EDTA and switched CuSO4 to CUCl2"
"58170f812d875827788d594fb6ddd4ce","Q",0,"Bacteria","Bacteroidota","Bacteroidia","Bacteroidales","Rikenellaceae","DMER64","midas_s_3652",300,NA,"Wolfe v3: went back to modified wolfe + EDTA and switched CuSO4 to CUCl2"
"b65ddb808f41ed58f0a87829f790124c","Q",0,"Bacteria","Bacteroidota","Bacteroidia","Bacteroidales","Rikenellaceae","DMER64","midas_s_82",300,NA,"Wolfe v3: went back to modified wolfe + EDTA and switched CuSO4 to CUCl2"
"65db89cb7753aa9ae2885315cf5ffe04","Q",0,"Bacteria","Bacteroidota","Bacteroidia","Bacteroidales","Rikenellaceae","DMER64","midas_s_82",300,NA,"Wolfe v3: went back to modified wolfe + EDTA and switched CuSO4 to CUCl2"
"10bb410cab85c3ad55c3e1b7a643ae2a","Q",0,"Bacteria","Bacteroidota","Bacteroidia","Bacteroidales","Bacteroidetes_vadinHA17","midas_g_19",NA,300,NA,"Wolfe v3: went back to modified wolfe + EDTA and switched CuSO4 to CUCl2"
"e1809c067af83a3dc4623ce28f35fe79","Q",0,"Bacteria","Bacteroidota","Bacteroidia","Bacteroidales","Bacteroidetes_vadinHA17","midas_g_19",NA,300,NA,"Wolfe v3: went back to modified wolfe + EDTA and switched CuSO4 to CUCl2"
"cb6e61a6c468d63ca89dc4f8c67e8554","Q",0,"Bacteria","Bacteroidota","Bacteroidia","Bacteroidales","Bacteroidetes_vadinHA17","midas_g_19",NA,300,NA,"Wolfe v3: went back to modified wolfe + EDTA and switched CuSO4 to CUCl2"
"d75d2dcd4fa20c295e2b228aaab734d6","Q",0,"Bacteria","Bacteroidota","Bacteroidia","Bacteroidales","Bacteroidetes_vadinHA17","midas_g_15441","midas_s_98187",300,NA,"Wolfe v3: went back to modified wolfe + EDTA and switched CuSO4 to CUCl2"
"f486ad1bcca90a8bd9b68c76212312c3","Q",0,"Bacteria","Bacteroidota","Bacteroidia","Bacteroidales","Bacteroidetes_vadinHA17","midas_g_800","midas_s_800",300,NA,"Wolfe v3: went back to modified wolfe + EDTA and switched CuSO4 to CUCl2"
"62925abc081ef537aea1336e58a4548a","Q",0,"Bacteria","Bacteroidota","Bacteroidia","Bacteroidales","Bacteroidetes_vadinHA17","midas_g_410","midas_s_410",300,NA,"Wolfe v3: went back to modified wolfe + EDTA and switched CuSO4 to CUCl2"
"49eeeeee727d06a37cada5eee00468b5","Q",0,"Bacteria","Bacteroidota","Bacteroidia","Bacteroidales","Bacteroidetes_vadinHA17",NA,NA,300,NA,"Wolfe v3: went back to modified wolfe + EDTA and switched CuSO4 to CUCl2"
"fe5a45686af6b4b7eaff28a4dcaef15b","Q",0,"Bacteria","Bacteroidota","Bacteroidia","Bacteroidales","Bacteroidetes_vadinHA17","midas_g_410",NA,300,NA,"Wolfe v3: went back to modified wolfe + EDTA and switched CuSO4 to CUCl2"
"603ab94ae666e02cf4cc8a2132414ef5","Q",0,"Bacteria","Bacteroidota","Bacteroidia","Bacteroidales","Bacteroidetes_vadinHA17","midas_g_410","midas_s_1326",300,NA,"Wolfe v3: went back to modified wolfe + EDTA and switched CuSO4 to CUCl2"
"d947bf2404132e0163f3c59d1bce36f7","Q",0,"Bacteria","Bacteroidota","Bacteroidia","Bacteroidales","Bacteroidetes_vadinHA17","midas_g_326","midas_s_326",300,NA,"Wolfe v3: went back to modified wolfe + EDTA and switched CuSO4 to CUCl2"
"ae815c4df4c6f21bff23c4999800dfeb","Q",0,"Bacteria","Bacteroidota","Bacteroidia","Bacteroidales","Bacteroidetes_vadinHA17","midas_g_3530","midas_s_8577",300,NA,"Wolfe v3: went back to modified wolfe + EDTA and switched CuSO4 to CUCl2"
"ccd295e3a04fb7bb78f97b49d1d76562","Q",0,"Bacteria","Bacteroidota","Bacteroidia","Bacteroidales","SB-5","midas_g_34555","midas_s_34555",300,NA,"Wolfe v3: went back to modified wolfe + EDTA and switched CuSO4 to CUCl2"
"8b36978991475cb71d3317e4daaf9e1a","Q",0,"Bacteria","Bacteroidota","Bacteroidia","Bacteroidales","Prolixibacteraceae","Roseimarinus","midas_s_2989",300,NA,"Wolfe v3: went back to modified wolfe + EDTA and switched CuSO4 to CUCl2"
"690ef1f68aa77e7be7d8be58f2815e17","Q",0,"Bacteria","Bacteroidota","Bacteroidia","Bacteroidales","Prolixibacteraceae","midas_g_120191","midas_s_120191",300,NA,"Wolfe v3: went back to modified wolfe + EDTA and switched CuSO4 to CUCl2"
"1541d3f52b75573d379c2d7efdd61f0e","Q",0,"Bacteria","Bacteroidota","Bacteroidia","Bacteroidales","Marinilabiliaceae","midas_g_1571","midas_s_1571",300,NA,"Wolfe v3: went back to modified wolfe + EDTA and switched CuSO4 to CUCl2"
"051d14c7d7e9a5358e8da8a52b48bca3","Q",0,"Bacteria","Bacteroidota","Bacteroidia","Bacteroidales","Marinilabiliaceae",NA,NA,300,NA,"Wolfe v3: went back to modified wolfe + EDTA and switched CuSO4 to CUCl2"
"c5f63d06bc0e136c998bf43f719776c3","Q",0,"Bacteria","Bacteroidota","Bacteroidia","Bacteroidales","Marinilabiliaceae","Mangroviflexus","midas_s_17009",300,NA,"Wolfe v3: went back to modified wolfe + EDTA and switched CuSO4 to CUCl2"
"1cb61b915d95b3ecc06c6a25f791670e","Q",0,"Bacteria","Bacteroidota","Bacteroidia","Bacteroidales","Marinilabiliaceae","Mangroviflexus","midas_s_17009",300,NA,"Wolfe v3: went back to modified wolfe + EDTA and switched CuSO4 to CUCl2"
"4c4c77a6783079489f146bf3f51d11e6","Q",0,"Bacteria","Bacteroidota","Bacteroidia","Bacteroidales","Paludibacteraceae","midas_g_6784","midas_s_7422",300,NA,"Wolfe v3: went back to modified wolfe + EDTA and switched CuSO4 to CUCl2"
"2d7ac92616f87949dfaf73e74e7d61ef","Q",0,"Bacteria","Bacteroidota","Bacteroidia","Bacteroidales","Paludibacteraceae","Paludibacter",NA,300,NA,"Wolfe v3: went back to modified wolfe + EDTA and switched CuSO4 to CUCl2"
"566e2121e9bd3188a5c29f9c55607760","Q",0,"Bacteria","Bacteroidota","Bacteroidia","Bacteroidales","Paludibacteraceae","midas_g_33472","midas_s_33472",300,NA,"Wolfe v3: went back to modified wolfe + EDTA and switched CuSO4 to CUCl2"
"922a7f47672abd882604d821f25fb3ad","Q",0,"Bacteria","Bacteroidota","Bacteroidia","Bacteroidales","Paludibacteraceae","midas_g_9269",NA,300,NA,"Wolfe v3: went back to modified wolfe + EDTA and switched CuSO4 to CUCl2"
"4adbf4beb8d2b17f63b543e4d9aa39b6","Q",0,"Bacteria","Bacteroidota","Bacteroidia","Bacteroidales","Paludibacteraceae","midas_g_9269",NA,300,NA,"Wolfe v3: went back to modified wolfe + EDTA and switched CuSO4 to CUCl2"
"d10ef1cc3876e7ca96d49bab29ceec47","Q",0,"Bacteria","Bacteroidota","Bacteroidia","Bacteroidales","Paludibacteraceae","midas_g_9269",NA,300,NA,"Wolfe v3: went back to modified wolfe + EDTA and switched CuSO4 to CUCl2"
"ee983542287b2fabba9e4ee88472a44a","Q",0,"Bacteria","Bacteroidota","Bacteroidia","Bacteroidales","Paludibacteraceae","midas_g_9269",NA,300,NA,"Wolfe v3: went back to modified wolfe + EDTA and switched CuSO4 to CUCl2"
"92f305372628ccbd74b7b28b933d306b","Q",0,"Bacteria","Bacteroidota","Bacteroidia","Bacteroidales","Paludibacteraceae","midas_g_9269",NA,300,NA,"Wolfe v3: went back to modified wolfe + EDTA and switched CuSO4 to CUCl2"
"2386e7f0ed5d187b06bed4a743e7db83","Q",0,"Bacteria","Bacteroidota","Bacteroidia","Bacteroidales","Paludibacteraceae","midas_g_9269",NA,300,NA,"Wolfe v3: went back to modified wolfe + EDTA and switched CuSO4 to CUCl2"
"08f0179cb02459891d87167ee734be6a","Q",0,"Bacteria","Bacteroidota","Bacteroidia","Bacteroidales","Paludibacteraceae","midas_g_9269",NA,300,NA,"Wolfe v3: went back to modified wolfe + EDTA and switched CuSO4 to CUCl2"
"49eb7db9bbd667a245fcb40e7be64a28","Q",0,"Bacteria","Bacteroidota","Bacteroidia","Bacteroidales","Paludibacteraceae","Paludibacter","midas_s_40478",300,NA,"Wolfe v3: went back to modified wolfe + EDTA and switched CuSO4 to CUCl2"
"899bfc3202ef1effff6e234fa8517ff3","Q",0,"Bacteria","Bacteroidota","Bacteroidia","Bacteroidales","Paludibacteraceae","Paludibacter","midas_s_14924",300,NA,"Wolfe v3: went back to modified wolfe + EDTA and switched CuSO4 to CUCl2"
"ddd4b60fc546f62f90bcf9ae38f1a723","Q",0,"Bacteria","Bacteroidota","Bacteroidia","Bacteroidales","Paludibacteraceae","Paludibacter","midas_s_11722",300,NA,"Wolfe v3: went back to modified wolfe + EDTA and switched CuSO4 to CUCl2"
"06e148ad8b35489ea97e51ef733e9550","Q",0,"Bacteria","Bacteroidota","Bacteroidia","Bacteroidales","Tannerellaceae","Macellibacteroides",NA,300,NA,"Wolfe v3: went back to modified wolfe + EDTA and switched CuSO4 to CUCl2"
"1a2aa45c0c2bca3b49679b7f3f4f465d","Q",0,"Bacteria","Bacteroidota","Bacteroidia","Bacteroidales","Bacteroidales_UCG-001","midas_g_1138","midas_s_1138",300,NA,"Wolfe v3: went back to modified wolfe + EDTA and switched CuSO4 to CUCl2"
"f344d4281112bb7cf5358c04fda869ee","Q",0,"Bacteria","Bacteroidota","Bacteroidia","Bacteroidales","Dysgonomonadaceae","midas_g_1791","midas_s_1791",300,NA,"Wolfe v3: went back to modified wolfe + EDTA and switched CuSO4 to CUCl2"
"7e07d92eab06d89b09f0c89c8e30de6b","Q",0,"Bacteria","Bacteroidota","Bacteroidia","Bacteroidales","Dysgonomonadaceae","Dysgonomonas","midas_s_30643",300,NA,"Wolfe v3: went back to modified wolfe + EDTA and switched CuSO4 to CUCl2"
"f0334c3272bbee3d861fa082350b5374","Q",0,"Bacteria","Bacteroidota","Bacteroidia","Bacteroidales","Dysgonomonadaceae","Petrimonas",NA,300,NA,"Wolfe v3: went back to modified wolfe + EDTA and switched CuSO4 to CUCl2"
"e55e48fe52d8325396d7b7a722adba80","Q",0,"Bacteria","Bacteroidota","Bacteroidia","Bacteroidales","Dysgonomonadaceae","Proteiniphilum","midas_s_56159",300,NA,"Wolfe v3: went back to modified wolfe + EDTA and switched CuSO4 to CUCl2"
"ca260e01990acd1b27aa3f46c03d1814","Q",0,"Bacteria","Bacteroidota","Bacteroidia","Bacteroidales","Dysgonomonadaceae","Petrimonas",NA,300,NA,"Wolfe v3: went back to modified wolfe + EDTA and switched CuSO4 to CUCl2"
"84f15f87dd256dbeaf017a4e75dd5cad","Q",0,"Bacteria","Bacteroidota","Bacteroidia","Bacteroidales","Dysgonomonadaceae","Petrimonas",NA,300,NA,"Wolfe v3: went back to modified wolfe + EDTA and switched CuSO4 to CUCl2"
"b9572caf5beca64d204f56f150f96a8d","Q",0,"Bacteria","Bacteroidota","Bacteroidia","Bacteroidales","Dysgonomonadaceae","Petrimonas","Petrimonas_sulfuriphila",300,NA,"Wolfe v3: went back to modified wolfe + EDTA and switched CuSO4 to CUCl2"
"f44234fea5a65dfa65edd4c8b6babf37","Q",0,"Bacteria","Bacteroidota","Bacteroidia","Bacteroidales","Dysgonomonadaceae","Fermentimonas",NA,300,NA,"Wolfe v3: went back to modified wolfe + EDTA and switched CuSO4 to CUCl2"
"01a80919b32734264f4c21669d8f2713","Q",0,"Bacteria","Bacteroidota","Bacteroidia","Bacteroidales","Dysgonomonadaceae","Fermentimonas","midas_s_96616",300,NA,"Wolfe v3: went back to modified wolfe + EDTA and switched CuSO4 to CUCl2"
"41394ade15d1e8762a8d0b3599068bf2","Q",0,"Bacteria","Bacteroidota","Bacteroidia","Bacteroidales","Dysgonomonadaceae","Fermentimonas","midas_s_96616",300,NA,"Wolfe v3: went back to modified wolfe + EDTA and switched CuSO4 to CUCl2"
"d5e86e0fe7c13c5751606c96f3788345","Q",0,"Bacteria","Bacteroidota","Bacteroidia","Bacteroidales","Dysgonomonadaceae","Fermentimonas","midas_s_96616",300,NA,"Wolfe v3: went back to modified wolfe + EDTA and switched CuSO4 to CUCl2"
"84fa9606a58e97506922f09083e7087a","Q",0,"Bacteria","Bacteroidota","Bacteroidia","Bacteroidales","Dysgonomonadaceae","Proteiniphilum","midas_s_738",300,NA,"Wolfe v3: went back to modified wolfe + EDTA and switched CuSO4 to CUCl2"
"a56e9b9fb128fed11f629c8a133ea087","Q",0,"Bacteria","Bacteroidota","Bacteroidia","Bacteroidales","Dysgonomonadaceae","Proteiniphilum","midas_s_90161",300,NA,"Wolfe v3: went back to modified wolfe + EDTA and switched CuSO4 to CUCl2"
"2b7dca9f823dab555a368d87f194804f","Q",0,"Bacteria","Bacteroidota","Bacteroidia","Bacteroidales","Dysgonomonadaceae","Proteiniphilum",NA,300,NA,"Wolfe v3: went back to modified wolfe + EDTA and switched CuSO4 to CUCl2"
"070ad707f633c0df5a19f11bcfa699c1","Q",0,"Bacteria","Bacteroidota","Bacteroidia","Bacteroidales","Dysgonomonadaceae","Proteiniphilum",NA,300,NA,"Wolfe v3: went back to modified wolfe + EDTA and switched CuSO4 to CUCl2"
"b64f2cd0b47a6548ebe2077c728b213f","Q",0,"Bacteria","Bacteroidota","Bacteroidia","Bacteroidales","Dysgonomonadaceae","Proteiniphilum","Proteiniphilum_saccharofermentans",300,NA,"Wolfe v3: went back to modified wolfe + EDTA and switched CuSO4 to CUCl2"
"4a18801bf3179876e3e063abc1fa1b5c","Q",0,"Bacteria","Bacteroidota","Bacteroidia","Bacteroidales","Dysgonomonadaceae","Proteiniphilum","Proteiniphilum_saccharofermentans",300,NA,"Wolfe v3: went back to modified wolfe + EDTA and switched CuSO4 to CUCl2"
"b4eac52cfa36ce63f24be2fc530ad204","Q",0,"Bacteria","Bacteroidota","Bacteroidia","Bacteroidales","Dysgonomonadaceae","Proteiniphilum","Proteiniphilum_saccharofermentans",300,NA,"Wolfe v3: went back to modified wolfe + EDTA and switched CuSO4 to CUCl2"
"d4cf4bfef77541da66524a9292252fa2","Q",0,"Bacteria","Bacteroidota","Bacteroidia","Bacteroidales","Dysgonomonadaceae","Proteiniphilum","Proteiniphilum_saccharofermentans",300,NA,"Wolfe v3: went back to modified wolfe + EDTA and switched CuSO4 to CUCl2"
"eefd58e34806834774cf090051744fd6","Q",0,"Bacteria","Bacteroidota","Bacteroidia","Bacteroidales","Dysgonomonadaceae","Proteiniphilum","midas_s_93948",300,NA,"Wolfe v3: went back to modified wolfe + EDTA and switched CuSO4 to CUCl2"
"f397a6809dc09fd4f5cc5f425c5eb0ba","Q",0,"Bacteria","Bacteroidota","Bacteroidia","Bacteroidales","Dysgonomonadaceae","Proteiniphilum","midas_s_93948",300,NA,"Wolfe v3: went back to modified wolfe + EDTA and switched CuSO4 to CUCl2"
"27b310dd4ffe5fc8db8b41f66bdb3175","Q",0,"Bacteria","Bacteroidota","Bacteroidia","Bacteroidales","Dysgonomonadaceae","Proteiniphilum","midas_s_93948",300,NA,"Wolfe v3: went back to modified wolfe + EDTA and switched CuSO4 to CUCl2"
"5e2e0a4cfc3ab5f1a074ef61d2d6f68b","Q",0,"Bacteria","Bacteroidota","Bacteroidia","Bacteroidales","Dysgonomonadaceae",NA,NA,300,NA,"Wolfe v3: went back to modified wolfe + EDTA and switched CuSO4 to CUCl2"
"499a635c6e7dcd5c8ef518302aa50011","Q",0,"Bacteria","Bacteroidota","Bacteroidia","Bacteroidales","Dysgonomonadaceae","Fermentimonas",NA,300,NA,"Wolfe v3: went back to modified wolfe + EDTA and switched CuSO4 to CUCl2"
"ce21e0d8c29a8e91b8f8ed03fb21d296","Q",0,"Bacteria","Bacteroidota","Bacteroidia","Bacteroidales","Dysgonomonadaceae","Fermentimonas","Fermentimonas_caenicola",300,NA,"Wolfe v3: went back to modified wolfe + EDTA and switched CuSO4 to CUCl2"
"7bc28b86485f80b7996a6a115aa31176","Q",0,"Bacteria","Bacteroidota","Bacteroidia","Bacteroidales","Dysgonomonadaceae","Fermentimonas","Fermentimonas_caenicola",300,NA,"Wolfe v3: went back to modified wolfe + EDTA and switched CuSO4 to CUCl2"
"021d1583edfe105a9c99264ea9f3d2d6","Q",0,"Bacteria","Bacteroidota","Bacteroidia","Bacteroidales","Dysgonomonadaceae","Proteiniphilum","midas_s_63906",300,NA,"Wolfe v3: went back to modified wolfe + EDTA and switched CuSO4 to CUCl2"
"418ebbfcf9fe4c2ccea934ba2533ec35","Q",0,"Bacteria","Bacteroidota","Bacteroidia","Bacteroidales","Dysgonomonadaceae","Proteiniphilum","midas_s_83578",300,NA,"Wolfe v3: went back to modified wolfe + EDTA and switched CuSO4 to CUCl2"
"dcc60ede2cc11c8503b4f31fab9233b8","Q",0,"Bacteria","Bacteroidota","Bacteroidia","Bacteroidales","Dysgonomonadaceae","Proteiniphilum","midas_s_83578",300,NA,"Wolfe v3: went back to modified wolfe + EDTA and switched CuSO4 to CUCl2"
"817de57245c782e0e938fdb195cd7aa1","Q",0,"Bacteria","Bacteroidota","Bacteroidia","Bacteroidales","Dysgonomonadaceae","Petrimonas",NA,300,NA,"Wolfe v3: went back to modified wolfe + EDTA and switched CuSO4 to CUCl2"
"cb13db7c2341f7fb498c476454c50a21","Q",0,"Bacteria","Bacteroidota","Bacteroidia","Bacteroidales","Dysgonomonadaceae","Petrimonas","midas_s_42734",300,NA,"Wolfe v3: went back to modified wolfe + EDTA and switched CuSO4 to CUCl2"
"9cf7d9633bfa9472ea4578871edcdd08","Q",0,"Bacteria","Bacteroidota","Bacteroidia","Bacteroidales","Dysgonomonadaceae","Petrimonas",NA,300,NA,"Wolfe v3: went back to modified wolfe + EDTA and switched CuSO4 to CUCl2"
"d21206f5365da44b1152796d3281ae34","Q",0,"Bacteria","Bacteroidota","Bacteroidia","Bacteroidales","Prolixibacteraceae","midas_g_26284","midas_s_26284",300,NA,"Wolfe v3: went back to modified wolfe + EDTA and switched CuSO4 to CUCl2"
"2096bed8d8d3c009cd128c5f66954ed4","Q",0,"Bacteria","Bacteroidota","Bacteroidia","Bacteroidales","Prolixibacteraceae","midas_g_12","midas_s_12",300,NA,"Wolfe v3: went back to modified wolfe + EDTA and switched CuSO4 to CUCl2"
"f58368d26234da28cbe5f17910c56a6c","Q",0,"Bacteria","Bacteroidota","Bacteroidia","Bacteroidales","Prolixibacteraceae","midas_g_12","midas_s_2548",300,NA,"Wolfe v3: went back to modified wolfe + EDTA and switched CuSO4 to CUCl2"
"d48429274cd09a4257ad8b24c009e8fd","Q",0,"Bacteria","Bacteroidota","Bacteroidia","Bacteroidales","Prolixibacteraceae","midas_g_25828",NA,300,NA,"Wolfe v3: went back to modified wolfe + EDTA and switched CuSO4 to CUCl2"
"a5ea8c2ae0dc9882cf9358924dd4f453","Q",0,"Bacteria","Bacteroidota","Bacteroidia","Bacteroidales","Prolixibacteraceae","midas_g_25828","midas_s_84217",300,NA,"Wolfe v3: went back to modified wolfe + EDTA and switched CuSO4 to CUCl2"
"8102b0f64f0661286e71a73878df9ce7","Q",0,"Bacteria","Bacteroidota","Bacteroidia","Flavobacteriales","NS9_marine_group","midas_g_434",NA,300,NA,"Wolfe v3: went back to modified wolfe + EDTA and switched CuSO4 to CUCl2"
"ebd4d8e08540f7586c3a30987c6ef7b0","Q",0,"Bacteria","Bacteroidota","Bacteroidia","Flavobacteriales","NS9_marine_group","midas_g_385","midas_s_1233",300,NA,"Wolfe v3: went back to modified wolfe + EDTA and switched CuSO4 to CUCl2"
"3d002319a68cb81e39764750ce844423","Q",0,"Bacteria","Bacteroidota","Bacteroidia","Bacteroidetes_VC2.1_Bac22","midas_f_8637","midas_g_101607","midas_s_101607",300,NA,"Wolfe v3: went back to modified wolfe + EDTA and switched CuSO4 to CUCl2"
"85856de71cc20a58c1522fd9ba454442","Q",0,"Bacteria","Bacteroidota","Bacteroidia","Sphingobacteriales","Sphingobacteriaceae",NA,NA,300,NA,"Wolfe v3: went back to modified wolfe + EDTA and switched CuSO4 to CUCl2"
"a1fc4f2226c42bb7298da8c51ceea5a0","Q",0,"Bacteria","Bacteroidota","Bacteroidia","Sphingobacteriales","Sphingobacteriaceae","Pedobacter",NA,300,NA,"Wolfe v3: went back to modified wolfe + EDTA and switched CuSO4 to CUCl2"
"30b92827daeee78c39eefccd5bfca43d","Q",0,"Bacteria","Bacteroidota","Bacteroidia","Sphingobacteriales","Sphingobacteriaceae","Sphingobacterium","midas_s_116344",300,NA,"Wolfe v3: went back to modified wolfe + EDTA and switched CuSO4 to CUCl2"
"64b0ba388dd3728a36854c2f014b3129","Q",0,"Bacteria","Bacteroidota","Bacteroidia","Sphingobacteriales","Lentimicrobiaceae","Lentimicrobium",NA,300,NA,"Wolfe v3: went back to modified wolfe + EDTA and switched CuSO4 to CUCl2"
"d320c54f3dd1a81501e597b4e5a53ac8","Q",0,"Bacteria","Bacteroidota","Bacteroidia","Sphingobacteriales","Lentimicrobiaceae","Lentimicrobium",NA,300,NA,"Wolfe v3: went back to modified wolfe + EDTA and switched CuSO4 to CUCl2"
"949479e3fb297c277f93012cef3a75ac","Q",0,"Bacteria","Bacteroidota","Bacteroidia","Sphingobacteriales","Lentimicrobiaceae","Lentimicrobium",NA,300,NA,"Wolfe v3: went back to modified wolfe + EDTA and switched CuSO4 to CUCl2"
"62d932ca73039e553c5cd4450ffec6eb","Q",0,"Bacteria","Bacteroidota","Bacteroidia","Sphingobacteriales","Lentimicrobiaceae","Lentimicrobium",NA,300,NA,"Wolfe v3: went back to modified wolfe + EDTA and switched CuSO4 to CUCl2"
"794d1f76593fbe8de481cb6027cffe80","Q",0,"Bacteria","Bacteroidota","Bacteroidia","Sphingobacteriales","Lentimicrobiaceae","Lentimicrobium",NA,300,NA,"Wolfe v3: went back to modified wolfe + EDTA and switched CuSO4 to CUCl2"
"e56ff94be490db15f612984e45450ce3","Q",0,"Bacteria","Bacteroidota","Bacteroidia","Sphingobacteriales","Lentimicrobiaceae","Lentimicrobium",NA,300,NA,"Wolfe v3: went back to modified wolfe + EDTA and switched CuSO4 to CUCl2"
"a238153d3168c0f00aeb8fb5d90d7e0c","Q",0,"Bacteria","Bacteroidota","Bacteroidia","Sphingobacteriales","Lentimicrobiaceae","Lentimicrobium",NA,300,NA,"Wolfe v3: went back to modified wolfe + EDTA and switched CuSO4 to CUCl2"
"74733b3a404e0fd05016159ab938bbc7","Q",0,"Bacteria","Bacteroidota","Bacteroidia","Sphingobacteriales","Lentimicrobiaceae","Lentimicrobium",NA,300,NA,"Wolfe v3: went back to modified wolfe + EDTA and switched CuSO4 to CUCl2"
"f2503a995bd8c1a94ce5d1e49159c7d1","Q",0,"Bacteria","Bacteroidota","Bacteroidia","Sphingobacteriales","Lentimicrobiaceae","Lentimicrobium","midas_s_63579",300,NA,"Wolfe v3: went back to modified wolfe + EDTA and switched CuSO4 to CUCl2"
"b4047348b90c6f16b7fba7f7330bf87e","Q",0,"Bacteria","Bacteroidota","Bacteroidia","Sphingobacteriales","ST-12K33","midas_g_22","midas_s_22",300,NA,"Wolfe v3: went back to modified wolfe + EDTA and switched CuSO4 to CUCl2"
"2750b310e92cd153994e7af71d6851e0","Q",0,"Bacteria","Bacteroidota","Bacteroidia","Sphingobacteriales","AKYH767","midas_g_2126","midas_s_5484",300,NA,"Wolfe v3: went back to modified wolfe + EDTA and switched CuSO4 to CUCl2"
"021829170463632e041095dab11c0e95","Q",0,"Bacteria","Bacteroidota","Bacteroidia","Bacteroidales","Rikenellaceae","Alistipes",NA,300,NA,"Wolfe v3: went back to modified wolfe + EDTA and switched CuSO4 to CUCl2"
"4767afde4b029b318194cf99b257de2d","Q",0,"Bacteria","Bacteroidota","Bacteroidia","Flavobacteriales","Weeksellaceae","Chryseobacterium","midas_s_83782",300,NA,"Wolfe v3: went back to modified wolfe + EDTA and switched CuSO4 to CUCl2"
"f34375ad68967fbbb5c6ca6b32bea110","Q",0,"Bacteria","Bacteroidota","Bacteroidia","Flavobacteriales","Weeksellaceae","Chryseobacterium",NA,300,NA,"Wolfe v3: went back to modified wolfe + EDTA and switched CuSO4 to CUCl2"
"eb689bb0db80cb3fc1f81366f262fd18","Q",0,"Bacteria","Bacteroidota","Bacteroidia","Flavobacteriales","Flavobacteriaceae","Flavobacterium","midas_s_96871",300,NA,"Wolfe v3: went back to modified wolfe + EDTA and switched CuSO4 to CUCl2"
"bbb265fb3e7a0752ebf597a8844bfc16","Q",0,"Bacteria","Bacteroidota","Bacteroidia","Flavobacteriales","Flavobacteriaceae","Flavobacterium","midas_s_9697",300,NA,"Wolfe v3: went back to modified wolfe + EDTA and switched CuSO4 to CUCl2"
"800e0527da5f9218e61c70f7d0ec8715","Q",0,"Bacteria","Bacteroidota","Bacteroidia","Flavobacteriales","Flavobacteriaceae","Flavobacterium",NA,300,NA,"Wolfe v3: went back to modified wolfe + EDTA and switched CuSO4 to CUCl2"
"e7a13ec86ee02e4891bd50da7bb8f534","Q",0,"Bacteria","Bacteroidota","Bacteroidia","Flavobacteriales","Flavobacteriaceae","Flavobacterium",NA,300,NA,"Wolfe v3: went back to modified wolfe + EDTA and switched CuSO4 to CUCl2"
"eb806bb1dd30405c489b4706cacd2d26","Q",0,"Bacteria","Bacteroidota","Bacteroidia","Chitinophagales","Saprospiraceae","Ca_Opimibacter",NA,300,NA,"Wolfe v3: went back to modified wolfe + EDTA and switched CuSO4 to CUCl2"
"e5e089e059da889289ee4eda3c3a2d00","Q",0,"Bacteria","Bacteroidota","Bacteroidia","Chitinophagales","Saprospiraceae","Ca_Epiflobacter","midas_s_89",300,NA,"Wolfe v3: went back to modified wolfe + EDTA and switched CuSO4 to CUCl2"
"179e72f0ecdfeb920df685432f3f2d1a","Q",0,"Bacteria","Bacteroidota","Bacteroidia","Chitinophagales","Chitinophagaceae","Taibaiella","midas_s_72974",300,NA,"Wolfe v3: went back to modified wolfe + EDTA and switched CuSO4 to CUCl2"
"8c932073a2765a0e8639a784955bd290","Q",0,"Bacteria","Bacteroidota","Bacteroidia","Chitinophagales",NA,NA,NA,300,NA,"Wolfe v3: went back to modified wolfe + EDTA and switched CuSO4 to CUCl2"
"41378c0d1422c99fe376b37f5e1eb290","Q",0,"Bacteria","Bacteroidota","Bacteroidia","Chitinophagales","Chitinophagaceae",NA,NA,300,NA,"Wolfe v3: went back to modified wolfe + EDTA and switched CuSO4 to CUCl2"
"f5ec59d59b201d9d82b91bbfb69dc2fc","Q",0,"Bacteria","Bacteroidota","Bacteroidia","Chitinophagales","Chitinophagaceae",NA,NA,300,NA,"Wolfe v3: went back to modified wolfe + EDTA and switched CuSO4 to CUCl2"
"513be4a37b7f822529b6bc15793afd03","Q",0,"Bacteria","Bacteroidota","Bacteroidia","Chitinophagales","Chitinophagaceae",NA,NA,300,NA,"Wolfe v3: went back to modified wolfe + EDTA and switched CuSO4 to CUCl2"
"676c29f329b29adbd48921804b86030e","Q",0,"Bacteria","Bacteroidota","Bacteroidia","Chitinophagales","Chitinophagaceae","midas_g_10303","midas_s_10303",300,NA,"Wolfe v3: went back to modified wolfe + EDTA and switched CuSO4 to CUCl2"
"79f2b1b38f1fbd05cc7592334ee0803d","Q",0,"Bacteria","Bacteroidota","Bacteroidia","Chitinophagales","Chitinophagaceae","midas_g_62009","midas_s_62009",300,NA,"Wolfe v3: went back to modified wolfe + EDTA and switched CuSO4 to CUCl2"
"dc6c7b33d252a7891fd83a442747c837","Q",0,"Bacteria","Bacteroidota","Bacteroidia","Chitinophagales","Chitinophagaceae","midas_g_15828","midas_s_15828",300,NA,"Wolfe v3: went back to modified wolfe + EDTA and switched CuSO4 to CUCl2"
"3f602caee36e03c625a1f30eb97314e2","Q",0,"Bacteria","Bacteroidota","Bacteroidia","Chitinophagales","Chitinophagaceae","midas_g_34088",NA,300,NA,"Wolfe v3: went back to modified wolfe + EDTA and switched CuSO4 to CUCl2"
"cca5f50c3116400e50fe7a3e7a0be852","Q",0,"Bacteria","Bacteroidota","Bacteroidia","Chitinophagales","Chitinophagaceae","midas_g_10639","midas_s_23172",300,NA,"Wolfe v3: went back to modified wolfe + EDTA and switched CuSO4 to CUCl2"
"52be19846e0f0c7f419cde01b6e10585","Q",0,"Bacteria","Bacteroidota","Bacteroidia","Chitinophagales","Chitinophagaceae","Ferruginibacter","midas_s_28246",300,NA,"Wolfe v3: went back to modified wolfe + EDTA and switched CuSO4 to CUCl2"
"14f013032d3d55ac24bde620c2d8f945","Q",0,"Bacteria","Bacteroidota","Bacteroidia","Chitinophagales","Chitinophagaceae","Ferruginibacter","midas_s_905",300,NA,"Wolfe v3: went back to modified wolfe + EDTA and switched CuSO4 to CUCl2"
"708043a43693e1145f5e15e5ee3b2b06","Q",0,"Bacteria","Bacteroidota","Bacteroidia","Chitinophagales","Chitinophagaceae",NA,NA,300,NA,"Wolfe v3: went back to modified wolfe + EDTA and switched CuSO4 to CUCl2"
"f0f5fe3a3ccc66ce7e67e82294654107","Q",0,"Bacteria","Bacteroidota","Bacteroidia","Cytophagales","Cyclobacteriaceae","midas_g_83754",NA,300,NA,"Wolfe v3: went back to modified wolfe + EDTA and switched CuSO4 to CUCl2"
"f9d19abf0ac81bcc64d02d91350fce35","Q",0,"Bacteria","Bacteroidota","Bacteroidia","Cytophagales","Microscillaceae","midas_g_9811",NA,300,NA,"Wolfe v3: went back to modified wolfe + EDTA and switched CuSO4 to CUCl2"
"98f44e3e61d018840fdce5dc524c719c","Q",0,"Bacteria","Bacteroidota","Bacteroidia","Cytophagales","Amoebophilaceae","Ca_Amoebophilus","midas_s_70953",300,NA,"Wolfe v3: went back to modified wolfe + EDTA and switched CuSO4 to CUCl2"
"9a842084688427ba067307eb8662eecd","Q",0,"Bacteria","Bacteroidota","Bacteroidia","Cytophagales","Amoebophilaceae","Ca_Amoebophilus","midas_s_70953",300,NA,"Wolfe v3: went back to modified wolfe + EDTA and switched CuSO4 to CUCl2"
"523a7e01fa5c47d91e959292759c7ac7","Q",0,"Bacteria","Bacteroidota","Bacteroidia","Cytophagales","Spirosomaceae","Persicitalea","midas_s_5441",300,NA,"Wolfe v3: went back to modified wolfe + EDTA and switched CuSO4 to CUCl2"
"fa7645eda32b4e6cfa5a7641e34be6b8","Q",0,"Bacteria","Bacteroidota","Bacteroidia","Sphingobacteriales","Lentimicrobiaceae","Lentimicrobium",NA,300,NA,"Wolfe v3: went back to modified wolfe + EDTA and switched CuSO4 to CUCl2"
"e96b5191533b55b247369d8649d8458d","Q",0,"Bacteria","Bacteroidota","Kapabacteria","Kapabacteriales","midas_f_2685","midas_g_4773","midas_s_4773",300,NA,"Wolfe v3: went back to modified wolfe + EDTA and switched CuSO4 to CUCl2"
"ca532c83e87eb3e76511a71e9abf28c2","Q",0,"Bacteria","Bacteroidota","Kapabacteria","Kapabacteriales","midas_f_21794","midas_g_28956","midas_s_50779",300,NA,"Wolfe v3: went back to modified wolfe + EDTA and switched CuSO4 to CUCl2"
"639e75a54d67c9dc93cfa31100bdc6d9","Q",0,"Bacteria","Bacteroidota","Kapabacteria","Kapabacteriales","midas_f_3695","midas_g_3695","midas_s_3695",300,NA,"Wolfe v3: went back to modified wolfe + EDTA and switched CuSO4 to CUCl2"
"022ced45e53557d101111cdb41f49f4e","Q",0,"Bacteria","Bacteroidota","Kapabacteria","Kapabacteriales","midas_f_2685","midas_g_2685","midas_s_2685",300,NA,"Wolfe v3: went back to modified wolfe + EDTA and switched CuSO4 to CUCl2"
"8a5b1b1f58eaa67ae9c35c6521b3eb71","Q",0,"Bacteria","Cloacimonadota","Cloacimonadia","Cloacimonadales","Cloacimonadaceae","W5",NA,300,NA,"Wolfe v3: went back to modified wolfe + EDTA and switched CuSO4 to CUCl2"
"99b459540b7b4682716095be1962981e","Q",0,"Bacteria","Cloacimonadota","Cloacimonadia","Cloacimonadales","Cloacimonadaceae","W5",NA,300,NA,"Wolfe v3: went back to modified wolfe + EDTA and switched CuSO4 to CUCl2"
"9e1c950d882ef8c3e0f61aa7ec52060e","Q",0,"Bacteria","Cloacimonadota","Cloacimonadia","Cloacimonadales","Cloacimonadaceae","W5",NA,300,NA,"Wolfe v3: went back to modified wolfe + EDTA and switched CuSO4 to CUCl2"
"d2e381c85060771ec94f8f66bf491409","Q",0,"Bacteria","Cloacimonadota","Cloacimonadia","Cloacimonadales","Cloacimonadaceae","W5",NA,300,NA,"Wolfe v3: went back to modified wolfe + EDTA and switched CuSO4 to CUCl2"
"9b38c83e9f4e2a1c9ccca312a8701603","Q",0,"Bacteria","Cloacimonadota","Cloacimonadia","Cloacimonadales","Cloacimonadaceae","W5","midas_s_92",300,NA,"Wolfe v3: went back to modified wolfe + EDTA and switched CuSO4 to CUCl2"
"614e12aec73ab6030db3c1a7f5141bba","Q",0,"Bacteria","Cloacimonadota","Cloacimonadia","Cloacimonadales","Cloacimonadaceae","W5","midas_s_92",300,NA,"Wolfe v3: went back to modified wolfe + EDTA and switched CuSO4 to CUCl2"
"60ac965b34c1883a7fe6e2307252fd16","Q",0,"Bacteria","Cloacimonadota","Cloacimonadia","Cloacimonadales","Cloacimonadaceae","W5","midas_s_92",300,NA,"Wolfe v3: went back to modified wolfe + EDTA and switched CuSO4 to CUCl2"
"c487c317433b2236a0872af25cb3b3de","Q",0,"Bacteria","Cloacimonadota","Cloacimonadia","Cloacimonadales","Cloacimonadaceae","Ca_Cloacimonas","midas_s_3011",300,NA,"Wolfe v3: went back to modified wolfe + EDTA and switched CuSO4 to CUCl2"
"ef9fddde19882aba901f1b0419ec09d8","Q",0,"Bacteria","Cloacimonadota","Cloacimonadia","Cloacimonadales","Cloacimonadaceae","Ca_Cloacimonas",NA,300,NA,"Wolfe v3: went back to modified wolfe + EDTA and switched CuSO4 to CUCl2"
"84444bac9dbd64e8d26d1a9dcfc67902","Q",0,"Bacteria","Cloacimonadota","Cloacimonadia","Cloacimonadales","Cloacimonadaceae","Ca_Cloacimonas","midas_s_7660",300,NA,"Wolfe v3: went back to modified wolfe + EDTA and switched CuSO4 to CUCl2"
"71f4b4a0a56c9a9b81c740f6e3a18596","Q",0,"Bacteria","Cloacimonadota","Cloacimonadia","Cloacimonadales","Cloacimonadaceae","LNR_A2-18",NA,300,NA,"Wolfe v3: went back to modified wolfe + EDTA and switched CuSO4 to CUCl2"
"ed2d2e8b1f87bc9682f5032af247e55d","Q",0,"Bacteria","Cloacimonadota","Cloacimonadia","Cloacimonadales","Cloacimonadaceae","LNR_A2-18",NA,300,NA,"Wolfe v3: went back to modified wolfe + EDTA and switched CuSO4 to CUCl2"
"f9ceb4443de3c6d51433fa57c3ade975","Q",0,"Bacteria","Cloacimonadota","Cloacimonadia","Cloacimonadales","Cloacimonadaceae","LNR_A2-18",NA,300,NA,"Wolfe v3: went back to modified wolfe + EDTA and switched CuSO4 to CUCl2"
"5f452e591d65c3a4fee53f0cc354ea72","Q",0,"Bacteria","Cloacimonadota","Cloacimonadia","Cloacimonadales","W27","midas_g_48843",NA,300,NA,"Wolfe v3: went back to modified wolfe + EDTA and switched CuSO4 to CUCl2"
"3ade0fa13e56aac194bb3373200d6def","Q",0,"Bacteria","Cloacimonadota","Cloacimonadia","Cloacimonadales","Cloacimonadaceae","Ca_Cloacimonas","midas_s_301",300,NA,"Wolfe v3: went back to modified wolfe + EDTA and switched CuSO4 to CUCl2"
"bfc10ae6c8d6d83371b3bd138d881468","Q",0,"Bacteria","Cloacimonadota","Cloacimonadia","Cloacimonadales","Cloacimonadaceae","Ca_Cloacimonas","midas_s_246",300,NA,"Wolfe v3: went back to modified wolfe + EDTA and switched CuSO4 to CUCl2"
"4ced6b735a53af484d0cf4f620846dcd","Q",0,"Bacteria","Desulfobacterota","Desulfovibrionia","Desulfovibrionales","Desulfovibrionaceae",NA,NA,300,NA,"Wolfe v3: went back to modified wolfe + EDTA and switched CuSO4 to CUCl2"
"18ca89dadf6219af5e55c04d2e77d221","Q",0,"Bacteria","Desulfobacterota","Desulfovibrionia","Desulfovibrionales","Desulfovibrionaceae",NA,NA,300,NA,"Wolfe v3: went back to modified wolfe + EDTA and switched CuSO4 to CUCl2"
"248cd8f8ef49066c9ede7752a044b0ee","Q",0,"Bacteria","Desulfobacterota","Desulfovibrionia","Desulfovibrionales","Desulfovibrionaceae","Desulfovibrio","midas_s_43704",300,NA,"Wolfe v3: went back to modified wolfe + EDTA and switched CuSO4 to CUCl2"
"0e81a770249139559c5cb218c03695f9","Q",0,"Bacteria","Desulfobacterota","Desulfovibrionia","Desulfovibrionales","Desulfovibrionaceae","Desulfovibrio","midas_s_43704",300,NA,"Wolfe v3: went back to modified wolfe + EDTA and switched CuSO4 to CUCl2"
"e1382120e151d51cb3b3b6900845f1c8","Q",0,"Bacteria","Desulfobacterota","Desulfovibrionia","Desulfovibrionales","Desulfomicrobiaceae","Desulfomicrobium","midas_s_21122",300,NA,"Wolfe v3: went back to modified wolfe + EDTA and switched CuSO4 to CUCl2"
"bb617d32673d5f60d6216a07ad7a42bc","Q",0,"Bacteria","Desulfobacterota","Desulfovibrionia","Desulfovibrionales","Desulfovibrionaceae","Desulfovibrio","midas_s_76151",300,NA,"Wolfe v3: went back to modified wolfe + EDTA and switched CuSO4 to CUCl2"
"5cb2b4186e2e95521540e2ccbafcb4c9","Q",0,"Bacteria","Desulfobacterota","Desulfovibrionia","Desulfovibrionales","Desulfovibrionaceae","Desulfovibrio",NA,300,NA,"Wolfe v3: went back to modified wolfe + EDTA and switched CuSO4 to CUCl2"
"57568ab86419e6655ce098557e7735c9","Q",0,"Bacteria","Desulfobacterota","Desulfovibrionia","Desulfovibrionales","Desulfovibrionaceae","Desulfovibrio",NA,300,NA,"Wolfe v3: went back to modified wolfe + EDTA and switched CuSO4 to CUCl2"
"211c2bf941e5c4e05078cf20a194b0be","Q",0,"Bacteria","SAR324_cladeMarine_group_B","midas_c_814","midas_o_928","Ca_Phosphitivoracaceae","Ca_Phosphitivorax","midas_s_1011",300,NA,"Wolfe v3: went back to modified wolfe + EDTA and switched CuSO4 to CUCl2"
"01b7b2f1ca2a80d06d14877e3b3a0182","Q",0,"Bacteria","Proteobacteria","Alphaproteobacteria","Rhizobiales","Rhizobiaceae","Ochrobactrum",NA,300,NA,"Wolfe v3: went back to modified wolfe + EDTA and switched CuSO4 to CUCl2"
"164212c0910ca9770a6bd13bcb2c5d05","Q",0,"Bacteria","Proteobacteria","Alphaproteobacteria","Caulobacterales","Hyphomonadaceae","Hyphomonas",NA,300,NA,"Wolfe v3: went back to modified wolfe + EDTA and switched CuSO4 to CUCl2"
"0afdd7eddb9a71ce53cf6487747ec98c","Q",0,"Bacteria","Proteobacteria","Alphaproteobacteria","Caulobacterales","Hyphomonadaceae","Hirschia","midas_s_5283",300,NA,"Wolfe v3: went back to modified wolfe + EDTA and switched CuSO4 to CUCl2"
"831cff0214f7446fab90ddfedf7bfcee","Q",0,"Bacteria","Proteobacteria","Alphaproteobacteria","Rhizobiales","Pleomorphomonadaceae","Chthonobacter","midas_s_42368",300,NA,"Wolfe v3: went back to modified wolfe + EDTA and switched CuSO4 to CUCl2"
"0e4fb8a4429348304afe0d042e3cb39a","Q",0,"Bacteria","Proteobacteria","Alphaproteobacteria","Rhodobacterales","Rhodobacteraceae","midas_g_40289","midas_s_40289",300,NA,"Wolfe v3: went back to modified wolfe + EDTA and switched CuSO4 to CUCl2"
"118852b957010ee00ae4dbb8665ad57e","Q",0,"Bacteria","Proteobacteria","Alphaproteobacteria","Rhizobiales","Labraceae","Labrys","midas_s_3786",300,NA,"Wolfe v3: went back to modified wolfe + EDTA and switched CuSO4 to CUCl2"
"8027ffc215349056379fe132f318a66a","Q",0,"Bacteria","Proteobacteria","Alphaproteobacteria","Rhodobacterales","Rhodobacteraceae","Bauldia",NA,300,NA,"Wolfe v3: went back to modified wolfe + EDTA and switched CuSO4 to CUCl2"
"fb9d8df11e01ae4c33acac6db5a518b8","Q",0,"Bacteria","Proteobacteria","Alphaproteobacteria","Rhodobacterales","Rhodobacteraceae","Bauldia","midas_s_3392",300,NA,"Wolfe v3: went back to modified wolfe + EDTA and switched CuSO4 to CUCl2"
"1533932a1509abc329353a9d98d3f519","Q",0,"Bacteria","Proteobacteria","Alphaproteobacteria","Rhodobacterales","Rhodobacteraceae","Bauldia","midas_s_6764",300,NA,"Wolfe v3: went back to modified wolfe + EDTA and switched CuSO4 to CUCl2"
"655bd7b8d2c8ee0e717f8d77d47693b7","Q",0,"Bacteria","Proteobacteria","Alphaproteobacteria","Rhodobacterales","Rhodobacteraceae","Bauldia","midas_s_3392",300,NA,"Wolfe v3: went back to modified wolfe + EDTA and switched CuSO4 to CUCl2"
"9d39b90a86fcc29202f4775515a05146","Q",0,"Bacteria","Proteobacteria","Alphaproteobacteria","Rhodobacterales","Rhodobacteraceae","midas_g_2400",NA,300,NA,"Wolfe v3: went back to modified wolfe + EDTA and switched CuSO4 to CUCl2"
"66d2801e670d80e47a383b655213cf55","Q",0,"Bacteria","Proteobacteria","Alphaproteobacteria","Rhodobacterales","Rhodobacteraceae","midas_g_2400",NA,300,NA,"Wolfe v3: went back to modified wolfe + EDTA and switched CuSO4 to CUCl2"
"3c6c6b674785246a706fea426f2f4dd9","Q",0,"Bacteria","Proteobacteria","Alphaproteobacteria","Rhodobacterales","Rhodobacteraceae","Phreatobacter","midas_s_2257",300,NA,"Wolfe v3: went back to modified wolfe + EDTA and switched CuSO4 to CUCl2"
"5b6d589e4b8374ae05953faf3e0ec415","Q",0,"Bacteria","Proteobacteria","Alphaproteobacteria","Rhodobacterales","Rhodobacteraceae","Phreatobacter","Phreatobacter_oligotrophus",300,NA,"Wolfe v3: went back to modified wolfe + EDTA and switched CuSO4 to CUCl2"
"68a7e86d20300d64c5acb88a9021e2f4","Q",0,"Bacteria","Proteobacteria","Alphaproteobacteria","Rhizobiales","Xanthobacteraceae","midas_g_1919",NA,300,NA,"Wolfe v3: went back to modified wolfe + EDTA and switched CuSO4 to CUCl2"
"8924705b2ac86db54622adeba1d6bba1","Q",0,"Bacteria","Proteobacteria","Alphaproteobacteria","Rhizobiales","Xanthobacteraceae","midas_g_1919","midas_s_37773",300,NA,"Wolfe v3: went back to modified wolfe + EDTA and switched CuSO4 to CUCl2"
"07f46149c04b861915fa32dc8104b022","Q",0,"Bacteria","Proteobacteria","Alphaproteobacteria","Rhizobiales","Beijerinckiaceae","midas_g_5429","midas_s_5429",300,NA,"Wolfe v3: went back to modified wolfe + EDTA and switched CuSO4 to CUCl2"
"d28d9cd054df9e29c622b1ec1944d013","Q",0,"Bacteria","Proteobacteria","Alphaproteobacteria","Rhizobiales","Beijerinckiaceae","midas_g_534","midas_s_3903",300,NA,"Wolfe v3: went back to modified wolfe + EDTA and switched CuSO4 to CUCl2"
"a2ea5245d83eba89a777bfc3af4e28a7","Q",0,"Bacteria","Proteobacteria","Alphaproteobacteria","Rhizobiales","Beijerinckiaceae","midas_g_534",NA,300,NA,"Wolfe v3: went back to modified wolfe + EDTA and switched CuSO4 to CUCl2"
"1db7fb888012089960006f42143c48af","Q",0,"Bacteria","Proteobacteria","Alphaproteobacteria","Rhizobiales","Beijerinckiaceae","midas_g_534","midas_s_721",300,NA,"Wolfe v3: went back to modified wolfe + EDTA and switched CuSO4 to CUCl2"
"fc91b1d6efa2d63ad830349556a06220","Q",0,"Bacteria","Proteobacteria","Alphaproteobacteria","Rhizobiales","Beijerinckiaceae","alphaI_cluster","midas_s_14689",300,NA,"Wolfe v3: went back to modified wolfe + EDTA and switched CuSO4 to CUCl2"
"8cb7080de6341945037ef5d1e8e8593a","Q",0,"Bacteria","Proteobacteria","Alphaproteobacteria","Rhizobiales","Beijerinckiaceae","midas_g_534","midas_s_5415",300,NA,"Wolfe v3: went back to modified wolfe + EDTA and switched CuSO4 to CUCl2"
"8b42e63e1fe8e14326fe559f8a2cce81","Q",0,"Bacteria","Proteobacteria","Alphaproteobacteria","Rhizobiales","Pleomorphomonadaceae","Prosthecomicrobium","Prosthecomicrobium_hirschii",300,NA,"Wolfe v3: went back to modified wolfe + EDTA and switched CuSO4 to CUCl2"
"c21569e136028113fff8cb7f4f825cd4","Q",0,"Bacteria","Proteobacteria","Alphaproteobacteria","Rhizobiales","Ancalomicrobiaceae","Ancalomicrobium","midas_s_34871",300,NA,"Wolfe v3: went back to modified wolfe + EDTA and switched CuSO4 to CUCl2"
"2e009092df813643f303457c87387ced","Q",0,"Bacteria","Proteobacteria","Alphaproteobacteria","Rhizobiales","Xanthobacteraceae",NA,NA,300,NA,"Wolfe v3: went back to modified wolfe + EDTA and switched CuSO4 to CUCl2"
"0c293c4324023e0fc942ba2a40ef7f59","Q",0,"Bacteria","Proteobacteria","Alphaproteobacteria","Rhizobiales","Xanthobacteraceae",NA,NA,300,NA,"Wolfe v3: went back to modified wolfe + EDTA and switched CuSO4 to CUCl2"
"c99bcc4ed3b2887c914e9faf48d63e3f","Q",0,"Bacteria","Proteobacteria","Alphaproteobacteria","Rhizobiales","Xanthobacteraceae",NA,NA,300,NA,"Wolfe v3: went back to modified wolfe + EDTA and switched CuSO4 to CUCl2"
"4ffb03b5c0bfc3fffc60057381aa071c","Q",0,"Bacteria","Proteobacteria","Alphaproteobacteria","Rhizobiales","Xanthobacteraceae","Pseudorhodoplanes",NA,300,NA,"Wolfe v3: went back to modified wolfe + EDTA and switched CuSO4 to CUCl2"
"674620811839f7b3abae4475a2cbd1fd","Q",0,"Bacteria","Proteobacteria","Alphaproteobacteria","Rhizobiales","Xanthobacteraceae","Afipia",NA,300,NA,"Wolfe v3: went back to modified wolfe + EDTA and switched CuSO4 to CUCl2"
"c9a17300b01aca353abdbbc6283a4af0","Q",0,"Bacteria","Proteobacteria","Alphaproteobacteria","Rhizobiales","Xanthobacteraceae","Afipia",NA,300,NA,"Wolfe v3: went back to modified wolfe + EDTA and switched CuSO4 to CUCl2"
"b6acd0e458ddc4258d7622929617346d","Q",0,"Bacteria","Proteobacteria","Alphaproteobacteria","Rhizobiales","Xanthobacteraceae","Afipia",NA,300,NA,"Wolfe v3: went back to modified wolfe + EDTA and switched CuSO4 to CUCl2"
"caafd6d1ef718ac1a2b7473f47d9340b","Q",0,"Bacteria","Proteobacteria","Alphaproteobacteria","Rhizobiales","Xanthobacteraceae","Afipia",NA,300,NA,"Wolfe v3: went back to modified wolfe + EDTA and switched CuSO4 to CUCl2"
"cc62bd14054a6830336f48d19ccb7fb7","Q",0,"Bacteria","Proteobacteria","Alphaproteobacteria","Rhizobiales","Xanthobacteraceae","Afipia","midas_s_34042",300,NA,"Wolfe v3: went back to modified wolfe + EDTA and switched CuSO4 to CUCl2"
"749376b5f9975100a175a587f222e10e","Q",0,"Bacteria","Proteobacteria","Alphaproteobacteria","Rhizobiales","Xanthobacteraceae","Nitrobacter","midas_s_25245",300,NA,"Wolfe v3: went back to modified wolfe + EDTA and switched CuSO4 to CUCl2"
"96a7203e72563b1502356df04aa19f42","Q",0,"Bacteria","Proteobacteria","Alphaproteobacteria","Rhizobiales","Xanthobacteraceae","Nitrobacter","midas_s_25245",300,NA,"Wolfe v3: went back to modified wolfe + EDTA and switched CuSO4 to CUCl2"
"e9300c9ad8d48efb516b90fddffeff2e","Q",0,"Bacteria","Proteobacteria","Alphaproteobacteria","Rhizobiales","Xanthobacteraceae","Oligotropha","midas_s_36849",300,NA,"Wolfe v3: went back to modified wolfe + EDTA and switched CuSO4 to CUCl2"
"39659b19934674c9db5c39d3b6a3b066","Q",0,"Bacteria","Proteobacteria","Alphaproteobacteria","Rhizobiales","Xanthobacteraceae","Afipia","midas_s_1736",300,NA,"Wolfe v3: went back to modified wolfe + EDTA and switched CuSO4 to CUCl2"
"be2e14e36e0980340c6a5106d0ebf887","Q",0,"Bacteria","Proteobacteria","Alphaproteobacteria","Rhizobiales","Xanthobacteraceae","midas_g_251","midas_s_40482",300,NA,"Wolfe v3: went back to modified wolfe + EDTA and switched CuSO4 to CUCl2"
"dbecddfdb4c39e60616c3958d43cfc8e","Q",0,"Bacteria","Proteobacteria","Alphaproteobacteria","Rhizobiales","Xanthobacteraceae","Bradyrhizobium",NA,300,NA,"Wolfe v3: went back to modified wolfe + EDTA and switched CuSO4 to CUCl2"
"96e13bb8e776c83458e2b282cd3e44e0","Q",0,"Bacteria","Proteobacteria","Alphaproteobacteria","Rhizobiales","Xanthobacteraceae",NA,NA,300,NA,"Wolfe v3: went back to modified wolfe + EDTA and switched CuSO4 to CUCl2"
"f898c7a8c566d0beb46d5448dde2387c","Q",0,"Bacteria","Proteobacteria","Alphaproteobacteria","Rhizobiales","Xanthobacteraceae","Bradyrhizobium",NA,300,NA,"Wolfe v3: went back to modified wolfe + EDTA and switched CuSO4 to CUCl2"
"d184ddaaff75a83d4d9ce5566685f125","Q",0,"Bacteria","Proteobacteria","Alphaproteobacteria","Rhizobiales","Xanthobacteraceae",NA,NA,300,NA,"Wolfe v3: went back to modified wolfe + EDTA and switched CuSO4 to CUCl2"
"f453adbb26cf3d1efef5c3629bbf654d","Q",0,"Bacteria","Proteobacteria","Alphaproteobacteria","Rhizobiales","Xanthobacteraceae",NA,NA,300,NA,"Wolfe v3: went back to modified wolfe + EDTA and switched CuSO4 to CUCl2"
"577b654e3e1b48fbee0cbfa7a210cbfa","Q",0,"Bacteria","Proteobacteria","Alphaproteobacteria","Rhizobiales","Xanthobacteraceae","Afipia",NA,300,NA,"Wolfe v3: went back to modified wolfe + EDTA and switched CuSO4 to CUCl2"
"114bc1da00dea879e58c42626058bb7e","Q",0,"Bacteria","Proteobacteria","Alphaproteobacteria","Rhizobiales","Xanthobacteraceae","Rhodoplanes",NA,300,NA,"Wolfe v3: went back to modified wolfe + EDTA and switched CuSO4 to CUCl2"
"5ed692eda11eb0a2b9db26ccfdc1eee7","Q",0,"Bacteria","Proteobacteria","Alphaproteobacteria","Rhizobiales","Xanthobacteraceae","midas_g_2680","midas_s_2680",300,NA,"Wolfe v3: went back to modified wolfe + EDTA and switched CuSO4 to CUCl2"
"3171ed747afcaa4f31b4048623c92223","Q",0,"Bacteria","Proteobacteria","Alphaproteobacteria","Rhizobiales","Xanthobacteraceae","midas_g_2680","midas_s_2680",300,NA,"Wolfe v3: went back to modified wolfe + EDTA and switched CuSO4 to CUCl2"
"a3e5fd03d92b987205cf4bf9b1678aa4","Q",0,"Bacteria","Proteobacteria","Alphaproteobacteria","Rhizobiales","Xanthobacteraceae","midas_g_21520",NA,300,NA,"Wolfe v3: went back to modified wolfe + EDTA and switched CuSO4 to CUCl2"
"05ced7360de47d5d168d5e800766013b","Q",0,"Bacteria","Proteobacteria","Alphaproteobacteria","Rhizobiales","Xanthobacteraceae","Pseudolabrys",NA,300,NA,"Wolfe v3: went back to modified wolfe + EDTA and switched CuSO4 to CUCl2"
"49c2b5d0aaf2ac8b0ee6cae5b6c5a8f4","Q",0,"Bacteria","Proteobacteria","Alphaproteobacteria","Rhizobiales","Xanthobacteraceae","Pseudolabrys","midas_s_19889",300,NA,"Wolfe v3: went back to modified wolfe + EDTA and switched CuSO4 to CUCl2"
"717060b0d8c767aa2b031af9d99619dc","Q",0,"Bacteria","Proteobacteria","Alphaproteobacteria","Rhizobiales","Xanthobacteraceae","Pseudolabrys","midas_s_19889",300,NA,"Wolfe v3: went back to modified wolfe + EDTA and switched CuSO4 to CUCl2"
"d7fb1f4207f140fa88ee72eda98f8f29","Q",0,"Bacteria","Proteobacteria","Alphaproteobacteria","Rhizobiales","Xanthobacteraceae","Xanthobacter",NA,300,NA,"Wolfe v3: went back to modified wolfe + EDTA and switched CuSO4 to CUCl2"
"5081262c6f6941b26ee33cafbc0a2c31","Q",0,"Bacteria","Proteobacteria","Alphaproteobacteria","Rhizobiales","Xanthobacteraceae","Xanthobacter","Xanthobacter_agilis",300,NA,"Wolfe v3: went back to modified wolfe + EDTA and switched CuSO4 to CUCl2"
"1a3a64b0c16fb7daa275ec71dd81b701","Q",0,"Bacteria","Proteobacteria","Alphaproteobacteria","Rhizobiales","Xanthobacteraceae","Xanthobacter",NA,300,NA,"Wolfe v3: went back to modified wolfe + EDTA and switched CuSO4 to CUCl2"
"b0aba9fc2245d2cb7e457364aa2205e4","Q",0,"Bacteria","Proteobacteria","Alphaproteobacteria","Rhizobiales","Xanthobacteraceae","Xanthobacter","midas_s_8674",300,NA,"Wolfe v3: went back to modified wolfe + EDTA and switched CuSO4 to CUCl2"
"54211010aefd9707190f47101648a23c","Q",0,"Bacteria","Proteobacteria","Alphaproteobacteria","Rhizobiales","Xanthobacteraceae","Azorhizobium","midas_s_17083",300,NA,"Wolfe v3: went back to modified wolfe + EDTA and switched CuSO4 to CUCl2"
"14816bf58b22a8172bb1d6a7f78f06f2","Q",0,"Bacteria","Proteobacteria","Alphaproteobacteria","Rhodobacterales","Rhodobacteraceae","midas_g_62884","midas_s_62884",300,NA,"Wolfe v3: went back to modified wolfe + EDTA and switched CuSO4 to CUCl2"
"405648482a348320fe4470fddebb64c6","Q",0,"Bacteria","Proteobacteria","Alphaproteobacteria","Rhizobiales","Beijerinckiaceae","Pseudochelatococcus",NA,300,NA,"Wolfe v3: went back to modified wolfe + EDTA and switched CuSO4 to CUCl2"
"0f4c04cefd226f6854ad0fbc2a2de226","Q",0,"Bacteria","Proteobacteria","Alphaproteobacteria","Rhizobiales","Beijerinckiaceae","Camelimonas",NA,300,NA,"Wolfe v3: went back to modified wolfe + EDTA and switched CuSO4 to CUCl2"
"d50903b75a954b0f707171e84a573a5f","Q",0,"Bacteria","Proteobacteria","Alphaproteobacteria","Rhizobiales","Beijerinckiaceae","Camelimonas",NA,300,NA,"Wolfe v3: went back to modified wolfe + EDTA and switched CuSO4 to CUCl2"
"c74a800e896402acb88ee96173c56d80","Q",0,"Bacteria","Proteobacteria","Alphaproteobacteria","Rhizobiales","Beijerinckiaceae","Chelatococcus","midas_s_98427",300,NA,"Wolfe v3: went back to modified wolfe + EDTA and switched CuSO4 to CUCl2"
"18ad5983778a83a204dd34420be14f74","Q",0,"Bacteria","Proteobacteria","Alphaproteobacteria","Rhizobiales","Beijerinckiaceae","Bosea","midas_s_5625",300,NA,"Wolfe v3: went back to modified wolfe + EDTA and switched CuSO4 to CUCl2"
"4e9f7176de6f2af840aa8a369a060705","Q",0,"Bacteria","Proteobacteria","Alphaproteobacteria","Rhizobiales","Beijerinckiaceae","Bosea","midas_s_5625",300,NA,"Wolfe v3: went back to modified wolfe + EDTA and switched CuSO4 to CUCl2"
"74316f0e658505498c0bd04393736a67","Q",0,"Bacteria","Proteobacteria","Alphaproteobacteria","Rhizobiales","Beijerinckiaceae","Bosea","midas_s_8374",300,NA,"Wolfe v3: went back to modified wolfe + EDTA and switched CuSO4 to CUCl2"
"eb6a99a43cef2237af9b344c4df7f907","Q",0,"Bacteria","Proteobacteria","Alphaproteobacteria","Rhizobiales","Beijerinckiaceae","Bosea",NA,300,NA,"Wolfe v3: went back to modified wolfe + EDTA and switched CuSO4 to CUCl2"
"36a66f4e2ef60675b52417bd1ef5d23f","Q",0,"Bacteria","Proteobacteria","Alphaproteobacteria","Rhizobiales","Beijerinckiaceae","Methylobacterium-Methylorubrum","midas_s_27079",300,NA,"Wolfe v3: went back to modified wolfe + EDTA and switched CuSO4 to CUCl2"
"882e0de9056d8d06c0973aa7b116e09e","Q",0,"Bacteria","Proteobacteria","Alphaproteobacteria","Rhizobiales","Beijerinckiaceae","Methylobacterium-Methylorubrum","midas_s_27079",300,NA,"Wolfe v3: went back to modified wolfe + EDTA and switched CuSO4 to CUCl2"
"b4900060b15cd3eab0697bdc00bfc33a","Q",0,"Bacteria","Proteobacteria","Alphaproteobacteria","Rhizobiales","Beijerinckiaceae","Microvirga",NA,300,NA,"Wolfe v3: went back to modified wolfe + EDTA and switched CuSO4 to CUCl2"
"333f32bb3f9df5675182ceda88bba911","Q",0,"Bacteria","Proteobacteria","Alphaproteobacteria","Rhizobiales","Beijerinckiaceae","Bosea",NA,300,NA,"Wolfe v3: went back to modified wolfe + EDTA and switched CuSO4 to CUCl2"
"7bc40a9c22f90b2ce6c97edc8248f810","Q",0,"Bacteria","Proteobacteria","Alphaproteobacteria","Rhizobiales","Beijerinckiaceae","alphaI_cluster","midas_s_23727",300,NA,"Wolfe v3: went back to modified wolfe + EDTA and switched CuSO4 to CUCl2"
"5db86c73cb3a69940374cd84e1457a2f","Q",0,"Bacteria","Proteobacteria","Alphaproteobacteria","Rhizobiales","Hyphomicrobiaceae","midas_g_648","midas_s_648",300,NA,"Wolfe v3: went back to modified wolfe + EDTA and switched CuSO4 to CUCl2"
"44c8b9c58c1fcec63fc77db189334c81","Q",0,"Bacteria","Proteobacteria","Alphaproteobacteria","Rhizobiales","Hyphomicrobiaceae","Hyphomicrobium",NA,300,NA,"Wolfe v3: went back to modified wolfe + EDTA and switched CuSO4 to CUCl2"
"50285c59a58cda2d889cb954c022a93a","Q",0,"Bacteria","Proteobacteria","Alphaproteobacteria","Rhizobiales","Hyphomicrobiaceae","Hyphomicrobium",NA,300,NA,"Wolfe v3: went back to modified wolfe + EDTA and switched CuSO4 to CUCl2"
"daec04577d1843ad73efa35de1d48151","Q",0,"Bacteria","Proteobacteria","Alphaproteobacteria","Rhizobiales","Hyphomicrobiaceae","Hyphomicrobium",NA,300,NA,"Wolfe v3: went back to modified wolfe + EDTA and switched CuSO4 to CUCl2"
"6c68bf9a2ce53d1b172b227d83144566","Q",0,"Bacteria","Proteobacteria","Alphaproteobacteria","Rhizobiales","Hyphomicrobiaceae","Hyphomicrobium",NA,300,NA,"Wolfe v3: went back to modified wolfe + EDTA and switched CuSO4 to CUCl2"
"caea068037af31671eecefe94eca01ca","Q",0,"Bacteria","Proteobacteria","Alphaproteobacteria","Rhizobiales","Hyphomicrobiaceae","Hyphomicrobium",NA,300,NA,"Wolfe v3: went back to modified wolfe + EDTA and switched CuSO4 to CUCl2"
"9f320ec9d312f6f94fd8e600383871e2","Q",0,"Bacteria","Proteobacteria","Alphaproteobacteria","Rhizobiales","Hyphomicrobiaceae","Hyphomicrobium","midas_s_1607",300,NA,"Wolfe v3: went back to modified wolfe + EDTA and switched CuSO4 to CUCl2"
"450e10636606887dd168542a6fc0df36","Q",0,"Bacteria","Proteobacteria","Alphaproteobacteria","Rhizobiales","Hyphomicrobiaceae","Hyphomicrobium",NA,300,NA,"Wolfe v3: went back to modified wolfe + EDTA and switched CuSO4 to CUCl2"
"52c544d6ecca1fc0e2adc52b33f7a35b","Q",0,"Bacteria","Proteobacteria","Alphaproteobacteria","Rhizobiales","Hyphomicrobiaceae","Hyphomicrobium","midas_s_3815",300,NA,"Wolfe v3: went back to modified wolfe + EDTA and switched CuSO4 to CUCl2"
"fef34e7fa03c36381857511c7755324d","Q",0,"Bacteria","Proteobacteria","Alphaproteobacteria","Rhizobiales","Hyphomicrobiaceae","Pedomicrobium",NA,300,NA,"Wolfe v3: went back to modified wolfe + EDTA and switched CuSO4 to CUCl2"
"360597adbaef72569dbc31f72ed91c78","Q",0,"Bacteria","Proteobacteria","Alphaproteobacteria","Rhizobiales","Hyphomicrobiaceae","Pedomicrobium",NA,300,NA,"Wolfe v3: went back to modified wolfe + EDTA and switched CuSO4 to CUCl2"
"3e8c3a8b8d144e5a10adb57a7cc517da","Q",0,"Bacteria","Proteobacteria","Alphaproteobacteria","Rhizobiales","Hyphomicrobiaceae","Pedomicrobium","midas_s_1270",300,NA,"Wolfe v3: went back to modified wolfe + EDTA and switched CuSO4 to CUCl2"
"99b6b856e4676df229a6e3c11b183293","Q",0,"Bacteria","Proteobacteria","Alphaproteobacteria","Rhizobiales","Hyphomicrobiaceae","Pedomicrobium","midas_s_1270",300,NA,"Wolfe v3: went back to modified wolfe + EDTA and switched CuSO4 to CUCl2"
"2018829be0affbac011bf1b8e30981ad","Q",0,"Bacteria","Proteobacteria","Alphaproteobacteria","Rhizobiales","Hyphomicrobiaceae","Hyphomicrobium","midas_s_948",300,NA,"Wolfe v3: went back to modified wolfe + EDTA and switched CuSO4 to CUCl2"
"3f0bc3f2b8d9b380ec319501754eca38","Q",0,"Bacteria","Proteobacteria","Alphaproteobacteria","Rhizobiales","Hyphomicrobiaceae","Hyphomicrobium",NA,300,NA,"Wolfe v3: went back to modified wolfe + EDTA and switched CuSO4 to CUCl2"
"a989e16b5beae59a0a6bc423abdd16e7","Q",0,"Bacteria","Proteobacteria","Alphaproteobacteria","Rhizobiales","Hyphomicrobiaceae","Hyphomicrobium","Hyphomicrobium_denitrificans",300,NA,"Wolfe v3: went back to modified wolfe + EDTA and switched CuSO4 to CUCl2"
"d5004573c96ec6eedcc4348d1145db37","Q",0,"Bacteria","Proteobacteria","Alphaproteobacteria","Rhizobiales","Hyphomicrobiaceae","Hyphomicrobium","midas_s_121",300,NA,"Wolfe v3: went back to modified wolfe + EDTA and switched CuSO4 to CUCl2"
"a5f0eb48a3a77f5fe2faa3b9571dc6b6","Q",0,"Bacteria","Proteobacteria","Alphaproteobacteria","Rhizobiales","Hyphomicrobiaceae","Hyphomicrobium","midas_s_11440",300,NA,"Wolfe v3: went back to modified wolfe + EDTA and switched CuSO4 to CUCl2"
"943510d75dff81e8e8a61b414393ad22","Q",0,"Bacteria","Proteobacteria","Alphaproteobacteria","Rhizobiales","Hyphomicrobiaceae","Hyphomicrobium",NA,300,NA,"Wolfe v3: went back to modified wolfe + EDTA and switched CuSO4 to CUCl2"
"6e72d85c5c29aaa1b7f043f60c8515fa","Q",0,"Bacteria","Proteobacteria","Alphaproteobacteria","Rhizobiales","Hyphomicrobiaceae","Hyphomicrobium",NA,300,NA,"Wolfe v3: went back to modified wolfe + EDTA and switched CuSO4 to CUCl2"
"1a73a1f0fd4682636a6566496ba342c6","Q",0,"Bacteria","Proteobacteria","Alphaproteobacteria","Rhizobiales","Hyphomicrobiaceae","Hyphomicrobium","midas_s_16706",300,NA,"Wolfe v3: went back to modified wolfe + EDTA and switched CuSO4 to CUCl2"
"cadb4455b724f027fc10968f3b93c4f5","Q",0,"Bacteria","Proteobacteria","Alphaproteobacteria","Rhizobiales","Hyphomicrobiaceae","Hyphomicrobium",NA,300,NA,"Wolfe v3: went back to modified wolfe + EDTA and switched CuSO4 to CUCl2"
"21154dbe9d1fd27c98e5ee78bb11560c","Q",0,"Bacteria","Proteobacteria","Alphaproteobacteria","Rhizobiales","Hyphomicrobiaceae","Pedomicrobium",NA,300,NA,"Wolfe v3: went back to modified wolfe + EDTA and switched CuSO4 to CUCl2"
"ac70da28b0eb596f2cb37af26b06d10b","Q",0,"Bacteria","Proteobacteria","Alphaproteobacteria","Rhizobiales","Hyphomicrobiaceae","Pedomicrobium","midas_s_7088",300,NA,"Wolfe v3: went back to modified wolfe + EDTA and switched CuSO4 to CUCl2"
"6b68ebbc9e9e8d26fa7018cf163d4848","Q",0,"Bacteria","Proteobacteria","Alphaproteobacteria","Rhodobacterales","Rhodobacteraceae","midas_g_75","midas_s_75",300,NA,"Wolfe v3: went back to modified wolfe + EDTA and switched CuSO4 to CUCl2"
"3f82999a4623343cbba40859d44329b0","Q",0,"Bacteria","Proteobacteria","Alphaproteobacteria","Rhodobacterales","Rhodobacteraceae","midas_g_75","midas_s_192",300,NA,"Wolfe v3: went back to modified wolfe + EDTA and switched CuSO4 to CUCl2"
"84e4f817f54ee2f5785d8caa8c371879","Q",0,"Bacteria","Proteobacteria","Alphaproteobacteria","Rhodobacterales","Rhodobacteraceae","Nordella",NA,300,NA,"Wolfe v3: went back to modified wolfe + EDTA and switched CuSO4 to CUCl2"
"46636732082e8b359502809c48875633","Q",0,"Bacteria","Proteobacteria","Alphaproteobacteria","Rhodobacterales","Rhodobacteraceae","midas_g_57","midas_s_1037",300,NA,"Wolfe v3: went back to modified wolfe + EDTA and switched CuSO4 to CUCl2"
"5d55d069c4109b5fc7cd290e947e5c8e","Q",0,"Bacteria","Proteobacteria","Alphaproteobacteria","Rhodobacterales","Rhodobacteraceae","midas_g_2171","midas_s_2171",300,NA,"Wolfe v3: went back to modified wolfe + EDTA and switched CuSO4 to CUCl2"
"bc15f0e20879b79188fa5ea9e191428c","Q",0,"Bacteria","Proteobacteria","Alphaproteobacteria","Rhodobacterales","Rhodobacteraceae",NA,NA,300,NA,"Wolfe v3: went back to modified wolfe + EDTA and switched CuSO4 to CUCl2"
"8ac7ad6e4b6501eb143d97f10bcc2b6d","Q",0,"Bacteria","Proteobacteria","Alphaproteobacteria","Rhodobacterales","Rhodobacteraceae",NA,NA,300,NA,"Wolfe v3: went back to modified wolfe + EDTA and switched CuSO4 to CUCl2"
"15d96e4d97ef38ceedf0ad18f07e0240","Q",0,"Bacteria","Proteobacteria","Alphaproteobacteria","Rhodobacterales","Rhodobacteraceae",NA,NA,300,NA,"Wolfe v3: went back to modified wolfe + EDTA and switched CuSO4 to CUCl2"
"ad922999ec6a8228be4358e848e86bc2","Q",0,"Bacteria","Proteobacteria","Alphaproteobacteria","Rhodobacterales","Rhodobacteraceae","midas_g_57",NA,300,NA,"Wolfe v3: went back to modified wolfe + EDTA and switched CuSO4 to CUCl2"
"36e38981bc99d5d7fdd5959ca41f6313","Q",0,"Bacteria","Proteobacteria","Alphaproteobacteria","Rhizobiales","Devosiaceae","Devosia","midas_s_37003",300,NA,"Wolfe v3: went back to modified wolfe + EDTA and switched CuSO4 to CUCl2"
"638fc32ab42e9e47ae41e2aad6572cc9","Q",0,"Bacteria","Proteobacteria","Alphaproteobacteria","Rhizobiales","Devosiaceae","Devosia","midas_s_109913",300,NA,"Wolfe v3: went back to modified wolfe + EDTA and switched CuSO4 to CUCl2"
"930364fee1f4684984efec7eacc41f85","Q",0,"Bacteria","Proteobacteria","Alphaproteobacteria","Rhizobiales","Devosiaceae","Devosia","midas_s_50367",300,NA,"Wolfe v3: went back to modified wolfe + EDTA and switched CuSO4 to CUCl2"
"9556ed629add12bf69d350023ce028dd","Q",0,"Bacteria","Proteobacteria","Alphaproteobacteria","Rhizobiales","Devosiaceae","Devosia","midas_s_84929",300,NA,"Wolfe v3: went back to modified wolfe + EDTA and switched CuSO4 to CUCl2"
"85f6db727b9f9f28fa57d33177a6f386","Q",0,"Bacteria","Proteobacteria","Alphaproteobacteria","Rhizobiales","Devosiaceae","Devosia",NA,300,NA,"Wolfe v3: went back to modified wolfe + EDTA and switched CuSO4 to CUCl2"
"c17efdeaa645dec7b8f314690d1b9160","Q",0,"Bacteria","Proteobacteria","Alphaproteobacteria","Rhizobiales","Devosiaceae",NA,NA,300,NA,"Wolfe v3: went back to modified wolfe + EDTA and switched CuSO4 to CUCl2"
"a9d3a8d7e6ab34f69fa91fcce8bda39f","Q",0,"Bacteria","Proteobacteria","Alphaproteobacteria","Rhizobiales","Devosiaceae","Devosia",NA,300,NA,"Wolfe v3: went back to modified wolfe + EDTA and switched CuSO4 to CUCl2"
"344b8fcfc08a17bb7443c1ad11ea3151","Q",0,"Bacteria","Proteobacteria","Alphaproteobacteria","Rhizobiales","Devosiaceae","Devosia",NA,300,NA,"Wolfe v3: went back to modified wolfe + EDTA and switched CuSO4 to CUCl2"
"fa6189d828a79eb80234db2985c10e19","Q",0,"Bacteria","Proteobacteria","Alphaproteobacteria","Rhizobiales","Devosiaceae","Devosia",NA,300,NA,"Wolfe v3: went back to modified wolfe + EDTA and switched CuSO4 to CUCl2"
"aa994f6ce33aa806c707bdc34ef908ef","Q",0,"Bacteria","Proteobacteria","Alphaproteobacteria","Rhizobiales","Devosiaceae",NA,NA,300,NA,"Wolfe v3: went back to modified wolfe + EDTA and switched CuSO4 to CUCl2"
"b1f59336f531943ed373eb155f8380ea","Q",0,"Bacteria","Proteobacteria","Alphaproteobacteria","Rhizobiales","Devosiaceae",NA,NA,300,NA,"Wolfe v3: went back to modified wolfe + EDTA and switched CuSO4 to CUCl2"
"0f97c220b579e7f247036ed1adce5afc","Q",0,"Bacteria","Proteobacteria","Alphaproteobacteria","Rhizobiales","Devosiaceae","Devosia",NA,300,NA,"Wolfe v3: went back to modified wolfe + EDTA and switched CuSO4 to CUCl2"
"45d5fa1bed1dc5a9ecf8c62ff7ebbdd1","Q",0,"Bacteria","Proteobacteria","Alphaproteobacteria","Rhizobiales","Devosiaceae","Devosia",NA,300,NA,"Wolfe v3: went back to modified wolfe + EDTA and switched CuSO4 to CUCl2"
"fab2c4c54cd5034675223cf06e3eb8c2","Q",0,"Bacteria","Proteobacteria","Alphaproteobacteria","Rhizobiales","Devosiaceae","midas_g_877","midas_s_12670",300,NA,"Wolfe v3: went back to modified wolfe + EDTA and switched CuSO4 to CUCl2"
"5c9352f85a03deadbc046bcced83740a","Q",0,"Bacteria","Proteobacteria","Alphaproteobacteria","Rhizobiales","Rhizobiaceae","Mesorhizobium","midas_s_3870",300,NA,"Wolfe v3: went back to modified wolfe + EDTA and switched CuSO4 to CUCl2"
"adae8a46239a2d87cf6b3187212b0c5d","Q",0,"Bacteria","Proteobacteria","Alphaproteobacteria","Rhizobiales","Rhizobiaceae",NA,NA,300,NA,"Wolfe v3: went back to modified wolfe + EDTA and switched CuSO4 to CUCl2"
"564dff3148781f436e49ebbfb2590a6a","Q",0,"Bacteria","Proteobacteria","Alphaproteobacteria","Rhizobiales","Rhizobiaceae","Pseudaminobacter",NA,300,NA,"Wolfe v3: went back to modified wolfe + EDTA and switched CuSO4 to CUCl2"
"db4543063a7cc4847ca4914a1f3f4611","Q",0,"Bacteria","Proteobacteria","Alphaproteobacteria","Rhizobiales","Rhizobiaceae","Mesorhizobium",NA,300,NA,"Wolfe v3: went back to modified wolfe + EDTA and switched CuSO4 to CUCl2"
"8b07adb150b7469eafc89ddb46a9bef2","Q",0,"Bacteria","Proteobacteria","Alphaproteobacteria","Rhizobiales","Rhizobiaceae","Pseudaminobacter",NA,300,NA,"Wolfe v3: went back to modified wolfe + EDTA and switched CuSO4 to CUCl2"
"599d7cf9f263b0f86ad741ce6f9f7619","Q",0,"Bacteria","Proteobacteria","Alphaproteobacteria","Rhizobiales","Rhizobiaceae","Mesorhizobium",NA,300,NA,"Wolfe v3: went back to modified wolfe + EDTA and switched CuSO4 to CUCl2"
"2e380222b4128117ac8a61f1e8c13ada","Q",0,"Bacteria","Proteobacteria","Alphaproteobacteria","Rhizobiales","Rhizobiaceae","Aminobacter","midas_s_2899",300,NA,"Wolfe v3: went back to modified wolfe + EDTA and switched CuSO4 to CUCl2"
"f84aa5ec0c6a8702f634b0fed4bb56e0","Q",0,"Bacteria","Proteobacteria","Alphaproteobacteria","Rhizobiales","Rhizobiaceae",NA,NA,300,NA,"Wolfe v3: went back to modified wolfe + EDTA and switched CuSO4 to CUCl2"
"2f94ec758afccdb570dcc9fd5080e5c4","Q",0,"Bacteria","Proteobacteria","Alphaproteobacteria","Rhizobiales","Rhizobiaceae",NA,NA,300,NA,"Wolfe v3: went back to modified wolfe + EDTA and switched CuSO4 to CUCl2"
"3c2d4903b3df0132b4a1d9a9b20ea45d","Q",0,"Bacteria","Proteobacteria","Alphaproteobacteria","Rhizobiales","Rhizobiaceae","Mesorhizobium","midas_s_2119",300,NA,"Wolfe v3: went back to modified wolfe + EDTA and switched CuSO4 to CUCl2"
"ab2050607cb3fe172ea918d5a17a46c7","Q",0,"Bacteria","Proteobacteria","Alphaproteobacteria","Rhizobiales","Rhizobiaceae","Aquamicrobium","Aquamicrobium_lusatiense",300,NA,"Wolfe v3: went back to modified wolfe + EDTA and switched CuSO4 to CUCl2"
"28b5f35cfb5f0516e5e5f896428abdcd","Q",0,"Bacteria","Proteobacteria","Alphaproteobacteria","Rhizobiales","Rhizobiaceae","Aquamicrobium","Aquamicrobium_lusatiense",300,NA,"Wolfe v3: went back to modified wolfe + EDTA and switched CuSO4 to CUCl2"
"737ec3fec82dbe6919a55d6f88890343","Q",0,"Bacteria","Proteobacteria","Alphaproteobacteria","Rhizobiales","Rhizobiaceae","Aquamicrobium","Aquamicrobium_lusatiense",300,NA,"Wolfe v3: went back to modified wolfe + EDTA and switched CuSO4 to CUCl2"
"328120c708098f9f55e4b6945d8cf31d","Q",0,"Bacteria","Proteobacteria","Alphaproteobacteria","Rhizobiales","Rhizobiaceae","Aquamicrobium",NA,300,NA,"Wolfe v3: went back to modified wolfe + EDTA and switched CuSO4 to CUCl2"
"54c489de5ec8c0e9aa68974f8f39d713","Q",0,"Bacteria","Proteobacteria","Alphaproteobacteria","Rhizobiales","Rhizobiaceae","Aquamicrobium","Aquamicrobium_aestuarii",300,NA,"Wolfe v3: went back to modified wolfe + EDTA and switched CuSO4 to CUCl2"
"c574f4c451bc5662da17b3af8d5ebf44","Q",0,"Bacteria","Proteobacteria","Alphaproteobacteria","Rhizobiales","Rhizobiaceae",NA,NA,300,NA,"Wolfe v3: went back to modified wolfe + EDTA and switched CuSO4 to CUCl2"
"2214bdd7fed5c53d6959f3201478166e","Q",0,"Bacteria","Proteobacteria","Alphaproteobacteria","Rhizobiales","Rhizobiaceae",NA,NA,300,NA,"Wolfe v3: went back to modified wolfe + EDTA and switched CuSO4 to CUCl2"
"9a0ea06f99eb653b4104f7809547dc61","Q",0,"Bacteria","Proteobacteria","Alphaproteobacteria","Rhizobiales","Rhizobiaceae",NA,NA,300,NA,"Wolfe v3: went back to modified wolfe + EDTA and switched CuSO4 to CUCl2"
"8207352f9586edf5c23e242fba24021c","Q",0,"Bacteria","Proteobacteria","Alphaproteobacteria","Rhizobiales","Rhizobiaceae","Aminobacter","midas_s_33172",300,NA,"Wolfe v3: went back to modified wolfe + EDTA and switched CuSO4 to CUCl2"
"4563e1bc4155a08102e2a8f74d500106","Q",0,"Bacteria","Proteobacteria","Alphaproteobacteria","Rhizobiales","Rhizobiaceae","Aminobacter","midas_s_44905",300,NA,"Wolfe v3: went back to modified wolfe + EDTA and switched CuSO4 to CUCl2"
"440cf59737156116c2e42f84552562b8","Q",0,"Bacteria","Proteobacteria","Alphaproteobacteria","Rhizobiales","Rhizobiaceae",NA,NA,300,NA,"Wolfe v3: went back to modified wolfe + EDTA and switched CuSO4 to CUCl2"
"1289562118919e6f9a67cdf153688a18","Q",0,"Bacteria","Proteobacteria","Alphaproteobacteria","Rhizobiales","Rhizobiaceae","Mesorhizobium","midas_s_22445",300,NA,"Wolfe v3: went back to modified wolfe + EDTA and switched CuSO4 to CUCl2"
"730dfe1f490b05a2a762cd36a3ac5c8d","Q",0,"Bacteria","Proteobacteria","Alphaproteobacteria","Rhizobiales","Rhizobiaceae","Aquamicrobium","Aquamicrobium_aestuarii",300,NA,"Wolfe v3: went back to modified wolfe + EDTA and switched CuSO4 to CUCl2"
"9026ee9ce58d36be3646689861848080","Q",0,"Bacteria","Proteobacteria","Alphaproteobacteria","Rhizobiales","Rhizobiaceae","Aquamicrobium","Aquamicrobium_aestuarii",300,NA,"Wolfe v3: went back to modified wolfe + EDTA and switched CuSO4 to CUCl2"
"21d26093efc917ced0c94fc534aa8bcc","Q",0,"Bacteria","Proteobacteria","Alphaproteobacteria","Rhizobiales","Rhizobiaceae",NA,NA,300,NA,"Wolfe v3: went back to modified wolfe + EDTA and switched CuSO4 to CUCl2"
"ab35a6efdcbec8500e2fb023169fe78a","Q",0,"Bacteria","Proteobacteria","Alphaproteobacteria","Rhizobiales","Rhizobiaceae","Aminobacter","midas_s_4148",300,NA,"Wolfe v3: went back to modified wolfe + EDTA and switched CuSO4 to CUCl2"
"0ce72cb3f2222077b10a09aeab862462","Q",0,"Bacteria","Proteobacteria","Alphaproteobacteria","Rhizobiales","Rhizobiaceae",NA,NA,300,NA,"Wolfe v3: went back to modified wolfe + EDTA and switched CuSO4 to CUCl2"
"fa4cca3abe5e2f19f3d66fd3eafc8011","Q",0,"Bacteria","Proteobacteria","Alphaproteobacteria","Rhizobiales","Rhizobiaceae","Aminobacter",NA,300,NA,"Wolfe v3: went back to modified wolfe + EDTA and switched CuSO4 to CUCl2"
"1dd4ae4f0ee4d2ccf2cf15e82ce65b7b","Q",0,"Bacteria","Proteobacteria","Alphaproteobacteria","Rhizobiales","Rhizobiaceae","Mesorhizobium",NA,300,NA,"Wolfe v3: went back to modified wolfe + EDTA and switched CuSO4 to CUCl2"
"9c426d26d1334efd88b234484348abbf","Q",0,"Bacteria","Proteobacteria","Alphaproteobacteria","Rhizobiales","Rhizobiaceae","Aminobacter","midas_s_2523",300,NA,"Wolfe v3: went back to modified wolfe + EDTA and switched CuSO4 to CUCl2"
"3e0febfb4a6a1915ac7dbadd489360be","Q",0,"Bacteria","Proteobacteria","Alphaproteobacteria","Rhizobiales","Rhizobiaceae","midas_g_153",NA,300,NA,"Wolfe v3: went back to modified wolfe + EDTA and switched CuSO4 to CUCl2"
"d2e29353b6ede10f1607456fa86e6300","Q",0,"Bacteria","Proteobacteria","Alphaproteobacteria","Rhizobiales","Rhizobiaceae","Chelativorans","midas_s_10850",300,NA,"Wolfe v3: went back to modified wolfe + EDTA and switched CuSO4 to CUCl2"
"d96a2ea1b09f080f66ce79b9ddfa768e","Q",0,"Bacteria","Proteobacteria","Alphaproteobacteria","Rhizobiales","Rhizobiaceae",NA,NA,300,NA,"Wolfe v3: went back to modified wolfe + EDTA and switched CuSO4 to CUCl2"
"8d8be8b2507c837431e2e91d5b78faa9","Q",0,"Bacteria","Proteobacteria","Alphaproteobacteria","Rhizobiales","Rhodobiaceae","Tepidamorphus","Tepidamorphus_gemmatus",300,NA,"Wolfe v3: went back to modified wolfe + EDTA and switched CuSO4 to CUCl2"
"d940283de678b9ef93da553438afcd90","Q",0,"Bacteria","Proteobacteria","Alphaproteobacteria","Rhizobiales","Methyloligellaceae","midas_g_11150","midas_s_19827",300,NA,"Wolfe v3: went back to modified wolfe + EDTA and switched CuSO4 to CUCl2"
"335d9330fb71ae0d90dd21af0c78d794","Q",0,"Bacteria","Proteobacteria","Alphaproteobacteria","Rhizobiales","Rhizobiaceae","Allorhizobium-Neorhizobium-Pararhizobium-Rhizobium","midas_s_67523",300,NA,"Wolfe v3: went back to modified wolfe + EDTA and switched CuSO4 to CUCl2"
"643cecdf78d7a5f104fd135492479199","Q",0,"Bacteria","Proteobacteria","Alphaproteobacteria","Rhizobiales","Rhizobiaceae",NA,NA,300,NA,"Wolfe v3: went back to modified wolfe + EDTA and switched CuSO4 to CUCl2"
"d23e07dc0f848e8921532df36254ce29","Q",0,"Bacteria","Proteobacteria","Alphaproteobacteria","Rhizobiales","Rhizobiaceae","Allorhizobium-Neorhizobium-Pararhizobium-Rhizobium","midas_s_2277",300,NA,"Wolfe v3: went back to modified wolfe + EDTA and switched CuSO4 to CUCl2"
"543dc760699879a2b12cd2e2525e6729","Q",0,"Bacteria","Proteobacteria","Alphaproteobacteria","Rhizobiales","Rhizobiaceae","Shinella",NA,300,NA,"Wolfe v3: went back to modified wolfe + EDTA and switched CuSO4 to CUCl2"
"2579ccdb853bf0bbcbc589ee0badfa6b","Q",0,"Bacteria","Proteobacteria","Alphaproteobacteria","Rhizobiales","Rhizobiaceae","Shinella",NA,300,NA,"Wolfe v3: went back to modified wolfe + EDTA and switched CuSO4 to CUCl2"
"1fe5ac555eb14e8844d872f1061c429f","Q",0,"Bacteria","Proteobacteria","Alphaproteobacteria","Rhizobiales","Rhizobiaceae",NA,NA,300,NA,"Wolfe v3: went back to modified wolfe + EDTA and switched CuSO4 to CUCl2"
"82f01cb6b84420e18f1f7aed8630c878","Q",0,"Bacteria","Proteobacteria","Alphaproteobacteria","Rhizobiales","Rhizobiaceae","Shinella",NA,300,NA,"Wolfe v3: went back to modified wolfe + EDTA and switched CuSO4 to CUCl2"
"913e8b6ddca7947f95db836301d8e9cd","Q",0,"Bacteria","Proteobacteria","Alphaproteobacteria","Rhizobiales","Rhizobiaceae","Allorhizobium-Neorhizobium-Pararhizobium-Rhizobium",NA,300,NA,"Wolfe v3: went back to modified wolfe + EDTA and switched CuSO4 to CUCl2"
"4c377ed4a13484a07dffc1121a98a02c","Q",0,"Bacteria","Proteobacteria","Alphaproteobacteria","Rhizobiales","Rhizobiaceae",NA,NA,300,NA,"Wolfe v3: went back to modified wolfe + EDTA and switched CuSO4 to CUCl2"
"dec21d55511b3673e457876cc2797df6","Q",0,"Bacteria","Proteobacteria","Alphaproteobacteria","Rhizobiales","Rhizobiaceae","Pseudochrobactrum","midas_s_3829",300,NA,"Wolfe v3: went back to modified wolfe + EDTA and switched CuSO4 to CUCl2"
"0ed43372f2f3ba933197e54d759f7dfa","Q",0,"Bacteria","Proteobacteria","Alphaproteobacteria","Rhizobiales","Rhizobiaceae","Ochrobactrum",NA,300,NA,"Wolfe v3: went back to modified wolfe + EDTA and switched CuSO4 to CUCl2"
"68bb557729fb17fa6cf8426461cb3d96","Q",0,"Bacteria","Proteobacteria","Alphaproteobacteria","Rhizobiales","Kaistiaceae","Kaistia","Kaistia_hirudinis",300,NA,"Wolfe v3: went back to modified wolfe + EDTA and switched CuSO4 to CUCl2"
"dcc3c223f6007f2b75ad31366a34a983","Q",0,"Bacteria","Proteobacteria","Alphaproteobacteria","Rhizobiales","Kaistiaceae","Kaistia",NA,300,NA,"Wolfe v3: went back to modified wolfe + EDTA and switched CuSO4 to CUCl2"
"b9daacd0e5fb8ea4e35fc84e8a40253e","Q",0,"Bacteria","Proteobacteria","Alphaproteobacteria","Rhizobiales","Kaistiaceae","Kaistia",NA,300,NA,"Wolfe v3: went back to modified wolfe + EDTA and switched CuSO4 to CUCl2"
"52708c2cfa926ba9b2f69878c97cee2c","Q",0,"Bacteria","Proteobacteria","Alphaproteobacteria","Rhizobiales","Stappiaceae","Stappia",NA,300,NA,"Wolfe v3: went back to modified wolfe + EDTA and switched CuSO4 to CUCl2"
"dba7c05b3998a0053a7ebd17f124a3c0","Q",0,"Bacteria","Proteobacteria","Alphaproteobacteria","Rhizobiales","Stappiaceae","Stappia",NA,300,NA,"Wolfe v3: went back to modified wolfe + EDTA and switched CuSO4 to CUCl2"
"cb796d5e697b4835a8402bb23c894c15","Q",0,"Bacteria","Proteobacteria","Alphaproteobacteria","Rhizobiales","Stappiaceae",NA,NA,300,NA,"Wolfe v3: went back to modified wolfe + EDTA and switched CuSO4 to CUCl2"
"09383f3babfd32418e7ba07634680e12","Q",0,"Bacteria","Proteobacteria","Alphaproteobacteria","Rhizobiales","Stappiaceae","Pannonibacter","Pannonibacter_phragmitetus",300,NA,"Wolfe v3: went back to modified wolfe + EDTA and switched CuSO4 to CUCl2"
"36cf1853edbaec342c271909f87ca1b6","Q",0,"Bacteria","Proteobacteria","Alphaproteobacteria","Caulobacterales","Caulobacteraceae","Phenylobacterium",NA,300,NA,"Wolfe v3: went back to modified wolfe + EDTA and switched CuSO4 to CUCl2"
"e1ad71679dace6d1d502a91df086f04b","Q",0,"Bacteria","Proteobacteria","Alphaproteobacteria","Caulobacterales","Caulobacteraceae","Phenylobacterium","Phenylobacterium_falsum",300,NA,"Wolfe v3: went back to modified wolfe + EDTA and switched CuSO4 to CUCl2"
"febbb96bc35744a5fc6936e547e3041c","Q",0,"Bacteria","Proteobacteria","Alphaproteobacteria","Caulobacterales","Caulobacteraceae","Phenylobacterium","Phenylobacterium_falsum",300,NA,"Wolfe v3: went back to modified wolfe + EDTA and switched CuSO4 to CUCl2"
"61bffb5ed48deb86adad74d3d45df340","Q",0,"Bacteria","Proteobacteria","Alphaproteobacteria","Caulobacterales","Caulobacteraceae","Phenylobacterium","Phenylobacterium_haematophilum",300,NA,"Wolfe v3: went back to modified wolfe + EDTA and switched CuSO4 to CUCl2"
"a67c7071b283c3513d9aa4cf63879d6e","Q",0,"Bacteria","Proteobacteria","Alphaproteobacteria","Caulobacterales","Caulobacteraceae",NA,NA,300,NA,"Wolfe v3: went back to modified wolfe + EDTA and switched CuSO4 to CUCl2"
"9b6a7459b2c92cee0abfc36d503488b7","Q",0,"Bacteria","Proteobacteria","Alphaproteobacteria","Caulobacterales","Caulobacteraceae","Brevundimonas",NA,300,NA,"Wolfe v3: went back to modified wolfe + EDTA and switched CuSO4 to CUCl2"
"a954a29c70499c3c72ee396f69b71c51","Q",0,"Bacteria","Proteobacteria","Alphaproteobacteria","Caulobacterales","Caulobacteraceae","Brevundimonas","midas_s_14989",300,NA,"Wolfe v3: went back to modified wolfe + EDTA and switched CuSO4 to CUCl2"
"3d462e8ce030e0c5bbd7564663c5561b","Q",0,"Bacteria","Proteobacteria","Alphaproteobacteria","Caulobacterales","Caulobacteraceae","Brevundimonas","midas_s_14989",300,NA,"Wolfe v3: went back to modified wolfe + EDTA and switched CuSO4 to CUCl2"
"4b50be28c2cc7c6a4dbc6300155c5218","Q",0,"Bacteria","Proteobacteria","Alphaproteobacteria","Caulobacterales","Caulobacteraceae","Brevundimonas","midas_s_25101",300,NA,"Wolfe v3: went back to modified wolfe + EDTA and switched CuSO4 to CUCl2"
"41f99c44465eb2939503fc0371a28a63","Q",0,"Bacteria","Proteobacteria","Alphaproteobacteria","Caulobacterales","Caulobacteraceae","Brevundimonas","midas_s_25101",300,NA,"Wolfe v3: went back to modified wolfe + EDTA and switched CuSO4 to CUCl2"
"59a5570b657c148caf79a4d0bf8b4d0c","Q",0,"Bacteria","Proteobacteria","Alphaproteobacteria","Caulobacterales","Caulobacteraceae","Phenylobacterium","midas_s_119468",300,NA,"Wolfe v3: went back to modified wolfe + EDTA and switched CuSO4 to CUCl2"
"4a776a15babf55b56fb4bc95c435aaed","Q",0,"Bacteria","Proteobacteria","Alphaproteobacteria","Caulobacterales","Caulobacteraceae","Phenylobacterium",NA,300,NA,"Wolfe v3: went back to modified wolfe + EDTA and switched CuSO4 to CUCl2"
"83d1208a372f046a842442d3a156c435","Q",0,"Bacteria","Proteobacteria","Alphaproteobacteria","midas_o_16387","midas_f_44631","midas_g_73006","midas_s_73006",300,NA,"Wolfe v3: went back to modified wolfe + EDTA and switched CuSO4 to CUCl2"
"7a8d2549f0a2623a5f45a138e85aedd0","Q",0,"Bacteria","Proteobacteria","Alphaproteobacteria","midas_o_16387","midas_f_44631","midas_g_73006","midas_s_73006",300,NA,"Wolfe v3: went back to modified wolfe + EDTA and switched CuSO4 to CUCl2"
"fd66678cf39f676cb57820da4a793b6f","Q",0,"Bacteria","Proteobacteria","Alphaproteobacteria","Rhodobacterales","Rhodobacteraceae","Amaricoccus",NA,300,NA,"Wolfe v3: went back to modified wolfe + EDTA and switched CuSO4 to CUCl2"
"26ef86afa44dbbdebbae8f35e590f52e","Q",0,"Bacteria","Proteobacteria","Alphaproteobacteria","Rhodobacterales","Rhodobacteraceae","Amaricoccus",NA,300,NA,"Wolfe v3: went back to modified wolfe + EDTA and switched CuSO4 to CUCl2"
"9335b7a207b486ae9975e735cd30a814","Q",0,"Bacteria","Proteobacteria","Alphaproteobacteria","Rhodobacterales","Rhodobacteraceae","Amaricoccus","midas_s_13927",300,NA,"Wolfe v3: went back to modified wolfe + EDTA and switched CuSO4 to CUCl2"
"455b517d5e3be97a7c74805de5f26850","Q",0,"Bacteria","Proteobacteria","Alphaproteobacteria","Rhodobacterales","Rhodobacteraceae","Amaricoccus",NA,300,NA,"Wolfe v3: went back to modified wolfe + EDTA and switched CuSO4 to CUCl2"
"0f645d7ab83eb9dd659b573e9abc0069","Q",0,"Bacteria","Proteobacteria","Alphaproteobacteria","Rhodobacterales","Rhodobacteraceae","Amaricoccus",NA,300,NA,"Wolfe v3: went back to modified wolfe + EDTA and switched CuSO4 to CUCl2"
"e57525faafab45f4f99be57ab69faabd","Q",0,"Bacteria","Proteobacteria","Alphaproteobacteria","Rhodobacterales","Rhodobacteraceae","Rhodobacter","midas_s_27403",300,NA,"Wolfe v3: went back to modified wolfe + EDTA and switched CuSO4 to CUCl2"
"af652e408f0db93cc4846d6901a6ce37","Q",0,"Bacteria","Proteobacteria","Alphaproteobacteria","Rhodobacterales","Rhodobacteraceae",NA,NA,300,NA,"Wolfe v3: went back to modified wolfe + EDTA and switched CuSO4 to CUCl2"
"ae89ff1c2542cc18bae68e862b05609c","Q",0,"Bacteria","Proteobacteria","Alphaproteobacteria","Rhodobacterales","Rhodobacteraceae","Rhodobacter",NA,300,NA,"Wolfe v3: went back to modified wolfe + EDTA and switched CuSO4 to CUCl2"
"7f52ee67403fedcc4a7ddae34cd0e7a4","Q",0,"Bacteria","Proteobacteria","Alphaproteobacteria","Rhodobacterales","Rhodobacteraceae","Rhodobacter",NA,300,NA,"Wolfe v3: went back to modified wolfe + EDTA and switched CuSO4 to CUCl2"
"8e9415fb1edc2f6f3ccda52f97761c01","Q",0,"Bacteria","Proteobacteria","Alphaproteobacteria","Rhodobacterales","Rhodobacteraceae",NA,NA,300,NA,"Wolfe v3: went back to modified wolfe + EDTA and switched CuSO4 to CUCl2"
"b0ec891a9cead40f58935f40fa9a1b9a","Q",0,"Bacteria","Proteobacteria","Alphaproteobacteria","Rhodobacterales","Rhodobacteraceae","Rhodobacter",NA,300,NA,"Wolfe v3: went back to modified wolfe + EDTA and switched CuSO4 to CUCl2"
"65c647ffd0330aa88c24b8bf7674e6c7","Q",0,"Bacteria","Proteobacteria","Alphaproteobacteria","Rhodobacterales","Rhodobacteraceae","Rhodobacter",NA,300,NA,"Wolfe v3: went back to modified wolfe + EDTA and switched CuSO4 to CUCl2"
"70587a5848f80e8639f9bb824c9236fa","Q",0,"Bacteria","Proteobacteria","Alphaproteobacteria","Rhodobacterales","Rhodobacteraceae","Rhodobacter",NA,300,NA,"Wolfe v3: went back to modified wolfe + EDTA and switched CuSO4 to CUCl2"
"48ca5b4f7cb58d4a146837de341a2604","Q",0,"Bacteria","Proteobacteria","Alphaproteobacteria","Rhodobacterales","Rhodobacteraceae","Rhodobacter",NA,300,NA,"Wolfe v3: went back to modified wolfe + EDTA and switched CuSO4 to CUCl2"
"1b928ac12dc87878c3c36113baa33d56","Q",0,"Bacteria","Proteobacteria","Alphaproteobacteria","Rhodobacterales","Rhodobacteraceae","Rhodobacter","midas_s_25",300,NA,"Wolfe v3: went back to modified wolfe + EDTA and switched CuSO4 to CUCl2"
"9918c6983a2d8a49a554941297f09e33","Q",0,"Bacteria","Proteobacteria","Alphaproteobacteria","Rhodobacterales","Rhodobacteraceae","Gemmobacter",NA,300,NA,"Wolfe v3: went back to modified wolfe + EDTA and switched CuSO4 to CUCl2"
"ad093ee4a3c24932837db32cf7007813","Q",0,"Bacteria","Proteobacteria","Alphaproteobacteria","Rhodobacterales","Rhodobacteraceae","Pseudorhodobacter",NA,300,NA,"Wolfe v3: went back to modified wolfe + EDTA and switched CuSO4 to CUCl2"
"518fef19dd285b8a7bfa02d31a2290a5","Q",0,"Bacteria","Proteobacteria","Alphaproteobacteria","Rhodobacterales","Rhodobacteraceae",NA,NA,300,NA,"Wolfe v3: went back to modified wolfe + EDTA and switched CuSO4 to CUCl2"
"6406af9ddc919e08f4d05e707fd141d4","Q",0,"Bacteria","Proteobacteria","Alphaproteobacteria","Rhodobacterales","Rhodobacteraceae","midas_g_155","midas_s_278",300,NA,"Wolfe v3: went back to modified wolfe + EDTA and switched CuSO4 to CUCl2"
"a038f6f43c43cea3001e6db131286ab7","Q",0,"Bacteria","Proteobacteria","Alphaproteobacteria","Rhodobacterales","Rhodobacteraceae","Haematobacter","midas_s_27225",300,NA,"Wolfe v3: went back to modified wolfe + EDTA and switched CuSO4 to CUCl2"
"d6ff6bbe079674401094c1a932da80ab","Q",0,"Bacteria","Proteobacteria","Alphaproteobacteria","Rhodobacterales","Rhodobacteraceae","Gemmobacter","midas_s_2976",300,NA,"Wolfe v3: went back to modified wolfe + EDTA and switched CuSO4 to CUCl2"
"8e6aad6b74b9b6601b06801e804b3ab3","Q",0,"Bacteria","Proteobacteria","Alphaproteobacteria","Rhodobacterales","Rhodobacteraceae",NA,NA,300,NA,"Wolfe v3: went back to modified wolfe + EDTA and switched CuSO4 to CUCl2"
"0ce454899698457894ff03330870f380","Q",0,"Bacteria","Proteobacteria","Alphaproteobacteria","Rhodobacterales","Rhodobacteraceae","midas_g_155","midas_s_38665",300,NA,"Wolfe v3: went back to modified wolfe + EDTA and switched CuSO4 to CUCl2"
"c2a63e5593cc5d91688af8f3abd60f16","Q",0,"Bacteria","Proteobacteria","Alphaproteobacteria","Rhodobacterales","Rhodobacteraceae","Defluviimonas",NA,300,NA,"Wolfe v3: went back to modified wolfe + EDTA and switched CuSO4 to CUCl2"
"b923bc5d99ffa071df805bfb578547c4","Q",0,"Bacteria","Proteobacteria","Alphaproteobacteria","Rhodobacterales","Rhodobacteraceae","Paracoccus",NA,300,NA,"Wolfe v3: went back to modified wolfe + EDTA and switched CuSO4 to CUCl2"
"316a647c6d79dda84bd598e67148ca47","Q",0,"Bacteria","Proteobacteria","Alphaproteobacteria","Rhodobacterales","Rhodobacteraceae","Defluviimonas",NA,300,NA,"Wolfe v3: went back to modified wolfe + EDTA and switched CuSO4 to CUCl2"
"87e2bfb52174f1764d735f93e86017d3","Q",0,"Bacteria","Proteobacteria","Alphaproteobacteria","Rhodobacterales","Rhodobacteraceae","Paracoccus","Paracoccus_solventivorans",300,NA,"Wolfe v3: went back to modified wolfe + EDTA and switched CuSO4 to CUCl2"
"523c0226972850204f98d8a064124867","Q",0,"Bacteria","Proteobacteria","Alphaproteobacteria","Rhodobacterales","Rhodobacteraceae","Paracoccus",NA,300,NA,"Wolfe v3: went back to modified wolfe + EDTA and switched CuSO4 to CUCl2"
"499282a32d639ab44b7dc14af1e71965","Q",0,"Bacteria","Proteobacteria","Alphaproteobacteria","Rhodobacterales","Rhodobacteraceae","Paracoccus","Paracoccus_solventivorans",300,NA,"Wolfe v3: went back to modified wolfe + EDTA and switched CuSO4 to CUCl2"
"076f9a4680cc7c0f8cee8a887ae40f4a","Q",0,"Bacteria","Proteobacteria","Alphaproteobacteria","Rhodobacterales","Rhodobacteraceae","Paracoccus",NA,300,NA,"Wolfe v3: went back to modified wolfe + EDTA and switched CuSO4 to CUCl2"
"ea356eadfcbbc83181a30eade6da43f4","Q",0,"Bacteria","Proteobacteria","Alphaproteobacteria","Rhodobacterales","Rhodobacteraceae","Paracoccus",NA,300,NA,"Wolfe v3: went back to modified wolfe + EDTA and switched CuSO4 to CUCl2"
"af1a97638ae7817e6dc243cfe90ba23b","Q",0,"Bacteria","Proteobacteria","Alphaproteobacteria","Rhodobacterales","Rhodobacteraceae","Paracoccus",NA,300,NA,"Wolfe v3: went back to modified wolfe + EDTA and switched CuSO4 to CUCl2"
"1a5546dc8d08ba22cbc75f508edd0828","Q",0,"Bacteria","Proteobacteria","Alphaproteobacteria","Rhodobacterales","Rhodobacteraceae","Paracoccus",NA,300,NA,"Wolfe v3: went back to modified wolfe + EDTA and switched CuSO4 to CUCl2"
"b53ee4129079a6b4885428c4e2a408f9","Q",0,"Bacteria","Proteobacteria","Alphaproteobacteria","Rhodobacterales","Rhodobacteraceae",NA,NA,300,NA,"Wolfe v3: went back to modified wolfe + EDTA and switched CuSO4 to CUCl2"
"a3cb77034e3171f38574be30d580d64e","Q",0,"Bacteria","Proteobacteria","Alphaproteobacteria","Rhodobacterales","Rhodobacteraceae","Defluviimonas",NA,300,NA,"Wolfe v3: went back to modified wolfe + EDTA and switched CuSO4 to CUCl2"
"197c1736a92b42d2671a7ea927a9d7d8","Q",0,"Bacteria","Proteobacteria","Alphaproteobacteria","Parvibaculales","Parvibaculaceae","Parvibaculum","Parvibaculum_lavamentivorans",300,NA,"Wolfe v3: went back to modified wolfe + EDTA and switched CuSO4 to CUCl2"
"626c469cde244cf9b780fe8a6e952018","Q",0,"Bacteria","Proteobacteria","Alphaproteobacteria","Parvibaculales","Parvibaculaceae","Parvibaculum","midas_s_27084",300,NA,"Wolfe v3: went back to modified wolfe + EDTA and switched CuSO4 to CUCl2"
"82243ab47000b0bb9500a7f65bf04630","Q",0,"Bacteria","Proteobacteria","Alphaproteobacteria","Parvibaculales","Parvibaculaceae","Parvibaculum","midas_s_27084",300,NA,"Wolfe v3: went back to modified wolfe + EDTA and switched CuSO4 to CUCl2"
"42ae4d6693b650ebbaac42e57113910e","Q",0,"Bacteria","Proteobacteria","Alphaproteobacteria","Parvibaculales","Parvibaculaceae","Parvibaculum",NA,300,NA,"Wolfe v3: went back to modified wolfe + EDTA and switched CuSO4 to CUCl2"
"a7c8ce74f4fdc4ec58c5c54c9b1fda2a","Q",0,"Bacteria","Proteobacteria","Alphaproteobacteria","Rhizobiales","A0839","midas_g_694","midas_s_14371",300,NA,"Wolfe v3: went back to modified wolfe + EDTA and switched CuSO4 to CUCl2"
"dc8f5ffb4f5fe578b41f078fe854247c","Q",0,"Bacteria","Proteobacteria","Alphaproteobacteria","Micropepsales","Micropepsaceae","midas_g_4351","midas_s_25613",300,NA,"Wolfe v3: went back to modified wolfe + EDTA and switched CuSO4 to CUCl2"
"14d87a227e9cbf80d583db1f6eaf48b4","Q",0,"Bacteria","Proteobacteria","Alphaproteobacteria",NA,NA,NA,NA,300,NA,"Wolfe v3: went back to modified wolfe + EDTA and switched CuSO4 to CUCl2"
"83ac555e466ac754139554eca9aec78b","Q",0,"Bacteria","Proteobacteria","Alphaproteobacteria","Holosporales","Holosporaceae",NA,NA,300,NA,"Wolfe v3: went back to modified wolfe + EDTA and switched CuSO4 to CUCl2"
"110f5c1e92f18f2cdc7af78a035555a7","Q",0,"Bacteria","Proteobacteria","Alphaproteobacteria","Holosporales","Holosporaceae",NA,NA,300,NA,"Wolfe v3: went back to modified wolfe + EDTA and switched CuSO4 to CUCl2"
"9e5f7d2247ac749d50a226417b3cd59b","Q",0,"Bacteria","Proteobacteria","Alphaproteobacteria","Holosporales","Holosporaceae","midas_g_37538","midas_s_59744",300,NA,"Wolfe v3: went back to modified wolfe + EDTA and switched CuSO4 to CUCl2"
"e8a98ce984ee0d66515ea055e525930b","Q",0,"Bacteria","Proteobacteria","Alphaproteobacteria","Rickettsiales","Rickettsiaceae","Ca_Megaira",NA,300,NA,"Wolfe v3: went back to modified wolfe + EDTA and switched CuSO4 to CUCl2"
"dc9abde9045aad6d17421519c6db9ca4","Q",0,"Bacteria","Proteobacteria","Alphaproteobacteria","Rhodospirillales","midas_f_2010","midas_g_3943","midas_s_34992",300,NA,"Wolfe v3: went back to modified wolfe + EDTA and switched CuSO4 to CUCl2"
"5e08663561b972be66344edb87da4e3d","Q",0,"Bacteria","Proteobacteria","Alphaproteobacteria","Azospirillales","midas_f_406","Stella","midas_s_406",300,NA,"Wolfe v3: went back to modified wolfe + EDTA and switched CuSO4 to CUCl2"
"87046e29904457e4619c87f36ff133f0","Q",0,"Bacteria","Proteobacteria","Alphaproteobacteria","Paracaedibacterales","Paracaedibacteraceae","Ca_Paracaedibacter","midas_s_31154",300,NA,"Wolfe v3: went back to modified wolfe + EDTA and switched CuSO4 to CUCl2"
"02304f5597c8b1982e18acf4d3756043","Q",0,"Bacteria","Proteobacteria","Alphaproteobacteria",NA,NA,NA,NA,300,NA,"Wolfe v3: went back to modified wolfe + EDTA and switched CuSO4 to CUCl2"
"e94618b44f9856c9a2151cab1800a460","Q",0,"Bacteria","Proteobacteria","Alphaproteobacteria",NA,NA,NA,NA,300,NA,"Wolfe v3: went back to modified wolfe + EDTA and switched CuSO4 to CUCl2"
"06894625cc4725640c9c1bba0d9aefc8","Q",0,"Bacteria","Proteobacteria","Alphaproteobacteria","Defluviicoccales","Defluviicoccaceae","Defluviicoccus","midas_s_3306",300,NA,"Wolfe v3: went back to modified wolfe + EDTA and switched CuSO4 to CUCl2"
"c1e12e70c3095cd1b1091f534242abd3","Q",0,"Bacteria","Proteobacteria","Alphaproteobacteria","Defluviicoccales","Defluviicoccaceae","Defluviicoccus","midas_s_2464",300,NA,"Wolfe v3: went back to modified wolfe + EDTA and switched CuSO4 to CUCl2"
"2fed8fd06ed0e104347eb07daed78c31","Q",0,"Bacteria","Proteobacteria","Alphaproteobacteria","Defluviicoccales","Defluviicoccaceae","Defluviicoccus","midas_s_2639",300,NA,"Wolfe v3: went back to modified wolfe + EDTA and switched CuSO4 to CUCl2"
"d2a551b8b71579fa1fd9e5d22100b8ee","Q",0,"Bacteria","Proteobacteria","Alphaproteobacteria","Defluviicoccales","Defluviicoccaceae","Defluviicoccus","midas_s_943",300,NA,"Wolfe v3: went back to modified wolfe + EDTA and switched CuSO4 to CUCl2"
"8eb15ec6f1ac1ddc6a0ded81065b9e3d","Q",0,"Bacteria","Proteobacteria","Alphaproteobacteria","Reyranellales","Reyranellaceae","midas_g_3529",NA,300,NA,"Wolfe v3: went back to modified wolfe + EDTA and switched CuSO4 to CUCl2"
"4494286141014de25140c094cc5626ec","Q",0,"Bacteria","Proteobacteria","Alphaproteobacteria","Acetobacterales","Acetobacteraceae",NA,NA,300,NA,"Wolfe v3: went back to modified wolfe + EDTA and switched CuSO4 to CUCl2"
"a8a9d607d1fd5c585c10030c8d307947","Q",0,"Bacteria","Proteobacteria","Alphaproteobacteria","Acetobacterales","Acetobacteraceae",NA,NA,300,NA,"Wolfe v3: went back to modified wolfe + EDTA and switched CuSO4 to CUCl2"
"961f6d44b23ea979c84941c71bf7da7c","Q",0,"Bacteria","Proteobacteria","Alphaproteobacteria","Acetobacterales","Acetobacteraceae","Rhodovastum","midas_s_116364",300,NA,"Wolfe v3: went back to modified wolfe + EDTA and switched CuSO4 to CUCl2"
"d0282de15fd06b64876273663703c3b5","Q",0,"Bacteria","Proteobacteria","Alphaproteobacteria","Acetobacterales","Acetobacteraceae","midas_g_6090",NA,300,NA,"Wolfe v3: went back to modified wolfe + EDTA and switched CuSO4 to CUCl2"
"d01bebdf4a5ff05dd53dc30d65556f60","Q",0,"Bacteria","Proteobacteria","Alphaproteobacteria","Acetobacterales","Acetobacteraceae","Roseomonas",NA,300,NA,"Wolfe v3: went back to modified wolfe + EDTA and switched CuSO4 to CUCl2"
"725fa7e245b8733a5fc9a4224886b669","Q",0,"Bacteria","Proteobacteria","Alphaproteobacteria","Acetobacterales","Acetobacteraceae","Roseomonas","Roseomonas_lacus",300,NA,"Wolfe v3: went back to modified wolfe + EDTA and switched CuSO4 to CUCl2"
"12d48d4e5b03a44eb1e1c7c2bb216348","Q",0,"Bacteria","Proteobacteria","Alphaproteobacteria","Acetobacterales","Acetobacteraceae","Roseomonas",NA,300,NA,"Wolfe v3: went back to modified wolfe + EDTA and switched CuSO4 to CUCl2"
"a0ecf69202e62fe969206ad4b1445b61","Q",0,"Bacteria","Proteobacteria","Alphaproteobacteria","Acetobacterales","Elioraeaceae","Elioraea","Elioraea_tepidiphila",300,NA,"Wolfe v3: went back to modified wolfe + EDTA and switched CuSO4 to CUCl2"
"f4dd561d786dd46b9cb84eab6594d632","Q",0,"Bacteria","Proteobacteria","Alphaproteobacteria","Acetobacterales","Acetobacteraceae","midas_g_17534","midas_s_17534",300,NA,"Wolfe v3: went back to modified wolfe + EDTA and switched CuSO4 to CUCl2"
"522ab1474c600e24c4f7e20404fa648c","Q",0,"Bacteria","Proteobacteria","Alphaproteobacteria","Tistrellales","Geminicoccaceae","Geminicoccus","midas_s_44814",300,NA,"Wolfe v3: went back to modified wolfe + EDTA and switched CuSO4 to CUCl2"
"772c51fc3d0fb2e1bcaeda2b528c17cc","Q",0,"Bacteria","Proteobacteria","Alphaproteobacteria","Tistrellales","Geminicoccaceae","Ca_Alysiosphaera","midas_s_6067",300,NA,"Wolfe v3: went back to modified wolfe + EDTA and switched CuSO4 to CUCl2"
"341ffe203147e821ef8fc61a221e53eb","Q",0,"Bacteria","Proteobacteria","Alphaproteobacteria","Tistrellales","Geminicoccaceae","Ca_Alysiosphaera",NA,300,NA,"Wolfe v3: went back to modified wolfe + EDTA and switched CuSO4 to CUCl2"
"fd29bda0b56df34282a38393c8fbcbca","Q",0,"Bacteria","Proteobacteria","Alphaproteobacteria",NA,NA,NA,NA,300,NA,"Wolfe v3: went back to modified wolfe + EDTA and switched CuSO4 to CUCl2"
"b87169030deed04dc4b504c53964ffbe","Q",0,"Bacteria","Proteobacteria","Alphaproteobacteria","Azospirillales","midas_f_406","Stella",NA,300,NA,"Wolfe v3: went back to modified wolfe + EDTA and switched CuSO4 to CUCl2"
"ec3fc3f61c2e9c1a7f32bc622801ac2c","Q",0,"Bacteria","Proteobacteria","Alphaproteobacteria",NA,NA,NA,NA,300,NA,"Wolfe v3: went back to modified wolfe + EDTA and switched CuSO4 to CUCl2"
"781af70eed8b17d285d44f49d836a48e","Q",0,"Bacteria","Proteobacteria","Alphaproteobacteria","Azospirillales","Inquilinaceae","Inquilinus","midas_s_53749",300,NA,"Wolfe v3: went back to modified wolfe + EDTA and switched CuSO4 to CUCl2"
"5a6b977c954ab18d6904d6b9d48b871f","Q",0,"Bacteria","Proteobacteria","Alphaproteobacteria","midas_o_406","midas_f_5670","midas_g_18476","midas_s_26960",300,NA,"Wolfe v3: went back to modified wolfe + EDTA and switched CuSO4 to CUCl2"
"065262b748557031f638872e76923c72","Q",0,"Bacteria","Proteobacteria","Alphaproteobacteria","Reyranellales","Reyranellaceae","Reyranella","Reyranella_massiliensis",300,NA,"Wolfe v3: went back to modified wolfe + EDTA and switched CuSO4 to CUCl2"
"848451a3853d056f1b0b123b39ebf894","Q",0,"Bacteria","Proteobacteria","Alphaproteobacteria","Reyranellales","Reyranellaceae","Reyranella","midas_s_5869",300,NA,"Wolfe v3: went back to modified wolfe + EDTA and switched CuSO4 to CUCl2"
"8933321e7dbdf47e55a1ec83a6517e09","Q",0,"Bacteria","Proteobacteria","Alphaproteobacteria","Reyranellales","Reyranellaceae","Reyranella","midas_s_4068",300,NA,"Wolfe v3: went back to modified wolfe + EDTA and switched CuSO4 to CUCl2"
"3b57ddd9849252e883213b71bb3c2f17","Q",0,"Bacteria","Proteobacteria","Alphaproteobacteria","Micavibrionales","midas_f_25039","midas_g_25039",NA,300,NA,"Wolfe v3: went back to modified wolfe + EDTA and switched CuSO4 to CUCl2"
"d4f7bcef485c713df58bef5a1ceac4b0","Q",0,"Bacteria","Proteobacteria","Alphaproteobacteria","Sphingomonadales","Sphingomonadaceae","Polymorphobacter","midas_s_2734",300,NA,"Wolfe v3: went back to modified wolfe + EDTA and switched CuSO4 to CUCl2"
"6b34b89a4a40e33a8f93fef4209c4a96","Q",0,"Bacteria","Proteobacteria","Alphaproteobacteria","Sphingomonadales","Sphingomonadaceae","Sandaracinobacter",NA,300,NA,"Wolfe v3: went back to modified wolfe + EDTA and switched CuSO4 to CUCl2"
"c8222ef3d31112ff4823bdb94a7eae2b","Q",0,"Bacteria","Proteobacteria","Alphaproteobacteria","Sphingomonadales","Sphingomonadaceae",NA,NA,300,NA,"Wolfe v3: went back to modified wolfe + EDTA and switched CuSO4 to CUCl2"
"7598baa4df34dca336e545f5477e2bdd","Q",0,"Bacteria","Proteobacteria","Alphaproteobacteria","Sphingomonadales","Sphingomonadaceae","Sphingomonas",NA,300,NA,"Wolfe v3: went back to modified wolfe + EDTA and switched CuSO4 to CUCl2"
"c97b49b5849b709da91fb5f6f48cd9eb","Q",0,"Bacteria","Proteobacteria","Alphaproteobacteria","Sphingomonadales","Sphingomonadaceae","Sphingosinicella","midas_s_12807",300,NA,"Wolfe v3: went back to modified wolfe + EDTA and switched CuSO4 to CUCl2"
"8a08f279c5533390e6b47c6969ed7d82","Q",0,"Bacteria","Proteobacteria","Alphaproteobacteria","Sphingomonadales","Sphingomonadaceae","Sphingobium","midas_s_44924",300,NA,"Wolfe v3: went back to modified wolfe + EDTA and switched CuSO4 to CUCl2"
"36a65735bd9508c5f7a66dc84dd3f8c6","Q",0,"Bacteria","Proteobacteria","Alphaproteobacteria","Sphingomonadales","Sphingomonadaceae",NA,NA,300,NA,"Wolfe v3: went back to modified wolfe + EDTA and switched CuSO4 to CUCl2"
"7b29e948451d2fdcce6d39ddc6c25520","Q",0,"Bacteria","Proteobacteria","Alphaproteobacteria","Sphingomonadales","Sphingomonadaceae","Sphingopyxis",NA,300,NA,"Wolfe v3: went back to modified wolfe + EDTA and switched CuSO4 to CUCl2"
"ed541c87d5df87ae71fac96b59bc34aa","Q",0,"Bacteria","Proteobacteria","Alphaproteobacteria","Sphingomonadales","Sphingomonadaceae","Sphingopyxis",NA,300,NA,"Wolfe v3: went back to modified wolfe + EDTA and switched CuSO4 to CUCl2"
"1eac8ec4812f4ed7bfd8387a38bdba1f","Q",0,"Bacteria","Proteobacteria","Alphaproteobacteria","Sphingomonadales","Sphingomonadaceae","Novosphingobium",NA,300,NA,"Wolfe v3: went back to modified wolfe + EDTA and switched CuSO4 to CUCl2"
"e4738ae451a15c8bfd5229711b6b5361","Q",0,"Bacteria","Proteobacteria","Alphaproteobacteria","Sphingomonadales","Sphingomonadaceae","Novosphingobium",NA,300,NA,"Wolfe v3: went back to modified wolfe + EDTA and switched CuSO4 to CUCl2"
"121322a4bdcd6f088390c57de15de7ae","Q",0,"Bacteria","Proteobacteria","Alphaproteobacteria","Sphingomonadales","Sphingomonadaceae","Novosphingobium",NA,300,NA,"Wolfe v3: went back to modified wolfe + EDTA and switched CuSO4 to CUCl2"
"a5a1519fb2b6c41d9cbc7937a35a9e32","Q",0,"Bacteria","Proteobacteria","Alphaproteobacteria","Sphingomonadales","Sphingomonadaceae","Novosphingobium",NA,300,NA,"Wolfe v3: went back to modified wolfe + EDTA and switched CuSO4 to CUCl2"
"75c43bd66f718ca75507ff5efd6e4ccb","Q",0,"Bacteria","Proteobacteria","Alphaproteobacteria","Sphingomonadales","Sphingomonadaceae","Novosphingobium",NA,300,NA,"Wolfe v3: went back to modified wolfe + EDTA and switched CuSO4 to CUCl2"
"1eb531d7f3ea89a9ead56eda443560cd","Q",0,"Bacteria","Proteobacteria","Alphaproteobacteria","Sphingomonadales","Sphingomonadaceae","Sphingopyxis",NA,300,NA,"Wolfe v3: went back to modified wolfe + EDTA and switched CuSO4 to CUCl2"
"e8b184a091b069447aaa71429105e326","Q",0,"Bacteria","Proteobacteria","Alphaproteobacteria","Sphingomonadales","Sphingomonadaceae","Sphingopyxis","Sphingopyxis_granuli",300,NA,"Wolfe v3: went back to modified wolfe + EDTA and switched CuSO4 to CUCl2"
"73bb9b389101bfbeafe2f0663fd53b50","Q",0,"Bacteria","Proteobacteria","Alphaproteobacteria","Sphingomonadales","Sphingomonadaceae","Sphingopyxis","midas_s_73513",300,NA,"Wolfe v3: went back to modified wolfe + EDTA and switched CuSO4 to CUCl2"
"4ef65f8d7f7fe58651a459fc49390ba8","Q",0,"Bacteria","Proteobacteria","Alphaproteobacteria","Sphingomonadales","Sphingomonadaceae","Sphingobium","midas_s_31262",300,NA,"Wolfe v3: went back to modified wolfe + EDTA and switched CuSO4 to CUCl2"
"317bf3e8560b9ad24f7cb75c8fe0cd3e","Q",0,"Bacteria","Proteobacteria","Alphaproteobacteria","Sphingomonadales","Sphingomonadaceae","Sphingomonas",NA,300,NA,"Wolfe v3: went back to modified wolfe + EDTA and switched CuSO4 to CUCl2"
"2b62bf55e8226888eabfb4f4da82a02f","Q",0,"Bacteria","Proteobacteria","Gammaproteobacteria","Methylococcales","Methylomonadaceae","Methylobacter","midas_s_109126",300,NA,"Wolfe v3: went back to modified wolfe + EDTA and switched CuSO4 to CUCl2"
"535887d75db6f21831a65b42a9d5752f","Q",0,"Bacteria","Proteobacteria","Gammaproteobacteria","Run-SP154","midas_f_27","midas_g_70","midas_s_219",300,NA,"Wolfe v3: went back to modified wolfe + EDTA and switched CuSO4 to CUCl2"
"102a50cfda4d5e455c29fbee9573d838","Q",0,"Bacteria","Proteobacteria","Gammaproteobacteria","Run-SP154","midas_f_27","midas_g_70","midas_s_70",300,NA,"Wolfe v3: went back to modified wolfe + EDTA and switched CuSO4 to CUCl2"
"331b2c7da556a639972cc9b2d8a31aa8","Q",0,"Bacteria","Proteobacteria","Gammaproteobacteria","Arenicellales","Arenicellaceae","midas_g_1716","midas_s_1716",300,NA,"Wolfe v3: went back to modified wolfe + EDTA and switched CuSO4 to CUCl2"
"a5ad9574a1f8aea06b6dfaff6eddfff7","Q",0,"Bacteria","Proteobacteria","Gammaproteobacteria","Pseudomonadales","Halomonadaceae","Halomonas","midas_s_110869",300,NA,"Wolfe v3: went back to modified wolfe + EDTA and switched CuSO4 to CUCl2"
"dcf22aafce62a2d9046206ed47c5479e","Q",0,"Bacteria","Proteobacteria","Gammaproteobacteria","Pseudomonadales","Moraxellaceae","midas_g_7298","midas_s_27573",300,NA,"Wolfe v3: went back to modified wolfe + EDTA and switched CuSO4 to CUCl2"
"92392a51132c9a52e6656c5819c880c1","Q",0,"Bacteria","Proteobacteria","Gammaproteobacteria","Pseudomonadales","Spongiibacteraceae","BD1-7_clade","midas_s_263",300,NA,"Wolfe v3: went back to modified wolfe + EDTA and switched CuSO4 to CUCl2"
"e8c1e783e60161fe039cc419a3717b1f","Q",0,"Bacteria","Proteobacteria","Gammaproteobacteria","Enterobacterales","Alteromonadaceae","Rheinheimera",NA,300,NA,"Wolfe v3: went back to modified wolfe + EDTA and switched CuSO4 to CUCl2"
"91bb0084d37461aa2ed60cba5a003fc4","Q",0,"Bacteria","Proteobacteria","Gammaproteobacteria","Enterobacterales","Enterobacteriaceae",NA,NA,300,NA,"Wolfe v3: went back to modified wolfe + EDTA and switched CuSO4 to CUCl2"
"87671eb172dd57036886a3c5e0c4da8d","Q",0,"Bacteria","Proteobacteria","Gammaproteobacteria","Enterobacterales","Enterobacteriaceae",NA,NA,300,NA,"Wolfe v3: went back to modified wolfe + EDTA and switched CuSO4 to CUCl2"
"fb282bece926443e2ce880ef4c696c6e","Q",0,"Bacteria","Proteobacteria","Gammaproteobacteria","Enterobacterales","Enterobacteriaceae",NA,NA,300,NA,"Wolfe v3: went back to modified wolfe + EDTA and switched CuSO4 to CUCl2"
"e8279b17fcbd61e4b105b0a3d872b567","Q",0,"Bacteria","Proteobacteria","Gammaproteobacteria","Enterobacterales","Enterobacteriaceae",NA,NA,300,NA,"Wolfe v3: went back to modified wolfe + EDTA and switched CuSO4 to CUCl2"
"047ab7f37ccc35c6144cc1896bc32a69","Q",0,"Bacteria","Proteobacteria","Gammaproteobacteria","Enterobacterales","Enterobacteriaceae",NA,NA,300,NA,"Wolfe v3: went back to modified wolfe + EDTA and switched CuSO4 to CUCl2"
"731b491457472e36422564468f57fa8c","Q",0,"Bacteria","Proteobacteria","Gammaproteobacteria","Enterobacterales","Enterobacteriaceae","Klebsiella","midas_s_44426",300,NA,"Wolfe v3: went back to modified wolfe + EDTA and switched CuSO4 to CUCl2"
"fce23542da16aacb812dcdafbecf051c","Q",0,"Bacteria","Proteobacteria","Gammaproteobacteria","Enterobacterales","Enterobacteriaceae","Citrobacter",NA,300,NA,"Wolfe v3: went back to modified wolfe + EDTA and switched CuSO4 to CUCl2"
"197e3a5e450911182da7403a01b477d5","Q",0,"Bacteria","Proteobacteria","Gammaproteobacteria","Enterobacterales","Enterobacteriaceae",NA,NA,300,NA,"Wolfe v3: went back to modified wolfe + EDTA and switched CuSO4 to CUCl2"
"ff6f97ce50ea01298f8e58b53b97d489","Q",0,"Bacteria","Proteobacteria","Gammaproteobacteria","Pseudomonadales","Moraxellaceae","Acinetobacter",NA,300,NA,"Wolfe v3: went back to modified wolfe + EDTA and switched CuSO4 to CUCl2"
"efbade8cc54695abfc5c07f21eecb6e7","Q",0,"Bacteria","Proteobacteria","Gammaproteobacteria","Pseudomonadales","Moraxellaceae","Acinetobacter",NA,300,NA,"Wolfe v3: went back to modified wolfe + EDTA and switched CuSO4 to CUCl2"
"f3ad21d8c8b2444a5dcf953349c6b70c","Q",0,"Bacteria","Proteobacteria","Gammaproteobacteria","Pseudomonadales","Moraxellaceae","Acinetobacter",NA,300,NA,"Wolfe v3: went back to modified wolfe + EDTA and switched CuSO4 to CUCl2"
"201b998d07e1a35d39e59a0c3447f1e4","Q",0,"Bacteria","Proteobacteria","Gammaproteobacteria","Pseudomonadales","Moraxellaceae","Acinetobacter",NA,300,NA,"Wolfe v3: went back to modified wolfe + EDTA and switched CuSO4 to CUCl2"
"487184f5513359baac0176c9a150e1ea","Q",0,"Bacteria","Proteobacteria","Gammaproteobacteria","Pseudomonadales","Moraxellaceae","Acinetobacter",NA,300,NA,"Wolfe v3: went back to modified wolfe + EDTA and switched CuSO4 to CUCl2"
"e598afcbd515415253ea79ca19ae57d7","Q",0,"Bacteria","Proteobacteria","Gammaproteobacteria","Pseudomonadales","Moraxellaceae","Acinetobacter",NA,300,NA,"Wolfe v3: went back to modified wolfe + EDTA and switched CuSO4 to CUCl2"
"a4d4e17dbb14f15384261ddd56409439","Q",0,"Bacteria","Proteobacteria","Gammaproteobacteria","Burkholderiales","Rhodocyclaceae",NA,NA,300,NA,"Wolfe v3: went back to modified wolfe + EDTA and switched CuSO4 to CUCl2"
"7a40f4cd070ab0fbebfa8749c02f9a24","Q",0,"Bacteria","Proteobacteria","Gammaproteobacteria","Burkholderiales","SC-I-84","midas_g_1341",NA,300,NA,"Wolfe v3: went back to modified wolfe + EDTA and switched CuSO4 to CUCl2"
"fbc7e405b4d16da23a87995ad9f0c945","Q",0,"Bacteria","Proteobacteria","Gammaproteobacteria","Burkholderiales","Rhodocyclaceae",NA,NA,300,NA,"Wolfe v3: went back to modified wolfe + EDTA and switched CuSO4 to CUCl2"
"b5bf6ec98f96b1d92a5739d745b87ec8","Q",0,"Bacteria","Proteobacteria","Gammaproteobacteria","Burkholderiales","Rhodocyclaceae",NA,NA,300,NA,"Wolfe v3: went back to modified wolfe + EDTA and switched CuSO4 to CUCl2"
"e6141036b0768b50c8079ce8ba7222f9","Q",0,"Bacteria","Proteobacteria","Gammaproteobacteria","Burkholderiales","Rhodocyclaceae","Dechlorobacter","midas_s_25444",300,NA,"Wolfe v3: went back to modified wolfe + EDTA and switched CuSO4 to CUCl2"
"1b2f4342857d36d36a40ca1bdeb10c3c","Q",0,"Bacteria","Proteobacteria","Gammaproteobacteria","Burkholderiales","Rhodocyclaceae","midas_g_4927","midas_s_4927",300,NA,"Wolfe v3: went back to modified wolfe + EDTA and switched CuSO4 to CUCl2"
"89c962e2643e3c9af6fa5614a3e57003","Q",0,"Bacteria","Proteobacteria","Gammaproteobacteria","Burkholderiales","Rhodocyclaceae","Azonexus",NA,300,NA,"Wolfe v3: went back to modified wolfe + EDTA and switched CuSO4 to CUCl2"
"22b437d42a93adf1a1f4912a2f2bc487","Q",0,"Bacteria","Proteobacteria","Gammaproteobacteria","Burkholderiales","Comamonadaceae",NA,NA,300,NA,"Wolfe v3: went back to modified wolfe + EDTA and switched CuSO4 to CUCl2"
"f1aa0ea145fc7098b3403eb2badbe65b","Q",0,"Bacteria","Proteobacteria","Gammaproteobacteria","Burkholderiales","Comamonadaceae",NA,NA,300,NA,"Wolfe v3: went back to modified wolfe + EDTA and switched CuSO4 to CUCl2"
"25668c0238f943ae425391ec3054a4d0","Q",0,"Bacteria","Proteobacteria","Gammaproteobacteria","Burkholderiales","Comamonadaceae",NA,NA,300,NA,"Wolfe v3: went back to modified wolfe + EDTA and switched CuSO4 to CUCl2"
"a017db3bfdae612d959f9edcc112104c","Q",0,"Bacteria","Proteobacteria","Gammaproteobacteria","Burkholderiales","Comamonadaceae","Acidovorax",NA,300,NA,"Wolfe v3: went back to modified wolfe + EDTA and switched CuSO4 to CUCl2"
"935d8a963dc7baf559b479ba9f5a82b3","Q",0,"Bacteria","Proteobacteria","Gammaproteobacteria","Burkholderiales","Comamonadaceae","Comamonas",NA,300,NA,"Wolfe v3: went back to modified wolfe + EDTA and switched CuSO4 to CUCl2"
"8602056eba9f104692f2ddf8938871c5","Q",0,"Bacteria","Proteobacteria","Gammaproteobacteria","Burkholderiales","Comamonadaceae","Aquincola","midas_s_6829",300,NA,"Wolfe v3: went back to modified wolfe + EDTA and switched CuSO4 to CUCl2"
"ddb21bd22519316c9c3bf922a9a8e816","Q",0,"Bacteria","Proteobacteria","Gammaproteobacteria","Burkholderiales","Comamonadaceae","Brachymonas","Brachymonas_denitrificans",300,NA,"Wolfe v3: went back to modified wolfe + EDTA and switched CuSO4 to CUCl2"
"0789f0701b19d9a2a240b29e42e64d0d","Q",0,"Bacteria","Proteobacteria","Gammaproteobacteria","Burkholderiales","Comamonadaceae",NA,NA,300,NA,"Wolfe v3: went back to modified wolfe + EDTA and switched CuSO4 to CUCl2"
"a7d0101041a4ff2c176cc0616423387a","Q",0,"Bacteria","Proteobacteria","Gammaproteobacteria","Burkholderiales","Comamonadaceae",NA,NA,300,NA,"Wolfe v3: went back to modified wolfe + EDTA and switched CuSO4 to CUCl2"
"d0d582d9d9b71467f236f9bace54eea5","Q",0,"Bacteria","Proteobacteria","Gammaproteobacteria","Burkholderiales","Comamonadaceae",NA,NA,300,NA,"Wolfe v3: went back to modified wolfe + EDTA and switched CuSO4 to CUCl2"
"01a7c19fe64d4300e6e5a8a7280a10bb","Q",0,"Bacteria","Proteobacteria","Gammaproteobacteria","Burkholderiales","Comamonadaceae",NA,NA,300,NA,"Wolfe v3: went back to modified wolfe + EDTA and switched CuSO4 to CUCl2"
"fc71dd6489bc96ddac257967a984ed99","Q",0,"Bacteria","Proteobacteria","Gammaproteobacteria","Burkholderiales","Comamonadaceae","Hydrogenophaga",NA,300,NA,"Wolfe v3: went back to modified wolfe + EDTA and switched CuSO4 to CUCl2"
"357ad9f4f9251dd5f1a70dec188b23a3","Q",0,"Bacteria","Proteobacteria","Gammaproteobacteria","Burkholderiales","Comamonadaceae","Hydrogenophaga",NA,300,NA,"Wolfe v3: went back to modified wolfe + EDTA and switched CuSO4 to CUCl2"
"213ec0ef843de45b3db9302876229bed","Q",0,"Bacteria","Proteobacteria","Gammaproteobacteria","Burkholderiales","Comamonadaceae","Hydrogenophaga",NA,300,NA,"Wolfe v3: went back to modified wolfe + EDTA and switched CuSO4 to CUCl2"
"b5a22689fdda6393715cd10a326927d3","Q",0,"Bacteria","Proteobacteria","Gammaproteobacteria","Burkholderiales","Comamonadaceae","Hydrogenophaga",NA,300,NA,"Wolfe v3: went back to modified wolfe + EDTA and switched CuSO4 to CUCl2"
"534aa0050da6044b57409f3606d33c40","Q",0,"Bacteria","Proteobacteria","Gammaproteobacteria","Burkholderiales","Comamonadaceae","Hydrogenophaga",NA,300,NA,"Wolfe v3: went back to modified wolfe + EDTA and switched CuSO4 to CUCl2"
"d9975f13b5075673dd9bb396688bd678","Q",0,"Bacteria","Proteobacteria","Gammaproteobacteria","Burkholderiales","Comamonadaceae",NA,NA,300,NA,"Wolfe v3: went back to modified wolfe + EDTA and switched CuSO4 to CUCl2"
"f42aeaf1c13130f1fdfc8bafa43ded29","Q",0,"Bacteria","Proteobacteria","Gammaproteobacteria","Burkholderiales","Comamonadaceae",NA,NA,300,NA,"Wolfe v3: went back to modified wolfe + EDTA and switched CuSO4 to CUCl2"
"00f898781984ce51010f520e28aca483","Q",0,"Bacteria","Proteobacteria","Gammaproteobacteria","Burkholderiales","Comamonadaceae",NA,NA,300,NA,"Wolfe v3: went back to modified wolfe + EDTA and switched CuSO4 to CUCl2"
"cf80116cb789ecdda4cb662ab3fd1b4c","Q",0,"Bacteria","Proteobacteria","Gammaproteobacteria","Burkholderiales","Comamonadaceae","Ottowia","midas_s_2753",300,NA,"Wolfe v3: went back to modified wolfe + EDTA and switched CuSO4 to CUCl2"
"53d778933f79cf1ec135398e25b5e962","Q",0,"Bacteria","Proteobacteria","Gammaproteobacteria","Burkholderiales","Comamonadaceae","Diaphorobacter",NA,300,NA,"Wolfe v3: went back to modified wolfe + EDTA and switched CuSO4 to CUCl2"
"3ede9a0384a29cd63d3cebf0f09b96c1","Q",0,"Bacteria","Proteobacteria","Gammaproteobacteria","Burkholderiales","Comamonadaceae",NA,NA,300,NA,"Wolfe v3: went back to modified wolfe + EDTA and switched CuSO4 to CUCl2"
"ecb869631711bf81e94c27a768dfdd0b","Q",0,"Bacteria","Proteobacteria","Gammaproteobacteria","Burkholderiales","Comamonadaceae","Ottowia",NA,300,NA,"Wolfe v3: went back to modified wolfe + EDTA and switched CuSO4 to CUCl2"
"a0cda4ca07d855686d23956f06d0d76e","Q",0,"Bacteria","Proteobacteria","Gammaproteobacteria","Burkholderiales","Comamonadaceae","Simplicispira",NA,300,NA,"Wolfe v3: went back to modified wolfe + EDTA and switched CuSO4 to CUCl2"
"a74a7a8b9015b0732f8101e2f67c8f32","Q",0,"Bacteria","Proteobacteria","Gammaproteobacteria","Burkholderiales","Comamonadaceae",NA,NA,300,NA,"Wolfe v3: went back to modified wolfe + EDTA and switched CuSO4 to CUCl2"
"3d89b82f7dc8f2f24e7c65124529a879","Q",0,"Bacteria","Proteobacteria","Gammaproteobacteria","Burkholderiales","Comamonadaceae",NA,NA,300,NA,"Wolfe v3: went back to modified wolfe + EDTA and switched CuSO4 to CUCl2"
"fcfaeb95003823a7ffde76ba3c4c790b","Q",0,"Bacteria","Proteobacteria","Gammaproteobacteria","Burkholderiales","Comamonadaceae",NA,NA,300,NA,"Wolfe v3: went back to modified wolfe + EDTA and switched CuSO4 to CUCl2"
"fe2c23e02d96027ea381e1da7283d3ff","Q",0,"Bacteria","Proteobacteria","Gammaproteobacteria","Burkholderiales","Comamonadaceae","Ottowia",NA,300,NA,"Wolfe v3: went back to modified wolfe + EDTA and switched CuSO4 to CUCl2"
"1b350d18d59a97b3af2257944c908b17","Q",0,"Bacteria","Proteobacteria","Gammaproteobacteria","Burkholderiales","Comamonadaceae","Hydrogenophaga",NA,300,NA,"Wolfe v3: went back to modified wolfe + EDTA and switched CuSO4 to CUCl2"
"261f84006c5eb28858f3f27bbaadc045","Q",0,"Bacteria","Proteobacteria","Gammaproteobacteria","Burkholderiales","Comamonadaceae","Hydrogenophaga",NA,300,NA,"Wolfe v3: went back to modified wolfe + EDTA and switched CuSO4 to CUCl2"
"9feda0d620fa50b57ce3f848e1b48975","Q",0,"Bacteria","Proteobacteria","Gammaproteobacteria","Burkholderiales","Comamonadaceae",NA,NA,300,NA,"Wolfe v3: went back to modified wolfe + EDTA and switched CuSO4 to CUCl2"
"bb50ac888e677e82816ea70b2ab33eca","Q",0,"Bacteria","Proteobacteria","Gammaproteobacteria","Burkholderiales","Comamonadaceae",NA,NA,300,NA,"Wolfe v3: went back to modified wolfe + EDTA and switched CuSO4 to CUCl2"
"618e77ab00abd20cfb2694d45fe07df1","Q",0,"Bacteria","Proteobacteria","Gammaproteobacteria","Burkholderiales","Comamonadaceae","Comamonas",NA,300,NA,"Wolfe v3: went back to modified wolfe + EDTA and switched CuSO4 to CUCl2"
"cfd8b4faf14870a6bdb89a001e770060","Q",0,"Bacteria","Proteobacteria","Gammaproteobacteria","Burkholderiales","Comamonadaceae","Comamonas",NA,300,NA,"Wolfe v3: went back to modified wolfe + EDTA and switched CuSO4 to CUCl2"
"482bb3761a6b11b4cfb4e1b618231157","Q",0,"Bacteria","Proteobacteria","Gammaproteobacteria","Burkholderiales","Comamonadaceae","Comamonas",NA,300,NA,"Wolfe v3: went back to modified wolfe + EDTA and switched CuSO4 to CUCl2"
"4c6fec9eef4f5c3e8e6b7fee60a68994","Q",0,"Bacteria","Proteobacteria","Gammaproteobacteria","Burkholderiales","Comamonadaceae","Comamonas",NA,300,NA,"Wolfe v3: went back to modified wolfe + EDTA and switched CuSO4 to CUCl2"
"eba65aa3cea3e6218e3a8635f94b2356","Q",0,"Bacteria","Proteobacteria","Gammaproteobacteria","Burkholderiales","Rhodocyclaceae","Thauera",NA,300,NA,"Wolfe v3: went back to modified wolfe + EDTA and switched CuSO4 to CUCl2"
"315154928c5be44de373e19d66bd739a","Q",0,"Bacteria","Proteobacteria","Gammaproteobacteria","Burkholderiales","Rhodocyclaceae",NA,NA,300,NA,"Wolfe v3: went back to modified wolfe + EDTA and switched CuSO4 to CUCl2"
"baa4a4f4c8d40a784e35ff0313bf0ccb","Q",0,"Bacteria","Proteobacteria","Gammaproteobacteria","Burkholderiales","Rhodocyclaceae","Azoarcus","midas_s_70352",300,NA,"Wolfe v3: went back to modified wolfe + EDTA and switched CuSO4 to CUCl2"
"cd05a4b1cda569ae366c6980823f4c72","Q",0,"Bacteria","Proteobacteria","Gammaproteobacteria","Burkholderiales","Rhodocyclaceae","Azoarcus",NA,300,NA,"Wolfe v3: went back to modified wolfe + EDTA and switched CuSO4 to CUCl2"
"d93e8e8eb65bc1de981f3ef962af0956","Q",0,"Bacteria","Proteobacteria","Gammaproteobacteria","Burkholderiales","Rhodocyclaceae","Azoarcus","midas_s_70352",300,NA,"Wolfe v3: went back to modified wolfe + EDTA and switched CuSO4 to CUCl2"
"d8f2eba07489316f7c8a27d0e18fed13","Q",0,"Bacteria","Proteobacteria","Gammaproteobacteria","Burkholderiales","Rhodocyclaceae","Azoarcus","midas_s_70352",300,NA,"Wolfe v3: went back to modified wolfe + EDTA and switched CuSO4 to CUCl2"
"86399b4152e937777cee90ee980e53c7","Q",0,"Bacteria","Proteobacteria","Gammaproteobacteria","Burkholderiales","Rhodocyclaceae","Thauera",NA,300,NA,"Wolfe v3: went back to modified wolfe + EDTA and switched CuSO4 to CUCl2"
"a6efdb52a04e05a2a1be52f5516784fa","Q",0,"Bacteria","Proteobacteria","Gammaproteobacteria","Burkholderiales","Rhodocyclaceae","Thauera",NA,300,NA,"Wolfe v3: went back to modified wolfe + EDTA and switched CuSO4 to CUCl2"
"58bcdde420158eabe69c67e4c9eb9245","Q",0,"Bacteria","Proteobacteria","Gammaproteobacteria","Burkholderiales","Rhodocyclaceae","Thauera",NA,300,NA,"Wolfe v3: went back to modified wolfe + EDTA and switched CuSO4 to CUCl2"
"a6a4ec1b84af5b137949eecef0fa36f4","Q",0,"Bacteria","Proteobacteria","Gammaproteobacteria","Burkholderiales","Rhodocyclaceae",NA,NA,300,NA,"Wolfe v3: went back to modified wolfe + EDTA and switched CuSO4 to CUCl2"
"08ea1c9b9d368cd6d9bfeb8857e90315","Q",0,"Bacteria","Proteobacteria","Gammaproteobacteria","Burkholderiales","Rhodocyclaceae",NA,NA,300,NA,"Wolfe v3: went back to modified wolfe + EDTA and switched CuSO4 to CUCl2"
"1da23dee00520d2c9e0e21bac4a70bca","Q",0,"Bacteria","Proteobacteria","Gammaproteobacteria","Burkholderiales","Rhodocyclaceae","Denitromonas",NA,300,NA,"Wolfe v3: went back to modified wolfe + EDTA and switched CuSO4 to CUCl2"
"6aa82af5289e004d50046c31ef22b2ae","Q",0,"Bacteria","Proteobacteria","Gammaproteobacteria","Burkholderiales","Rhodocyclaceae","Denitromonas",NA,300,NA,"Wolfe v3: went back to modified wolfe + EDTA and switched CuSO4 to CUCl2"
"a5e4214d6e45488b57daf5cc70b89f40","Q",0,"Bacteria","Proteobacteria","Gammaproteobacteria","Burkholderiales","Rhodocyclaceae","Azoarcus","Azoarcus_communis",300,NA,"Wolfe v3: went back to modified wolfe + EDTA and switched CuSO4 to CUCl2"
"6552ab56103eaf5a3eb1e9b2f45e8ee7","Q",0,"Bacteria","Proteobacteria","Gammaproteobacteria","Burkholderiales","Rhodocyclaceae","Zoogloea",NA,300,NA,"Wolfe v3: went back to modified wolfe + EDTA and switched CuSO4 to CUCl2"
"2b9113180a7e1a8f4e25512f0191ff42","Q",0,"Bacteria","Proteobacteria","Gammaproteobacteria","Burkholderiales","Sutterellaceae","AAP99","midas_s_564",300,NA,"Wolfe v3: went back to modified wolfe + EDTA and switched CuSO4 to CUCl2"
"c8b7afd58453fa7f61cb3486e65de8f0","Q",0,"Bacteria","Proteobacteria","Gammaproteobacteria","Burkholderiales","Hydrogenophilaceae","midas_g_3907","midas_s_18273",300,NA,"Wolfe v3: went back to modified wolfe + EDTA and switched CuSO4 to CUCl2"
"48ba7ddef24819311ff90ffc578df02e","Q",0,"Bacteria","Proteobacteria","Gammaproteobacteria","Burkholderiales","Hydrogenophilaceae","Thiobacillus","Thiobacillus_thiophilus",300,NA,"Wolfe v3: went back to modified wolfe + EDTA and switched CuSO4 to CUCl2"
"3b04ef795d02d4d5ddc42f2c2598e1d7","Q",0,"Bacteria","Proteobacteria","Gammaproteobacteria","Burkholderiales","Hydrogenophilaceae","Thiobacillus","Thiobacillus_thiophilus",300,NA,"Wolfe v3: went back to modified wolfe + EDTA and switched CuSO4 to CUCl2"
"d760d5214a39254043ef78c083b92a9e","Q",0,"Bacteria","Proteobacteria","Gammaproteobacteria","Burkholderiales","T34","midas_g_1465",NA,300,NA,"Wolfe v3: went back to modified wolfe + EDTA and switched CuSO4 to CUCl2"
"6e01e4385cee37baa2cba8e4af01c030","Q",0,"Bacteria","Proteobacteria","Gammaproteobacteria","Burkholderiales","Burkholderiaceae","Lautropia","midas_s_135",300,NA,"Wolfe v3: went back to modified wolfe + EDTA and switched CuSO4 to CUCl2"
"cd991e2f230049eb76c8e3b3fcece79f","Q",0,"Bacteria","Proteobacteria","Gammaproteobacteria","Burkholderiales","Burkholderiaceae","Limnobacter","midas_s_1300",300,NA,"Wolfe v3: went back to modified wolfe + EDTA and switched CuSO4 to CUCl2"
"e808c9a57b23d000151dd0526336e8de","Q",0,"Bacteria","Proteobacteria","Gammaproteobacteria","Burkholderiales","Burkholderiaceae","Limnobacter",NA,300,NA,"Wolfe v3: went back to modified wolfe + EDTA and switched CuSO4 to CUCl2"
"84dfcd7f87afea16bd5fe5b6d98babb9","Q",0,"Bacteria","Proteobacteria","Gammaproteobacteria","Burkholderiales","Burkholderiaceae","Limnobacter",NA,300,NA,"Wolfe v3: went back to modified wolfe + EDTA and switched CuSO4 to CUCl2"
"e12d0786351086c693d56af70d0e9234","Q",0,"Bacteria","Proteobacteria","Gammaproteobacteria","Burkholderiales","Burkholderiaceae","Limnobacter","midas_s_9398",300,NA,"Wolfe v3: went back to modified wolfe + EDTA and switched CuSO4 to CUCl2"
"78571689def5620061b622ab87a928ff","Q",0,"Bacteria","Proteobacteria","Gammaproteobacteria","Burkholderiales","Burkholderiaceae","Lautropia","midas_s_750",300,NA,"Wolfe v3: went back to modified wolfe + EDTA and switched CuSO4 to CUCl2"
"aca560400c046d00c063af6e4596f8d5","Q",0,"Bacteria","Proteobacteria","Gammaproteobacteria","Burkholderiales","Burkholderiaceae","Lautropia",NA,300,NA,"Wolfe v3: went back to modified wolfe + EDTA and switched CuSO4 to CUCl2"
"d7df91c0a9354c5b73ddf9b28799ae43","Q",0,"Bacteria","Proteobacteria","Gammaproteobacteria","Burkholderiales","Burkholderiaceae","Ralstonia",NA,300,NA,"Wolfe v3: went back to modified wolfe + EDTA and switched CuSO4 to CUCl2"
"0cfcb3be22238be1393c01bbede5d1d9","Q",0,"Bacteria","Proteobacteria","Gammaproteobacteria","Burkholderiales",NA,NA,NA,300,NA,"Wolfe v3: went back to modified wolfe + EDTA and switched CuSO4 to CUCl2"
"4bc93160ffc2b1df098c42d0b0ad5ebc","Q",0,"Bacteria","Proteobacteria","Gammaproteobacteria","Burkholderiales",NA,NA,NA,300,NA,"Wolfe v3: went back to modified wolfe + EDTA and switched CuSO4 to CUCl2"
"9e188c20ff4d59650dfc2cb435a88512","Q",0,"Bacteria","Proteobacteria","Gammaproteobacteria","Burkholderiales",NA,NA,NA,300,NA,"Wolfe v3: went back to modified wolfe + EDTA and switched CuSO4 to CUCl2"
"506750e38fe1cebfe10a707f61a69479","Q",0,"Bacteria","Proteobacteria","Gammaproteobacteria","Burkholderiales",NA,NA,NA,300,NA,"Wolfe v3: went back to modified wolfe + EDTA and switched CuSO4 to CUCl2"
"8ee507ca96b61df7bb427baf2080073c","Q",0,"Bacteria","Proteobacteria","Gammaproteobacteria","Burkholderiales",NA,NA,NA,300,NA,"Wolfe v3: went back to modified wolfe + EDTA and switched CuSO4 to CUCl2"
"6ff49eba1a73bddf6f1013fcc786e610","Q",0,"Bacteria","Proteobacteria","Gammaproteobacteria","Burkholderiales",NA,NA,NA,300,NA,"Wolfe v3: went back to modified wolfe + EDTA and switched CuSO4 to CUCl2"
"14714ae799409c7a3851511d8e0e2b63","Q",0,"Bacteria","Proteobacteria","Gammaproteobacteria","Burkholderiales",NA,NA,NA,300,NA,"Wolfe v3: went back to modified wolfe + EDTA and switched CuSO4 to CUCl2"
"80696a8e4c14013684c162880b99abc9","Q",0,"Bacteria","Proteobacteria","Gammaproteobacteria","Burkholderiales",NA,NA,NA,300,NA,"Wolfe v3: went back to modified wolfe + EDTA and switched CuSO4 to CUCl2"
"5dfc291183ca333ed56e93c1c38c393c","Q",0,"Bacteria","Proteobacteria","Gammaproteobacteria","Burkholderiales",NA,NA,NA,300,NA,"Wolfe v3: went back to modified wolfe + EDTA and switched CuSO4 to CUCl2"
"5aed6ebc9b353e618d72d5595e755164","Q",0,"Bacteria","Proteobacteria","Gammaproteobacteria","Burkholderiales",NA,NA,NA,300,NA,"Wolfe v3: went back to modified wolfe + EDTA and switched CuSO4 to CUCl2"
"fd0ef899d0206dcd4a78995587f93375","Q",0,"Bacteria","Proteobacteria","Gammaproteobacteria","Burkholderiales",NA,NA,NA,300,NA,"Wolfe v3: went back to modified wolfe + EDTA and switched CuSO4 to CUCl2"
"57f1eccafbbc205af5c052d2942967e6","Q",0,"Bacteria","Proteobacteria","Gammaproteobacteria","Burkholderiales",NA,NA,NA,300,NA,"Wolfe v3: went back to modified wolfe + EDTA and switched CuSO4 to CUCl2"
"a69686fca845cb2a7dc332e3232d3b85","Q",0,"Bacteria","Proteobacteria","Gammaproteobacteria","Burkholderiales",NA,NA,NA,300,NA,"Wolfe v3: went back to modified wolfe + EDTA and switched CuSO4 to CUCl2"
"9ab99324a368b3af929987cc1e2bb956","Q",0,"Bacteria","Proteobacteria","Gammaproteobacteria","Burkholderiales",NA,NA,NA,300,NA,"Wolfe v3: went back to modified wolfe + EDTA and switched CuSO4 to CUCl2"
"43dffb075674335d54d49850882a7c5e","Q",0,"Bacteria","Proteobacteria","Gammaproteobacteria","Burkholderiales",NA,NA,NA,300,NA,"Wolfe v3: went back to modified wolfe + EDTA and switched CuSO4 to CUCl2"
"18e8b2bd0c2318ff13208d8febed727a","Q",0,"Bacteria","Proteobacteria","Gammaproteobacteria","Burkholderiales","Alcaligenaceae","Castellaniella",NA,300,NA,"Wolfe v3: went back to modified wolfe + EDTA and switched CuSO4 to CUCl2"
"b6bae6e1c31423a1dfd8b925ac173939","Q",0,"Bacteria","Proteobacteria","Gammaproteobacteria","Burkholderiales","Alcaligenaceae","Castellaniella",NA,300,NA,"Wolfe v3: went back to modified wolfe + EDTA and switched CuSO4 to CUCl2"
"4afdd249d06748b671d75d9cb109989d","Q",0,"Bacteria","Proteobacteria","Gammaproteobacteria","Burkholderiales","Alcaligenaceae","Castellaniella",NA,300,NA,"Wolfe v3: went back to modified wolfe + EDTA and switched CuSO4 to CUCl2"
"acf08b911fd8cbbc0d6ddfb595496383","Q",0,"Bacteria","Proteobacteria","Gammaproteobacteria","Burkholderiales","Alcaligenaceae",NA,NA,300,NA,"Wolfe v3: went back to modified wolfe + EDTA and switched CuSO4 to CUCl2"
"efbf6366dde7be4e10d52c16b61604d2","Q",0,"Bacteria","Proteobacteria","Gammaproteobacteria","Burkholderiales","Alcaligenaceae","Pigmentiphaga","midas_s_89909",300,NA,"Wolfe v3: went back to modified wolfe + EDTA and switched CuSO4 to CUCl2"
"16bc6160df59f42ec2c49c8ee41d95fc","Q",0,"Bacteria","Proteobacteria","Gammaproteobacteria","Burkholderiales","Alcaligenaceae","Verticiella","midas_s_8570",300,NA,"Wolfe v3: went back to modified wolfe + EDTA and switched CuSO4 to CUCl2"
"d672caef391233490da769c3f156fc0a","Q",0,"Bacteria","Proteobacteria","Gammaproteobacteria","Burkholderiales","Alcaligenaceae","Verticiella","midas_s_8570",300,NA,"Wolfe v3: went back to modified wolfe + EDTA and switched CuSO4 to CUCl2"
"ae47cfe63095fcaf0afb228c7502cb66","Q",0,"Bacteria","Proteobacteria","Gammaproteobacteria","Burkholderiales","Alcaligenaceae",NA,NA,300,NA,"Wolfe v3: went back to modified wolfe + EDTA and switched CuSO4 to CUCl2"
"ec716420b2bb28ff5cfc5b19edbe2dfa","Q",0,"Bacteria","Proteobacteria","Gammaproteobacteria","Burkholderiales","Alcaligenaceae","Achromobacter","midas_s_18114",300,NA,"Wolfe v3: went back to modified wolfe + EDTA and switched CuSO4 to CUCl2"
"132a867d0cff8733fee3f3f6603f7dc6","Q",0,"Bacteria","Proteobacteria","Gammaproteobacteria","Burkholderiales","Alcaligenaceae","Achromobacter","midas_s_18114",300,NA,"Wolfe v3: went back to modified wolfe + EDTA and switched CuSO4 to CUCl2"
"fff6f2b1de224120c999dde9f25fcd0a","Q",0,"Bacteria","Proteobacteria","Gammaproteobacteria","Burkholderiales","Alcaligenaceae",NA,NA,300,NA,"Wolfe v3: went back to modified wolfe + EDTA and switched CuSO4 to CUCl2"
"65f35a04bab9de1b0fa33126b4db52e7","Q",0,"Bacteria","Proteobacteria","Gammaproteobacteria","Burkholderiales","Alcaligenaceae",NA,NA,300,NA,"Wolfe v3: went back to modified wolfe + EDTA and switched CuSO4 to CUCl2"
"36bf04a857c2cb66cc9cb9d09ff71ad4","Q",0,"Bacteria","Proteobacteria","Gammaproteobacteria","Burkholderiales","Alcaligenaceae","Eoetvoesia","Eoetvoesia_caeni",300,NA,"Wolfe v3: went back to modified wolfe + EDTA and switched CuSO4 to CUCl2"
"63127b43a7584c83207f3213ebd51a60","Q",0,"Bacteria","Proteobacteria","Gammaproteobacteria","Burkholderiales","Alcaligenaceae",NA,NA,300,NA,"Wolfe v3: went back to modified wolfe + EDTA and switched CuSO4 to CUCl2"
"8b35589e4e1ef82328d78d533f5fa1a1","Q",0,"Bacteria","Proteobacteria","Gammaproteobacteria","Burkholderiales","Alcaligenaceae",NA,NA,300,NA,"Wolfe v3: went back to modified wolfe + EDTA and switched CuSO4 to CUCl2"
"71f6d6badec9a36484ea0f6bea464bc2","Q",0,"Bacteria","Proteobacteria","Gammaproteobacteria","Burkholderiales","Alcaligenaceae",NA,NA,300,NA,"Wolfe v3: went back to modified wolfe + EDTA and switched CuSO4 to CUCl2"
"8466f2635d9fbf9c51a04877474f3d09","Q",0,"Bacteria","Proteobacteria","Gammaproteobacteria","Burkholderiales","Alcaligenaceae","Alcaligenes","midas_s_9908",300,NA,"Wolfe v3: went back to modified wolfe + EDTA and switched CuSO4 to CUCl2"
"5ab25dcdb272bc212f8833c23f30c16e","Q",0,"Bacteria","Proteobacteria","Gammaproteobacteria","Burkholderiales","Alcaligenaceae","Alcaligenes","midas_s_9908",300,NA,"Wolfe v3: went back to modified wolfe + EDTA and switched CuSO4 to CUCl2"
"f816f5de71e4c19785cd5dfa8ee073db","Q",0,"Bacteria","Proteobacteria","Gammaproteobacteria","Burkholderiales","Alcaligenaceae","Parapusillimonas",NA,300,NA,"Wolfe v3: went back to modified wolfe + EDTA and switched CuSO4 to CUCl2"
"f3faa99f0acc0df8ae5f557d0ca39c08","Q",0,"Bacteria","Proteobacteria","Gammaproteobacteria","Burkholderiales","Alcaligenaceae","Pusillimonas","midas_s_89306",300,NA,"Wolfe v3: went back to modified wolfe + EDTA and switched CuSO4 to CUCl2"
"492422c8881f2e782fccb0225f1c68ab","Q",0,"Bacteria","Proteobacteria","Gammaproteobacteria","Burkholderiales","Alcaligenaceae","Pusillimonas","midas_s_89306",300,NA,"Wolfe v3: went back to modified wolfe + EDTA and switched CuSO4 to CUCl2"
"4b609ca4250617d6e2827bb31e7fd2b0","Q",0,"Bacteria","Proteobacteria","Gammaproteobacteria","Burkholderiales","Alcaligenaceae",NA,NA,300,NA,"Wolfe v3: went back to modified wolfe + EDTA and switched CuSO4 to CUCl2"
"bbb066ff0d8c41323c27c93a1a3c35a7","Q",0,"Bacteria","Proteobacteria","Gammaproteobacteria","Burkholderiales","Burkholderiaceae","Lautropia","midas_s_30663",300,NA,"Wolfe v3: went back to modified wolfe + EDTA and switched CuSO4 to CUCl2"
"b61c32f858381149fccfdf2f413f8f5b","Q",0,"Bacteria","Proteobacteria","Gammaproteobacteria","Burkholderiales","Oxalobacteraceae","Noviherbaspirillum","midas_s_72706",300,NA,"Wolfe v3: went back to modified wolfe + EDTA and switched CuSO4 to CUCl2"
"55eea1d4d02e89a3fec4e0d929946361","Q",0,"Bacteria","Proteobacteria","Gammaproteobacteria","Burkholderiales","Methylophilaceae",NA,NA,300,NA,"Wolfe v3: went back to modified wolfe + EDTA and switched CuSO4 to CUCl2"
"026600da36b900cf6ff6ee481b90793a","Q",0,"Bacteria","Proteobacteria","Gammaproteobacteria","Burkholderiales","Methylophilaceae","Methylotenera",NA,300,NA,"Wolfe v3: went back to modified wolfe + EDTA and switched CuSO4 to CUCl2"
"4afc7e5bf81aaf214149bfaa2ffa5edf","Q",0,"Bacteria","Proteobacteria","Gammaproteobacteria","Burkholderiales","Methylophilaceae","UBA6140","midas_s_21374",300,NA,"Wolfe v3: went back to modified wolfe + EDTA and switched CuSO4 to CUCl2"
"1124da2808084f121dfa80f2ff96ad56","Q",0,"Bacteria","Proteobacteria","Gammaproteobacteria","Burkholderiales","Nitrosomonadaceae","Nitrosomonas","midas_s_10524",300,NA,"Wolfe v3: went back to modified wolfe + EDTA and switched CuSO4 to CUCl2"
"9f73559d08e3d2aebe9872ed20eb92cb","Q",0,"Bacteria","Proteobacteria","Gammaproteobacteria","Burkholderiales","Nitrosomonadaceae","Nitrosomonas","Nitrosomonas_eutropha",300,NA,"Wolfe v3: went back to modified wolfe + EDTA and switched CuSO4 to CUCl2"
"a5101276605bf3210b0c5801215f4c48","Q",0,"Bacteria","Proteobacteria","Gammaproteobacteria","Burkholderiales","Nitrosomonadaceae","Nitrosomonas","midas_s_5118",300,NA,"Wolfe v3: went back to modified wolfe + EDTA and switched CuSO4 to CUCl2"
"89078346e4907efe681d45f299ac15a4","Q",0,"Bacteria","Proteobacteria","Gammaproteobacteria","Competibacterales","Competibacteraceae","Ca_Competibacter",NA,300,NA,"Wolfe v3: went back to modified wolfe + EDTA and switched CuSO4 to CUCl2"
"9cb41b1fe78219846cde88d8c68f0dbe","Q",0,"Bacteria","Proteobacteria","Gammaproteobacteria","Competibacterales","Competibacteraceae","Ca_Competibacter","midas_s_198",300,NA,"Wolfe v3: went back to modified wolfe + EDTA and switched CuSO4 to CUCl2"
"8e7bd1c2bef6cba75457c867bea7fec1","Q",0,"Bacteria","Proteobacteria","Gammaproteobacteria","Xanthomonadales","Rhodanobacteraceae","Pseudofulvimonas","midas_s_49330",300,NA,"Wolfe v3: went back to modified wolfe + EDTA and switched CuSO4 to CUCl2"
"f988ea53dbaa37384a49d4315240db30","Q",0,"Bacteria","Proteobacteria","Gammaproteobacteria","Xanthomonadales",NA,NA,NA,300,NA,"Wolfe v3: went back to modified wolfe + EDTA and switched CuSO4 to CUCl2"
"922daae168c740d829141c432a8cdcd1","Q",0,"Bacteria","Proteobacteria","Gammaproteobacteria","Xanthomonadales","Xanthomonadaceae","Pseudoxanthomonas",NA,300,NA,"Wolfe v3: went back to modified wolfe + EDTA and switched CuSO4 to CUCl2"
"20823322077cf511c8eff4f0840466fd","Q",0,"Bacteria","Proteobacteria","Gammaproteobacteria","Xanthomonadales","Xanthomonadaceae","Stenotrophomonas",NA,300,NA,"Wolfe v3: went back to modified wolfe + EDTA and switched CuSO4 to CUCl2"
"703b123d3cbe4a7e8c02253f1f55d261","Q",0,"Bacteria","Proteobacteria","Gammaproteobacteria","Xanthomonadales","Xanthomonadaceae","Thermomonas",NA,300,NA,"Wolfe v3: went back to modified wolfe + EDTA and switched CuSO4 to CUCl2"
"48b26cded54a8218c60048b74bfa5256","Q",0,"Bacteria","Proteobacteria","Gammaproteobacteria","Xanthomonadales","Xanthomonadaceae","Thermomonas","Thermomonas_koreensis",300,NA,"Wolfe v3: went back to modified wolfe + EDTA and switched CuSO4 to CUCl2"
"ef7c28bb28866912b76003ee110bdf6b","Q",0,"Bacteria","Proteobacteria","Gammaproteobacteria","Xanthomonadales","Xanthomonadaceae","Pseudoxanthomonas","midas_s_22181",300,NA,"Wolfe v3: went back to modified wolfe + EDTA and switched CuSO4 to CUCl2"
"41f01f3e3cbf6beb908ae1ebb553208e","Q",0,"Bacteria","Proteobacteria","Gammaproteobacteria","Xanthomonadales","Xanthomonadaceae","Stenotrophomonas","midas_s_74451",300,NA,"Wolfe v3: went back to modified wolfe + EDTA and switched CuSO4 to CUCl2"
"443d26a763fcf25a1b45a2fc51d1d322","Q",0,"Bacteria","Proteobacteria","Gammaproteobacteria","Xanthomonadales","Xanthomonadaceae","Luteimonas",NA,300,NA,"Wolfe v3: went back to modified wolfe + EDTA and switched CuSO4 to CUCl2"
"99d585f7c8f524fa04880f847f0a31da","Q",0,"Bacteria","Proteobacteria","Gammaproteobacteria","Xanthomonadales","Xanthomonadaceae","Luteimonas",NA,300,NA,"Wolfe v3: went back to modified wolfe + EDTA and switched CuSO4 to CUCl2"
"6cec0bfed5ae5027a2002e200c4f71eb","Q",0,"Bacteria","Proteobacteria","Gammaproteobacteria","Xanthomonadales","Xanthomonadaceae",NA,NA,300,NA,"Wolfe v3: went back to modified wolfe + EDTA and switched CuSO4 to CUCl2"
"c19a1c0bb75e671f02df2cbb306949d9","Q",0,"Bacteria","Proteobacteria","Gammaproteobacteria","Xanthomonadales","Xanthomonadaceae",NA,NA,300,NA,"Wolfe v3: went back to modified wolfe + EDTA and switched CuSO4 to CUCl2"
"4561fef494acf771179203cc14f5d372","Q",0,"Bacteria","Proteobacteria","Gammaproteobacteria","Xanthomonadales","Xanthomonadaceae","Luteimonas","Luteimonas_notoginsengisoli",300,NA,"Wolfe v3: went back to modified wolfe + EDTA and switched CuSO4 to CUCl2"
"91b0e901cfecbf218fbaa882071bc0ff","Q",0,"Bacteria","Proteobacteria","Gammaproteobacteria","Xanthomonadales","Xanthomonadaceae","Thermomonas",NA,300,NA,"Wolfe v3: went back to modified wolfe + EDTA and switched CuSO4 to CUCl2"
"9cbf0954f06d3ad4ffa822ec80a7f4af","Q",0,"Bacteria","Proteobacteria","Gammaproteobacteria","Xanthomonadales","Xanthomonadaceae","Arenimonas","Arenimonas_subflava",300,NA,"Wolfe v3: went back to modified wolfe + EDTA and switched CuSO4 to CUCl2"
"573471302da724edb5d0fa958385fb6d","Q",0,"Bacteria","Proteobacteria","Gammaproteobacteria","Xanthomonadales","Xanthomonadaceae","Arenimonas","midas_s_11318",300,NA,"Wolfe v3: went back to modified wolfe + EDTA and switched CuSO4 to CUCl2"
"393ff3cc732c5e98dfc18b434623f9e9","Q",0,"Bacteria","Proteobacteria","Gammaproteobacteria","Xanthomonadales","Xanthomonadaceae","Arenimonas","midas_s_11318",300,NA,"Wolfe v3: went back to modified wolfe + EDTA and switched CuSO4 to CUCl2"
"7aaabccf2857ac0f0872b94bd0f656d3","Q",0,"Bacteria","Proteobacteria","Gammaproteobacteria","Xanthomonadales","Rhodanobacteraceae","Rhodanobacter",NA,300,NA,"Wolfe v3: went back to modified wolfe + EDTA and switched CuSO4 to CUCl2"
"b61513eef1a69690c5d43ca0cb8f5c1b","Q",0,"Bacteria","Proteobacteria","Gammaproteobacteria","Xanthomonadales","Rhodanobacteraceae","Rhodanobacter","midas_s_24578",300,NA,"Wolfe v3: went back to modified wolfe + EDTA and switched CuSO4 to CUCl2"
"e5f056df23811f3fe0e48de4aafd0d9b","Q",0,"Bacteria","Proteobacteria","Gammaproteobacteria","Xanthomonadales","Rhodanobacteraceae","Rhodanobacter",NA,300,NA,"Wolfe v3: went back to modified wolfe + EDTA and switched CuSO4 to CUCl2"
"f213ec50ee3f0c0c4a7b47b321d081a9","Q",0,"Bacteria","Proteobacteria","Gammaproteobacteria","Xanthomonadales","Rhodanobacteraceae","Rhodanobacter",NA,300,NA,"Wolfe v3: went back to modified wolfe + EDTA and switched CuSO4 to CUCl2"
"e1d678e0c2f5463421eec27874b0fab3","Q",0,"Bacteria","Proteobacteria","Gammaproteobacteria","Xanthomonadales","Rhodanobacteraceae","Rhodanobacter",NA,300,NA,"Wolfe v3: went back to modified wolfe + EDTA and switched CuSO4 to CUCl2"
"cb6ed263fa824af0ae08633dc7c0583e","Q",0,"Bacteria","Proteobacteria","Gammaproteobacteria","Xanthomonadales","Rhodanobacteraceae","Rhodanobacter",NA,300,NA,"Wolfe v3: went back to modified wolfe + EDTA and switched CuSO4 to CUCl2"
"b7e9487c90de08851f8c120abc9ac7f8","Q",0,"Bacteria","Proteobacteria","Gammaproteobacteria","midas_o_26","midas_f_98","midas_g_523",NA,300,NA,"Wolfe v3: went back to modified wolfe + EDTA and switched CuSO4 to CUCl2"
"e3a2d60faa8d0d3ec2805ea4a4f69cc5","Q",0,"Bacteria","Proteobacteria","Gammaproteobacteria","Steroidobacterales","Steroidobacteraceae","midas_g_1161","midas_s_1306",300,NA,"Wolfe v3: went back to modified wolfe + EDTA and switched CuSO4 to CUCl2"
"accdbd296b05fdc99bac47d0e4349aa9","Q",0,"Bacteria","Proteobacteria","Gammaproteobacteria","midas_o_26","midas_f_98","midas_g_268","midas_s_75796",300,NA,"Wolfe v3: went back to modified wolfe + EDTA and switched CuSO4 to CUCl2"
"14a2bb3f27bd325f767bee3f35dec36e","Q",0,"Bacteria","Proteobacteria","Gammaproteobacteria",NA,NA,NA,NA,300,NA,"Wolfe v3: went back to modified wolfe + EDTA and switched CuSO4 to CUCl2"
"c24ddb60bb99f2f3faf3f86c7141b3dc","Q",0,"Bacteria","Proteobacteria","Gammaproteobacteria","midas_o_147","midas_f_13912","midas_g_35314","midas_s_35314",300,NA,"Wolfe v3: went back to modified wolfe + EDTA and switched CuSO4 to CUCl2"
"2780b1a1535644ef954b37c0be366f13","Q",0,"Bacteria","Proteobacteria","Gammaproteobacteria","midas_o_656","midas_f_48503",NA,NA,300,NA,"Wolfe v3: went back to modified wolfe + EDTA and switched CuSO4 to CUCl2"
"98f50fc2653bd578543391ef42ece23e","Q",0,"Bacteria","Proteobacteria","Gammaproteobacteria",NA,NA,NA,NA,300,NA,"Wolfe v3: went back to modified wolfe + EDTA and switched CuSO4 to CUCl2"
"957bec6b470f89f1cc58693a77364ea7","Q",0,"Bacteria","Proteobacteria","Gammaproteobacteria",NA,NA,NA,NA,300,NA,"Wolfe v3: went back to modified wolfe + EDTA and switched CuSO4 to CUCl2"
"2fc4dfc7b010149d63567c2ee818550a","Q",0,"Bacteria","Proteobacteria","Gammaproteobacteria","midas_o_147","midas_f_29377","midas_g_110619","midas_s_110619",300,NA,"Wolfe v3: went back to modified wolfe + EDTA and switched CuSO4 to CUCl2"
"8bbe4e6022a5ec46e3ba035b8b3e5036","Q",0,"Bacteria","Proteobacteria","Gammaproteobacteria","midas_o_147","midas_f_29377","midas_g_110619","midas_s_110619",300,NA,"Wolfe v3: went back to modified wolfe + EDTA and switched CuSO4 to CUCl2"
"b0b69224e197ce8061ddd3ea7ceff3d9","Q",0,"Bacteria","Proteobacteria","Gammaproteobacteria","midas_o_147","midas_f_29377","midas_g_110619","midas_s_116510",300,NA,"Wolfe v3: went back to modified wolfe + EDTA and switched CuSO4 to CUCl2"
"29924e75bce2dffe324f99988900e268","Q",0,"Bacteria","Proteobacteria","Gammaproteobacteria","midas_o_147","midas_f_29377","midas_g_110619","midas_s_110619",300,NA,"Wolfe v3: went back to modified wolfe + EDTA and switched CuSO4 to CUCl2"
"717e65e6ba1d91587e9c1fc36b2b0c44","Q",0,"Bacteria","Proteobacteria","Gammaproteobacteria","Pseudomonadales","Pseudomonadaceae","Pseudomonas","midas_s_13308",300,NA,"Wolfe v3: went back to modified wolfe + EDTA and switched CuSO4 to CUCl2"
"00a1a32589b4628bbc46f04b83b89d22","Q",0,"Bacteria","Proteobacteria","Gammaproteobacteria","Pseudomonadales","Pseudomonadaceae","Pseudomonas",NA,300,NA,"Wolfe v3: went back to modified wolfe + EDTA and switched CuSO4 to CUCl2"
"645dd8b575c7e7c0952933bbe90b4bb9","Q",0,"Bacteria","Proteobacteria","Gammaproteobacteria","Pseudomonadales","Pseudomonadaceae","Pseudomonas","Pseudomonas_aeruginosa",300,NA,"Wolfe v3: went back to modified wolfe + EDTA and switched CuSO4 to CUCl2"
"94ef08db649a5339b6de95109a8bad0f","Q",0,"Bacteria","Proteobacteria","Gammaproteobacteria","Pseudomonadales","Pseudomonadaceae","Pseudomonas","Pseudomonas_stutzeri",300,NA,"Wolfe v3: went back to modified wolfe + EDTA and switched CuSO4 to CUCl2"
"7a777474146ffbe89e17716b8660dcfb","Q",0,"Bacteria","Proteobacteria","Gammaproteobacteria","Pseudomonadales","Pseudomonadaceae","Pseudomonas","midas_s_4710",300,NA,"Wolfe v3: went back to modified wolfe + EDTA and switched CuSO4 to CUCl2"
"3d34374d81a96ce4972b93ef5dae9b82","Q",0,"Bacteria","Proteobacteria","Gammaproteobacteria","Pseudomonadales","Pseudomonadaceae","Thiopseudomonas","midas_s_89874",300,NA,"Wolfe v3: went back to modified wolfe + EDTA and switched CuSO4 to CUCl2"
"dcc552ee0bfe584a9f79fd3d7893047f","Q",0,"Bacteria","Proteobacteria","Gammaproteobacteria","Pseudomonadales","Pseudomonadaceae","Pseudomonas",NA,300,NA,"Wolfe v3: went back to modified wolfe + EDTA and switched CuSO4 to CUCl2"
"2f5695c1563063d2b821ab2eecfa3bd3","Q",0,"Bacteria","Proteobacteria","Gammaproteobacteria","Pseudomonadales","Pseudomonadaceae","Pseudomonas",NA,300,NA,"Wolfe v3: went back to modified wolfe + EDTA and switched CuSO4 to CUCl2"
"3487ee381e9bba57861b67ac3936d665","Q",0,"Bacteria","Proteobacteria","Gammaproteobacteria","Pseudomonadales","Pseudomonadaceae","Pseudomonas",NA,300,NA,"Wolfe v3: went back to modified wolfe + EDTA and switched CuSO4 to CUCl2"
"94f099e252b40a7a42a638b2c028b7db","Q",0,"Bacteria","Proteobacteria","Gammaproteobacteria","Pseudomonadales","Pseudomonadaceae","Pseudomonas","Pseudomonas_xiamenensis",300,NA,"Wolfe v3: went back to modified wolfe + EDTA and switched CuSO4 to CUCl2"
"f57128992ee22ab49d1a992eb1594104","Q",0,"Bacteria","Proteobacteria","Gammaproteobacteria","EC3","midas_f_59322","midas_g_61747","midas_s_61747",300,NA,"Wolfe v3: went back to modified wolfe + EDTA and switched CuSO4 to CUCl2"
"d73a01cf4394c6ce1b6f91249a590671","Q",0,"Bacteria","Proteobacteria","Gammaproteobacteria","1013-28-CG33","midas_f_8404","midas_g_33613","midas_s_37027",300,NA,"Wolfe v3: went back to modified wolfe + EDTA and switched CuSO4 to CUCl2"
"494686a85ca80380a18f37e6e723f6ff","Q",0,"Bacteria","Proteobacteria","Gammaproteobacteria","midas_o_147","midas_f_2362","Ca_Ovatusbacter","midas_s_40613",300,NA,"Wolfe v3: went back to modified wolfe + EDTA and switched CuSO4 to CUCl2"
"e1859f895760d01bd129aad5091fa054","Q",0,"Bacteria","Proteobacteria","Gammaproteobacteria","midas_o_147","midas_f_2362","Ca_Ovatusbacter","midas_s_25658",300,NA,"Wolfe v3: went back to modified wolfe + EDTA and switched CuSO4 to CUCl2"
"fca33d821d9ddce59d2b26b63bf7c4a1","Q",0,"Bacteria","Proteobacteria","Gammaproteobacteria","EC3",NA,NA,NA,300,NA,"Wolfe v3: went back to modified wolfe + EDTA and switched CuSO4 to CUCl2"
"a8aafb51e2d0f2e6d62cf2c4393df334","Q",0,"Bacteria","Proteobacteria","Gammaproteobacteria","midas_o_147","midas_f_41814","midas_g_41814","midas_s_41814",300,NA,"Wolfe v3: went back to modified wolfe + EDTA and switched CuSO4 to CUCl2"
"46a7a599e8da21433062d78516158149","Q",0,"Bacteria","Proteobacteria","Gammaproteobacteria","Legionellales","Legionellaceae","Legionella",NA,300,NA,"Wolfe v3: went back to modified wolfe + EDTA and switched CuSO4 to CUCl2"
"ecc87bcfc432d272b961cd36e4246127","Q",0,"Bacteria","Proteobacteria","Gammaproteobacteria","Legionellales","Legionellaceae","Legionella",NA,300,NA,"Wolfe v3: went back to modified wolfe + EDTA and switched CuSO4 to CUCl2"
"527d5108a6ce397729d5a554b1bf5e44","Q",0,"Bacteria","Proteobacteria","Gammaproteobacteria","Legionellales","Legionellaceae","Legionella","midas_s_74945",300,NA,"Wolfe v3: went back to modified wolfe + EDTA and switched CuSO4 to CUCl2"
"f4a24bc6456b7cb91afeb18832b4c18d","Q",0,"Bacteria","Proteobacteria","Gammaproteobacteria","Legionellales","Legionellaceae","Legionella",NA,300,NA,"Wolfe v3: went back to modified wolfe + EDTA and switched CuSO4 to CUCl2"
"a6a36906813434ce2d18626305b1564a","Q",0,"Bacteria","Proteobacteria","Gammaproteobacteria","Legionellales","Legionellaceae","Legionella","midas_s_44183",300,NA,"Wolfe v3: went back to modified wolfe + EDTA and switched CuSO4 to CUCl2"
"248422358abb94560c1fc2271904e71f","Q",0,"Bacteria","Proteobacteria","Gammaproteobacteria","Legionellales","Legionellaceae","Legionella","midas_s_73531",300,NA,"Wolfe v3: went back to modified wolfe + EDTA and switched CuSO4 to CUCl2"
"8466c6dfab56e8746ea47bc3c0e571e0","Q",0,"Bacteria","Proteobacteria","Gammaproteobacteria","Legionellales","Legionellaceae","Legionella","midas_s_84673",300,NA,"Wolfe v3: went back to modified wolfe + EDTA and switched CuSO4 to CUCl2"
"c6c062c6e4918cff367f7b7327090845","Q",0,"Bacteria","Proteobacteria","Gammaproteobacteria","Legionellales","Legionellaceae","Legionella",NA,300,NA,"Wolfe v3: went back to modified wolfe + EDTA and switched CuSO4 to CUCl2"
"0c9b81e16ab4e3c0b202044ce6d7ba57","Q",0,"Bacteria","Proteobacteria","Gammaproteobacteria","Legionellales","Legionellaceae","Legionella",NA,300,NA,"Wolfe v3: went back to modified wolfe + EDTA and switched CuSO4 to CUCl2"
"10378c24fd183ece5224eb4bb5980766","Q",0,"Bacteria","Proteobacteria","Gammaproteobacteria","Legionellales","Legionellaceae","Legionella",NA,300,NA,"Wolfe v3: went back to modified wolfe + EDTA and switched CuSO4 to CUCl2"
"8d741499ee8a83b6ede29efd8892e70b","Q",0,"Bacteria","Proteobacteria","Gammaproteobacteria","Legionellales","Legionellaceae","Legionella",NA,300,NA,"Wolfe v3: went back to modified wolfe + EDTA and switched CuSO4 to CUCl2"
"de1f954072ef273959e798b81a39a1f1","Q",0,"Bacteria","Proteobacteria","Gammaproteobacteria","Legionellales","Legionellaceae","Legionella","midas_s_31205",300,NA,"Wolfe v3: went back to modified wolfe + EDTA and switched CuSO4 to CUCl2"
"3746a611252a01f39ad4eba5428d1daa","Q",0,"Bacteria","Proteobacteria","Gammaproteobacteria","Legionellales","Legionellaceae","Legionella","midas_s_51327",300,NA,"Wolfe v3: went back to modified wolfe + EDTA and switched CuSO4 to CUCl2"
"4f6902842e157d5e737fa919e5d89f4a","Q",0,"Bacteria","Proteobacteria","Gammaproteobacteria","Legionellales","Legionellaceae","Legionella",NA,300,NA,"Wolfe v3: went back to modified wolfe + EDTA and switched CuSO4 to CUCl2"
"5a282585ef16397041df72979907593f","Q",0,"Bacteria","Proteobacteria","Gammaproteobacteria","Legionellales","Legionellaceae","Legionella",NA,300,NA,"Wolfe v3: went back to modified wolfe + EDTA and switched CuSO4 to CUCl2"
"296a64ff9ac191c4f1c886ba988e1706","Q",0,"Bacteria","Proteobacteria","Gammaproteobacteria","Legionellales","Legionellaceae","Legionella",NA,300,NA,"Wolfe v3: went back to modified wolfe + EDTA and switched CuSO4 to CUCl2"
"01e6c47ea1eccbd286858fc97fa25654","Q",0,"Bacteria","Proteobacteria","Gammaproteobacteria","Legionellales","Legionellaceae","Legionella",NA,300,NA,"Wolfe v3: went back to modified wolfe + EDTA and switched CuSO4 to CUCl2"
"bcebf60c83721eb2fd57f1ddb53c6058","Q",0,"Bacteria","Proteobacteria","Gammaproteobacteria","Legionellales","Legionellaceae","Legionella","midas_s_26442",300,NA,"Wolfe v3: went back to modified wolfe + EDTA and switched CuSO4 to CUCl2"
"79e2b6d098bc24e051a82e3d618d416f","Q",0,"Bacteria","Proteobacteria","Gammaproteobacteria","Legionellales","Legionellaceae","Legionella",NA,300,NA,"Wolfe v3: went back to modified wolfe + EDTA and switched CuSO4 to CUCl2"
"c5818942f7219725c098917e39a7e7bb","Q",0,"Bacteria","Proteobacteria","Gammaproteobacteria","Legionellales","Legionellaceae","Legionella",NA,300,NA,"Wolfe v3: went back to modified wolfe + EDTA and switched CuSO4 to CUCl2"
"38f1741fa5bc42ca4fda255fde5fde58","Q",0,"Bacteria","Proteobacteria","Gammaproteobacteria","Legionellales","Legionellaceae","Legionella",NA,300,NA,"Wolfe v3: went back to modified wolfe + EDTA and switched CuSO4 to CUCl2"
"0b54d74d2257842cdb59920d0557c940","Q",0,"Bacteria","Proteobacteria","Gammaproteobacteria","Legionellales","Legionellaceae","Legionella","midas_s_37910",300,NA,"Wolfe v3: went back to modified wolfe + EDTA and switched CuSO4 to CUCl2"
"e7a9beba4bfa0731ea9d0fa90bb065e3","Q",0,"Bacteria","Proteobacteria","Gammaproteobacteria","Legionellales","Legionellaceae","midas_g_50433","midas_s_50433",300,NA,"Wolfe v3: went back to modified wolfe + EDTA and switched CuSO4 to CUCl2"
"dcc1b2524bf00a7d6decf739df2f1f19","Q",0,"Bacteria","Proteobacteria","Gammaproteobacteria","Diplorickettsiales","Diplorickettsiaceae","midas_g_34763","midas_s_54684",300,NA,"Wolfe v3: went back to modified wolfe + EDTA and switched CuSO4 to CUCl2"
"23504ce886d58d2a61607ff263c8d494","Q",0,"Bacteria","Proteobacteria","Gammaproteobacteria","midas_o_147","midas_f_2362","Ca_Berkiella","midas_s_20041",300,NA,"Wolfe v3: went back to modified wolfe + EDTA and switched CuSO4 to CUCl2"
"582cd22fb94ea0fd36f9915ef32c1333","Q",0,"Bacteria","Proteobacteria","Gammaproteobacteria","Diplorickettsiales","Diplorickettsiaceae","Rickettsiella","midas_s_58733",300,NA,"Wolfe v3: went back to modified wolfe + EDTA and switched CuSO4 to CUCl2"
"86648abd0094f1568a386360dcba7034","Q",0,"Bacteria","Proteobacteria","Gammaproteobacteria","midas_o_147","midas_f_3187","midas_g_3187","midas_s_3187",300,NA,"Wolfe v3: went back to modified wolfe + EDTA and switched CuSO4 to CUCl2"
"cb886014283a43df6af104cecc83cfc9","Q",0,"Bacteria","Proteobacteria","Gammaproteobacteria","midas_o_147","midas_f_3187","midas_g_43376","midas_s_43376",300,NA,"Wolfe v3: went back to modified wolfe + EDTA and switched CuSO4 to CUCl2"
"d2340f2964ea2cff3448b5ce82aa29af","Q",0,"Bacteria","Proteobacteria","Gammaproteobacteria","midas_o_147","midas_f_3187","midas_g_26712","midas_s_26712",300,NA,"Wolfe v3: went back to modified wolfe + EDTA and switched CuSO4 to CUCl2"
"2bef39c50999d97de887d34b376fbd38","Q",0,"Bacteria","Proteobacteria","Gammaproteobacteria","midas_o_147","midas_f_3187","midas_g_26712",NA,300,NA,"Wolfe v3: went back to modified wolfe + EDTA and switched CuSO4 to CUCl2"
"6cd5cb3562f8ff28e2e21339a4fc55c1","Q",0,"Bacteria","Proteobacteria","Gammaproteobacteria","midas_o_147","midas_f_3187","midas_g_3315","midas_s_3315",300,NA,"Wolfe v3: went back to modified wolfe + EDTA and switched CuSO4 to CUCl2"
"0ca4dd10576aed42007187bfd0cb11c5","Q",0,"Bacteria","Proteobacteria","Gammaproteobacteria","midas_o_147","midas_f_3187","midas_g_3315","midas_s_28568",300,NA,"Wolfe v3: went back to modified wolfe + EDTA and switched CuSO4 to CUCl2"
"8a7a133e5daf52fb66404c67a0c7dc48","Q",0,"Bacteria","Proteobacteria","Gammaproteobacteria","Coxiellales","Coxiellaceae","Coxiella","midas_s_119550",300,NA,"Wolfe v3: went back to modified wolfe + EDTA and switched CuSO4 to CUCl2"
"639ec09a97e00f6cd8d780f549ca17af","Q",0,"Bacteria","Proteobacteria","Gammaproteobacteria","Coxiellales","Coxiellaceae","Coxiella","midas_s_72533",300,NA,"Wolfe v3: went back to modified wolfe + EDTA and switched CuSO4 to CUCl2"
"9e2b122adf540f378ae4674b70ffa70d","Q",0,"Bacteria","Proteobacteria","Gammaproteobacteria","Coxiellales","Coxiellaceae","Coxiella","midas_s_34657",300,NA,"Wolfe v3: went back to modified wolfe + EDTA and switched CuSO4 to CUCl2"
"2e707ae206fd30644537a8329e2b9476","Q",0,"Bacteria","Desulfobacterota","Desulfobacteria","Desulfobacterales","Desulfococcaceae",NA,NA,300,NA,"Wolfe v3: went back to modified wolfe + EDTA and switched CuSO4 to CUCl2"
"c86ca8792c7be96d7699dead5edccd91","Q",0,"Bacteria","Acidobacteriota","Thermoanaerobaculia","Thermoanaerobaculales","Thermoanaerobaculaceae","Thermoanaerobaculum","midas_s_28",300,NA,"Wolfe v3: went back to modified wolfe + EDTA and switched CuSO4 to CUCl2"
"e9e94fc2ed8a07e91e51f4bac68316c2","Q",0,"Bacteria","Desulfobacterota","Desulfobaccia","Desulfobaccales","Desulfobaccaceae","Desulfobacca","midas_s_72404",300,NA,"Wolfe v3: went back to modified wolfe + EDTA and switched CuSO4 to CUCl2"
"38907b8ef0546ef8dd587afd52a16f9c","Q",0,"Bacteria","Desulfobacterota","Syntrophia","Syntrophales","Syntrophaceae","Syntrophus","midas_s_928",300,NA,"Wolfe v3: went back to modified wolfe + EDTA and switched CuSO4 to CUCl2"
"a50b9465cd3e7850eae2011497a4f41b","Q",0,"Bacteria","Desulfobacterota","Syntrophia","Syntrophales","Smithellaceae","Smithella","midas_s_552",300,NA,"Wolfe v3: went back to modified wolfe + EDTA and switched CuSO4 to CUCl2"
"0b291123c105140e6524bb2a3cf8e278","Q",0,"Bacteria","Desulfobacterota","Syntrophia","Syntrophales","Smithellaceae","Smithella","midas_s_7762",300,NA,"Wolfe v3: went back to modified wolfe + EDTA and switched CuSO4 to CUCl2"
"a8615f5ca1d297895cc840a75212b907","Q",0,"Bacteria","Desulfobacterota","Syntrophia","Syntrophales","Smithellaceae","Smithella","midas_s_136",300,NA,"Wolfe v3: went back to modified wolfe + EDTA and switched CuSO4 to CUCl2"
"78123af13d385db4ee6a9342283a042b","Q",0,"Bacteria","Desulfobacterota","Syntrophia","Syntrophales","midas_f_134","midas_g_134","midas_s_134",300,NA,"Wolfe v3: went back to modified wolfe + EDTA and switched CuSO4 to CUCl2"
"bab16dfe7bab8f56e30de9733e5a5964","Q",0,"Bacteria","Desulfobacterota","Syntrophia","Syntrophales","midas_f_134","midas_g_134","midas_s_1266",300,NA,"Wolfe v3: went back to modified wolfe + EDTA and switched CuSO4 to CUCl2"
"52b9510cbb34f48661b26bc88b568e98","Q",0,"Bacteria","Desulfobacterota","Syntrophia","Syntrophales","midas_f_134","midas_g_134","midas_s_1266",300,NA,"Wolfe v3: went back to modified wolfe + EDTA and switched CuSO4 to CUCl2"
"3f9bbc037aa14387f62bff9e2cc84700","Q",0,"Bacteria","Desulfobacterota","Desulfuromonadia","Desulfuromonadales","Desulfuromonadaceae","midas_g_30443","midas_s_47294",300,NA,"Wolfe v3: went back to modified wolfe + EDTA and switched CuSO4 to CUCl2"
"b0cbbaf7dfd53222b68c29b70d780bdd","Q",0,"Bacteria","Desulfobacterota","Desulfuromonadia","Desulfuromonadales","Desulfuromonadaceae","midas_g_30443","midas_s_47294",300,NA,"Wolfe v3: went back to modified wolfe + EDTA and switched CuSO4 to CUCl2"
"6e868cfa7b0e75b04f31fbeedfc29c64","Q",0,"Bacteria","Desulfobacterota","Desulfuromonadia","Desulfuromonadales","Desulfuromonadaceae","midas_g_30443","midas_s_47294",300,NA,"Wolfe v3: went back to modified wolfe + EDTA and switched CuSO4 to CUCl2"
"a19152d55f42fc72a3a0f985d2615aab","Q",0,"Bacteria","Desulfobacterota","Desulfuromonadia","Desulfuromonadales","Desulfuromonadaceae",NA,NA,300,NA,"Wolfe v3: went back to modified wolfe + EDTA and switched CuSO4 to CUCl2"
"d801b2110a503327da848c95357ca4a5","Q",0,"Bacteria","Desulfobacterota","Desulfuromonadia","Desulfuromonadales","Desulfuromonadaceae","Trichloromonas","midas_s_31283",300,NA,"Wolfe v3: went back to modified wolfe + EDTA and switched CuSO4 to CUCl2"
"9e54e8d50785a84f97b38e3eb665dda0","Q",0,"Bacteria","Desulfobacterota","Syntrophobacteria","Syntrophobacterales","Syntrophobacteraceae","Syntrophobacter",NA,300,NA,"Wolfe v3: went back to modified wolfe + EDTA and switched CuSO4 to CUCl2"
"1e2c02998bd1e6ff2aad5bd96b138e35","Q",0,"Bacteria","Desulfobacterota","Syntrophobacteria","Syntrophobacterales","Syntrophobacteraceae","Syntrophobacter",NA,300,NA,"Wolfe v3: went back to modified wolfe + EDTA and switched CuSO4 to CUCl2"
"b7b7b13db34b15898a31873237c7932a","Q",0,"Bacteria","Desulfobacterota","Syntrophobacteria","Syntrophobacterales","Syntrophobacteraceae","Syntrophobacter","midas_s_744",300,NA,"Wolfe v3: went back to modified wolfe + EDTA and switched CuSO4 to CUCl2"
"6f9a6eeef90b44801aebd3df2c42e61b","Q",0,"Bacteria","Desulfobacterota","Syntrophobacteria","Syntrophobacterales","Syntrophobacteraceae","Syntrophobacter","midas_s_3260",300,NA,"Wolfe v3: went back to modified wolfe + EDTA and switched CuSO4 to CUCl2"
"bcfda59a5b9e3036c018e4bbde623d42","Q",0,"Bacteria","Desulfobacterota","Syntrophobacteria","Syntrophobacterales","Syntrophobacteraceae","Syntrophobacter","midas_s_2469",300,NA,"Wolfe v3: went back to modified wolfe + EDTA and switched CuSO4 to CUCl2"
"c99dd2353697161faecee673e0eda7b2","Q",0,"Bacteria","Desulfobacterota","Syntrophobacteria","Syntrophobacterales","Syntrophobacteraceae","Syntrophobacter","Syntrophobacter_sulfatireducens",300,NA,"Wolfe v3: went back to modified wolfe + EDTA and switched CuSO4 to CUCl2"
"92fdfef3564a875350627fe95d5fa6e2","Q",0,"Bacteria","Desulfobacterota","Syntrophobacteria","Syntrophobacterales","Syntrophobacteraceae","Syntrophobacter",NA,300,NA,"Wolfe v3: went back to modified wolfe + EDTA and switched CuSO4 to CUCl2"
"49e3be6db5eee89cd85b7d6f4210ec90","Q",0,"Bacteria","Desulfobacterota","Syntrophobacteria","Syntrophobacterales","Syntrophobacteraceae","Desulforhabdus","midas_s_49913",300,NA,"Wolfe v3: went back to modified wolfe + EDTA and switched CuSO4 to CUCl2"
"721bd76a3ab9dec41984c4ec32be845a","Q",0,"Bacteria","Bdellovibrionota","Oligoflexia","0319-6G20","midas_f_2390","midas_g_15089","midas_s_15089",300,NA,"Wolfe v3: went back to modified wolfe + EDTA and switched CuSO4 to CUCl2"
"306362657db7872818a69eab489f7c76","Q",0,"Bacteria","Myxococcota","Polyangia","Nannocystales","Nannocystaceae","Nannocystis","midas_s_1119",300,NA,"Wolfe v3: went back to modified wolfe + EDTA and switched CuSO4 to CUCl2"
"6e6058d4bc7844a5a6e5a8bddd480300","Q",0,"Bacteria","Myxococcota","Myxococcia","Myxococcales","Anaeromyxobacteraceae","Anaeromyxobacter","midas_s_6037",300,NA,"Wolfe v3: went back to modified wolfe + EDTA and switched CuSO4 to CUCl2"
"c68beead78f4f3b46f10ea9998c1bff7","Q",0,"Bacteria","Myxococcota","Myxococcia","Myxococcales","Anaeromyxobacteraceae",NA,NA,300,NA,"Wolfe v3: went back to modified wolfe + EDTA and switched CuSO4 to CUCl2"
"89bd7c45f05c79d6fbb1fbda696d5bae","Q",0,"Bacteria","Myxococcota","Myxococcia","Myxococcales","Anaeromyxobacteraceae",NA,NA,300,NA,"Wolfe v3: went back to modified wolfe + EDTA and switched CuSO4 to CUCl2"
"bdc8fef92da036b174e440badf20ae19","Q",0,"Bacteria","Myxococcota","Myxococcia","Myxococcales","Anaeromyxobacteraceae",NA,NA,300,NA,"Wolfe v3: went back to modified wolfe + EDTA and switched CuSO4 to CUCl2"
"eb39035aa8ec3916e81ca8fc6b2cbc00","Q",0,"Bacteria","Myxococcota","Polyangia","Polyangiales","Phaselicystidaceae","Phaselicystis","midas_s_2086",300,NA,"Wolfe v3: went back to modified wolfe + EDTA and switched CuSO4 to CUCl2"
"842ba3e9826daf645e7765f4bb0525be","Q",0,"Bacteria","Myxococcota","Polyangia","Polyangiales",NA,NA,NA,300,NA,"Wolfe v3: went back to modified wolfe + EDTA and switched CuSO4 to CUCl2"
"7ede4b72fe5210d181d31d0161d8f153","Q",0,"Bacteria","Myxococcota","Polyangia","Polyangiales","Polyangiaceae",NA,NA,300,NA,"Wolfe v3: went back to modified wolfe + EDTA and switched CuSO4 to CUCl2"
"912c0c0d10313d835d3cd85636e51854","Q",0,"Bacteria","Myxococcota","Polyangia","Polyangiales","Polyangiaceae","Aetherobacter",NA,300,NA,"Wolfe v3: went back to modified wolfe + EDTA and switched CuSO4 to CUCl2"
"1ed95763454163d1938e3d2d3c082d23","Q",0,"Bacteria","Myxococcota","Polyangia","mle1-27","midas_f_1432","midas_g_2413","midas_s_53771",300,NA,"Wolfe v3: went back to modified wolfe + EDTA and switched CuSO4 to CUCl2"
"34f74c82bbd5954315b8ed382098d1c8","Q",0,"Bacteria","SAR324_cladeMarine_group_B","midas_c_814","midas_o_928","midas_f_4532","midas_g_4532","midas_s_4532",300,NA,"Wolfe v3: went back to modified wolfe + EDTA and switched CuSO4 to CUCl2"
"0425278120412320bdcb2c4814278c6f","Q",0,"Bacteria","Hydrogenedentes","Hydrogenedentia","Hydrogenedentiales","Hydrogenedensaceae","midas_g_96101","midas_s_96101",300,NA,"Wolfe v3: went back to modified wolfe + EDTA and switched CuSO4 to CUCl2"
"669b72740b8bed1bcedbdbaa4b8be1e7","Q",0,"Bacteria","Hydrogenedentes","Hydrogenedentia","Hydrogenedentiales","Hydrogenedensaceae",NA,NA,300,NA,"Wolfe v3: went back to modified wolfe + EDTA and switched CuSO4 to CUCl2"
"52ecb4b1abf93593276cb066f1446900","Q",0,"Bacteria","Hydrogenedentes","Hydrogenedentia","Hydrogenedentiales","Hydrogenedensaceae","midas_g_99373","midas_s_99373",300,NA,"Wolfe v3: went back to modified wolfe + EDTA and switched CuSO4 to CUCl2"
"3f8e2d5b849dc28defc6406bd5304ffc","Q",0,"Bacteria","Hydrogenedentes","Hydrogenedentia","Hydrogenedentiales","Hydrogenedensaceae","midas_g_5725","midas_s_5725",300,NA,"Wolfe v3: went back to modified wolfe + EDTA and switched CuSO4 to CUCl2"
"817505ccf93a252d80ac6191376cc419","Q",0,"Bacteria","Hydrogenedentes","Hydrogenedentia","Hydrogenedentiales","Hydrogenedensaceae","midas_g_1246","midas_s_1246",300,NA,"Wolfe v3: went back to modified wolfe + EDTA and switched CuSO4 to CUCl2"
"f02dc9c964b8985575a3f2838bf1fbd8","Q",0,"Bacteria","Hydrogenedentes","Hydrogenedentia","Hydrogenedentiales","Hydrogenedensaceae","midas_g_1246","midas_s_74061",300,NA,"Wolfe v3: went back to modified wolfe + EDTA and switched CuSO4 to CUCl2"
"1b7d9b83e481aeaf938729029a2a4c19","Q",0,"Bacteria","Hydrogenedentes","Hydrogenedentia","Hydrogenedentiales","Hydrogenedensaceae","YC-ZSS-LKJ63","midas_s_3130",300,NA,"Wolfe v3: went back to modified wolfe + EDTA and switched CuSO4 to CUCl2"
"d4b8f75d0e42420455e41ded33426aae","Q",0,"Bacteria","Gemmatimonadota","Gemmatimonadetes","Gemmatimonadales","Gemmatimonadaceae","Gemmatimonas","midas_s_67181",300,NA,"Wolfe v3: went back to modified wolfe + EDTA and switched CuSO4 to CUCl2"
"4a19bdfb366f7b08e08a1e91c6074b30","Q",0,"Bacteria","WPS-2","midas_c_206","midas_o_395","midas_f_1708","midas_g_119953","midas_s_119953",300,NA,"Wolfe v3: went back to modified wolfe + EDTA and switched CuSO4 to CUCl2"
"6f5c69090502aa2182ea4a5a24b1cc94","Q",0,"Bacteria","Cyanobacteria","Sericytochromatia","midas_o_1421","midas_f_67650","midas_g_67650","midas_s_67650",300,NA,"Wolfe v3: went back to modified wolfe + EDTA and switched CuSO4 to CUCl2"
"4067001164170581ba105a05e975bbe3","Q",0,"Bacteria","Cyanobacteria","Sericytochromatia","midas_o_1393","midas_f_26893","midas_g_77185",NA,300,NA,"Wolfe v3: went back to modified wolfe + EDTA and switched CuSO4 to CUCl2"
"923e86a70ad8194f9dab67ab8397371f","Q",0,"Bacteria","Cyanobacteria","Sericytochromatia","midas_o_1393","midas_f_26893","midas_g_77185","midas_s_77423",300,NA,"Wolfe v3: went back to modified wolfe + EDTA and switched CuSO4 to CUCl2"
"613419874443169bf5144b900aec08b4","Q",0,"Bacteria","Cyanobacteria","Sericytochromatia","midas_o_1393","midas_f_26893","midas_g_77185","midas_s_77423",300,NA,"Wolfe v3: went back to modified wolfe + EDTA and switched CuSO4 to CUCl2"
"4cec2826da45c90930f69ae290165f1d","Q",0,"Bacteria","Desulfobacterota","Syntrophorhabdia","Syntrophorhabdales","Syntrophorhabdaceae","Syntrophorhabdus","midas_s_41",300,NA,"Wolfe v3: went back to modified wolfe + EDTA and switched CuSO4 to CUCl2"
"b751d80405d63e383de7ea09a7e2dcfd","Q",0,"Bacteria","Desulfobacterota","Syntrophorhabdia","Syntrophorhabdales","Syntrophorhabdaceae","Syntrophorhabdus",NA,300,NA,"Wolfe v3: went back to modified wolfe + EDTA and switched CuSO4 to CUCl2"
"bc7d170b9edc9c345a358fc773c260e7","Q",0,"Bacteria","Firmicutes","Bacilli","Bacillales","midas_f_83150","midas_g_92634","midas_s_95580",300,NA,"Wolfe v3: went back to modified wolfe + EDTA and switched CuSO4 to CUCl2"
"f877e829ece2e97efc2208f33e765ce3","Q",0,"Bacteria","Spirochaetota","Spirochaetia","Spirochaetales","Spirochaetaceae","midas_g_3397","midas_s_3397",300,NA,"Wolfe v3: went back to modified wolfe + EDTA and switched CuSO4 to CUCl2"
"134153c893d92731f1779897c269f055","Q",0,"Bacteria","Spirochaetota","Spirochaetia","Spirochaetales","Spirochaetaceae","Sphaerochaeta","midas_s_101116",300,NA,"Wolfe v3: went back to modified wolfe + EDTA and switched CuSO4 to CUCl2"
"e46ddfb99131631f2f2bba8eb3297ca3","Q",0,"Bacteria","Spirochaetota","Spirochaetia","Spirochaetales","Spirochaetaceae","Sphaerochaeta","midas_s_92051",300,NA,"Wolfe v3: went back to modified wolfe + EDTA and switched CuSO4 to CUCl2"
"7ff6af46744a4c8214812c77e54fd485","Q",0,"Bacteria","Spirochaetota","Spirochaetia","Spirochaetales","Spirochaetaceae","Sphaerochaeta","midas_s_92051",300,NA,"Wolfe v3: went back to modified wolfe + EDTA and switched CuSO4 to CUCl2"
"e207e8f65f4dcf2a29cf07ae8ee8fd7e","Q",0,"Bacteria","Spirochaetota","Spirochaetia","Spirochaetales","Spirochaetaceae","Sphaerochaeta",NA,300,NA,"Wolfe v3: went back to modified wolfe + EDTA and switched CuSO4 to CUCl2"
"fc7dec198c007a0622c9acba71b1edb1","Q",0,"Bacteria","Spirochaetota","Spirochaetia","Spirochaetales","Spirochaetaceae","Sphaerochaeta","midas_s_92051",300,NA,"Wolfe v3: went back to modified wolfe + EDTA and switched CuSO4 to CUCl2"
"32327bc1b2d1a223d9a447241f2cfb82","Q",0,"Bacteria","Spirochaetota","Spirochaetia","Spirochaetales","Spirochaetaceae","Sphaerochaeta","midas_s_90958",300,NA,"Wolfe v3: went back to modified wolfe + EDTA and switched CuSO4 to CUCl2"
"b97547037e6bed020583b930bd3684cc","Q",0,"Bacteria","Spirochaetota","Spirochaetia","Spirochaetales","Spirochaetaceae","midas_g_4579","midas_s_27064",300,NA,"Wolfe v3: went back to modified wolfe + EDTA and switched CuSO4 to CUCl2"
"9a48d66f52c47289df8517641c188d9b","Q",0,"Bacteria","Spirochaetota","Spirochaetia","Spirochaetales","Spirochaetaceae","midas_g_4579","midas_s_4579",300,NA,"Wolfe v3: went back to modified wolfe + EDTA and switched CuSO4 to CUCl2"
"54361a7cbec36835157cc4e00336e464","Q",0,"Bacteria","Spirochaetota","Spirochaetia","Spirochaetales","Spirochaetaceae","Spirochaeta","midas_s_91836",300,NA,"Wolfe v3: went back to modified wolfe + EDTA and switched CuSO4 to CUCl2"
"6014a554d33d3beabc7d7c46cfdcd41f","Q",0,"Bacteria","Spirochaetota","Spirochaetia","Spirochaetales","Spirochaetaceae","midas_g_89556","midas_s_89556",300,NA,"Wolfe v3: went back to modified wolfe + EDTA and switched CuSO4 to CUCl2"
"62b0ef9d072b7772ca3958f821bc1c49","Q",0,"Bacteria","Spirochaetota","Spirochaetia","Spirochaetales","Spirochaetaceae","Treponema",NA,300,NA,"Wolfe v3: went back to modified wolfe + EDTA and switched CuSO4 to CUCl2"
"824e4de27fdfadaea64e6f954c1448c6","Q",0,"Bacteria","Spirochaetota","Spirochaetia","Spirochaetales","Spirochaetaceae","Treponema","midas_s_6261",300,NA,"Wolfe v3: went back to modified wolfe + EDTA and switched CuSO4 to CUCl2"
"6290092a789cefe170b21f8c022a1fda","Q",0,"Bacteria","Spirochaetota","Spirochaetia","Spirochaetales","Spirochaetaceae","Treponema","midas_s_6751",300,NA,"Wolfe v3: went back to modified wolfe + EDTA and switched CuSO4 to CUCl2"
"c1596a5db2591882d02a381ba7a01960","Q",0,"Bacteria","Spirochaetota","Spirochaetia","Spirochaetales","Spirochaetaceae","midas_g_99028",NA,300,NA,"Wolfe v3: went back to modified wolfe + EDTA and switched CuSO4 to CUCl2"
"a6fbc7a35cdc513c4aae607786ee2a51","Q",0,"Bacteria","Spirochaetota","Spirochaetia","Spirochaetales","Spirochaetaceae","midas_g_6164","midas_s_6164",300,NA,"Wolfe v3: went back to modified wolfe + EDTA and switched CuSO4 to CUCl2"
"933c1a437592c012f7169968b9045854","Q",0,"Bacteria","Spirochaetota","Spirochaetia","Spirochaetales","Spirochaetaceae","midas_g_5121","midas_s_9040",300,NA,"Wolfe v3: went back to modified wolfe + EDTA and switched CuSO4 to CUCl2"
"08dcb60f335137ed59ea5006a3ca7d20","Q",0,"Bacteria","Spirochaetota","Spirochaetia","Spirochaetales","Spirochaetaceae","midas_g_22108","midas_s_22108",300,NA,"Wolfe v3: went back to modified wolfe + EDTA and switched CuSO4 to CUCl2"
"eb8cd45ae934604fba18984990c55691","Q",0,"Bacteria","Spirochaetota","Spirochaetia","Spirochaetales","Spirochaetaceae","midas_g_39476","midas_s_39476",300,NA,"Wolfe v3: went back to modified wolfe + EDTA and switched CuSO4 to CUCl2"
"8855fec4062970bb235780d6469a1d6d","Q",0,"Bacteria","Spirochaetota","Spirochaetia","Spirochaetales","Spirochaetaceae","midas_g_1408","midas_s_3753",300,NA,"Wolfe v3: went back to modified wolfe + EDTA and switched CuSO4 to CUCl2"
"29b981c98faa891c7e4d3ed2e5ff9aab","Q",0,"Bacteria","Spirochaetota","Spirochaetia","Spirochaetales","Spirochaetaceae","midas_g_1408","midas_s_110594",300,NA,"Wolfe v3: went back to modified wolfe + EDTA and switched CuSO4 to CUCl2"
"4a76bdc5b45d149d7aa31d04b9f46dbe","Q",0,"Bacteria","Spirochaetota","Spirochaetia","Spirochaetales","Spirochaetaceae","midas_g_1408","midas_s_1408",300,NA,"Wolfe v3: went back to modified wolfe + EDTA and switched CuSO4 to CUCl2"
"c4047091d558ea01dc3b6702ba3278c7","Q",0,"Bacteria","Spirochaetota","Spirochaetia","Spirochaetales","Spirochaetaceae","midas_g_7329","midas_s_63813",300,NA,"Wolfe v3: went back to modified wolfe + EDTA and switched CuSO4 to CUCl2"
"94826025b9642351b6818715fb42c3a5","Q",0,"Bacteria","Spirochaetota","Spirochaetia","Spirochaetales","Spirochaetaceae","midas_g_14041","midas_s_14041",300,NA,"Wolfe v3: went back to modified wolfe + EDTA and switched CuSO4 to CUCl2"
"664e1ee046659d47ded4a40ad1133a33","Q",0,"Bacteria","Spirochaetota","Leptospirae","Leptospirales","Leptospiraceae","RBG-16-49-21","midas_s_112445",300,NA,"Wolfe v3: went back to modified wolfe + EDTA and switched CuSO4 to CUCl2"
"f2126d67d457c75787258130f49ef2e0","Q",0,"Bacteria","Spirochaetota","V2072-189E03","midas_o_3554","midas_f_90568","midas_g_90568","midas_s_94008",300,NA,"Wolfe v3: went back to modified wolfe + EDTA and switched CuSO4 to CUCl2"
"5ef194c523178b714e804757a3218c3a","Q",0,"Bacteria","Spirochaetota","Brachyspirae","Brachyspirales","midas_f_1454","Exilispira","midas_s_1454",300,NA,"Wolfe v3: went back to modified wolfe + EDTA and switched CuSO4 to CUCl2"
"a9135a4ec3c5575c45a925bfaa528201","Q",0,"Bacteria","Spirochaetota","Brevinematia","Brevinematales","Brevinemataceae","midas_g_98823","midas_s_98823",300,NA,"Wolfe v3: went back to modified wolfe + EDTA and switched CuSO4 to CUCl2"
"effac6ec8d11ae5d2d4f029c5f18e3be","Q",0,"Bacteria","Abditibacteriota","Abditibacteria","Abditibacteriales","Abditibacteriaceae","Abditibacterium","midas_s_43416",300,NA,"Wolfe v3: went back to modified wolfe + EDTA and switched CuSO4 to CUCl2"
"32b01957f98cbf2079bd6bdbb6342751","Q",0,"Bacteria",NA,NA,NA,NA,NA,NA,300,NA,"Wolfe v3: went back to modified wolfe + EDTA and switched CuSO4 to CUCl2"
"6e6136a51bc1d0612894175086e106cd","Q",0,"Bacteria","Thermotogota","Thermotogae","Thermotogales","Fervidobacteriaceae","Fervidobacterium","midas_s_8400",300,NA,"Wolfe v3: went back to modified wolfe + EDTA and switched CuSO4 to CUCl2"
"ff6a63aa3a8877a90e31ca73fa5fbdd7","Q",0,"Bacteria","Thermotogota","Thermotogae","Petrotogales","Petrotogaceae","AUTHM297","midas_s_31261",300,NA,"Wolfe v3: went back to modified wolfe + EDTA and switched CuSO4 to CUCl2"
"25f1616a67bfdd13341e589345005a90","Q",0,"Bacteria","Thermotogota","Thermotogae","Kosmotogales","Kosmotogaceae","Mesotoga",NA,300,NA,"Wolfe v3: went back to modified wolfe + EDTA and switched CuSO4 to CUCl2"
"d0c4b664b4d2be62c80268e30a098b50","Q",0,"Bacteria","Thermotogota","Thermotogae","Kosmotogales","Kosmotogaceae","Mesotoga","Mesotoga_infera",300,NA,"Wolfe v3: went back to modified wolfe + EDTA and switched CuSO4 to CUCl2"
"3876f8d3b46ac99f7e99345288e684b5","Q",0,"Bacteria","Thermotogota","Thermotogae","Kosmotogales","Kosmotogaceae","Mesotoga",NA,300,NA,"Wolfe v3: went back to modified wolfe + EDTA and switched CuSO4 to CUCl2"
"1c4d0577b5aae60dfa88bb9fa2dc36d6","Q",0,"Bacteria","Thermotogota","Thermotogae","Kosmotogales","Kosmotogaceae","Mesotoga",NA,300,NA,"Wolfe v3: went back to modified wolfe + EDTA and switched CuSO4 to CUCl2"
"05925c1c63113425269afd1340361c52","Q",0,"Bacteria","Thermotogota","Thermotogae","Kosmotogales","Kosmotogaceae","Mesotoga",NA,300,NA,"Wolfe v3: went back to modified wolfe + EDTA and switched CuSO4 to CUCl2"
"1352933b973ba3c6f76d090c4d0a422e","Q",0,"Bacteria","Acidobacteriota","Acidobacteriae","Bryobacterales","Bryobacteraceae","Bryobacter","midas_s_7265",300,NA,"Wolfe v3: went back to modified wolfe + EDTA and switched CuSO4 to CUCl2"
"172df84126559d3703a3b6184b45a0ee","Q",0,"Bacteria","Caldisericota","Caldisericia","Caldisericales","LF045","midas_g_3701","midas_s_3701",300,NA,"Wolfe v3: went back to modified wolfe + EDTA and switched CuSO4 to CUCl2"
"ce2061796f0dee9838e806cd86488535","Q",0,"Bacteria","Caldisericota","Caldisericia","Caldisericales","WCHB1-02","midas_g_43349","midas_s_43349",300,NA,"Wolfe v3: went back to modified wolfe + EDTA and switched CuSO4 to CUCl2"
"0125f2eadef50a0a739c1537d792cf24","Q",0,"Bacteria","Verrucomicrobiota","Chlamydiae","Chlamydiales","Parachlamydiaceae","Neochlamydia","midas_s_82383",300,NA,"Wolfe v3: went back to modified wolfe + EDTA and switched CuSO4 to CUCl2"
"39cabc06fe765618dfcb8000e03424ca","Q",0,"Bacteria","Verrucomicrobiota","Chlamydiae","Chlamydiales","Parachlamydiaceae","Neochlamydia","midas_s_82383",300,NA,"Wolfe v3: went back to modified wolfe + EDTA and switched CuSO4 to CUCl2"
"0a9e32a90e0c0e68cfe004e73a2ac7dd","Q",0,"Bacteria",NA,NA,NA,NA,NA,NA,300,NA,"Wolfe v3: went back to modified wolfe + EDTA and switched CuSO4 to CUCl2"
"28f13b8e13ea61aafe5bc46d20dc15bf","Q",0,"Bacteria",NA,NA,NA,NA,NA,NA,300,NA,"Wolfe v3: went back to modified wolfe + EDTA and switched CuSO4 to CUCl2"
"8b024b5e9fd085be8d302e0fe7eb1da6","Q",0,"Bacteria","Verrucomicrobiota","Chlamydiae","Chlamydiales","Parachlamydiaceae","Neochlamydia","midas_s_82383",300,NA,"Wolfe v3: went back to modified wolfe + EDTA and switched CuSO4 to CUCl2"
"7d1bda054163467e1cf195ab330ba64f","Q",0,"Bacteria","Verrucomicrobiota","Chlamydiae","Chlamydiales","Parachlamydiaceae","Neochlamydia","midas_s_82383",300,NA,"Wolfe v3: went back to modified wolfe + EDTA and switched CuSO4 to CUCl2"
"3be7e939ae2116634ae31372ce9f460d","Q",0,"Bacteria","Verrucomicrobiota","Chlamydiae","Chlamydiales","Parachlamydiaceae","Neochlamydia","midas_s_82383",300,NA,"Wolfe v3: went back to modified wolfe + EDTA and switched CuSO4 to CUCl2"
"a3d67e84fce8a7747f69e619a049f2b9","Q",0,"Bacteria","Verrucomicrobiota","Chlamydiae","Chlamydiales","Parachlamydiaceae","Neochlamydia","midas_s_82383",300,NA,"Wolfe v3: went back to modified wolfe + EDTA and switched CuSO4 to CUCl2"
"9a6b3fef0385b0cecd4738a2225f02b8","Q",0,"Bacteria","Verrucomicrobiota","Chlamydiae","Chlamydiales","Parachlamydiaceae","Neochlamydia","midas_s_82383",300,NA,"Wolfe v3: went back to modified wolfe + EDTA and switched CuSO4 to CUCl2"
"c232a779470ac2c086cf118bc1aa821d","Q",0,"Bacteria","Verrucomicrobiota","Chlamydiae","Chlamydiales","Parachlamydiaceae","Neochlamydia","midas_s_82383",300,NA,"Wolfe v3: went back to modified wolfe + EDTA and switched CuSO4 to CUCl2"
"f961e1550d2126dce30199dd80a47c66","Q",0,"Bacteria","Verrucomicrobiota","Chlamydiae","Chlamydiales","Parachlamydiaceae","Neochlamydia","midas_s_82383",300,NA,"Wolfe v3: went back to modified wolfe + EDTA and switched CuSO4 to CUCl2"
"db2655d106ea7194a3982bfbe1ef11c4","Q",0,"Bacteria","Verrucomicrobiota","Chlamydiae","Chlamydiales","Parachlamydiaceae","Neochlamydia","midas_s_82383",300,NA,"Wolfe v3: went back to modified wolfe + EDTA and switched CuSO4 to CUCl2"
"fd6e07eef3a5baacd89506ae84fb2ea6","Q",0,"Bacteria","Verrucomicrobiota","Chlamydiae","Chlamydiales","Parachlamydiaceae","Neochlamydia","midas_s_82383",300,NA,"Wolfe v3: went back to modified wolfe + EDTA and switched CuSO4 to CUCl2"
"3e06f2d2b9d0ba13808adb5c1dd498de","Q",0,"Bacteria","Verrucomicrobiota","Chlamydiae","Chlamydiales","Parachlamydiaceae","Neochlamydia","midas_s_82383",300,NA,"Wolfe v3: went back to modified wolfe + EDTA and switched CuSO4 to CUCl2"
"da380d249b3dd800f5c3e279f7cf917a","Q",0,"Bacteria","Verrucomicrobiota","Chlamydiae","Chlamydiales","Parachlamydiaceae","Neochlamydia","midas_s_82383",300,NA,"Wolfe v3: went back to modified wolfe + EDTA and switched CuSO4 to CUCl2"
"d4478251439a62fedcc7f87519fdd32a","Q",0,"Bacteria","Verrucomicrobiota","Chlamydiae","Chlamydiales","Parachlamydiaceae","Neochlamydia","midas_s_82383",300,NA,"Wolfe v3: went back to modified wolfe + EDTA and switched CuSO4 to CUCl2"
"493cc79d93c8003efb9369ab256e65f4","Q",0,"Bacteria","Verrucomicrobiota","Chlamydiae","Chlamydiales","Parachlamydiaceae","Neochlamydia","midas_s_82383",300,NA,"Wolfe v3: went back to modified wolfe + EDTA and switched CuSO4 to CUCl2"
"609d275502076a9f8c77313c88d5cabd","Q",0,"Bacteria","Verrucomicrobiota","Chlamydiae","Chlamydiales","Parachlamydiaceae","Neochlamydia","midas_s_82383",300,NA,"Wolfe v3: went back to modified wolfe + EDTA and switched CuSO4 to CUCl2"
"24b8bcda6b1b2ab72e632df74c10c98c","Q",0,"Bacteria",NA,NA,NA,NA,NA,NA,300,NA,"Wolfe v3: went back to modified wolfe + EDTA and switched CuSO4 to CUCl2"
"435c6084c75f643fca4a52a243e279ae","Q",0,"Bacteria",NA,NA,NA,NA,NA,NA,300,NA,"Wolfe v3: went back to modified wolfe + EDTA and switched CuSO4 to CUCl2"
"9b9174d78b183d58e02083b8044f64af","Q",0,"Bacteria",NA,NA,NA,NA,NA,NA,300,NA,"Wolfe v3: went back to modified wolfe + EDTA and switched CuSO4 to CUCl2"
"570d2782ac8b4697b37c5a7fcce2c38f","Q",0,"Bacteria","Planctomycetota","Planctomycetes","Planctomycetales","midas_f_1792","midas_g_84097","midas_s_119307",300,NA,"Wolfe v3: went back to modified wolfe + EDTA and switched CuSO4 to CUCl2"
"b75416c48f46e93a9e3622080cde9b06","Q",0,"Bacteria","Planctomycetota","Planctomycetes","Planctomycetales","midas_f_1792","midas_g_4975","midas_s_4975",300,NA,"Wolfe v3: went back to modified wolfe + EDTA and switched CuSO4 to CUCl2"
"5f516ea92e902ab41bec75b07a1d28a5","Q",0,"Bacteria","Planctomycetota","Planctomycetes","Planctomycetales","midas_f_1792","midas_g_1792","midas_s_1792",300,NA,"Wolfe v3: went back to modified wolfe + EDTA and switched CuSO4 to CUCl2"
"3196bc82f5a5ddf5efff5dfd48579b60","Q",0,"Bacteria","Planctomycetota","Planctomycetes","Planctomycetales","Schlesneriaceae","Planctopirus",NA,300,NA,"Wolfe v3: went back to modified wolfe + EDTA and switched CuSO4 to CUCl2"
"c259cda388580d886e6cbb43a1272e68","Q",0,"Bacteria","Planctomycetota","Planctomycetes","Planctomycetales","Rubinisphaeraceae","SH-PL14",NA,300,NA,"Wolfe v3: went back to modified wolfe + EDTA and switched CuSO4 to CUCl2"
"7380f2dbd0ed772394d1ec7413371fd5","Q",0,"Bacteria","Planctomycetota","Planctomycetes","Planctomycetales","Rubinisphaeraceae","midas_g_1221",NA,300,NA,"Wolfe v3: went back to modified wolfe + EDTA and switched CuSO4 to CUCl2"
"51177a17fe0a032b15ab14a0e9135569","Q",0,"Bacteria","Planctomycetota","Planctomycetes","Planctomycetales","Rubinisphaeraceae","midas_g_2477","midas_s_2477",300,NA,"Wolfe v3: went back to modified wolfe + EDTA and switched CuSO4 to CUCl2"
"31a83f111b57e09b08ffb58917c511c9","Q",0,"Bacteria","Planctomycetota","Planctomycetes","Planctomycetales","Rubinisphaeraceae","SH-PL14","midas_s_67640",300,NA,"Wolfe v3: went back to modified wolfe + EDTA and switched CuSO4 to CUCl2"
"372e53abd78532e75f0b7c98fa758cc1","Q",0,"Bacteria","Planctomycetota","Planctomycetes","Planctomycetales","Rubinisphaeraceae","Planctomicrobium","midas_s_68681",300,NA,"Wolfe v3: went back to modified wolfe + EDTA and switched CuSO4 to CUCl2"
"3768ce8adbe0d6b2fccade3b7750c7d6","Q",0,"Bacteria","Planctomycetota","Planctomycetes","Planctomycetales","Rubinisphaeraceae","Planctomicrobium",NA,300,NA,"Wolfe v3: went back to modified wolfe + EDTA and switched CuSO4 to CUCl2"
"b9315058e389547041d01efa1048d9f0","Q",0,"Bacteria","Planctomycetota","Planctomycetes","Planctomycetales","midas_f_1792","midas_g_18645","midas_s_19179",300,NA,"Wolfe v3: went back to modified wolfe + EDTA and switched CuSO4 to CUCl2"
"17b1f04511323cb27b539f309522bf6c","Q",0,"Bacteria","Planctomycetota","Planctomycetes","Pirellulales","Pirellulaceae","Thermogutta","midas_s_96146",300,NA,"Wolfe v3: went back to modified wolfe + EDTA and switched CuSO4 to CUCl2"
"f527a3626856c74b3bf1c926561baf11","Q",0,"Bacteria","Planctomycetota","Planctomycetes","Pirellulales","Pirellulaceae","Pir4_lineage",NA,300,NA,"Wolfe v3: went back to modified wolfe + EDTA and switched CuSO4 to CUCl2"
"714fee5937db0a72ffa76f655649cd60","Q",0,"Bacteria","Planctomycetota","Planctomycetes","Pirellulales","Pirellulaceae","midas_g_29434","midas_s_29434",300,NA,"Wolfe v3: went back to modified wolfe + EDTA and switched CuSO4 to CUCl2"
"5db694edf839eff28cb6a47bb5b50693","Q",0,"Bacteria","Planctomycetota","Planctomycetes","Pirellulales","Pirellulaceae","Pir4_lineage","midas_s_6709",300,NA,"Wolfe v3: went back to modified wolfe + EDTA and switched CuSO4 to CUCl2"
"419a137f2ad50bcbc7cd2b296d34e524","Q",0,"Bacteria","Planctomycetota","Planctomycetes","Pirellulales","Pirellulaceae","Pir4_lineage","midas_s_76085",300,NA,"Wolfe v3: went back to modified wolfe + EDTA and switched CuSO4 to CUCl2"
"4079dc43f1ee0b0433df1aaaafba110d","Q",0,"Bacteria","Planctomycetota","Planctomycetes","Pirellulales","Pirellulaceae","Pirellula",NA,300,NA,"Wolfe v3: went back to modified wolfe + EDTA and switched CuSO4 to CUCl2"
"d564201f83026fda70407d0f859d04bd","Q",0,"Bacteria","Planctomycetota","Planctomycetes","Pirellulales","Pirellulaceae","Pirellula","midas_s_2216",300,NA,"Wolfe v3: went back to modified wolfe + EDTA and switched CuSO4 to CUCl2"
"260f47af70cb0a395a7ad53f17bdced2","Q",0,"Bacteria","Planctomycetota","Planctomycetes","Pirellulales","Pirellulaceae","Pirellula","midas_s_119445",300,NA,"Wolfe v3: went back to modified wolfe + EDTA and switched CuSO4 to CUCl2"
"6c69b67bc429532ce3461ea6f3dc7c82","Q",0,"Bacteria","Planctomycetota","Planctomycetes","Pirellulales","Pirellulaceae","Rhodopirellula","midas_s_3364",300,NA,"Wolfe v3: went back to modified wolfe + EDTA and switched CuSO4 to CUCl2"
"d6ede5314f1108426fbd0e2612d334d0","Q",0,"Bacteria","Planctomycetota","Planctomycetes","Pirellulales","Pirellulaceae","Pirellula","midas_s_631",300,NA,"Wolfe v3: went back to modified wolfe + EDTA and switched CuSO4 to CUCl2"
"a36b617c346af9dc1b8b18938adc2fc9","Q",0,"Bacteria","Planctomycetota","Planctomycetes","Pirellulales","Pirellulaceae","Pirellula","midas_s_2514",300,NA,"Wolfe v3: went back to modified wolfe + EDTA and switched CuSO4 to CUCl2"
"da9b9d254bc05bd32ff186a046fedf37","Q",0,"Bacteria","Planctomycetota","Planctomycetes","Pirellulales","Pirellulaceae","Pirellula",NA,300,NA,"Wolfe v3: went back to modified wolfe + EDTA and switched CuSO4 to CUCl2"
"410e95b05efd63867444aa0a2458b97c","Q",0,"Bacteria","Planctomycetota","Planctomycetes","Pirellulales","Pirellulaceae","Pirellula","midas_s_3991",300,NA,"Wolfe v3: went back to modified wolfe + EDTA and switched CuSO4 to CUCl2"
"7b38bded14744e6cd6bceb54464983f4","Q",0,"Bacteria","Planctomycetota","Planctomycetes","Pirellulales","Pirellulaceae","Pirellula","midas_s_24191",300,NA,"Wolfe v3: went back to modified wolfe + EDTA and switched CuSO4 to CUCl2"
"f0f0fbd8b8b3465070051618d1426d2c","Q",0,"Bacteria","Planctomycetota","Planctomycetes","Pirellulales","Pirellulaceae",NA,NA,300,NA,"Wolfe v3: went back to modified wolfe + EDTA and switched CuSO4 to CUCl2"
"288e6faee45091ff103a59abecc43dbc","Q",0,"Bacteria","Planctomycetota","Planctomycetes","Pirellulales","Pirellulaceae","Pirellula",NA,300,NA,"Wolfe v3: went back to modified wolfe + EDTA and switched CuSO4 to CUCl2"
"1fbebf41466cae9d33a4701c944cb55d","Q",0,"Bacteria","Planctomycetota","Planctomycetes","Pirellulales","Pirellulaceae","Blastopirellula","midas_s_3634",300,NA,"Wolfe v3: went back to modified wolfe + EDTA and switched CuSO4 to CUCl2"
"03f29c495b783a3de09c6c8780605449","Q",0,"Bacteria","Planctomycetota","Planctomycetes","Pirellulales","Pirellulaceae","Blastopirellula",NA,300,NA,"Wolfe v3: went back to modified wolfe + EDTA and switched CuSO4 to CUCl2"
"d4bbada602eb08d4609fe2fca3160d40","Q",0,"Bacteria","Planctomycetota","Planctomycetes","Pirellulales","Pirellulaceae","Ca_Anammoximicrobium","midas_s_93003",300,NA,"Wolfe v3: went back to modified wolfe + EDTA and switched CuSO4 to CUCl2"
"9816db47f2611a30597851d70a0e62fd","Q",0,"Bacteria","Planctomycetota","Planctomycetes","Pirellulales","Pirellulaceae","midas_g_2898","midas_s_5105",300,NA,"Wolfe v3: went back to modified wolfe + EDTA and switched CuSO4 to CUCl2"
"2bb677211b22ba770fffa14899f1b01f","Q",0,"Bacteria","Planctomycetota","Planctomycetes","Pirellulales","Pirellulaceae","Pir4_lineage","midas_s_2268",300,NA,"Wolfe v3: went back to modified wolfe + EDTA and switched CuSO4 to CUCl2"
"20ec21b915216e00b9af8785dba05efd","Q",0,"Bacteria","Planctomycetota","Planctomycetes","Pirellulales","Pirellulaceae","Pir4_lineage",NA,300,NA,"Wolfe v3: went back to modified wolfe + EDTA and switched CuSO4 to CUCl2"
"7a7c96429cd038c333985399c9eb963c","Q",0,"Bacteria","Planctomycetota","Planctomycetes","Pirellulales","Pirellulaceae","midas_g_36376","midas_s_36376",300,NA,"Wolfe v3: went back to modified wolfe + EDTA and switched CuSO4 to CUCl2"
"1be3827e47b5c470292d2d3200f1aa5e","Q",0,"Bacteria","Planctomycetota","Planctomycetes","Pirellulales","Pirellulaceae","Pir4_lineage",NA,300,NA,"Wolfe v3: went back to modified wolfe + EDTA and switched CuSO4 to CUCl2"
"808f5cd9975425a879bdc9f2084edbe5","Q",0,"Bacteria","Planctomycetota","Planctomycetes","Pirellulales","Pirellulaceae","Pir3_lineage","midas_s_9442",300,NA,"Wolfe v3: went back to modified wolfe + EDTA and switched CuSO4 to CUCl2"
"d57543b38df2129448b58807cb5965d0","Q",0,"Bacteria","Planctomycetota","Planctomycetes","Pirellulales","Pirellulaceae",NA,NA,300,NA,"Wolfe v3: went back to modified wolfe + EDTA and switched CuSO4 to CUCl2"
"8b1634a2e55ae2488b6ccc2230996509","Q",0,"Bacteria","Planctomycetota","Planctomycetes","Pirellulales","Pirellulaceae","Pir4_lineage","midas_s_96083",300,NA,"Wolfe v3: went back to modified wolfe + EDTA and switched CuSO4 to CUCl2"
"0c794e59b49f4c211fd8d27ef015d178","Q",0,"Bacteria","Planctomycetota","Planctomycetes","Pirellulales","Pirellulaceae","midas_g_22002","midas_s_22002",300,NA,"Wolfe v3: went back to modified wolfe + EDTA and switched CuSO4 to CUCl2"
"fb23f61e952a0a57ca3e763d8ad1f157","Q",0,"Bacteria","Planctomycetota","Planctomycetes","Pirellulales","Pirellulaceae","midas_g_1097","midas_s_4608",300,NA,"Wolfe v3: went back to modified wolfe + EDTA and switched CuSO4 to CUCl2"
"0c0dcadbd501e2c17ca71995ed0b7ee1","Q",0,"Bacteria","Planctomycetota","Planctomycetes","Pirellulales","Pirellulaceae","midas_g_1097",NA,300,NA,"Wolfe v3: went back to modified wolfe + EDTA and switched CuSO4 to CUCl2"
"f942e5771e9c0960bcb688baaa716f30","Q",0,"Bacteria","Planctomycetota","Planctomycetes","Pirellulales","Pirellulaceae","midas_g_1097","midas_s_4235",300,NA,"Wolfe v3: went back to modified wolfe + EDTA and switched CuSO4 to CUCl2"
"6291d6ddf701717cb4dadaf9fe7f3ad3","Q",0,"Bacteria","Planctomycetota","Planctomycetes","Pirellulales","Pirellulaceae","midas_g_55095","midas_s_55095",300,NA,"Wolfe v3: went back to modified wolfe + EDTA and switched CuSO4 to CUCl2"
"15bf273330928f57de2f3b24ca2a5135","Q",0,"Bacteria","Planctomycetota","Planctomycetes","midas_o_1071","midas_f_1071","midas_g_7408","midas_s_26879",300,NA,"Wolfe v3: went back to modified wolfe + EDTA and switched CuSO4 to CUCl2"
"cb21ad21e6f1b6e4e388eec09350d8dc","Q",0,"Bacteria","Planctomycetota","Planctomycetes","midas_o_1071","midas_f_1071","midas_g_4677","midas_s_4677",300,NA,"Wolfe v3: went back to modified wolfe + EDTA and switched CuSO4 to CUCl2"
"b2378dc0ed02b4859dec7c88db7efeb0","Q",0,"Bacteria","Planctomycetota","Planctomycetes","Isosphaerales","Isosphaeraceae",NA,NA,300,NA,"Wolfe v3: went back to modified wolfe + EDTA and switched CuSO4 to CUCl2"
"58a2d5b3e1ddfcaf493f61028578cc92","Q",0,"Bacteria","Planctomycetota","Planctomycetes","Isosphaerales","Isosphaeraceae","midas_g_8808","midas_s_17275",300,NA,"Wolfe v3: went back to modified wolfe + EDTA and switched CuSO4 to CUCl2"
"ffc8f144edd6d82dce1b1b9056b59bef","Q",0,"Bacteria","Planctomycetota","Planctomycetes","Isosphaerales","Isosphaeraceae","midas_g_110369","midas_s_110369",300,NA,"Wolfe v3: went back to modified wolfe + EDTA and switched CuSO4 to CUCl2"
"918eaaa2a8ed889d1ab21eb87b880779","Q",0,"Bacteria","Planctomycetota","Planctomycetes","Isosphaerales","Isosphaeraceae",NA,NA,300,NA,"Wolfe v3: went back to modified wolfe + EDTA and switched CuSO4 to CUCl2"
"a5c52feec93b3b84b1295044997eec5e","Q",0,"Bacteria","Planctomycetota","Planctomycetes","Isosphaerales","Isosphaeraceae","Paludisphaera","midas_s_109562",300,NA,"Wolfe v3: went back to modified wolfe + EDTA and switched CuSO4 to CUCl2"
"2f0e324704bd4ac738072c50d4eba0ea","Q",0,"Bacteria","Planctomycetota","Planctomycetes","Isosphaerales","Isosphaeraceae","Paludisphaera",NA,300,NA,"Wolfe v3: went back to modified wolfe + EDTA and switched CuSO4 to CUCl2"
"9a92a2c1cf0f15aa4804f00b70914004","Q",0,"Bacteria","Planctomycetota","Planctomycetes","Isosphaerales","Isosphaeraceae",NA,NA,300,NA,"Wolfe v3: went back to modified wolfe + EDTA and switched CuSO4 to CUCl2"
"cd99d97d1b41963fa52e658f2595169f","Q",0,"Bacteria","Planctomycetota","Planctomycetes","Isosphaerales","Isosphaeraceae",NA,NA,300,NA,"Wolfe v3: went back to modified wolfe + EDTA and switched CuSO4 to CUCl2"
"e3e15e07db3bb418cb88e07fabe4e8e2","Q",0,"Bacteria","Planctomycetota","Planctomycetes","Isosphaerales","Isosphaeraceae","Aquisphaera","midas_s_86135",300,NA,"Wolfe v3: went back to modified wolfe + EDTA and switched CuSO4 to CUCl2"
"7c1cbe86390c16afdf54fac5ab2ba556","Q",0,"Bacteria","Planctomycetota","Planctomycetes","Isosphaerales","Isosphaeraceae",NA,NA,300,NA,"Wolfe v3: went back to modified wolfe + EDTA and switched CuSO4 to CUCl2"
"179413bba78ea1fc349ad7186b4f47c1","Q",0,"Bacteria","Planctomycetota","Planctomycetes","Isosphaerales","Isosphaeraceae",NA,NA,300,NA,"Wolfe v3: went back to modified wolfe + EDTA and switched CuSO4 to CUCl2"
"4b673256fb96d4b936e393f3f45d4f47","Q",0,"Bacteria","Planctomycetota","Planctomycetes","Isosphaerales","Isosphaeraceae","Paludisphaera",NA,300,NA,"Wolfe v3: went back to modified wolfe + EDTA and switched CuSO4 to CUCl2"
"f128d6b0c4c7f8c41b4969168eaea276","Q",0,"Bacteria","Planctomycetota","Planctomycetes","Isosphaerales","Isosphaeraceae",NA,NA,300,NA,"Wolfe v3: went back to modified wolfe + EDTA and switched CuSO4 to CUCl2"
"dbdb30396825379c82448fee2cbe497e","Q",0,"Bacteria","Planctomycetota","Planctomycetes","Isosphaerales","Isosphaeraceae",NA,NA,300,NA,"Wolfe v3: went back to modified wolfe + EDTA and switched CuSO4 to CUCl2"
"b62d797963ea269412b16706df6c98e9","Q",0,"Bacteria","Planctomycetota","Planctomycetes","Isosphaerales","Isosphaeraceae",NA,NA,300,NA,"Wolfe v3: went back to modified wolfe + EDTA and switched CuSO4 to CUCl2"
"8d1e64ee4aa50278de70ddd89e5c3665","Q",0,"Bacteria","Planctomycetota","Planctomycetes","Gemmatales","Gemmataceae","Gemmata","midas_s_70937",300,NA,"Wolfe v3: went back to modified wolfe + EDTA and switched CuSO4 to CUCl2"
"dfb17fab2e208979590db3600ba675d7","Q",0,"Bacteria","Planctomycetota","Planctomycetes","Gemmatales","Gemmataceae","midas_g_940",NA,300,NA,"Wolfe v3: went back to modified wolfe + EDTA and switched CuSO4 to CUCl2"
"d3abbc3a1ab2ef83f8acf34b86409689","Q",0,"Bacteria","Planctomycetota","Pla4_lineage","midas_o_53242","midas_f_53242","midas_g_53242","midas_s_53242",300,NA,"Wolfe v3: went back to modified wolfe + EDTA and switched CuSO4 to CUCl2"
"a6e69a1d97c797ccefc9a46e1e9d59b9","Q",0,"Bacteria","Planctomycetota","Pla3_lineage","midas_o_485","midas_f_485","midas_g_485","midas_s_485",300,NA,"Wolfe v3: went back to modified wolfe + EDTA and switched CuSO4 to CUCl2"
"7fe3fc46ddecc806d5fc5e4b8f3ddfce","Q",0,"Bacteria","Planctomycetota","Phycisphaerae","MSBL9","SG8-4","midas_g_2983","midas_s_2983",300,NA,"Wolfe v3: went back to modified wolfe + EDTA and switched CuSO4 to CUCl2"
"966a27b7648de7ac63f5c15a8be0d10a","Q",0,"Bacteria","Planctomycetota","Phycisphaerae","MSBL9","4572-13","midas_g_76028",NA,300,NA,"Wolfe v3: went back to modified wolfe + EDTA and switched CuSO4 to CUCl2"
"d14450ec065af47ce09cf95309f24072","Q",0,"Bacteria","Planctomycetota","Phycisphaerae","MSBL9","KCLunmb-38-53","midas_g_3662",NA,300,NA,"Wolfe v3: went back to modified wolfe + EDTA and switched CuSO4 to CUCl2"
"2d86655f5770d1ddf5947021a53b57cb","Q",0,"Bacteria","Planctomycetota","Phycisphaerae","Pla1_lineage","midas_f_3438","midas_g_4387","midas_s_43351",300,NA,"Wolfe v3: went back to modified wolfe + EDTA and switched CuSO4 to CUCl2"
"6904ffb97cd865af71cbb684f9892107","Q",0,"Bacteria","Planctomycetota","Phycisphaerae","mle1-8","midas_f_1686","midas_g_81158","midas_s_81158",300,NA,"Wolfe v3: went back to modified wolfe + EDTA and switched CuSO4 to CUCl2"
"50a8367445f13689d1032ccff7c8db55","Q",0,"Bacteria","Planctomycetota","Phycisphaerae","Phycisphaerales","Phycisphaeraceae","SM1A02","midas_s_19427",300,NA,"Wolfe v3: went back to modified wolfe + EDTA and switched CuSO4 to CUCl2"
"17dea85edcc6610a7d772d73ea780461","Q",0,"Bacteria","Planctomycetota","Phycisphaerae","Tepidisphaerales","WD2101_soil_group","midas_g_25114","midas_s_25114",300,NA,"Wolfe v3: went back to modified wolfe + EDTA and switched CuSO4 to CUCl2"
"8c244456b056b6b07dd3fe3de07754c0","Q",0,"Bacteria","Planctomycetota","Phycisphaerae","Phycisphaerales","Phycisphaeraceae","midas_g_14240","midas_s_14240",300,NA,"Wolfe v3: went back to modified wolfe + EDTA and switched CuSO4 to CUCl2"
"5f012e60ebbd77b52bfe4a68ac5643da","Q",0,"Bacteria","Planctomycetota","Phycisphaerae","Phycisphaerales","Phycisphaeraceae","midas_g_62006","midas_s_62006",300,NA,"Wolfe v3: went back to modified wolfe + EDTA and switched CuSO4 to CUCl2"
"2b33fe69214c39198384dc9686326117","Q",0,"Bacteria","Planctomycetota","Phycisphaerae","Phycisphaerales","AKAU3564_sediment_group","midas_g_119322","midas_s_119322",300,NA,"Wolfe v3: went back to modified wolfe + EDTA and switched CuSO4 to CUCl2"
"5bd290b8145c47c97f4b53595839a743","Q",0,"Bacteria","Planctomycetota","Phycisphaerae","Phycisphaerales","AKAU3564_sediment_group",NA,NA,300,NA,"Wolfe v3: went back to modified wolfe + EDTA and switched CuSO4 to CUCl2"
"5810b6e2d5b4ab3fd92892dccf084271","Q",0,"Bacteria","Planctomycetota","Phycisphaerae","Phycisphaerales","AKAU3564_sediment_group","midas_g_114632","midas_s_114845",300,NA,"Wolfe v3: went back to modified wolfe + EDTA and switched CuSO4 to CUCl2"
"88a9a64b37ae0a1b25e1f700e445ab77","Q",0,"Bacteria","Planctomycetota","Phycisphaerae","Phycisphaerales","AKAU3564_sediment_group","midas_g_100021","midas_s_100021",300,NA,"Wolfe v3: went back to modified wolfe + EDTA and switched CuSO4 to CUCl2"
"4552de4017ada34de916b0caaaf5ea54","Q",0,"Bacteria","Planctomycetota","Phycisphaerae","Phycisphaerales","AKAU3564_sediment_group",NA,NA,300,NA,"Wolfe v3: went back to modified wolfe + EDTA and switched CuSO4 to CUCl2"
"ad94607116582c89c6eb5001f5150f80","Q",0,"Bacteria","Planctomycetota","Phycisphaerae","Phycisphaerales","AKAU3564_sediment_group",NA,NA,300,NA,"Wolfe v3: went back to modified wolfe + EDTA and switched CuSO4 to CUCl2"
"c4a386b001291fa4bda56b6eb40173b6","Q",0,"Bacteria","Acidobacteriota","Aminicenantia","Aminicenantales","midas_f_1714","midas_g_1714","midas_s_1714",300,NA,"Wolfe v3: went back to modified wolfe + EDTA and switched CuSO4 to CUCl2"
"c7b5ccd6001f20b113bf480efab552c9","Q",0,"Bacteria","Acidobacteriota","Aminicenantia","Aminicenantales","midas_f_55","midas_g_4324",NA,300,NA,"Wolfe v3: went back to modified wolfe + EDTA and switched CuSO4 to CUCl2"
"b6b373e4adb9c081da6a2499547960c7","Q",0,"Bacteria","Acidobacteriota","Aminicenantia","Aminicenantales","midas_f_55","midas_g_2538",NA,300,NA,"Wolfe v3: went back to modified wolfe + EDTA and switched CuSO4 to CUCl2"
"ae9418ce9d02c32999138b34c48512fb","Q",0,"Bacteria","Synergistota","Synergistia","Synergistales","Synergistaceae","Lactivibrio","midas_s_3664",300,NA,"Wolfe v3: went back to modified wolfe + EDTA and switched CuSO4 to CUCl2"
"607a06d9faf3f514074b5a4908b55a82","Q",0,"Bacteria","Synergistota","Synergistia","Synergistales","Synergistaceae","Syner-01",NA,300,NA,"Wolfe v3: went back to modified wolfe + EDTA and switched CuSO4 to CUCl2"
"fc342d5f1833e1ea778160c892d7a5f3","Q",0,"Bacteria","Synergistota","Synergistia","Synergistales","Synergistaceae",NA,NA,300,NA,"Wolfe v3: went back to modified wolfe + EDTA and switched CuSO4 to CUCl2"
"52fc77f20545190663b74a1784361e4e","Q",0,"Bacteria","Synergistota","Synergistia","Synergistales","Synergistaceae","midas_g_762","midas_s_7319",300,NA,"Wolfe v3: went back to modified wolfe + EDTA and switched CuSO4 to CUCl2"
"dac9df4edca47d4aefa5e8b6eb75543a","Q",0,"Bacteria","Synergistota","Synergistia","Synergistales","Synergistaceae","midas_g_762","midas_s_91431",300,NA,"Wolfe v3: went back to modified wolfe + EDTA and switched CuSO4 to CUCl2"
"7ba3402ab86ac791941e0dc862234ee8","Q",0,"Bacteria","Synergistota","Synergistia","Synergistales","Synergistaceae","midas_g_5426","midas_s_5426",300,NA,"Wolfe v3: went back to modified wolfe + EDTA and switched CuSO4 to CUCl2"
"ac2b4531feeeea309e70b76c5033f7e4","Q",0,"Bacteria","Synergistota","Synergistia","Synergistales","Synergistaceae","midas_g_5426","midas_s_5426",300,NA,"Wolfe v3: went back to modified wolfe + EDTA and switched CuSO4 to CUCl2"
"f9e991f7932771f75b908089e6a3c5f0","Q",0,"Bacteria","Synergistota","Synergistia","Synergistales","Synergistaceae","midas_g_762","midas_s_762",300,NA,"Wolfe v3: went back to modified wolfe + EDTA and switched CuSO4 to CUCl2"
"94c987167d228d5d7c91fde448e1cb6f","Q",0,"Bacteria","Synergistota","Synergistia","Synergistales","Synergistaceae","Aminivibrio","midas_s_88014",300,NA,"Wolfe v3: went back to modified wolfe + EDTA and switched CuSO4 to CUCl2"
"5613f4a6a9df36d05e0e24570423fed1","Q",0,"Bacteria","Synergistota","Synergistia","Synergistales","Synergistaceae","Aminivibrio","Aminivibrio_pyruvatiphilus",300,NA,"Wolfe v3: went back to modified wolfe + EDTA and switched CuSO4 to CUCl2"
"522fc29c9966a380a17ce86687cc600b","Q",0,"Bacteria","Synergistota","Synergistia","Synergistales","Synergistaceae",NA,NA,300,NA,"Wolfe v3: went back to modified wolfe + EDTA and switched CuSO4 to CUCl2"
"704d9e2c5c3cea3c4683fe56146b043e","Q",0,"Bacteria","Synergistota","Synergistia","Synergistales","Synergistaceae","Syner-01",NA,300,NA,"Wolfe v3: went back to modified wolfe + EDTA and switched CuSO4 to CUCl2"
"17123c2e3b5a49f1a34d33c72878a37e","Q",0,"Bacteria","Synergistota","Synergistia","Synergistales","Synergistaceae","Syner-01",NA,300,NA,"Wolfe v3: went back to modified wolfe + EDTA and switched CuSO4 to CUCl2"
"068318d9dda2d16e8aa77418261bd64b","Q",0,"Bacteria","Synergistota","Synergistia","Synergistales","Synergistaceae","Syner-01",NA,300,NA,"Wolfe v3: went back to modified wolfe + EDTA and switched CuSO4 to CUCl2"
"713956008008d889ae4a6327cb4f1061","Q",0,"Bacteria","Synergistota","Synergistia","Synergistales","Synergistaceae","Syner-01",NA,300,NA,"Wolfe v3: went back to modified wolfe + EDTA and switched CuSO4 to CUCl2"
"f0547f74dbcfeca9eef70572311914b5","Q",0,"Bacteria","Synergistota","Synergistia","Synergistales","Synergistaceae","midas_g_2022",NA,300,NA,"Wolfe v3: went back to modified wolfe + EDTA and switched CuSO4 to CUCl2"
"7ca0aa981440578673a435c612592e0b","Q",0,"Bacteria","Synergistota","Synergistia","Synergistales","Synergistaceae","Syner-01","midas_s_6108",300,NA,"Wolfe v3: went back to modified wolfe + EDTA and switched CuSO4 to CUCl2"
"d83c0d8fbc6ae1fe1c0dd12cbea1833a","Q",0,"Bacteria","Verrucomicrobiota","Verrucomicrobiae","Verrucomicrobiales","Verrucomicrobiaceae","midas_g_3108","midas_s_3108",300,NA,"Wolfe v3: went back to modified wolfe + EDTA and switched CuSO4 to CUCl2"
"346f4cf3bc35393efe4260b2f0b1966d","Q",0,"Bacteria","Verrucomicrobiota","Verrucomicrobiae","Verrucomicrobiales","Verrucomicrobiaceae","Verrucomicrobium","midas_s_57864",300,NA,"Wolfe v3: went back to modified wolfe + EDTA and switched CuSO4 to CUCl2"
"7170942055c32bb7a709c4a92e29a258","Q",0,"Bacteria","Verrucomicrobiota","Verrucomicrobiae","Chthoniobacterales","Chthoniobacteraceae","Chthoniobacter","midas_s_67416",300,NA,"Wolfe v3: went back to modified wolfe + EDTA and switched CuSO4 to CUCl2"
"4a116f83e81e1519640492c5bf55a3bf","Q",0,"Bacteria","Verrucomicrobiota","Verrucomicrobiae","Chthoniobacterales","Chthoniobacteraceae","Chthoniobacter",NA,300,NA,"Wolfe v3: went back to modified wolfe + EDTA and switched CuSO4 to CUCl2"
"0b5f1332724e9f07873bad86a8fbc029","Q",0,"Bacteria","Verrucomicrobiota","Verrucomicrobiae","Chthoniobacterales","Chthoniobacteraceae","Chthoniobacter","midas_s_67416",300,NA,"Wolfe v3: went back to modified wolfe + EDTA and switched CuSO4 to CUCl2"
"cea48cb9e85cce1a4c9d90bff8f6ded5","Q",0,"Bacteria","Verrucomicrobiota","Verrucomicrobiae","Chthoniobacterales",NA,NA,NA,300,NA,"Wolfe v3: went back to modified wolfe + EDTA and switched CuSO4 to CUCl2"
"22fa460af93a84061844f0660d43797e","Q",0,"Bacteria","Verrucomicrobiota","Verrucomicrobiae","Pedosphaerales","Pedosphaeraceae","ADurb.Bin063-1","midas_s_65976",300,NA,"Wolfe v3: went back to modified wolfe + EDTA and switched CuSO4 to CUCl2"
"9c7db0d5022a938bf5ea950826d34437","Q",0,"Bacteria","Verrucomicrobiota","Verrucomicrobiae","Pedosphaerales","Pedosphaeraceae",NA,NA,300,NA,"Wolfe v3: went back to modified wolfe + EDTA and switched CuSO4 to CUCl2"
"9a38fac836b824fbd5c99165b543ca0a","Q",0,"Bacteria","Verrucomicrobiota","Verrucomicrobiae","Pedosphaerales","Pedosphaeraceae","SH3-11","midas_s_6582",300,NA,"Wolfe v3: went back to modified wolfe + EDTA and switched CuSO4 to CUCl2"
"d4967db74f90dc58ab34ae78957b3f4c","Q",0,"Bacteria","Campylobacterota","Campylobacteria","Campylobacterales","Sulfurovaceae","Sulfurovum","midas_s_39575",300,NA,"Wolfe v3: went back to modified wolfe + EDTA and switched CuSO4 to CUCl2"
"a49becf5a5dbcb201f091757c62fc6bb","Q",0,"Bacteria","Campylobacterota","Campylobacteria","Campylobacterales","Arcobacteraceae","Pseudarcobacter",NA,300,NA,"Wolfe v3: went back to modified wolfe + EDTA and switched CuSO4 to CUCl2"
"cefc5e0aafd4478065e1ffd5c5ad5f28","Q",0,"Bacteria","Campylobacterota","Campylobacteria","Campylobacterales","Arcobacteraceae","Arcobacter",NA,300,NA,"Wolfe v3: went back to modified wolfe + EDTA and switched CuSO4 to CUCl2"
"64726048843aad3c93d620cd9e0479ad","Q",0,"Bacteria","Proteobacteria","Alphaproteobacteria","Rickettsiales","Mitochondria","Nannochloropsis_limnetica","midas_s_116546",300,NA,"Wolfe v3: went back to modified wolfe + EDTA and switched CuSO4 to CUCl2"
"be817fedc78d38052d17146829adb06d","Q",0,"Bacteria","Proteobacteria","midas_c_33170","midas_o_33170","midas_f_33170","midas_g_33170","midas_s_33170",300,NA,"Wolfe v3: went back to modified wolfe + EDTA and switched CuSO4 to CUCl2"
"8afde037c611bdd1b53997b0f6b4dd7a","Q",0,"Bacteria","Proteobacteria","midas_c_33170","midas_o_33170","midas_f_33170","midas_g_33170","midas_s_33170",300,NA,"Wolfe v3: went back to modified wolfe + EDTA and switched CuSO4 to CUCl2"
"92862fbe6ff344c8964156b2a0b424cc","Q",0,"Bacteria","Proteobacteria","midas_c_33170","midas_o_33170","midas_f_33170","midas_g_33170","midas_s_33170",300,NA,"Wolfe v3: went back to modified wolfe + EDTA and switched CuSO4 to CUCl2"
"8f9f1230951b3b3b3d3fb12aa4ed0e8e","Q",0,"Bacteria","midas_p_43884","midas_c_43884","midas_o_43884","midas_f_43884",NA,NA,300,NA,"Wolfe v3: went back to modified wolfe + EDTA and switched CuSO4 to CUCl2"
"b8299c90e4c775b18c1c5ff6d23ad616","Q",0,"Bacteria",NA,NA,NA,NA,NA,NA,300,NA,"Wolfe v3: went back to modified wolfe + EDTA and switched CuSO4 to CUCl2"
"26c822a9da99f48bc5eabddbeda2a1e8","Q",0,"Bacteria",NA,NA,NA,NA,NA,NA,300,NA,"Wolfe v3: went back to modified wolfe + EDTA and switched CuSO4 to CUCl2"
"e61e6021af25969dd347b921fc6389a4","Q",0,"Bacteria",NA,NA,NA,NA,NA,NA,300,NA,"Wolfe v3: went back to modified wolfe + EDTA and switched CuSO4 to CUCl2"
"76ef356d895e6434580f18ab74a63e6c","Q",0,"Bacteria",NA,NA,NA,NA,NA,NA,300,NA,"Wolfe v3: went back to modified wolfe + EDTA and switched CuSO4 to CUCl2"
"54e2ac902f306ae27ca844f44be5b425","Q",0,"Bacteria",NA,NA,NA,NA,NA,NA,300,NA,"Wolfe v3: went back to modified wolfe + EDTA and switched CuSO4 to CUCl2"
"822e596ebee53d4dcd5ffe3e26ec43d4","Q",0,"Bacteria",NA,NA,NA,NA,NA,NA,300,NA,"Wolfe v3: went back to modified wolfe + EDTA and switched CuSO4 to CUCl2"
"44d199fe6af5278159ea5f9943993fd3","Q",0,"Bacteria","midas_p_84329","midas_c_84329","midas_o_84329","midas_f_84329","midas_g_84329","midas_s_84329",300,NA,"Wolfe v3: went back to modified wolfe + EDTA and switched CuSO4 to CUCl2"
"02541e05438ebd6cd913200972ef5e4b","Q",0,"Bacteria",NA,NA,NA,NA,NA,NA,300,NA,"Wolfe v3: went back to modified wolfe + EDTA and switched CuSO4 to CUCl2"
"6e252cae9e8ff5755e0cfa5c52a78beb","Q",0,"Bacteria",NA,NA,NA,NA,NA,NA,300,NA,"Wolfe v3: went back to modified wolfe + EDTA and switched CuSO4 to CUCl2"
"608bdffdf9263f1b123d069d10e69f9a","Q",0,"Bacteria",NA,NA,NA,NA,NA,NA,300,NA,"Wolfe v3: went back to modified wolfe + EDTA and switched CuSO4 to CUCl2"
"46bd23bd0fd9dba10f345fa125cfcb81","Q",0,"Bacteria",NA,NA,NA,NA,NA,NA,300,NA,"Wolfe v3: went back to modified wolfe + EDTA and switched CuSO4 to CUCl2"
"c2baae149e8c7b36f47fe4bf2356f1f7","Q",0,"Bacteria",NA,NA,NA,NA,NA,NA,300,NA,"Wolfe v3: went back to modified wolfe + EDTA and switched CuSO4 to CUCl2"
"a012a92141e089dd0e178bc46889f8bd","Q",0,"Bacteria",NA,NA,NA,NA,NA,NA,300,NA,"Wolfe v3: went back to modified wolfe + EDTA and switched CuSO4 to CUCl2"
"f91fb95263a6d30aad8042fa60f3d62e","Q",0,"Bacteria",NA,NA,NA,NA,NA,NA,300,NA,"Wolfe v3: went back to modified wolfe + EDTA and switched CuSO4 to CUCl2"
"94fc0eb5f4d613c2766734c28a5f1a9f","Q",0,"Bacteria",NA,NA,NA,NA,NA,NA,300,NA,"Wolfe v3: went back to modified wolfe + EDTA and switched CuSO4 to CUCl2"
"36f3b6d6951a802a6906a07bed8168bb","Q",0,"Bacteria",NA,NA,NA,NA,NA,NA,300,NA,"Wolfe v3: went back to modified wolfe + EDTA and switched CuSO4 to CUCl2"
"6a639263c07c310881a6085392276536","Q",0,"Bacteria",NA,NA,NA,NA,NA,NA,300,NA,"Wolfe v3: went back to modified wolfe + EDTA and switched CuSO4 to CUCl2"
"1f42391a983ba3af940e541d110a8432","Q",0,"Bacteria",NA,NA,NA,NA,NA,NA,300,NA,"Wolfe v3: went back to modified wolfe + EDTA and switched CuSO4 to CUCl2"
"2c76f558846fa9aa57c59ddacefeacb2","Q",0,"Bacteria",NA,NA,NA,NA,NA,NA,300,NA,"Wolfe v3: went back to modified wolfe + EDTA and switched CuSO4 to CUCl2"
"df24931eef177828ec0d0b347ec6cf02","Q",0,"Bacteria",NA,NA,NA,NA,NA,NA,300,NA,"Wolfe v3: went back to modified wolfe + EDTA and switched CuSO4 to CUCl2"
"eca00dcc9a01255b6cb66fbd5b3bd285","Q",0,"Bacteria",NA,NA,NA,NA,NA,NA,300,NA,"Wolfe v3: went back to modified wolfe + EDTA and switched CuSO4 to CUCl2"
"9b07d0a34ae911d20d9f7d8d4f7ee676","Q",0,"Bacteria",NA,NA,NA,NA,NA,NA,300,NA,"Wolfe v3: went back to modified wolfe + EDTA and switched CuSO4 to CUCl2"
"b2fb53987643b4f865fb0a5912ee1071","Q",0,"Bacteria",NA,NA,NA,NA,NA,NA,300,NA,"Wolfe v3: went back to modified wolfe + EDTA and switched CuSO4 to CUCl2"
"bfc04a7e7b744ab56306075ef236d753","Q",0,"Bacteria",NA,NA,NA,NA,NA,NA,300,NA,"Wolfe v3: went back to modified wolfe + EDTA and switched CuSO4 to CUCl2"
"ad7b37d7259f65ae5d2d898c539a6297","Q",0,"Bacteria","midas_p_113571","midas_c_113571","midas_o_113571","midas_f_113571","midas_g_113571","midas_s_113571",300,NA,"Wolfe v3: went back to modified wolfe + EDTA and switched CuSO4 to CUCl2"
"bf5493457f0a16552a432f4bbf9330f3","Q",0,"Bacteria",NA,NA,NA,NA,NA,NA,300,NA,"Wolfe v3: went back to modified wolfe + EDTA and switched CuSO4 to CUCl2"
"72c6706063e2325bd12c28ea8b23e872","Q",0,"Bacteria",NA,NA,NA,NA,NA,NA,300,NA,"Wolfe v3: went back to modified wolfe + EDTA and switched CuSO4 to CUCl2"
"03a6a6d84a7be4b11b6467c91ca79d57","Q",0,"Bacteria",NA,NA,NA,NA,NA,NA,300,NA,"Wolfe v3: went back to modified wolfe + EDTA and switched CuSO4 to CUCl2"
"00b31ea747aed535c930a3fb84d039e0","Q",0,"Bacteria",NA,NA,NA,NA,NA,NA,300,NA,"Wolfe v3: went back to modified wolfe + EDTA and switched CuSO4 to CUCl2"
"9f4c3d76158212d20d1239263d545546","Q",0,"Bacteria",NA,NA,NA,NA,NA,NA,300,NA,"Wolfe v3: went back to modified wolfe + EDTA and switched CuSO4 to CUCl2"
"e18b23c45176c0057fba189b47d25506","Q",0,"Bacteria","Proteobacteria","Alphaproteobacteria","Rickettsiales","midas_f_34660","midas_g_34660","midas_s_48833",300,NA,"Wolfe v3: went back to modified wolfe + EDTA and switched CuSO4 to CUCl2"
"0092fa9cfbb787e7d34b4a3417ab24e3","Q",0,"Bacteria","Bdellovibrionota","Bdellovibrionia","Bdellovibrionales","Bdellovibrionaceae","Bdellovibrio",NA,300,NA,"Wolfe v3: went back to modified wolfe + EDTA and switched CuSO4 to CUCl2"
"d232fae99923ef2ca92f6afbc004f379","Q",0,"Bacteria","Bdellovibrionota","Oligoflexia","Oligoflexales","Oligoflexaceae","midas_g_41560","midas_s_41560",300,NA,"Wolfe v3: went back to modified wolfe + EDTA and switched CuSO4 to CUCl2"
"3f621680f877f8755d3bf38982001f7b","Q",0,"Bacteria","Verrucomicrobiota","Lentisphaeria","Victivallales","Victivallaceae","midas_g_88408","midas_s_88408",300,NA,"Wolfe v3: went back to modified wolfe + EDTA and switched CuSO4 to CUCl2"
"5009ec83dc7d2e70acc5d0426d8abceb","Q",0,"Bacteria","Verrucomicrobiota","Verrucomicrobiae","Opitutales","Puniceicoccaceae","Verruc-01","midas_s_47647",300,NA,"Wolfe v3: went back to modified wolfe + EDTA and switched CuSO4 to CUCl2"
"40435e518fea30a9f66dd28ace97dcd0","Q",0,"Bacteria","Verrucomicrobiota","Verrucomicrobiae","Opitutales","Puniceicoccaceae","Verruc-01","midas_s_41103",300,NA,"Wolfe v3: went back to modified wolfe + EDTA and switched CuSO4 to CUCl2"
"c5aceb1c0837567d8fd6258bde60c07e","Q",0,"Bacteria","Acidobacteriota","Vicinamibacteria","Vicinamibacterales","midas_f_352","midas_g_2780","midas_s_4149",300,NA,"Wolfe v3: went back to modified wolfe + EDTA and switched CuSO4 to CUCl2"
"a5687ae218d670b18de3577539a459e3","Q",0,"Bacteria","Bdellovibrionota","Oligoflexia","0319-6G20","midas_f_3092",NA,NA,300,NA,"Wolfe v3: went back to modified wolfe + EDTA and switched CuSO4 to CUCl2"
"2481a293c5dffa73e03136fa6efdff28","Q",0,"Bacteria","Bdellovibrionota","Oligoflexia","0319-6G20","midas_f_3092","midas_g_26258",NA,300,NA,"Wolfe v3: went back to modified wolfe + EDTA and switched CuSO4 to CUCl2"
"07ab589574a5adeae211c91efb58a71f","Q",0,"Bacteria","Deinococcota","Deinococci","Deinococcales","Trueperaceae","Truepera","midas_s_49171",300,NA,"Wolfe v3: went back to modified wolfe + EDTA and switched CuSO4 to CUCl2"
"991143d1b16b7f958f686b23f0d983e9","Q",0,"Bacteria","Armatimonadota","Fimbriimonadia","Fimbriimonadales","Fimbriimonadaceae",NA,NA,300,NA,"Wolfe v3: went back to modified wolfe + EDTA and switched CuSO4 to CUCl2"
"3e2d1a7be6fbbcbc12428a01c86b7b8b","Q",0,"Bacteria","Armatimonadota","Fimbriimonadia","Fimbriimonadales","Fimbriimonadaceae","midas_g_4488","midas_s_4488",300,NA,"Wolfe v3: went back to modified wolfe + EDTA and switched CuSO4 to CUCl2"
"a42640f848385634aa76ce36a39e3707","Q",0,"Bacteria","Armatimonadota","Fimbriimonadia","Fimbriimonadales","Fimbriimonadaceae","midas_g_1936",NA,300,NA,"Wolfe v3: went back to modified wolfe + EDTA and switched CuSO4 to CUCl2"
"2eedd8aa9855d2e9d4361aa9321ad4e2","Q",0,"Bacteria","Armatimonadota","midas_c_216","midas_o_1168","midas_f_1168","midas_g_1168","midas_s_3172",300,NA,"Wolfe v3: went back to modified wolfe + EDTA and switched CuSO4 to CUCl2"
"713e9dcfb8f87d843735061fd6bfe1e1","Q",0,"Bacteria","WS1","midas_c_796","midas_o_796","midas_f_796","midas_g_6733","midas_s_6733",300,NA,"Wolfe v3: went back to modified wolfe + EDTA and switched CuSO4 to CUCl2"
"0f6ba75546154e59b7668ab1ac86514b","Q",0,"Bacteria","WS1","midas_c_796","midas_o_796","midas_f_796","midas_g_114284","midas_s_115281",300,NA,"Wolfe v3: went back to modified wolfe + EDTA and switched CuSO4 to CUCl2"
"8658443ac48e043652445ada8a1b38e9","Q",0,"Bacteria","WS1","midas_c_796","midas_o_796","midas_f_796","midas_g_2935","midas_s_2935",300,NA,"Wolfe v3: went back to modified wolfe + EDTA and switched CuSO4 to CUCl2"
"ecd12a77d93a65ff85078c4d7ebb17e0","Q",0,"Bacteria","WS1","midas_c_796","midas_o_796","midas_f_2296","midas_g_7648","midas_s_7648",300,NA,"Wolfe v3: went back to modified wolfe + EDTA and switched CuSO4 to CUCl2"
"60c0c1f05c6aa0881583afbe565c5323","Q",0,"Bacteria","WS1","midas_c_796","midas_o_796","midas_f_2296","midas_g_5241","midas_s_5241",300,NA,"Wolfe v3: went back to modified wolfe + EDTA and switched CuSO4 to CUCl2"
"f8d30c1e3d25ad222894f3a1a7a3eb2a","Q",0,"Bacteria","WS1","midas_c_796","midas_o_796","midas_f_2296","midas_g_3409","midas_s_3409",300,NA,"Wolfe v3: went back to modified wolfe + EDTA and switched CuSO4 to CUCl2"
"6868203f42c3571c5d284d6fd8077b84","Q",0,"Bacteria","WS1","midas_c_796","midas_o_796","midas_f_2296","midas_g_2296","midas_s_2296",300,NA,"Wolfe v3: went back to modified wolfe + EDTA and switched CuSO4 to CUCl2"
"21fcd2fcaa0378a40f3a9db0b3bd948c","Q",0,"Bacteria","WS1","midas_c_796","midas_o_796","midas_f_2296","midas_g_3409","midas_s_3951",300,NA,"Wolfe v3: went back to modified wolfe + EDTA and switched CuSO4 to CUCl2"
"0a23a3ed1cbe71a195745b3c5ea25d68","Q",0,"Bacteria","WS1","midas_c_796","midas_o_796","midas_f_2296","midas_g_3409",NA,300,NA,"Wolfe v3: went back to modified wolfe + EDTA and switched CuSO4 to CUCl2"
"3e5c0929aa7ec948ea82be82637549b1","Q",0,"Bacteria","WS1","midas_c_796","midas_o_796","midas_f_796","midas_g_2785","midas_s_2785",300,NA,"Wolfe v3: went back to modified wolfe + EDTA and switched CuSO4 to CUCl2"
"9e4993b7e2e6e5d4b584c46aaac0bde5","Q",0,"Bacteria","WS1","midas_c_796","midas_o_796","midas_f_796","midas_g_796","midas_s_796",300,NA,"Wolfe v3: went back to modified wolfe + EDTA and switched CuSO4 to CUCl2"
"bd0dd34948cdbece22dc78b4556aa529","Q",0,"Bacteria","Armatimonadota","midas_c_216","midas_o_6226","midas_f_6226",NA,NA,300,NA,"Wolfe v3: went back to modified wolfe + EDTA and switched CuSO4 to CUCl2"
"592e037654532013ab7258e4ae16b0b5","Q",0,"Bacteria","Armatimonadota","midas_c_216","midas_o_216","midas_f_216","midas_g_28347","midas_s_28347",300,NA,"Wolfe v3: went back to modified wolfe + EDTA and switched CuSO4 to CUCl2"
"ff0fc9ae659d05bff51228eb12dc2291","Q",0,"Bacteria","Armatimonadota","midas_c_216","midas_o_216","midas_f_216","midas_g_310","midas_s_5342",300,NA,"Wolfe v3: went back to modified wolfe + EDTA and switched CuSO4 to CUCl2"
"495f0278f21e9c70f64f973cab973d03","Q",0,"Bacteria","Armatimonadota","midas_c_216","midas_o_216","midas_f_216",NA,NA,300,NA,"Wolfe v3: went back to modified wolfe + EDTA and switched CuSO4 to CUCl2"
"cd969c22db8f82239769a164e1e5ea93","Q",0,"Bacteria","Armatimonadota","midas_c_216","midas_o_216","midas_f_216","midas_g_8931","midas_s_112943",300,NA,"Wolfe v3: went back to modified wolfe + EDTA and switched CuSO4 to CUCl2"
"4876b86f5480b63093b5ed493010d622","Q",0,"Bacteria","Armatimonadota","midas_c_216","midas_o_216","midas_f_216","midas_g_216","midas_s_409",300,NA,"Wolfe v3: went back to modified wolfe + EDTA and switched CuSO4 to CUCl2"
"549656e5dca3b5e4918c59545d94e8b0","Q",0,"Bacteria","Armatimonadota","midas_c_216","midas_o_216","midas_f_216",NA,NA,300,NA,"Wolfe v3: went back to modified wolfe + EDTA and switched CuSO4 to CUCl2"
"5b1e1cf5993a1b5ab7467ae5ebe4d8a4","Q",0,"Bacteria","Armatimonadota","midas_c_216","midas_o_92789","midas_f_92789","midas_g_92789","midas_s_92789",300,NA,"Wolfe v3: went back to modified wolfe + EDTA and switched CuSO4 to CUCl2"
"e1c573f885ed4c9191a32116f583d78a","Q",0,"Bacteria","Armatimonadota","midas_c_216","midas_o_92789","midas_f_92789","midas_g_114295","midas_s_114295",300,NA,"Wolfe v3: went back to modified wolfe + EDTA and switched CuSO4 to CUCl2"
"93d4e77c702d14bae2ff583e94565370","Q",0,"Bacteria","Armatimonadota","midas_c_216","midas_o_92789","midas_f_92789","midas_g_114295","midas_s_114295",300,NA,"Wolfe v3: went back to modified wolfe + EDTA and switched CuSO4 to CUCl2"
"a84e1039f9b157a2085d23b4114bc888","Q",0,"Bacteria","Armatimonadota","Chthonomonadetes","Chthonomonadales","midas_f_6187","midas_g_6187","midas_s_6187",300,NA,"Wolfe v3: went back to modified wolfe + EDTA and switched CuSO4 to CUCl2"
"40da09c73f84b20e7a882a02f485f1f3","Q",0,"Bacteria","Firmicutes","midas_c_145","Gelria",NA,NA,NA,300,NA,"Wolfe v3: went back to modified wolfe + EDTA and switched CuSO4 to CUCl2"
"e0987c7b47c2fb3b4638ebd7a04f69a0","Q",0,"Bacteria","Firmicutes","midas_c_145","Gelria","midas_f_8126",NA,NA,300,NA,"Wolfe v3: went back to modified wolfe + EDTA and switched CuSO4 to CUCl2"
"2c4fdd0845cdde26dc7d98f576bb10e7","Q",0,"Bacteria","Firmicutes","midas_c_145","Gelria","midas_f_8126",NA,NA,300,NA,"Wolfe v3: went back to modified wolfe + EDTA and switched CuSO4 to CUCl2"
"caa8c5625990aa1feeb77274cbfd7ffa","Q",0,"Bacteria","Firmicutes","midas_c_145","Gelria","midas_f_8126","midas_g_8126","midas_s_8126",300,NA,"Wolfe v3: went back to modified wolfe + EDTA and switched CuSO4 to CUCl2"
"81f8883a0b290b6dc7652309040b6ad2","Q",0,"Bacteria","Firmicutes",NA,NA,NA,NA,NA,300,NA,"Wolfe v3: went back to modified wolfe + EDTA and switched CuSO4 to CUCl2"
"ab8d396cc48256dc50ec98bcc4419d8b","Q",0,"Bacteria","Firmicutes","Symbiobacteriia","Symbiobacteriales","Symbiobacteraceae","Symbiobacterium","midas_s_108838",300,NA,"Wolfe v3: went back to modified wolfe + EDTA and switched CuSO4 to CUCl2"
"f9592d197b4e8b201673245f0501b6b3","Q",0,"Bacteria","Firmicutes","Symbiobacteriia","Symbiobacteriales","Symbiobacteraceae","Symbiobacterium","Symbiobacterium_turbinis",300,NA,"Wolfe v3: went back to modified wolfe + EDTA and switched CuSO4 to CUCl2"
"9a326ae5ed3864dcaaf79bc7b1c0a8e7","Q",0,"Bacteria","Firmicutes","D8A-2","midas_o_13","midas_f_13","midas_g_554",NA,300,NA,"Wolfe v3: went back to modified wolfe + EDTA and switched CuSO4 to CUCl2"
"ac88022abe88b69c50f8c064630c5ff2","Q",0,"Bacteria","Firmicutes","D8A-2","midas_o_13","midas_f_13","midas_g_554","midas_s_554",300,NA,"Wolfe v3: went back to modified wolfe + EDTA and switched CuSO4 to CUCl2"
"b5b93f7fc3d0a88dff0ced83eb0bb5ab","Q",0,"Bacteria","Firmicutes","D8A-2","midas_o_13","midas_f_13","midas_g_554","midas_s_116552",300,NA,"Wolfe v3: went back to modified wolfe + EDTA and switched CuSO4 to CUCl2"
"5c92a1870d7469268123d143f0a95910","Q",0,"Bacteria","Firmicutes","D8A-2","midas_o_13","midas_f_13","midas_g_664",NA,300,NA,"Wolfe v3: went back to modified wolfe + EDTA and switched CuSO4 to CUCl2"
"96a0d03e75930560abfccfea17f4410f","Q",0,"Bacteria","Firmicutes","D8A-2","midas_o_13","midas_f_13","midas_g_13","midas_s_76",300,NA,"Wolfe v3: went back to modified wolfe + EDTA and switched CuSO4 to CUCl2"
"de1e619dc7f15e1df4639581d8f08666","Q",0,"Bacteria","Firmicutes","D8A-2","midas_o_13","midas_f_13","midas_g_13","midas_s_305",300,NA,"Wolfe v3: went back to modified wolfe + EDTA and switched CuSO4 to CUCl2"
"c07ac7ffa60c0baeb47cea4cefaeeae4","Q",0,"Bacteria","Firmicutes","Clostridia","Christensenellales","Christensenellaceae","midas_g_102591","midas_s_102591",300,NA,"Wolfe v3: went back to modified wolfe + EDTA and switched CuSO4 to CUCl2"
"5695cd2c25b48c99a4e5f409fc3f94ea","Q",0,"Bacteria","Firmicutes","Clostridia","Christensenellales","Christensenellaceae","midas_g_102591","midas_s_102591",300,NA,"Wolfe v3: went back to modified wolfe + EDTA and switched CuSO4 to CUCl2"
"34b33ab6ae99c108b6016cac0502ea5c","Q",0,"Bacteria","Firmicutes","Clostridia","Christensenellales","Christensenellaceae","midas_g_113746","midas_s_119232",300,NA,"Wolfe v3: went back to modified wolfe + EDTA and switched CuSO4 to CUCl2"
"ee14afe4571845779465f8dc9646c7b4","Q",0,"Bacteria","Firmicutes","Clostridia","Christensenellales","Christensenellaceae","Christensenellaceae_R-7_group",NA,300,NA,"Wolfe v3: went back to modified wolfe + EDTA and switched CuSO4 to CUCl2"
"4354b8538135682d47de4011b1864467","Q",0,"Bacteria","Firmicutes","Clostridia","Christensenellales","Christensenellaceae","Christensenellaceae_R-7_group",NA,300,NA,"Wolfe v3: went back to modified wolfe + EDTA and switched CuSO4 to CUCl2"
"5631fe818e588992529f6071afc9cda5","Q",0,"Bacteria","Firmicutes","Clostridia","Christensenellales","Christensenellaceae","Christensenellaceae_R-7_group",NA,300,NA,"Wolfe v3: went back to modified wolfe + EDTA and switched CuSO4 to CUCl2"
"8c740d5ca21893b47c7619df1247c75d","Q",0,"Bacteria","Firmicutes","Clostridia","Christensenellales","Christensenellaceae","Christensenellaceae_R-7_group",NA,300,NA,"Wolfe v3: went back to modified wolfe + EDTA and switched CuSO4 to CUCl2"
"7f9277d9d86c8f5634f47ff9ab0ce79d","Q",0,"Bacteria","Firmicutes","Clostridia","Christensenellales","Christensenellaceae","Christensenellaceae_R-7_group",NA,300,NA,"Wolfe v3: went back to modified wolfe + EDTA and switched CuSO4 to CUCl2"
"95efcfc5bf54e543b76173209e6ecfd9","Q",0,"Bacteria","Firmicutes","Clostridia","Christensenellales","Christensenellaceae","Christensenellaceae_R-7_group","midas_s_5723",300,NA,"Wolfe v3: went back to modified wolfe + EDTA and switched CuSO4 to CUCl2"
"5ccde7f0ad35d7a47123478dd67b2774","Q",0,"Bacteria","Firmicutes","Clostridia","Christensenellales","Christensenellaceae","Christensenellaceae_R-7_group",NA,300,NA,"Wolfe v3: went back to modified wolfe + EDTA and switched CuSO4 to CUCl2"
"cead0ca51f97bc24bf11b1d1d12aee6e","Q",0,"Bacteria","Firmicutes","Clostridia","Christensenellales","Christensenellaceae","Christensenellaceae_R-7_group",NA,300,NA,"Wolfe v3: went back to modified wolfe + EDTA and switched CuSO4 to CUCl2"
"920fe236cb3d2ec76bfac976e7f3878f","Q",0,"Bacteria","Firmicutes","Clostridia","Christensenellales","Christensenellaceae","midas_g_43582","midas_s_99931",300,NA,"Wolfe v3: went back to modified wolfe + EDTA and switched CuSO4 to CUCl2"
"53b91ed8941d63dc6bdcf622f25e3b10","Q",0,"Bacteria","Firmicutes","Clostridia","Christensenellales","Christensenellaceae","Christensenellaceae_R-7_group",NA,300,NA,"Wolfe v3: went back to modified wolfe + EDTA and switched CuSO4 to CUCl2"
"fdbf76a389e7e1045f64dcd50696b8e7","Q",0,"Bacteria","Firmicutes","Clostridia","Christensenellales","Christensenellaceae","Christensenellaceae_R-7_group",NA,300,NA,"Wolfe v3: went back to modified wolfe + EDTA and switched CuSO4 to CUCl2"
"ba7f833e7c235bf589dd87a343592b6d","Q",0,"Bacteria","Firmicutes","Clostridia","Christensenellales","Christensenellaceae","Christensenellaceae_R-7_group",NA,300,NA,"Wolfe v3: went back to modified wolfe + EDTA and switched CuSO4 to CUCl2"
"ed8d4ddbcd038b4a641db9544d629437","Q",0,"Bacteria","Firmicutes","Clostridia","Christensenellales","Christensenellaceae","Christensenellaceae_R-7_group",NA,300,NA,"Wolfe v3: went back to modified wolfe + EDTA and switched CuSO4 to CUCl2"
"fc9125c17dc8e3db85b070f0c8457f7b","Q",0,"Bacteria","Firmicutes","Clostridia","Christensenellales","Christensenellaceae","Christensenellaceae_R-7_group",NA,300,NA,"Wolfe v3: went back to modified wolfe + EDTA and switched CuSO4 to CUCl2"
"646c600381d6a1b866b50959f3dba7b2","Q",0,"Bacteria","Firmicutes","Clostridia","Christensenellales","Christensenellaceae","Christensenellaceae_R-7_group",NA,300,NA,"Wolfe v3: went back to modified wolfe + EDTA and switched CuSO4 to CUCl2"
"01fa3a0ebc9793d48821043d2713ecfc","Q",0,"Bacteria","Firmicutes","Clostridia","Christensenellales","Christensenellaceae","Christensenellaceae_R-7_group","midas_s_76428",300,NA,"Wolfe v3: went back to modified wolfe + EDTA and switched CuSO4 to CUCl2"
"71759382cfc2547ea9f6f84a1c2bff86","Q",0,"Bacteria","Firmicutes","Clostridia","Christensenellales","Christensenellaceae","Christensenellaceae_R-7_group","midas_s_92802",300,NA,"Wolfe v3: went back to modified wolfe + EDTA and switched CuSO4 to CUCl2"
"5ab9c9baf340ca93a35be10b4a5b294a","Q",0,"Bacteria","Firmicutes","Clostridia","Christensenellales","Christensenellaceae","Christensenellaceae_R-7_group",NA,300,NA,"Wolfe v3: went back to modified wolfe + EDTA and switched CuSO4 to CUCl2"
"92c7d2d035c344ba43e756fcc909c99f","Q",0,"Bacteria","Firmicutes","Clostridia","Christensenellales","Christensenellaceae","Christensenellaceae_R-7_group",NA,300,NA,"Wolfe v3: went back to modified wolfe + EDTA and switched CuSO4 to CUCl2"
"9ead680e3df2fcf7052a3c97ed063613","Q",0,"Bacteria","Firmicutes","Clostridia","Christensenellales","Christensenellaceae","Christensenellaceae_R-7_group",NA,300,NA,"Wolfe v3: went back to modified wolfe + EDTA and switched CuSO4 to CUCl2"
"9fdc098a302d378b900fa3b00dea82a9","Q",0,"Bacteria","Firmicutes","Clostridia","Christensenellales","Christensenellaceae","Christensenellaceae_R-7_group","midas_s_3544",300,NA,"Wolfe v3: went back to modified wolfe + EDTA and switched CuSO4 to CUCl2"
"bfe46a9864ec737a588e92892776a12d","Q",0,"Bacteria","Firmicutes","Clostridia","Christensenellales","Christensenellaceae","Christensenellaceae_R-7_group","midas_s_3897",300,NA,"Wolfe v3: went back to modified wolfe + EDTA and switched CuSO4 to CUCl2"
"5d5a00cbe740978e207ba76ea09857ce","Q",0,"Bacteria","Firmicutes","Clostridia","Christensenellales","Christensenellaceae","Christensenellaceae_R-7_group","midas_s_6865",300,NA,"Wolfe v3: went back to modified wolfe + EDTA and switched CuSO4 to CUCl2"
"ae2245c2d637b8badfb1037f95ffd4f7","Q",0,"Bacteria","Firmicutes","Clostridia","Christensenellales","Christensenellaceae","Christensenellaceae_R-7_group","midas_s_3956",300,NA,"Wolfe v3: went back to modified wolfe + EDTA and switched CuSO4 to CUCl2"
"88b268e25d1296042ab52fa61b7a42ac","Q",0,"Bacteria","Firmicutes","Clostridia","Christensenellales","Christensenellaceae","Christensenellaceae_R-7_group","midas_s_2853",300,NA,"Wolfe v3: went back to modified wolfe + EDTA and switched CuSO4 to CUCl2"
"9cf1aa88a0fc0c5655a20cd94313b748","Q",0,"Bacteria","Firmicutes","Clostridia","Christensenellales","Christensenellaceae","Christensenellaceae_R-7_group","midas_s_1950",300,NA,"Wolfe v3: went back to modified wolfe + EDTA and switched CuSO4 to CUCl2"
"05771e0f1c5425fc486934e2beb87956","Q",0,"Bacteria","Firmicutes","Clostridia","Christensenellales","Christensenellaceae","Christensenellaceae_R-7_group","midas_s_240",300,NA,"Wolfe v3: went back to modified wolfe + EDTA and switched CuSO4 to CUCl2"
"2c90f641e92fddc8307a57cb745be2a3","Q",0,"Bacteria","Firmicutes","Clostridia","Christensenellales","Christensenellaceae","Christensenellaceae_R-7_group",NA,300,NA,"Wolfe v3: went back to modified wolfe + EDTA and switched CuSO4 to CUCl2"
"2f88d593c9c62fbd5d072f9ee6518ab4","Q",0,"Bacteria","Firmicutes","Clostridia","Christensenellales","Christensenellaceae","Christensenellaceae_R-7_group","midas_s_1285",300,NA,"Wolfe v3: went back to modified wolfe + EDTA and switched CuSO4 to CUCl2"
"058f50a8bccf06f41d115822bdfe37fb","Q",0,"Bacteria","Firmicutes","Clostridia","Christensenellales","Christensenellaceae","Christensenellaceae_R-7_group","midas_s_292",300,NA,"Wolfe v3: went back to modified wolfe + EDTA and switched CuSO4 to CUCl2"
"9fd90ca5d6775c90e4e6e46e09b38313","Q",0,"Bacteria","Firmicutes","Clostridia","Christensenellales","Christensenellaceae","Christensenellaceae_R-7_group","midas_s_1369",300,NA,"Wolfe v3: went back to modified wolfe + EDTA and switched CuSO4 to CUCl2"
"8946374359e59f853f5f468afcf145eb","Q",0,"Bacteria","Firmicutes","Clostridia","Christensenellales","Christensenellaceae","Christensenellaceae_R-7_group","midas_s_644",300,NA,"Wolfe v3: went back to modified wolfe + EDTA and switched CuSO4 to CUCl2"
"234b81fb7fa91bcfef74c8511c07a219","Q",0,"Bacteria","Firmicutes","Clostridia","Christensenellales","Christensenellaceae","Christensenellaceae_R-7_group","midas_s_999",300,NA,"Wolfe v3: went back to modified wolfe + EDTA and switched CuSO4 to CUCl2"
"9ccaa8cf8d7eeb8aafaae75175346f12","Q",0,"Bacteria","Firmicutes","Clostridia","Christensenellales","Christensenellaceae","Christensenellaceae_R-7_group","midas_s_42335",300,NA,"Wolfe v3: went back to modified wolfe + EDTA and switched CuSO4 to CUCl2"
"da066c0fbe0dcc118b4086184c3a4833","Q",0,"Bacteria","Firmicutes","Clostridia","Christensenellales","Christensenellaceae","Christensenellaceae_R-7_group",NA,300,NA,"Wolfe v3: went back to modified wolfe + EDTA and switched CuSO4 to CUCl2"
"e8e82cf023a3abd684fe7e817acc9bf0","Q",0,"Bacteria","Firmicutes","Clostridia","Christensenellales","Christensenellaceae","Christensenellaceae_R-7_group",NA,300,NA,"Wolfe v3: went back to modified wolfe + EDTA and switched CuSO4 to CUCl2"
"c54b395391b209a66c6f285b4c84bb60","Q",0,"Bacteria","Firmicutes","Clostridia","Christensenellales","Christensenellaceae","Christensenellaceae_R-7_group",NA,300,NA,"Wolfe v3: went back to modified wolfe + EDTA and switched CuSO4 to CUCl2"
"99d2491ca9702e5053cb6e62d0349555","Q",0,"Bacteria","Firmicutes","Clostridia","Christensenellales","Christensenellaceae","Christensenellaceae_R-7_group","midas_s_785",300,NA,"Wolfe v3: went back to modified wolfe + EDTA and switched CuSO4 to CUCl2"
"f8cdd28c7e5f4328a9275dc52a6f0920","Q",0,"Bacteria","Firmicutes","Clostridia","Christensenellales","Christensenellaceae","Christensenellaceae_R-7_group","midas_s_4635",300,NA,"Wolfe v3: went back to modified wolfe + EDTA and switched CuSO4 to CUCl2"
"f160f53c13a357273642507af54b4941","Q",0,"Bacteria","Firmicutes","Clostridia","Christensenellales","Christensenellaceae","Christensenellaceae_R-7_group",NA,300,NA,"Wolfe v3: went back to modified wolfe + EDTA and switched CuSO4 to CUCl2"
"8610085898359abd9388c49fcfbbcb2a","Q",0,"Bacteria","Firmicutes","Clostridia","Christensenellales","Christensenellaceae","midas_g_3227","midas_s_3227",300,NA,"Wolfe v3: went back to modified wolfe + EDTA and switched CuSO4 to CUCl2"
"76a43b01e1b397fed9d963f273f17a59","Q",0,"Bacteria","Firmicutes","Clostridia","Christensenellales","Christensenellaceae","Christensenellaceae_R-7_group","midas_s_39935",300,NA,"Wolfe v3: went back to modified wolfe + EDTA and switched CuSO4 to CUCl2"
"9c96f5d8a39fc651dd1265522f6dab70","Q",0,"Bacteria","Firmicutes","Clostridia","Christensenellales","Christensenellaceae","midas_g_1183","midas_s_1183",300,NA,"Wolfe v3: went back to modified wolfe + EDTA and switched CuSO4 to CUCl2"
"0d0ce1c9fb76a8c707691b0f3a9f7a71","Q",0,"Bacteria","Firmicutes","Clostridia","Christensenellales","Christensenellaceae","Christensenellaceae_R-7_group",NA,300,NA,"Wolfe v3: went back to modified wolfe + EDTA and switched CuSO4 to CUCl2"
"d7525471cb3f78ede0955ca2a32c1b66","Q",0,"Bacteria","Firmicutes","Clostridia","Christensenellales","Christensenellaceae","midas_g_5200","midas_s_5200",300,NA,"Wolfe v3: went back to modified wolfe + EDTA and switched CuSO4 to CUCl2"
"02e5aa8b2279bb6d9eef1591c1bd5c44","Q",0,"Bacteria","Firmicutes","Clostridia","Christensenellales","Christensenellaceae","Christensenellaceae_R-7_group","midas_s_99049",300,NA,"Wolfe v3: went back to modified wolfe + EDTA and switched CuSO4 to CUCl2"
"8d82d4342e7bd230b09dd20b8e775257","Q",0,"Bacteria","Firmicutes","Clostridia","Christensenellales","Christensenellaceae","Christensenellaceae_R-7_group","midas_s_64314",300,NA,"Wolfe v3: went back to modified wolfe + EDTA and switched CuSO4 to CUCl2"
"477487d12077a9fbaf195faaf466d827","Q",0,"Bacteria","Firmicutes","Clostridia",NA,NA,NA,NA,300,NA,"Wolfe v3: went back to modified wolfe + EDTA and switched CuSO4 to CUCl2"
"6d866900ddd4436c1634c5209005c604","Q",0,"Bacteria","Firmicutes",NA,NA,NA,NA,NA,300,NA,"Wolfe v3: went back to modified wolfe + EDTA and switched CuSO4 to CUCl2"
"b24d3443426aac9dca3451d65ba14d55","Q",0,"Bacteria","Firmicutes",NA,NA,NA,NA,NA,300,NA,"Wolfe v3: went back to modified wolfe + EDTA and switched CuSO4 to CUCl2"
"d5cecae93845498f6d38b6b144a7e330","Q",0,"Bacteria","Firmicutes","Thermoanaerobacteria","Thermoanaerobacterales","SRB2","midas_g_4301","midas_s_119107",300,NA,"Wolfe v3: went back to modified wolfe + EDTA and switched CuSO4 to CUCl2"
"28f1a500a5a6ebd1cede9322b50bcaad","Q",0,"Bacteria","Firmicutes","Thermoanaerobacteria","Thermoanaerobacterales","SRB2","midas_g_4301","midas_s_97088",300,NA,"Wolfe v3: went back to modified wolfe + EDTA and switched CuSO4 to CUCl2"
"e49e2d1740b2969d15197f16c4681997","Q",0,"Bacteria","Firmicutes","Thermoanaerobacteria","Thermoanaerobacterales","SRB2","midas_g_4301","midas_s_6432",300,NA,"Wolfe v3: went back to modified wolfe + EDTA and switched CuSO4 to CUCl2"
"a82691ab5fd4e8d3d3b23b7958c8e764","Q",0,"Bacteria","Firmicutes","Thermoanaerobacteria","Thermoanaerobacterales","SRB2","midas_g_97954","midas_s_97954",300,NA,"Wolfe v3: went back to modified wolfe + EDTA and switched CuSO4 to CUCl2"
"89d1d4064aa11fd1f3efb8e1345c813f","Q",0,"Bacteria","Firmicutes","Thermoanaerobacteria","Thermoanaerobacterales","SRB2","midas_g_97954",NA,300,NA,"Wolfe v3: went back to modified wolfe + EDTA and switched CuSO4 to CUCl2"
"da28c80a7a1b2838789eb2ad598db9a0","Q",0,"Bacteria","Firmicutes","Thermoanaerobacteria","Thermoanaerobacterales","SRB2","midas_g_97954",NA,300,NA,"Wolfe v3: went back to modified wolfe + EDTA and switched CuSO4 to CUCl2"
"b5db33c8e764e787ba1a51f46cfa1db8","Q",0,"Bacteria","Firmicutes","Thermoanaerobacteria","Thermoanaerobacterales","SRB2","midas_g_97954",NA,300,NA,"Wolfe v3: went back to modified wolfe + EDTA and switched CuSO4 to CUCl2"
"e6bdf194852a3017f2294a9236f98dfc","Q",0,"Bacteria","Firmicutes","Desulfotomaculia","Desulfotomaculales","Desulfurisporaceae","Desulfurispora","midas_s_9018",300,NA,"Wolfe v3: went back to modified wolfe + EDTA and switched CuSO4 to CUCl2"
"3c8c974e9e9f2247fedc8b66253b5774","Q",0,"Bacteria","Firmicutes",NA,NA,NA,NA,NA,300,NA,"Wolfe v3: went back to modified wolfe + EDTA and switched CuSO4 to CUCl2"
"8f9fe5d435f9b6b90c0bf2e7055bdb82","Q",0,"Bacteria","Firmicutes",NA,NA,NA,NA,NA,300,NA,"Wolfe v3: went back to modified wolfe + EDTA and switched CuSO4 to CUCl2"
"6f14a88c7074fb3b48a9f8be3f7852c8","Q",0,"Bacteria","Firmicutes","Negativicutes","midas_o_2492","midas_f_70329","midas_g_70329","midas_s_70329",300,NA,"Wolfe v3: went back to modified wolfe + EDTA and switched CuSO4 to CUCl2"
"a82d89679bc6017e06e5a11b255c5bf6","Q",0,"Bacteria","Firmicutes","Negativicutes","midas_o_2492","midas_f_70329","midas_g_70329","midas_s_70329",300,NA,"Wolfe v3: went back to modified wolfe + EDTA and switched CuSO4 to CUCl2"
"954395a75bf6cfc5ecda85aea2a4570b","Q",0,"Bacteria","Firmicutes","Negativicutes","Acidaminococcales","Acidaminococcaceae","midas_g_3711",NA,300,NA,"Wolfe v3: went back to modified wolfe + EDTA and switched CuSO4 to CUCl2"
"d27b2ff4d26d2899600e9921c2e925f6","Q",0,"Bacteria","Firmicutes","Negativicutes","Veillonellales-Selenomonadales","Sporomusaceae","midas_g_118620","midas_s_118620",300,NA,"Wolfe v3: went back to modified wolfe + EDTA and switched CuSO4 to CUCl2"
"37d606d03d54c46da31b937d8f5b6b61","Q",0,"Bacteria","Firmicutes","Negativicutes","Veillonellales-Selenomonadales",NA,NA,NA,300,NA,"Wolfe v3: went back to modified wolfe + EDTA and switched CuSO4 to CUCl2"
"e27928b6f9a580b0d7f95feeb01ba523","Q",0,"Bacteria","Firmicutes","Negativicutes","Veillonellales-Selenomonadales",NA,NA,NA,300,NA,"Wolfe v3: went back to modified wolfe + EDTA and switched CuSO4 to CUCl2"
"ba17ca70d77eba42e5aef9d3fcc1adf3","Q",0,"Bacteria","Firmicutes","Negativicutes","Veillonellales-Selenomonadales",NA,NA,NA,300,NA,"Wolfe v3: went back to modified wolfe + EDTA and switched CuSO4 to CUCl2"
"eb8d145285d4d18dd0c43c75115adbf9","Q",0,"Bacteria","Firmicutes","Negativicutes","Veillonellales-Selenomonadales","Sporomusaceae",NA,NA,300,NA,"Wolfe v3: went back to modified wolfe + EDTA and switched CuSO4 to CUCl2"
"55b1e088790638cb0f33b74d1d5bf921","Q",0,"Bacteria","Firmicutes","Negativicutes","Veillonellales-Selenomonadales","Sporomusaceae","midas_g_76603","midas_s_113037",300,NA,"Wolfe v3: went back to modified wolfe + EDTA and switched CuSO4 to CUCl2"
"2adce772c19bf78aca62501a10d63509","Q",0,"Bacteria","Firmicutes","Negativicutes","Veillonellales-Selenomonadales","Sporomusaceae","midas_g_76603","midas_s_76603",300,NA,"Wolfe v3: went back to modified wolfe + EDTA and switched CuSO4 to CUCl2"
"0a080f68f8c16188fe250be4dbeecae5","Q",0,"Bacteria","Firmicutes","Negativicutes","Veillonellales-Selenomonadales","Sporomusaceae","midas_g_76603","midas_s_76603",300,NA,"Wolfe v3: went back to modified wolfe + EDTA and switched CuSO4 to CUCl2"
"4d14fe12857973bd0d0470a41c6e1a5a","Q",0,"Bacteria","Firmicutes","Negativicutes","Veillonellales-Selenomonadales","Sporomusaceae","midas_g_3252","midas_s_8366",300,NA,"Wolfe v3: went back to modified wolfe + EDTA and switched CuSO4 to CUCl2"
"115fd3d829ca9fb45630f07981cbcb73","Q",0,"Bacteria","Firmicutes","Negativicutes","Veillonellales-Selenomonadales","Sporomusaceae","midas_g_3252",NA,300,NA,"Wolfe v3: went back to modified wolfe + EDTA and switched CuSO4 to CUCl2"
"c4587a7b24a6c49f9de0882e32f519f5","Q",0,"Bacteria","Firmicutes","Negativicutes","Veillonellales-Selenomonadales",NA,NA,NA,300,NA,"Wolfe v3: went back to modified wolfe + EDTA and switched CuSO4 to CUCl2"
"0b9c934012caa8a6606599ddcb49c15b","Q",0,"Bacteria","Firmicutes",NA,NA,NA,NA,NA,300,NA,"Wolfe v3: went back to modified wolfe + EDTA and switched CuSO4 to CUCl2"
"d9d30d32406d0d1f7d847cdbbdda6137","Q",0,"Bacteria","Firmicutes",NA,NA,NA,NA,NA,300,NA,"Wolfe v3: went back to modified wolfe + EDTA and switched CuSO4 to CUCl2"
"2754a62a78999a65def9a46a8c805a18","Q",0,"Bacteria","Firmicutes",NA,NA,NA,NA,NA,300,NA,"Wolfe v3: went back to modified wolfe + EDTA and switched CuSO4 to CUCl2"
"4bcf2ed3c27ef7222d2bf177640edef4","Q",0,"Bacteria","Firmicutes",NA,NA,NA,NA,NA,300,NA,"Wolfe v3: went back to modified wolfe + EDTA and switched CuSO4 to CUCl2"
"3c30ef12ea30ff246e454f2cc7ee36a9","Q",0,"Bacteria","Firmicutes",NA,NA,NA,NA,NA,300,NA,"Wolfe v3: went back to modified wolfe + EDTA and switched CuSO4 to CUCl2"
"350764427a7e15d2e95ee77951ea5c6c","Q",0,"Bacteria","Firmicutes",NA,NA,NA,NA,NA,300,NA,"Wolfe v3: went back to modified wolfe + EDTA and switched CuSO4 to CUCl2"
"78655baa8fe07fac3df14b89c91be2bb","Q",0,"Bacteria","Firmicutes",NA,NA,NA,NA,NA,300,NA,"Wolfe v3: went back to modified wolfe + EDTA and switched CuSO4 to CUCl2"
"9d93bbfc68509916e75cf218443f9b1b","Q",0,"Bacteria","Firmicutes",NA,NA,NA,NA,NA,300,NA,"Wolfe v3: went back to modified wolfe + EDTA and switched CuSO4 to CUCl2"
"c62f274f92e56d9b16a9a143e797b5b3","Q",0,"Bacteria","Firmicutes",NA,NA,NA,NA,NA,300,NA,"Wolfe v3: went back to modified wolfe + EDTA and switched CuSO4 to CUCl2"
"90c4f2d984977adea41de3f42bd18ea1","Q",0,"Bacteria","Firmicutes","Limnochordia","Hydrogenispora","midas_f_2701","midas_g_3406","midas_s_3406",300,NA,"Wolfe v3: went back to modified wolfe + EDTA and switched CuSO4 to CUCl2"
"eae2b2f16935541e065a7e45ce95ff17","Q",0,"Bacteria","Firmicutes","Limnochordia","Hydrogenispora","midas_f_2701","midas_g_3406","midas_s_99113",300,NA,"Wolfe v3: went back to modified wolfe + EDTA and switched CuSO4 to CUCl2"
"5629f0846c3c982970fcbd37fe2bdb8b","Q",0,"Bacteria","Firmicutes","Limnochordia","Hydrogenispora","midas_f_2701","midas_g_102519","midas_s_102519",300,NA,"Wolfe v3: went back to modified wolfe + EDTA and switched CuSO4 to CUCl2"
"c18be20cca10d6ead4ed3561cf3dfca0","Q",0,"Bacteria","Acidobacteriota","Subgroup_21","midas_o_3847","midas_f_5529","midas_g_5529",NA,300,NA,"Wolfe v3: went back to modified wolfe + EDTA and switched CuSO4 to CUCl2"
"5167aa3de8ad6f82b0415c6cefdcd752","Q",0,"Bacteria","Firmicutes","Limnochordia","Hydrogenispora","midas_f_2701","midas_g_4043","midas_s_4043",300,NA,"Wolfe v3: went back to modified wolfe + EDTA and switched CuSO4 to CUCl2"
"503e3f397b970f03e626474b548327b4","Q",0,"Bacteria","Firmicutes","D8A-2","midas_o_5025","midas_f_8086","midas_g_8086","midas_s_8086",300,NA,"Wolfe v3: went back to modified wolfe + EDTA and switched CuSO4 to CUCl2"
"170083f87321cde2efee1b7332711ec9","Q",0,"Bacteria","Firmicutes","D8A-2","midas_o_5025","midas_f_113967","midas_g_113967",NA,300,NA,"Wolfe v3: went back to modified wolfe + EDTA and switched CuSO4 to CUCl2"
"551f70cf3f951806a9b28706825acfeb","Q",0,"Bacteria","Firmicutes",NA,NA,NA,NA,NA,300,NA,"Wolfe v3: went back to modified wolfe + EDTA and switched CuSO4 to CUCl2"
"67bf6c3e83fa94009baa7f3b5929da23","Q",0,"Bacteria","Firmicutes",NA,NA,NA,NA,NA,300,NA,"Wolfe v3: went back to modified wolfe + EDTA and switched CuSO4 to CUCl2"
"ef29434876e20a83290e58de1f4e09c2","Q",0,"Bacteria","Firmicutes","Thermovenabulia","Thermovenabulales","Tepidanaerobacter","Tepidanaerobacter_acetatoxydans","midas_s_91089",300,NA,"Wolfe v3: went back to modified wolfe + EDTA and switched CuSO4 to CUCl2"
"5022c2e85eb7347a496e69b612b21ce1","Q",0,"Bacteria","Firmicutes","Thermacetogenia","Thermacetogeniales","Thermacetogeniaceae","Syntrophaceticus",NA,300,NA,"Wolfe v3: went back to modified wolfe + EDTA and switched CuSO4 to CUCl2"
"18c8a1caa02afa9f20b6974f6da7568c","Q",0,"Bacteria","Caldatribacteriota","JS1","midas_o_230","midas_f_230","midas_g_230","midas_s_1331",300,NA,"Wolfe v3: went back to modified wolfe + EDTA and switched CuSO4 to CUCl2"
"4a6f9dd6166c1d7f2c4af6440718c03b","Q",0,"Bacteria","Caldatribacteriota","JS1","midas_o_230","midas_f_230","midas_g_230","midas_s_230",300,NA,"Wolfe v3: went back to modified wolfe + EDTA and switched CuSO4 to CUCl2"
"c12f7e2e3fb92f37dd8a532d2710933e","Q",0,"Bacteria","Caldatribacteriota","JS1","midas_o_230","midas_f_230","midas_g_230","midas_s_230",300,NA,"Wolfe v3: went back to modified wolfe + EDTA and switched CuSO4 to CUCl2"
"00cb63b6f629510ea7cf65e0530b4027","Q",0,"Bacteria","Caldatribacteriota","JS1","midas_o_230","midas_f_230","midas_g_230",NA,300,NA,"Wolfe v3: went back to modified wolfe + EDTA and switched CuSO4 to CUCl2"
"05db5feb6a21f195981e6dce06cb45f2","Q",0,"Bacteria","Caldatribacteriota","JS1","midas_o_230","midas_f_230","midas_g_230","midas_s_1436",300,NA,"Wolfe v3: went back to modified wolfe + EDTA and switched CuSO4 to CUCl2"
"8f045ab17524b4bd0dd7fe6c3fe26531","Q",0,"Bacteria","Caldatribacteriota","Caldatribacteriia","Caldatribacteriales","Caldatribacteriaceae","Ca_Caldatribacterium","midas_s_119548",300,NA,"Wolfe v3: went back to modified wolfe + EDTA and switched CuSO4 to CUCl2"
"3f9749b4bbd55e95797da2d7e27eb072","Q",0,"Bacteria","Caldatribacteriota","Caldatribacteriia","Caldatribacteriales","Caldatribacteriaceae","Ca_Caldatribacterium","midas_s_3733",300,NA,"Wolfe v3: went back to modified wolfe + EDTA and switched CuSO4 to CUCl2"
"ed2edabe2a0c276357f7f1f210bdeda7","Q",0,"Bacteria","Caldatribacteriota","Caldatribacteriia","Caldatribacteriales","Caldatribacteriaceae","Ca_Caldatribacterium","midas_s_3733",300,NA,"Wolfe v3: went back to modified wolfe + EDTA and switched CuSO4 to CUCl2"
"1c259c84edfd90c28f17c1875a7c9747","Q",0,"Bacteria","Armatimonadota","midas_c_216","midas_o_1721","midas_f_1721","midas_g_119012","midas_s_119012",300,NA,"Wolfe v3: went back to modified wolfe + EDTA and switched CuSO4 to CUCl2"
"1e37d3623e8679bea135824898326438","Q",0,"Bacteria","WPS-2","midas_c_55","midas_o_1194","midas_f_43544","midas_g_114638","midas_s_114638",300,NA,"Wolfe v3: went back to modified wolfe + EDTA and switched CuSO4 to CUCl2"
"f89c5ae84b1033d896333c5ae7acb309","Q",0,"Bacteria","WPS-2","midas_c_55","midas_o_1194","midas_f_43544","midas_g_114999","midas_s_114999",300,NA,"Wolfe v3: went back to modified wolfe + EDTA and switched CuSO4 to CUCl2"
"08d10673b70f3d8b078a149a25d94b19","Q",0,"Bacteria","WPS-2","midas_c_206","midas_o_395","midas_f_547","midas_g_547","midas_s_1718",300,NA,"Wolfe v3: went back to modified wolfe + EDTA and switched CuSO4 to CUCl2"
"deb262fd92af4fdcd3b6240303048b2a","Q",0,"Bacteria","WPS-2","midas_c_55","midas_o_1194","midas_f_1770","midas_g_2901","midas_s_3072",300,NA,"Wolfe v3: went back to modified wolfe + EDTA and switched CuSO4 to CUCl2"
"a5ed688dfc70ccd795b56425b56b2865","Q",0,"Bacteria","WPS-2","midas_c_55","midas_o_1194","midas_f_1770","midas_g_1770","midas_s_1770",300,NA,"Wolfe v3: went back to modified wolfe + EDTA and switched CuSO4 to CUCl2"
"8ed2c27daaea55b50ad23f3ffa313d87","Q",0,"Bacteria","Chloroflexi","Ktedonobacteria","C0119","midas_f_116278","midas_g_116278","midas_s_116278",300,NA,"Wolfe v3: went back to modified wolfe + EDTA and switched CuSO4 to CUCl2"
"e7891537521872e90b0e0f41517de633","Q",0,"Bacteria","Chloroflexi","Anaerolineae","midas_o_4245","midas_f_7837","midas_g_7837","midas_s_7837",300,NA,"Wolfe v3: went back to modified wolfe + EDTA and switched CuSO4 to CUCl2"
"50d25efdb17b59f3ba7b1ad0c5db8989","Q",0,"Bacteria","Chloroflexi","Anaerolineae","MSB-5E12","midas_f_92558","midas_g_109686","midas_s_109686",300,NA,"Wolfe v3: went back to modified wolfe + EDTA and switched CuSO4 to CUCl2"
"a4f5e4b88460bc4713747b9e266d3144","Q",0,"Bacteria","Chloroflexi","Anaerolineae","MSB-5E12","midas_f_92558","midas_g_114252","midas_s_119547",300,NA,"Wolfe v3: went back to modified wolfe + EDTA and switched CuSO4 to CUCl2"
"4eb5a964054cfd611f6281b13f89c0d3","Q",0,"Bacteria","Chloroflexi","Anaerolineae","MSB-5E12","midas_f_92558","midas_g_114252","midas_s_119547",300,NA,"Wolfe v3: went back to modified wolfe + EDTA and switched CuSO4 to CUCl2"
"7ee5506b56675190c1b39ceb2fef6b12","Q",0,"Bacteria","Chloroflexi","Anaerolineae","midas_o_1","midas_f_813","midas_g_813","midas_s_108503",300,NA,"Wolfe v3: went back to modified wolfe + EDTA and switched CuSO4 to CUCl2"
"4a861d22b54efb0cebe9bfc1f9e23cc0","Q",0,"Bacteria","Chloroflexi","Anaerolineae","midas_o_1","midas_f_813","midas_g_100693","midas_s_100693",300,NA,"Wolfe v3: went back to modified wolfe + EDTA and switched CuSO4 to CUCl2"
"c992cbee5926e44bc397f0234e0c255c","Q",0,"Bacteria","Chloroflexi","Anaerolineae","midas_o_1","midas_f_813",NA,NA,300,NA,"Wolfe v3: went back to modified wolfe + EDTA and switched CuSO4 to CUCl2"
"fc05fae4c5692849b84f3411043e8344","Q",0,"Bacteria","Chloroflexi","Anaerolineae","SJA-15","midas_f_8814","midas_g_12435","midas_s_100619",300,NA,"Wolfe v3: went back to modified wolfe + EDTA and switched CuSO4 to CUCl2"
"c883771c490f92035a893a246adf9767","Q",0,"Bacteria","Chloroflexi","Anaerolineae","SJA-15","midas_f_8814","midas_g_76761","midas_s_76761",300,NA,"Wolfe v3: went back to modified wolfe + EDTA and switched CuSO4 to CUCl2"
"873b71b30dcfcdbdf2e7080dd9db241f","Q",0,"Bacteria","Chloroflexi","Anaerolineae","C10-SB1A","Amarolineaceae","midas_g_667","midas_s_667",300,NA,"Wolfe v3: went back to modified wolfe + EDTA and switched CuSO4 to CUCl2"
"9fb275ed81ecc69dd2c2cf775d20f252","Q",0,"Bacteria","Chloroflexi","Anaerolineae","C10-SB1A","Amarolineaceae","midas_g_667","midas_s_100963",300,NA,"Wolfe v3: went back to modified wolfe + EDTA and switched CuSO4 to CUCl2"
"fd7c9ad162f78a62dda5099c417becc6","Q",0,"Bacteria","Chloroflexi","Anaerolineae","midas_o_1","midas_f_813","midas_g_824",NA,300,NA,"Wolfe v3: went back to modified wolfe + EDTA and switched CuSO4 to CUCl2"
"c8e5908cbbf128920eb03bfbe95f95a9","Q",0,"Bacteria","Chloroflexi","Anaerolineae","midas_o_1","midas_f_813","midas_g_824",NA,300,NA,"Wolfe v3: went back to modified wolfe + EDTA and switched CuSO4 to CUCl2"
"26bcb031ea5e9e32c511c17dd4ce8c44","Q",0,"Bacteria","Chloroflexi","Anaerolineae","Caldilineales","Caldilineaceae","midas_g_5463",NA,300,NA,"Wolfe v3: went back to modified wolfe + EDTA and switched CuSO4 to CUCl2"
"ab07f8f9d60701b64f9d82751d8be248","Q",0,"Bacteria","Chloroflexi","Anaerolineae","Caldilineales","Caldilineaceae","midas_g_8033","midas_s_8033",300,NA,"Wolfe v3: went back to modified wolfe + EDTA and switched CuSO4 to CUCl2"
"e8895eca419d323d988e5bdcf681d140","Q",0,"Bacteria","Chloroflexi","Anaerolineae","Caldilineales","Caldilineaceae","midas_g_2138",NA,300,NA,"Wolfe v3: went back to modified wolfe + EDTA and switched CuSO4 to CUCl2"
"83fe43c957bc1d62cad075e35f2b3e77","Q",0,"Bacteria","Chloroflexi","Dehalococcoidia","FS117-23B-02","midas_f_113752","midas_g_113752","midas_s_113752",300,NA,"Wolfe v3: went back to modified wolfe + EDTA and switched CuSO4 to CUCl2"
"2af9958fd7f71a6e23c081bc5ea32141","Q",0,"Bacteria","Chloroflexi","Dehalococcoidia","vadinBA26","midas_f_12699","midas_g_93557",NA,300,NA,"Wolfe v3: went back to modified wolfe + EDTA and switched CuSO4 to CUCl2"
"516a6da55fdb8df7ed2cdc84291dbca2","Q",0,"Bacteria","Chloroflexi","Dehalococcoidia","Dehalococcoidales","midas_f_94372","midas_g_94372","midas_s_94372",300,NA,"Wolfe v3: went back to modified wolfe + EDTA and switched CuSO4 to CUCl2"
"520d89ef4ce2ba808eed3e2d9a310649","Q",0,"Bacteria","Chloroflexi","OLB14","midas_o_731","midas_f_5900","midas_g_5900",NA,300,NA,"Wolfe v3: went back to modified wolfe + EDTA and switched CuSO4 to CUCl2"
"57df148d69af94192dae9ab2a045e1c2","Q",0,"Bacteria","Chloroflexi","OLB14","midas_o_731","midas_f_5900","midas_g_5900","midas_s_47741",300,NA,"Wolfe v3: went back to modified wolfe + EDTA and switched CuSO4 to CUCl2"
"1209cd9553a668c3c0e9ea29050fd3a1","Q",0,"Bacteria","Chloroflexi","OLB14","midas_o_731","midas_f_731","Ca_Amarobacter",NA,300,NA,"Wolfe v3: went back to modified wolfe + EDTA and switched CuSO4 to CUCl2"
"955d34a1529b6fbcf425ced56e3b7fc1","Q",0,"Bacteria","Chloroflexi","Chloroflexia","Thermomicrobiales","AKYG1722","midas_g_882","midas_s_101259",300,NA,"Wolfe v3: went back to modified wolfe + EDTA and switched CuSO4 to CUCl2"
"ccd8c51003c6724304379157cbbb67a3","Q",0,"Bacteria","Chloroflexi","Chloroflexia","Thermomicrobiales","JG30-KF-CM45","midas_g_6223","midas_s_18165",300,NA,"Wolfe v3: went back to modified wolfe + EDTA and switched CuSO4 to CUCl2"
"8a86fb52c58e6597a806872e474d6ac1","Q",0,"Bacteria","Chloroflexi","Chloroflexia","Thermomicrobiales","JG30-KF-CM45","midas_g_110783","midas_s_113633",300,NA,"Wolfe v3: went back to modified wolfe + EDTA and switched CuSO4 to CUCl2"
"090b23760e2b4c99732ad0ce04fa8ac2","Q",0,"Bacteria","Chloroflexi","Chloroflexia","Thermomicrobiales","JG30-KF-CM45","midas_g_110783",NA,300,NA,"Wolfe v3: went back to modified wolfe + EDTA and switched CuSO4 to CUCl2"
"e9610e4b261eb260ad4e507e8c1d634e","Q",0,"Bacteria","Chloroflexi","Chloroflexia","Thermomicrobiales","JG30-KF-CM45","midas_g_6223",NA,300,NA,"Wolfe v3: went back to modified wolfe + EDTA and switched CuSO4 to CUCl2"
"057bcefe7d185d0daf7b610144b1fa59","Q",0,"Bacteria","Chloroflexi","Chloroflexia","Thermomicrobiales","JG30-KF-CM45","midas_g_859",NA,300,NA,"Wolfe v3: went back to modified wolfe + EDTA and switched CuSO4 to CUCl2"
"feb42a0dac8ff0d17d64cdea8f2fcf1e","Q",0,"Bacteria","Chloroflexi","Chloroflexia","Thermomicrobiales","JG30-KF-CM45","midas_g_859",NA,300,NA,"Wolfe v3: went back to modified wolfe + EDTA and switched CuSO4 to CUCl2"
"fcd440ee90ed7a838d67a52025c2c7d6","Q",0,"Bacteria","Chloroflexi","Chloroflexia","Thermomicrobiales","JG30-KF-CM45","midas_g_62395","midas_s_62395",300,NA,"Wolfe v3: went back to modified wolfe + EDTA and switched CuSO4 to CUCl2"
"6175323e639f0195d56844920014159a","Q",0,"Bacteria","Chloroflexi","Chloroflexia","Thermomicrobiales","JG30-KF-CM45","midas_g_62395",NA,300,NA,"Wolfe v3: went back to modified wolfe + EDTA and switched CuSO4 to CUCl2"
"723bd8389de26603c3e8283a20c163c7","Q",0,"Bacteria","Chloroflexi","Chloroflexia","Thermomicrobiales","JG30-KF-CM45","midas_g_4042",NA,300,NA,"Wolfe v3: went back to modified wolfe + EDTA and switched CuSO4 to CUCl2"
"62cb0689453660fcfba1346b1152bc84","Q",0,"Bacteria","Chloroflexi","Chloroflexia","Thermomicrobiales","JG30-KF-CM45","midas_g_4042",NA,300,NA,"Wolfe v3: went back to modified wolfe + EDTA and switched CuSO4 to CUCl2"
"9f86297104372f6378c6bf3dc1a8e8ec","Q",0,"Bacteria","Chloroflexi","Chloroflexia","Thermomicrobiales","JG30-KF-CM45","midas_g_4042","midas_s_4681",300,NA,"Wolfe v3: went back to modified wolfe + EDTA and switched CuSO4 to CUCl2"
"25fd077b762513468941fbac535c9506","Q",0,"Bacteria","Chloroflexi","Chloroflexia","Thermomicrobiales","JG30-KF-CM45","midas_g_4042","midas_s_8697",300,NA,"Wolfe v3: went back to modified wolfe + EDTA and switched CuSO4 to CUCl2"
"e843b0e0535e8033ed7c08faf28016ca","Q",0,"Bacteria","Chloroflexi","Chloroflexia","Thermomicrobiales","JG30-KF-CM45","midas_g_4042",NA,300,NA,"Wolfe v3: went back to modified wolfe + EDTA and switched CuSO4 to CUCl2"
"90a5e55fa876aa0bf69ffe16087cd920","Q",0,"Bacteria","Chloroflexi","Chloroflexia","Thermomicrobiales","JG30-KF-CM45","midas_g_4042",NA,300,NA,"Wolfe v3: went back to modified wolfe + EDTA and switched CuSO4 to CUCl2"
"5d8d4162e9b3958c6bc4b820eac278dc","Q",0,"Bacteria","Chloroflexi","Chloroflexia","Thermomicrobiales","JG30-KF-CM45","midas_g_859",NA,300,NA,"Wolfe v3: went back to modified wolfe + EDTA and switched CuSO4 to CUCl2"
"e1d4180c0091e155509f14fcbdb541ae","Q",0,"Bacteria","Chloroflexi","KD4-96","midas_o_3277","midas_f_6867","midas_g_96880","midas_s_96880",300,NA,"Wolfe v3: went back to modified wolfe + EDTA and switched CuSO4 to CUCl2"
"126253aad6ce532558563354e8c229f3","Q",0,"Bacteria","Chloroflexi","KD4-96","midas_o_3277","midas_f_6867","midas_g_95021",NA,300,NA,"Wolfe v3: went back to modified wolfe + EDTA and switched CuSO4 to CUCl2"
"c7ee36f726ae061be7e613876b497945","Q",0,"Bacteria","Chloroflexi","KD4-96","midas_o_3277","midas_f_6180","midas_g_6180",NA,300,NA,"Wolfe v3: went back to modified wolfe + EDTA and switched CuSO4 to CUCl2"
"8b78ca8c5e127e820c9561e10c9f19c2","Q",0,"Bacteria","Chloroflexi","KD4-96","midas_o_3277","midas_f_7778","midas_g_7778","midas_s_7778",300,NA,"Wolfe v3: went back to modified wolfe + EDTA and switched CuSO4 to CUCl2"
"2641fe1f99500e1a2d08cabe3073566b","Q",0,"Bacteria","Chloroflexi","Anaerolineae","RBG-13-54-9","midas_f_20645","midas_g_92905","midas_s_92905",300,NA,"Wolfe v3: went back to modified wolfe + EDTA and switched CuSO4 to CUCl2"
"6c3396e9340561a2aa366046cad19f86","Q",0,"Bacteria","Chloroflexi","Anaerolineae","RBG-13-54-9","midas_f_5792","midas_g_6182","midas_s_7522",300,NA,"Wolfe v3: went back to modified wolfe + EDTA and switched CuSO4 to CUCl2"
"53355294f61e52a7101ac1349479e2c7","Q",0,"Bacteria","Chloroflexi","Anaerolineae","RBG-13-54-9","midas_f_5792","midas_g_6182","midas_s_6182",300,NA,"Wolfe v3: went back to modified wolfe + EDTA and switched CuSO4 to CUCl2"
"2b03838ca7687263d84571109aa7de49","Q",0,"Bacteria","Chloroflexi","Anaerolineae","RBG-13-54-9","midas_f_49454","midas_g_49454","midas_s_49454",300,NA,"Wolfe v3: went back to modified wolfe + EDTA and switched CuSO4 to CUCl2"
"40fca1aa386161b3788c78a2ea46b746","Q",0,"Bacteria","Chloroflexi","Anaerolineae","RBG-13-54-9","midas_f_5792","midas_g_5834","midas_s_93886",300,NA,"Wolfe v3: went back to modified wolfe + EDTA and switched CuSO4 to CUCl2"
"8fa90e60ddaccabffcd68f6a481318a2","Q",0,"Bacteria","Chloroflexi","Anaerolineae","RBG-13-54-9","midas_f_5792","midas_g_5834","midas_s_5834",300,NA,"Wolfe v3: went back to modified wolfe + EDTA and switched CuSO4 to CUCl2"
"77e5e44634d0afe9cd0385ef1e17f3ea","Q",0,"Bacteria","Chloroflexi","Anaerolineae","RBG-13-54-9","midas_f_5792","midas_g_5834","midas_s_5834",300,NA,"Wolfe v3: went back to modified wolfe + EDTA and switched CuSO4 to CUCl2"
"26d527b73ea4ab711c0bf740b69fbfeb","Q",0,"Bacteria","Chloroflexi","Anaerolineae","RBG-13-54-9","midas_f_4245","midas_g_4860","midas_s_98817",300,NA,"Wolfe v3: went back to modified wolfe + EDTA and switched CuSO4 to CUCl2"
"4b322ffec8bcd2c849beaeaaab778b16","Q",0,"Bacteria","Chloroflexi","Anaerolineae","RBG-13-54-9","midas_f_4245","midas_g_4860","midas_s_85167",300,NA,"Wolfe v3: went back to modified wolfe + EDTA and switched CuSO4 to CUCl2"
"f70d306dce5ac4969fdb6c1711131421","Q",0,"Bacteria","Chloroflexi","Anaerolineae","RBG-13-54-9","midas_f_5792","midas_g_119075","midas_s_119075",300,NA,"Wolfe v3: went back to modified wolfe + EDTA and switched CuSO4 to CUCl2"
"1e3f1ba7e9eb6d326f7f7ea4792b1680","Q",0,"Bacteria","Chloroflexi","Anaerolineae","RBG-13-54-9","midas_f_5792","midas_g_96353","midas_s_96353",300,NA,"Wolfe v3: went back to modified wolfe + EDTA and switched CuSO4 to CUCl2"
"be1d4c6accdb6c0d6ca7a1e0db1c63fb","Q",0,"Bacteria","Chloroflexi","Anaerolineae","RBG-13-54-9","midas_f_5792","midas_g_96353","midas_s_96353",300,NA,"Wolfe v3: went back to modified wolfe + EDTA and switched CuSO4 to CUCl2"
"bdd5dd02a4adbb00f8c1631abf8615af","Q",0,"Bacteria","Chloroflexi","Anaerolineae","RBG-13-54-9","midas_f_5792","midas_g_92851","midas_s_98440",300,NA,"Wolfe v3: went back to modified wolfe + EDTA and switched CuSO4 to CUCl2"
"aad81ac0351dcd619b00c97e690dfa5f","Q",0,"Bacteria","Chloroflexi","Anaerolineae","RBG-13-54-9","midas_f_5792","midas_g_34283","midas_s_34283",300,NA,"Wolfe v3: went back to modified wolfe + EDTA and switched CuSO4 to CUCl2"
"da07a733c6038de701a8f72af131d730","Q",0,"Bacteria","Chloroflexi","Anaerolineae","RBG-13-54-9","midas_f_5792","midas_g_5792","midas_s_5792",300,NA,"Wolfe v3: went back to modified wolfe + EDTA and switched CuSO4 to CUCl2"
"c5e8440cde07de1b358a2744fa0626e9","Q",0,"Bacteria","Chloroflexi","Anaerolineae","RBG-13-54-9","midas_f_20645",NA,NA,300,NA,"Wolfe v3: went back to modified wolfe + EDTA and switched CuSO4 to CUCl2"
"38fdea0374be9c2a3549ac2be7678d6d","Q",0,"Bacteria","Chloroflexi","Anaerolineae","RBG-13-54-9","midas_f_5792","midas_g_46217","midas_s_48219",300,NA,"Wolfe v3: went back to modified wolfe + EDTA and switched CuSO4 to CUCl2"
"86d8b22d008c02c166ab930218a92e10","Q",0,"Bacteria","Chloroflexi","Anaerolineae","RBG-13-54-9","midas_f_20645","midas_g_98374","midas_s_100532",300,NA,"Wolfe v3: went back to modified wolfe + EDTA and switched CuSO4 to CUCl2"
"062cbfa9421131d2ab6418f8ee0385c6","Q",0,"Bacteria","Chloroflexi","Anaerolineae","RBG-13-54-9","midas_f_20645","midas_g_98374","midas_s_100532",300,NA,"Wolfe v3: went back to modified wolfe + EDTA and switched CuSO4 to CUCl2"
"ba48df38cee6b17f2eda82b87095c240","Q",0,"Bacteria","Chloroflexi","Anaerolineae","RBG-13-54-9","midas_f_20645","midas_g_98170","midas_s_98170",300,NA,"Wolfe v3: went back to modified wolfe + EDTA and switched CuSO4 to CUCl2"
"04d3fb492116659a0de3a6a9d16f50b1","Q",0,"Bacteria","Chloroflexi","Anaerolineae","RBG-13-54-9","midas_f_5792","midas_g_109815","midas_s_109815",300,NA,"Wolfe v3: went back to modified wolfe + EDTA and switched CuSO4 to CUCl2"
"798933fd16ab772e1e547b6af3461e47","Q",0,"Bacteria","Chloroflexi","Anaerolineae","RBG-13-54-9","midas_f_4245","midas_g_4245","midas_s_4245",300,NA,"Wolfe v3: went back to modified wolfe + EDTA and switched CuSO4 to CUCl2"
"316c252396afd490a718db47b7e13385","Q",0,"Bacteria","Chloroflexi","Anaerolineae","RBG-13-54-9","midas_f_4245","midas_g_44684","midas_s_65245",300,NA,"Wolfe v3: went back to modified wolfe + EDTA and switched CuSO4 to CUCl2"
"98e48e291e82614b662dd427ed669231","Q",0,"Bacteria","Chloroflexi","Anaerolineae","RBG-13-54-9","midas_f_4245","midas_g_4582","midas_s_4582",300,NA,"Wolfe v3: went back to modified wolfe + EDTA and switched CuSO4 to CUCl2"
"381bd0335293264d60f0d35fab6b5887","Q",0,"Bacteria","Chloroflexi","Anaerolineae","RBG-13-54-9","midas_f_4245","midas_g_4582","midas_s_4582",300,NA,"Wolfe v3: went back to modified wolfe + EDTA and switched CuSO4 to CUCl2"
"64cbb145bf7546cd909ccdfc390477a7","Q",0,"Bacteria","Chloroflexi","Anaerolineae","RBG-13-54-9","midas_f_4245","midas_g_49937",NA,300,NA,"Wolfe v3: went back to modified wolfe + EDTA and switched CuSO4 to CUCl2"
"116dc9851c69f16ec8c27a12ce358fa4","Q",0,"Bacteria","Chloroflexi","Anaerolineae","RBG-13-54-9","midas_f_4245","midas_g_84729","midas_s_84729",300,NA,"Wolfe v3: went back to modified wolfe + EDTA and switched CuSO4 to CUCl2"
"b78b814af10f7643be0ef223f80cb573","Q",0,"Bacteria","Chloroflexi","Anaerolineae","RBG-13-54-9","midas_f_4245","midas_g_84729","midas_s_84729",300,NA,"Wolfe v3: went back to modified wolfe + EDTA and switched CuSO4 to CUCl2"
"7460da842ed9a123301b3bdff0597d0a","Q",0,"Bacteria","Chloroflexi","Anaerolineae","midas_o_4245","midas_f_7837","midas_g_8099","midas_s_8099",300,NA,"Wolfe v3: went back to modified wolfe + EDTA and switched CuSO4 to CUCl2"
"571f6e6cd40b8548c4d3acff7572c04d","Q",0,"Bacteria","Chloroflexi","Anaerolineae","RBG-13-54-9","midas_f_2772",NA,NA,300,NA,"Wolfe v3: went back to modified wolfe + EDTA and switched CuSO4 to CUCl2"
"d628016102970528d40c260b4400c593","Q",0,"Bacteria","Chloroflexi","Anaerolineae","RBG-13-54-9","midas_f_2772","midas_g_7133","midas_s_99594",300,NA,"Wolfe v3: went back to modified wolfe + EDTA and switched CuSO4 to CUCl2"
"c7710bd03585ff9fb13a73ad718dd629","Q",0,"Bacteria","Chloroflexi","Anaerolineae","Anaerolineales","Anaerolineaceae","midas_g_12624","midas_s_12624",300,NA,"Wolfe v3: went back to modified wolfe + EDTA and switched CuSO4 to CUCl2"
"2b21fc8c9a472bcf2441c9c063baaf0a","Q",0,"Bacteria","Chloroflexi","Anaerolineae","Anaerolineales","Anaerolineaceae","Pelolinea","midas_s_98125",300,NA,"Wolfe v3: went back to modified wolfe + EDTA and switched CuSO4 to CUCl2"
"f99471f9f75bc3c8400f9611fa7ee14f","Q",0,"Bacteria","Chloroflexi","Anaerolineae","Anaerolineales","Anaerolineaceae","Pelolinea","midas_s_26433",300,NA,"Wolfe v3: went back to modified wolfe + EDTA and switched CuSO4 to CUCl2"
"47f95903f37498d9dd0eda1e5bcb3e28","Q",0,"Bacteria","Chloroflexi","Anaerolineae","Anaerolineales","Anaerolineaceae","Pelolinea",NA,300,NA,"Wolfe v3: went back to modified wolfe + EDTA and switched CuSO4 to CUCl2"
"86ce8e836244a989d26315bf84d75d99","Q",0,"Bacteria","Chloroflexi","Anaerolineae","Anaerolineales","Anaerolineaceae","Bellilinea","midas_s_6727",300,NA,"Wolfe v3: went back to modified wolfe + EDTA and switched CuSO4 to CUCl2"
"b1a12be5e88edf77bfaef78dd01159eb","Q",0,"Bacteria","Chloroflexi","Anaerolineae","Anaerolineales","Anaerolineaceae","Leptolinea","midas_s_3887",300,NA,"Wolfe v3: went back to modified wolfe + EDTA and switched CuSO4 to CUCl2"
"1d4b9f3ddf33afdf5308213897846090","Q",0,"Bacteria","Chloroflexi","Anaerolineae","Anaerolineales","Anaerolineaceae","Leptolinea","midas_s_825",300,NA,"Wolfe v3: went back to modified wolfe + EDTA and switched CuSO4 to CUCl2"
"ade13a0239469e844de6acb3f220d4b2","Q",0,"Bacteria","Chloroflexi","Anaerolineae","Anaerolineales","Anaerolineaceae","Leptolinea","midas_s_11889",300,NA,"Wolfe v3: went back to modified wolfe + EDTA and switched CuSO4 to CUCl2"
"56db17221a9724cad62ae9a36c453a81","Q",0,"Bacteria","Chloroflexi","Anaerolineae","Anaerolineales","Anaerolineaceae","Longilinea","midas_s_8542",300,NA,"Wolfe v3: went back to modified wolfe + EDTA and switched CuSO4 to CUCl2"
"3b54387c342aed1bbfc6586fdf74ffc6","Q",0,"Bacteria","Chloroflexi","Anaerolineae","Anaerolineales","Anaerolineaceae","Longilinea",NA,300,NA,"Wolfe v3: went back to modified wolfe + EDTA and switched CuSO4 to CUCl2"
"8dd05d46c0b97113078aba2427454051","Q",0,"Bacteria","Chloroflexi","Anaerolineae","Anaerolineales","Anaerolineaceae","Leptolinea","midas_s_60908",300,NA,"Wolfe v3: went back to modified wolfe + EDTA and switched CuSO4 to CUCl2"
"78d38ebcda61982cfb9d7fccb6a94cf2","Q",0,"Bacteria","Chloroflexi","Anaerolineae","Anaerolineales","Anaerolineaceae","midas_g_110354","midas_s_110354",300,NA,"Wolfe v3: went back to modified wolfe + EDTA and switched CuSO4 to CUCl2"
"ad552f09200febf499158c052101079b","Q",0,"Bacteria","Chloroflexi","Anaerolineae","Anaerolineales","Anaerolineaceae","midas_g_789","midas_s_3468",300,NA,"Wolfe v3: went back to modified wolfe + EDTA and switched CuSO4 to CUCl2"
"6ed1f425cd7d234afdf0906b91293ae2","Q",0,"Bacteria","Chloroflexi","Anaerolineae","Anaerolineales","Anaerolineaceae","midas_g_789","midas_s_42369",300,NA,"Wolfe v3: went back to modified wolfe + EDTA and switched CuSO4 to CUCl2"
"d5ed9ff1b4b6861428e0eb93d8b2c3a1","Q",0,"Bacteria","Chloroflexi","Anaerolineae","Anaerolineales","Anaerolineaceae","Leptolinea","midas_s_7416",300,NA,"Wolfe v3: went back to modified wolfe + EDTA and switched CuSO4 to CUCl2"
"a41371aa833164c1e707004fdfb16b36","Q",0,"Bacteria","Chloroflexi","Anaerolineae","Anaerolineales","Anaerolineaceae","midas_g_26047","midas_s_26047",300,NA,"Wolfe v3: went back to modified wolfe + EDTA and switched CuSO4 to CUCl2"
"e8c47e7d73b07d777c7a56fc1318b432","Q",0,"Bacteria","Chloroflexi","Anaerolineae","Anaerolineales","Anaerolineaceae","Anaerolinea","midas_s_8221",300,NA,"Wolfe v3: went back to modified wolfe + EDTA and switched CuSO4 to CUCl2"
"9d4a17911618ba9db170b62ca50ac4a3","Q",0,"Bacteria","Chloroflexi","Anaerolineae","Anaerolineales","Anaerolineaceae","midas_g_93238","midas_s_93238",300,NA,"Wolfe v3: went back to modified wolfe + EDTA and switched CuSO4 to CUCl2"
"a8a559b16166ead544ccc5288860baca","Q",0,"Bacteria","Chloroflexi","Anaerolineae","Anaerolineales","Anaerolineaceae","Anaerolinea","midas_s_3963",300,NA,"Wolfe v3: went back to modified wolfe + EDTA and switched CuSO4 to CUCl2"
"da42156b748b0af3ebc3c6268720755e","Q",0,"Bacteria","Chloroflexi","Anaerolineae","Anaerolineales","Anaerolineaceae","midas_g_6489","midas_s_18280",300,NA,"Wolfe v3: went back to modified wolfe + EDTA and switched CuSO4 to CUCl2"
"9cc5b63b74154fc7bcdf7e8796e5d2de","Q",0,"Bacteria","Chloroflexi","Anaerolineae","Anaerolineales","Anaerolineaceae","midas_g_7694","midas_s_55421",300,NA,"Wolfe v3: went back to modified wolfe + EDTA and switched CuSO4 to CUCl2"
"685a06c480c8512cad2bba3e5b066bdb","Q",0,"Bacteria","Chloroflexi","Anaerolineae","Anaerolineales","Anaerolineaceae","Flexilinea","Flexilinea_flocculi",300,NA,"Wolfe v3: went back to modified wolfe + EDTA and switched CuSO4 to CUCl2"
"6504a13e2edb3328fffb344daf7b2ee3","Q",0,"Bacteria","Chloroflexi","Anaerolineae","Anaerolineales","Anaerolineaceae","Flexilinea","midas_s_7001",300,NA,"Wolfe v3: went back to modified wolfe + EDTA and switched CuSO4 to CUCl2"
"fdb931f5c3f0b1f62bb2d613cb86001e","Q",0,"Bacteria","Chloroflexi","Anaerolineae","Anaerolineales","Anaerolineaceae","Flexilinea","midas_s_7001",300,NA,"Wolfe v3: went back to modified wolfe + EDTA and switched CuSO4 to CUCl2"
"5b3ae10206715c2976a983cb2eef902e","Q",0,"Bacteria","Chloroflexi","Anaerolineae","Anaerolineales","Anaerolineaceae","Levilinea","midas_s_7089",300,NA,"Wolfe v3: went back to modified wolfe + EDTA and switched CuSO4 to CUCl2"
"77da7e24d4e417e8a4fd692db80d26e1","Q",0,"Bacteria","Chloroflexi","Anaerolineae","Anaerolineales","Anaerolineaceae","Levilinea","midas_s_107200",300,NA,"Wolfe v3: went back to modified wolfe + EDTA and switched CuSO4 to CUCl2"
"edb1b7dc98830cdfb83ef9466ad4aaaa","Q",0,"Bacteria","Chloroflexi","Anaerolineae","Anaerolineales","Anaerolineaceae","Ca_Brevefilum","Ca_Brevefilum_fermentans",300,NA,"Wolfe v3: went back to modified wolfe + EDTA and switched CuSO4 to CUCl2"
"597e0e7e460f5d0be7030d9da9e27e58","Q",0,"Bacteria","Chloroflexi","Anaerolineae","Anaerolineales","Anaerolineaceae","Ca_Brevefilum","midas_s_6385",300,NA,"Wolfe v3: went back to modified wolfe + EDTA and switched CuSO4 to CUCl2"
"c010039c9d795c2923840493ddf8c086","Q",0,"Bacteria","Chloroflexi","Anaerolineae","Anaerolineales","Anaerolineaceae","Ca_Brevefilum","midas_s_40470",300,NA,"Wolfe v3: went back to modified wolfe + EDTA and switched CuSO4 to CUCl2"
"43c944338e9f3b7dbdf05108887a754a","Q",0,"Bacteria","Chloroflexi","Anaerolineae","Anaerolineales","Anaerolineaceae","midas_g_156",NA,300,NA,"Wolfe v3: went back to modified wolfe + EDTA and switched CuSO4 to CUCl2"
"bfbc3acfb5c0b219aa6480a3323adf77","Q",0,"Bacteria","Chloroflexi","Anaerolineae","Anaerolineales","Anaerolineaceae","midas_g_467","midas_s_24907",300,NA,"Wolfe v3: went back to modified wolfe + EDTA and switched CuSO4 to CUCl2"
"ab4d207ba005958298be140605c5a8fb","Q",0,"Bacteria","Chloroflexi","Anaerolineae","Anaerolineales","Anaerolineaceae","midas_g_467","midas_s_1625",300,NA,"Wolfe v3: went back to modified wolfe + EDTA and switched CuSO4 to CUCl2"
"8a652928ef13cc45fe6fad624a6fa1d2","Q",0,"Bacteria","Chloroflexi","Anaerolineae","Anaerolineales","Anaerolineaceae","midas_g_467","midas_s_467",300,NA,"Wolfe v3: went back to modified wolfe + EDTA and switched CuSO4 to CUCl2"
"5bd95b851799d453c141b62c55e27ef4","Q",0,"Bacteria","Chloroflexi","Anaerolineae","Anaerolineales","Anaerolineaceae","midas_g_467","midas_s_467",300,NA,"Wolfe v3: went back to modified wolfe + EDTA and switched CuSO4 to CUCl2"
"04bc2a095282907ef4df7a2a9447166f","Q",0,"Bacteria","Chloroflexi","Anaerolineae","Anaerolineales","Anaerolineaceae","midas_g_467","midas_s_1462",300,NA,"Wolfe v3: went back to modified wolfe + EDTA and switched CuSO4 to CUCl2"
"7f95be53d89bc3a48bae7b78b974d701","Q",0,"Bacteria","Chloroflexi","Anaerolineae","Anaerolineales","Anaerolineaceae","midas_g_467","midas_s_1462",300,NA,"Wolfe v3: went back to modified wolfe + EDTA and switched CuSO4 to CUCl2"
"c9209e2a22c08ecdf2762a15fb6e44e1","Q",0,"Bacteria","Chloroflexi","Anaerolineae","Anaerolineales","Anaerolineaceae","midas_g_467",NA,300,NA,"Wolfe v3: went back to modified wolfe + EDTA and switched CuSO4 to CUCl2"
"43b083f9636dbce1742a5107ad053584","Q",0,"Bacteria","Chloroflexi","Anaerolineae","Anaerolineales","Anaerolineaceae","midas_g_467","midas_s_4730",300,NA,"Wolfe v3: went back to modified wolfe + EDTA and switched CuSO4 to CUCl2"
"c668608bc7be0382064b57d5505c7e23","Q",0,"Bacteria","Chloroflexi","Anaerolineae","Anaerolineales","Anaerolineaceae","midas_g_156","midas_s_156",300,NA,"Wolfe v3: went back to modified wolfe + EDTA and switched CuSO4 to CUCl2"
"ae53fe95ad7f469e3187a126d6098100","Q",0,"Bacteria","Chloroflexi","Anaerolineae","Anaerolineales","Anaerolineaceae","midas_g_156","midas_s_156",300,NA,"Wolfe v3: went back to modified wolfe + EDTA and switched CuSO4 to CUCl2"
"2df9e7b11fe11f679f52c25fe8d3c27f","Q",0,"Bacteria","Chloroflexi","Anaerolineae","Anaerolineales","Anaerolineaceae","midas_g_156","midas_s_156",300,NA,"Wolfe v3: went back to modified wolfe + EDTA and switched CuSO4 to CUCl2"
"e587cd60e62e6c08ac653bef4e935304","Q",0,"Bacteria","Chloroflexi","Anaerolineae","Anaerolineales","Anaerolineaceae","midas_g_2702","midas_s_4236",300,NA,"Wolfe v3: went back to modified wolfe + EDTA and switched CuSO4 to CUCl2"
"758b8307071957eb86c89a180b187482","Q",0,"Bacteria","Chloroflexi","Anaerolineae","Anaerolineales","Anaerolineaceae","midas_g_156","midas_s_876",300,NA,"Wolfe v3: went back to modified wolfe + EDTA and switched CuSO4 to CUCl2"
"16d5a0178f3d79e81808ab413ec47dc9","Q",0,"Bacteria","Chloroflexi","Anaerolineae","Anaerolineales","Anaerolineaceae","midas_g_156","midas_s_876",300,NA,"Wolfe v3: went back to modified wolfe + EDTA and switched CuSO4 to CUCl2"
"0b359e0da05bbff15ce4ea980bfaa286","Q",0,"Bacteria","Chloroflexi","Anaerolineae","Anaerolineales","Anaerolineaceae","midas_g_156","midas_s_2841",300,NA,"Wolfe v3: went back to modified wolfe + EDTA and switched CuSO4 to CUCl2"
"1c4637de71fcd2eaffb3ce3dfac5900b","Q",0,"Bacteria","Chloroflexi","Anaerolineae","Anaerolineales","Anaerolineaceae","midas_g_51462",NA,300,NA,"Wolfe v3: went back to modified wolfe + EDTA and switched CuSO4 to CUCl2"
"58cd0f7f937effa7c5ed5dbe7e5cc864","Q",0,"Bacteria","Chloroflexi","Anaerolineae","Anaerolineales","Anaerolineaceae","midas_g_9913","midas_s_120176",300,NA,"Wolfe v3: went back to modified wolfe + EDTA and switched CuSO4 to CUCl2"
"8967a8d6fe2dd175ae34bdac837af10a","Q",0,"Bacteria","Chloroflexi","Anaerolineae","Anaerolineales","Anaerolineaceae","midas_g_9913","midas_s_100240",300,NA,"Wolfe v3: went back to modified wolfe + EDTA and switched CuSO4 to CUCl2"
"1fe612d44adcd7a6a0efbc7ad770fb38","Q",0,"Bacteria","Chloroflexi","Anaerolineae","Anaerolineales","Anaerolineaceae","midas_g_9913","midas_s_9913",300,NA,"Wolfe v3: went back to modified wolfe + EDTA and switched CuSO4 to CUCl2"
"e3ef2cba7805de59638a581426ab70a9","Q",0,"Bacteria","Chloroflexi","Anaerolineae","Anaerolineales","Anaerolineaceae","midas_g_9913","midas_s_50426",300,NA,"Wolfe v3: went back to modified wolfe + EDTA and switched CuSO4 to CUCl2"
"7095c313e9e1c5136c8dfaf1ccf4e5d5","Q",0,"Bacteria","Chloroflexi","Anaerolineae","Anaerolineales","Anaerolineaceae","midas_g_108212",NA,300,NA,"Wolfe v3: went back to modified wolfe + EDTA and switched CuSO4 to CUCl2"
"ad871c6d75b2fb982388dfc27e0032c7","Q",0,"Bacteria","Chloroflexi","Anaerolineae","Anaerolineales","Anaerolineaceae","midas_g_52005","midas_s_80455",300,NA,"Wolfe v3: went back to modified wolfe + EDTA and switched CuSO4 to CUCl2"
"5bbe2a5a01c16cb8363953430baaea87","Q",0,"Bacteria","Chloroflexi","Anaerolineae","SBR1031","Flexifilaceae","midas_g_25102","midas_s_40968",300,NA,"Wolfe v3: went back to modified wolfe + EDTA and switched CuSO4 to CUCl2"
"4d8b87bb1c80a21e5d80851c8f8c1a91","Q",0,"Bacteria","Chloroflexi","Anaerolineae","SBR1031","Flexifilaceae","Ca_Flexifilum","Ca_Flexifilum_breve",300,NA,"Wolfe v3: went back to modified wolfe + EDTA and switched CuSO4 to CUCl2"
"79f4b4c69c43f9fc726deee40b36d3f3","Q",0,"Bacteria","Chloroflexi","Anaerolineae","SBR1031","Flexifilaceae","midas_g_2842","midas_s_28091",300,NA,"Wolfe v3: went back to modified wolfe + EDTA and switched CuSO4 to CUCl2"
"4c9b3fff08afb1135eafe0f7c7438032","Q",0,"Bacteria","Chloroflexi","Anaerolineae","SBR1031","midas_f_1469","midas_g_1469",NA,300,NA,"Wolfe v3: went back to modified wolfe + EDTA and switched CuSO4 to CUCl2"
"2efff3ec5ec80431bec254de17da2fcd","Q",0,"Bacteria","Chloroflexi","Anaerolineae","SBR1031","midas_f_1469","midas_g_4419","midas_s_4419",300,NA,"Wolfe v3: went back to modified wolfe + EDTA and switched CuSO4 to CUCl2"
"2dbf2a077fcce4d00fd8aa9472955ceb","Q",0,"Bacteria","Chloroflexi","Anaerolineae","SBR1031","midas_f_1469","midas_g_2178","midas_s_52041",300,NA,"Wolfe v3: went back to modified wolfe + EDTA and switched CuSO4 to CUCl2"
"1c9743174dcdb5dacbd049ba550f23f8","Q",0,"Bacteria","Chloroflexi","Anaerolineae","SBR1031","midas_f_1469","midas_g_2178","midas_s_32403",300,NA,"Wolfe v3: went back to modified wolfe + EDTA and switched CuSO4 to CUCl2"
"391d30262cc3dea9747cbbc8eddf9f07","Q",0,"Bacteria","Chloroflexi","Anaerolineae","SBR1031","midas_f_1469","midas_g_2178","midas_s_32403",300,NA,"Wolfe v3: went back to modified wolfe + EDTA and switched CuSO4 to CUCl2"
"b8787a09e2e26dcf154557d3ad66ea8d","Q",0,"Bacteria","Chloroflexi","Anaerolineae","SBR1031","midas_f_1469","midas_g_2178","midas_s_32403",300,NA,"Wolfe v3: went back to modified wolfe + EDTA and switched CuSO4 to CUCl2"
"6485c37d83d17b68e3abb2d6c2749df5","Q",0,"Bacteria","Chloroflexi","Anaerolineae","SBR1031","midas_f_1469","midas_g_2178",NA,300,NA,"Wolfe v3: went back to modified wolfe + EDTA and switched CuSO4 to CUCl2"
"9413dd54243692b250670640c660758d","Q",0,"Bacteria","Chloroflexi","Anaerolineae","SBR1031","midas_f_1469","midas_g_2178","midas_s_5149",300,NA,"Wolfe v3: went back to modified wolfe + EDTA and switched CuSO4 to CUCl2"
"da040f4409259c781d2e44bd12938078","Q",0,"Bacteria","Chloroflexi","Anaerolineae","SBR1031","midas_f_18027","midas_g_18027","midas_s_120025",300,NA,"Wolfe v3: went back to modified wolfe + EDTA and switched CuSO4 to CUCl2"
"25077ffdd305e287a33697d70d484327","Q",0,"Bacteria","Chloroflexi","Anaerolineae","SBR1031","midas_f_184","midas_g_1862","midas_s_1862",300,NA,"Wolfe v3: went back to modified wolfe + EDTA and switched CuSO4 to CUCl2"
"cb0675920de285932e554b08f1db3466","Q",0,"Bacteria","Chloroflexi","Anaerolineae","SBR1031","midas_f_944","midas_g_7542","midas_s_7542",300,NA,"Wolfe v3: went back to modified wolfe + EDTA and switched CuSO4 to CUCl2"
"70deeba9f4974d134dbc64d97bd2fff7","Q",0,"Bacteria","Chloroflexi","Anaerolineae","SBR1031","midas_f_944","midas_g_6234","midas_s_6234",300,NA,"Wolfe v3: went back to modified wolfe + EDTA and switched CuSO4 to CUCl2"
"fa1752718a40da1c6c32371773653272","Q",0,"Bacteria","Chloroflexi","Anaerolineae","SBR1031","midas_f_944","midas_g_6234","midas_s_6234",300,NA,"Wolfe v3: went back to modified wolfe + EDTA and switched CuSO4 to CUCl2"
"76861e4fd720b21d96693697fa6b48fc","Q",0,"Bacteria","Chloroflexi","KD4-96","midas_o_3277","midas_f_3277","midas_g_3277","midas_s_3277",300,NA,"Wolfe v3: went back to modified wolfe + EDTA and switched CuSO4 to CUCl2"
"55d6f196845f6c46a8c04acebb14b7b9","Q",0,"Bacteria","Chloroflexi","KD4-96","midas_o_3277","midas_f_3277","midas_g_3277","midas_s_36597",300,NA,"Wolfe v3: went back to modified wolfe + EDTA and switched CuSO4 to CUCl2"
"351fdba7f02fbaff27a231855c689a8a","Q",0,"Bacteria","Actinobacteriota","WCHB1-81","midas_o_765","midas_f_765","midas_g_1737","midas_s_1737",300,NA,"Wolfe v3: went back to modified wolfe + EDTA and switched CuSO4 to CUCl2"
"592ba0f920b7fbd354e218aaf08930ab","Q",0,"Bacteria","Actinobacteriota","WCHB1-81","midas_o_765","midas_f_765","midas_g_8523","midas_s_8523",300,NA,"Wolfe v3: went back to modified wolfe + EDTA and switched CuSO4 to CUCl2"
"a216822e223bbb6baf68503a21bc5d0a","Q",0,"Bacteria","Actinobacteriota","WCHB1-81","midas_o_765","midas_f_765","midas_g_116083","midas_s_116083",300,NA,"Wolfe v3: went back to modified wolfe + EDTA and switched CuSO4 to CUCl2"
"3e198207b81e382d6209c129373e9d60","Q",0,"Bacteria","Actinobacteriota","WCHB1-81","midas_o_765","midas_f_765","midas_g_765","midas_s_765",300,NA,"Wolfe v3: went back to modified wolfe + EDTA and switched CuSO4 to CUCl2"
"62464229dcef00e0856587086e1e2f9d","Q",0,"Bacteria","Actinobacteriota","WCHB1-81","midas_o_765","midas_f_765","midas_g_27766","midas_s_27766",300,NA,"Wolfe v3: went back to modified wolfe + EDTA and switched CuSO4 to CUCl2"
"1dd54482446cd8882dfd4fc7d128da40","Q",0,"Bacteria","Actinobacteriota","WCHB1-81","midas_o_765","midas_f_765","midas_g_765","midas_s_4550",300,NA,"Wolfe v3: went back to modified wolfe + EDTA and switched CuSO4 to CUCl2"
"15baec8488957bacb3136134000dc93a","Q",0,"Bacteria","Actinobacteriota","WCHB1-81","midas_o_765","midas_f_765","midas_g_765","midas_s_4411",300,NA,"Wolfe v3: went back to modified wolfe + EDTA and switched CuSO4 to CUCl2"
"626ceecfac444a7e053d5ae2c76833df","Q",0,"Bacteria","Actinobacteriota","WCHB1-81","midas_o_765","midas_f_765","midas_g_765","midas_s_4411",300,NA,"Wolfe v3: went back to modified wolfe + EDTA and switched CuSO4 to CUCl2"
"4d472a0025391001536abf639f86372b","Q",0,"Bacteria","Actinobacteriota","Thermoleophilia","Gaiellales","midas_f_269","midas_g_473","midas_s_579",300,NA,"Wolfe v3: went back to modified wolfe + EDTA and switched CuSO4 to CUCl2"
"5286cf541576f555afe0b5b79d1163d9","Q",0,"Bacteria","Actinobacteriota","Thermoleophilia","Gaiellales","midas_f_269",NA,NA,300,NA,"Wolfe v3: went back to modified wolfe + EDTA and switched CuSO4 to CUCl2"
"40e233849dcafd1ca1e5dd020826ec04","Q",0,"Bacteria","Actinobacteriota","Thermoleophilia","Gaiellales","midas_f_269","midas_g_269","midas_s_9149",300,NA,"Wolfe v3: went back to modified wolfe + EDTA and switched CuSO4 to CUCl2"
"4a1539d5c420d910c842f2dfd2531a6d","Q",0,"Bacteria","Actinobacteriota","Thermoleophilia","Gaiellales","midas_f_269","midas_g_269","midas_s_9149",300,NA,"Wolfe v3: went back to modified wolfe + EDTA and switched CuSO4 to CUCl2"
"7377692c0967c99c56f749e092acb30a","Q",0,"Bacteria","Actinobacteriota","Thermoleophilia","Gaiellales","midas_f_269","midas_g_269",NA,300,NA,"Wolfe v3: went back to modified wolfe + EDTA and switched CuSO4 to CUCl2"
"acb819d2b09f090ba6c3112028bbc54b","Q",0,"Bacteria","Actinobacteriota","Thermoleophilia","Gaiellales","midas_f_269","midas_g_269","midas_s_269",300,NA,"Wolfe v3: went back to modified wolfe + EDTA and switched CuSO4 to CUCl2"
"856f4e976cd8cb16d80b01f36ee9721a","Q",0,"Bacteria","Actinobacteriota","Thermoleophilia","Gaiellales","midas_f_269","midas_g_269","midas_s_28831",300,NA,"Wolfe v3: went back to modified wolfe + EDTA and switched CuSO4 to CUCl2"
"f07216e3758674127b729897fc2945ba","Q",0,"Bacteria","Actinobacteriota","Thermoleophilia","Gaiellales","midas_f_269","midas_g_54538","midas_s_114437",300,NA,"Wolfe v3: went back to modified wolfe + EDTA and switched CuSO4 to CUCl2"
"e98a78fb93f10ea212298a128d9cadc1","Q",0,"Bacteria","Actinobacteriota","Thermoleophilia","Gaiellales","midas_f_269","midas_g_54538","midas_s_110280",300,NA,"Wolfe v3: went back to modified wolfe + EDTA and switched CuSO4 to CUCl2"
"b4437357383387ed0937aeb891b767d2","Q",0,"Bacteria","Actinobacteriota","Thermoleophilia","Gaiellales","midas_f_3270","midas_g_5098","midas_s_5098",300,NA,"Wolfe v3: went back to modified wolfe + EDTA and switched CuSO4 to CUCl2"
"80017052479e0a7748dc385488c63536","Q",0,"Bacteria","Actinobacteriota","Thermoleophilia","Gaiellales","midas_f_269","midas_g_50482","midas_s_55111",300,NA,"Wolfe v3: went back to modified wolfe + EDTA and switched CuSO4 to CUCl2"
"65c689dc4b8772012494d43535fd1102","Q",0,"Bacteria","Actinobacteriota","Thermoleophilia","Solirubrobacterales","Solirubrobacteraceae","midas_g_21833","midas_s_21833",300,NA,"Wolfe v3: went back to modified wolfe + EDTA and switched CuSO4 to CUCl2"
"4a70dcab1da10b99743b8b5298cd2f6f","Q",0,"Bacteria","Actinobacteriota","Thermoleophilia","Solirubrobacterales","67-14","midas_g_52",NA,300,NA,"Wolfe v3: went back to modified wolfe + EDTA and switched CuSO4 to CUCl2"
"1a33b954694a3eddcd95ead6c562cfb2","Q",0,"Bacteria","Actinobacteriota","Thermoleophilia","Solirubrobacterales","67-14","midas_g_52","midas_s_53589",300,NA,"Wolfe v3: went back to modified wolfe + EDTA and switched CuSO4 to CUCl2"
"1f1ff56fd37c5c9b1a9ac7b1d99e10b0","Q",0,"Bacteria","Actinobacteriota","Thermoleophilia","Solirubrobacterales","67-14","midas_g_52","midas_s_52",300,NA,"Wolfe v3: went back to modified wolfe + EDTA and switched CuSO4 to CUCl2"
"644c14744299b1aa46a195610c9f1a6f","Q",0,"Bacteria","Actinobacteriota","Thermoleophilia","Solirubrobacterales","67-14","midas_g_52",NA,300,NA,"Wolfe v3: went back to modified wolfe + EDTA and switched CuSO4 to CUCl2"
"a42258463565d8531ac1fbcbcb5558fd","Q",0,"Bacteria","Actinobacteriota","Thermoleophilia","Solirubrobacterales","Solirubrobacteraceae","Conexibacter","midas_s_18538",300,NA,"Wolfe v3: went back to modified wolfe + EDTA and switched CuSO4 to CUCl2"
"e8bb8d9f0ab19588ba970ec5b20a7319","Q",0,"Bacteria","Actinobacteriota","Thermoleophilia","Solirubrobacterales","Solirubrobacteraceae","Conexibacter","midas_s_1608",300,NA,"Wolfe v3: went back to modified wolfe + EDTA and switched CuSO4 to CUCl2"
"a9aac800e685600e21278a2012556aa7","Q",0,"Bacteria","Actinobacteriota","Thermoleophilia","Solirubrobacterales","Solirubrobacteraceae","Conexibacter","midas_s_2583",300,NA,"Wolfe v3: went back to modified wolfe + EDTA and switched CuSO4 to CUCl2"
"44ed1a1eb3ed2fe963e32f2d9591f332","Q",0,"Bacteria","Actinobacteriota","Thermoleophilia","Solirubrobacterales","Solirubrobacteraceae","Conexibacter","midas_s_1828",300,NA,"Wolfe v3: went back to modified wolfe + EDTA and switched CuSO4 to CUCl2"
"9293b23be2addc4c8910fbe977237c46","Q",0,"Bacteria",NA,NA,NA,NA,NA,NA,300,NA,"Wolfe v3: went back to modified wolfe + EDTA and switched CuSO4 to CUCl2"
"e3b6d7ad6ee740d0b7d343c2c2ce53a0","Q",0,"Bacteria","Actinobacteriota",NA,NA,NA,NA,NA,300,NA,"Wolfe v3: went back to modified wolfe + EDTA and switched CuSO4 to CUCl2"
"1e12ac0d70169a9c084a739e040907b9","Q",0,"Bacteria","Actinobacteriota","Actinobacteria","Micromonosporales","Micromonosporaceae","Micromonospora","midas_s_116544",300,NA,"Wolfe v3: went back to modified wolfe + EDTA and switched CuSO4 to CUCl2"
"be2708e1bdcddac994cdfd7ddf921d52","Q",0,"Bacteria","Actinobacteriota","Actinobacteria","Frankiales","Frankiaceae","Jatrophihabitans","midas_s_3483",300,NA,"Wolfe v3: went back to modified wolfe + EDTA and switched CuSO4 to CUCl2"
"b369899a050f5bdde428c77540050c80","Q",0,"Bacteria","Actinobacteriota","Actinobacteria","Frankiales","Frankiaceae","Jatrophihabitans",NA,300,NA,"Wolfe v3: went back to modified wolfe + EDTA and switched CuSO4 to CUCl2"
"9bc997e8ebea77d717faea18a7bf4708","Q",0,"Bacteria","Actinobacteriota","Actinobacteria","midas_o_5","midas_f_5","midas_g_100","midas_s_151",300,NA,"Wolfe v3: went back to modified wolfe + EDTA and switched CuSO4 to CUCl2"
"bcfc5d3c9a3586094059acfae2f253f4","Q",0,"Bacteria","Actinobacteriota","Actinobacteria","midas_o_5","midas_f_5","midas_g_957",NA,300,NA,"Wolfe v3: went back to modified wolfe + EDTA and switched CuSO4 to CUCl2"
"954d0e6f5e93a9f23198c807840314bd","Q",0,"Bacteria","Actinobacteriota","Actinobacteria","midas_o_5","midas_f_5","midas_g_957",NA,300,NA,"Wolfe v3: went back to modified wolfe + EDTA and switched CuSO4 to CUCl2"
"9b0365b5a27348e323235f03eb91b153","Q",0,"Bacteria","Actinobacteriota","Actinobacteria","midas_o_5","midas_f_5","midas_g_399",NA,300,NA,"Wolfe v3: went back to modified wolfe + EDTA and switched CuSO4 to CUCl2"
"df94cb7c1f51d6e7df4a969d561b0a4d","Q",0,"Bacteria","Actinobacteriota","Actinobacteria","midas_o_5","midas_f_5","midas_g_399",NA,300,NA,"Wolfe v3: went back to modified wolfe + EDTA and switched CuSO4 to CUCl2"
"9762cb79dea0ad8ac9b2c00da97ee1de","Q",0,"Bacteria","Actinobacteriota","Actinobacteria","midas_o_5","midas_f_5","midas_g_399","midas_s_5208",300,NA,"Wolfe v3: went back to modified wolfe + EDTA and switched CuSO4 to CUCl2"
"0138936a169c4a0914606cedbcd38fa6","Q",0,"Bacteria","Actinobacteriota","Actinobacteria","midas_o_5","midas_f_5","midas_g_399","midas_s_18349",300,NA,"Wolfe v3: went back to modified wolfe + EDTA and switched CuSO4 to CUCl2"
"22958f01426d8f1fe3f4922e13710669","Q",0,"Bacteria","Actinobacteriota","Actinobacteria","midas_o_5","midas_f_5","midas_g_399","midas_s_399",300,NA,"Wolfe v3: went back to modified wolfe + EDTA and switched CuSO4 to CUCl2"
"9a6c73fde0a30dc54868fac28b4fc86f","Q",0,"Bacteria","Actinobacteriota","Actinobacteria","midas_o_5","midas_f_5","midas_g_399","midas_s_578",300,NA,"Wolfe v3: went back to modified wolfe + EDTA and switched CuSO4 to CUCl2"
"4708a77110c6f82083fb0f0e64026556","Q",0,"Bacteria","Actinobacteriota","Actinobacteria",NA,NA,NA,NA,300,NA,"Wolfe v3: went back to modified wolfe + EDTA and switched CuSO4 to CUCl2"
"9cef27fb5c42d04a7e949300061958c1","Q",0,"Bacteria","Actinobacteriota","Actinobacteria","Propionibacteriales","Propionibacteriaceae","midas_g_497",NA,300,NA,"Wolfe v3: went back to modified wolfe + EDTA and switched CuSO4 to CUCl2"
"469c376c54706d2a04589d78e87c8780","Q",0,"Bacteria","Actinobacteriota","Actinobacteria","midas_o_5","midas_f_5","midas_g_3281",NA,300,NA,"Wolfe v3: went back to modified wolfe + EDTA and switched CuSO4 to CUCl2"
"3a87ef2d0d0b72632e8f39d0320fcf93","Q",0,"Bacteria","Actinobacteriota","Actinobacteria","Frankiales","Nakamurellaceae","Nakamurella","midas_s_33602",300,NA,"Wolfe v3: went back to modified wolfe + EDTA and switched CuSO4 to CUCl2"
"5d31a7ba11fffdbcb915a4ba1aac75e6","Q",0,"Bacteria","Actinobacteriota","Actinobacteria","Frankiales","Nakamurellaceae","Nakamurella",NA,300,NA,"Wolfe v3: went back to modified wolfe + EDTA and switched CuSO4 to CUCl2"
"3fbd0537ef4f3242fb50a2ddb91061ad","Q",0,"Bacteria","Actinobacteriota","Actinobacteria","Frankiales","Nakamurellaceae","Nakamurella",NA,300,NA,"Wolfe v3: went back to modified wolfe + EDTA and switched CuSO4 to CUCl2"
"fc7c6eed68d83b0078b51ba3581a953b","Q",0,"Bacteria","Actinobacteriota","Actinobacteria","Frankiales","Nakamurellaceae","Nakamurella",NA,300,NA,"Wolfe v3: went back to modified wolfe + EDTA and switched CuSO4 to CUCl2"
"7e112350867950f176b414f5f71178fd","Q",0,"Bacteria","Actinobacteriota","Actinobacteria",NA,NA,NA,NA,300,NA,"Wolfe v3: went back to modified wolfe + EDTA and switched CuSO4 to CUCl2"
"744dbcf4af334c630605fa9000c112ce","Q",0,"Bacteria","Actinobacteriota","Actinobacteria",NA,NA,NA,NA,300,NA,"Wolfe v3: went back to modified wolfe + EDTA and switched CuSO4 to CUCl2"
"b34dc27e49d5139cf1011ee1e6032115","Q",0,"Bacteria","Actinobacteriota","Actinobacteria","Propionibacteriales","Nocardioidaceae","Nocardioides",NA,300,NA,"Wolfe v3: went back to modified wolfe + EDTA and switched CuSO4 to CUCl2"
"349d6e0ff74f02b6d2d55d29a6084ea2","Q",0,"Bacteria","Actinobacteriota","Actinobacteria","Propionibacteriales","Nocardioidaceae","Marmoricola","midas_s_143",300,NA,"Wolfe v3: went back to modified wolfe + EDTA and switched CuSO4 to CUCl2"
"421c4fde5e0b6d90aba4333ba1328d82","Q",0,"Bacteria","Actinobacteriota","Actinobacteria","Propionibacteriales","Nocardioidaceae","Nocardioides","midas_s_13052",300,NA,"Wolfe v3: went back to modified wolfe + EDTA and switched CuSO4 to CUCl2"
"11e175aff64bc4cf4986007e12bfc628","Q",0,"Bacteria","Actinobacteriota","Actinobacteria","Propionibacteriales","Nocardioidaceae","Nocardioides","midas_s_44456",300,NA,"Wolfe v3: went back to modified wolfe + EDTA and switched CuSO4 to CUCl2"
"36b46a254875314bef7628b94ef8d7b6","Q",0,"Bacteria","Actinobacteriota","Actinobacteria","Propionibacteriales","Nocardioidaceae","Nocardioides",NA,300,NA,"Wolfe v3: went back to modified wolfe + EDTA and switched CuSO4 to CUCl2"
"37f3685c73e70deca8c822eb745ced49","Q",0,"Bacteria","Actinobacteriota","Actinobacteria","Propionibacteriales","Nocardioidaceae","Nocardioides","midas_s_625",300,NA,"Wolfe v3: went back to modified wolfe + EDTA and switched CuSO4 to CUCl2"
"0bd4b1e42bd92aa97b0e3256b8b9f685","Q",0,"Bacteria","Actinobacteriota","Actinobacteria","Propionibacteriales","Nocardioidaceae","midas_g_6741",NA,300,NA,"Wolfe v3: went back to modified wolfe + EDTA and switched CuSO4 to CUCl2"
"dbecc9e8493f9f9f3816c44467a0b7d4","Q",0,"Bacteria","Actinobacteriota","Actinobacteria","Propionibacteriales","Nocardioidaceae","midas_g_2796","midas_s_5042",300,NA,"Wolfe v3: went back to modified wolfe + EDTA and switched CuSO4 to CUCl2"
"5b2c9996f39f03a22f551c353da1d3ed","Q",0,"Bacteria","Actinobacteriota","Actinobacteria","Propionibacteriales","Nocardioidaceae","Nocardioides","Nocardioides_glacieisoli",300,NA,"Wolfe v3: went back to modified wolfe + EDTA and switched CuSO4 to CUCl2"
"8bbcf048be9561d00c6ed8f597643925","Q",0,"Bacteria","Actinobacteriota","Actinobacteria","Propionibacteriales","Propionibacteriaceae","Cutibacterium","midas_s_6640",300,NA,"Wolfe v3: went back to modified wolfe + EDTA and switched CuSO4 to CUCl2"
"92fb114641e27921122496428e2ef0dd","Q",0,"Bacteria","Actinobacteriota","Actinobacteria","Propionibacteriales","Propionibacteriaceae","Cutibacterium","midas_s_6640",300,NA,"Wolfe v3: went back to modified wolfe + EDTA and switched CuSO4 to CUCl2"
"ea5eeef4adcd29b79e56e455f9025517","Q",0,"Bacteria","Actinobacteriota","Actinobacteria","Propionibacteriales","Propionibacteriaceae","Micropruina",NA,300,NA,"Wolfe v3: went back to modified wolfe + EDTA and switched CuSO4 to CUCl2"
"28a57cdaa30629405422c8fde4881357","Q",0,"Bacteria","Actinobacteriota","Actinobacteria","Propionibacteriales","Propionibacteriaceae","Micropruina",NA,300,NA,"Wolfe v3: went back to modified wolfe + EDTA and switched CuSO4 to CUCl2"
"5f438bcb87bf9d011daee383cbf8268b","Q",0,"Bacteria","Actinobacteriota","Actinobacteria","Propionibacteriales","Propionibacteriaceae","Micropruina",NA,300,NA,"Wolfe v3: went back to modified wolfe + EDTA and switched CuSO4 to CUCl2"
"2092628b1364caea9caa8bb32e494b85","Q",0,"Bacteria","Actinobacteriota","Actinobacteria","Propionibacteriales","Propionibacteriaceae","Micropruina",NA,300,NA,"Wolfe v3: went back to modified wolfe + EDTA and switched CuSO4 to CUCl2"
"a1919f68c3e5bd0c8c85ce6c4a407a81","Q",0,"Bacteria","Actinobacteriota","Actinobacteria","Propionibacteriales","Propionibacteriaceae","Propioniciclava","midas_s_752",300,NA,"Wolfe v3: went back to modified wolfe + EDTA and switched CuSO4 to CUCl2"
"61b47b9e51cba36e07b09f783d91532d","Q",0,"Bacteria","Actinobacteriota","Actinobacteria","Propionibacteriales","Propionibacteriaceae","Propioniciclava",NA,300,NA,"Wolfe v3: went back to modified wolfe + EDTA and switched CuSO4 to CUCl2"
"eade9ffca2019fd37ceeefa62349cee5","Q",0,"Bacteria","Actinobacteriota","Actinobacteria","Propionibacteriales","Propionibacteriaceae","Propioniciclava","midas_s_2585",300,NA,"Wolfe v3: went back to modified wolfe + EDTA and switched CuSO4 to CUCl2"
"7741e484f93c21c4e051f33fc7b64f88","Q",0,"Bacteria","Actinobacteriota","Actinobacteria","Propionibacteriales","Propionibacteriaceae","Propioniciclava",NA,300,NA,"Wolfe v3: went back to modified wolfe + EDTA and switched CuSO4 to CUCl2"
"41c2b1997c23cb128c7a5fe3586fe2cd","Q",0,"Bacteria","Actinobacteriota","Actinobacteria","Propionibacteriales","Propionibacteriaceae","Propioniciclava",NA,300,NA,"Wolfe v3: went back to modified wolfe + EDTA and switched CuSO4 to CUCl2"
"9d4eef533118fb8ade7389906d38038e","Q",0,"Bacteria","Actinobacteriota","Actinobacteria","Propionibacteriales","Propionibacteriaceae","Luteococcus",NA,300,NA,"Wolfe v3: went back to modified wolfe + EDTA and switched CuSO4 to CUCl2"
"ed129574cd3b032d712d56b5aae6be05","Q",0,"Bacteria","Actinobacteriota","Actinobacteria","Propionibacteriales","Propionibacteriaceae","Propionicicella",NA,300,NA,"Wolfe v3: went back to modified wolfe + EDTA and switched CuSO4 to CUCl2"
"4b847baea94497568fe03f94a68afb3c","Q",0,"Bacteria","Actinobacteriota","Actinobacteria","Propionibacteriales","Propionibacteriaceae","Tessaracoccus",NA,300,NA,"Wolfe v3: went back to modified wolfe + EDTA and switched CuSO4 to CUCl2"
"6bb602f161cd434e740b0b0694a2fe7e","Q",0,"Bacteria","Actinobacteriota","Actinobacteria","Propionibacteriales","Propionibacteriaceae","Tessaracoccus","midas_s_1048",300,NA,"Wolfe v3: went back to modified wolfe + EDTA and switched CuSO4 to CUCl2"
"2da3ff46bfa58a914368731cfd699785","Q",0,"Bacteria","Actinobacteriota","Actinobacteria","Propionibacteriales","Propionibacteriaceae","Brooklawnia","midas_s_193",300,NA,"Wolfe v3: went back to modified wolfe + EDTA and switched CuSO4 to CUCl2"
"39514d7e0d952fb5735d67b878688bc8","Q",0,"Bacteria","Actinobacteriota","Actinobacteria","Propionibacteriales","Propionibacteriaceae","midas_g_164","midas_s_260",300,NA,"Wolfe v3: went back to modified wolfe + EDTA and switched CuSO4 to CUCl2"
"87ca798d18d4f98d6e899ac8e8b8daa2","Q",0,"Bacteria","Actinobacteriota","Actinobacteria","Propionibacteriales","Propionibacteriaceae","Brooklawnia",NA,300,NA,"Wolfe v3: went back to modified wolfe + EDTA and switched CuSO4 to CUCl2"
"8489763884add5fd5b86c463d80a278d","Q",0,"Bacteria","Actinobacteriota","Actinobacteria","Propionibacteriales","Propionibacteriaceae",NA,NA,300,NA,"Wolfe v3: went back to modified wolfe + EDTA and switched CuSO4 to CUCl2"
"89da33616fecea01a2dd1f560e309cd0","Q",0,"Bacteria","Actinobacteriota","Actinobacteria","Propionibacteriales","Propionibacteriaceae","Aestuariimicrobium","midas_s_338",300,NA,"Wolfe v3: went back to modified wolfe + EDTA and switched CuSO4 to CUCl2"
"60d23b6a7047719eb79dc09d360c62cc","Q",0,"Bacteria","Actinobacteriota","Actinobacteria","Propionibacteriales","Propionibacteriaceae","Microlunatus",NA,300,NA,"Wolfe v3: went back to modified wolfe + EDTA and switched CuSO4 to CUCl2"
"31d88ad972b0a11f159439daf1fe7367","Q",0,"Bacteria","Actinobacteriota","Actinobacteria","Propionibacteriales","Propionibacteriaceae","Microlunatus",NA,300,NA,"Wolfe v3: went back to modified wolfe + EDTA and switched CuSO4 to CUCl2"
"268ddc25aa0fd61d2ecd190573a66498","Q",0,"Bacteria","Actinobacteriota","Actinobacteria","Propionibacteriales","Propionibacteriaceae","Propionicicella",NA,300,NA,"Wolfe v3: went back to modified wolfe + EDTA and switched CuSO4 to CUCl2"
"227b3993622857f90f1b3be1adaf17cd","Q",0,"Bacteria","Actinobacteriota","Actinobacteria","Propionibacteriales","Propionibacteriaceae","Propionicicella","midas_s_3443",300,NA,"Wolfe v3: went back to modified wolfe + EDTA and switched CuSO4 to CUCl2"
"0c141cc6426851c4478ff79ed68247f5","Q",0,"Bacteria","Actinobacteriota","Actinobacteria","Propionibacteriales","Propionibacteriaceae","Propionicicella",NA,300,NA,"Wolfe v3: went back to modified wolfe + EDTA and switched CuSO4 to CUCl2"
"8298bcdb584afbb1bdb72e7abb796243","Q",0,"Bacteria","Actinobacteriota","Actinobacteria","Propionibacteriales","Propionibacteriaceae","Propionicicella",NA,300,NA,"Wolfe v3: went back to modified wolfe + EDTA and switched CuSO4 to CUCl2"
"fa3a634a3d5d11bab288b00d2d5369cc","Q",0,"Bacteria","Actinobacteriota","Actinobacteria","Propionibacteriales","Propionibacteriaceae","midas_g_49",NA,300,NA,"Wolfe v3: went back to modified wolfe + EDTA and switched CuSO4 to CUCl2"
"3f36ab74340cc11784c5f0c58099e15e","Q",0,"Bacteria","Actinobacteriota","Actinobacteria","Propionibacteriales","Propionibacteriaceae",NA,NA,300,NA,"Wolfe v3: went back to modified wolfe + EDTA and switched CuSO4 to CUCl2"
"230f936bbde428b48c67b563c84f874a","Q",0,"Bacteria","Actinobacteriota","Actinobacteria","Propionibacteriales","Propionibacteriaceae","Propionicimonas","midas_s_49",300,NA,"Wolfe v3: went back to modified wolfe + EDTA and switched CuSO4 to CUCl2"
"ddfc7fa44eb695c1a36fab946176dbdc","Q",0,"Bacteria","Actinobacteriota","Actinobacteria","Propionibacteriales","Propionibacteriaceae",NA,NA,300,NA,"Wolfe v3: went back to modified wolfe + EDTA and switched CuSO4 to CUCl2"
"44f513ba8d222b088ba2ad6e7ab85b8c","Q",0,"Bacteria","Actinobacteriota","Actinobacteria","Propionibacteriales","Propionibacteriaceae","Propionicicella",NA,300,NA,"Wolfe v3: went back to modified wolfe + EDTA and switched CuSO4 to CUCl2"
"6148c6e49d72c0f24a187a979ba7a5aa","Q",0,"Bacteria","Actinobacteriota","Actinobacteria","Propionibacteriales","Propionibacteriaceae","Propionicicella",NA,300,NA,"Wolfe v3: went back to modified wolfe + EDTA and switched CuSO4 to CUCl2"
"fd932f10265b9729b3972ed5cdce8a0d","Q",0,"Bacteria","Actinobacteriota","Actinobacteria","Micrococcales","Microbacteriaceae",NA,NA,300,NA,"Wolfe v3: went back to modified wolfe + EDTA and switched CuSO4 to CUCl2"
"16bd85d98b01823963164e514e5c1da4","Q",0,"Bacteria","Actinobacteriota","Actinobacteria","Bifidobacteriales","Bifidobacteriaceae","Bifidobacterium","midas_s_116480",300,NA,"Wolfe v3: went back to modified wolfe + EDTA and switched CuSO4 to CUCl2"
"147f672fdb531def69cb4b3f1c5029da","Q",0,"Bacteria","Actinobacteriota","Actinobacteria","Micrococcales","Microbacteriaceae","Leucobacter",NA,300,NA,"Wolfe v3: went back to modified wolfe + EDTA and switched CuSO4 to CUCl2"
"99f9b204f31c6690c17496f44394b974","Q",0,"Bacteria","Actinobacteriota","Actinobacteria","Micrococcales","Microbacteriaceae","Leucobacter",NA,300,NA,"Wolfe v3: went back to modified wolfe + EDTA and switched CuSO4 to CUCl2"
"5ec4e02584b8c58b33bde92395188ffa","Q",0,"Bacteria","Actinobacteriota","Actinobacteria","Micrococcales","Microbacteriaceae","Leucobacter",NA,300,NA,"Wolfe v3: went back to modified wolfe + EDTA and switched CuSO4 to CUCl2"
"1343e87d3913871b8120eddf9b9aedc6","Q",0,"Bacteria","Actinobacteriota","Actinobacteria","Micrococcales","Microbacteriaceae","Leucobacter",NA,300,NA,"Wolfe v3: went back to modified wolfe + EDTA and switched CuSO4 to CUCl2"
"4c61879ca2f0594335aa69f539fa89c3","Q",0,"Bacteria","Actinobacteriota","Actinobacteria","Micrococcales","Microbacteriaceae","Leucobacter",NA,300,NA,"Wolfe v3: went back to modified wolfe + EDTA and switched CuSO4 to CUCl2"
"87aaf6c235f6de90e49dbd7cb8369b3a","Q",0,"Bacteria","Actinobacteriota","Actinobacteria","Micrococcales","Microbacteriaceae","Leucobacter",NA,300,NA,"Wolfe v3: went back to modified wolfe + EDTA and switched CuSO4 to CUCl2"
"60aded12db04cbb8ba0091f3bb63d0a6","Q",0,"Bacteria","Actinobacteriota","Actinobacteria","Micrococcales","Microbacteriaceae","Leucobacter",NA,300,NA,"Wolfe v3: went back to modified wolfe + EDTA and switched CuSO4 to CUCl2"
"04a65a3c8425eeeaa26b5be5e1f73ea6","Q",0,"Bacteria","Actinobacteriota","Actinobacteria","Micrococcales","Microbacteriaceae","Leucobacter",NA,300,NA,"Wolfe v3: went back to modified wolfe + EDTA and switched CuSO4 to CUCl2"
"90fa6c0bf60713bfb45126d0e322b04b","Q",0,"Bacteria","Actinobacteriota","Actinobacteria","Micrococcales","Microbacteriaceae","Leucobacter",NA,300,NA,"Wolfe v3: went back to modified wolfe + EDTA and switched CuSO4 to CUCl2"
"beb16d17921d9d616810cfda4d470651","Q",0,"Bacteria","Actinobacteriota","Actinobacteria","Micrococcales","Microbacteriaceae","Leucobacter",NA,300,NA,"Wolfe v3: went back to modified wolfe + EDTA and switched CuSO4 to CUCl2"
"c41c5795922c324df06444964515a11f","Q",0,"Bacteria","Actinobacteriota","Actinobacteria","Micrococcales","Microbacteriaceae","Microbacterium",NA,300,NA,"Wolfe v3: went back to modified wolfe + EDTA and switched CuSO4 to CUCl2"
"01606679d848223557a0c8b91904ad43","Q",0,"Bacteria","Actinobacteriota","Actinobacteria","Micrococcales","Microbacteriaceae","Microbacterium",NA,300,NA,"Wolfe v3: went back to modified wolfe + EDTA and switched CuSO4 to CUCl2"
"77b0fc3d2cdfed133689d19939bd753c","Q",0,"Bacteria","Actinobacteriota","Actinobacteria","Micrococcales","Microbacteriaceae","Microbacterium",NA,300,NA,"Wolfe v3: went back to modified wolfe + EDTA and switched CuSO4 to CUCl2"
"d40238b6e6c47b51c94b10008b551af4","Q",0,"Bacteria","Actinobacteriota","Actinobacteria","Micrococcales","Microbacteriaceae","Microbacterium",NA,300,NA,"Wolfe v3: went back to modified wolfe + EDTA and switched CuSO4 to CUCl2"
"9e3e461620d3bc6fb82b614f65a5a69b","Q",0,"Bacteria","Actinobacteriota","Actinobacteria","Micrococcales","Microbacteriaceae","Microbacterium",NA,300,NA,"Wolfe v3: went back to modified wolfe + EDTA and switched CuSO4 to CUCl2"
"c2229c40838cb5aa067cdcab26a4d0bd","Q",0,"Bacteria","Actinobacteriota","Actinobacteria","Micrococcales","Microbacteriaceae","Microbacterium",NA,300,NA,"Wolfe v3: went back to modified wolfe + EDTA and switched CuSO4 to CUCl2"
"27af05757211c4e22e274f6521c2b033","Q",0,"Bacteria","Actinobacteriota","Actinobacteria","Micrococcales","Microbacteriaceae","Microbacterium",NA,300,NA,"Wolfe v3: went back to modified wolfe + EDTA and switched CuSO4 to CUCl2"
"de794e5f913a822d437c41f82c49a80e","Q",0,"Bacteria","Actinobacteriota","Actinobacteria","Micrococcales","Microbacteriaceae","Microbacterium",NA,300,NA,"Wolfe v3: went back to modified wolfe + EDTA and switched CuSO4 to CUCl2"
"ce79d4435bd130dc3503269a9b397170","Q",0,"Bacteria","Actinobacteriota","Actinobacteria","Micrococcales","Microbacteriaceae","Microbacterium",NA,300,NA,"Wolfe v3: went back to modified wolfe + EDTA and switched CuSO4 to CUCl2"
"33428c03ea0cb71b8769c049e677faaa","Q",0,"Bacteria","Actinobacteriota","Actinobacteria","Micrococcales","Microbacteriaceae","Microbacterium",NA,300,NA,"Wolfe v3: went back to modified wolfe + EDTA and switched CuSO4 to CUCl2"
"7fd8ef977c4177cf2c4c536310a8f19f","Q",0,"Bacteria","Actinobacteriota","Actinobacteria","Micrococcales","Microbacteriaceae","Microbacterium",NA,300,NA,"Wolfe v3: went back to modified wolfe + EDTA and switched CuSO4 to CUCl2"
"5adea97be7d61a174324b19e19ba1dea","Q",0,"Bacteria","Actinobacteriota","Actinobacteria","Micrococcales","Microbacteriaceae","Galbitalea",NA,300,NA,"Wolfe v3: went back to modified wolfe + EDTA and switched CuSO4 to CUCl2"
"dbda74fb9d5fd3c12eaab78face02172","Q",0,"Bacteria","Actinobacteriota","Actinobacteria","Micrococcales","Microbacteriaceae","Diaminobutyricimonas",NA,300,NA,"Wolfe v3: went back to modified wolfe + EDTA and switched CuSO4 to CUCl2"
"32d1077d28b29a3f6b93e1c0cbad6fda","Q",0,"Bacteria","Actinobacteriota","Actinobacteria","Micrococcales","Intrasporangiaceae","Tetrasphaera",NA,300,NA,"Wolfe v3: went back to modified wolfe + EDTA and switched CuSO4 to CUCl2"
"07246a1fc2c2fed9e54374f5ee46c333","Q",0,"Bacteria","Actinobacteriota","Actinobacteria","Micrococcales","Intrasporangiaceae",NA,NA,300,NA,"Wolfe v3: went back to modified wolfe + EDTA and switched CuSO4 to CUCl2"
"75ae184615957ea74819e0710296a493","Q",0,"Bacteria","Actinobacteriota","Actinobacteria","Micrococcales","Intrasporangiaceae","Ca_Phosphoribacter","midas_s_5",300,NA,"Wolfe v3: went back to modified wolfe + EDTA and switched CuSO4 to CUCl2"
"4fdb441ce30cb8a04ddd4c7b24e39ae2","Q",0,"Bacteria","Actinobacteriota","Actinobacteria","Micrococcales","Dermatophilaceae","midas_g_739","midas_s_739",300,NA,"Wolfe v3: went back to modified wolfe + EDTA and switched CuSO4 to CUCl2"
"5fc9b3b833ee5fc9ddee11259db3940d","Q",0,"Bacteria","Actinobacteriota","Actinobacteria","Micrococcales","Dermatophilaceae","midas_g_739","midas_s_8771",300,NA,"Wolfe v3: went back to modified wolfe + EDTA and switched CuSO4 to CUCl2"
"a1191cbfeb25ca6deb449da1e2baad3a","Q",0,"Bacteria","Actinobacteriota","Actinobacteria","Micrococcales","Dermatophilaceae","midas_g_724","midas_s_37584",300,NA,"Wolfe v3: went back to modified wolfe + EDTA and switched CuSO4 to CUCl2"
"87b489a37616c28af2c28eda4b45fb8b","Q",0,"Bacteria","Actinobacteriota","Actinobacteria","Micrococcales","Dermatophilaceae",NA,NA,300,NA,"Wolfe v3: went back to modified wolfe + EDTA and switched CuSO4 to CUCl2"
"38296582075fc96045a4147fb746fe4b","Q",0,"Bacteria","Actinobacteriota","Actinobacteria","Micrococcales","Cellulomonadaceae","Actinotalea","midas_s_31096",300,NA,"Wolfe v3: went back to modified wolfe + EDTA and switched CuSO4 to CUCl2"
"97d46cb66b426e54414d29f5c60c740a","Q",0,"Bacteria","Actinobacteriota","Actinobacteria","Kineosporiales","Kineosporiaceae",NA,NA,300,NA,"Wolfe v3: went back to modified wolfe + EDTA and switched CuSO4 to CUCl2"
"748512e38095cce946336f055623773b","Q",0,"Bacteria","Actinobacteriota","Actinobacteria","Micrococcales","Bogoriellaceae","Georgenia","midas_s_27914",300,NA,"Wolfe v3: went back to modified wolfe + EDTA and switched CuSO4 to CUCl2"
"941c985cd594eddbaa7ba0e614bdf30f","Q",0,"Bacteria","Actinobacteriota","Actinobacteria","Actinomycetales","Actinomycetaceae","midas_g_343",NA,300,NA,"Wolfe v3: went back to modified wolfe + EDTA and switched CuSO4 to CUCl2"
"b94b3e9177961551c08f311f8515f346","Q",0,"Bacteria","Actinobacteriota","Actinobacteria","Actinomycetales","Actinomycetaceae","Flaviflexus","midas_s_51021",300,NA,"Wolfe v3: went back to modified wolfe + EDTA and switched CuSO4 to CUCl2"
"7de13a55503e90292b953209386e0b7b","Q",0,"Bacteria","Actinobacteriota","Actinobacteria","Actinomycetales","Actinomycetaceae","midas_g_343","midas_s_2322",300,NA,"Wolfe v3: went back to modified wolfe + EDTA and switched CuSO4 to CUCl2"
"e9bddfa0fc6471131e3412f81bdc6b6d","Q",0,"Bacteria","Actinobacteriota","Actinobacteria","Micrococcales","Bogoriellaceae","Georgenia",NA,300,NA,"Wolfe v3: went back to modified wolfe + EDTA and switched CuSO4 to CUCl2"
"520df833871a8a531033d90f108d61a3","Q",0,"Bacteria","Actinobacteriota","Actinobacteria","Actinomycetales","Actinomycetaceae","Actinomyces","midas_s_51989",300,NA,"Wolfe v3: went back to modified wolfe + EDTA and switched CuSO4 to CUCl2"
"0c3ea3339f3a3be523e02cefed4aaa10","Q",0,"Bacteria","Actinobacteriota","Actinobacteria","Actinomycetales","Actinomycetaceae","Actinomyces","midas_s_51989",300,NA,"Wolfe v3: went back to modified wolfe + EDTA and switched CuSO4 to CUCl2"
"cb3f42ad378ddeda014d895db355586b","Q",0,"Bacteria","Actinobacteriota","Actinobacteria","Actinomycetales","Actinomycetaceae","Actinomyces","midas_s_110073",300,NA,"Wolfe v3: went back to modified wolfe + EDTA and switched CuSO4 to CUCl2"
"aa20c972229ba580ad2044118ab67181","Q",0,"Bacteria","Actinobacteriota","Actinobacteria","Actinomycetales","Actinomycetaceae","Actinomyces",NA,300,NA,"Wolfe v3: went back to modified wolfe + EDTA and switched CuSO4 to CUCl2"
"347f05aadc3de2fe5237432c42d041b5","Q",0,"Bacteria","Actinobacteriota","Actinobacteria","Actinomycetales","Actinomycetaceae","Actinomyces","midas_s_4035",300,NA,"Wolfe v3: went back to modified wolfe + EDTA and switched CuSO4 to CUCl2"
"1e2270e7a0c8c2e951edc6813b58451a","Q",0,"Bacteria","Actinobacteriota","Actinobacteria","Actinomycetales","Actinomycetaceae","Actinomyces","midas_s_47670",300,NA,"Wolfe v3: went back to modified wolfe + EDTA and switched CuSO4 to CUCl2"
"547b0919a99ed883fc7e366881d70e30","Q",0,"Bacteria","Actinobacteriota","Actinobacteria","Micrococcales","Micrococcaceae","Kocuria","midas_s_61660",300,NA,"Wolfe v3: went back to modified wolfe + EDTA and switched CuSO4 to CUCl2"
"db0c288182530edd5066c0881c9665c7","Q",0,"Bacteria","Actinobacteriota","Actinobacteria","Micrococcales","Micrococcaceae","Kocuria",NA,300,NA,"Wolfe v3: went back to modified wolfe + EDTA and switched CuSO4 to CUCl2"
"8d3f2463af90ed9f59bbda873534edc0","Q",0,"Bacteria","Actinobacteriota","Actinobacteria","Pseudonocardiales","Pseudonocardiaceae","Actinomycetospora","Actinomycetospora_lutea",300,NA,"Wolfe v3: went back to modified wolfe + EDTA and switched CuSO4 to CUCl2"
"4343b6b7da6bae2055762dad082dd651","Q",0,"Bacteria","Actinobacteriota","Actinobacteria","Pseudonocardiales","Pseudonocardiaceae","Pseudonocardia",NA,300,NA,"Wolfe v3: went back to modified wolfe + EDTA and switched CuSO4 to CUCl2"
"29ffed0e67cdfb55f16960a8f8428cb5","Q",0,"Bacteria","Actinobacteriota","Actinobacteria","Pseudonocardiales","Pseudonocardiaceae","Pseudonocardia",NA,300,NA,"Wolfe v3: went back to modified wolfe + EDTA and switched CuSO4 to CUCl2"
"6589433bc08b7cdc5ea1e4928683ed00","Q",0,"Bacteria","Actinobacteriota","Actinobacteria","Corynebacteriales","Corynebacteriaceae","Corynebacterium","midas_s_5929",300,NA,"Wolfe v3: went back to modified wolfe + EDTA and switched CuSO4 to CUCl2"
"add6ee5276913213598665852c4b08fb","Q",0,"Bacteria","Actinobacteriota","Actinobacteria","Corynebacteriales","Corynebacteriaceae","Corynebacterium",NA,300,NA,"Wolfe v3: went back to modified wolfe + EDTA and switched CuSO4 to CUCl2"
"720ef8366f0bd5fb2cb193ce02e53799","Q",0,"Bacteria","Actinobacteriota","Actinobacteria","Corynebacteriales","Dietziaceae","Dietzia","midas_s_5446",300,NA,"Wolfe v3: went back to modified wolfe + EDTA and switched CuSO4 to CUCl2"
"88dc9b1bf64124875974e6e8ce1bb2e0","Q",0,"Bacteria","Actinobacteriota","Actinobacteria","Corynebacteriales","Dietziaceae","Dietzia","midas_s_5446",300,NA,"Wolfe v3: went back to modified wolfe + EDTA and switched CuSO4 to CUCl2"
"61637c95fcfd388d16465d5d8ae30f0a","Q",0,"Bacteria","Actinobacteriota","Actinobacteria","Corynebacteriales","Dietziaceae","Dietzia","midas_s_5446",300,NA,"Wolfe v3: went back to modified wolfe + EDTA and switched CuSO4 to CUCl2"
"2c2a5e52f212bdc4fe6cfe32717f2a01","Q",0,"Bacteria","Actinobacteriota","Actinobacteria","Corynebacteriales","Nocardiaceae","Skermania","Skermania_piniformis",300,NA,"Wolfe v3: went back to modified wolfe + EDTA and switched CuSO4 to CUCl2"
"647927aceecdb8d63c0647ad64f33531","Q",0,"Bacteria","Actinobacteriota","Actinobacteria","Corynebacteriales","Nocardiaceae","Rhodococcus",NA,300,NA,"Wolfe v3: went back to modified wolfe + EDTA and switched CuSO4 to CUCl2"
"a594a2db0ceea408a3931a4465c05420","Q",0,"Bacteria","Actinobacteriota","Actinobacteria","Corynebacteriales","Nocardiaceae","Rhodococcus","midas_s_40773",300,NA,"Wolfe v3: went back to modified wolfe + EDTA and switched CuSO4 to CUCl2"
"87ec65202e592d81d47b66d1484732df","Q",0,"Bacteria","Actinobacteriota","Actinobacteria","Corynebacteriales","Nocardiaceae","Rhodococcus","midas_s_4515",300,NA,"Wolfe v3: went back to modified wolfe + EDTA and switched CuSO4 to CUCl2"
"04270fc1464453e2e7d9a43ae00168b6","Q",0,"Bacteria","Actinobacteriota","Actinobacteria","Corynebacteriales","Nocardiaceae","Rhodococcus","midas_s_4515",300,NA,"Wolfe v3: went back to modified wolfe + EDTA and switched CuSO4 to CUCl2"
"5a53ad0b5b9bb5681456ed32f72110e7","Q",0,"Bacteria","Actinobacteriota","Actinobacteria","Corynebacteriales","Nocardiaceae","Millisia","Millisia_brevis",300,NA,"Wolfe v3: went back to modified wolfe + EDTA and switched CuSO4 to CUCl2"
"2389f5000634184ae381b8e579934c4b","Q",0,"Bacteria","Actinobacteriota","Actinobacteria","Corynebacteriales","Mycobacteriaceae","Mycobacterium",NA,300,NA,"Wolfe v3: went back to modified wolfe + EDTA and switched CuSO4 to CUCl2"
"0c4b95d668645a2a85addfe2f084b6f2","Q",0,"Bacteria","Actinobacteriota","Actinobacteria","Corynebacteriales","Mycobacteriaceae","Mycobacterium",NA,300,NA,"Wolfe v3: went back to modified wolfe + EDTA and switched CuSO4 to CUCl2"
"495cc889a2e82868482b1feb2f71fbd0","Q",0,"Bacteria","Actinobacteriota","Actinobacteria","Corynebacteriales","Mycobacteriaceae","Mycobacterium",NA,300,NA,"Wolfe v3: went back to modified wolfe + EDTA and switched CuSO4 to CUCl2"
"f4acc40b7b61bf7126ad84af26e93ed9","Q",0,"Bacteria","Actinobacteriota","Actinobacteria","Corynebacteriales","Mycobacteriaceae","Mycobacterium",NA,300,NA,"Wolfe v3: went back to modified wolfe + EDTA and switched CuSO4 to CUCl2"
"4ff2d0f9ff5860f0d61f045ebb308e0d","Q",0,"Bacteria","Actinobacteriota","Actinobacteria","Corynebacteriales","Mycobacteriaceae","Mycobacterium",NA,300,NA,"Wolfe v3: went back to modified wolfe + EDTA and switched CuSO4 to CUCl2"
"09304de7bcdde93714df6d4800a79b4d","Q",0,"Bacteria","Actinobacteriota","Actinobacteria","Corynebacteriales","Mycobacteriaceae","Mycobacterium",NA,300,NA,"Wolfe v3: went back to modified wolfe + EDTA and switched CuSO4 to CUCl2"
"6dfb10e6d92b2c7ec87175ad560bed2e","Q",0,"Bacteria","Actinobacteriota","Actinobacteria","Corynebacteriales","Mycobacteriaceae","Mycobacterium",NA,300,NA,"Wolfe v3: went back to modified wolfe + EDTA and switched CuSO4 to CUCl2"
"beb160f1d174dc940a6dd9816c42ca01","Q",0,"Bacteria","Actinobacteriota","Actinobacteria","Corynebacteriales","Mycobacteriaceae","Mycobacterium","midas_s_30070",300,NA,"Wolfe v3: went back to modified wolfe + EDTA and switched CuSO4 to CUCl2"
"d16302bbd739ffc628c49803b25c8f6e","Q",0,"Bacteria","Actinobacteriota","Actinobacteria","Corynebacteriales","Mycobacteriaceae","Mycobacterium",NA,300,NA,"Wolfe v3: went back to modified wolfe + EDTA and switched CuSO4 to CUCl2"
"6c7a1a940865cb8fc19e17d404be6951","Q",0,"Bacteria","Actinobacteriota","Actinobacteria","Corynebacteriales","Mycobacteriaceae","Mycobacterium",NA,300,NA,"Wolfe v3: went back to modified wolfe + EDTA and switched CuSO4 to CUCl2"
"5f50c109f3a9cdf90470d389e4797c67","Q",0,"Bacteria","Actinobacteriota","Actinobacteria","Corynebacteriales","Mycobacteriaceae","Mycobacterium",NA,300,NA,"Wolfe v3: went back to modified wolfe + EDTA and switched CuSO4 to CUCl2"
"76822eb34ea3cf76c00fb31b39d43b12","Q",0,"Bacteria","Actinobacteriota","Actinobacteria","Corynebacteriales","Mycobacteriaceae","Mycobacterium",NA,300,NA,"Wolfe v3: went back to modified wolfe + EDTA and switched CuSO4 to CUCl2"
"84f0bed445af5694e5b98998ffde30a8","Q",0,"Bacteria","Actinobacteriota","Actinobacteria","Corynebacteriales","Mycobacteriaceae","Mycobacterium",NA,300,NA,"Wolfe v3: went back to modified wolfe + EDTA and switched CuSO4 to CUCl2"
"68d8ed7c8b41a1f6e461674c4d220b5a","Q",0,"Bacteria","Actinobacteriota","Actinobacteria","Corynebacteriales","Mycobacteriaceae","Mycobacterium",NA,300,NA,"Wolfe v3: went back to modified wolfe + EDTA and switched CuSO4 to CUCl2"
"a5c80d4415d8b64a85a2b498d22ad570","Q",0,"Bacteria","Actinobacteriota","Actinobacteria","Corynebacteriales","Tsukamurellaceae","Tsukamurella","midas_s_89288",300,NA,"Wolfe v3: went back to modified wolfe + EDTA and switched CuSO4 to CUCl2"
"bce4d231e12c8465556db9d2cf121551","Q",0,"Bacteria","Actinobacteriota","Actinobacteria","Corynebacteriales","Tsukamurellaceae","Tsukamurella","midas_s_4391",300,NA,"Wolfe v3: went back to modified wolfe + EDTA and switched CuSO4 to CUCl2"
"a0bbfb182e829dcd543eba20abe4bf13","Q",0,"Bacteria","Actinobacteriota","Actinobacteria","Corynebacteriales","Nocardiaceae","Gordonia",NA,300,NA,"Wolfe v3: went back to modified wolfe + EDTA and switched CuSO4 to CUCl2"
"5c7c7b73a2ec4b36eb0c3adfcc84d9aa","Q",0,"Bacteria","Actinobacteriota","Actinobacteria","Corynebacteriales","Nocardiaceae","Gordonia",NA,300,NA,"Wolfe v3: went back to modified wolfe + EDTA and switched CuSO4 to CUCl2"
"c09305c29479546a081817c3df4019cc","Q",0,"Bacteria","Actinobacteriota","Actinobacteria","Corynebacteriales","Nocardiaceae","Gordonia",NA,300,NA,"Wolfe v3: went back to modified wolfe + EDTA and switched CuSO4 to CUCl2"
"a53b7a494838590a5600a018277e55ea","Q",0,"Bacteria","Actinobacteriota","Actinobacteria","Corynebacteriales","Nocardiaceae","Gordonia",NA,300,NA,"Wolfe v3: went back to modified wolfe + EDTA and switched CuSO4 to CUCl2"
"f78abd34d9f99dfc6481d847ff918abb","Q",0,"Bacteria","Actinobacteriota","Actinobacteria","Corynebacteriales","Nocardiaceae","Gordonia",NA,300,NA,"Wolfe v3: went back to modified wolfe + EDTA and switched CuSO4 to CUCl2"
"5881e5969b9c5cced797ab5e237049b4","Q",0,"Bacteria","Actinobacteriota","Actinobacteria","Corynebacteriales","Nocardiaceae","Gordonia","midas_s_403",300,NA,"Wolfe v3: went back to modified wolfe + EDTA and switched CuSO4 to CUCl2"
"f8ec439cb9f26e97be2793df3c52b03d","Q",0,"Bacteria","Actinobacteriota","Actinobacteria","Corynebacteriales","Nocardiaceae","Gordonia",NA,300,NA,"Wolfe v3: went back to modified wolfe + EDTA and switched CuSO4 to CUCl2"
"bbb8d866124b76dccef1a07447e2e183","Q",0,"Bacteria","Actinobacteriota","Actinobacteria","Corynebacteriales","Nocardiaceae","Gordonia",NA,300,NA,"Wolfe v3: went back to modified wolfe + EDTA and switched CuSO4 to CUCl2"
"689ea6538e35d0bf0beff8b8ef7ae765","Q",0,"Bacteria","Actinobacteriota","Actinobacteria","Corynebacteriales","Nocardiaceae","Gordonia","midas_s_29668",300,NA,"Wolfe v3: went back to modified wolfe + EDTA and switched CuSO4 to CUCl2"
"5ef9c96b68ed0d81bec10c4b79e562a8","Q",0,"Bacteria","Actinobacteriota","Actinobacteria","Corynebacteriales","Nocardiaceae","Gordonia",NA,300,NA,"Wolfe v3: went back to modified wolfe + EDTA and switched CuSO4 to CUCl2"
"34bc76cd76ea83cf74430a3bbb56ac82","Q",0,"Bacteria","Actinobacteriota","Acidimicrobiia","Microtrichales","Microtrichaceae","IMCC26207",NA,300,NA,"Wolfe v3: went back to modified wolfe + EDTA and switched CuSO4 to CUCl2"
"c3f093ce4164155c9b0f097a9ae7de70","Q",0,"Bacteria","Actinobacteriota","Acidimicrobiia","Microtrichales","Microtrichaceae","IMCC26207",NA,300,NA,"Wolfe v3: went back to modified wolfe + EDTA and switched CuSO4 to CUCl2"
"e5092df44ebdb6698c9fde3cdfb19ceb","Q",0,"Bacteria","Actinobacteriota","Acidimicrobiia","Microtrichales","Microtrichaceae","IMCC26207","midas_s_45164",300,NA,"Wolfe v3: went back to modified wolfe + EDTA and switched CuSO4 to CUCl2"
"e3455df1e42e2473c73aabd6238e9d44","Q",0,"Bacteria","Actinobacteriota","Acidimicrobiia","Microtrichales","Microtrichaceae","IMCC26207","midas_s_11792",300,NA,"Wolfe v3: went back to modified wolfe + EDTA and switched CuSO4 to CUCl2"
"b83c05fb785fc037d554a6f40d8e7774","Q",0,"Bacteria","Actinobacteriota","Acidimicrobiia","Microtrichales","Microtrichaceae","IMCC26207",NA,300,NA,"Wolfe v3: went back to modified wolfe + EDTA and switched CuSO4 to CUCl2"
"02e4c50e67865e5275d1bb983d11988c","Q",0,"Bacteria","Actinobacteriota","Acidimicrobiia","IMCC26256","midas_f_2","midas_g_3140","midas_s_54887",300,NA,"Wolfe v3: went back to modified wolfe + EDTA and switched CuSO4 to CUCl2"
"e4bf10681d4b03152f1aded69bd8e7ab","Q",0,"Bacteria","Actinobacteriota","Acidimicrobiia","Microtrichales","Ilumatobacteraceae","midas_g_3218",NA,300,NA,"Wolfe v3: went back to modified wolfe + EDTA and switched CuSO4 to CUCl2"
"f5bab5c7d812c2d3a64a5dcf3d257e8a","Q",0,"Bacteria","Actinobacteriota","Acidimicrobiia","IMCC26256","midas_f_2","midas_g_3140","midas_s_3140",300,NA,"Wolfe v3: went back to modified wolfe + EDTA and switched CuSO4 to CUCl2"
"2d0678b27e5d621f7d924530fa929c26","Q",0,"Bacteria","Actinobacteriota","Acidimicrobiia","IMCC26256","midas_f_2","midas_g_85228","midas_s_85228",300,NA,"Wolfe v3: went back to modified wolfe + EDTA and switched CuSO4 to CUCl2"
"2d6bab1b94570e4c69c5ef51945f774e","Q",0,"Bacteria","Actinobacteriota","Acidimicrobiia","IMCC26256","midas_f_2","midas_g_85228","midas_s_85228",300,NA,"Wolfe v3: went back to modified wolfe + EDTA and switched CuSO4 to CUCl2"
"eae7dab14a3fcdc218d112865f01940b","Q",0,"Bacteria","Actinobacteriota","Acidimicrobiia",NA,NA,NA,NA,300,NA,"Wolfe v3: went back to modified wolfe + EDTA and switched CuSO4 to CUCl2"
"343639260e5a553a449c040a58953f9a","Q",0,"Bacteria","Actinobacteriota","Acidimicrobiia","Microtrichales","Ilumatobacteraceae","CL500-29_marine_group","midas_s_21",300,NA,"Wolfe v3: went back to modified wolfe + EDTA and switched CuSO4 to CUCl2"
"c4867d600b0a9097a72003891fa4b874","Q",0,"Bacteria","Actinobacteriota","Acidimicrobiia","IMCC26256","midas_f_3344","midas_g_8294","midas_s_8294",300,NA,"Wolfe v3: went back to modified wolfe + EDTA and switched CuSO4 to CUCl2"
"377137e62970b518f66505eab179329e","Q",0,"Bacteria","Actinobacteriota","Acidimicrobiia","IMCC26256","midas_f_641","midas_g_641","midas_s_7310",300,NA,"Wolfe v3: went back to modified wolfe + EDTA and switched CuSO4 to CUCl2"
"33a48735e8b1a35f14da8e944eb0d73a","Q",0,"Bacteria","Actinobacteriota","Thermoleophilia","Gaiellales","midas_f_269","midas_g_531","midas_s_103009",300,NA,"Wolfe v3: went back to modified wolfe + EDTA and switched CuSO4 to CUCl2"
"32d2ffd5aac26382d511eb7ab897fc06","Q",0,"Bacteria","Actinobacteriota","Thermoleophilia","Gaiellales","midas_f_269","midas_g_531",NA,300,NA,"Wolfe v3: went back to modified wolfe + EDTA and switched CuSO4 to CUCl2"
"18ec5da6c765ede0c426af393f8ce656","Q",0,"Bacteria","Actinobacteriota","Thermoleophilia","Gaiellales","midas_f_269","midas_g_531","midas_s_531",300,NA,"Wolfe v3: went back to modified wolfe + EDTA and switched CuSO4 to CUCl2"
"be49979e50fd98568304bc66173f624b","Q",0,"Bacteria","Actinobacteriota","Thermoleophilia","Gaiellales","midas_f_2573","midas_g_3338","midas_s_6873",300,NA,"Wolfe v3: went back to modified wolfe + EDTA and switched CuSO4 to CUCl2"
"c80287fd598d09df08b50511b22020e5","Q",0,"Bacteria","Actinobacteriota","Thermoleophilia","Gaiellales","midas_f_2573","midas_g_3338","midas_s_3953",300,NA,"Wolfe v3: went back to modified wolfe + EDTA and switched CuSO4 to CUCl2"
"1f56ffc2734d7ef8efb20201a6700725","Q",0,"Bacteria","Actinobacteriota","Thermoleophilia","Gaiellales","midas_f_2573","midas_g_3338",NA,300,NA,"Wolfe v3: went back to modified wolfe + EDTA and switched CuSO4 to CUCl2"
"99974302fcd8d2101cbc28c8141e0ee9","Q",0,"Bacteria","Actinobacteriota","Thermoleophilia","Gaiellales","midas_f_2573","midas_g_3338","midas_s_3338",300,NA,"Wolfe v3: went back to modified wolfe + EDTA and switched CuSO4 to CUCl2"
"286e6b7f2a15a9ef97faca363e6a6800","Q",0,"Bacteria","Actinobacteriota","Thermoleophilia","Gaiellales","midas_f_2573","midas_g_3338",NA,300,NA,"Wolfe v3: went back to modified wolfe + EDTA and switched CuSO4 to CUCl2"
"6a4bca8a699c143a04caf781f0c1763c","Q",0,"Bacteria","Actinobacteriota","Rubrobacteria","Rubrobacterales","Rubrobacteriaceae","Rubrobacter","Rubrobacter_radiotolerans",300,NA,"Wolfe v3: went back to modified wolfe + EDTA and switched CuSO4 to CUCl2"
"dce9d93a9449b78d7b3f809249923607","Q",0,"Bacteria","Actinobacteriota","RBG-16-55-12","midas_o_1092","midas_f_1092","midas_g_1092","midas_s_110641",300,NA,"Wolfe v3: went back to modified wolfe + EDTA and switched CuSO4 to CUCl2"
"7adc00fdff504740098679e91cb6844d","Q",0,"Bacteria","Actinobacteriota","RBG-16-55-12","midas_o_1092","midas_f_1092","midas_g_102589","midas_s_102589",300,NA,"Wolfe v3: went back to modified wolfe + EDTA and switched CuSO4 to CUCl2"
"06246fa4c1b00ea76b5539442f32c012","Q",0,"Bacteria","Actinobacteriota","Coriobacteriia","OPB41","midas_f_3016","midas_g_5574","midas_s_5574",300,NA,"Wolfe v3: went back to modified wolfe + EDTA and switched CuSO4 to CUCl2"
"0c488eee4c6d02abb4e34df3ec16a09b","Q",0,"Bacteria","Actinobacteriota","Coriobacteriia","OPB41","midas_f_3016","midas_g_5574","midas_s_36575",300,NA,"Wolfe v3: went back to modified wolfe + EDTA and switched CuSO4 to CUCl2"
"496ed1835247fa310353bd53160fad4a","Q",0,"Bacteria","Actinobacteriota","Coriobacteriia","OPB41",NA,NA,NA,300,NA,"Wolfe v3: went back to modified wolfe + EDTA and switched CuSO4 to CUCl2"
"67551524f244fa1d912a5ae3dc5321ac","Q",0,"Bacteria","Actinobacteriota","Coriobacteriia","OPB41","midas_f_6325","midas_g_6325",NA,300,NA,"Wolfe v3: went back to modified wolfe + EDTA and switched CuSO4 to CUCl2"
"8d5c57433a03e4329c7e6b3aaf6668a1","Q",0,"Bacteria","Actinobacteriota","Coriobacteriia","OPB41","midas_f_6325",NA,NA,300,NA,"Wolfe v3: went back to modified wolfe + EDTA and switched CuSO4 to CUCl2"
"a1f67bd15d480d23ca73f40a62f815bb","Q",0,"Bacteria","Actinobacteriota","Coriobacteriia","OPB41","midas_f_6325",NA,NA,300,NA,"Wolfe v3: went back to modified wolfe + EDTA and switched CuSO4 to CUCl2"
"e0ef60d7b52825a7bb99db1975db2d1b","Q",0,"Bacteria","Actinobacteriota","Coriobacteriia","Coriobacteriales","Eggerthellaceae","Gordonibacter","midas_s_35156",300,NA,"Wolfe v3: went back to modified wolfe + EDTA and switched CuSO4 to CUCl2"
"803eb52cfe3d77bdf9fe14c011e425fb","Q",0,"Bacteria","Actinobacteriota","Coriobacteriia","Coriobacteriales","Eggerthellaceae","Eggerthella","Eggerthella_lenta",300,NA,"Wolfe v3: went back to modified wolfe + EDTA and switched CuSO4 to CUCl2"
"3f5533292a655d0f54a64560d65e823b","Q",0,"Bacteria","Actinobacteriota","Coriobacteriia","Coriobacteriales","Coriobacteriaceae","Collinsella","Collinsella_aerofaciens",300,NA,"Wolfe v3: went back to modified wolfe + EDTA and switched CuSO4 to CUCl2"
"7d695607cd250aaa3167220d1f1b4cf0","Q",0,"Bacteria","Actinobacteriota","Coriobacteriia","Coriobacteriales","Atopobiaceae","Atopobium","midas_s_3545",300,NA,"Wolfe v3: went back to modified wolfe + EDTA and switched CuSO4 to CUCl2"
"6684f6190e4f3e23278528086ae25685","Q",0,"Bacteria","Actinobacteriota","Coriobacteriia","Coriobacteriales","Atopobiaceae","Atopobium","midas_s_103343",300,NA,"Wolfe v3: went back to modified wolfe + EDTA and switched CuSO4 to CUCl2"
"7bc4b6055f77dc4acb835bf59f37bba2","Q",0,"Bacteria","Firmicutes","midas_c_4","DTU014","midas_f_84711","midas_g_92268","midas_s_92268",300,NA,"Wolfe v3: went back to modified wolfe + EDTA and switched CuSO4 to CUCl2"
"600bb60d1fe6ae569792e6293dc1551d","Q",0,"Bacteria","Firmicutes",NA,NA,NA,NA,NA,300,NA,"Wolfe v3: went back to modified wolfe + EDTA and switched CuSO4 to CUCl2"
"e64aa0d53a0727d6fb6d3fcd8667e49d","Q",0,"Bacteria","Firmicutes",NA,NA,NA,NA,NA,300,NA,"Wolfe v3: went back to modified wolfe + EDTA and switched CuSO4 to CUCl2"
"b06e7e4b55119e4733d40e44a8abf70e","Q",0,"Bacteria","Firmicutes",NA,NA,NA,NA,NA,300,NA,"Wolfe v3: went back to modified wolfe + EDTA and switched CuSO4 to CUCl2"
"2d4f702bfdf848fddbfe1e84a30c73b1","Q",0,"Bacteria","Firmicutes","Limnochordia","B55-F-B-G02","midas_f_3498",NA,NA,300,NA,"Wolfe v3: went back to modified wolfe + EDTA and switched CuSO4 to CUCl2"
"41b51f59463027a20d946656003a5f11","Q",0,"Bacteria","Firmicutes","Limnochordia","B55-F-B-G02","midas_f_3498","midas_g_94400","midas_s_100720",300,NA,"Wolfe v3: went back to modified wolfe + EDTA and switched CuSO4 to CUCl2"
"94acc4dffe893d4a1b62a868448573db","Q",0,"Bacteria","Firmicutes","Limnochordia","Limnochordales","Limnochordaceae","midas_g_115815","midas_s_115815",300,NA,"Wolfe v3: went back to modified wolfe + EDTA and switched CuSO4 to CUCl2"
"cd2e5cd5a48d09ea23594e5f99ad27ae","Q",0,"Bacteria","Firmicutes","Limnochordia","Limnochordales","Limnochordaceae","midas_g_115815","midas_s_115815",300,NA,"Wolfe v3: went back to modified wolfe + EDTA and switched CuSO4 to CUCl2"
"1f19176efd7a39631a702b95a9d4b247","Q",0,"Bacteria","Firmicutes","Limnochordia","Limnochordales","Limnochordaceae","midas_g_93815","midas_s_112990",300,NA,"Wolfe v3: went back to modified wolfe + EDTA and switched CuSO4 to CUCl2"
"371f00ae446e2e0a412ac4e6dcdacf85","Q",0,"Bacteria","Firmicutes","Limnochordia","Limnochordales","Limnochordaceae","midas_g_115815","midas_s_115815",300,NA,"Wolfe v3: went back to modified wolfe + EDTA and switched CuSO4 to CUCl2"
"b6eff50a2aefce9119d1eeb59b28bbed","Q",0,"Bacteria","Firmicutes","Limnochordia","Limnochordales","Limnochordaceae","midas_g_115815","midas_s_115815",300,NA,"Wolfe v3: went back to modified wolfe + EDTA and switched CuSO4 to CUCl2"
"dc9b83b9dbf521d0d0b0e1576e44d06a","Q",0,"Bacteria","Firmicutes","Limnochordia","Limnochordales","Limnochordaceae","midas_g_93469","midas_s_93469",300,NA,"Wolfe v3: went back to modified wolfe + EDTA and switched CuSO4 to CUCl2"
"fd52abdc1862787fdca2f0d9cab6999e","Q",0,"Bacteria","Firmicutes","Limnochordia","M55-D21","Moorella_glycerini","midas_g_2860","midas_s_2860",300,NA,"Wolfe v3: went back to modified wolfe + EDTA and switched CuSO4 to CUCl2"
"b083efba34da97dfc1a6fa6864721978","Q",0,"Bacteria","Firmicutes","Limnochordia","MBA03","midas_f_112",NA,NA,300,NA,"Wolfe v3: went back to modified wolfe + EDTA and switched CuSO4 to CUCl2"
"c97244fcde2f912b5f515df2d4803f23","Q",0,"Bacteria","Firmicutes","Limnochordia","MBA03","midas_f_112","midas_g_112","midas_s_6459",300,NA,"Wolfe v3: went back to modified wolfe + EDTA and switched CuSO4 to CUCl2"
"01a540c3219dcfac8683674bf53a3d63","Q",0,"Bacteria","Firmicutes","Limnochordia","MBA03","midas_f_112","midas_g_112","midas_s_6165",300,NA,"Wolfe v3: went back to modified wolfe + EDTA and switched CuSO4 to CUCl2"
"1071b98661dd8853c0e46701d6b23af6","Q",0,"Bacteria","Firmicutes","Limnochordia","MBA03","midas_f_112",NA,NA,300,NA,"Wolfe v3: went back to modified wolfe + EDTA and switched CuSO4 to CUCl2"
"f20eb21e67f757812108449fe407b3c0","Q",0,"Bacteria","Firmicutes","Limnochordia","MBA03","midas_f_112",NA,NA,300,NA,"Wolfe v3: went back to modified wolfe + EDTA and switched CuSO4 to CUCl2"
"8b15a3b964e89068f45a7b48912eb1b1","Q",0,"Bacteria","Firmicutes","Limnochordia","MBA03","midas_f_112","midas_g_90254",NA,300,NA,"Wolfe v3: went back to modified wolfe + EDTA and switched CuSO4 to CUCl2"
"cddb01a0b240945aa6ebe58ae541cea2","Q",0,"Bacteria","Firmicutes","Limnochordia","MBA03","midas_f_112","midas_g_8803","midas_s_95320",300,NA,"Wolfe v3: went back to modified wolfe + EDTA and switched CuSO4 to CUCl2"
"eea1a23b6354f47190568b72cf235aa2","Q",0,"Bacteria","Firmicutes","Limnochordia",NA,NA,NA,NA,300,NA,"Wolfe v3: went back to modified wolfe + EDTA and switched CuSO4 to CUCl2"
"938444186689c6c81498c229f4fdfc25","Q",0,"Bacteria","Firmicutes","Limnochordia","MBA03","midas_f_112","midas_g_118905","midas_s_118905",300,NA,"Wolfe v3: went back to modified wolfe + EDTA and switched CuSO4 to CUCl2"
"0eb81b066b350fa8fb0846020748be98","Q",0,"Bacteria","Firmicutes","Limnochordia","MBA03","midas_f_112","midas_g_118905","midas_s_118905",300,NA,"Wolfe v3: went back to modified wolfe + EDTA and switched CuSO4 to CUCl2"
"49c907377454c6980ff0a520fe40abe2","Q",0,"Bacteria","Firmicutes","Limnochordia","MBA03","midas_f_112",NA,NA,300,NA,"Wolfe v3: went back to modified wolfe + EDTA and switched CuSO4 to CUCl2"
"5a68a3cca9a0816f321222936d3c0cb8","Q",0,"Bacteria","Firmicutes","Limnochordia","MBA03","midas_f_112",NA,NA,300,NA,"Wolfe v3: went back to modified wolfe + EDTA and switched CuSO4 to CUCl2"
"b8b153dc28937eced2dad92fa7f542cb","Q",0,"Bacteria","Firmicutes","Limnochordia","MBA03","midas_f_112","midas_g_2506","midas_s_112918",300,NA,"Wolfe v3: went back to modified wolfe + EDTA and switched CuSO4 to CUCl2"
"c89a45b41422aafe60c0768f7c417017","Q",0,"Bacteria","Firmicutes","Limnochordia","MBA03","midas_f_112",NA,NA,300,NA,"Wolfe v3: went back to modified wolfe + EDTA and switched CuSO4 to CUCl2"
"6c75b6547a775bd435d6121ea181a298","Q",0,"Bacteria","Firmicutes","Limnochordia","MBA03","midas_f_112",NA,NA,300,NA,"Wolfe v3: went back to modified wolfe + EDTA and switched CuSO4 to CUCl2"
"ca8aae833263295a5d0b4d66b8c06fdb","Q",0,"Bacteria","Firmicutes","Limnochordia","MBA03","midas_f_112",NA,NA,300,NA,"Wolfe v3: went back to modified wolfe + EDTA and switched CuSO4 to CUCl2"
"520e1fc076185aa3704e9367026eabde","Q",0,"Bacteria","Firmicutes","Limnochordia","MBA03","midas_f_112",NA,NA,300,NA,"Wolfe v3: went back to modified wolfe + EDTA and switched CuSO4 to CUCl2"
"ee84ea845fe5d8d3ed55ae230c5b7e62","Q",0,"Bacteria","Firmicutes","Limnochordia","MBA03","midas_f_112",NA,NA,300,NA,"Wolfe v3: went back to modified wolfe + EDTA and switched CuSO4 to CUCl2"
"585e90bf1c66fcff8dcf4f2d24aba2cd","Q",0,"Bacteria","Firmicutes","Limnochordia","MBA03","midas_f_112",NA,NA,300,NA,"Wolfe v3: went back to modified wolfe + EDTA and switched CuSO4 to CUCl2"
"f652e7d536f18c98ef07c023937cfdb7","Q",0,"Bacteria","Firmicutes","Limnochordia","MBA03","midas_f_112",NA,NA,300,NA,"Wolfe v3: went back to modified wolfe + EDTA and switched CuSO4 to CUCl2"
"ff2a3877c5cf4808816900f51bc130ba","Q",0,"Bacteria","Firmicutes","Limnochordia","MBA03","midas_f_112",NA,NA,300,NA,"Wolfe v3: went back to modified wolfe + EDTA and switched CuSO4 to CUCl2"
"7c4029c77a50ad0582c758eabe8c1410","Q",0,"Bacteria","Firmicutes","Limnochordia","MBA03","midas_f_112",NA,NA,300,NA,"Wolfe v3: went back to modified wolfe + EDTA and switched CuSO4 to CUCl2"
"300fe288268b05ea9ab54feeaac5ac13","Q",0,"Bacteria","Firmicutes","Limnochordia","MBA03","midas_f_112",NA,NA,300,NA,"Wolfe v3: went back to modified wolfe + EDTA and switched CuSO4 to CUCl2"
"45f57e55f2f3051645343e39b90396ec","Q",0,"Bacteria","Firmicutes","Limnochordia","MBA03","midas_f_112","midas_g_2506","midas_s_112918",300,NA,"Wolfe v3: went back to modified wolfe + EDTA and switched CuSO4 to CUCl2"
"272d242be70431c313d5d6dae118135b","Q",0,"Bacteria","Firmicutes","Limnochordia","MBA03","midas_f_112","midas_g_3476",NA,300,NA,"Wolfe v3: went back to modified wolfe + EDTA and switched CuSO4 to CUCl2"
"8f6a4548e8c753fccd437d31436c020d","Q",0,"Bacteria","Firmicutes","Limnochordia","MBA03","midas_f_112",NA,NA,300,NA,"Wolfe v3: went back to modified wolfe + EDTA and switched CuSO4 to CUCl2"
"5e959d819d617ba5c3bb460168df485d","Q",0,"Bacteria","Firmicutes","Limnochordia","MBA03","midas_f_112",NA,NA,300,NA,"Wolfe v3: went back to modified wolfe + EDTA and switched CuSO4 to CUCl2"
"191627a5d4511a32856d4a033e4bf1cb","Q",0,"Bacteria","Firmicutes","Limnochordia","MBA03","midas_f_112",NA,NA,300,NA,"Wolfe v3: went back to modified wolfe + EDTA and switched CuSO4 to CUCl2"
"ff4f8ed709d325dc85df91881e419164","Q",0,"Bacteria","Firmicutes","Limnochordia","MBA03","midas_f_112",NA,NA,300,NA,"Wolfe v3: went back to modified wolfe + EDTA and switched CuSO4 to CUCl2"
"50addb775b43dc6766013d2b80081ce3","Q",0,"Bacteria","Firmicutes","Limnochordia","MBA03","midas_f_112",NA,NA,300,NA,"Wolfe v3: went back to modified wolfe + EDTA and switched CuSO4 to CUCl2"
"7c6227f972ed1626eab4256030f39631","Q",0,"Bacteria","Firmicutes","Limnochordia","MBA03","midas_f_112",NA,NA,300,NA,"Wolfe v3: went back to modified wolfe + EDTA and switched CuSO4 to CUCl2"
"908b89aa5bac523dd293e900d0677895","Q",0,"Bacteria","Firmicutes","Limnochordia","MBA03","midas_f_112","midas_g_90254",NA,300,NA,"Wolfe v3: went back to modified wolfe + EDTA and switched CuSO4 to CUCl2"
"4139c4822f132d488656de979a812b96","Q",0,"Bacteria","Firmicutes","Limnochordia","MBA03","midas_f_112",NA,NA,300,NA,"Wolfe v3: went back to modified wolfe + EDTA and switched CuSO4 to CUCl2"
"95d0db82a69ee10f3b5ed0f06ba96949","Q",0,"Bacteria","Firmicutes","Limnochordia","MBA03","midas_f_112","midas_g_109803",NA,300,NA,"Wolfe v3: went back to modified wolfe + EDTA and switched CuSO4 to CUCl2"
"f1baa928afe50a32873c14a5a0e63f2d","Q",0,"Bacteria","Firmicutes","Limnochordia","MBA03","midas_f_112",NA,NA,300,NA,"Wolfe v3: went back to modified wolfe + EDTA and switched CuSO4 to CUCl2"
"4ca427ab336fc6142916043c5e209596","Q",0,"Bacteria","Firmicutes","Limnochordia","MBA03","midas_f_112",NA,NA,300,NA,"Wolfe v3: went back to modified wolfe + EDTA and switched CuSO4 to CUCl2"
"ac96db42031919a640395a42626c4cfe","Q",0,"Bacteria","Firmicutes","Limnochordia","MBA03","midas_f_112","midas_g_2506","midas_s_2506",300,NA,"Wolfe v3: went back to modified wolfe + EDTA and switched CuSO4 to CUCl2"
"87db021bd3fb687eba7b420338158435","Q",0,"Bacteria","Firmicutes","Limnochordia","midas_o_1979","midas_f_1979","midas_g_91392","midas_s_92560",300,NA,"Wolfe v3: went back to modified wolfe + EDTA and switched CuSO4 to CUCl2"
"8f6e77dd37d82d5d60ee21867f52f9e4","Q",0,"Bacteria","Firmicutes","Limnochordia","midas_o_1979","midas_f_1979","midas_g_1979","midas_s_1979",300,NA,"Wolfe v3: went back to modified wolfe + EDTA and switched CuSO4 to CUCl2"
"19cfc988be2bc698e4e8e24f3c017dad","Q",0,"Bacteria","Firmicutes","midas_c_4","DTU014","midas_f_4306","midas_g_4306","midas_s_4306",300,NA,"Wolfe v3: went back to modified wolfe + EDTA and switched CuSO4 to CUCl2"
"37e77987f6db9eb8df82f8185f8440b7","Q",0,"Bacteria","Firmicutes","midas_c_4","DTU014","midas_f_4306","midas_g_4306","midas_s_7897",300,NA,"Wolfe v3: went back to modified wolfe + EDTA and switched CuSO4 to CUCl2"
"fd4dc2d3654041c497b3d8e6cee4d18b","Q",0,"Bacteria","Firmicutes","midas_c_4","DTU014","midas_f_148","midas_g_515",NA,300,NA,"Wolfe v3: went back to modified wolfe + EDTA and switched CuSO4 to CUCl2"
"201a9f507c9b354eb162adf1f311c607","Q",0,"Bacteria","Firmicutes","midas_c_4","DTU014","midas_f_148","midas_g_515",NA,300,NA,"Wolfe v3: went back to modified wolfe + EDTA and switched CuSO4 to CUCl2"
"f036998f7c6ae9f7b01b50adfca811a3","Q",0,"Bacteria","Firmicutes","midas_c_4","DTU014","midas_f_80","midas_g_336",NA,300,NA,"Wolfe v3: went back to modified wolfe + EDTA and switched CuSO4 to CUCl2"
"9591914f1b4272813c5d24f968e4ca81","Q",0,"Bacteria","Synergistota","Synergistia","Synergistales","Synergistaceae","Thermanaerovibrio","Thermanaerovibrio_acidaminovorans",300,NA,"Wolfe v3: went back to modified wolfe + EDTA and switched CuSO4 to CUCl2"
"dfba8e8bfc169f25150d154a466d4477","Q",0,"Bacteria","Synergistota","Synergistia","Synergistales","Synergistaceae","Aminomonas","Aminomonas_paucivorans",300,NA,"Wolfe v3: went back to modified wolfe + EDTA and switched CuSO4 to CUCl2"
"da47a34fd036b068ca0c5eaf185e2082","Q",0,"Bacteria","Synergistota","Synergistia","Synergistales","Synergistaceae","Thermovirga","midas_s_94423",300,NA,"Wolfe v3: went back to modified wolfe + EDTA and switched CuSO4 to CUCl2"
"7e3579bed6d01cac3f73b2e45ee36852","Q",0,"Bacteria","Synergistota","Synergistia","Synergistales","Synergistaceae","Thermovirga","midas_s_94423",300,NA,"Wolfe v3: went back to modified wolfe + EDTA and switched CuSO4 to CUCl2"
"2919ca12aa75e54dc25b4e3750d8712c","Q",0,"Bacteria","Synergistota","Synergistia","Synergistales","Synergistaceae","Thermovirga","midas_s_99362",300,NA,"Wolfe v3: went back to modified wolfe + EDTA and switched CuSO4 to CUCl2"
"613cd0ab8ed46a361940e06efaecdb6d","Q",0,"Bacteria","Synergistota","Synergistia","Synergistales","Synergistaceae","Thermovirga",NA,300,NA,"Wolfe v3: went back to modified wolfe + EDTA and switched CuSO4 to CUCl2"
"a890e281ef9de265199252d45d16a904","Q",0,"Bacteria","Synergistota","Synergistia","Synergistales","Synergistaceae","Thermovirga",NA,300,NA,"Wolfe v3: went back to modified wolfe + EDTA and switched CuSO4 to CUCl2"
"6533ef83a51929f69e6f95d7a59a421c","Q",0,"Bacteria","Synergistota","Synergistia","Synergistales","Synergistaceae","Thermovirga",NA,300,NA,"Wolfe v3: went back to modified wolfe + EDTA and switched CuSO4 to CUCl2"
"37a53b3aab9bc373c583f6be8ab1d858","Q",0,"Bacteria","Synergistota","Synergistia","Synergistales","Synergistaceae","Thermovirga",NA,300,NA,"Wolfe v3: went back to modified wolfe + EDTA and switched CuSO4 to CUCl2"
"73e316aef3faef6abf714c6a2802f409","Q",0,"Bacteria","Synergistota","Synergistia","Synergistales","Synergistaceae","Acetomicrobium","midas_s_103024",300,NA,"Wolfe v3: went back to modified wolfe + EDTA and switched CuSO4 to CUCl2"
"4d5eeba41b7a507f54023d01ce1fb31a","Q",0,"Bacteria","Synergistota","Synergistia","Synergistales","Synergistaceae","midas_g_249","midas_s_77729",300,NA,"Wolfe v3: went back to modified wolfe + EDTA and switched CuSO4 to CUCl2"
"8b6c39d6fb07636b4e870fe0bb1803cc","Q",0,"Bacteria","Synergistota","Synergistia","Synergistales","Synergistaceae","midas_g_249",NA,300,NA,"Wolfe v3: went back to modified wolfe + EDTA and switched CuSO4 to CUCl2"
"58775dbd44f0df19b94bc37ab4e4c579","Q",0,"Bacteria","Synergistota","Synergistia","Synergistales","Synergistaceae","midas_g_249","midas_s_8102",300,NA,"Wolfe v3: went back to modified wolfe + EDTA and switched CuSO4 to CUCl2"
"084437b858d3fa8724b6da08a434b92f","Q",0,"Bacteria","Synergistota","Synergistia","Synergistales","Synergistaceae","midas_g_249","midas_s_249",300,NA,"Wolfe v3: went back to modified wolfe + EDTA and switched CuSO4 to CUCl2"
"82eeb8631b1f7982fd141bbf2ed2f4dc","Q",0,"Bacteria","Synergistota","Synergistia","Synergistales","Synergistaceae","midas_g_249","midas_s_5553",300,NA,"Wolfe v3: went back to modified wolfe + EDTA and switched CuSO4 to CUCl2"
"d7e616d63605ffd0d9129244621edbfc","Q",0,"Bacteria","Synergistota","Synergistia","Synergistales","Synergistaceae","midas_g_249","midas_s_2374",300,NA,"Wolfe v3: went back to modified wolfe + EDTA and switched CuSO4 to CUCl2"
"9c90a0c962c8b6283f7a71b644fce90c","Q",0,"Bacteria","Synergistota","Synergistia","Synergistales","Synergistaceae","midas_g_249",NA,300,NA,"Wolfe v3: went back to modified wolfe + EDTA and switched CuSO4 to CUCl2"
"e367941e1e567e6ca872d51930564433","Q",0,"Bacteria","Synergistota","Synergistia","Synergistales","Synergistaceae","midas_g_249","midas_s_56490",300,NA,"Wolfe v3: went back to modified wolfe + EDTA and switched CuSO4 to CUCl2"
"36822e5c96ad047bd5a4d78c9ebfe7f6","Q",0,"Bacteria","Synergistota","Synergistia","Synergistales","Synergistaceae","midas_g_249","midas_s_64864",300,NA,"Wolfe v3: went back to modified wolfe + EDTA and switched CuSO4 to CUCl2"
"5901c122dbe9545a6149416c6397f234","Q",0,"Bacteria","Synergistota","Synergistia","Synergistales","Synergistaceae","JGI-0000079-D21","midas_s_62415",300,NA,"Wolfe v3: went back to modified wolfe + EDTA and switched CuSO4 to CUCl2"
"8913bd6e6eb2b354098d2f01d9b65391","Q",0,"Bacteria","Synergistota","Synergistia","Synergistales","Synergistaceae","JGI-0000079-D21","midas_s_31034",300,NA,"Wolfe v3: went back to modified wolfe + EDTA and switched CuSO4 to CUCl2"
"67d673cfb165578d52df1cfbd958a5c9","Q",0,"Bacteria","Synergistota","Synergistia","Synergistales","Synergistaceae","JGI-0000079-D21","midas_s_3051",300,NA,"Wolfe v3: went back to modified wolfe + EDTA and switched CuSO4 to CUCl2"
"a0138f57c9f1b4f6a71bceb94b56572f","Q",0,"Bacteria","Synergistota","Synergistia","Synergistales","Synergistaceae","JGI-0000079-D21","midas_s_3051",300,NA,"Wolfe v3: went back to modified wolfe + EDTA and switched CuSO4 to CUCl2"
"89be024198d6c2575cdec2fecfd9129a","Q",0,"Bacteria","Synergistota","Synergistia","Synergistales","Synergistaceae","JGI-0000079-D21","midas_s_3051",300,NA,"Wolfe v3: went back to modified wolfe + EDTA and switched CuSO4 to CUCl2"
"ed09d7afbe54912303e1d4ad8b7b1d32","Q",0,"Bacteria","Synergistota","Synergistia","Synergistales","Synergistaceae","JGI-0000079-D21","midas_s_3051",300,NA,"Wolfe v3: went back to modified wolfe + EDTA and switched CuSO4 to CUCl2"
"0717587ee3e819d58ad9801323db963c","Q",0,"Bacteria","Synergistota","Synergistia","Synergistales","Synergistaceae","JGI-0000079-D21","midas_s_88242",300,NA,"Wolfe v3: went back to modified wolfe + EDTA and switched CuSO4 to CUCl2"
"1bfb8e6cb930a8c9ef5d52ea4ba2fd40","Q",0,"Bacteria","Synergistota","Synergistia","Synergistales","Synergistaceae","EBM-39",NA,300,NA,"Wolfe v3: went back to modified wolfe + EDTA and switched CuSO4 to CUCl2"
"7935c8ea2b1b44460993759d6d1cd5da","Q",0,"Bacteria","Synergistota","Synergistia","Synergistales","Synergistaceae","Thermovirga","midas_s_687",300,NA,"Wolfe v3: went back to modified wolfe + EDTA and switched CuSO4 to CUCl2"
"58ed3302b41e8d33d7b483d7c0d975f3","Q",0,"Bacteria","Synergistota","Synergistia","Synergistales","Synergistaceae","Thermovirga","midas_s_687",300,NA,"Wolfe v3: went back to modified wolfe + EDTA and switched CuSO4 to CUCl2"
"bcf2fe85a3275fa10a9f66d32e565fa4","Q",0,"Bacteria","Firmicutes","Desulfitobacteriia","Desulfitobacteriales","midas_f_92281",NA,NA,300,NA,"Wolfe v3: went back to modified wolfe + EDTA and switched CuSO4 to CUCl2"
"0d01943ed06ec0c8998ac39665f5452a","Q",0,"Bacteria","Firmicutes",NA,NA,NA,NA,NA,300,NA,"Wolfe v3: went back to modified wolfe + EDTA and switched CuSO4 to CUCl2"
"1b93fe44c90e856e28e8586500b42103","Q",0,"Bacteria","Firmicutes",NA,NA,NA,NA,NA,300,NA,"Wolfe v3: went back to modified wolfe + EDTA and switched CuSO4 to CUCl2"
"6ba0ef08127bd8337916b772638d3744","Q",0,"Bacteria","Firmicutes","D8A-2","midas_o_5025","midas_f_5025","midas_g_5025",NA,300,NA,"Wolfe v3: went back to modified wolfe + EDTA and switched CuSO4 to CUCl2"
"924ba8e00fb9f76de6bf217aac8ca9d4","Q",0,"Bacteria","Firmicutes","D8A-2","midas_o_5025","midas_f_93128","midas_g_93128","midas_s_93732",300,NA,"Wolfe v3: went back to modified wolfe + EDTA and switched CuSO4 to CUCl2"
"f654394f0d0084baf14a287ec94d12aa","Q",0,"Bacteria","Firmicutes","D8A-2","midas_o_5025","midas_f_93128",NA,NA,300,NA,"Wolfe v3: went back to modified wolfe + EDTA and switched CuSO4 to CUCl2"
"41d1c01fdc01041978b943ebfa386bdb","Q",0,"Bacteria","Firmicutes","Clostridia","Proteinivoracales","midas_f_1799","midas_g_1799",NA,300,NA,"Wolfe v3: went back to modified wolfe + EDTA and switched CuSO4 to CUCl2"
"f88d741fc5f4fa1ec110a6aafc7393f2","Q",0,"Bacteria","Firmicutes","Clostridia","Proteinivoracales","midas_f_1799","midas_g_1799",NA,300,NA,"Wolfe v3: went back to modified wolfe + EDTA and switched CuSO4 to CUCl2"
"aa15b94e77f3955a73a15e15187b6482","Q",0,"Bacteria","Firmicutes","Clostridia","Proteinivoracales","midas_f_1799","midas_g_1799","midas_s_91638",300,NA,"Wolfe v3: went back to modified wolfe + EDTA and switched CuSO4 to CUCl2"
"53cc13652f54147209456977b76cea50","Q",0,"Bacteria","Firmicutes","Clostridia","Proteinivoracales","midas_f_1799","midas_g_1799","midas_s_4487",300,NA,"Wolfe v3: went back to modified wolfe + EDTA and switched CuSO4 to CUCl2"
"123c678eddb7c7e2b7393ca738c84596","Q",0,"Bacteria","Firmicutes","Clostridia","Proteinivoracales","midas_f_1799","midas_g_1799","midas_s_91638",300,NA,"Wolfe v3: went back to modified wolfe + EDTA and switched CuSO4 to CUCl2"
"cbe80782cb7eff2eb8427fae47b49d1a","Q",0,"Bacteria","Firmicutes","Clostridia","Proteinivoracales","midas_f_1799","midas_g_1799",NA,300,NA,"Wolfe v3: went back to modified wolfe + EDTA and switched CuSO4 to CUCl2"
"d2324169a6d55451e2666edc82665cba","Q",0,"Bacteria","Firmicutes","Clostridia","Proteinivoracales","midas_f_1799","midas_g_1799",NA,300,NA,"Wolfe v3: went back to modified wolfe + EDTA and switched CuSO4 to CUCl2"
"947e4a587725a525a54833c06fcbab42","Q",0,"Bacteria","Firmicutes","Clostridia","Proteinivoracales","midas_f_1799",NA,NA,300,NA,"Wolfe v3: went back to modified wolfe + EDTA and switched CuSO4 to CUCl2"
"bd1731c0114c40d5784dd170ea5f3422","Q",0,"Bacteria","Firmicutes","Clostridia","Proteinivoracales","midas_f_1799",NA,NA,300,NA,"Wolfe v3: went back to modified wolfe + EDTA and switched CuSO4 to CUCl2"
"fac97a83c02393096a49a357cb0e0f28","Q",0,"Bacteria","Firmicutes","Clostridia","Proteinivoracales","midas_f_1799","midas_g_1799","midas_s_91638",300,NA,"Wolfe v3: went back to modified wolfe + EDTA and switched CuSO4 to CUCl2"
"46eaee59b82f8e55b9c35947a8c22824","Q",0,"Bacteria","Firmicutes","Clostridia",NA,NA,NA,NA,300,NA,"Wolfe v3: went back to modified wolfe + EDTA and switched CuSO4 to CUCl2"
"bc3c95276ce632909affc67f9294bde6","Q",0,"Bacteria","Firmicutes","Dethiobacteria","Dethiobacterales","Dethiobacteraceae","Dethiobacter",NA,300,NA,"Wolfe v3: went back to modified wolfe + EDTA and switched CuSO4 to CUCl2"
"0b736ddea36ed16291fa058fe28061f8","Q",0,"Bacteria","Firmicutes","Clostridia","Proteinivoracales","midas_f_1799","midas_g_1799","midas_s_91638",300,NA,"Wolfe v3: went back to modified wolfe + EDTA and switched CuSO4 to CUCl2"
"4bac007f22152b0afd81f2d32ec400c5","Q",0,"Bacteria","Firmicutes","Clostridia","Proteinivoracales","midas_f_1799","midas_g_1799","midas_s_91638",300,NA,"Wolfe v3: went back to modified wolfe + EDTA and switched CuSO4 to CUCl2"
"8cc30cd689a26a6e2a699449745a088e","Q",0,"Bacteria","Firmicutes","Clostridia","Proteinivoracales","midas_f_1799","midas_g_1799",NA,300,NA,"Wolfe v3: went back to modified wolfe + EDTA and switched CuSO4 to CUCl2"
"2f268057d1214383b781ce20ac322b13","Q",0,"Bacteria","Firmicutes","Clostridia","Proteinivoracales","midas_f_1799",NA,NA,300,NA,"Wolfe v3: went back to modified wolfe + EDTA and switched CuSO4 to CUCl2"
"f254d2cc030e8a1ed05861537c4dfe86","Q",0,"Bacteria","Firmicutes","Limnochordia","Hydrogenispora","midas_f_858","midas_g_2147","midas_s_4568",300,NA,"Wolfe v3: went back to modified wolfe + EDTA and switched CuSO4 to CUCl2"
"a09579da0b2f87eae05c1c9886c4bfc7","Q",0,"Bacteria","Firmicutes","Limnochordia","Hydrogenispora","midas_f_858","midas_g_2147",NA,300,NA,"Wolfe v3: went back to modified wolfe + EDTA and switched CuSO4 to CUCl2"
"99b7d01a509e8d23e7ea8ddc8c916745","Q",0,"Bacteria","Firmicutes",NA,NA,NA,NA,NA,300,NA,"Wolfe v3: went back to modified wolfe + EDTA and switched CuSO4 to CUCl2"
"1f09f246b167ceaa862b68be6e9f3442","Q",0,"Bacteria","Firmicutes","Clostridia",NA,NA,NA,NA,300,NA,"Wolfe v3: went back to modified wolfe + EDTA and switched CuSO4 to CUCl2"
"97c2c7e8cc5a28811906eda58edb16ec","Q",0,"Bacteria","Firmicutes","Clostridia","Eubacteriales","Alkalibacteraceae","Alkalibacter","midas_s_84851",300,NA,"Wolfe v3: went back to modified wolfe + EDTA and switched CuSO4 to CUCl2"
"7cdebc400e62034e50c2a3b6db84a0d3","Q",0,"Bacteria","Firmicutes","Clostridia","Eubacteriales","Anaerofustaceae","Anaerofustis","midas_s_76206",300,NA,"Wolfe v3: went back to modified wolfe + EDTA and switched CuSO4 to CUCl2"
"9b81b6e45f605a8664136716c1f36aa2","Q",0,"Bacteria","Firmicutes","Clostridia","Eubacteriales","Anaerofustaceae","Anaerofustis","midas_s_31857",300,NA,"Wolfe v3: went back to modified wolfe + EDTA and switched CuSO4 to CUCl2"
"6f7d070bd4cfaa09a69bba0e1d046a44","Q",0,"Bacteria","Firmicutes","Clostridia","Eubacteriales","Anaerofustaceae","Anaerofustis","midas_s_93205",300,NA,"Wolfe v3: went back to modified wolfe + EDTA and switched CuSO4 to CUCl2"
"69dee006368ff49af541d111152b40c6","Q",0,"Bacteria","Firmicutes","Clostridia","Peptococcales","Peptococcaceae","midas_g_77817","midas_s_77817",300,NA,"Wolfe v3: went back to modified wolfe + EDTA and switched CuSO4 to CUCl2"
"c6f278d31a988e901dc047ef3153fbb1","Q",0,"Bacteria","Firmicutes","Clostridia","Eubacteriales","Eubacteriaceae","Acetobacterium",NA,300,NA,"Wolfe v3: went back to modified wolfe + EDTA and switched CuSO4 to CUCl2"
"b9a98bd6fcede4fa31c9da7f86747666","Q",0,"Bacteria","Firmicutes","Clostridia","Eubacteriales","Eubacteriaceae","Acetobacterium",NA,300,NA,"Wolfe v3: went back to modified wolfe + EDTA and switched CuSO4 to CUCl2"
"b0c57e0ed7d0bca22ad86fa554a57a0c","Q",0,"Bacteria","Firmicutes","Clostridia","Eubacteriales","Eubacteriaceae","Eubacterium",NA,300,NA,"Wolfe v3: went back to modified wolfe + EDTA and switched CuSO4 to CUCl2"
"3ef47d732a719a9c649132016afeb5e2","Q",0,"Bacteria","Firmicutes","Clostridia","Eubacteriales","Eubacteriaceae","midas_g_2229",NA,300,NA,"Wolfe v3: went back to modified wolfe + EDTA and switched CuSO4 to CUCl2"
"3e0420c192ee113f95af0dafffa3c3d7","Q",0,"Bacteria","Firmicutes","Clostridia","Eubacteriales","Eubacteriaceae","midas_g_2229","midas_s_30157",300,NA,"Wolfe v3: went back to modified wolfe + EDTA and switched CuSO4 to CUCl2"
"2e3414cd356e335e4f675efeb43938b3","Q",0,"Bacteria","Firmicutes","Clostridia","Eubacteriales","Eubacteriaceae","Eubacterium","midas_s_4949",300,NA,"Wolfe v3: went back to modified wolfe + EDTA and switched CuSO4 to CUCl2"
"a2bed1579fba6884369c1b3173330800","Q",0,"Bacteria","Firmicutes","Clostridia","Eubacteriales","Garciellaceae","Irregularibacter","midas_s_99430",300,NA,"Wolfe v3: went back to modified wolfe + EDTA and switched CuSO4 to CUCl2"
"9212e9ff21fa9b50699aad28af029c33","Q",0,"Bacteria","Firmicutes","Clostridia","Eubacteriales","Garciellaceae","Irregularibacter","midas_s_99430",300,NA,"Wolfe v3: went back to modified wolfe + EDTA and switched CuSO4 to CUCl2"
"5e05ab394eb8af522fe62a10d8c28445","Q",0,"Bacteria","Firmicutes","Bacilli",NA,NA,NA,NA,300,NA,"Wolfe v3: went back to modified wolfe + EDTA and switched CuSO4 to CUCl2"
"3d69ca950aaaf9f351e4139369d78236","Q",0,"Bacteria","Firmicutes","Desulfotomaculia","Desulfotomaculales","Desulfurisporaceae",NA,NA,300,NA,"Wolfe v3: went back to modified wolfe + EDTA and switched CuSO4 to CUCl2"
"a873a33b303c266754138e274bcb835f","Q",0,"Bacteria","Firmicutes","Bacilli","Thermoactinomycetales","Thermoactinomycetaceae","Planifilum","Planifilum_fimeticola",300,NA,"Wolfe v3: went back to modified wolfe + EDTA and switched CuSO4 to CUCl2"
"5088bc096c191a333932a605b066096f","Q",0,"Bacteria","Firmicutes","Bacilli","Thermoactinomycetales","Thermoactinomycetaceae","Thermoactinomyces","midas_s_101084",300,NA,"Wolfe v3: went back to modified wolfe + EDTA and switched CuSO4 to CUCl2"
"b0c56ead300fe6c57f4fc02a1a2f03bd","Q",0,"Bacteria","Firmicutes","Bacilli","Bacillales",NA,NA,NA,300,NA,"Wolfe v3: went back to modified wolfe + EDTA and switched CuSO4 to CUCl2"
"2990b08e6fdd30ce626c1f5d8d026587","Q",0,"Bacteria","Firmicutes","Bacilli","Bacillales","Bacillaceae","Bacillus",NA,300,NA,"Wolfe v3: went back to modified wolfe + EDTA and switched CuSO4 to CUCl2"
"668b888b470fb300314dd012a056e5ea","Q",0,"Bacteria","Firmicutes","Bacilli","Bacillales","Planococcaceae","Sporosarcina",NA,300,NA,"Wolfe v3: went back to modified wolfe + EDTA and switched CuSO4 to CUCl2"
"3ec5ac546f36cb0a6d6b41ea94437fd6","Q",0,"Bacteria","Firmicutes","Bacilli","Bacillales","Planococcaceae","Sporosarcina",NA,300,NA,"Wolfe v3: went back to modified wolfe + EDTA and switched CuSO4 to CUCl2"
"ce3debe377068d91443c07c23728742c","Q",0,"Bacteria","Firmicutes","Bacilli","Bacillales","Bacillaceae","Bacillus",NA,300,NA,"Wolfe v3: went back to modified wolfe + EDTA and switched CuSO4 to CUCl2"
"659345ab0b295a524c8158295f1b7e49","Q",0,"Bacteria","Firmicutes","Bacilli","Bacillales","Bacillaceae","Bacillus","midas_s_65169",300,NA,"Wolfe v3: went back to modified wolfe + EDTA and switched CuSO4 to CUCl2"
"8bf2d32646e2f8940a7204828fdeb654","Q",0,"Bacteria","Firmicutes","Bacilli","Bacillales","Planococcaceae","Rummeliibacillus","Rummeliibacillus_pycnus",300,NA,"Wolfe v3: went back to modified wolfe + EDTA and switched CuSO4 to CUCl2"
"33ee5a4f23a0bf945ce5b4ffa11feef5","Q",0,"Bacteria","Firmicutes","Bacilli","Bacillales","Planococcaceae","Rummeliibacillus","Rummeliibacillus_suwonensis",300,NA,"Wolfe v3: went back to modified wolfe + EDTA and switched CuSO4 to CUCl2"
"e8a86642422a282bb8095b927d653eaf","Q",0,"Bacteria","Firmicutes","Bacilli","Bacillales","Planococcaceae","Rummeliibacillus","Rummeliibacillus_suwonensis",300,NA,"Wolfe v3: went back to modified wolfe + EDTA and switched CuSO4 to CUCl2"
"b7a2f949d87f6ce14145811c2d2974af","Q",0,"Bacteria","Firmicutes","Bacilli","Lactobacillales","Carnobacteriaceae","Trichococcus","midas_s_4",300,NA,"Wolfe v3: went back to modified wolfe + EDTA and switched CuSO4 to CUCl2"
"e75fd72fb216d3d4c964602d8c338f65","Q",0,"Bacteria","Firmicutes","Bacilli","Lactobacillales","Enterococcaceae","Enterococcus",NA,300,NA,"Wolfe v3: went back to modified wolfe + EDTA and switched CuSO4 to CUCl2"
"3d7b139f39141ba112868fcf7236158e","Q",0,"Bacteria","Firmicutes","Bacilli","Lactobacillales","Streptococcaceae","Streptococcus","Streptococcus_ferus",300,NA,"Wolfe v3: went back to modified wolfe + EDTA and switched CuSO4 to CUCl2"
"fe53e16940fd4ac540adc0d7c5d73841","Q",0,"Bacteria","Firmicutes","Bacilli","Lactobacillales","Enterococcaceae","Enterococcus",NA,300,NA,"Wolfe v3: went back to modified wolfe + EDTA and switched CuSO4 to CUCl2"
"b9779a83e705307c6596e4741240726c","Q",0,"Bacteria","Firmicutes","Bacilli","Bacillales","Bacillaceae","Bacillus","midas_s_9537",300,NA,"Wolfe v3: went back to modified wolfe + EDTA and switched CuSO4 to CUCl2"
"8fabb679415fe6a9969015076873e211","Q",0,"Bacteria","Firmicutes","Bacilli","Erysipelotrichales","Erysipelotrichaceae","Turicibacter","Turicibacter_sanguinis",300,NA,"Wolfe v3: went back to modified wolfe + EDTA and switched CuSO4 to CUCl2"
"48d3df1c8c87428a5ef19a3ea0a4c6d1","Q",0,"Bacteria","Firmicutes","Bacilli","Erysipelotrichales","Erysipelotrichaceae","Turicibacter","Turicibacter_sanguinis",300,NA,"Wolfe v3: went back to modified wolfe + EDTA and switched CuSO4 to CUCl2"
"160417c8184691818a991a146e5402d7","Q",0,"Bacteria","Firmicutes","Bacilli","Bacillales","Bacillaceae","Bacillus","midas_s_108787",300,NA,"Wolfe v3: went back to modified wolfe + EDTA and switched CuSO4 to CUCl2"
"8e6faab8acc1bdcba46f098a739aec14","Q",0,"Bacteria","Firmicutes","Bacilli","Bacillales","Bacillaceae","Bacillus","midas_s_108787",300,NA,"Wolfe v3: went back to modified wolfe + EDTA and switched CuSO4 to CUCl2"
"5eea14d9885768eafe3cd046a6e975a7","Q",0,"Bacteria","Firmicutes","Bacilli","Bacillales","Bacillaceae",NA,NA,300,NA,"Wolfe v3: went back to modified wolfe + EDTA and switched CuSO4 to CUCl2"
"e3083a5858ffbe913e0c1a70a8cf6919","Q",0,"Bacteria","Firmicutes",NA,NA,NA,NA,NA,300,NA,"Wolfe v3: went back to modified wolfe + EDTA and switched CuSO4 to CUCl2"
"cdfbfbaaeefc8ad48995e3953a7ed409","Q",0,"Bacteria","Firmicutes","Bacilli",NA,NA,NA,NA,300,NA,"Wolfe v3: went back to modified wolfe + EDTA and switched CuSO4 to CUCl2"
"b13f720636b1c50245daf019257f2c37","Q",0,"Bacteria","Firmicutes","Bacilli",NA,NA,NA,NA,300,NA,"Wolfe v3: went back to modified wolfe + EDTA and switched CuSO4 to CUCl2"
"32ae6575d9d3e427dc9f898f16f33087","Q",0,"Bacteria","Firmicutes","Bacilli",NA,NA,NA,NA,300,NA,"Wolfe v3: went back to modified wolfe + EDTA and switched CuSO4 to CUCl2"
"edb2c105974cb9358cbb2a34fb4b93d8","Q",0,"Bacteria","Firmicutes","Bacilli","Paenibacillales","Paenibacillaceae","Paenibacillus","Paenibacillus_odorifer",300,NA,"Wolfe v3: went back to modified wolfe + EDTA and switched CuSO4 to CUCl2"
"6f740d9776105d08cb826e9c2e6db049","Q",0,"Bacteria","Firmicutes","Bacilli","Paenibacillales","Paenibacillaceae","Paenibacillus",NA,300,NA,"Wolfe v3: went back to modified wolfe + EDTA and switched CuSO4 to CUCl2"
"a07f3b457d225ac97e915f62126f9051","Q",0,"Bacteria","Firmicutes","Bacilli",NA,NA,NA,NA,300,NA,"Wolfe v3: went back to modified wolfe + EDTA and switched CuSO4 to CUCl2"
"400fe0a1f19db5477c9e37d1f2efcef3","Q",0,"Bacteria","Firmicutes","Bacilli","Brevibacillales","Brevibacillaceae","Brevibacillus","midas_s_113435",300,NA,"Wolfe v3: went back to modified wolfe + EDTA and switched CuSO4 to CUCl2"
"e8ebb25bac25954fb7adbde26e956cb6","Q",0,"Bacteria","Firmicutes","Bacilli","Bacillales","Bacillaceae","Bacillus",NA,300,NA,"Wolfe v3: went back to modified wolfe + EDTA and switched CuSO4 to CUCl2"
"19f57e5afe22be9a7efe64bedb272f7d","Q",0,"Bacteria","Firmicutes","Bacilli","Bacillales","Bacillaceae",NA,NA,300,NA,"Wolfe v3: went back to modified wolfe + EDTA and switched CuSO4 to CUCl2"
"79731579b17268e3805c05662db8b5a6","Q",0,"Bacteria","Firmicutes","Bacilli","Bacillales","Bacillaceae","midas_g_114498","midas_s_114498",300,NA,"Wolfe v3: went back to modified wolfe + EDTA and switched CuSO4 to CUCl2"
"d5ba4ee44ca72bb2c78ee918d3d0707d","Q",0,"Bacteria","Firmicutes","Bacilli","Bacillales","Bacillaceae","Bacillus","midas_s_114646",300,NA,"Wolfe v3: went back to modified wolfe + EDTA and switched CuSO4 to CUCl2"
"475e27bf3e60bc624563dd2d438e0a64","Q",0,"Bacteria","Firmicutes","Bacilli","Bacillales","Bacillaceae",NA,NA,300,NA,"Wolfe v3: went back to modified wolfe + EDTA and switched CuSO4 to CUCl2"
"d8c78611226dae60111f022dc0a9f947","Q",0,"Bacteria","Firmicutes","Bacilli","Bacillales","Bacillaceae","Bacillus","midas_s_114646",300,NA,"Wolfe v3: went back to modified wolfe + EDTA and switched CuSO4 to CUCl2"
"70d288ad69e9db19c1dac3bf211eaeb9","Q",0,"Bacteria","Firmicutes","Bacilli","Bacillales","Bacillaceae","Bacillus",NA,300,NA,"Wolfe v3: went back to modified wolfe + EDTA and switched CuSO4 to CUCl2"
"e1abbababbc410f2f1faa24f6ccbc7f9","Q",0,"Bacteria","Firmicutes","Bacilli","Bacillales","Bacillaceae","Bacillus",NA,300,NA,"Wolfe v3: went back to modified wolfe + EDTA and switched CuSO4 to CUCl2"
"0ac09c35a4ef5356c779c2c282c506a1","Q",0,"Bacteria","Firmicutes","Bacilli","Bacillales","Bacillaceae","Bacillus",NA,300,NA,"Wolfe v3: went back to modified wolfe + EDTA and switched CuSO4 to CUCl2"
"62e1d1dac671aff6e6dc206418fd79c6","Q",0,"Bacteria","Firmicutes","Bacilli","Bacillales","Bacillaceae",NA,NA,300,NA,"Wolfe v3: went back to modified wolfe + EDTA and switched CuSO4 to CUCl2"
"1bb528201a9ce27b647d4d0f9c6d01fb","Q",0,"Bacteria","Firmicutes",NA,NA,NA,NA,NA,300,NA,"Wolfe v3: went back to modified wolfe + EDTA and switched CuSO4 to CUCl2"
"d16549567d9b503e05d935bd5ca038a6","Q",0,"Bacteria","Firmicutes","Bacilli","Desulfuribacillales","Desulfuribacillaceae","midas_g_119427","midas_s_119427",300,NA,"Wolfe v3: went back to modified wolfe + EDTA and switched CuSO4 to CUCl2"
"118cef48f6a595357192f8fe289c2df2","Q",0,"Bacteria","Firmicutes",NA,NA,NA,NA,NA,300,NA,"Wolfe v3: went back to modified wolfe + EDTA and switched CuSO4 to CUCl2"
"919c50490dbc9552a946f26b32c4ae12","Q",0,"Bacteria","Firmicutes","Clostridia","Peptostreptococcales-Tissierellales",NA,NA,NA,300,NA,"Wolfe v3: went back to modified wolfe + EDTA and switched CuSO4 to CUCl2"
"0dda2781d785ae2fff6a81eabdeb9143","Q",0,"Bacteria","Firmicutes","Clostridia","Peptostreptococcales-Tissierellales",NA,NA,NA,300,NA,"Wolfe v3: went back to modified wolfe + EDTA and switched CuSO4 to CUCl2"
"cbbd3fd672febff085d5ca40c28282da","Q",0,"Bacteria","Firmicutes","Clostridia","Peptostreptococcales-Tissierellales","Sedimentibacteraceae","Sedimentibacter",NA,300,NA,"Wolfe v3: went back to modified wolfe + EDTA and switched CuSO4 to CUCl2"
"cfa7e5524c99aac7db9399503a7e846a","Q",0,"Bacteria","Firmicutes","Clostridia","Peptostreptococcales-Tissierellales","Sedimentibacteraceae","Sedimentibacter",NA,300,NA,"Wolfe v3: went back to modified wolfe + EDTA and switched CuSO4 to CUCl2"
"26897509b56c5bcf18626b728a146bca","Q",0,"Bacteria","Firmicutes","Clostridia","Peptostreptococcales-Tissierellales","Sedimentibacteraceae","Sedimentibacter",NA,300,NA,"Wolfe v3: went back to modified wolfe + EDTA and switched CuSO4 to CUCl2"
"5346417a16a786a9003aaee8d9cf6253","Q",0,"Bacteria","Firmicutes","Clostridia","Peptostreptococcales-Tissierellales","Sedimentibacteraceae","Sedimentibacter","midas_s_703",300,NA,"Wolfe v3: went back to modified wolfe + EDTA and switched CuSO4 to CUCl2"
"fde5fbd4507f68a2eabc92fb449d9965","Q",0,"Bacteria","Firmicutes","Clostridia","Peptostreptococcales-Tissierellales","Sedimentibacteraceae","Sedimentibacter",NA,300,NA,"Wolfe v3: went back to modified wolfe + EDTA and switched CuSO4 to CUCl2"
"b9894ecd47f62b16d09553eba88c3e8d","Q",0,"Bacteria","Firmicutes","Clostridia","Peptostreptococcales-Tissierellales","Sedimentibacteraceae","Sedimentibacter",NA,300,NA,"Wolfe v3: went back to modified wolfe + EDTA and switched CuSO4 to CUCl2"
"cf506e6252da1013261a93132ed38efe","Q",0,"Bacteria","Firmicutes","Clostridia","Peptostreptococcales-Tissierellales","Sedimentibacteraceae","Sedimentibacter",NA,300,NA,"Wolfe v3: went back to modified wolfe + EDTA and switched CuSO4 to CUCl2"
"21cff8afa99fd812a66ca2e7c53e8fda","Q",0,"Bacteria","Firmicutes","Clostridia","Peptostreptococcales-Tissierellales","Sedimentibacteraceae","Sedimentibacter",NA,300,NA,"Wolfe v3: went back to modified wolfe + EDTA and switched CuSO4 to CUCl2"
"abaecd8b82d14efc7ccc4dcb7f864cba","Q",0,"Bacteria","Firmicutes","Clostridia","Peptostreptococcales-Tissierellales","Sedimentibacteraceae","Sedimentibacter","midas_s_87661",300,NA,"Wolfe v3: went back to modified wolfe + EDTA and switched CuSO4 to CUCl2"
"c3fb8f32d5ff76839b6ffcee6dd67328","Q",0,"Bacteria","Firmicutes","Clostridia","Peptostreptococcales-Tissierellales","Sedimentibacteraceae","Sedimentibacter",NA,300,NA,"Wolfe v3: went back to modified wolfe + EDTA and switched CuSO4 to CUCl2"
"2c46a6bd519e153e57e33cbee296bb41","Q",0,"Bacteria","Firmicutes","Clostridia","Peptostreptococcales-Tissierellales","Family_XI",NA,NA,300,NA,"Wolfe v3: went back to modified wolfe + EDTA and switched CuSO4 to CUCl2"
"5d09f55ef260c01efb18315a666b6199","Q",0,"Bacteria","Firmicutes","Clostridia","Peptostreptococcales-Tissierellales","Family_XI","midas_g_1215","midas_s_119555",300,NA,"Wolfe v3: went back to modified wolfe + EDTA and switched CuSO4 to CUCl2"
"4277458ff73b444855fb03eaf11e4ab5","Q",0,"Bacteria","Firmicutes","Clostridia","Peptostreptococcales-Tissierellales","Family_XI","Tepidimicrobium","midas_s_6024",300,NA,"Wolfe v3: went back to modified wolfe + EDTA and switched CuSO4 to CUCl2"
"cd1f95189b8375347f827f4a8b08dcf7","Q",0,"Bacteria","Firmicutes","Clostridia","Peptostreptococcales-Tissierellales","Family_XI","Soehngenia","midas_s_46673",300,NA,"Wolfe v3: went back to modified wolfe + EDTA and switched CuSO4 to CUCl2"
"f7f87d90b1d55c8ef8d7ea8f99e72018","Q",0,"Bacteria","Firmicutes","Clostridia","Peptostreptococcales-Tissierellales","Family_XI","Soehngenia","midas_s_46673",300,NA,"Wolfe v3: went back to modified wolfe + EDTA and switched CuSO4 to CUCl2"
"1352ecafaa4f51b95bedc9b026136ba0","Q",0,"Bacteria","Firmicutes","Clostridia","Peptostreptococcales-Tissierellales","Family_XI",NA,NA,300,NA,"Wolfe v3: went back to modified wolfe + EDTA and switched CuSO4 to CUCl2"
"e4486fa2f00016fa6078468bfe73bb89","Q",0,"Bacteria","Firmicutes","Clostridia","Peptostreptococcales-Tissierellales","Family_XI","Tissierella",NA,300,NA,"Wolfe v3: went back to modified wolfe + EDTA and switched CuSO4 to CUCl2"
"138ba6e05643a696295fc4a8ee67406c","Q",0,"Bacteria","Firmicutes","Clostridia","Peptostreptococcales-Tissierellales","Family_XI","Tissierella",NA,300,NA,"Wolfe v3: went back to modified wolfe + EDTA and switched CuSO4 to CUCl2"
"421b4676c5bde303e399360e708db7fc","Q",0,"Bacteria","Firmicutes","Clostridia","Peptostreptococcales-Tissierellales","Family_XI","Tissierella","midas_s_73638",300,NA,"Wolfe v3: went back to modified wolfe + EDTA and switched CuSO4 to CUCl2"
"5fda016714ed5f6d8bbfc918786e8525","Q",0,"Bacteria","Firmicutes","Clostridia","Peptostreptococcales-Tissierellales","Family_XI","Tissierella","midas_s_63180",300,NA,"Wolfe v3: went back to modified wolfe + EDTA and switched CuSO4 to CUCl2"
"b04b7cec6f00435b186177833dba9e0c","Q",0,"Bacteria","Firmicutes","Clostridia","Peptostreptococcales-Tissierellales","Family_XI","Tepidimicrobium","midas_s_93601",300,NA,"Wolfe v3: went back to modified wolfe + EDTA and switched CuSO4 to CUCl2"
"d0ee8cd5ce16c3dcf15fe70d87a7b4b5","Q",0,"Bacteria","Firmicutes","Clostridia","Peptostreptococcales-Tissierellales","Family_XI","Gallicola",NA,300,NA,"Wolfe v3: went back to modified wolfe + EDTA and switched CuSO4 to CUCl2"
"11506c8de798b3e79303f7afc3d782b6","Q",0,"Bacteria","Firmicutes","Clostridia","Peptostreptococcales-Tissierellales","Family_XI","Gallicola",NA,300,NA,"Wolfe v3: went back to modified wolfe + EDTA and switched CuSO4 to CUCl2"
"fb3e6be0517e6c8b7a27582c871b2ab3","Q",0,"Bacteria","Firmicutes","Clostridia","Peptostreptococcales-Tissierellales","Brassicibacter","midas_g_46689","midas_s_46689",300,NA,"Wolfe v3: went back to modified wolfe + EDTA and switched CuSO4 to CUCl2"
"da131e54714432d2efe40ba671d42f55","Q",0,"Bacteria","Firmicutes","Clostridia","Peptostreptococcales-Tissierellales","Peptostreptococcaceae","Acetoanaerobium","Acetoanaerobium_pronyense",300,NA,"Wolfe v3: went back to modified wolfe + EDTA and switched CuSO4 to CUCl2"
"6575c99cec435a76668a7c45a05dd227","Q",0,"Bacteria","Firmicutes","Clostridia","Peptostreptococcales-Tissierellales","Peptostreptococcaceae","Acetoanaerobium","Acetoanaerobium_pronyense",300,NA,"Wolfe v3: went back to modified wolfe + EDTA and switched CuSO4 to CUCl2"
"d6fd8cc30f52c997d8a550fdb5b27dfd","Q",0,"Bacteria","Firmicutes","Clostridia","Peptostreptococcales-Tissierellales","Peptostreptococcaceae","Acetoanaerobium","Acetoanaerobium_pronyense",300,NA,"Wolfe v3: went back to modified wolfe + EDTA and switched CuSO4 to CUCl2"
"9e679d7c299efc7140f026781b04d72c","Q",0,"Bacteria","Firmicutes","Clostridia","Peptostreptococcales-Tissierellales","Alkaliphilus","Alkaliphilus_oremlandii_OhILAs","midas_s_113692",300,NA,"Wolfe v3: went back to modified wolfe + EDTA and switched CuSO4 to CUCl2"
"eccd8d734ee6af96b42328e6e5a1d507","Q",0,"Bacteria","Firmicutes","Clostridia","Peptostreptococcales-Tissierellales","Alkaliphilus","Alkaliphilus_oremlandii_OhILAs",NA,300,NA,"Wolfe v3: went back to modified wolfe + EDTA and switched CuSO4 to CUCl2"
"25f9dbd6c37925f1be38fa56d2908617","Q",0,"Bacteria","Firmicutes","Clostridia","Peptostreptococcales-Tissierellales",NA,NA,NA,300,NA,"Wolfe v3: went back to modified wolfe + EDTA and switched CuSO4 to CUCl2"
"58b2cf308363fb35b932620518786116","Q",0,"Bacteria","Firmicutes","Clostridia","Peptostreptococcales-Tissierellales","Proteiniboraceae","Proteiniborus","Proteiniborus_ethanoligenes",300,NA,"Wolfe v3: went back to modified wolfe + EDTA and switched CuSO4 to CUCl2"
"af4077b83626bed3fca2dfbdf7cb9f90","Q",0,"Bacteria","Firmicutes","Clostridia","Peptostreptococcales-Tissierellales","Proteiniboraceae","Proteiniborus",NA,300,NA,"Wolfe v3: went back to modified wolfe + EDTA and switched CuSO4 to CUCl2"
"554686cea3283b156638818673bd7f53","Q",0,"Bacteria","Firmicutes","Clostridia","Peptostreptococcales-Tissierellales","Proteiniboraceae","Proteiniborus","midas_s_5393",300,NA,"Wolfe v3: went back to modified wolfe + EDTA and switched CuSO4 to CUCl2"
"2e4e10f885aac2233d05e4b46571c20d","Q",0,"Bacteria","Firmicutes","Clostridia","Peptostreptococcales-Tissierellales","Proteiniboraceae","Proteiniborus",NA,300,NA,"Wolfe v3: went back to modified wolfe + EDTA and switched CuSO4 to CUCl2"
"06bb48a671163cdd75613e80ef87b92d","Q",0,"Bacteria","Firmicutes","Clostridia","Peptostreptococcales-Tissierellales","Proteiniboraceae","Proteiniborus",NA,300,NA,"Wolfe v3: went back to modified wolfe + EDTA and switched CuSO4 to CUCl2"
"efee85b044faa2ad388a0ad03caa1ab0","Q",0,"Bacteria","Firmicutes","Clostridia","Peptostreptococcales-Tissierellales","Proteiniboraceae","midas_g_94213","midas_s_114381",300,NA,"Wolfe v3: went back to modified wolfe + EDTA and switched CuSO4 to CUCl2"
"08c5a92f42b9bd6cf258a65dc845fd17","Q",0,"Bacteria","Firmicutes","Clostridia","Peptostreptococcales-Tissierellales","Peptostreptococcaceae","Peptoclostridium","Clostridium_thermoalcaliphilum",300,NA,"Wolfe v3: went back to modified wolfe + EDTA and switched CuSO4 to CUCl2"
"dc22433569281cc665fba3df53e3f566","Q",0,"Bacteria","Firmicutes","Clostridia","Peptostreptococcales-Tissierellales","Peptostreptococcaceae","Peptoclostridium","Clostridium_thermoalcaliphilum",300,NA,"Wolfe v3: went back to modified wolfe + EDTA and switched CuSO4 to CUCl2"
"4597728556b60e620b133a6bac86bcfc","Q",0,"Bacteria","Firmicutes","Clostridia","Peptostreptococcales-Tissierellales","Peptostreptococcaceae","Peptoclostridium","Clostridium_thermoalcaliphilum",300,NA,"Wolfe v3: went back to modified wolfe + EDTA and switched CuSO4 to CUCl2"
"daa33b68bffced185af681590ffd372e","Q",0,"Bacteria","Firmicutes","Clostridia","Peptostreptococcales-Tissierellales","Peptostreptococcaceae","Paeniclostridium","midas_s_37284",300,NA,"Wolfe v3: went back to modified wolfe + EDTA and switched CuSO4 to CUCl2"
"b8be4a864e591a2801a0b9194efc1060","Q",0,"Bacteria","Firmicutes","Clostridia","Peptostreptococcales-Tissierellales","Peptostreptococcaceae","Intestinibacter","Intestinibacter_bartlettii",300,NA,"Wolfe v3: went back to modified wolfe + EDTA and switched CuSO4 to CUCl2"
"fa7c27da02160cd4642de54d236e78fc","Q",0,"Bacteria","Firmicutes","Clostridia","Peptostreptococcales-Tissierellales","Peptostreptococcaceae","Romboutsia",NA,300,NA,"Wolfe v3: went back to modified wolfe + EDTA and switched CuSO4 to CUCl2"
"b180a2455b236c103cf0bfe620095736","Q",0,"Bacteria","Firmicutes","Clostridia","Peptostreptococcales-Tissierellales","Peptostreptococcaceae","Romboutsia",NA,300,NA,"Wolfe v3: went back to modified wolfe + EDTA and switched CuSO4 to CUCl2"
"299ccc8e8ff39974e43c21db8583539d","Q",0,"Bacteria","Firmicutes","Clostridia","Peptostreptococcales-Tissierellales","Peptostreptococcaceae","Romboutsia",NA,300,NA,"Wolfe v3: went back to modified wolfe + EDTA and switched CuSO4 to CUCl2"
"4c31c3e198534eab45b6d92b61f75b10","Q",0,"Bacteria","Firmicutes","Clostridia","Peptostreptococcales-Tissierellales","Peptostreptococcaceae","Paraclostridium","midas_s_2984",300,NA,"Wolfe v3: went back to modified wolfe + EDTA and switched CuSO4 to CUCl2"
"8bc8eb4392eecf9f922bfb55df2c4144","Q",0,"Bacteria","Firmicutes","Clostridia","Peptostreptococcales-Tissierellales","Peptostreptococcaceae","Romboutsia","Romboutsia_lituseburensis",300,NA,"Wolfe v3: went back to modified wolfe + EDTA and switched CuSO4 to CUCl2"
"6dbf54dfd0a3207126af074af10be296","Q",0,"Bacteria","Firmicutes","Clostridia","Peptostreptococcales-Tissierellales","Peptostreptococcaceae","Terrisporobacter",NA,300,NA,"Wolfe v3: went back to modified wolfe + EDTA and switched CuSO4 to CUCl2"
"bab46dfd2ebedb1ecc30e955eb423156","Q",0,"Bacteria","Firmicutes","Clostridia","Peptostreptococcales-Tissierellales","Serpentinicella","midas_g_75908",NA,300,NA,"Wolfe v3: went back to modified wolfe + EDTA and switched CuSO4 to CUCl2"
"c93a843b39949238201808402b1961af","Q",0,"Bacteria","Firmicutes","Clostridia","Peptostreptococcales-Tissierellales","Serpentinicella","midas_g_75908",NA,300,NA,"Wolfe v3: went back to modified wolfe + EDTA and switched CuSO4 to CUCl2"
"2b810d05c55b0e9f8dda84a275803f71","Q",0,"Bacteria","Firmicutes","Clostridia","Peptostreptococcales-Tissierellales","Serpentinicella","midas_g_75908",NA,300,NA,"Wolfe v3: went back to modified wolfe + EDTA and switched CuSO4 to CUCl2"
"9ab23c4d99ca81eaa9c30826e3201dd4","Q",0,"Bacteria","Firmicutes","Clostridia","Peptostreptococcales-Tissierellales",NA,NA,NA,300,NA,"Wolfe v3: went back to modified wolfe + EDTA and switched CuSO4 to CUCl2"
"a27f37aae2a34101f8a61c6f0b1cd246","Q",0,"Bacteria","Firmicutes","Clostridia","Peptostreptococcales-Tissierellales","Serpentinicella","midas_g_75908",NA,300,NA,"Wolfe v3: went back to modified wolfe + EDTA and switched CuSO4 to CUCl2"
"64fc10f0a6641c24f1fc81c23d55d3b7","Q",0,"Bacteria","Firmicutes","Clostridia","Peptostreptococcales-Tissierellales","Serpentinicella","midas_g_75908",NA,300,NA,"Wolfe v3: went back to modified wolfe + EDTA and switched CuSO4 to CUCl2"
"0916b03c8a001547e1909d8a2fe6178e","Q",0,"Bacteria","Firmicutes","Clostridia","Peptostreptococcales-Tissierellales",NA,NA,NA,300,NA,"Wolfe v3: went back to modified wolfe + EDTA and switched CuSO4 to CUCl2"
"e111f26c316c8b919015c64090c7cdef","Q",0,"Bacteria","Firmicutes","Clostridia","Peptostreptococcales-Tissierellales","Serpentinicella","midas_g_75908",NA,300,NA,"Wolfe v3: went back to modified wolfe + EDTA and switched CuSO4 to CUCl2"
"8fd7af3fd41ce627d8be20317e594132","Q",0,"Bacteria","Firmicutes","Clostridia","Peptostreptococcales-Tissierellales","Serpentinicella","midas_g_75908",NA,300,NA,"Wolfe v3: went back to modified wolfe + EDTA and switched CuSO4 to CUCl2"
"1034f9305f9e8af991841f0741e8ce44","Q",0,"Bacteria","Firmicutes","Clostridia","Peptostreptococcales-Tissierellales","Natronincola","midas_g_93898","midas_s_93898",300,NA,"Wolfe v3: went back to modified wolfe + EDTA and switched CuSO4 to CUCl2"
"e7baf16c3258bdcf8af64b53aa373771","Q",0,"Bacteria","Firmicutes","Clostridia","Peptostreptococcales-Tissierellales",NA,NA,NA,300,NA,"Wolfe v3: went back to modified wolfe + EDTA and switched CuSO4 to CUCl2"
"aaa707342b1a12423de93e29ef0fb102","Q",0,"Bacteria","Firmicutes","Clostridia","Peptostreptococcales-Tissierellales","Serpentinicella","midas_g_75908",NA,300,NA,"Wolfe v3: went back to modified wolfe + EDTA and switched CuSO4 to CUCl2"
"e71d7fce3b720ea2b97354f4a94a19a7","Q",0,"Bacteria","Firmicutes","Clostridia","Peptostreptococcales-Tissierellales","Serpentinicella","midas_g_75908",NA,300,NA,"Wolfe v3: went back to modified wolfe + EDTA and switched CuSO4 to CUCl2"
"54e41d7748bdb8fe71a73a47ad58423e","Q",0,"Bacteria","Firmicutes","Clostridia","Peptostreptococcales-Tissierellales","Serpentinicella","midas_g_75908",NA,300,NA,"Wolfe v3: went back to modified wolfe + EDTA and switched CuSO4 to CUCl2"
"b50c901a9773cf8216278d2bb4e70644","Q",0,"Bacteria","Firmicutes","Clostridia","Peptostreptococcales-Tissierellales","Serpentinicella","midas_g_75908",NA,300,NA,"Wolfe v3: went back to modified wolfe + EDTA and switched CuSO4 to CUCl2"
"b59754bec2dc431ceec006fa8d612183","Q",0,"Bacteria","Firmicutes","Clostridia","Peptostreptococcales-Tissierellales","Serpentinicella","midas_g_75908","midas_s_88398",300,NA,"Wolfe v3: went back to modified wolfe + EDTA and switched CuSO4 to CUCl2"
"a1f21db1df1536b5a1147e9ffb486b61","Q",0,"Bacteria","Firmicutes","Clostridia","Peptostreptococcales-Tissierellales","Serpentinicella","midas_g_75908",NA,300,NA,"Wolfe v3: went back to modified wolfe + EDTA and switched CuSO4 to CUCl2"
"51d1bc05cfe3f4f9fd53eb552e293c01","Q",0,"Bacteria","Firmicutes","Clostridia","Peptostreptococcales-Tissierellales","Serpentinicella","midas_g_75908","midas_s_88398",300,NA,"Wolfe v3: went back to modified wolfe + EDTA and switched CuSO4 to CUCl2"
"7767ca8c82d1d254c5d3228f43b2b213","Q",0,"Bacteria","Firmicutes","Clostridia","Peptostreptococcales-Tissierellales","Serpentinicella","midas_g_75908","midas_s_88398",300,NA,"Wolfe v3: went back to modified wolfe + EDTA and switched CuSO4 to CUCl2"
"30722c9b979a324b1a9e507436496b08","Q",0,"Bacteria","Firmicutes","Clostridia","Peptostreptococcales-Tissierellales","Serpentinicella","midas_g_75908","midas_s_88398",300,NA,"Wolfe v3: went back to modified wolfe + EDTA and switched CuSO4 to CUCl2"
"838197ea99c414fe3d5129775a734245","Q",0,"Bacteria","Firmicutes","Clostridia","Peptostreptococcales-Tissierellales","Alkaliphilus","Alkaliphilus_crotonatoxidans","midas_s_120111",300,NA,"Wolfe v3: went back to modified wolfe + EDTA and switched CuSO4 to CUCl2"
"f028df8f84e6a5ff0a4512a509e23477","Q",0,"Bacteria","Firmicutes","Clostridia","Peptostreptococcales-Tissierellales","Gottschalkia","Andreesenia_angusta","midas_s_44566",300,NA,"Wolfe v3: went back to modified wolfe + EDTA and switched CuSO4 to CUCl2"
"f4993ea775e4b217485c9be1b55db40c","Q",0,"Bacteria","Firmicutes","Clostridia","Peptostreptococcales-Tissierellales","Anaerovoracaceae","midas_g_819","midas_s_819",300,NA,"Wolfe v3: went back to modified wolfe + EDTA and switched CuSO4 to CUCl2"
"d23e031b9dfbdb8f41323c8c5c775f26","Q",0,"Bacteria","Firmicutes","Clostridia","Peptostreptococcales-Tissierellales","Anaerovoracaceae","Family_XIII_AD3011_group","midas_s_92256",300,NA,"Wolfe v3: went back to modified wolfe + EDTA and switched CuSO4 to CUCl2"
"8c99e30986e776bbc067425690109213","Q",0,"Bacteria","Firmicutes","Clostridia","Peptostreptococcales-Tissierellales","Anaerovoracaceae","Family_XIII_AD3011_group","midas_s_11346",300,NA,"Wolfe v3: went back to modified wolfe + EDTA and switched CuSO4 to CUCl2"
"e1a9800482df461df81429b3b8f859a1","Q",0,"Bacteria","Firmicutes","Clostridia","Peptostreptococcales-Tissierellales","Anaerovoracaceae","Mogibacterium","midas_s_8932",300,NA,"Wolfe v3: went back to modified wolfe + EDTA and switched CuSO4 to CUCl2"
"ca01d9551d2460af70778e62f280ab8a","Q",0,"Bacteria","Firmicutes","Clostridia","Peptostreptococcales-Tissierellales","Anaerovoracaceae","Mogibacterium","midas_s_4359",300,NA,"Wolfe v3: went back to modified wolfe + EDTA and switched CuSO4 to CUCl2"
"387fd7acb95a1f0053edacb08ca9384d","Q",0,"Bacteria","Firmicutes","Clostridia","Peptostreptococcales-Tissierellales","Anaerovoracaceae","Anaerovorax","midas_s_97112",300,NA,"Wolfe v3: went back to modified wolfe + EDTA and switched CuSO4 to CUCl2"
"27201d8b9c2a23edc5ee1b093c39fe46","Q",0,"Bacteria","Firmicutes","Clostridia","Peptostreptococcales-Tissierellales","Anaerovoracaceae","Anaerovorax",NA,300,NA,"Wolfe v3: went back to modified wolfe + EDTA and switched CuSO4 to CUCl2"
"bec033acf73d8b55fcee3b62a8a9429e","Q",0,"Bacteria","Firmicutes","Clostridia","Peptostreptococcales-Tissierellales","Anaerovoracaceae","Anaerovorax",NA,300,NA,"Wolfe v3: went back to modified wolfe + EDTA and switched CuSO4 to CUCl2"
"afd6038f44400cf165c3d637f88be98a","Q",0,"Bacteria","Firmicutes","Clostridia","Peptostreptococcales-Tissierellales","Anaerovoracaceae","Anaerovorax",NA,300,NA,"Wolfe v3: went back to modified wolfe + EDTA and switched CuSO4 to CUCl2"
"478fa149d72ab4d5a1c35d4fd7c3f6d8","Q",0,"Bacteria","Firmicutes","Clostridia","Peptostreptococcales-Tissierellales","Anaerovoracaceae","Anaerovorax",NA,300,NA,"Wolfe v3: went back to modified wolfe + EDTA and switched CuSO4 to CUCl2"
"147c28a497af9f823da70571c88b5ebe","Q",0,"Bacteria","Firmicutes","Clostridia","Peptostreptococcales-Tissierellales","Anaerovoracaceae","Anaerovorax",NA,300,NA,"Wolfe v3: went back to modified wolfe + EDTA and switched CuSO4 to CUCl2"
"a90eba220f100c5da89e40e34598c4c7","Q",0,"Bacteria","Firmicutes","Clostridia","Peptostreptococcales-Tissierellales","Anaerovoracaceae",NA,NA,300,NA,"Wolfe v3: went back to modified wolfe + EDTA and switched CuSO4 to CUCl2"
"9351cccfbe9ec3b210cc47272367a7df","Q",0,"Bacteria","Firmicutes","Clostridia","Peptostreptococcales-Tissierellales","Anaerovoracaceae",NA,NA,300,NA,"Wolfe v3: went back to modified wolfe + EDTA and switched CuSO4 to CUCl2"
"090855acea46f97b916c33393736db71","Q",0,"Bacteria","Firmicutes","Clostridia","Peptostreptococcales-Tissierellales","Anaerovoracaceae","Anaerovorax","midas_s_28866",300,NA,"Wolfe v3: went back to modified wolfe + EDTA and switched CuSO4 to CUCl2"
"6de274487e1c875df3c574ec3fcd05d0","Q",0,"Bacteria","Firmicutes","Clostridia","Peptostreptococcales-Tissierellales","Anaerovoracaceae","Anaerovorax","midas_s_8128",300,NA,"Wolfe v3: went back to modified wolfe + EDTA and switched CuSO4 to CUCl2"
"d45aaeec9a07ee5bc7a02cbca9a84ee7","Q",0,"Bacteria","Firmicutes","Clostridia","Peptostreptococcales-Tissierellales","Guggenheimella","midas_g_25887","midas_s_25887",300,NA,"Wolfe v3: went back to modified wolfe + EDTA and switched CuSO4 to CUCl2"
"e52eb9b81be103823dae2b735dafea6f","Q",0,"Bacteria","Firmicutes","Bacilli","Haloplasmatales","Haloplasmataceae","midas_g_110657","midas_s_110657",300,NA,"Wolfe v3: went back to modified wolfe + EDTA and switched CuSO4 to CUCl2"
"911ddc4e1da558630158fa05fba14992","Q",0,"Bacteria","Firmicutes","Bacilli","Haloplasmatales","Haloplasmataceae",NA,NA,300,NA,"Wolfe v3: went back to modified wolfe + EDTA and switched CuSO4 to CUCl2"
"b659fcf2b17787c3e45bedfc42a89936","Q",0,"Bacteria","Firmicutes","Bacilli","Haloplasmatales","Haloplasmataceae","Haloplasma","midas_s_99854",300,NA,"Wolfe v3: went back to modified wolfe + EDTA and switched CuSO4 to CUCl2"
"71b89747d9e5f39535d7cd2ac1005789","Q",0,"Bacteria","Firmicutes","Bacilli","Haloplasmatales","Haloplasmataceae","Haloplasma","midas_s_99854",300,NA,"Wolfe v3: went back to modified wolfe + EDTA and switched CuSO4 to CUCl2"
"fb89ee34d5f2ddb3d1ce9da15080b792","Q",0,"Bacteria","Firmicutes","Bacilli","Haloplasmatales","Haloplasmataceae","Haloplasma","midas_s_99854",300,NA,"Wolfe v3: went back to modified wolfe + EDTA and switched CuSO4 to CUCl2"
"5921e25af2acb3d6f297ce40e0373ecd","Q",0,"Bacteria","Firmicutes","Bacilli","Izemoplasmatales","midas_f_16343","midas_g_20878",NA,300,NA,"Wolfe v3: went back to modified wolfe + EDTA and switched CuSO4 to CUCl2"
"cefe4ae946de41fe87fc0040bdea335e","Q",0,"Bacteria","Firmicutes","Bacilli","Izemoplasmatales","midas_f_16343","midas_g_20878","midas_s_20878",300,NA,"Wolfe v3: went back to modified wolfe + EDTA and switched CuSO4 to CUCl2"
"a4c97d72a3ac2b7c1435c56721a3aa1a","Q",0,"Bacteria","Firmicutes","Bacilli","Izemoplasmatales","midas_f_16343","midas_g_16730","midas_s_16730",300,NA,"Wolfe v3: went back to modified wolfe + EDTA and switched CuSO4 to CUCl2"
"49d8ed77132802ef1ad7036f31e0117a","Q",0,"Bacteria","Firmicutes","Bacilli","Izemoplasmatales","midas_f_16343","midas_g_33659",NA,300,NA,"Wolfe v3: went back to modified wolfe + EDTA and switched CuSO4 to CUCl2"
"52ac87abfa970ee890f4bfb7ce0f1337","Q",0,"Bacteria","Firmicutes","Bacilli","Izemoplasmatales","midas_f_16343","midas_g_33659","midas_s_33659",300,NA,"Wolfe v3: went back to modified wolfe + EDTA and switched CuSO4 to CUCl2"
"f7e31d1689b9fa6e5639ba7fb856967a","Q",0,"Bacteria","Firmicutes","Bacilli","Izemoplasmatales","midas_f_90284","midas_g_91159","midas_s_92025",300,NA,"Wolfe v3: went back to modified wolfe + EDTA and switched CuSO4 to CUCl2"
"fe74d2e267ad3ebb8fbfe24bbb464049","Q",0,"Bacteria","Firmicutes","Bacilli","Izemoplasmatales","midas_f_16343","midas_g_31962","midas_s_31962",300,NA,"Wolfe v3: went back to modified wolfe + EDTA and switched CuSO4 to CUCl2"
"9f34b6a04f6d30d61947a02265404b17","Q",0,"Bacteria","Firmicutes","Bacilli","Izemoplasmatales","Izemoplasmataceae","midas_g_45894","midas_s_92082",300,NA,"Wolfe v3: went back to modified wolfe + EDTA and switched CuSO4 to CUCl2"
"e973e792bb24983e1304d41a8ed0c375","Q",0,"Bacteria","Firmicutes","Bacilli","Erysipelotrichales","Erysipelatoclostridiaceae","UCG-004",NA,300,NA,"Wolfe v3: went back to modified wolfe + EDTA and switched CuSO4 to CUCl2"
"6239566d7bda185bbc00c6475202b675","Q",0,"Bacteria","Firmicutes","Bacilli","Acholeplasmatales","Acholeplasmataceae","Acholeplasma",NA,300,NA,"Wolfe v3: went back to modified wolfe + EDTA and switched CuSO4 to CUCl2"
"fa29a08838db72d944922cbf3ca72b38","Q",0,"Bacteria","Firmicutes","Bacilli","Acholeplasmatales","Acholeplasmataceae","Acholeplasma",NA,300,NA,"Wolfe v3: went back to modified wolfe + EDTA and switched CuSO4 to CUCl2"
"ad6ed76aeca8371d3d439eb14c33610c","Q",0,"Bacteria","Firmicutes","Bacilli","Erysipelotrichales","Erysipelotrichaceae","midas_g_90969",NA,300,NA,"Wolfe v3: went back to modified wolfe + EDTA and switched CuSO4 to CUCl2"
"8c86a02bd0f2c7a90bb40b735577a623","Q",0,"Bacteria","Firmicutes","Bacilli","Erysipelotrichales","Erysipelotrichaceae","Erysipelothrix",NA,300,NA,"Wolfe v3: went back to modified wolfe + EDTA and switched CuSO4 to CUCl2"
"5a6520a634bb27352c524ba237fd0d64","Q",0,"Bacteria","Firmicutes","Bacilli","Erysipelotrichales","Erysipelotrichaceae","Erysipelothrix","midas_s_22101",300,NA,"Wolfe v3: went back to modified wolfe + EDTA and switched CuSO4 to CUCl2"
"e5632edb0fd267dbaf571c758b91be2a","Q",0,"Bacteria","Firmicutes","Bacilli","Erysipelotrichales","Erysipelotrichaceae","Erysipelothrix",NA,300,NA,"Wolfe v3: went back to modified wolfe + EDTA and switched CuSO4 to CUCl2"
"37736c620442bdd78ddde3ea7451d314","Q",0,"Bacteria","Firmicutes","Clostridia",NA,NA,NA,NA,300,NA,"Wolfe v3: went back to modified wolfe + EDTA and switched CuSO4 to CUCl2"
"e95282c3197d4315d84f31d177642c58","Q",0,"Bacteria","Firmicutes","Clostridia",NA,NA,NA,NA,300,NA,"Wolfe v3: went back to modified wolfe + EDTA and switched CuSO4 to CUCl2"
"c05932b0e9b0bcf5f076c8971c6bab60","Q",0,"Bacteria","Firmicutes",NA,NA,NA,NA,NA,300,NA,"Wolfe v3: went back to modified wolfe + EDTA and switched CuSO4 to CUCl2"
"3133e9e795b0c90e4bcd8791956042d1","Q",0,"Bacteria","Firmicutes",NA,NA,NA,NA,NA,300,NA,"Wolfe v3: went back to modified wolfe + EDTA and switched CuSO4 to CUCl2"
"ad2e05a74003003b855aee86cdc921fd","Q",0,"Bacteria","Firmicutes",NA,NA,NA,NA,NA,300,NA,"Wolfe v3: went back to modified wolfe + EDTA and switched CuSO4 to CUCl2"
"fcf151e90a9e26826087929c8e6cf412","Q",0,"Bacteria","Firmicutes",NA,NA,NA,NA,NA,300,NA,"Wolfe v3: went back to modified wolfe + EDTA and switched CuSO4 to CUCl2"
"38bf20edfc69975afa1d93d5f2c8598a","Q",0,"Bacteria","Firmicutes",NA,NA,NA,NA,NA,300,NA,"Wolfe v3: went back to modified wolfe + EDTA and switched CuSO4 to CUCl2"
"deac35bb9d47f67965b800fa6c414dea","Q",0,"Bacteria","Firmicutes",NA,NA,NA,NA,NA,300,NA,"Wolfe v3: went back to modified wolfe + EDTA and switched CuSO4 to CUCl2"
"c4a4b8a9db0c109cc7146c7c64f10b79","Q",0,"Bacteria","Firmicutes","Clostridia",NA,NA,NA,NA,300,NA,"Wolfe v3: went back to modified wolfe + EDTA and switched CuSO4 to CUCl2"
"57d80e7465d3924d85b75767855a3c4f","Q",0,"Bacteria","Firmicutes","Clostridia",NA,NA,NA,NA,300,NA,"Wolfe v3: went back to modified wolfe + EDTA and switched CuSO4 to CUCl2"
"29d5a1f45c97760080e874715394bcfe","Q",0,"Bacteria","Halanaerobiaeota","Halanaerobiia","Halanaerobiales","Halobacteroidaceae","midas_g_109927","midas_s_109927",300,NA,"Wolfe v3: went back to modified wolfe + EDTA and switched CuSO4 to CUCl2"
"4ceda7391cbf9cebcf0484faad59687b","Q",0,"Bacteria","Halanaerobiaeota","Halanaerobiia","Halanaerobiales","Halobacteroidaceae","midas_g_109927","midas_s_109927",300,NA,"Wolfe v3: went back to modified wolfe + EDTA and switched CuSO4 to CUCl2"
"9c4d55fa490cfb3be28c93ed90a4859d","Q",0,"Bacteria","Firmicutes","Clostridia","Peptococcales","Peptococcaceae","midas_g_95485","midas_s_108338",300,NA,"Wolfe v3: went back to modified wolfe + EDTA and switched CuSO4 to CUCl2"
"251d66e77274e5b7d1eaf61e407f04b8","Q",0,"Bacteria","Firmicutes","Clostridia","Peptococcales","Peptococcaceae",NA,NA,300,NA,"Wolfe v3: went back to modified wolfe + EDTA and switched CuSO4 to CUCl2"
"67df1ba56f33792e8b9f614d5c2ccec0","Q",0,"Bacteria","Firmicutes","Clostridia","Peptococcales","Peptococcaceae","midas_g_93820","midas_s_93820",300,NA,"Wolfe v3: went back to modified wolfe + EDTA and switched CuSO4 to CUCl2"
"5f9e31928bbbb226bcdc275a060efc44","Q",0,"Bacteria","Firmicutes","midas_c_4","midas_o_4","midas_f_222",NA,NA,300,NA,"Wolfe v3: went back to modified wolfe + EDTA and switched CuSO4 to CUCl2"
"554322da276d032be7d7a759762865b9","Q",0,"Bacteria","Firmicutes","midas_c_4","midas_o_4","midas_f_222","midas_g_97311","midas_s_97311",300,NA,"Wolfe v3: went back to modified wolfe + EDTA and switched CuSO4 to CUCl2"
"f6b24a6816c87c1642b0b3ef07bfee78","Q",0,"Bacteria","Firmicutes","midas_c_4","midas_o_4","midas_f_222","midas_g_97311","midas_s_97311",300,NA,"Wolfe v3: went back to modified wolfe + EDTA and switched CuSO4 to CUCl2"
"cfccd37229affa4484527db6a12d9caf","Q",0,"Bacteria","Firmicutes","midas_c_4","midas_o_4","midas_f_222",NA,NA,300,NA,"Wolfe v3: went back to modified wolfe + EDTA and switched CuSO4 to CUCl2"
"cfdff1e1afc0bb96435226f40e8031fa","Q",0,"Bacteria","Firmicutes","midas_c_4","midas_o_4","midas_f_222",NA,NA,300,NA,"Wolfe v3: went back to modified wolfe + EDTA and switched CuSO4 to CUCl2"
"3e09043820433588bf896d8e55bc1423","Q",0,"Bacteria","Firmicutes","midas_c_4","midas_o_4","midas_f_222","midas_g_110683",NA,300,NA,"Wolfe v3: went back to modified wolfe + EDTA and switched CuSO4 to CUCl2"
"ef48b24d461ead26b22d8e442656ccc0","Q",0,"Bacteria","Firmicutes","midas_c_4","midas_o_4","midas_f_222","midas_g_110683","midas_s_110683",300,NA,"Wolfe v3: went back to modified wolfe + EDTA and switched CuSO4 to CUCl2"
"7cdf5d7931b4f4bcf64b7de23217f933","Q",0,"Bacteria","Firmicutes","midas_c_4","midas_o_4","midas_f_222","midas_g_110683",NA,300,NA,"Wolfe v3: went back to modified wolfe + EDTA and switched CuSO4 to CUCl2"
"c601bfcd6b08e128ae6dfdcdb48400ed","Q",0,"Bacteria","Firmicutes","midas_c_4","midas_o_4","midas_f_222","midas_g_37494",NA,300,NA,"Wolfe v3: went back to modified wolfe + EDTA and switched CuSO4 to CUCl2"
"82520638c5842f94b7203788b78b3b92","Q",0,"Bacteria","Firmicutes","Clostridia","Peptococcales","Peptococcaceae","midas_g_112372","midas_s_112372",300,NA,"Wolfe v3: went back to modified wolfe + EDTA and switched CuSO4 to CUCl2"
"0fada6a77d06dfe158c61acabd5851a8","Q",0,"Bacteria","Firmicutes","Clostridia","Peptococcales","Peptococcaceae",NA,NA,300,NA,"Wolfe v3: went back to modified wolfe + EDTA and switched CuSO4 to CUCl2"
"a9639627b1b6650686b3f6a401ed7fb0","Q",0,"Bacteria","Firmicutes","Clostridia","Peptococcales","Peptococcaceae","midas_g_3046","midas_s_3046",300,NA,"Wolfe v3: went back to modified wolfe + EDTA and switched CuSO4 to CUCl2"
"ca3a67eb199d56c1472b1d1ae03a1060","Q",0,"Bacteria","Firmicutes","Clostridia","Peptococcales","Peptococcaceae",NA,NA,300,NA,"Wolfe v3: went back to modified wolfe + EDTA and switched CuSO4 to CUCl2"
"4e4ca97fadb8b8e92470ccce2ff91460","Q",0,"Bacteria","Firmicutes","Clostridia","Peptococcales","Peptococcaceae","Dehalobacterium","midas_s_114306",300,NA,"Wolfe v3: went back to modified wolfe + EDTA and switched CuSO4 to CUCl2"
"f847d5bbe9c5a3555db3988cfa1b838f","Q",0,"Bacteria","Firmicutes","Clostridia","Peptococcales","Peptococcaceae","Dehalobacterium",NA,300,NA,"Wolfe v3: went back to modified wolfe + EDTA and switched CuSO4 to CUCl2"
"8aa84c2bb23089b38845d45b2f4742a7","Q",0,"Bacteria","Firmicutes","Clostridia","Peptococcales","Peptococcaceae","Dehalobacterium",NA,300,NA,"Wolfe v3: went back to modified wolfe + EDTA and switched CuSO4 to CUCl2"
"43304902c7de62a1f0749eba6553c3cd","Q",0,"Bacteria","Firmicutes","Clostridia","Peptococcales","Peptococcaceae","Dehalobacterium",NA,300,NA,"Wolfe v3: went back to modified wolfe + EDTA and switched CuSO4 to CUCl2"
"efe6fa9e73779825320958490553322f","Q",0,"Bacteria","Firmicutes","Clostridia","Peptococcales","Peptococcaceae",NA,NA,300,NA,"Wolfe v3: went back to modified wolfe + EDTA and switched CuSO4 to CUCl2"
"ea4691b2289c15a1b9cb1a8fd5e77902","Q",0,"Bacteria","Firmicutes","Desulfitobacteriia","Desulfitobacteriales","Desulfitobacteriaceae","Desulfosporosinus","midas_s_116128",300,NA,"Wolfe v3: went back to modified wolfe + EDTA and switched CuSO4 to CUCl2"
"f5cb3fde6a13561ed6e13a04732f79e3","Q",0,"Bacteria","Firmicutes","Desulfitobacteriia","Desulfitobacteriales","Syntrophobotulaceae",NA,NA,300,NA,"Wolfe v3: went back to modified wolfe + EDTA and switched CuSO4 to CUCl2"
"6007fe9f1b2db53b8b47650fa99e3f10","Q",0,"Bacteria","Firmicutes","Desulfitobacteriia","Desulfitobacteriales","Syntrophobotulaceae","Ca_Dichloromethanomonas","midas_s_57644",300,NA,"Wolfe v3: went back to modified wolfe + EDTA and switched CuSO4 to CUCl2"
"67d143ab6e193466450c7a998b92092b","Q",0,"Bacteria","Firmicutes","Desulfitobacteriia","Desulfitobacteriales","Syntrophobotulaceae",NA,NA,300,NA,"Wolfe v3: went back to modified wolfe + EDTA and switched CuSO4 to CUCl2"
"6a00993959cfffcd3e54203b0cb659a2","Q",0,"Bacteria","Firmicutes","Desulfitobacteriia","Desulfitobacteriales","Syntrophobotulaceae","Dehalobacter",NA,300,NA,"Wolfe v3: went back to modified wolfe + EDTA and switched CuSO4 to CUCl2"
"b31e59cdec24fb470a0e1cf3d0981073","Q",0,"Bacteria","Firmicutes","Desulfitobacteriia","Desulfitobacteriales","Syntrophobotulaceae",NA,NA,300,NA,"Wolfe v3: went back to modified wolfe + EDTA and switched CuSO4 to CUCl2"
"0a052939cf0cfd20acc22c826676e32c","Q",0,"Bacteria","Firmicutes","Desulfitobacteriia","Desulfitobacteriales","Syntrophobotulaceae",NA,NA,300,NA,"Wolfe v3: went back to modified wolfe + EDTA and switched CuSO4 to CUCl2"
"46156799234f2a8e18eb868be7da1d1a","Q",0,"Bacteria","Firmicutes","Desulfitobacteriia","Desulfitobacteriales","Syntrophobotulaceae",NA,NA,300,NA,"Wolfe v3: went back to modified wolfe + EDTA and switched CuSO4 to CUCl2"
"4aff8b715435747567cbc4ee9c82fb8b","Q",0,"Bacteria","Firmicutes","Desulfitobacteriia","Desulfitobacteriales","Syntrophobotulaceae",NA,NA,300,NA,"Wolfe v3: went back to modified wolfe + EDTA and switched CuSO4 to CUCl2"
"d74db335012437dbfb4c54fd9049d46f","Q",0,"Bacteria","Firmicutes","Desulfitobacteriia","Desulfitobacteriales","Desulfitobacteriaceae","Desulfosporosinus",NA,300,NA,"Wolfe v3: went back to modified wolfe + EDTA and switched CuSO4 to CUCl2"
"dc211776d6a734cf180f697b098c47d3","Q",0,"Bacteria","Firmicutes","Desulfitobacteriia","Desulfitobacteriales","Desulfitobacteriaceae","Desulfosporosinus",NA,300,NA,"Wolfe v3: went back to modified wolfe + EDTA and switched CuSO4 to CUCl2"
"565ebeeb62bec205e9a34b25e0a728dd","Q",0,"Bacteria","Firmicutes","Desulfitobacteriia","Desulfitobacteriales","Desulfitobacteriaceae","Desulfosporosinus",NA,300,NA,"Wolfe v3: went back to modified wolfe + EDTA and switched CuSO4 to CUCl2"
"1f4fb4bfdca6c9d13106ed533362a62e","Q",0,"Bacteria","Firmicutes","Desulfitobacteriia","Desulfitobacteriales","Desulfitobacteriaceae","Desulfosporosinus",NA,300,NA,"Wolfe v3: went back to modified wolfe + EDTA and switched CuSO4 to CUCl2"
"f3c13bc899928e8043766ca73a046487","Q",0,"Bacteria","Firmicutes","Desulfitobacteriia","Desulfitobacteriales","Desulfitobacteriaceae","Desulfosporosinus",NA,300,NA,"Wolfe v3: went back to modified wolfe + EDTA and switched CuSO4 to CUCl2"
"aa9c5ae2ec6da55f30edd92e3de37eff","Q",0,"Bacteria","Firmicutes","Desulfitobacteriia","Desulfitobacteriales","Desulfitobacteriaceae","Desulfosporosinus",NA,300,NA,"Wolfe v3: went back to modified wolfe + EDTA and switched CuSO4 to CUCl2"
"6ba11aa98436328c7d53c0b5db9dd2b0","Q",0,"Bacteria","Firmicutes","Clostridia","Peptococcales","Peptococcaceae",NA,NA,300,NA,"Wolfe v3: went back to modified wolfe + EDTA and switched CuSO4 to CUCl2"
"dc34e8512b788fb682511c00370ee4c7","Q",0,"Bacteria","Firmicutes","Desulfotomaculia","Desulfotomaculales","Pelotomaculaceae","Pelotomaculum",NA,300,NA,"Wolfe v3: went back to modified wolfe + EDTA and switched CuSO4 to CUCl2"
"8b05c693d167b0c68f1316963744f122","Q",0,"Bacteria","Firmicutes","Desulfotomaculia","Desulfotomaculales","Pelotomaculaceae","Pelotomaculum","midas_s_95439",300,NA,"Wolfe v3: went back to modified wolfe + EDTA and switched CuSO4 to CUCl2"
"d693c275c376753e40770f95ba69a9f9","Q",0,"Bacteria","Firmicutes","Desulfotomaculia","Desulfotomaculales","Pelotomaculaceae","Pelotomaculum",NA,300,NA,"Wolfe v3: went back to modified wolfe + EDTA and switched CuSO4 to CUCl2"
"7d537f12eaa3231c2c2b58b74901051c","Q",0,"Bacteria","Firmicutes","Clostridia","Peptococcales","Peptococcaceae","midas_g_3595","midas_s_91643",300,NA,"Wolfe v3: went back to modified wolfe + EDTA and switched CuSO4 to CUCl2"
"dd0416fffbca05a27400d18805e182d9","Q",0,"Bacteria","Firmicutes","Clostridia","Peptococcales","Peptococcaceae","midas_g_95534","midas_s_95534",300,NA,"Wolfe v3: went back to modified wolfe + EDTA and switched CuSO4 to CUCl2"
"fbea683698f9faa406733b0ef72a45b8","Q",0,"Bacteria","Firmicutes","Desulfitobacteriia","Desulfitobacteriales","TC1","midas_g_4464","midas_s_9054",300,NA,"Wolfe v3: went back to modified wolfe + EDTA and switched CuSO4 to CUCl2"
"462e7271eadc14fcbbd7f4fda8ca193a","Q",0,"Bacteria","Firmicutes",NA,NA,NA,NA,NA,300,NA,"Wolfe v3: went back to modified wolfe + EDTA and switched CuSO4 to CUCl2"
"868a2dd217365ddd6d6ab64d48aeed4a","Q",0,"Bacteria","Firmicutes",NA,NA,NA,NA,NA,300,NA,"Wolfe v3: went back to modified wolfe + EDTA and switched CuSO4 to CUCl2"
"4da01f6a9301d3de80e048625f9d352a","Q",0,"Bacteria","Firmicutes",NA,NA,NA,NA,NA,300,NA,"Wolfe v3: went back to modified wolfe + EDTA and switched CuSO4 to CUCl2"
"01b5383db868117f04bfd197603f736b","Q",0,"Bacteria","Firmicutes","Moorellia","Desulfitibacterales","Desulfitibacteraceae","Desulfitibacter",NA,300,NA,"Wolfe v3: went back to modified wolfe + EDTA and switched CuSO4 to CUCl2"
"643242de6c8b6447dd4187d002a08beb","Q",0,"Bacteria","Firmicutes","Moorellia","Desulfitibacterales","Desulfitibacteraceae","Desulfitibacter",NA,300,NA,"Wolfe v3: went back to modified wolfe + EDTA and switched CuSO4 to CUCl2"
"5177bd1019c0a59f8762ecb3f683babd","Q",0,"Bacteria","Firmicutes","Moorellia","Desulfitibacterales","Desulfitibacteraceae","Desulfitibacter","midas_s_115332",300,NA,"Wolfe v3: went back to modified wolfe + EDTA and switched CuSO4 to CUCl2"
"1ff5beccb7eb535d2fdcc1c7ce513ea5","Q",0,"Bacteria","Firmicutes","Moorellia","Desulfitibacterales","Desulfitibacteraceae","Desulfitibacter",NA,300,NA,"Wolfe v3: went back to modified wolfe + EDTA and switched CuSO4 to CUCl2"
"2db5ad6c3ba987db0d8d5ff958a3cf38","Q",0,"Bacteria","Firmicutes","Moorellia","Desulfitibacterales","Desulfitibacteraceae","Desulfitibacter","midas_s_115332",300,NA,"Wolfe v3: went back to modified wolfe + EDTA and switched CuSO4 to CUCl2"
"5d2bad7a7fe74a8b6a564a94eb9f0050","Q",0,"Bacteria","Firmicutes","Moorellia","Desulfitibacterales","Desulfitibacteraceae","Desulfitibacter",NA,300,NA,"Wolfe v3: went back to modified wolfe + EDTA and switched CuSO4 to CUCl2"
"1449d53a8ab97ad249f2332b5bd012b9","Q",0,"Bacteria","Firmicutes","Moorellia","Desulfitibacterales","Desulfitibacteraceae","Desulfitibacter","midas_s_114264",300,NA,"Wolfe v3: went back to modified wolfe + EDTA and switched CuSO4 to CUCl2"
"e8d0c712ad2ea5d27abd8b1e23eb6f7a","Q",0,"Bacteria","Firmicutes","Syntrophomonadia","Syntrophomonadales","Syntrophomonadaceae","midas_g_1312",NA,300,NA,"Wolfe v3: went back to modified wolfe + EDTA and switched CuSO4 to CUCl2"
"0bd4e9e692a18c6de4c1679291a3595a","Q",0,"Bacteria","Firmicutes","Syntrophomonadia","Syntrophomonadales","Syntrophomonadaceae","midas_g_1312",NA,300,NA,"Wolfe v3: went back to modified wolfe + EDTA and switched CuSO4 to CUCl2"
"015be9e29980c3340bc973769ffd53c5","Q",0,"Bacteria","Firmicutes","Syntrophomonadia","Syntrophomonadales","Syntrophomonadaceae","Syntrophomonas",NA,300,NA,"Wolfe v3: went back to modified wolfe + EDTA and switched CuSO4 to CUCl2"
"2b7ce440bd256b23d5e09f40e46698ad","Q",0,"Bacteria","Firmicutes","Syntrophomonadia","Syntrophomonadales","Syntrophomonadaceae","Syntrophomonas",NA,300,NA,"Wolfe v3: went back to modified wolfe + EDTA and switched CuSO4 to CUCl2"
"449442ea32d59c45c20f49095f206f1d","Q",0,"Bacteria","Firmicutes","Syntrophomonadia","Syntrophomonadales","Syntrophomonadaceae","Syntrophomonas","midas_s_90707",300,NA,"Wolfe v3: went back to modified wolfe + EDTA and switched CuSO4 to CUCl2"
"117d3b82912eec34fc2dd0e5e32afe1f","Q",0,"Bacteria","Firmicutes","Syntrophomonadia","Syntrophomonadales","Syntrophomonadaceae","Syntrophomonas",NA,300,NA,"Wolfe v3: went back to modified wolfe + EDTA and switched CuSO4 to CUCl2"
"b544934712491c579a6fc0437ffdeeca","Q",0,"Bacteria","Firmicutes","Syntrophomonadia","Syntrophomonadales","Syntrophomonadaceae","Syntrophomonas",NA,300,NA,"Wolfe v3: went back to modified wolfe + EDTA and switched CuSO4 to CUCl2"
"b757c414a3bc227758c09624ca177986","Q",0,"Bacteria","Firmicutes","Syntrophomonadia","Syntrophomonadales","Syntrophomonadaceae","Syntrophomonas",NA,300,NA,"Wolfe v3: went back to modified wolfe + EDTA and switched CuSO4 to CUCl2"
"705d47705664e0e9d6dd0e670d8c2081","Q",0,"Bacteria","Firmicutes","Syntrophomonadia","Syntrophomonadales","Syntrophomonadaceae","Syntrophomonas",NA,300,NA,"Wolfe v3: went back to modified wolfe + EDTA and switched CuSO4 to CUCl2"
"133665f9942b3d081efe500725f373da","Q",0,"Bacteria","Firmicutes","Syntrophomonadia","Syntrophomonadales","Syntrophomonadaceae","Syntrophomonas",NA,300,NA,"Wolfe v3: went back to modified wolfe + EDTA and switched CuSO4 to CUCl2"
"dee648358426ec8050d91246a7da2777","Q",0,"Bacteria","Firmicutes","Syntrophomonadia","Syntrophomonadales","Syntrophomonadaceae","Syntrophomonas",NA,300,NA,"Wolfe v3: went back to modified wolfe + EDTA and switched CuSO4 to CUCl2"
"d580dfb68684d8bcb4505d85be36a809","Q",0,"Bacteria","Firmicutes","Syntrophomonadia","Syntrophomonadales","Syntrophomonadaceae","Syntrophomonas",NA,300,NA,"Wolfe v3: went back to modified wolfe + EDTA and switched CuSO4 to CUCl2"
"e11faaea7fe3b63b13f607b41aea228a","Q",0,"Bacteria","Firmicutes","Syntrophomonadia","Syntrophomonadales","Syntrophomonadaceae","Syntrophomonas",NA,300,NA,"Wolfe v3: went back to modified wolfe + EDTA and switched CuSO4 to CUCl2"
"48a7ab8e593ebe5f41034be027c6be7e","Q",0,"Bacteria","Firmicutes","Syntrophomonadia","Syntrophomonadales","Syntrophomonadaceae","Syntrophomonas","midas_s_113453",300,NA,"Wolfe v3: went back to modified wolfe + EDTA and switched CuSO4 to CUCl2"
"07d5f956dc0652fbd2d22ea90b1bb136","Q",0,"Bacteria","Firmicutes","Syntrophomonadia","Syntrophomonadales","Syntrophomonadaceae","Syntrophomonas",NA,300,NA,"Wolfe v3: went back to modified wolfe + EDTA and switched CuSO4 to CUCl2"
"014f2ae2bd69cc0ab8e5ee1ca2963a01","Q",0,"Bacteria","Firmicutes","Syntrophomonadia","Syntrophomonadales","Syntrophomonadaceae","Syntrophomonas",NA,300,NA,"Wolfe v3: went back to modified wolfe + EDTA and switched CuSO4 to CUCl2"
"6c75ae436af6e5a1e5b5cdec03d1fd65","Q",0,"Bacteria","Firmicutes","Syntrophomonadia","Syntrophomonadales","Syntrophomonadaceae","Syntrophomonas",NA,300,NA,"Wolfe v3: went back to modified wolfe + EDTA and switched CuSO4 to CUCl2"
"39cac4a36166865b44a1420c2bd4569a","Q",0,"Bacteria","Firmicutes","Syntrophomonadia","Syntrophomonadales","Syntrophomonadaceae","Thermosyntropha","midas_s_118728",300,NA,"Wolfe v3: went back to modified wolfe + EDTA and switched CuSO4 to CUCl2"
"113b0d8ebf97fc5aba85fa06ecfdbb1a","Q",0,"Bacteria","Firmicutes","Syntrophomonadia","Syntrophomonadales","Syntrophomonadaceae",NA,NA,300,NA,"Wolfe v3: went back to modified wolfe + EDTA and switched CuSO4 to CUCl2"
"0a25bdc3567a1af9c215a6efaf816439","Q",0,"Bacteria","Firmicutes","Syntrophomonadia","Syntrophomonadales","Syntrophomonadaceae","Syntrophomonas",NA,300,NA,"Wolfe v3: went back to modified wolfe + EDTA and switched CuSO4 to CUCl2"
"b0c74390aa5ac540757eb2256575019e","Q",0,"Bacteria","Firmicutes","Syntrophomonadia","Syntrophomonadales","Syntrophomonadaceae","Syntrophomonas",NA,300,NA,"Wolfe v3: went back to modified wolfe + EDTA and switched CuSO4 to CUCl2"
"f9a66a17b5f9dce559c28ff645d872b3","Q",0,"Bacteria","Firmicutes","Syntrophomonadia","Syntrophomonadales","Syntrophomonadaceae","Syntrophomonas",NA,300,NA,"Wolfe v3: went back to modified wolfe + EDTA and switched CuSO4 to CUCl2"
"cae0d3b0980184e9483154fe9b393493","Q",0,"Bacteria","Firmicutes","Syntrophomonadia","Syntrophomonadales","Syntrophomonadaceae","Syntrophomonas",NA,300,NA,"Wolfe v3: went back to modified wolfe + EDTA and switched CuSO4 to CUCl2"
"b2df4752917d048ab824271c02ad68aa","Q",0,"Bacteria","Firmicutes","Syntrophomonadia","Syntrophomonadales","Syntrophomonadaceae","Syntrophomonas",NA,300,NA,"Wolfe v3: went back to modified wolfe + EDTA and switched CuSO4 to CUCl2"
"cb08126894ac0c8eeddc7b86d1ab1eb9","Q",0,"Bacteria","Firmicutes","Moorellia","Desulfitibacterales","Desulfitibacteraceae","Desulfitibacter",NA,300,NA,"Wolfe v3: went back to modified wolfe + EDTA and switched CuSO4 to CUCl2"
"9dbf6f8ac7171f579caa23498080e7ea","Q",0,"Bacteria","Firmicutes","Moorellia","Desulfitibacterales","Desulfitibacteraceae","midas_g_95399","midas_s_95399",300,NA,"Wolfe v3: went back to modified wolfe + EDTA and switched CuSO4 to CUCl2"
"5b6a595a6fc20f9f06cf625ed712d163","Q",0,"Bacteria","Firmicutes","Clostridia","Caldicoprobacterales","Caldicoprobacteraceae","Caldicoprobacter",NA,300,NA,"Wolfe v3: went back to modified wolfe + EDTA and switched CuSO4 to CUCl2"
"d5c1df7b4eb6d1dad40cfc965a64dc91","Q",0,"Bacteria","Firmicutes","Dethiobacteria","Dethiobacterales","Dethiobacteraceae",NA,NA,300,NA,"Wolfe v3: went back to modified wolfe + EDTA and switched CuSO4 to CUCl2"
"6075255b58efbd350ad34112f80f970a","Q",0,"Bacteria","Firmicutes","Dethiobacteria","Dethiobacterales","Dethiobacteraceae",NA,NA,300,NA,"Wolfe v3: went back to modified wolfe + EDTA and switched CuSO4 to CUCl2"
"d014102205e1a5fa0830e8f27b93270f","Q",0,"Bacteria","Firmicutes","Dethiobacteria","Dethiobacterales","Dethiobacteraceae",NA,NA,300,NA,"Wolfe v3: went back to modified wolfe + EDTA and switched CuSO4 to CUCl2"
"84bee12f9a868308b8d822a4791ff8b1","Q",0,"Bacteria","Firmicutes","Dethiobacteria","Dethiobacterales","Dethiobacteraceae","Dethiobacter",NA,300,NA,"Wolfe v3: went back to modified wolfe + EDTA and switched CuSO4 to CUCl2"
"40f33a63b1b706f8fee517f9f6f6d367","Q",0,"Bacteria","Firmicutes","Dethiobacteria","Dethiobacterales","Dethiobacteraceae","Dethiobacter",NA,300,NA,"Wolfe v3: went back to modified wolfe + EDTA and switched CuSO4 to CUCl2"
"6d9f5e802552ba002b8efdef2f9bbfec","Q",0,"Bacteria","Firmicutes","Dethiobacteria","Dethiobacterales","Dethiobacteraceae","Dethiobacter",NA,300,NA,"Wolfe v3: went back to modified wolfe + EDTA and switched CuSO4 to CUCl2"
"b7bc2902499297dc5de20e8748a42d33","Q",0,"Bacteria","Firmicutes","Dethiobacteria","Dethiobacterales","Dethiobacteraceae","Dethiobacter",NA,300,NA,"Wolfe v3: went back to modified wolfe + EDTA and switched CuSO4 to CUCl2"
"92cb433f34320956950648a61a61e395","Q",0,"Bacteria","Firmicutes","Dethiobacteria","Dethiobacterales","Dethiobacteraceae","Dethiobacter",NA,300,NA,"Wolfe v3: went back to modified wolfe + EDTA and switched CuSO4 to CUCl2"
"82fc6e36dd2370048db2e2b7f02fd189","Q",0,"Bacteria","Firmicutes","Dethiobacteria","Dethiobacterales","Dethiobacteraceae","Dethiobacter",NA,300,NA,"Wolfe v3: went back to modified wolfe + EDTA and switched CuSO4 to CUCl2"
"e21f14506da976def600538a8f860f0b","Q",0,"Bacteria","Firmicutes","Dethiobacteria","Dethiobacterales","Dethiobacteraceae","Dethiobacter",NA,300,NA,"Wolfe v3: went back to modified wolfe + EDTA and switched CuSO4 to CUCl2"
"2ac77d9e71c04c362eb0b22647bc57f5","Q",0,"Bacteria","Firmicutes","Dethiobacteria","Dethiobacterales","Dethiobacteraceae","Dethiobacter",NA,300,NA,"Wolfe v3: went back to modified wolfe + EDTA and switched CuSO4 to CUCl2"
"e469b851eb487386da166f1f8b20a40f","Q",0,"Bacteria","Firmicutes","Dethiobacteria","Dethiobacterales","Dethiobacteraceae","Dethiobacter","midas_s_115353",300,NA,"Wolfe v3: went back to modified wolfe + EDTA and switched CuSO4 to CUCl2"
"aca75c6d71a8933275a447e83269faba","Q",0,"Bacteria","Firmicutes","Dethiobacteria","Dethiobacterales","Dethiobacteraceae","Dethiobacter",NA,300,NA,"Wolfe v3: went back to modified wolfe + EDTA and switched CuSO4 to CUCl2"
"3d94d8b70e7c5bf96bbb6b29f432ec1b","Q",0,"Bacteria","Firmicutes","Dethiobacteria","Dethiobacterales","Dethiobacteraceae","Dethiobacter",NA,300,NA,"Wolfe v3: went back to modified wolfe + EDTA and switched CuSO4 to CUCl2"
"afadb45931725b52385058d29f76447e","Q",0,"Bacteria","Firmicutes","Dethiobacteria","Dethiobacterales","Dethiobacteraceae","Dethiobacter",NA,300,NA,"Wolfe v3: went back to modified wolfe + EDTA and switched CuSO4 to CUCl2"
"431f2ccf07657913dc86d93668a91e9c","Q",0,"Bacteria","Firmicutes","Dethiobacteria","Dethiobacterales","Dethiobacteraceae","Dethiobacter",NA,300,NA,"Wolfe v3: went back to modified wolfe + EDTA and switched CuSO4 to CUCl2"
"b022522a963a8f8fa28d9d2fc3344e87","Q",0,"Bacteria","Firmicutes","Dethiobacteria","Dethiobacterales","Dethiobacteraceae","Dethiobacter",NA,300,NA,"Wolfe v3: went back to modified wolfe + EDTA and switched CuSO4 to CUCl2"
"3ccbd454b224dc84efdde550255ca527","Q",0,"Bacteria","Firmicutes","Dethiobacteria","Dethiobacterales","Dethiobacteraceae","midas_g_9172","midas_s_9172",300,NA,"Wolfe v3: went back to modified wolfe + EDTA and switched CuSO4 to CUCl2"
"99b446af7d82c16878fe433d7f2e23e7","Q",0,"Bacteria","Firmicutes","Dethiobacteria","Dethiobacterales","Dethiobacteraceae","midas_g_113653","midas_s_113653",300,NA,"Wolfe v3: went back to modified wolfe + EDTA and switched CuSO4 to CUCl2"
"b7533224f1ef2f4739006dd83c6bf4d2","Q",0,"Bacteria","Firmicutes","Dethiobacteria","Dethiobacterales","Dethiobacteraceae",NA,NA,300,NA,"Wolfe v3: went back to modified wolfe + EDTA and switched CuSO4 to CUCl2"
"40870adeb00d39b72fbca1d2be29ab07","Q",0,"Bacteria","Firmicutes","Dethiobacteria","Dethiobacterales","Dethiobacteraceae","midas_g_115459","midas_s_115459",300,NA,"Wolfe v3: went back to modified wolfe + EDTA and switched CuSO4 to CUCl2"
"c797aedcc1b7855b7af687d34a0998d7","Q",0,"Bacteria","Firmicutes","Dethiobacteria","Dethiobacterales","Dethiobacteraceae","midas_g_101661",NA,300,NA,"Wolfe v3: went back to modified wolfe + EDTA and switched CuSO4 to CUCl2"
"0e50bf3eae192d3ce32f00a74ffb97e3","Q",0,"Bacteria","Firmicutes","Dethiobacteria","Dethiobacterales","Dethiobacteraceae","midas_g_101467","midas_s_118673",300,NA,"Wolfe v3: went back to modified wolfe + EDTA and switched CuSO4 to CUCl2"
"e17dcd58f6ca08bacf65afcde751be53","Q",0,"Bacteria","Firmicutes","Dethiobacteria","Dethiobacterales","Dethiobacteraceae",NA,NA,300,NA,"Wolfe v3: went back to modified wolfe + EDTA and switched CuSO4 to CUCl2"
"d79b4530e47feda71be7e93aa663f0b0","Q",0,"Bacteria","Firmicutes","Dethiobacteria","Dethiobacterales","Dethiobacteraceae",NA,NA,300,NA,"Wolfe v3: went back to modified wolfe + EDTA and switched CuSO4 to CUCl2"
"1d837cc6d80881adecbb106f01c1b042","Q",0,"Bacteria","Firmicutes","Dethiobacteria","Dethiobacterales","Dethiobacteraceae","midas_g_101467","midas_s_118673",300,NA,"Wolfe v3: went back to modified wolfe + EDTA and switched CuSO4 to CUCl2"
"c66eb033bf0d849bf345c2a07db3727e","Q",0,"Bacteria","Firmicutes","Dethiobacteria","Dethiobacterales","Dethiobacteraceae","midas_g_101467","midas_s_118673",300,NA,"Wolfe v3: went back to modified wolfe + EDTA and switched CuSO4 to CUCl2"
"c9e59947328c667e941ac56abed5c99f","Q",0,"Bacteria","Firmicutes","Dethiobacteria","Dethiobacterales","Dethiobacteraceae","midas_g_101467","midas_s_118673",300,NA,"Wolfe v3: went back to modified wolfe + EDTA and switched CuSO4 to CUCl2"
"04e715f54c06e9ccf25afba02b343b5c","Q",0,"Bacteria","Firmicutes","Dethiobacteria","Dethiobacterales","Dethiobacteraceae","midas_g_7","midas_s_113288",300,NA,"Wolfe v3: went back to modified wolfe + EDTA and switched CuSO4 to CUCl2"
"07e00e1bcc9d9a3c50591f721785e591","Q",0,"Bacteria","Firmicutes","Dethiobacteria","Dethiobacterales","Dethiobacteraceae",NA,NA,300,NA,"Wolfe v3: went back to modified wolfe + EDTA and switched CuSO4 to CUCl2"
"faea8df7b37bdc2fd653a1c156baf7db","Q",0,"Bacteria","Firmicutes","Dethiobacteria","Dethiobacterales","Dethiobacteraceae",NA,NA,300,NA,"Wolfe v3: went back to modified wolfe + EDTA and switched CuSO4 to CUCl2"
"43a837e225147b88f58a65ccc8412c7c","Q",0,"Bacteria","Firmicutes","Dethiobacteria","Dethiobacterales","Dethiobacteraceae",NA,NA,300,NA,"Wolfe v3: went back to modified wolfe + EDTA and switched CuSO4 to CUCl2"
"915047629ceb2cfb1fb1d4ff467c9002","Q",0,"Bacteria","Firmicutes","Dethiobacteria","Dethiobacterales","Dethiobacteraceae","midas_g_4381",NA,300,NA,"Wolfe v3: went back to modified wolfe + EDTA and switched CuSO4 to CUCl2"
"40dc5c18cc4351517876235855be9721","Q",0,"Bacteria","Firmicutes","Dethiobacteria","Dethiobacterales","Dethiobacteraceae","Dethiobacter",NA,300,NA,"Wolfe v3: went back to modified wolfe + EDTA and switched CuSO4 to CUCl2"
"92cb26786c713a9a22e36dc8c8913a44","Q",0,"Bacteria","Firmicutes","Dethiobacteria","Dethiobacterales","Dethiobacteraceae",NA,NA,300,NA,"Wolfe v3: went back to modified wolfe + EDTA and switched CuSO4 to CUCl2"
"0ca6969eac50942ccc0687eb855a0d79","Q",0,"Bacteria","Firmicutes","Dethiobacteria","Dethiobacterales","Dethiobacteraceae","midas_g_114992","midas_s_114992",300,NA,"Wolfe v3: went back to modified wolfe + EDTA and switched CuSO4 to CUCl2"
"8ca8a2ee539e5a54b184bbf80e861033","Q",0,"Bacteria","Firmicutes","Dethiobacteria","Dethiobacterales","Dethiobacteraceae","midas_g_114992","midas_s_114992",300,NA,"Wolfe v3: went back to modified wolfe + EDTA and switched CuSO4 to CUCl2"
"ee00e22b5b23fa6d7e2502177a8a70c7","Q",0,"Bacteria","Firmicutes","Dethiobacteria","Dethiobacterales","Dethiobacteraceae","midas_g_114992","midas_s_114992",300,NA,"Wolfe v3: went back to modified wolfe + EDTA and switched CuSO4 to CUCl2"
"81658f20c85c240a8529c9f65f993851","Q",0,"Bacteria","Firmicutes","Dethiobacteria","Dethiobacterales","Dethiobacteraceae","midas_g_114992","midas_s_114992",300,NA,"Wolfe v3: went back to modified wolfe + EDTA and switched CuSO4 to CUCl2"
"23f3e8af4976b7963035af445f28e69e","Q",0,"Bacteria","Firmicutes","Dethiobacteria","Dethiobacterales","Dethiobacteraceae","midas_g_114992","midas_s_114992",300,NA,"Wolfe v3: went back to modified wolfe + EDTA and switched CuSO4 to CUCl2"
"a73d6b4ed74fd4af4a3c77ef62e48ec5","Q",0,"Bacteria","Firmicutes","Dethiobacteria","Dethiobacterales","Dethiobacteraceae","midas_g_114992","midas_s_114992",300,NA,"Wolfe v3: went back to modified wolfe + EDTA and switched CuSO4 to CUCl2"
"c70fe7d64a90f53b96f959c4469709ac","Q",0,"Bacteria","Firmicutes","Dethiobacteria","Dethiobacterales","Dethiobacteraceae","midas_g_114992","midas_s_114992",300,NA,"Wolfe v3: went back to modified wolfe + EDTA and switched CuSO4 to CUCl2"
"66a02ed3c1738629e43ea7ca4005dafa","Q",0,"Bacteria","Firmicutes","Clostridia","Clostridiales","Oxobacteraceae",NA,NA,300,NA,"Wolfe v3: went back to modified wolfe + EDTA and switched CuSO4 to CUCl2"
"46106a1395497d731c64d8d5b56c3771","Q",0,"Bacteria","Firmicutes","Clostridia","Clostridiales","Oxobacteraceae",NA,NA,300,NA,"Wolfe v3: went back to modified wolfe + EDTA and switched CuSO4 to CUCl2"
"ec0ca50d7a1c6ee56a7ed9d776d9c0d1","Q",0,"Bacteria","Firmicutes","Clostridia","Clostridiales","Oxobacteraceae",NA,NA,300,NA,"Wolfe v3: went back to modified wolfe + EDTA and switched CuSO4 to CUCl2"
"be2d073abdb45af47fc76fa5752fb3f5","Q",0,"Bacteria","Firmicutes","Clostridia","Clostridiales","Oxobacteraceae",NA,NA,300,NA,"Wolfe v3: went back to modified wolfe + EDTA and switched CuSO4 to CUCl2"
"68c7aa8355d0b7c6e75c67d5df51d569","Q",0,"Bacteria","Firmicutes","Clostridia","Clostridiales","Caloramatoraceae","Thermobrachium","midas_s_80039",300,NA,"Wolfe v3: went back to modified wolfe + EDTA and switched CuSO4 to CUCl2"
"6beaf7c505778021c6d149ffc3a6d02d","Q",0,"Bacteria","Firmicutes","Clostridia","Clostridiales","Caloramatoraceae","Thermobrachium","midas_s_80039",300,NA,"Wolfe v3: went back to modified wolfe + EDTA and switched CuSO4 to CUCl2"
"abe0e2740f8459c2e33550945597567d","Q",0,"Bacteria","Firmicutes","Clostridia","Clostridiales","Caloramatoraceae","midas_g_19829","midas_s_98582",300,NA,"Wolfe v3: went back to modified wolfe + EDTA and switched CuSO4 to CUCl2"
"8b0ebd33e66653c42aa292e40bf6291c","Q",0,"Bacteria","Firmicutes","Clostridia","Clostridiales","Caloramatoraceae","Fonticella",NA,300,NA,"Wolfe v3: went back to modified wolfe + EDTA and switched CuSO4 to CUCl2"
"df718da3c7d5615d6f30a415de90fea7","Q",0,"Bacteria","Firmicutes","Clostridia","Clostridiales","Caloramatoraceae","Fonticella","midas_s_70732",300,NA,"Wolfe v3: went back to modified wolfe + EDTA and switched CuSO4 to CUCl2"
"b21e9a2a1e6186cdab5d075a2e3bdeba","Q",0,"Bacteria","Firmicutes","Clostridia","Clostridiales","Caloramatoraceae","Fonticella","midas_s_119527",300,NA,"Wolfe v3: went back to modified wolfe + EDTA and switched CuSO4 to CUCl2"
"09eb2ace0ecf6426286819c37b4010e0","Q",0,"Bacteria","Firmicutes","Clostridia","Clostridiales",NA,NA,NA,300,NA,"Wolfe v3: went back to modified wolfe + EDTA and switched CuSO4 to CUCl2"
"0a57a465cfa8639424b461d0dbc7ed66","Q",0,"Bacteria","Firmicutes","Clostridia","Clostridiales","Clostridiaceae","Proteiniclasticum",NA,300,NA,"Wolfe v3: went back to modified wolfe + EDTA and switched CuSO4 to CUCl2"
"e9e060e5e0e46911cad92b8292aeefd7","Q",0,"Bacteria","Firmicutes","Clostridia","Clostridiales","Clostridiaceae","Proteiniclasticum","Proteiniclasticum_ruminis",300,NA,"Wolfe v3: went back to modified wolfe + EDTA and switched CuSO4 to CUCl2"
"9874202de61384a91f48d042f2ccafbc","Q",0,"Bacteria","Firmicutes","Clostridia","Clostridiales","Clostridiaceae","Proteiniclasticum",NA,300,NA,"Wolfe v3: went back to modified wolfe + EDTA and switched CuSO4 to CUCl2"
"af62b8aa99dba188ac2f26d05dff89d1","Q",0,"Bacteria","Firmicutes","Clostridia","Clostridiales","Clostridiaceae","midas_g_1220","midas_s_84584",300,NA,"Wolfe v3: went back to modified wolfe + EDTA and switched CuSO4 to CUCl2"
"ca7dd43ffcedbade1adc51132a0deec1","Q",0,"Bacteria","Firmicutes","Clostridia","Clostridiales","Clostridiaceae","Proteiniclasticum","midas_s_23331",300,NA,"Wolfe v3: went back to modified wolfe + EDTA and switched CuSO4 to CUCl2"
"49eabe5ac42dea1466d651d64825b6c6","Q",0,"Bacteria","Firmicutes","Clostridia","Clostridiales","Clostridiaceae","Proteiniclasticum","midas_s_140",300,NA,"Wolfe v3: went back to modified wolfe + EDTA and switched CuSO4 to CUCl2"
"7bee0db5d6c5c416f00bf1e6faffc9a8","Q",0,"Bacteria","Firmicutes","Clostridia","Clostridiales","Clostridiaceae","Proteiniclasticum","midas_s_15884",300,NA,"Wolfe v3: went back to modified wolfe + EDTA and switched CuSO4 to CUCl2"
"4ce8113a40dc776a5daa50784544c8b8","Q",0,"Bacteria","Firmicutes","Clostridia","Clostridiales","Clostridiaceae","Clostridium_sensu_stricto_7",NA,300,NA,"Wolfe v3: went back to modified wolfe + EDTA and switched CuSO4 to CUCl2"
"373d9c7b19e02b42024ac7d4b55dd1a8","Q",0,"Bacteria","Firmicutes","Clostridia","Clostridiales","Clostridiaceae","Clostridium_sensu_stricto_7","midas_s_37062",300,NA,"Wolfe v3: went back to modified wolfe + EDTA and switched CuSO4 to CUCl2"
"13c192d50cff7e65ab17657c4769d790","Q",0,"Bacteria","Firmicutes","Clostridia","Clostridiales","Clostridiaceae","Clostridium_sensu_stricto_13",NA,300,NA,"Wolfe v3: went back to modified wolfe + EDTA and switched CuSO4 to CUCl2"
"472fdc0687378563f0c9da6da7638e1a","Q",0,"Bacteria","Firmicutes","Clostridia","Clostridiales","Clostridiaceae","Clostridium_sensu_stricto_13","midas_s_88977",300,NA,"Wolfe v3: went back to modified wolfe + EDTA and switched CuSO4 to CUCl2"
"caddc7c3f8e30f2e74778fca73689c4b","Q",0,"Bacteria","Firmicutes","Clostridia","Clostridiales","Clostridiaceae",NA,NA,300,NA,"Wolfe v3: went back to modified wolfe + EDTA and switched CuSO4 to CUCl2"
"91f0e5c44114d5c9a43a1eec10154a17","Q",0,"Bacteria","Firmicutes","Clostridia","Clostridiales","Clostridiaceae","Clostridium_sensu_stricto_12",NA,300,NA,"Wolfe v3: went back to modified wolfe + EDTA and switched CuSO4 to CUCl2"
"50bef0776b442d38fe4de5a83b9187a8","Q",0,"Bacteria","Firmicutes","Clostridia","Clostridiales","Clostridiaceae","Clostridium_sensu_stricto_11","Clostridium_senegalense",300,NA,"Wolfe v3: went back to modified wolfe + EDTA and switched CuSO4 to CUCl2"
"4b3f93408aee639f8a0d3499050b9ff3","Q",0,"Bacteria","Firmicutes","Clostridia","Clostridiales","Clostridiaceae","Clostridium_sensu_stricto_9","midas_s_86309",300,NA,"Wolfe v3: went back to modified wolfe + EDTA and switched CuSO4 to CUCl2"
"ba7e734314ca58b585509a99c1dc8f97","Q",0,"Bacteria","Firmicutes","Clostridia","Clostridiales","Clostridiaceae",NA,NA,300,NA,"Wolfe v3: went back to modified wolfe + EDTA and switched CuSO4 to CUCl2"
"75d80c6719572b77733668a43dddaa60","Q",0,"Bacteria","Firmicutes","Clostridia","Clostridiales","Clostridiaceae","Clostridium_sensu_stricto_2","Clostridium_frigidicarnis",300,NA,"Wolfe v3: went back to modified wolfe + EDTA and switched CuSO4 to CUCl2"
"5c9fb7a940057c1f9f962c0feb1bab79","Q",0,"Bacteria","Firmicutes","Clostridia","Clostridiales","Clostridiaceae",NA,NA,300,NA,"Wolfe v3: went back to modified wolfe + EDTA and switched CuSO4 to CUCl2"
"49196b1aebe801d08aeafc3c6ee37b63","Q",0,"Bacteria","Firmicutes","Clostridia","Clostridiales","Clostridiaceae",NA,NA,300,NA,"Wolfe v3: went back to modified wolfe + EDTA and switched CuSO4 to CUCl2"
"d3156233792852376762d588f607ac71","Q",0,"Bacteria","Firmicutes","Clostridia","Clostridiales","Clostridiaceae","Clostridium_sensu_stricto_5","midas_s_102242",300,NA,"Wolfe v3: went back to modified wolfe + EDTA and switched CuSO4 to CUCl2"
"2fab6fd26dd55de5095ef7e45c45017b","Q",0,"Bacteria","Firmicutes","Clostridia","Clostridiales","Clostridiaceae","Clostridium_sensu_stricto_4","midas_s_78788",300,NA,"Wolfe v3: went back to modified wolfe + EDTA and switched CuSO4 to CUCl2"
"648e7c40b893d19a0a37273a6e507e90","Q",0,"Bacteria","Firmicutes","Clostridia","Clostridiales","Clostridiaceae","Clostridium_sensu_stricto_5","midas_s_102242",300,NA,"Wolfe v3: went back to modified wolfe + EDTA and switched CuSO4 to CUCl2"
"4c41a7fd62f9ed9348949825d0bd354c","Q",0,"Bacteria","Firmicutes","Clostridia","Clostridiales","Clostridiaceae","Clostridium_sensu_stricto_13",NA,300,NA,"Wolfe v3: went back to modified wolfe + EDTA and switched CuSO4 to CUCl2"
"75dd0ee2682cb0bf3146f334b0c41c93","Q",0,"Bacteria","Firmicutes","Clostridia","Clostridiales","Clostridiaceae",NA,NA,300,NA,"Wolfe v3: went back to modified wolfe + EDTA and switched CuSO4 to CUCl2"
"55c520d7fe25c3a704fca36f36fde991","Q",0,"Bacteria","Firmicutes","Clostridia","Clostridiales","Clostridiaceae",NA,NA,300,NA,"Wolfe v3: went back to modified wolfe + EDTA and switched CuSO4 to CUCl2"
"60da7a21ae2997bc70a9730fd8151a29","Q",0,"Bacteria","Firmicutes","Clostridia","Clostridiales","Clostridiaceae","Clostridium_sensu_stricto_13",NA,300,NA,"Wolfe v3: went back to modified wolfe + EDTA and switched CuSO4 to CUCl2"
"4f4dc6bfd6d1b43335fe96fd6eb3e297","Q",0,"Bacteria","Firmicutes","Clostridia","Clostridiales","Clostridiaceae","Clostridium_sensu_stricto_5","midas_s_102242",300,NA,"Wolfe v3: went back to modified wolfe + EDTA and switched CuSO4 to CUCl2"
"1351e87aa6c89a114e5104be8fe7c817","Q",0,"Bacteria","Firmicutes","Clostridia","Clostridiales","Clostridiaceae","Clostridium_sensu_stricto_1","midas_s_57494",300,NA,"Wolfe v3: went back to modified wolfe + EDTA and switched CuSO4 to CUCl2"
"c667b7a7367b1dbad8a24df3fef9441a","Q",0,"Bacteria","Firmicutes","Clostridia","Clostridiales","Clostridiaceae","Clostridium_sensu_stricto_1","midas_s_48014",300,NA,"Wolfe v3: went back to modified wolfe + EDTA and switched CuSO4 to CUCl2"
"9298ac3ee3ca7f2d3eb2fcd739324462","Q",0,"Bacteria","Firmicutes","Clostridia","Clostridiales","Clostridiaceae","Clostridium_sensu_stricto_1",NA,300,NA,"Wolfe v3: went back to modified wolfe + EDTA and switched CuSO4 to CUCl2"
"dd845f9a83e4214b3e9e1a1ead34f609","Q",0,"Bacteria","Firmicutes","Clostridia","Clostridiales","Clostridiaceae","Clostridium_sensu_stricto_1","midas_s_3972",300,NA,"Wolfe v3: went back to modified wolfe + EDTA and switched CuSO4 to CUCl2"
"2b335f368deba69c6c95c18da31dc5f4","Q",0,"Bacteria","Firmicutes","Clostridia","Clostridiales","Clostridiaceae","Clostridium_sensu_stricto_1",NA,300,NA,"Wolfe v3: went back to modified wolfe + EDTA and switched CuSO4 to CUCl2"
"f2cd13764c9588bd921f3a53138830da","Q",0,"Bacteria","Firmicutes","Clostridia","Clostridiales","Clostridiaceae","Clostridium_sensu_stricto_1",NA,300,NA,"Wolfe v3: went back to modified wolfe + EDTA and switched CuSO4 to CUCl2"
"6c1758cff014a807d58bd737c76ec233","Q",0,"Bacteria","Firmicutes","Clostridia","Clostridiales","Clostridiaceae","Clostridium_sensu_stricto_1",NA,300,NA,"Wolfe v3: went back to modified wolfe + EDTA and switched CuSO4 to CUCl2"
"021debed55af14cc6451649e0fcd3ad0","Q",0,"Bacteria","Firmicutes","Clostridia","Clostridiales","Clostridiaceae","Sarcina","midas_s_5087",300,NA,"Wolfe v3: went back to modified wolfe + EDTA and switched CuSO4 to CUCl2"
"283755ba25c1e02155384ef6f268c2ae","Q",0,"Bacteria","Firmicutes","Clostridia","Clostridiales","Clostridiaceae","Clostridium_sensu_stricto_1","Clostridium_perfringens",300,NA,"Wolfe v3: went back to modified wolfe + EDTA and switched CuSO4 to CUCl2"
"8f41bea56ea28ecfb10b1e83a77ff160","Q",0,"Bacteria","Firmicutes","Clostridia","Clostridiales","Clostridiaceae","Clostridium_sensu_stricto_1","midas_s_56699",300,NA,"Wolfe v3: went back to modified wolfe + EDTA and switched CuSO4 to CUCl2"
"e75112095b671ec01db52f4beeb04879","Q",0,"Bacteria","Firmicutes","Clostridia","Christensenellales","Christensenellaceae","Christensenellaceae_R-7_group","midas_s_47352",300,NA,"Wolfe v3: went back to modified wolfe + EDTA and switched CuSO4 to CUCl2"
"d42056f27a6c002a2241048c320f9aa8","Q",0,"Bacteria","Firmicutes","Clostridia","Christensenellales","Christensenellaceae","Christensenellaceae_R-7_group","midas_s_43915",300,NA,"Wolfe v3: went back to modified wolfe + EDTA and switched CuSO4 to CUCl2"
"d62995b61a683553373d223efcb7aeaf","Q",0,"Bacteria","Firmicutes","Clostridia","Christensenellales","Christensenellaceae","Christensenellaceae_R-7_group","midas_s_2559",300,NA,"Wolfe v3: went back to modified wolfe + EDTA and switched CuSO4 to CUCl2"
"563814b59f2c0241d0cdec1b99b7f781","Q",0,"Bacteria","Firmicutes","Clostridia","Christensenellales","Christensenellaceae","Christensenellaceae_R-7_group","midas_s_4489",300,NA,"Wolfe v3: went back to modified wolfe + EDTA and switched CuSO4 to CUCl2"
"3890b069eb54ede0917072f32a071c12","Q",0,"Bacteria","Firmicutes","Clostridia","Christensenellales","Christensenellaceae","Christensenellaceae_R-7_group","midas_s_7695",300,NA,"Wolfe v3: went back to modified wolfe + EDTA and switched CuSO4 to CUCl2"
"08beb3b3788f0fb047aa7b0b035a64a6","Q",0,"Bacteria","Firmicutes","Clostridia","Christensenellales","Christensenellaceae","Christensenellaceae_R-7_group",NA,300,NA,"Wolfe v3: went back to modified wolfe + EDTA and switched CuSO4 to CUCl2"
"7e87704cad17d9767ed0a558cf847a28","Q",0,"Bacteria","Firmicutes","Clostridia","Christensenellales","Christensenellaceae","Christensenellaceae_R-7_group","midas_s_9511",300,NA,"Wolfe v3: went back to modified wolfe + EDTA and switched CuSO4 to CUCl2"
"f86e4e85aad39b874e531be8848dcb97","Q",0,"Bacteria","Firmicutes","Clostridia","Christensenellales","Christensenellaceae","Christensenellaceae_R-7_group",NA,300,NA,"Wolfe v3: went back to modified wolfe + EDTA and switched CuSO4 to CUCl2"
"2d2be8e2152e95e0f171c4b66568e6f9","Q",0,"Bacteria","Firmicutes","Clostridia","Christensenellales","Christensenellaceae","Christensenellaceae_R-7_group",NA,300,NA,"Wolfe v3: went back to modified wolfe + EDTA and switched CuSO4 to CUCl2"
"fce18edf79b54a689065dd7c2dcc5def","Q",0,"Bacteria","Firmicutes","Clostridia","Christensenellales","Christensenellaceae","Christensenellaceae_R-7_group","midas_s_47390",300,NA,"Wolfe v3: went back to modified wolfe + EDTA and switched CuSO4 to CUCl2"
"fbb4d97e016a3fae74e1e3b81805e48e","Q",0,"Bacteria","Firmicutes","Clostridia","Christensenellales","Christensenellaceae","Christensenellaceae_R-7_group","midas_s_47390",300,NA,"Wolfe v3: went back to modified wolfe + EDTA and switched CuSO4 to CUCl2"
"3d2934799990a0d03a472740c51dcbb9","Q",0,"Bacteria","Firmicutes","Clostridia","Christensenellales","Christensenellaceae","Christensenellaceae_R-7_group",NA,300,NA,"Wolfe v3: went back to modified wolfe + EDTA and switched CuSO4 to CUCl2"
"36932f198f0d72739c13f82998a6364d","Q",0,"Bacteria","Firmicutes","Clostridia","Christensenellales","Christensenellaceae","Christensenellaceae_R-7_group","midas_s_56200",300,NA,"Wolfe v3: went back to modified wolfe + EDTA and switched CuSO4 to CUCl2"
"b9d27d1dc44fea66778479161f6ed7c6","Q",0,"Bacteria","Firmicutes","Clostridia","Christensenellales","Christensenellaceae","Christensenellaceae_R-7_group","midas_s_54958",300,NA,"Wolfe v3: went back to modified wolfe + EDTA and switched CuSO4 to CUCl2"
"f94941df072a2ce7df898dbbc4971c45","Q",0,"Bacteria","Firmicutes","Clostridia","Christensenellales","Christensenellaceae","Christensenellaceae_R-7_group","midas_s_2246",300,NA,"Wolfe v3: went back to modified wolfe + EDTA and switched CuSO4 to CUCl2"
"07aff16bdfb251a445d0583df066658e","Q",0,"Bacteria","Firmicutes","Clostridia","Christensenellales","Christensenellaceae","Christensenellaceae_R-7_group",NA,300,NA,"Wolfe v3: went back to modified wolfe + EDTA and switched CuSO4 to CUCl2"
"cf9d6956cc5e9b057171f8ba480e6fbf","Q",0,"Bacteria","Firmicutes","Clostridia","Christensenellales","Christensenellaceae","Christensenellaceae_R-7_group","midas_s_120291",300,NA,"Wolfe v3: went back to modified wolfe + EDTA and switched CuSO4 to CUCl2"
"0c3fbf81fa504f4fc2603e504474a1bf","Q",0,"Bacteria","Firmicutes","Clostridia","Christensenellales","Christensenellaceae","Christensenellaceae_R-7_group","midas_s_72663",300,NA,"Wolfe v3: went back to modified wolfe + EDTA and switched CuSO4 to CUCl2"
"96081852258501d40fba8d2ddf0541ac","Q",0,"Bacteria","Firmicutes","Clostridia","Christensenellales","Christensenellaceae","Christensenellaceae_R-7_group",NA,300,NA,"Wolfe v3: went back to modified wolfe + EDTA and switched CuSO4 to CUCl2"
"7e19fffce24aab1692689a26dff5f328","Q",0,"Bacteria","Firmicutes","Clostridia","Christensenellales","Christensenellaceae","Christensenellaceae_R-7_group",NA,300,NA,"Wolfe v3: went back to modified wolfe + EDTA and switched CuSO4 to CUCl2"
"2a259a83523139e7d1a7dbd894e2ae4d","Q",0,"Bacteria","Firmicutes","Clostridia","Christensenellales","Christensenellaceae",NA,NA,300,NA,"Wolfe v3: went back to modified wolfe + EDTA and switched CuSO4 to CUCl2"
"42bdb37eaf4585993d2dadc410341bfc","Q",0,"Bacteria","Firmicutes","Clostridia","Christensenellales","Christensenellaceae","Christensenellaceae_R-7_group",NA,300,NA,"Wolfe v3: went back to modified wolfe + EDTA and switched CuSO4 to CUCl2"
"712f87f5d819a247fd620da2e5d1ba23","Q",0,"Bacteria","Firmicutes","Clostridia","Christensenellales","Christensenellaceae","Christensenellaceae_R-7_group",NA,300,NA,"Wolfe v3: went back to modified wolfe + EDTA and switched CuSO4 to CUCl2"
"c2d746ce5aed150d6696eed8143ec2c7","Q",0,"Bacteria","Firmicutes","Clostridia","Christensenellales","Christensenellaceae","Christensenellaceae_R-7_group",NA,300,NA,"Wolfe v3: went back to modified wolfe + EDTA and switched CuSO4 to CUCl2"
"60afbfee9ee6fb92816d66611d1ffb57","Q",0,"Bacteria","Firmicutes","Clostridia","Christensenellales","Christensenellaceae","Christensenellaceae_R-7_group",NA,300,NA,"Wolfe v3: went back to modified wolfe + EDTA and switched CuSO4 to CUCl2"
"742bfc36f3a40d87bc080ab54fdf0b05","Q",0,"Bacteria","Firmicutes","Clostridia","Christensenellales","Christensenellaceae","Christensenellaceae_R-7_group",NA,300,NA,"Wolfe v3: went back to modified wolfe + EDTA and switched CuSO4 to CUCl2"
"b78bdac2d66434f67db2a71b6f893639","Q",0,"Bacteria","Firmicutes","Clostridia","Christensenellales","Christensenellaceae","Christensenellaceae_R-7_group","midas_s_54",300,NA,"Wolfe v3: went back to modified wolfe + EDTA and switched CuSO4 to CUCl2"
"eaa037ee5d32a43f07a4cbfaf7080884","Q",0,"Bacteria","Firmicutes","Clostridia","Christensenellales","Christensenellaceae","Christensenellaceae_R-7_group",NA,300,NA,"Wolfe v3: went back to modified wolfe + EDTA and switched CuSO4 to CUCl2"
"870ed496f1d2c0a854ad1f59b3df7224","Q",0,"Bacteria","Firmicutes","Clostridia","Christensenellales","Christensenellaceae","Christensenellaceae_R-7_group","midas_s_114723",300,NA,"Wolfe v3: went back to modified wolfe + EDTA and switched CuSO4 to CUCl2"
"cf5a736328e34ae09ad43b76da30ed99","Q",0,"Bacteria","Firmicutes","Clostridia","Christensenellales","Christensenellaceae","Christensenellaceae_R-7_group",NA,300,NA,"Wolfe v3: went back to modified wolfe + EDTA and switched CuSO4 to CUCl2"
"e7fedde48db99c6379c14aea36d0e5d2","Q",0,"Bacteria","Firmicutes","Clostridia","Christensenellales","Christensenellaceae",NA,NA,300,NA,"Wolfe v3: went back to modified wolfe + EDTA and switched CuSO4 to CUCl2"
"e8a175a7e2f98b4c540ba8c39c2e16dc","Q",0,"Bacteria","Firmicutes","Clostridia","Christensenellales","Christensenellaceae",NA,NA,300,NA,"Wolfe v3: went back to modified wolfe + EDTA and switched CuSO4 to CUCl2"
"8d9e04bcb72dc816e2a95089bcea61eb","Q",0,"Bacteria","Firmicutes","Clostridia","Christensenellales","Christensenellaceae","Christensenellaceae_R-7_group","midas_s_50612",300,NA,"Wolfe v3: went back to modified wolfe + EDTA and switched CuSO4 to CUCl2"
"ce11bce162fe02427116266824ce6892","Q",0,"Bacteria","Firmicutes","Clostridia","Clostridia_vadinBB60_group","midas_f_38442","midas_g_38442",NA,300,NA,"Wolfe v3: went back to modified wolfe + EDTA and switched CuSO4 to CUCl2"
"52b604057878bf8752f3a1b04785376f","Q",0,"Bacteria","Firmicutes","Clostridia","Clostridia_vadinBB60_group","midas_f_38442","midas_g_38442","midas_s_93421",300,NA,"Wolfe v3: went back to modified wolfe + EDTA and switched CuSO4 to CUCl2"
"5e1fc58ad48ef339ba354f5166b6a82f","Q",0,"Bacteria","Firmicutes","Clostridia","Clostridia_vadinBB60_group","midas_f_38442","midas_g_98790","midas_s_114329",300,NA,"Wolfe v3: went back to modified wolfe + EDTA and switched CuSO4 to CUCl2"
"839049ed2eabc492bfa76bca3e4f9075","Q",0,"Bacteria","Firmicutes","Clostridia","Clostridia_vadinBB60_group","midas_f_90201","midas_g_90293","midas_s_90293",300,NA,"Wolfe v3: went back to modified wolfe + EDTA and switched CuSO4 to CUCl2"
"73fc872cf74b23112d674efd5f773616","Q",0,"Bacteria","Firmicutes","Clostridia","Clostridia_vadinBB60_group","midas_f_90201",NA,NA,300,NA,"Wolfe v3: went back to modified wolfe + EDTA and switched CuSO4 to CUCl2"
"3bb8c91a23a86c8601f5dead53c7b241","Q",0,"Bacteria","Firmicutes","Clostridia","Clostridia_vadinBB60_group","midas_f_90201","midas_g_93451",NA,300,NA,"Wolfe v3: went back to modified wolfe + EDTA and switched CuSO4 to CUCl2"
"455800da158eb1acad1d1e9657b345d2","Q",0,"Bacteria","Firmicutes","Clostridia","Clostridia_vadinBB60_group","midas_f_90201","midas_g_92049","midas_s_110157",300,NA,"Wolfe v3: went back to modified wolfe + EDTA and switched CuSO4 to CUCl2"
"6c533cace9e76e9de67e31e528bafa29","Q",0,"Bacteria","Firmicutes","Clostridia","Clostridia_vadinBB60_group","midas_f_99808","midas_g_99992","midas_s_115490",300,NA,"Wolfe v3: went back to modified wolfe + EDTA and switched CuSO4 to CUCl2"
"f538d22fdb4f50b77253747c9f18ed18","Q",0,"Bacteria","Firmicutes","Clostridia","Clostridia_vadinBB60_group",NA,NA,NA,300,NA,"Wolfe v3: went back to modified wolfe + EDTA and switched CuSO4 to CUCl2"
"8e411053229e1cc8814cc8c0d1989251","Q",0,"Bacteria","Firmicutes","Clostridia","Clostridia_vadinBB60_group","midas_f_54","midas_g_2423","midas_s_2423",300,NA,"Wolfe v3: went back to modified wolfe + EDTA and switched CuSO4 to CUCl2"
"8cc2a5a7c712bb71836060897190bb02","Q",0,"Bacteria","Firmicutes","Clostridia","Clostridia_vadinBB60_group","midas_f_54","midas_g_2423","midas_s_2423",300,NA,"Wolfe v3: went back to modified wolfe + EDTA and switched CuSO4 to CUCl2"
"77e27d0665f7fb72b2b325641b3b95ea","Q",0,"Bacteria","Firmicutes","Clostridia","Clostridia_vadinBB60_group",NA,NA,NA,300,NA,"Wolfe v3: went back to modified wolfe + EDTA and switched CuSO4 to CUCl2"
"6c5285812f71ed019e28402a38c1158a","Q",0,"Bacteria","Firmicutes","Clostridia","Christensenellales","Christensenellaceae","midas_g_119476","midas_s_119476",300,NA,"Wolfe v3: went back to modified wolfe + EDTA and switched CuSO4 to CUCl2"
"d892477defe0f9cdd8909406acda6427","Q",0,"Bacteria","Firmicutes","Clostridia","Christensenellales","Christensenellaceae","midas_g_110563","midas_s_110563",300,NA,"Wolfe v3: went back to modified wolfe + EDTA and switched CuSO4 to CUCl2"
"9554148374cd0778fe58481a15ae48d7","Q",0,"Bacteria","Firmicutes","Clostridia","Christensenellales","Christensenellaceae","Christensenellaceae_R-7_group","midas_s_4976",300,NA,"Wolfe v3: went back to modified wolfe + EDTA and switched CuSO4 to CUCl2"
"081d925fdef2a04cc28b4971813f4a18","Q",0,"Bacteria","Firmicutes","Clostridia","Clostridia_vadinBB60_group","midas_f_55308","midas_g_55308","midas_s_55308",300,NA,"Wolfe v3: went back to modified wolfe + EDTA and switched CuSO4 to CUCl2"
"fd363796f24ad824b1a025860c3acb40","Q",0,"Bacteria","Firmicutes","Clostridia","Clostridia_vadinBB60_group","midas_f_54","midas_g_4325","midas_s_117961",300,NA,"Wolfe v3: went back to modified wolfe + EDTA and switched CuSO4 to CUCl2"
"7b28257e7072537ea4bb77e10e2333cc","Q",0,"Bacteria","Firmicutes","Clostridia","Clostridia_vadinBB60_group","midas_f_54","midas_g_4325","midas_s_4325",300,NA,"Wolfe v3: went back to modified wolfe + EDTA and switched CuSO4 to CUCl2"
"a52b829bf001efa256aeabe5472b2638","Q",0,"Bacteria","Firmicutes","Clostridia","Caldicoprobacterales","Caldicoprobacteraceae","midas_g_2207","midas_s_2207",300,NA,"Wolfe v3: went back to modified wolfe + EDTA and switched CuSO4 to CUCl2"
"ec6941975f4e1863852cf87b9af738b2","Q",0,"Bacteria","Firmicutes","Clostridia","Caldicoprobacterales","Caldicoprobacteraceae","midas_g_113780","midas_s_113780",300,NA,"Wolfe v3: went back to modified wolfe + EDTA and switched CuSO4 to CUCl2"
"f23be2076b7f3e2088503d4841c51f06","Q",0,"Bacteria","Firmicutes","Clostridia","Gracilibacteraceae","Gracilibacter","midas_g_669","midas_s_113719",300,NA,"Wolfe v3: went back to modified wolfe + EDTA and switched CuSO4 to CUCl2"
"308aa3982d3c398eaae8efce7b0803f2","Q",0,"Bacteria","Firmicutes","Clostridia","Gracilibacteraceae","Gracilibacter","midas_g_669",NA,300,NA,"Wolfe v3: went back to modified wolfe + EDTA and switched CuSO4 to CUCl2"
"6aa300d5323cbf75dc53cec3e6acb87c","Q",0,"Bacteria","Firmicutes","Clostridia","Gracilibacteraceae","Gracilibacter","midas_g_669",NA,300,NA,"Wolfe v3: went back to modified wolfe + EDTA and switched CuSO4 to CUCl2"
"f95801513925a658f6f017e67e77e9a0","Q",0,"Bacteria","Firmicutes","Clostridia","Gracilibacteraceae","Gracilibacter","midas_g_669",NA,300,NA,"Wolfe v3: went back to modified wolfe + EDTA and switched CuSO4 to CUCl2"
"0920f329b65647d14740b55a5052624d","Q",0,"Bacteria","Firmicutes","Clostridia","Gracilibacteraceae","Gracilibacter","midas_g_669",NA,300,NA,"Wolfe v3: went back to modified wolfe + EDTA and switched CuSO4 to CUCl2"
"f687f9aecd37880d471fc69c13c4f256","Q",0,"Bacteria","Firmicutes","Clostridia","Gracilibacteraceae","Lutispora",NA,NA,300,NA,"Wolfe v3: went back to modified wolfe + EDTA and switched CuSO4 to CUCl2"
"7fea81a0fb9031b1aa53e4dcc0334bf4","Q",0,"Bacteria","Firmicutes","Clostridia","Gracilibacteraceae","Lutispora","midas_g_2455","midas_s_101610",300,NA,"Wolfe v3: went back to modified wolfe + EDTA and switched CuSO4 to CUCl2"
"87c488a6467b31c46a8e05912b6a0d09","Q",0,"Bacteria","Firmicutes","Clostridia","Gracilibacteraceae","Lutispora","midas_g_2455","midas_s_101610",300,NA,"Wolfe v3: went back to modified wolfe + EDTA and switched CuSO4 to CUCl2"
"ed583664a71759ab4da92119efb0df87","Q",0,"Bacteria","Firmicutes","Clostridia","Gracilibacteraceae","Lutispora","midas_g_2455","midas_s_2455",300,NA,"Wolfe v3: went back to modified wolfe + EDTA and switched CuSO4 to CUCl2"
"0c9da253a23c96e308df82e07408f9f0","Q",0,"Bacteria","Firmicutes","Clostridia","Gracilibacteraceae","Lutispora","midas_g_2455","midas_s_2455",300,NA,"Wolfe v3: went back to modified wolfe + EDTA and switched CuSO4 to CUCl2"
"dcb31c0c036636a36840c1f3341898d9","Q",0,"Bacteria","Firmicutes","Clostridia","Gracilibacteraceae","Lutispora","midas_g_2455","midas_s_3837",300,NA,"Wolfe v3: went back to modified wolfe + EDTA and switched CuSO4 to CUCl2"
"9418ffbc4dee96cca486adf8b5f5493d","Q",0,"Bacteria","Firmicutes","Clostridia","Gracilibacteraceae","Lutispora",NA,NA,300,NA,"Wolfe v3: went back to modified wolfe + EDTA and switched CuSO4 to CUCl2"
"6068fd60909c15a33c7dd6f3cf41a189","Q",0,"Bacteria","Firmicutes","Clostridia","Gracilibacteraceae","Lutispora","midas_g_2455","midas_s_3837",300,NA,"Wolfe v3: went back to modified wolfe + EDTA and switched CuSO4 to CUCl2"
"c983ca27c4dffb6920f6059c696adbc2","Q",0,"Bacteria","Firmicutes","Clostridia","Christensenellales","Christensenellaceae","midas_g_116339","midas_s_116339",300,NA,"Wolfe v3: went back to modified wolfe + EDTA and switched CuSO4 to CUCl2"
"3ab282a70cea4c1440512ab7820c4cad","Q",0,"Bacteria","Firmicutes","Clostridia","Christensenellales","Christensenellaceae","midas_g_51754","midas_s_51754",300,NA,"Wolfe v3: went back to modified wolfe + EDTA and switched CuSO4 to CUCl2"
"6ba96f5208b35a9fa58a1e50271ece5c","Q",0,"Bacteria","Firmicutes","Clostridia","Clostridia_vadinBB60_group","midas_f_63015","midas_g_63015","midas_s_84196",300,NA,"Wolfe v3: went back to modified wolfe + EDTA and switched CuSO4 to CUCl2"
"88811f3c000a695490dfaba4702345a6","Q",0,"Bacteria","Firmicutes","Clostridia","Clostridia_vadinBB60_group","midas_f_63015","midas_g_96074","midas_s_113574",300,NA,"Wolfe v3: went back to modified wolfe + EDTA and switched CuSO4 to CUCl2"
"137dec98118422e728bd109bffafd4bb","Q",0,"Bacteria","Firmicutes","Clostridia","Clostridia_vadinBB60_group","midas_f_63015","midas_g_63015","midas_s_63015",300,NA,"Wolfe v3: went back to modified wolfe + EDTA and switched CuSO4 to CUCl2"
"9ff60b1660430eecb3f6b31e6f3db189","Q",0,"Bacteria","Firmicutes","Clostridia","Christensenellales","Christensenellaceae","midas_g_49834",NA,300,NA,"Wolfe v3: went back to modified wolfe + EDTA and switched CuSO4 to CUCl2"
"3cabb3834aa4f8f1c38942df4a372056","Q",0,"Bacteria","Firmicutes","Clostridia","Christensenellales","Christensenellaceae","midas_g_7501",NA,300,NA,"Wolfe v3: went back to modified wolfe + EDTA and switched CuSO4 to CUCl2"
"4f00beb51dfba2712cf36ef4f05da691","Q",0,"Bacteria","Firmicutes","Clostridia","Christensenellales","Christensenellaceae","midas_g_7501","midas_s_98661",300,NA,"Wolfe v3: went back to modified wolfe + EDTA and switched CuSO4 to CUCl2"
"074479d786da002e8256e36bc49904fa","Q",0,"Bacteria","Firmicutes","Clostridia","Christensenellales","Christensenellaceae","Christensenella","midas_s_87838",300,NA,"Wolfe v3: went back to modified wolfe + EDTA and switched CuSO4 to CUCl2"
"d56e57f7a7e3a1b98778de802e7097d0","Q",0,"Bacteria","Firmicutes","Clostridia","Christensenellales","Christensenellaceae",NA,NA,300,NA,"Wolfe v3: went back to modified wolfe + EDTA and switched CuSO4 to CUCl2"
"ebe4386302d56ad91632ab04d8e4f2a0","Q",0,"Bacteria","Firmicutes","Clostridia","Christensenellales","Christensenellaceae",NA,NA,300,NA,"Wolfe v3: went back to modified wolfe + EDTA and switched CuSO4 to CUCl2"
"349e5c52e64bf4223e4b96bd1aa54075","Q",0,"Bacteria","Firmicutes","Clostridia","Christensenellales","Christensenellaceae",NA,NA,300,NA,"Wolfe v3: went back to modified wolfe + EDTA and switched CuSO4 to CUCl2"
"76ceb1ce6517ef51bfc231b0a2084eba","Q",0,"Bacteria","Firmicutes","Clostridia","Christensenellales","Christensenellaceae",NA,NA,300,NA,"Wolfe v3: went back to modified wolfe + EDTA and switched CuSO4 to CUCl2"
"26491960a83d9ec238fcf87efff319e2","Q",0,"Bacteria","Firmicutes","Clostridia","Christensenellales","Christensenellaceae",NA,NA,300,NA,"Wolfe v3: went back to modified wolfe + EDTA and switched CuSO4 to CUCl2"
"c412c4daad0adeb07fedba1aed394245","Q",0,"Bacteria","Firmicutes","Clostridia","Christensenellales","Christensenellaceae",NA,NA,300,NA,"Wolfe v3: went back to modified wolfe + EDTA and switched CuSO4 to CUCl2"
"b4ddae050e7f8cb4e050ab8c7595731c","Q",0,"Bacteria","Firmicutes","Clostridia","Christensenellales","Christensenellaceae",NA,NA,300,NA,"Wolfe v3: went back to modified wolfe + EDTA and switched CuSO4 to CUCl2"
"865b36b85a2b2a8cdbd204a37e088b94","Q",0,"Bacteria","Firmicutes","Clostridia","Christensenellales","Christensenellaceae",NA,NA,300,NA,"Wolfe v3: went back to modified wolfe + EDTA and switched CuSO4 to CUCl2"
"77e62266f0403cceb7297e959f8c45ec","Q",0,"Bacteria","Firmicutes","Clostridia","Christensenellales","Christensenellaceae",NA,NA,300,NA,"Wolfe v3: went back to modified wolfe + EDTA and switched CuSO4 to CUCl2"
"0be5f4770658b90f11dc058c6006f780","Q",0,"Bacteria","Firmicutes","Clostridia","Christensenellales","Christensenellaceae","midas_g_2424",NA,300,NA,"Wolfe v3: went back to modified wolfe + EDTA and switched CuSO4 to CUCl2"
"91fcd069f0c0007854a6e6d3aa7d7681","Q",0,"Bacteria","Firmicutes","Clostridia","Christensenellales","Christensenellaceae","midas_g_2424","midas_s_2424",300,NA,"Wolfe v3: went back to modified wolfe + EDTA and switched CuSO4 to CUCl2"
"326f3a76100742d3ceb2bc49506997fc","Q",0,"Bacteria","Firmicutes","Clostridia","Christensenellales","Christensenellaceae","midas_g_2424","midas_s_3810",300,NA,"Wolfe v3: went back to modified wolfe + EDTA and switched CuSO4 to CUCl2"
"c147046b02be565ad186287629d4a843","Q",0,"Bacteria","Firmicutes","Clostridia","Christensenellales","Christensenellaceae","midas_g_2424",NA,300,NA,"Wolfe v3: went back to modified wolfe + EDTA and switched CuSO4 to CUCl2"
"46984bc1f36f8a8835a4a7914c2502b2","Q",0,"Bacteria","Firmicutes","Clostridia","Christensenellales","Christensenellaceae","midas_g_51070","midas_s_71917",300,NA,"Wolfe v3: went back to modified wolfe + EDTA and switched CuSO4 to CUCl2"
"937806dd600ece921faa49ac16d4cdb0","Q",0,"Bacteria","Firmicutes","Clostridia","Christensenellales","Christensenellaceae","midas_g_62577",NA,300,NA,"Wolfe v3: went back to modified wolfe + EDTA and switched CuSO4 to CUCl2"
"199c31b0eaa3d5012bbd210ced3e402f","Q",0,"Bacteria","Firmicutes","Clostridia","Christensenellales","Christensenellaceae",NA,NA,300,NA,"Wolfe v3: went back to modified wolfe + EDTA and switched CuSO4 to CUCl2"
"1955a5529e36dd42feff41354ac9ad73","Q",0,"Bacteria","Firmicutes","Clostridia","Christensenellales","Christensenellaceae",NA,NA,300,NA,"Wolfe v3: went back to modified wolfe + EDTA and switched CuSO4 to CUCl2"
"03d388b8f22b5b0c867f9fd46a649622","Q",0,"Bacteria","Firmicutes","Clostridia","Christensenellales","Christensenellaceae",NA,NA,300,NA,"Wolfe v3: went back to modified wolfe + EDTA and switched CuSO4 to CUCl2"
"923d1e7b6ceac97721615d80cf869780","Q",0,"Bacteria","Firmicutes","Clostridia","Christensenellales","Christensenellaceae","midas_g_2424",NA,300,NA,"Wolfe v3: went back to modified wolfe + EDTA and switched CuSO4 to CUCl2"
"44292adaa0ea18b1b38d7e38695a72b1","Q",0,"Bacteria","Firmicutes","Clostridia","Christensenellales","Christensenellaceae",NA,NA,300,NA,"Wolfe v3: went back to modified wolfe + EDTA and switched CuSO4 to CUCl2"
"1b8a948ece330b43c14f1197c1813886","Q",0,"Bacteria","Firmicutes","Clostridia","Christensenellales","Christensenellaceae",NA,NA,300,NA,"Wolfe v3: went back to modified wolfe + EDTA and switched CuSO4 to CUCl2"
"e2c63d5718cf9ea95828084c3b843443","Q",0,"Bacteria","Firmicutes","Clostridia","Christensenellales","Christensenellaceae",NA,NA,300,NA,"Wolfe v3: went back to modified wolfe + EDTA and switched CuSO4 to CUCl2"
"7c02fc116dfd968c72ec176c6b121a3a","Q",0,"Bacteria","Firmicutes","Clostridia","Christensenellales","Christensenellaceae",NA,NA,300,NA,"Wolfe v3: went back to modified wolfe + EDTA and switched CuSO4 to CUCl2"
"87e8ae9b41dbcd0ad54be2513a8f7489","Q",0,"Bacteria","Firmicutes","Clostridia","Christensenellales","Christensenellaceae","midas_g_69791","midas_s_69791",300,NA,"Wolfe v3: went back to modified wolfe + EDTA and switched CuSO4 to CUCl2"
"d68eb4b5245740e3dfbd0fb1133ed220","Q",0,"Bacteria","Firmicutes","Clostridia","Christensenellales","Christensenellaceae",NA,NA,300,NA,"Wolfe v3: went back to modified wolfe + EDTA and switched CuSO4 to CUCl2"
"519b05506b5c8269406e94701c3ff01a","Q",0,"Bacteria","Firmicutes","Clostridia","Christensenellales","Christensenellaceae",NA,NA,300,NA,"Wolfe v3: went back to modified wolfe + EDTA and switched CuSO4 to CUCl2"
"cac0146ef6e3485fd6a9f6cd8f6ccb06","Q",0,"Bacteria","Firmicutes","Clostridia","Christensenellales","Christensenellaceae",NA,NA,300,NA,"Wolfe v3: went back to modified wolfe + EDTA and switched CuSO4 to CUCl2"
"8a6710c4c8b9696b21805aa0a6d72a46","Q",0,"Bacteria","Firmicutes","Clostridia","Christensenellales","Christensenellaceae",NA,NA,300,NA,"Wolfe v3: went back to modified wolfe + EDTA and switched CuSO4 to CUCl2"
"7eea950c837e9a07539bc8deadb18ccd","Q",0,"Bacteria","Firmicutes","Clostridia","Christensenellales","Christensenellaceae","midas_g_7232","midas_s_7232",300,NA,"Wolfe v3: went back to modified wolfe + EDTA and switched CuSO4 to CUCl2"
"487922e0c371f4e89a7e2a5415c56073","Q",0,"Bacteria","Firmicutes","Clostridia","Christensenellales","Christensenellaceae",NA,NA,300,NA,"Wolfe v3: went back to modified wolfe + EDTA and switched CuSO4 to CUCl2"
"a372cf10657d0756778992bacff2d706","Q",0,"Bacteria","Firmicutes","Clostridia","Christensenellales","Christensenellaceae","midas_g_40543",NA,300,NA,"Wolfe v3: went back to modified wolfe + EDTA and switched CuSO4 to CUCl2"
"6bb8346dab9a3a0256b22ca23f399e86","Q",0,"Bacteria","Firmicutes","Clostridia","Christensenellales","Christensenellaceae","midas_g_40543",NA,300,NA,"Wolfe v3: went back to modified wolfe + EDTA and switched CuSO4 to CUCl2"
"3f19effc21f49ca3bfe5e130ea113a75","Q",0,"Bacteria","Firmicutes","Clostridia","Caldicoprobacterales","Caldicoprobacteraceae","Caldicoprobacter","midas_s_3365",300,NA,"Wolfe v3: went back to modified wolfe + EDTA and switched CuSO4 to CUCl2"
"df443df991086de26795466fa2bdd4f2","Q",0,"Bacteria","Firmicutes","Clostridia",NA,NA,NA,NA,300,NA,"Wolfe v3: went back to modified wolfe + EDTA and switched CuSO4 to CUCl2"
"6891aea14e9e48ed890aa10cc84e4d40","Q",0,"Bacteria","Firmicutes","Clostridia",NA,NA,NA,NA,300,NA,"Wolfe v3: went back to modified wolfe + EDTA and switched CuSO4 to CUCl2"
"8d94059665b326451d66d86b45255634","Q",0,"Bacteria","Firmicutes","Clostridia","Caldicoprobacterales","Caldicoprobacteraceae","Caldicoprobacter","midas_s_1857",300,NA,"Wolfe v3: went back to modified wolfe + EDTA and switched CuSO4 to CUCl2"
"f824c242da3d47edd62495a6a144912c","Q",0,"Bacteria","Firmicutes","Clostridia","Christensenellales","Christensenellaceae","midas_g_40543",NA,300,NA,"Wolfe v3: went back to modified wolfe + EDTA and switched CuSO4 to CUCl2"
"0a4dae6c36a924945c5ad8318aff7ecb","Q",0,"Bacteria","Firmicutes","Clostridia","Clostridia_vadinBB60_group","midas_f_84699","midas_g_84699","midas_s_84699",300,NA,"Wolfe v3: went back to modified wolfe + EDTA and switched CuSO4 to CUCl2"
"f21e69f460e0f5a2ab946c9cbc535b27","Q",0,"Bacteria","Firmicutes","Clostridia","Clostridia_vadinBB60_group","midas_f_84699","midas_g_115334","midas_s_115334",300,NA,"Wolfe v3: went back to modified wolfe + EDTA and switched CuSO4 to CUCl2"
"ce96aba4d82cdb5ffa5b76128cfbb917","Q",0,"Bacteria","Firmicutes","Clostridia","Clostridia_vadinBB60_group","midas_f_84699","midas_g_114155","midas_s_114155",300,NA,"Wolfe v3: went back to modified wolfe + EDTA and switched CuSO4 to CUCl2"
"ac9f1e4b2c16d2889fff6d797650d869","Q",0,"Bacteria","Firmicutes","Clostridia","Clostridia_vadinBB60_group","midas_f_84699","midas_g_114155","midas_s_114155",300,NA,"Wolfe v3: went back to modified wolfe + EDTA and switched CuSO4 to CUCl2"
"32987fc28625ec2b81822b0fdaa91275","Q",0,"Bacteria","Firmicutes","Clostridia","Caldicoprobacterales","Caldicoprobacteraceae","Caldicoprobacter","midas_s_115040",300,NA,"Wolfe v3: went back to modified wolfe + EDTA and switched CuSO4 to CUCl2"
"97f1dfd76250227f4fa9736d1ec5d108","Q",0,"Bacteria","Firmicutes","Clostridia",NA,NA,NA,NA,300,NA,"Wolfe v3: went back to modified wolfe + EDTA and switched CuSO4 to CUCl2"
"17cd9e80e0f41c506e23257e356ac923","Q",0,"Bacteria","Firmicutes","Clostridia","Caldicoprobacterales","Caldicoprobacteraceae","Caldicoprobacter",NA,300,NA,"Wolfe v3: went back to modified wolfe + EDTA and switched CuSO4 to CUCl2"
"07a0a37967e31e9f4fe1683f99cc42b7","Q",0,"Bacteria","Firmicutes","Clostridia","Caldicoprobacterales","Caldicoprobacteraceae","Caldicoprobacter",NA,300,NA,"Wolfe v3: went back to modified wolfe + EDTA and switched CuSO4 to CUCl2"
"489ebda75c9174b8e7ad565ac0f52b97","Q",0,"Bacteria","Firmicutes","Clostridia","Caldicoprobacterales","Caldicoprobacteraceae","Caldicoprobacter",NA,300,NA,"Wolfe v3: went back to modified wolfe + EDTA and switched CuSO4 to CUCl2"
"892351141be327d407d7d063c3a74f59","Q",0,"Bacteria","Firmicutes","Clostridia","Caldicoprobacterales","Caldicoprobacteraceae","Caldicoprobacter",NA,300,NA,"Wolfe v3: went back to modified wolfe + EDTA and switched CuSO4 to CUCl2"
"fe243279a53940656a0d4289ddc3ea66","Q",0,"Bacteria","Firmicutes","Clostridia","Caldicoprobacterales","Caldicoprobacteraceae","Caldicoprobacter",NA,300,NA,"Wolfe v3: went back to modified wolfe + EDTA and switched CuSO4 to CUCl2"
"8add17e8b7e219187fd9b6e3ef665609","Q",0,"Bacteria","Firmicutes","Clostridia","Caldicoprobacterales","Caldicoprobacteraceae","Caldicoprobacter",NA,300,NA,"Wolfe v3: went back to modified wolfe + EDTA and switched CuSO4 to CUCl2"
"a8c0192a45a12e2f86fe50245c36917d","Q",0,"Bacteria","Firmicutes","Clostridia","Caldicoprobacterales","Caldicoprobacteraceae","Caldicoprobacter",NA,300,NA,"Wolfe v3: went back to modified wolfe + EDTA and switched CuSO4 to CUCl2"
"666b0c3f75da615166898be90c200697","Q",0,"Bacteria","Firmicutes","Clostridia","Caldicoprobacterales","Caldicoprobacteraceae","Caldicoprobacter",NA,300,NA,"Wolfe v3: went back to modified wolfe + EDTA and switched CuSO4 to CUCl2"
"70bc60bf6b649f62bb1ee7538331006f","Q",0,"Bacteria","Firmicutes","Clostridia","Caldicoprobacterales","Caldicoprobacteraceae","Caldicoprobacter","midas_s_91363",300,NA,"Wolfe v3: went back to modified wolfe + EDTA and switched CuSO4 to CUCl2"
"d00d97e1374e175183b294e067ec1cfb","Q",0,"Bacteria","Firmicutes","Clostridia","Caldicoprobacterales","Caldicoprobacteraceae","Caldicoprobacter",NA,300,NA,"Wolfe v3: went back to modified wolfe + EDTA and switched CuSO4 to CUCl2"
"1557e1ae96e182db04d667afa2262c8e","Q",0,"Bacteria","Firmicutes","Clostridia","Caldicoprobacterales","Caldicoprobacteraceae",NA,NA,300,NA,"Wolfe v3: went back to modified wolfe + EDTA and switched CuSO4 to CUCl2"
"334b1d727a1edd0d17d589993ea3a1ab","Q",0,"Bacteria","Firmicutes","Clostridia","Caldicoprobacterales","Caldicoprobacteraceae","Caldicoprobacter",NA,300,NA,"Wolfe v3: went back to modified wolfe + EDTA and switched CuSO4 to CUCl2"
"4f991b9a87b25e13c75f8eb888f9f7be","Q",0,"Bacteria","Firmicutes","Clostridia","Caldicoprobacterales","Caldicoprobacteraceae","midas_g_100193","midas_s_100193",300,NA,"Wolfe v3: went back to modified wolfe + EDTA and switched CuSO4 to CUCl2"
"7ba75de333c5db029e78e068dde0fbe8","Q",0,"Bacteria","Firmicutes","Clostridia","Caldicoprobacterales","Caldicoprobacteraceae",NA,NA,300,NA,"Wolfe v3: went back to modified wolfe + EDTA and switched CuSO4 to CUCl2"
"3a1e48f3d9f9c151cd121f1d5d2f3261","Q",0,"Bacteria","Firmicutes","Clostridia","Caldicoprobacterales","Caldicoprobacteraceae",NA,NA,300,NA,"Wolfe v3: went back to modified wolfe + EDTA and switched CuSO4 to CUCl2"
"fd49dfe5a86c187e08a334fd7e25ff60","Q",0,"Bacteria","Firmicutes","Clostridia","Caldicoprobacterales","Caldicoprobacteraceae","Caldicoprobacter","midas_s_99144",300,NA,"Wolfe v3: went back to modified wolfe + EDTA and switched CuSO4 to CUCl2"
"1191fe2ebce22f74b6596d9d91475abf","Q",0,"Bacteria","Firmicutes","Clostridia","Caldicoprobacterales","Caldicoprobacteraceae","Caldicoprobacter",NA,300,NA,"Wolfe v3: went back to modified wolfe + EDTA and switched CuSO4 to CUCl2"
"ffb7f32b76b8aea19e3d810eef8cb779","Q",0,"Bacteria","Firmicutes","Clostridia","Caldicoprobacterales","Caldicoprobacteraceae","Caldicoprobacter","midas_s_103233",300,NA,"Wolfe v3: went back to modified wolfe + EDTA and switched CuSO4 to CUCl2"
"80ec5ef8c3af388c768221021941877e","Q",0,"Bacteria","Firmicutes","Clostridia","Monoglobales","Monoglobaceae","midas_g_93666",NA,300,NA,"Wolfe v3: went back to modified wolfe + EDTA and switched CuSO4 to CUCl2"
"779e393e6ff91129f826c691a0d16db3","Q",0,"Bacteria","Firmicutes","Clostridia","Monoglobales","Monoglobaceae","Monoglobus","midas_s_119413",300,NA,"Wolfe v3: went back to modified wolfe + EDTA and switched CuSO4 to CUCl2"
"4c7b0d554a1103b7872deded4bccb4ea","Q",0,"Bacteria","Firmicutes","Clostridia","Monoglobales","Monoglobaceae","Monoglobus","midas_s_119413",300,NA,"Wolfe v3: went back to modified wolfe + EDTA and switched CuSO4 to CUCl2"
"12198ade971f92bb157e2a699be09bc8","Q",0,"Bacteria","Firmicutes","Clostridia","Monoglobales","Monoglobaceae","Monoglobus","midas_s_119413",300,NA,"Wolfe v3: went back to modified wolfe + EDTA and switched CuSO4 to CUCl2"
"414b68c54905f4ec8ee50d51e536ff97","Q",0,"Bacteria","Firmicutes","Clostridia",NA,NA,NA,NA,300,NA,"Wolfe v3: went back to modified wolfe + EDTA and switched CuSO4 to CUCl2"
"461e1d892b167a7eef900fa723462f09","Q",0,"Bacteria","Firmicutes","Clostridia",NA,NA,NA,NA,300,NA,"Wolfe v3: went back to modified wolfe + EDTA and switched CuSO4 to CUCl2"
"306b5217fcb1f91aac0c7708bf674d98","Q",0,"Bacteria","Firmicutes","Clostridia","Oscillospirales",NA,NA,NA,300,NA,"Wolfe v3: went back to modified wolfe + EDTA and switched CuSO4 to CUCl2"
"7fc016100eca426d7fdf7f8abd29a67c","Q",0,"Bacteria","Firmicutes","Clostridia","Oscillospirales",NA,NA,NA,300,NA,"Wolfe v3: went back to modified wolfe + EDTA and switched CuSO4 to CUCl2"
"e47e7a777e94141d9ca4d03a24c43c22","Q",0,"Bacteria","Firmicutes","Clostridia","Oscillospirales","Ruminococcaceae","midas_g_52955",NA,300,NA,"Wolfe v3: went back to modified wolfe + EDTA and switched CuSO4 to CUCl2"
"abb5010d272a80f960bc66a0fade6593","Q",0,"Bacteria","Firmicutes","Clostridia","Oscillospirales","Ruminococcaceae",NA,NA,300,NA,"Wolfe v3: went back to modified wolfe + EDTA and switched CuSO4 to CUCl2"
"39e228b03b2c3090589f7da2c5ae6038","Q",0,"Bacteria","Firmicutes","Clostridia","Oscillospirales","Hydrogenoanaerobacterium","midas_g_110557","midas_s_110557",300,NA,"Wolfe v3: went back to modified wolfe + EDTA and switched CuSO4 to CUCl2"
"dc21153823efbfe6f4e092f110775cde","Q",0,"Bacteria","Firmicutes","Clostridia","Oscillospirales","Hydrogenoanaerobacterium","midas_g_98017","midas_s_120285",300,NA,"Wolfe v3: went back to modified wolfe + EDTA and switched CuSO4 to CUCl2"
"212e304679f170a464d2616b3f94a250","Q",0,"Bacteria","Firmicutes","Clostridia","Oscillospirales","Hydrogenoanaerobacterium","midas_g_98017","midas_s_120285",300,NA,"Wolfe v3: went back to modified wolfe + EDTA and switched CuSO4 to CUCl2"
"c6e107ed1e85e47112f11877f3145a7a","Q",0,"Bacteria","Firmicutes","Clostridia","Oscillospirales","Hydrogenoanaerobacterium",NA,NA,300,NA,"Wolfe v3: went back to modified wolfe + EDTA and switched CuSO4 to CUCl2"
"4c65953d2d9c04292134fc5013f3a21e","Q",0,"Bacteria","Firmicutes","Clostridia","Oscillospirales","Ruminococcaceae",NA,NA,300,NA,"Wolfe v3: went back to modified wolfe + EDTA and switched CuSO4 to CUCl2"
"0eff2f70a09cbdfd1a1684adcb990931","Q",0,"Bacteria","Firmicutes","Clostridia","Oscillospirales","Ruminococcaceae",NA,NA,300,NA,"Wolfe v3: went back to modified wolfe + EDTA and switched CuSO4 to CUCl2"
"7bfcdea57cc8e4bab6f3f3505b0dd682","Q",0,"Bacteria","Firmicutes","Clostridia","Oscillospirales","Ruminococcaceae",NA,NA,300,NA,"Wolfe v3: went back to modified wolfe + EDTA and switched CuSO4 to CUCl2"
"3fb688a9024c5d9e0c97cf7a6859063a","Q",0,"Bacteria","Firmicutes","Clostridia","Oscillospirales","Ruminococcaceae",NA,NA,300,NA,"Wolfe v3: went back to modified wolfe + EDTA and switched CuSO4 to CUCl2"
"dbbd92eb5552c552aab4544c331ac6e2","Q",0,"Bacteria","Firmicutes","Clostridia","Oscillospirales","Ruminococcaceae",NA,NA,300,NA,"Wolfe v3: went back to modified wolfe + EDTA and switched CuSO4 to CUCl2"
"0e487ab2d5669f87e21a4c0c09d8d952","Q",0,"Bacteria","Firmicutes","Clostridia","Oscillospirales","Ruminococcaceae","Angelakisella","midas_s_84240",300,NA,"Wolfe v3: went back to modified wolfe + EDTA and switched CuSO4 to CUCl2"
"a8c38ea3b5825798b0141007373178aa","Q",0,"Bacteria","Firmicutes","Clostridia","Oscillospirales","Ruminococcaceae",NA,NA,300,NA,"Wolfe v3: went back to modified wolfe + EDTA and switched CuSO4 to CUCl2"
"d035ec5e6c52ae02c608835230dde4b7","Q",0,"Bacteria","Firmicutes","Clostridia","Oscillospirales","Ruminococcaceae","Ruminococcus","midas_s_24340",300,NA,"Wolfe v3: went back to modified wolfe + EDTA and switched CuSO4 to CUCl2"
"477ebf0ce71e93b505183b46f1d1c310","Q",0,"Bacteria","Firmicutes","Clostridia","Oscillospirales","Ruminococcaceae","Ruminococcus","midas_s_23224",300,NA,"Wolfe v3: went back to modified wolfe + EDTA and switched CuSO4 to CUCl2"
"84983b37bd3b85c6b96d3a4ea0ff2bbd","Q",0,"Bacteria","Firmicutes","Clostridia","Oscillospirales","Ruminococcaceae","Ruminococcus","midas_s_29718",300,NA,"Wolfe v3: went back to modified wolfe + EDTA and switched CuSO4 to CUCl2"
"4f90f8f67d96381936a8ea4b6bd9234c","Q",0,"Bacteria","Firmicutes","Clostridia","Oscillospirales","Ruminococcaceae","Ruminococcus","Ruminococcus_callidus",300,NA,"Wolfe v3: went back to modified wolfe + EDTA and switched CuSO4 to CUCl2"
"7a94ab2d3edd2d5f1b14fb97b8227aab","Q",0,"Bacteria","Firmicutes","Clostridia","Oscillospirales","Ruminococcaceae","Ruminococcus","midas_s_5739",300,NA,"Wolfe v3: went back to modified wolfe + EDTA and switched CuSO4 to CUCl2"
"38007bfc5e4b3c58b1d91a0bc9c4fdb2","Q",0,"Bacteria","Firmicutes","Clostridia","Oscillospirales","Ruminococcaceae","midas_g_4187","midas_s_4187",300,NA,"Wolfe v3: went back to modified wolfe + EDTA and switched CuSO4 to CUCl2"
"db74361e1059284f58f7b72bfb21758c","Q",0,"Bacteria","Firmicutes","Clostridia","Oscillospirales","Ruminococcaceae","midas_g_4187","midas_s_4187",300,NA,"Wolfe v3: went back to modified wolfe + EDTA and switched CuSO4 to CUCl2"
"584732b1ae36c8fd9cd78a3b94bfb4ba","Q",0,"Bacteria","Firmicutes","Clostridia","Oscillospirales","Ruminococcaceae","Ruminococcus","midas_s_25083",300,NA,"Wolfe v3: went back to modified wolfe + EDTA and switched CuSO4 to CUCl2"
"b4675aefcee3975954467e51b228d6f2","Q",0,"Bacteria","Firmicutes","Clostridia","Oscillospirales","Ruminococcaceae","Caproiciproducens",NA,300,NA,"Wolfe v3: went back to modified wolfe + EDTA and switched CuSO4 to CUCl2"
"025ef58ad4c94b135c69cb93c2320909","Q",0,"Bacteria","Firmicutes","Clostridia","Oscillospirales","Ruminococcaceae","Caproiciproducens",NA,300,NA,"Wolfe v3: went back to modified wolfe + EDTA and switched CuSO4 to CUCl2"
"f437261ff1458ebf1aa7f6dc7bf69e58","Q",0,"Bacteria","Firmicutes","Clostridia","Oscillospirales","Ruminococcaceae","Caproiciproducens",NA,300,NA,"Wolfe v3: went back to modified wolfe + EDTA and switched CuSO4 to CUCl2"
"7f0b196864a7620b20920d9883da587e","Q",0,"Bacteria","Firmicutes","Clostridia","Oscillospirales","Ruminococcaceae","Caproiciproducens",NA,300,NA,"Wolfe v3: went back to modified wolfe + EDTA and switched CuSO4 to CUCl2"
"42de4e368cca3ff50954f82c12dd5315","Q",0,"Bacteria","Firmicutes","Clostridia","Oscillospirales","Ruminococcaceae","Ruminococcus",NA,300,NA,"Wolfe v3: went back to modified wolfe + EDTA and switched CuSO4 to CUCl2"
"403445d403772ea7701cd01368da5a56","Q",0,"Bacteria","Firmicutes","Clostridia","Oscillospirales","Ruminococcaceae","midas_g_5430","midas_s_5430",300,NA,"Wolfe v3: went back to modified wolfe + EDTA and switched CuSO4 to CUCl2"
"f7ac318fad126f8dc75f70e09fd5c4dd","Q",0,"Bacteria","Firmicutes","Clostridia","Oscillospirales","Eubacterium_coprostanoligenes_group","midas_g_103638","midas_s_103638",300,NA,"Wolfe v3: went back to modified wolfe + EDTA and switched CuSO4 to CUCl2"
"3e6d862418922fbe062da225314e7762","Q",0,"Bacteria","Firmicutes","Clostridia","Oscillospirales","Eubacterium_coprostanoligenes_group",NA,NA,300,NA,"Wolfe v3: went back to modified wolfe + EDTA and switched CuSO4 to CUCl2"
"5ceabb76ec2975d9498f124fe62a81e6","Q",0,"Bacteria","Firmicutes","Clostridia","Oscillospirales","Eubacterium_coprostanoligenes_group","midas_g_94744","midas_s_114972",300,NA,"Wolfe v3: went back to modified wolfe + EDTA and switched CuSO4 to CUCl2"
"3ba3a0a8948fba9b0c25ad37b41b3342","Q",0,"Bacteria","Firmicutes","Clostridia","Oscillospirales","Eubacterium_coprostanoligenes_group","midas_g_3214","midas_s_3214",300,NA,"Wolfe v3: went back to modified wolfe + EDTA and switched CuSO4 to CUCl2"
"a78a93326d787b79c22198acbce80e81","Q",0,"Bacteria","Firmicutes","Clostridia","Oscillospirales","Eubacterium_coprostanoligenes_group","midas_g_1946","midas_s_1946",300,NA,"Wolfe v3: went back to modified wolfe + EDTA and switched CuSO4 to CUCl2"
"999031908a04b1e2fca9b265ee4e0aba","Q",0,"Bacteria","Firmicutes","Clostridia","Oscillospirales","Eubacterium_coprostanoligenes_group","midas_g_97727","midas_s_97727",300,NA,"Wolfe v3: went back to modified wolfe + EDTA and switched CuSO4 to CUCl2"
"470a368a6807b4a2d6a56ff427742e09","Q",0,"Bacteria","Firmicutes","Clostridia","Oscillospirales","UCG-010","midas_g_82203","midas_s_82203",300,NA,"Wolfe v3: went back to modified wolfe + EDTA and switched CuSO4 to CUCl2"
"717aff2a74550554098682047fb9830c","Q",0,"Bacteria","Firmicutes","Clostridia","Oscillospirales","Ruminococcaceae","midas_g_3160","midas_s_47654",300,NA,"Wolfe v3: went back to modified wolfe + EDTA and switched CuSO4 to CUCl2"
"be3beb705ba2502ce1c0a3ac0b24feb3","Q",0,"Bacteria","Firmicutes","Clostridia","Oscillospirales","UCG-010","midas_g_103447","midas_s_103447",300,NA,"Wolfe v3: went back to modified wolfe + EDTA and switched CuSO4 to CUCl2"
"c91a769593898d20a017b58093f62ea8","Q",0,"Bacteria","Firmicutes","Clostridia","Oscillospirales","Ruminococcaceae","midas_g_92035","midas_s_92035",300,NA,"Wolfe v3: went back to modified wolfe + EDTA and switched CuSO4 to CUCl2"
"f8e946bdec673e40686c9ab157a63ac0","Q",0,"Bacteria","Firmicutes","Clostridia","Oscillospirales","UCG-010","midas_g_73510","midas_s_73510",300,NA,"Wolfe v3: went back to modified wolfe + EDTA and switched CuSO4 to CUCl2"
"494ab4a0ec6f00ad0cbf201f2f607b05","Q",0,"Bacteria","Firmicutes","Clostridia","Oscillospirales","UCG-010","midas_g_73510","midas_s_73510",300,NA,"Wolfe v3: went back to modified wolfe + EDTA and switched CuSO4 to CUCl2"
"5b346ae9f12ee4f745413918a78c62cc","Q",0,"Bacteria","Firmicutes","Clostridia","Oscillospirales","UCG-010","midas_g_85764",NA,300,NA,"Wolfe v3: went back to modified wolfe + EDTA and switched CuSO4 to CUCl2"
"fe92b5d8f5b1599d91fec61ebc12e170","Q",0,"Bacteria","Firmicutes","Clostridia","Oscillospirales","UCG-010","midas_g_85764",NA,300,NA,"Wolfe v3: went back to modified wolfe + EDTA and switched CuSO4 to CUCl2"
"d50e97399b1cda1ec4e98fcecab91fd7","Q",0,"Bacteria","Firmicutes","Clostridia","Oscillospirales","UCG-010","midas_g_85764",NA,300,NA,"Wolfe v3: went back to modified wolfe + EDTA and switched CuSO4 to CUCl2"
"d883b22e464393102af5c3372d061397","Q",0,"Bacteria","Firmicutes","Clostridia","Oscillospirales","UCG-010","midas_g_85764",NA,300,NA,"Wolfe v3: went back to modified wolfe + EDTA and switched CuSO4 to CUCl2"
"90180ad539e48d0fd6f3161438f747b7","Q",0,"Bacteria","Firmicutes","Clostridia","Oscillospirales","UCG-010","midas_g_51845","midas_s_51845",300,NA,"Wolfe v3: went back to modified wolfe + EDTA and switched CuSO4 to CUCl2"
"6d04a8df8207e9542e849378a1bcf43c","Q",0,"Bacteria","Firmicutes","Clostridia","Oscillospirales","UCG-010","midas_g_51845","midas_s_102868",300,NA,"Wolfe v3: went back to modified wolfe + EDTA and switched CuSO4 to CUCl2"
"826ce0379ee559bbbabb1289906f8823","Q",0,"Bacteria","Firmicutes","Clostridia","Oscillospirales","UCG-010","midas_g_92120","midas_s_92120",300,NA,"Wolfe v3: went back to modified wolfe + EDTA and switched CuSO4 to CUCl2"
"353932b8f9bc8551107028bbc48b250c","Q",0,"Bacteria","Firmicutes","Clostridia","Oscillospirales","UCG-010",NA,NA,300,NA,"Wolfe v3: went back to modified wolfe + EDTA and switched CuSO4 to CUCl2"
"eec9b8156043e0a6af0911723613a3da","Q",0,"Bacteria","Firmicutes","Clostridia","Oscillospirales","UCG-010","midas_g_93917","midas_s_93917",300,NA,"Wolfe v3: went back to modified wolfe + EDTA and switched CuSO4 to CUCl2"
"ebe6058ea1fbc7f77df40e51f0a20dca","Q",0,"Bacteria","Firmicutes","Clostridia","Oscillospirales","UCG-010","midas_g_62223",NA,300,NA,"Wolfe v3: went back to modified wolfe + EDTA and switched CuSO4 to CUCl2"
"af2f68999329d11971cc4eeb7d338c1c","Q",0,"Bacteria","Firmicutes","Clostridia","Oscillospirales","UCG-010","midas_g_6504","midas_s_91849",300,NA,"Wolfe v3: went back to modified wolfe + EDTA and switched CuSO4 to CUCl2"
"a81cdbf7c63d89c325cb7ef0766f27f1","Q",0,"Bacteria","Firmicutes","Clostridia","Oscillospirales","UCG-010",NA,NA,300,NA,"Wolfe v3: went back to modified wolfe + EDTA and switched CuSO4 to CUCl2"
"f04ff31f64577aa1ffb8bae8e5bb7028","Q",0,"Bacteria","Firmicutes","Clostridia","Oscillospirales","UCG-010","midas_g_94069","midas_s_95284",300,NA,"Wolfe v3: went back to modified wolfe + EDTA and switched CuSO4 to CUCl2"
"c995fd3a6bbed38454cd050bc331deaa","Q",0,"Bacteria","Firmicutes","Clostridia",NA,NA,NA,NA,300,NA,"Wolfe v3: went back to modified wolfe + EDTA and switched CuSO4 to CUCl2"
"5a05b28cfb802977240bc925ee59d1fc","Q",0,"Bacteria","Firmicutes","Clostridia","Monoglobales","Monoglobaceae","Monoglobus",NA,300,NA,"Wolfe v3: went back to modified wolfe + EDTA and switched CuSO4 to CUCl2"
"e763da20f3043ecff1e6087da0de0512","Q",0,"Bacteria","Firmicutes","Clostridia",NA,NA,NA,NA,300,NA,"Wolfe v3: went back to modified wolfe + EDTA and switched CuSO4 to CUCl2"
"76706469a0a366adb9c84fc05de522f3","Q",0,"Bacteria","Firmicutes","Clostridia",NA,NA,NA,NA,300,NA,"Wolfe v3: went back to modified wolfe + EDTA and switched CuSO4 to CUCl2"
"eda24e48b8b611eab82f254d58d1148d","Q",0,"Bacteria","Firmicutes","Clostridia","Oscillospirales","Hungateiclostridiaceae",NA,NA,300,NA,"Wolfe v3: went back to modified wolfe + EDTA and switched CuSO4 to CUCl2"
"04a4d49b919c98986235493c3e4105f2","Q",0,"Bacteria","Firmicutes","Clostridia","Oscillospirales","Hungateiclostridiaceae",NA,NA,300,NA,"Wolfe v3: went back to modified wolfe + EDTA and switched CuSO4 to CUCl2"
"66c7b79c2f08d329223a3f4b048a6b10","Q",0,"Bacteria","Firmicutes","Clostridia","Oscillospirales","Hungateiclostridiaceae",NA,NA,300,NA,"Wolfe v3: went back to modified wolfe + EDTA and switched CuSO4 to CUCl2"
"2b7920f905d876304aa83fc776cd91a4","Q",0,"Bacteria","Firmicutes","Clostridia","Oscillospirales","Hungateiclostridiaceae",NA,NA,300,NA,"Wolfe v3: went back to modified wolfe + EDTA and switched CuSO4 to CUCl2"
"6c1100199e34d8c526ed1a529ebd879f","Q",0,"Bacteria","Firmicutes","Clostridia","Oscillospirales","Hungateiclostridiaceae",NA,NA,300,NA,"Wolfe v3: went back to modified wolfe + EDTA and switched CuSO4 to CUCl2"
"28e70a00b942f129979d73aacfbf7bcd","Q",0,"Bacteria","Firmicutes","Clostridia","Oscillospirales","Hungateiclostridiaceae",NA,NA,300,NA,"Wolfe v3: went back to modified wolfe + EDTA and switched CuSO4 to CUCl2"
"c5fd2a45a5ac6f49a4089d35044de207","Q",0,"Bacteria","Firmicutes","Clostridia","Oscillospirales","Hungateiclostridiaceae",NA,NA,300,NA,"Wolfe v3: went back to modified wolfe + EDTA and switched CuSO4 to CUCl2"
"7db5761404d6f5f4f0fc9b6e62aaa8a6","Q",0,"Bacteria","Firmicutes","Clostridia","Oscillospirales","Hungateiclostridiaceae",NA,NA,300,NA,"Wolfe v3: went back to modified wolfe + EDTA and switched CuSO4 to CUCl2"
"be51b6808df10f395e8b458d9508ac69","Q",0,"Bacteria","Firmicutes","Clostridia","Oscillospirales","Hungateiclostridiaceae","HN-HF0106",NA,300,NA,"Wolfe v3: went back to modified wolfe + EDTA and switched CuSO4 to CUCl2"
"cff8e2e801a0c5c478ebbe42363d2ee7","Q",0,"Bacteria","Firmicutes","Clostridia","Oscillospirales","Hungateiclostridiaceae","HN-HF0106","midas_s_94196",300,NA,"Wolfe v3: went back to modified wolfe + EDTA and switched CuSO4 to CUCl2"
"5645208dbd4272e443c0bfd58a60b9b9","Q",0,"Bacteria","Firmicutes","Clostridia","Oscillospirales","Hungateiclostridiaceae","HN-HF0106","midas_s_94196",300,NA,"Wolfe v3: went back to modified wolfe + EDTA and switched CuSO4 to CUCl2"
"63adbcb1936348ae36887abcd1e4af55","Q",0,"Bacteria","Firmicutes","Clostridia","Oscillospirales","Hungateiclostridiaceae","HN-HF0106",NA,300,NA,"Wolfe v3: went back to modified wolfe + EDTA and switched CuSO4 to CUCl2"
"26de1fff4ab68ef5ec24949c1a27d329","Q",0,"Bacteria","Firmicutes","Clostridia","Oscillospirales","Hungateiclostridiaceae","HN-HF0106",NA,300,NA,"Wolfe v3: went back to modified wolfe + EDTA and switched CuSO4 to CUCl2"
"f8eaa371a95b49c4c6842bbec4b4da5f","Q",0,"Bacteria","Firmicutes","Clostridia","Oscillospirales","Hungateiclostridiaceae",NA,NA,300,NA,"Wolfe v3: went back to modified wolfe + EDTA and switched CuSO4 to CUCl2"
"f5f66763f2f22b0c3e7c6196abf30135","Q",0,"Bacteria","Firmicutes","Clostridia","Oscillospirales","Hungateiclostridiaceae","HN-HF0106",NA,300,NA,"Wolfe v3: went back to modified wolfe + EDTA and switched CuSO4 to CUCl2"
"b1b1498a8ac17d5a79c894f70b0ff7c3","Q",0,"Bacteria","Firmicutes","Clostridia","Oscillospirales","Hungateiclostridiaceae",NA,NA,300,NA,"Wolfe v3: went back to modified wolfe + EDTA and switched CuSO4 to CUCl2"
"ad38e923c9aca989b782888445b843f9","Q",0,"Bacteria","Firmicutes","Clostridia","Oscillospirales","Hungateiclostridiaceae","HN-HF0106",NA,300,NA,"Wolfe v3: went back to modified wolfe + EDTA and switched CuSO4 to CUCl2"
"b9ca0e9ca6ba197607c2653e75d15261","Q",0,"Bacteria","Firmicutes","Clostridia","Oscillospirales","Hungateiclostridiaceae","HN-HF0106",NA,300,NA,"Wolfe v3: went back to modified wolfe + EDTA and switched CuSO4 to CUCl2"
"bdc8f8a67a910d09965f2c9975bb00c8","Q",0,"Bacteria","Firmicutes","Clostridia","Oscillospirales","Hungateiclostridiaceae","HN-HF0106",NA,300,NA,"Wolfe v3: went back to modified wolfe + EDTA and switched CuSO4 to CUCl2"
"7bdb643584d385bedc3578796b996258","Q",0,"Bacteria","Firmicutes","Clostridia","Oscillospirales","Hungateiclostridiaceae","HN-HF0106",NA,300,NA,"Wolfe v3: went back to modified wolfe + EDTA and switched CuSO4 to CUCl2"
"b1cb97aa18b863512ee21e70268186ac","Q",0,"Bacteria","Firmicutes","Clostridia","Oscillospirales","Hungateiclostridiaceae","HN-HF0106",NA,300,NA,"Wolfe v3: went back to modified wolfe + EDTA and switched CuSO4 to CUCl2"
"1149a5d0986a0fc3bf7a7a9057b0e033","Q",0,"Bacteria","Firmicutes","Clostridia","Oscillospirales","Hungateiclostridiaceae","HN-HF0106",NA,300,NA,"Wolfe v3: went back to modified wolfe + EDTA and switched CuSO4 to CUCl2"
"79e1085555941c59c02fe10d0db42b77","Q",0,"Bacteria","Firmicutes","Clostridia","Oscillospirales","Hungateiclostridiaceae","HN-HF0106",NA,300,NA,"Wolfe v3: went back to modified wolfe + EDTA and switched CuSO4 to CUCl2"
"5e4fdda0c1bb85957202d1498f061aa8","Q",0,"Bacteria","Firmicutes","Clostridia","Oscillospirales","Hungateiclostridiaceae",NA,NA,300,NA,"Wolfe v3: went back to modified wolfe + EDTA and switched CuSO4 to CUCl2"
"b1dd093a530c4f323e45823253ee9e15","Q",0,"Bacteria","Firmicutes","Clostridia","Oscillospirales","Hungateiclostridiaceae",NA,NA,300,NA,"Wolfe v3: went back to modified wolfe + EDTA and switched CuSO4 to CUCl2"
"ee4ac6545a6964811ec188369b533ff7","Q",0,"Bacteria","Firmicutes","Clostridia","Oscillospirales","Hungateiclostridiaceae",NA,NA,300,NA,"Wolfe v3: went back to modified wolfe + EDTA and switched CuSO4 to CUCl2"
"1d5bff435ad12cc1e038dc5444d157c0","Q",0,"Bacteria","Firmicutes","Clostridia","Oscillospirales","Hungateiclostridiaceae","Ruminiclostridium","midas_s_82903",300,NA,"Wolfe v3: went back to modified wolfe + EDTA and switched CuSO4 to CUCl2"
"ce8d585abe69c46ac0fba61726d046c5","Q",0,"Bacteria","Firmicutes","Clostridia","Oscillospirales","Hungateiclostridiaceae","Ruminiclostridium",NA,300,NA,"Wolfe v3: went back to modified wolfe + EDTA and switched CuSO4 to CUCl2"
"4d974c10bc3f6eb4c9f44f3dd9696401","Q",0,"Bacteria","Firmicutes","Clostridia","Oscillospirales","Hungateiclostridiaceae","Ruminiclostridium",NA,300,NA,"Wolfe v3: went back to modified wolfe + EDTA and switched CuSO4 to CUCl2"
"457eed011dd636fe1362bcb7e5bbe22d","Q",0,"Bacteria","Firmicutes","Clostridia","Oscillospirales","Hungateiclostridiaceae","Ruminiclostridium",NA,300,NA,"Wolfe v3: went back to modified wolfe + EDTA and switched CuSO4 to CUCl2"
"405dff4269ebcff0dbc2d5c0c63a1ee3","Q",0,"Bacteria","Firmicutes","Clostridia","Oscillospirales","Hungateiclostridiaceae","Ruminiclostridium",NA,300,NA,"Wolfe v3: went back to modified wolfe + EDTA and switched CuSO4 to CUCl2"
"678452b1266654469afd6625a7ec25f5","Q",0,"Bacteria","Firmicutes","Clostridia","Oscillospirales","Hungateiclostridiaceae","Ruminiclostridium",NA,300,NA,"Wolfe v3: went back to modified wolfe + EDTA and switched CuSO4 to CUCl2"
"8bf3a15fcb9d5db4fd6f5f1e60dbdd2f","Q",0,"Bacteria","Firmicutes","Clostridia","Oscillospirales","Hungateiclostridiaceae","Ruminiclostridium",NA,300,NA,"Wolfe v3: went back to modified wolfe + EDTA and switched CuSO4 to CUCl2"
"cd74519f8627d952e9422b81ea695058","Q",0,"Bacteria","Firmicutes","Clostridia","Oscillospirales","Hungateiclostridiaceae","Ruminiclostridium",NA,300,NA,"Wolfe v3: went back to modified wolfe + EDTA and switched CuSO4 to CUCl2"
"261ea1a5459096d6d6d7a6c03a0800ef","Q",0,"Bacteria","Firmicutes","Clostridia","Oscillospirales","Hungateiclostridiaceae","Ruminiclostridium",NA,300,NA,"Wolfe v3: went back to modified wolfe + EDTA and switched CuSO4 to CUCl2"
"be3b9cc41eb5d6dd33c9f480048a62a9","Q",0,"Bacteria","Firmicutes","Clostridia","Oscillospirales","Hungateiclostridiaceae","Ruminiclostridium","midas_s_112681",300,NA,"Wolfe v3: went back to modified wolfe + EDTA and switched CuSO4 to CUCl2"
"b11163a4c83a6ea84645bfb8a390cc5c","Q",0,"Bacteria","Firmicutes","Clostridia","Oscillospirales","Hungateiclostridiaceae","Ruminiclostridium",NA,300,NA,"Wolfe v3: went back to modified wolfe + EDTA and switched CuSO4 to CUCl2"
"c4c43c34cccdf1faffcd3c478db50fee","Q",0,"Bacteria","Firmicutes","Clostridia","Oscillospirales","Hungateiclostridiaceae","midas_g_100959","midas_s_100959",300,NA,"Wolfe v3: went back to modified wolfe + EDTA and switched CuSO4 to CUCl2"
"11504835fb7658d601b4ff78ac3173dc","Q",0,"Bacteria","Firmicutes","Clostridia","Oscillospirales","Hungateiclostridiaceae","midas_g_109879","midas_s_109879",300,NA,"Wolfe v3: went back to modified wolfe + EDTA and switched CuSO4 to CUCl2"
"1fd28ae75bb3ec630b2de2e3430c8f1e","Q",0,"Bacteria","Firmicutes","Clostridia","Oscillospirales","Hungateiclostridiaceae","Ruminiclostridium","midas_s_93077",300,NA,"Wolfe v3: went back to modified wolfe + EDTA and switched CuSO4 to CUCl2"
"eed3ead2d719313207afd241a3e462ad","Q",0,"Bacteria","Firmicutes","Clostridia","Oscillospirales","Hungateiclostridiaceae","Ruminiclostridium",NA,300,NA,"Wolfe v3: went back to modified wolfe + EDTA and switched CuSO4 to CUCl2"
"0bc59e74450baf62ec83784e80a61aa5","Q",0,"Bacteria","Firmicutes","Clostridia","Oscillospirales","Hungateiclostridiaceae",NA,NA,300,NA,"Wolfe v3: went back to modified wolfe + EDTA and switched CuSO4 to CUCl2"
"471ee7e3392aa06c75547eca0d50fdec","Q",0,"Bacteria","Firmicutes","Clostridia","Oscillospirales","Hungateiclostridiaceae",NA,NA,300,NA,"Wolfe v3: went back to modified wolfe + EDTA and switched CuSO4 to CUCl2"
"b820d1c08e8e80b6e461af1ec76a9723","Q",0,"Bacteria","Firmicutes","Clostridia","Oscillospirales","Hungateiclostridiaceae",NA,NA,300,NA,"Wolfe v3: went back to modified wolfe + EDTA and switched CuSO4 to CUCl2"
"1592babc98be7bdf1c3c62b4e1172c56","Q",0,"Bacteria","Firmicutes","Clostridia","Oscillospirales","Hungateiclostridiaceae","midas_g_98124",NA,300,NA,"Wolfe v3: went back to modified wolfe + EDTA and switched CuSO4 to CUCl2"
"204059649d5553ccc15a44ccd09de89c","Q",0,"Bacteria","Firmicutes","Clostridia","Oscillospirales","Hungateiclostridiaceae","midas_g_110175","midas_s_110175",300,NA,"Wolfe v3: went back to modified wolfe + EDTA and switched CuSO4 to CUCl2"
"7a4591ecfb8de6241f36890cc9f78663","Q",0,"Bacteria","Firmicutes","Clostridia","Oscillospirales","Hungateiclostridiaceae",NA,NA,300,NA,"Wolfe v3: went back to modified wolfe + EDTA and switched CuSO4 to CUCl2"
"d545914a091c15dc4913586bf390bfe6","Q",0,"Bacteria","Firmicutes","Clostridia","Oscillospirales","Hungateiclostridiaceae",NA,NA,300,NA,"Wolfe v3: went back to modified wolfe + EDTA and switched CuSO4 to CUCl2"
"58d6ed632edb304a2a033c46c7a62d0a","Q",0,"Bacteria","Firmicutes","Clostridia","Oscillospirales","Hungateiclostridiaceae",NA,NA,300,NA,"Wolfe v3: went back to modified wolfe + EDTA and switched CuSO4 to CUCl2"
"5842b861c82007643d496c3860a149f9","Q",0,"Bacteria","Firmicutes","Clostridia","Oscillospirales","Hungateiclostridiaceae",NA,NA,300,NA,"Wolfe v3: went back to modified wolfe + EDTA and switched CuSO4 to CUCl2"
"4651f1e124ac9d94cff06304c700b593","Q",0,"Bacteria","Firmicutes","Clostridia","Oscillospirales","Oscillospiraceae","midas_g_97862","midas_s_97862",300,NA,"Wolfe v3: went back to modified wolfe + EDTA and switched CuSO4 to CUCl2"
"cf93fb824641ba2cdbfddf60b0590131","Q",0,"Bacteria","Firmicutes","Clostridia","Monoglobales","Monoglobaceae",NA,NA,300,NA,"Wolfe v3: went back to modified wolfe + EDTA and switched CuSO4 to CUCl2"
"e4e59d9f49c532675b55e61340b2179e","Q",0,"Bacteria","Firmicutes","Clostridia","Oscillospirales","Hungateiclostridiaceae",NA,NA,300,NA,"Wolfe v3: went back to modified wolfe + EDTA and switched CuSO4 to CUCl2"
"61d14f45268668061628d7a7990641b2","Q",0,"Bacteria","Firmicutes","Clostridia",NA,NA,NA,NA,300,NA,"Wolfe v3: went back to modified wolfe + EDTA and switched CuSO4 to CUCl2"
"0b242442423fe54f3e1fe7622100a61b","Q",0,"Bacteria","Firmicutes","Clostridia","Oscillospirales","Hungateiclostridiaceae",NA,NA,300,NA,"Wolfe v3: went back to modified wolfe + EDTA and switched CuSO4 to CUCl2"
"38a3ffa5451f10cb983f8d8acd0f7d3e","Q",0,"Bacteria","Firmicutes","Clostridia","Oscillospirales","Hungateiclostridiaceae",NA,NA,300,NA,"Wolfe v3: went back to modified wolfe + EDTA and switched CuSO4 to CUCl2"
"e16f67ce9c9a6f842af7e459ca1d6239","Q",0,"Bacteria","Firmicutes","Clostridia","Oscillospirales","Hungateiclostridiaceae","midas_g_98124","midas_s_99703",300,NA,"Wolfe v3: went back to modified wolfe + EDTA and switched CuSO4 to CUCl2"
"380c64674875dbcea485ba8f1ce26a6c","Q",0,"Bacteria","Firmicutes","Clostridia","Oscillospirales","Hungateiclostridiaceae","midas_g_98124","midas_s_99703",300,NA,"Wolfe v3: went back to modified wolfe + EDTA and switched CuSO4 to CUCl2"
"1cc1768ef69206b14a737c7b1e93c3d3","Q",0,"Bacteria","Firmicutes","Clostridia","Oscillospirales","Hungateiclostridiaceae","midas_g_98124","midas_s_99703",300,NA,"Wolfe v3: went back to modified wolfe + EDTA and switched CuSO4 to CUCl2"
"289c551826100c6df283e6a9e2050688","Q",0,"Bacteria","Firmicutes","Clostridia","Oscillospirales","Hungateiclostridiaceae",NA,NA,300,NA,"Wolfe v3: went back to modified wolfe + EDTA and switched CuSO4 to CUCl2"
"ee4416ea3d6750d9a8586868330f1ff6","Q",0,"Bacteria","Firmicutes","Clostridia","Oscillospirales","UCG-010","midas_g_91981","midas_s_101110",300,NA,"Wolfe v3: went back to modified wolfe + EDTA and switched CuSO4 to CUCl2"
"66cca1bc3b202fdae68d02d5f859b53f","Q",0,"Bacteria","Firmicutes","Clostridia","Oscillospirales","UCG-010","midas_g_85064","midas_s_85064",300,NA,"Wolfe v3: went back to modified wolfe + EDTA and switched CuSO4 to CUCl2"
"eb0ccdfb925b4aa269b4e3d6848c7b32","Q",0,"Bacteria","Firmicutes","Clostridia","Oscillospirales","UCG-010","midas_g_4772",NA,300,NA,"Wolfe v3: went back to modified wolfe + EDTA and switched CuSO4 to CUCl2"
"82fd1b576ddb5cb4a31555dc2a02f381","Q",0,"Bacteria","Firmicutes","Clostridia","Oscillospirales","UCG-010","midas_g_77197","midas_s_77197",300,NA,"Wolfe v3: went back to modified wolfe + EDTA and switched CuSO4 to CUCl2"
"a85ae3de6b2dd626049270444199438e","Q",0,"Bacteria","Firmicutes","Clostridia","Oscillospirales","UCG-010","midas_g_103381","midas_s_103381",300,NA,"Wolfe v3: went back to modified wolfe + EDTA and switched CuSO4 to CUCl2"
"c55e2d0573fbdcf300cff596408b7072","Q",0,"Bacteria","Firmicutes","Clostridia","Oscillospirales","UCG-010","midas_g_4279","midas_s_4279",300,NA,"Wolfe v3: went back to modified wolfe + EDTA and switched CuSO4 to CUCl2"
"0944c80185fbba7f13e44329a3276e65","Q",0,"Bacteria","Firmicutes","Clostridia","Oscillospirales","UCG-010","midas_g_63491","midas_s_63491",300,NA,"Wolfe v3: went back to modified wolfe + EDTA and switched CuSO4 to CUCl2"
"ac535b64f804c2eee5084adc741f7839","Q",0,"Bacteria","Firmicutes","Clostridia","Oscillospirales","Oscillospiraceae",NA,NA,300,NA,"Wolfe v3: went back to modified wolfe + EDTA and switched CuSO4 to CUCl2"
"86ea29b42288be56c5aadc5b0f322728","Q",0,"Bacteria","Firmicutes","Clostridia","Oscillospirales","Oscillospiraceae","NK4A214_group",NA,300,NA,"Wolfe v3: went back to modified wolfe + EDTA and switched CuSO4 to CUCl2"
"43c8008fb032a5ed2cb06dafa83e23ec","Q",0,"Bacteria","Firmicutes","Clostridia","Oscillospirales","Oscillospiraceae","NK4A214_group",NA,300,NA,"Wolfe v3: went back to modified wolfe + EDTA and switched CuSO4 to CUCl2"
"53688d14dd7b6148f42ecab9e78035a6","Q",0,"Bacteria","Firmicutes","Clostridia","Oscillospirales","Oscillospiraceae","NK4A214_group",NA,300,NA,"Wolfe v3: went back to modified wolfe + EDTA and switched CuSO4 to CUCl2"
"a3966ba5c2d8070f9df1a9eb4f46bca9","Q",0,"Bacteria","Firmicutes","Clostridia","Oscillospirales","Oscillospiraceae","NK4A214_group",NA,300,NA,"Wolfe v3: went back to modified wolfe + EDTA and switched CuSO4 to CUCl2"
"50af975bdb69f3f8359160d177493dc6","Q",0,"Bacteria","Firmicutes","Clostridia","Oscillospirales","midas_f_46690","midas_g_99792","midas_s_112905",300,NA,"Wolfe v3: went back to modified wolfe + EDTA and switched CuSO4 to CUCl2"
"0ea9d87b8a7848918b64da425e91999a","Q",0,"Bacteria","Firmicutes","Clostridia","Oscillospirales","Butyricicoccaceae","UCG-009","midas_s_84783",300,NA,"Wolfe v3: went back to modified wolfe + EDTA and switched CuSO4 to CUCl2"
"f3082c2e28d3436ef615bb6541defb48","Q",0,"Bacteria","Firmicutes","Clostridia","Oscillospirales","Butyricicoccaceae",NA,NA,300,NA,"Wolfe v3: went back to modified wolfe + EDTA and switched CuSO4 to CUCl2"
"2548f61c3083181969197199a1a27bf5","Q",0,"Bacteria","Firmicutes","Clostridia","Oscillospirales","Oscillospiraceae","midas_g_110651","midas_s_110651",300,NA,"Wolfe v3: went back to modified wolfe + EDTA and switched CuSO4 to CUCl2"
"8db3a14ae839a3bee50b9a192c59f8f9","Q",0,"Bacteria","Firmicutes","Clostridia","Oscillospirales","Oscillospiraceae","midas_g_9023","midas_s_9023",300,NA,"Wolfe v3: went back to modified wolfe + EDTA and switched CuSO4 to CUCl2"
"25e038c681656412cc697571c2d30118","Q",0,"Bacteria","Firmicutes","Clostridia","Oscillospirales","Oscillospiraceae","Intestinimonas","midas_s_95615",300,NA,"Wolfe v3: went back to modified wolfe + EDTA and switched CuSO4 to CUCl2"
"d02e8e093df5064814273f652473189e","Q",0,"Bacteria","Firmicutes","Clostridia","Oscillospirales","Oscillospiraceae","Intestinimonas","midas_s_95615",300,NA,"Wolfe v3: went back to modified wolfe + EDTA and switched CuSO4 to CUCl2"
"31a1e677493dc62acdbb253351f9a251","Q",0,"Bacteria","Firmicutes","Clostridia","Oscillospirales","Oscillospiraceae","Intestinimonas","midas_s_95615",300,NA,"Wolfe v3: went back to modified wolfe + EDTA and switched CuSO4 to CUCl2"
"6e50cfec46931f3d8e0af8e75af55b43","Q",0,"Bacteria","Firmicutes","Clostridia","Oscillospirales","Oscillospiraceae","Colidextribacter",NA,300,NA,"Wolfe v3: went back to modified wolfe + EDTA and switched CuSO4 to CUCl2"
"734ceaf61779c85297c95adf8ddc6ad3","Q",0,"Bacteria","Firmicutes","Clostridia","Oscillospirales","Oscillospiraceae","Colidextribacter","midas_s_112711",300,NA,"Wolfe v3: went back to modified wolfe + EDTA and switched CuSO4 to CUCl2"
"181a2b6fbc1d5f5de022772f08fb875c","Q",0,"Bacteria","Firmicutes","Clostridia","Oscillospirales","Oscillospiraceae","Colidextribacter",NA,300,NA,"Wolfe v3: went back to modified wolfe + EDTA and switched CuSO4 to CUCl2"
"56eed20694eeebce9a5a6bc4626aca89","Q",0,"Bacteria","Firmicutes","Clostridia","Oscillospirales","Oscillospiraceae","Colidextribacter","midas_s_63665",300,NA,"Wolfe v3: went back to modified wolfe + EDTA and switched CuSO4 to CUCl2"
"8f5c4dec742c9287a0f71ebe671bdc16","Q",0,"Bacteria","Firmicutes","Clostridia","Oscillospirales","Oscillospiraceae",NA,NA,300,NA,"Wolfe v3: went back to modified wolfe + EDTA and switched CuSO4 to CUCl2"
"424c5645f91f0d2c1ddce0523e2e5481","Q",0,"Bacteria","Firmicutes","Clostridia","Oscillospirales","Oscillospiraceae","Colidextribacter","midas_s_63665",300,NA,"Wolfe v3: went back to modified wolfe + EDTA and switched CuSO4 to CUCl2"
"cea1ad1aac0bb510c18d3f96c1aec560","Q",0,"Bacteria","Firmicutes","Clostridia","Oscillospirales","Oscillospiraceae",NA,NA,300,NA,"Wolfe v3: went back to modified wolfe + EDTA and switched CuSO4 to CUCl2"
"68961d428c4c1a26c72ee58ffe940b99","Q",0,"Bacteria","Firmicutes","Clostridia","Oscillospirales","Butyricicoccaceae","UCG-009","midas_s_113755",300,NA,"Wolfe v3: went back to modified wolfe + EDTA and switched CuSO4 to CUCl2"
"14ce80de12b0526121a4d0f4058099d1","Q",0,"Bacteria","Firmicutes","Clostridia","Oscillospirales","Oscillospiraceae","midas_g_102931","midas_s_102931",300,NA,"Wolfe v3: went back to modified wolfe + EDTA and switched CuSO4 to CUCl2"
"c2cac7d762781f38d91567c99eba157e","Q",0,"Bacteria","Firmicutes","Clostridia","Oscillospirales","Oscillospiraceae","midas_g_102931","midas_s_102931",300,NA,"Wolfe v3: went back to modified wolfe + EDTA and switched CuSO4 to CUCl2"
"964a2b2f2580973e2dc2039796a8eb37","Q",0,"Bacteria","Firmicutes","Clostridia","Oscillospirales","Oscillospiraceae","midas_g_106156","midas_s_106156",300,NA,"Wolfe v3: went back to modified wolfe + EDTA and switched CuSO4 to CUCl2"
"f2898c48280ac39868a2fa71eb0211f3","Q",0,"Bacteria","Firmicutes","Clostridia","Oscillospirales","Oscillospiraceae","NK4A214_group",NA,300,NA,"Wolfe v3: went back to modified wolfe + EDTA and switched CuSO4 to CUCl2"
"76bfb4e09e6ad08f8a206e9a5debe694","Q",0,"Bacteria","Firmicutes","Clostridia","Oscillospirales","Oscillospiraceae","NK4A214_group",NA,300,NA,"Wolfe v3: went back to modified wolfe + EDTA and switched CuSO4 to CUCl2"
"ec32cc6605cedce13a2049357143079a","Q",0,"Bacteria","Firmicutes","Clostridia","Oscillospirales","Hungateiclostridiaceae","midas_g_5977","midas_s_5977",300,NA,"Wolfe v3: went back to modified wolfe + EDTA and switched CuSO4 to CUCl2"
"807e5c070ad04eee21adcd47683dda41","Q",0,"Bacteria","Firmicutes","Clostridia","Oscillospirales","Hungateiclostridiaceae","Ercella","midas_s_4116",300,NA,"Wolfe v3: went back to modified wolfe + EDTA and switched CuSO4 to CUCl2"
"95d7089b4d7799ace0a9c5d9acd3b32f","Q",0,"Bacteria","Firmicutes","Clostridia","Oscillospirales","Hungateiclostridiaceae","Ercella",NA,300,NA,"Wolfe v3: went back to modified wolfe + EDTA and switched CuSO4 to CUCl2"
"3d34df899c737d07c37a5141fecdc373","Q",0,"Bacteria","Firmicutes","Clostridia","Oscillospirales","Hungateiclostridiaceae","Ercella",NA,300,NA,"Wolfe v3: went back to modified wolfe + EDTA and switched CuSO4 to CUCl2"
"b777295e241883a56ab55b6d0fab2f76","Q",0,"Bacteria","Firmicutes","Clostridia","Oscillospirales","Hungateiclostridiaceae","Ercella",NA,300,NA,"Wolfe v3: went back to modified wolfe + EDTA and switched CuSO4 to CUCl2"
"b35b4cb81d7c54205db79368125f511b","Q",0,"Bacteria","Firmicutes","Clostridia","Oscillospirales","Hungateiclostridiaceae",NA,NA,300,NA,"Wolfe v3: went back to modified wolfe + EDTA and switched CuSO4 to CUCl2"
"687530ef97a8574b08b65e6100ed1f16","Q",0,"Bacteria","Firmicutes","Clostridia","Oscillospirales","Hungateiclostridiaceae",NA,NA,300,NA,"Wolfe v3: went back to modified wolfe + EDTA and switched CuSO4 to CUCl2"
"527903fbf386db15505deed22209fe0a","Q",0,"Bacteria","Firmicutes","Clostridia","Oscillospirales","Hungateiclostridiaceae",NA,NA,300,NA,"Wolfe v3: went back to modified wolfe + EDTA and switched CuSO4 to CUCl2"
"6cd824d1e0974fbbf83448af65c0def7","Q",0,"Bacteria","Firmicutes","Clostridia","Oscillospirales","Hungateiclostridiaceae","midas_g_95090","midas_s_95090",300,NA,"Wolfe v3: went back to modified wolfe + EDTA and switched CuSO4 to CUCl2"
"02ea17d797fcd9ffbf9d5e3644039b1c","Q",0,"Bacteria","Firmicutes","Clostridia","Oscillospirales","Hungateiclostridiaceae",NA,NA,300,NA,"Wolfe v3: went back to modified wolfe + EDTA and switched CuSO4 to CUCl2"
"8fbc49c6f3ec10b319e77d0a2ed2204f","Q",0,"Bacteria","Firmicutes","Clostridia","Oscillospirales","Hungateiclostridiaceae","midas_g_4116",NA,300,NA,"Wolfe v3: went back to modified wolfe + EDTA and switched CuSO4 to CUCl2"
"f70e093acf38a2d3d8f0e88980b0293d","Q",0,"Bacteria","Firmicutes","Clostridia","Oscillospirales","Hungateiclostridiaceae",NA,NA,300,NA,"Wolfe v3: went back to modified wolfe + EDTA and switched CuSO4 to CUCl2"
"8aa21df13e2d324fd17fe7d44bc77099","Q",0,"Bacteria","Firmicutes","Clostridia","Oscillospirales","Hungateiclostridiaceae","Ercella","midas_s_83640",300,NA,"Wolfe v3: went back to modified wolfe + EDTA and switched CuSO4 to CUCl2"
"8a7df6e8751646d9927c0f0ed34cbf5b","Q",0,"Bacteria","Firmicutes","Clostridia","Oscillospirales","Hungateiclostridiaceae","Ercella","midas_s_13743",300,NA,"Wolfe v3: went back to modified wolfe + EDTA and switched CuSO4 to CUCl2"
"de46181cbf8f5129eec604079cf07d1f","Q",0,"Bacteria","Firmicutes","Clostridia","Oscillospirales","Hungateiclostridiaceae","Ercella",NA,300,NA,"Wolfe v3: went back to modified wolfe + EDTA and switched CuSO4 to CUCl2"
"203409814477d3107596c93e9ba7e5bc","Q",0,"Bacteria","Firmicutes","Clostridia","Oscillospirales","Hungateiclostridiaceae","Ercella","midas_s_78238",300,NA,"Wolfe v3: went back to modified wolfe + EDTA and switched CuSO4 to CUCl2"
"08bd59c0dd2f1976f90f4d752e6d414b","Q",0,"Bacteria","Firmicutes","Clostridia","Oscillospirales","Hungateiclostridiaceae","Ercella",NA,300,NA,"Wolfe v3: went back to modified wolfe + EDTA and switched CuSO4 to CUCl2"
"b73b1ef694c71eec29bf86c697f26b20","Q",0,"Bacteria","Firmicutes","Clostridia","Oscillospirales","Hungateiclostridiaceae",NA,NA,300,NA,"Wolfe v3: went back to modified wolfe + EDTA and switched CuSO4 to CUCl2"
"ffb24eab9531da0542b30ff802e34b65","Q",0,"Bacteria","Firmicutes","Clostridia","Oscillospirales","Hungateiclostridiaceae",NA,NA,300,NA,"Wolfe v3: went back to modified wolfe + EDTA and switched CuSO4 to CUCl2"
"e02d000221827a781a3081c79cbc5016","Q",0,"Bacteria","Firmicutes","Clostridia","Oscillospirales","Hungateiclostridiaceae",NA,NA,300,NA,"Wolfe v3: went back to modified wolfe + EDTA and switched CuSO4 to CUCl2"
"af7a5c90aaa1a98d17616ee1ce8cbd96","Q",0,"Bacteria","Firmicutes","Clostridia","Oscillospirales","Hungateiclostridiaceae","midas_g_99774","midas_s_99774",300,NA,"Wolfe v3: went back to modified wolfe + EDTA and switched CuSO4 to CUCl2"
"1910bfda20570cb1978198cf2fa8e330","Q",0,"Bacteria","Firmicutes","Clostridia","Oscillospirales","Hungateiclostridiaceae","midas_g_52243","midas_s_63355",300,NA,"Wolfe v3: went back to modified wolfe + EDTA and switched CuSO4 to CUCl2"
"4faa3699baba0e697f56b8f69a2a1f40","Q",0,"Bacteria","Firmicutes","Clostridia","Oscillospirales","Hungateiclostridiaceae","midas_g_6626","midas_s_84963",300,NA,"Wolfe v3: went back to modified wolfe + EDTA and switched CuSO4 to CUCl2"
"24b5476371dc34ef4f12b359d6ea6fe4","Q",0,"Bacteria","Firmicutes","Clostridia","Oscillospirales","Hungateiclostridiaceae","midas_g_76594","midas_s_76594",300,NA,"Wolfe v3: went back to modified wolfe + EDTA and switched CuSO4 to CUCl2"
"bda11f81d4705f02ac8558b96bff4e28","Q",0,"Bacteria","Firmicutes","Clostridia","Oscillospirales","Hungateiclostridiaceae","midas_g_112430","midas_s_115612",300,NA,"Wolfe v3: went back to modified wolfe + EDTA and switched CuSO4 to CUCl2"
"43c0b25b6784fa0e906d10eea57852c8","Q",0,"Bacteria","Firmicutes","Clostridia","Oscillospirales","Hungateiclostridiaceae","Ruminiclostridium","midas_s_100070",300,NA,"Wolfe v3: went back to modified wolfe + EDTA and switched CuSO4 to CUCl2"
"46fcb071239921902d1df130f863599c","Q",0,"Bacteria","Firmicutes","Clostridia","Oscillospirales","Hungateiclostridiaceae","Ruminiclostridium",NA,300,NA,"Wolfe v3: went back to modified wolfe + EDTA and switched CuSO4 to CUCl2"
"b0d26647a7f6153005ecd3ce5683ef89","Q",0,"Bacteria","Firmicutes","Clostridia","Oscillospirales","Hungateiclostridiaceae",NA,NA,300,NA,"Wolfe v3: went back to modified wolfe + EDTA and switched CuSO4 to CUCl2"
"4293552e270e9654178ff729c07282fd","Q",0,"Bacteria","Firmicutes","Clostridia","Oscillospirales","Hungateiclostridiaceae","midas_g_2604","midas_s_99209",300,NA,"Wolfe v3: went back to modified wolfe + EDTA and switched CuSO4 to CUCl2"
"79ba36cfcb1bdd16bc3aad97c47a1e6b","Q",0,"Bacteria","Firmicutes","Clostridia","Oscillospirales","Hungateiclostridiaceae","midas_g_2604","midas_s_99209",300,NA,"Wolfe v3: went back to modified wolfe + EDTA and switched CuSO4 to CUCl2"
"11ec9f654a9c1c5dc45e40f82e7cb970","Q",0,"Bacteria","Firmicutes","Clostridia","Oscillospirales","Hungateiclostridiaceae","Fastidiosipila","midas_s_101643",300,NA,"Wolfe v3: went back to modified wolfe + EDTA and switched CuSO4 to CUCl2"
"34bd302b38c473a6dc69875818ebfb23","Q",0,"Bacteria","Firmicutes","Clostridia","Oscillospirales","Hungateiclostridiaceae","Fastidiosipila","midas_s_98211",300,NA,"Wolfe v3: went back to modified wolfe + EDTA and switched CuSO4 to CUCl2"
"2ab2d8b1e4ae115107b0baed6f6181ba","Q",0,"Bacteria","Firmicutes","Clostridia","Oscillospirales","Hungateiclostridiaceae","Fastidiosipila","midas_s_98211",300,NA,"Wolfe v3: went back to modified wolfe + EDTA and switched CuSO4 to CUCl2"
"67ab6a8c32dcb38e12415ef305a06ce6","Q",0,"Bacteria","Firmicutes","Clostridia","Oscillospirales","Hungateiclostridiaceae","Fastidiosipila","midas_s_2067",300,NA,"Wolfe v3: went back to modified wolfe + EDTA and switched CuSO4 to CUCl2"
"07bb3ab197992af0b741d1b71fc16c74","Q",0,"Bacteria","Firmicutes","Clostridia","Oscillospirales","Hungateiclostridiaceae","Fastidiosipila","midas_s_1210",300,NA,"Wolfe v3: went back to modified wolfe + EDTA and switched CuSO4 to CUCl2"
"6fdf97e983896ead9e2ae8cce7c97f46","Q",0,"Bacteria","Firmicutes","Clostridia","Oscillospirales","Hungateiclostridiaceae","Fastidiosipila","midas_s_605",300,NA,"Wolfe v3: went back to modified wolfe + EDTA and switched CuSO4 to CUCl2"
"53303fb50c16833ed95f7bd85950456e","Q",0,"Bacteria","Firmicutes","Clostridia","Oscillospirales","Hungateiclostridiaceae","midas_g_2408","midas_s_2408",300,NA,"Wolfe v3: went back to modified wolfe + EDTA and switched CuSO4 to CUCl2"
"ced3d95a776f5047eb0ab75ebeaa0555","Q",0,"Bacteria","Firmicutes","Clostridia","Monoglobales","Monoglobaceae","midas_g_100262","midas_s_100262",300,NA,"Wolfe v3: went back to modified wolfe + EDTA and switched CuSO4 to CUCl2"
"1871e15a08fa2411512dc34595fb1958","Q",0,"Bacteria","Firmicutes","Clostridia","Monoglobales","Monoglobaceae","Monoglobus","midas_s_52816",300,NA,"Wolfe v3: went back to modified wolfe + EDTA and switched CuSO4 to CUCl2"
"1a78865d2083e443fbc5b19b0ea17fc5","Q",0,"Bacteria","Firmicutes","Clostridia","Monoglobales","Monoglobaceae","Monoglobus","midas_s_52816",300,NA,"Wolfe v3: went back to modified wolfe + EDTA and switched CuSO4 to CUCl2"
"7aaece58fc746f9480457f6056857dfe","Q",0,"Bacteria","Firmicutes","Clostridia","Monoglobales","Monoglobaceae","Monoglobus",NA,300,NA,"Wolfe v3: went back to modified wolfe + EDTA and switched CuSO4 to CUCl2"
"303f7af49ecdd12099842ae3af234567","Q",0,"Bacteria","Firmicutes","Clostridia","Monoglobales","Monoglobaceae",NA,NA,300,NA,"Wolfe v3: went back to modified wolfe + EDTA and switched CuSO4 to CUCl2"
"05f1e3ae2775e34620e57edf62271d6d","Q",0,"Bacteria","Firmicutes","Clostridia","Monoglobales","Monoglobaceae","midas_g_115519","midas_s_115519",300,NA,"Wolfe v3: went back to modified wolfe + EDTA and switched CuSO4 to CUCl2"
"dc960b31bf96a79c812f9e13fe5b26aa","Q",0,"Bacteria","Firmicutes","Clostridia","Monoglobales","Monoglobaceae","Monoglobus",NA,300,NA,"Wolfe v3: went back to modified wolfe + EDTA and switched CuSO4 to CUCl2"
"534be7183f24b21ccc3a792f5c7e5169","Q",0,"Bacteria","Firmicutes","Clostridia","Monoglobales","Monoglobaceae","Monoglobus",NA,300,NA,"Wolfe v3: went back to modified wolfe + EDTA and switched CuSO4 to CUCl2"
"64303da63d4474d55a0486a7f379c2ba","Q",0,"Bacteria","Firmicutes","Clostridia","Monoglobales","Monoglobaceae","Monoglobus",NA,300,NA,"Wolfe v3: went back to modified wolfe + EDTA and switched CuSO4 to CUCl2"
"0f4a7eac09f580255faedbb1da343681","Q",0,"Bacteria","Firmicutes","Clostridia","Monoglobales","Monoglobaceae","Monoglobus",NA,300,NA,"Wolfe v3: went back to modified wolfe + EDTA and switched CuSO4 to CUCl2"
"f04944690d5cdfed3a6e59cfaa04ce13","Q",0,"Bacteria","Firmicutes","Clostridia","Monoglobales","Monoglobaceae","Monoglobus","midas_s_112464",300,NA,"Wolfe v3: went back to modified wolfe + EDTA and switched CuSO4 to CUCl2"
"8d422552eb2392c7c2d4743727d1ff33","Q",0,"Bacteria","Firmicutes","Clostridia","Oscillospirales","Oscillospiraceae","Papillibacter","midas_s_68307",300,NA,"Wolfe v3: went back to modified wolfe + EDTA and switched CuSO4 to CUCl2"
"38e01c452b469921cbeedecef774390c","Q",0,"Bacteria","Firmicutes","Clostridia","Oscillospirales","Oscillospiraceae",NA,NA,300,NA,"Wolfe v3: went back to modified wolfe + EDTA and switched CuSO4 to CUCl2"
"7a7bc8160be971cd4073affbe56358c7","Q",0,"Bacteria","Firmicutes","Clostridia","Oscillospirales","Oscillospiraceae","NK4A214_group","midas_s_66174",300,NA,"Wolfe v3: went back to modified wolfe + EDTA and switched CuSO4 to CUCl2"
"8067fd3f7aedca5f755d76ba6d001ecc","Q",0,"Bacteria","Firmicutes","Clostridia","Oscillospirales","Oscillospiraceae","UCG-002","midas_s_5314",300,NA,"Wolfe v3: went back to modified wolfe + EDTA and switched CuSO4 to CUCl2"
"de329304e57f0e32da3a08e64625a2e1","Q",0,"Bacteria","Firmicutes","Clostridia","Oscillospirales","Oscillospiraceae","Oscillibacter",NA,300,NA,"Wolfe v3: went back to modified wolfe + EDTA and switched CuSO4 to CUCl2"
"b0d25a3bc288f3c5ac8b993c6e4504dd","Q",0,"Bacteria","Firmicutes","Clostridia","Oscillospirales","Oscillospiraceae","Oscillibacter","midas_s_103470",300,NA,"Wolfe v3: went back to modified wolfe + EDTA and switched CuSO4 to CUCl2"
"3ab7c5dece6b62c7faf92b667d63b4a0","Q",0,"Bacteria","Firmicutes","Clostridia","Oscillospirales","Oscillospiraceae","Oscillibacter",NA,300,NA,"Wolfe v3: went back to modified wolfe + EDTA and switched CuSO4 to CUCl2"
"765b69d9c4313cc8630769db523cc54c","Q",0,"Bacteria","Firmicutes","Clostridia","Oscillospirales","Oscillospiraceae","Oscillibacter",NA,300,NA,"Wolfe v3: went back to modified wolfe + EDTA and switched CuSO4 to CUCl2"
"6178807a00a64843e5bb9f31f0a5f42c","Q",0,"Bacteria","Firmicutes","Clostridia","Oscillospirales","Oscillospiraceae","midas_g_119665","midas_s_119665",300,NA,"Wolfe v3: went back to modified wolfe + EDTA and switched CuSO4 to CUCl2"
"72d63057d6e53e6e72b1af409c9ed0fb","Q",0,"Bacteria","Firmicutes","Clostridia","Oscillospirales","Oscillospiraceae","midas_g_82137","midas_s_82137",300,NA,"Wolfe v3: went back to modified wolfe + EDTA and switched CuSO4 to CUCl2"
"31b772f3e0f36755cdb6cd584a8a105f","Q",0,"Bacteria","Firmicutes","Clostridia","Oscillospirales","Oscillospiraceae","midas_g_112829","midas_s_112829",300,NA,"Wolfe v3: went back to modified wolfe + EDTA and switched CuSO4 to CUCl2"
"f61f4c9b8258738ad3ee7663e43e7907","Q",0,"Bacteria","Firmicutes","Clostridia","Oscillospirales","Oscillospiraceae","midas_g_82137",NA,300,NA,"Wolfe v3: went back to modified wolfe + EDTA and switched CuSO4 to CUCl2"
"e438545696891f9da484c32c04332871","Q",0,"Bacteria","Firmicutes","Clostridia","Oscillospirales","Oscillospiraceae","midas_g_82137","midas_s_114924",300,NA,"Wolfe v3: went back to modified wolfe + EDTA and switched CuSO4 to CUCl2"
"172049e46605909f99651e4d0efb8578","Q",0,"Bacteria","Firmicutes","Clostridia","Monoglobales","Monoglobaceae","Monoglobus","midas_s_18521",300,NA,"Wolfe v3: went back to modified wolfe + EDTA and switched CuSO4 to CUCl2"
"613a529206f7a8428ca4bb000c908d35","Q",0,"Bacteria","Firmicutes","Clostridia","Lachnospirales","Lachnospiraceae","Epulopiscium","midas_s_71938",300,NA,"Wolfe v3: went back to modified wolfe + EDTA and switched CuSO4 to CUCl2"
"7f26e242060257e98029fcaad8b88db9","Q",0,"Bacteria","Firmicutes","Clostridia","Lachnospirales","Lachnospiraceae","Cellulosilyticum","midas_s_4741",300,NA,"Wolfe v3: went back to modified wolfe + EDTA and switched CuSO4 to CUCl2"
"ae704d1c88be49728d2e2bd87af45c54","Q",0,"Bacteria","Firmicutes","Clostridia","Lachnospirales","Lachnospiraceae","Cellulosilyticum",NA,300,NA,"Wolfe v3: went back to modified wolfe + EDTA and switched CuSO4 to CUCl2"
"b3b12b9ab4a7ba52db234d329bd0ff98","Q",0,"Bacteria","Firmicutes","Clostridia","Clostridia_UCG-014","midas_f_4482","midas_g_4482","midas_s_4482",300,NA,"Wolfe v3: went back to modified wolfe + EDTA and switched CuSO4 to CUCl2"
"fe5ba29df5b7470530baf59c3368072e","Q",0,"Bacteria","Firmicutes","Clostridia","Clostridia_UCG-014","midas_f_4482","midas_g_25603","midas_s_25603",300,NA,"Wolfe v3: went back to modified wolfe + EDTA and switched CuSO4 to CUCl2"
"06e03c616890e7dd3b607e7605fda9be","Q",0,"Bacteria","Firmicutes","Clostridia","Lachnospirales","Lachnospiraceae","Lachnospira","midas_s_53701",300,NA,"Wolfe v3: went back to modified wolfe + EDTA and switched CuSO4 to CUCl2"
"0c383d815fd10fc34608bc3c3415bd28","Q",0,"Bacteria","Firmicutes","Clostridia","Lachnospirales","Lachnospiraceae","Lachnospiraceae_ND3007_group","midas_s_30707",300,NA,"Wolfe v3: went back to modified wolfe + EDTA and switched CuSO4 to CUCl2"
"ac3f05517b1b612528747e13dde51f63","Q",0,"Bacteria","Firmicutes","Clostridia","Lachnospirales","Lachnospiraceae","Eubacterium_ruminantium_group","midas_s_37579",300,NA,"Wolfe v3: went back to modified wolfe + EDTA and switched CuSO4 to CUCl2"
"e357713de529ed95dc5d315656f58df9","Q",0,"Bacteria","Firmicutes","Clostridia","Lachnospirales","Lachnospiraceae",NA,NA,300,NA,"Wolfe v3: went back to modified wolfe + EDTA and switched CuSO4 to CUCl2"
"4e54424feaf302b38dacbb7da4c883dd","Q",0,"Bacteria","Firmicutes","Clostridia","Lachnospirales","Lachnospiraceae",NA,NA,300,NA,"Wolfe v3: went back to modified wolfe + EDTA and switched CuSO4 to CUCl2"
"bab56c548143c05f1bd021822bf7aa19","Q",0,"Bacteria","Firmicutes","Clostridia","Lachnospirales","Lachnospiraceae",NA,NA,300,NA,"Wolfe v3: went back to modified wolfe + EDTA and switched CuSO4 to CUCl2"
"c6171a3d89596153e525e7c455919126","Q",0,"Bacteria","Firmicutes","Clostridia","Lachnospirales","Lachnospiraceae",NA,NA,300,NA,"Wolfe v3: went back to modified wolfe + EDTA and switched CuSO4 to CUCl2"
"2496952100a88c88466683710edf34ba","Q",0,"Bacteria","Firmicutes","Clostridia","Lachnospirales","Lachnospiraceae","Herbinix",NA,300,NA,"Wolfe v3: went back to modified wolfe + EDTA and switched CuSO4 to CUCl2"
"7229a1a874924db8456664b2a5985136","Q",0,"Bacteria","Firmicutes","Clostridia","Lachnospirales","Lachnospiraceae",NA,NA,300,NA,"Wolfe v3: went back to modified wolfe + EDTA and switched CuSO4 to CUCl2"
"9895ece38025393ef9ccafafea501d77","Q",0,"Bacteria","Firmicutes","Clostridia","Lachnospirales","Lachnospiraceae",NA,NA,300,NA,"Wolfe v3: went back to modified wolfe + EDTA and switched CuSO4 to CUCl2"
"3182f7f1481c062400961d614823e485","Q",0,"Bacteria","Firmicutes","Clostridia","Lachnospirales","Lachnospiraceae","Lachnoclostridium",NA,300,NA,"Wolfe v3: went back to modified wolfe + EDTA and switched CuSO4 to CUCl2"
"956d35dae808c86e4c2763cba7d609fa","Q",0,"Bacteria","Firmicutes","Clostridia","Lachnospirales","Lachnospiraceae","Lachnoclostridium",NA,300,NA,"Wolfe v3: went back to modified wolfe + EDTA and switched CuSO4 to CUCl2"
"a43c475502b54cdee1385dcca3109bfe","Q",0,"Bacteria","Firmicutes","Clostridia","Lachnospirales","Lachnospiraceae","Lachnoclostridium",NA,300,NA,"Wolfe v3: went back to modified wolfe + EDTA and switched CuSO4 to CUCl2"
"bf3cf03e93fd3eb39a0ee44a895a1e2d","Q",0,"Bacteria","Firmicutes","Clostridia","Lachnospirales","Lachnospiraceae","Lachnospiraceae_FCS020_group","midas_s_67800",300,NA,"Wolfe v3: went back to modified wolfe + EDTA and switched CuSO4 to CUCl2"
"3cf1742119ed5fa9647b23f85b3f9af1","Q",0,"Bacteria","Firmicutes","Clostridia","Lachnospirales","Lachnospiraceae","Blautia","Blautia_faecis",300,NA,"Wolfe v3: went back to modified wolfe + EDTA and switched CuSO4 to CUCl2"
"3ad87bba1f2057ec3f2d3dfb1faa6e4c","Q",0,"Bacteria","Firmicutes","Clostridia","Lachnospirales","Lachnospiraceae","Blautia",NA,300,NA,"Wolfe v3: went back to modified wolfe + EDTA and switched CuSO4 to CUCl2"
"e00f85cb3452e37943500e86afb268f4","Q",0,"Bacteria","Firmicutes","Clostridia","Lachnospirales","Lachnospiraceae","Blautia",NA,300,NA,"Wolfe v3: went back to modified wolfe + EDTA and switched CuSO4 to CUCl2"
"e8f301ad6c8b07835edee784bcb81d17","Q",0,"Bacteria","Firmicutes","Clostridia","Lachnospirales","Lachnospiraceae",NA,NA,300,NA,"Wolfe v3: went back to modified wolfe + EDTA and switched CuSO4 to CUCl2"
"f136f89d85c81d529c2d0a438cdffe1d","Q",0,"Bacteria","Firmicutes","Clostridia","Lachnospirales","Lachnospiraceae","Lachnospiraceae_NK4A136_group","midas_s_53637",300,NA,"Wolfe v3: went back to modified wolfe + EDTA and switched CuSO4 to CUCl2"
"cc6afef9ee630eedd003d07f22d62140","Q",0,"Bacteria","Firmicutes","Clostridia","Lachnospirales","Lachnospiraceae","midas_g_53985","midas_s_60470",300,NA,"Wolfe v3: went back to modified wolfe + EDTA and switched CuSO4 to CUCl2"
"bbbec58ac7c2e7c7ce1734a34aec1ae8","Q",0,"Bacteria","Firmicutes","Clostridia","Lachnospirales","Lachnospiraceae","Butyrivibrio","midas_s_6551",300,NA,"Wolfe v3: went back to modified wolfe + EDTA and switched CuSO4 to CUCl2"
"0f312394fc32d16cfdca183b11aad4ad","Q",0,"Bacteria","Firmicutes","Clostridia","Lachnospirales","Lachnospiraceae","Lachnoclostridium","Clostridium_citroniae",300,NA,"Wolfe v3: went back to modified wolfe + EDTA and switched CuSO4 to CUCl2"
"8cc8b34be2f3cb1e12e390328759aaf7","Q",0,"Bacteria","Firmicutes","Clostridia","Lachnospirales","Lachnospiraceae","Roseburia","Roseburia_intestinalis",300,NA,"Wolfe v3: went back to modified wolfe + EDTA and switched CuSO4 to CUCl2"
"ebe91a7d912f432d8726b0cef99d18c3","Q",0,"Bacteria","Firmicutes","Clostridia","Lachnospirales","Lachnospiraceae","Roseburia","midas_s_71185",300,NA,"Wolfe v3: went back to modified wolfe + EDTA and switched CuSO4 to CUCl2"
"fd28148d0cd2eca274f8a3bb38944793","Q",0,"Bacteria","Firmicutes","Clostridia","Lachnospirales","Lachnospiraceae","XBB1006","Falcatimonas_natans",300,NA,"Wolfe v3: went back to modified wolfe + EDTA and switched CuSO4 to CUCl2"
"0baae4d70749907f3e1f9be33a159e80","Q",0,"Bacteria","Firmicutes","Clostridia","Lachnospirales","Lachnospiraceae",NA,NA,300,NA,"Wolfe v3: went back to modified wolfe + EDTA and switched CuSO4 to CUCl2"
"6bbba65392a923662648a61d94002b30","Q",0,"Bacteria","Firmicutes","Clostridia","Lachnospirales","Lachnospiraceae","midas_g_107376","midas_s_119798",300,NA,"Wolfe v3: went back to modified wolfe + EDTA and switched CuSO4 to CUCl2"
"a743ded8ab3e004a1671552ecbb9bb5b","Q",0,"Bacteria","Firmicutes","Clostridia","Lachnospirales","Defluviitaleaceae","Defluviitalea","midas_s_108705",300,NA,"Wolfe v3: went back to modified wolfe + EDTA and switched CuSO4 to CUCl2"
"d565cc730adacf032359b0bbd5840ed3","Q",0,"Bacteria","Firmicutes","Clostridia","Lachnospirales","Defluviitaleaceae","Defluviitalea","Defluviitalea_saccharophila",300,NA,"Wolfe v3: went back to modified wolfe + EDTA and switched CuSO4 to CUCl2"
"7f1023e871bcd3a4f7ac96f3a40c9a8d","Q",0,"Bacteria","Firmicutes","Clostridia","Lachnospirales","Lachnospiraceae","Anaerostignum","Anaerotignum_propionicum",300,NA,"Wolfe v3: went back to modified wolfe + EDTA and switched CuSO4 to CUCl2"
"085c382879bb22ae25c77dca748d1387","Q",0,"Bacteria","Firmicutes","Clostridia","Lachnospirales","Lachnospiraceae",NA,NA,300,NA,"Wolfe v3: went back to modified wolfe + EDTA and switched CuSO4 to CUCl2"
