genome_id	scientific_name	domain	taxonomy	num_features	num_cdss	dna_size	gc_content	num_contigsAAP99.1	Bacteria	Bacteria	Bacteria	1741	1741	0	0.5893	1741
ADurb.Bin063-1.1	Bacteria	Bacteria	Bacteria	2612	2612	0	0.6126	2612
Abditibacterium.1	Bacteria	Bacteria	Bacteria	982	982	0	0.4829	982
Acetoanaerobium.1	Bacteria	Bacteria	Bacteria	2595	2595	0	0.3961	2595
Acetobacteraceae.1	Bacteria	Bacteria	Bacteria	5622	5622	0	0.7207	5622
Acetobacteraceae.2	Bacteria	Bacteria	Bacteria	919	919	0	0.5571	919
Acetobacterium.1	Bacteria	Bacteria	Bacteria	3320	3320	0	0.4258	3320
Acetobacterium.2	Bacteria	Bacteria	Bacteria	3320	3320	0	0.4328	3320
Acetomicrobium.1	Bacteria	Bacteria	Bacteria	1733	1733	0	0.5113	1733
Acholeplasma.1	Bacteria	Bacteria	Bacteria	748	748	0	0.3837	748
Acholeplasma.2	Bacteria	Bacteria	Bacteria	655	655	0	0.3913	655
Acholeplasma.3	Bacteria	Bacteria	Bacteria	1904	1904	0	0.3186	1904
Achromobacter.1	Bacteria	Bacteria	Bacteria	18009	18009	0	0.6553	18009
Achromobacter.2	Bacteria	Bacteria	Bacteria	5728	5728	0	0.6592	5728
Acidimicrobiia.1	Bacteria	Bacteria	Bacteria	7582	7582	0	0.7018	7582
Acidovorax.1	Bacteria	Bacteria	Bacteria	4276	4276	0	0.6254	4276
Acinetobacter.1	Bacteria	Bacteria	Bacteria	5535	5535	0	0.3785	5535
Acinetobacter.2	Bacteria	Bacteria	Bacteria	9845	9845	0	0.3954	9845
Acinetobacter.3	Bacteria	Bacteria	Bacteria	4538	4538	0	0.4138	4538
Acinetobacter.4	Bacteria	Bacteria	Bacteria	3549	3549	0	0.4143	3549
Acinetobacter.5	Bacteria	Bacteria	Bacteria	6655	6655	0	0.4065	6655
Acinetobacter.6	Bacteria	Bacteria	Bacteria	603	603	0	0.4611	603
Actinobacteria.1	Bacteria	Bacteria	Bacteria	8033	8033	0	0.7215	8033
Actinobacteria.2	Bacteria	Bacteria	Bacteria	7659	7659	0	0.6960	7659
Actinobacteria.3	Bacteria	Bacteria	Bacteria	16178	16178	0	0.7258	16178
Actinobacteriota.1	Bacteria	Bacteria	Bacteria	4243	4243	0	0.6730	4243
Actinomyces.1	Bacteria	Bacteria	Bacteria	2695	2695	0	0.7187	2695
Actinomyces.2	Bacteria	Bacteria	Bacteria	7582	7582	0	0.6001	7582
Actinomyces.3	Bacteria	Bacteria	Bacteria	2856	2856	0	0.6770	2856
Actinomyces.4	Bacteria	Bacteria	Bacteria	2345	2345	0	0.6403	2345
Actinomyces.5	Bacteria	Bacteria	Bacteria	1045	1045	0	0.5894	1045
Actinomycetospora.1	Bacteria	Bacteria	Bacteria	5017	5017	0	0.7411	5017
Actinotalea.1	Bacteria	Bacteria	Bacteria	6710	6710	0	0.7345	6710
Aeromonas.1	Bacteria	Bacteria	Bacteria	14152	14152	0	0.5981	14152
Aetherobacter.1	Bacteria	Bacteria	Bacteria	1647	1647	0	0.7180	1647
Afipia.1	Bacteria	Bacteria	Bacteria	11557	11557	0	0.6121	11557
Afipia.3	Bacteria	Bacteria	Bacteria	2296	2296	0	0.6417	2296
Afipia.4	Bacteria	Bacteria	Bacteria	1971	1971	0	0.6202	1971
Afipia.6	Bacteria	Bacteria	Bacteria	6204	6204	0	0.6654	6204
Alcaligenaceae.2	Bacteria	Bacteria	Bacteria	3775	3775	0	0.5339	3775
Alcaligenaceae.3	Bacteria	Bacteria	Bacteria	5860	5860	0	0.6155	5860
Alcaligenaceae.5	Bacteria	Bacteria	Bacteria	3065	3065	0	0.5367	3065
Alcaligenaceae.6	Bacteria	Bacteria	Bacteria	7060	7060	0	0.5779	7060
Alcaligenes.1	Bacteria	Bacteria	Bacteria	9067	9067	0	0.5806	9067
Alcaligenes.14	Bacteria	Bacteria	Bacteria	8880	8880	0	0.5680	8880
Alcaligenes.15	Bacteria	Bacteria	Bacteria	4178	4178	0	0.5611	4178
Alcaligenes.2	Bacteria	Bacteria	Bacteria	13985	13985	0	0.5652	13985
Alcaligenes.8	Bacteria	Bacteria	Bacteria	9826	9826	0	0.5766	9826
Alkalibacter.1	Bacteria	Bacteria	Bacteria	2602	2602	0	0.4692	2602
Alkalibacter.2	Bacteria	Bacteria	Bacteria	2682	2682	0	0.4020	2682
Alkaliphilus_oremlandii_OhILAs.2	Bacteria	Bacteria	Bacteria	4828	4828	0	0.4750	4828
Allorhizobium-Neorhizobium-Pararhizobium-Rhizobium.1	Bacteria	Bacteria	Bacteria	8873	8873	0	0.5958	8873
Allorhizobium-Neorhizobium-Pararhizobium-Rhizobium.2	Bacteria	Bacteria	Bacteria	2731	2731	0	0.6296	2731
Allorhizobium-Neorhizobium-Pararhizobium-Rhizobium.3	Bacteria	Bacteria	Bacteria	5997	5997	0	0.6115	5997
Alphaproteobacteria.1	Bacteria	Bacteria	Bacteria	16173	16173	0	0.5534	16173
Alphaproteobacteria.2	Bacteria	Bacteria	Bacteria	9922	9922	0	0.6205	9922
Alphaproteobacteria.3	Bacteria	Bacteria	Bacteria	6292	6292	0	0.6241	6292
Alphaproteobacteria.4	Bacteria	Bacteria	Bacteria	4099	4099	0	0.6546	4099
Alphaproteobacteria.5	Bacteria	Bacteria	Bacteria	4509	4509	0	0.6814	4509
Alphaproteobacteria.6	Bacteria	Bacteria	Bacteria	9049	9049	0	0.6302	9049
Amaricoccus.1	Bacteria	Bacteria	Bacteria	4819	4819	0	0.7042	4819
Amaricoccus.3	Bacteria	Bacteria	Bacteria	5299	5299	0	0.5779	5299
Amaricoccus.5	Bacteria	Bacteria	Bacteria	1734	1734	0	0.7008	1734
Aminiphilus.1	Bacteria	Bacteria	Bacteria	2481	2481	0	0.5807	2481
Aminivibrio.1	Bacteria	Bacteria	Bacteria	4344	4344	0	0.5948	4344
Aminivibrio.2	Bacteria	Bacteria	Bacteria	7035	7035	0	0.5833	7035
Aminivibrio.8	Bacteria	Bacteria	Bacteria	10136	10136	0	0.5555	10136
Aminobacter.1	Bacteria	Bacteria	Bacteria	2438	2438	0	0.6365	2438
Aminobacter.2	Bacteria	Bacteria	Bacteria	6061	6061	0	0.6246	6061
Aminobacter.3	Bacteria	Bacteria	Bacteria	11640	11640	0	0.6339	11640
Aminobacter.4	Bacteria	Bacteria	Bacteria	4821	4821	0	0.6453	4821
Aminomonas.1	Bacteria	Bacteria	Bacteria	1479	1479	0	0.6811	1479
Anaerocolumna.1	Bacteria	Bacteria	Bacteria	3574	3574	0	0.3467	3574
Anaerofustis.1	Bacteria	Bacteria	Bacteria	3612	3612	0	0.3628	3612
Anaerofustis.2	Bacteria	Bacteria	Bacteria	847	847	0	0.4299	847
Anaerolinea.2	Bacteria	Bacteria	Bacteria	8556	8556	0	0.5494	8556
Anaeromyxobacteraceae.1	Bacteria	Bacteria	Bacteria	6545	6545	0	0.6644	6545
Anaeromyxobacteraceae.2	Bacteria	Bacteria	Bacteria	7954	7954	0	0.7169	7954
Anaerosalibacter.1	Bacteria	Bacteria	Bacteria	1302	1302	0	0.3074	1302
Anaerostignum.1	Bacteria	Bacteria	Bacteria	2368	2368	0	0.4046	2368
Anaerostignum.2	Bacteria	Bacteria	Bacteria	1088	1088	0	0.4018	1088
Anaerovoracaceae.2	Bacteria	Bacteria	Bacteria	4861	4861	0	0.4230	4861
Anaerovoracaceae.3	Bacteria	Bacteria	Bacteria	1348	1348	0	0.4880	1348
Anaerovoracaceae.6	Bacteria	Bacteria	Bacteria	3936	3936	0	0.5813	3936
Anaerovorax.1	Bacteria	Bacteria	Bacteria	5323	5323	0	0.4587	5323
Anaerovorax.10	Bacteria	Bacteria	Bacteria	3948	3948	0	0.4277	3948
Anaerovorax.15	Bacteria	Bacteria	Bacteria	4392	4392	0	0.4152	4392
Anaerovorax.2	Bacteria	Bacteria	Bacteria	3164	3164	0	0.5786	3164
Anaerovorax.4	Bacteria	Bacteria	Bacteria	5484	5484	0	0.4378	5484
Anaerovorax.5	Bacteria	Bacteria	Bacteria	9110	9110	0	0.4635	9110
Anaerovorax.7	Bacteria	Bacteria	Bacteria	3794	3794	0	0.4419	3794
Anaerovorax.8	Bacteria	Bacteria	Bacteria	6474	6474	0	0.4460	6474
Ancalomicrobium.1	Bacteria	Bacteria	Bacteria	6514	6514	0	0.6642	6514
Andreesenia_angusta.1	Bacteria	Bacteria	Bacteria	2688	2688	0	0.4364	2688
Angelakisella.1	Bacteria	Bacteria	Bacteria	949	949	0	0.6127	949
Aquabacterium.1	Bacteria	Bacteria	Bacteria	1987	1987	0	0.6529	1987
Aquamicrobium.1	Bacteria	Bacteria	Bacteria	8580	8580	0	0.6495	8580
Aquamicrobium.3	Bacteria	Bacteria	Bacteria	8985	8985	0	0.6417	8985
Aquamicrobium.5	Bacteria	Bacteria	Bacteria	7337	7337	0	0.6281	7337
Aquamicrobium.7	Bacteria	Bacteria	Bacteria	4520	4520	0	0.6211	4520
Aquincola.1	Bacteria	Bacteria	Bacteria	10107	10107	0	0.6907	10107
Archaea.1	Bacteria	Bacteria	Bacteria	11612	11612	0	0.3912	11612
Arcobacter.1	Bacteria	Bacteria	Bacteria	4281	4281	0	0.3141	4281
Arenimonas.1	Bacteria	Bacteria	Bacteria	1570	1570	0	0.5359	1570
Arenimonas.2	Bacteria	Bacteria	Bacteria	3744	3744	0	0.6297	3744
Asaccharospora.1	Bacteria	Bacteria	Bacteria	9125	9125	0	0.2882	9125
Atopobium.1	Bacteria	Bacteria	Bacteria	5490	5490	0	0.5735	5490
Atopobium.2	Bacteria	Bacteria	Bacteria	2088	2088	0	0.6633	2088
Azoarcus.1	Bacteria	Bacteria	Bacteria	2285	2285	0	0.6824	2285
Azoarcus.2	Bacteria	Bacteria	Bacteria	11980	11980	0	0.6387	11980
Azoarcus.4	Bacteria	Bacteria	Bacteria	18992	18992	0	0.6445	18992
Azonexus.1	Bacteria	Bacteria	Bacteria	2306	2306	0	0.6148	2306
Azorhizobium.2	Bacteria	Bacteria	Bacteria	4587	4587	0	0.6978	4587
BD1-7_clade.1	Bacteria	Bacteria	Bacteria	1700	1700	0	0.6829	1700
Bacillaceae.1	Bacteria	Bacteria	Bacteria	4227	4227	0	0.3973	4227
Bacillaceae.2	Bacteria	Bacteria	Bacteria	5375	5375	0	0.4084	5375
Bacillaceae.3	Bacteria	Bacteria	Bacteria	9499	9499	0	0.3698	9499
Bacillaceae.4	Bacteria	Bacteria	Bacteria	1497	1497	0	0.4376	1497
Bacillales.1	Bacteria	Bacteria	Bacteria	4138	4138	0	0.4235	4138
Bacilli.1	Bacteria	Bacteria	Bacteria	3572	3572	0	0.4589	3572
Bacilli.2	Bacteria	Bacteria	Bacteria	12344	12344	0	0.5513	12344
Bacilli.3	Bacteria	Bacteria	Bacteria	2959	2959	0	0.4483	2959
Bacilli.4	Bacteria	Bacteria	Bacteria	5685	5685	0	0.5585	5685
Bacilli.5	Bacteria	Bacteria	Bacteria	11599	11599	0	0.5110	11599
Bacilli.6	Bacteria	Bacteria	Bacteria	18429	18429	0	0.4011	18429
Bacillus.1	Bacteria	Bacteria	Bacteria	4237	4237	0	0.5316	4237
Bacillus.10	Bacteria	Bacteria	Bacteria	1646	1646	0	0.3567	1646
Bacillus.12	Bacteria	Bacteria	Bacteria	13921	13921	0	0.4456	13921
Bacillus.13	Bacteria	Bacteria	Bacteria	19083	19083	0	0.3693	19083
Bacillus.14	Bacteria	Bacteria	Bacteria	10144	10144	0	0.3796	10144
Bacillus.15	Bacteria	Bacteria	Bacteria	2290	2290	0	0.3753	2290
Bacillus.16	Bacteria	Bacteria	Bacteria	1730	1730	0	0.4573	1730
Bacillus.2	Bacteria	Bacteria	Bacteria	8233	8233	0	0.3934	8233
Bacillus.3	Bacteria	Bacteria	Bacteria	2111	2111	0	0.3770	2111
Bacillus.4	Bacteria	Bacteria	Bacteria	5365	5365	0	0.3690	5365
Bacillus.7	Bacteria	Bacteria	Bacteria	1646	1646	0	0.3567	1646
Bacteria.2	Bacteria	Bacteria	Bacteria	18912	18912	0	0.6407	18912
Bacteria.21	Bacteria	Bacteria	Bacteria	3214	3214	0	0.4272	3214
Bacteria.5	Bacteria	Bacteria	Bacteria	1113	1113	0	0.7198	1113
Bacteroidales.1	Bacteria	Bacteria	Bacteria	4086	4086	0	0.5468	4086
Bacteroides.1	Bacteria	Bacteria	Bacteria	335	335	0	0.3957	335
Bacteroidetes_vadinHA17.1	Bacteria	Bacteria	Bacteria	1769	1769	0	0.4233	1769
Bauldia.1	Bacteria	Bacteria	Bacteria	4125	4125	0	0.6778	4125
Bauldia.2	Bacteria	Bacteria	Bacteria	2210	2210	0	0.6669	2210
Bauldia.4	Bacteria	Bacteria	Bacteria	1678	1678	0	0.6678	1678
Bdellovibrio.1	Bacteria	Bacteria	Bacteria	4000	4000	0	0.4523	4000
Bellilinea.2	Bacteria	Bacteria	Bacteria	5589	5589	0	0.5407	5589
Bellilinea.3	Bacteria	Bacteria	Bacteria	5568	5568	0	0.5384	5568
Bifidobacterium.1	Bacteria	Bacteria	Bacteria	2533	2533	0	0.6062	2533
Blastopirellula.1	Bacteria	Bacteria	Bacteria	3183	3183	0	0.5261	3183
Blautia.1	Bacteria	Bacteria	Bacteria	6279	6279	0	0.4279	6279
Blautia.2	Bacteria	Bacteria	Bacteria	5025	5025	0	0.4296	5025
Blautia.3	Bacteria	Bacteria	Bacteria	5331	5331	0	0.4634	5331
Blvii28_wastewater-sludge_group.1	Bacteria	Bacteria	Bacteria	2659	2659	0	0.4210	2659
Blvii28_wastewater-sludge_group.3	Bacteria	Bacteria	Bacteria	2377	2377	0	0.4474	2377
Bosea.1	Bacteria	Bacteria	Bacteria	7519	7519	0	0.6670	7519
Bosea.2	Bacteria	Bacteria	Bacteria	11168	11168	0	0.6704	11168
Bosea.3	Bacteria	Bacteria	Bacteria	3657	3657	0	0.6516	3657
Bosea.4	Bacteria	Bacteria	Bacteria	7385	7385	0	0.6709	7385
Brachymonas.1	Bacteria	Bacteria	Bacteria	3513	3513	0	0.6421	3513
Bradyrhizobium.1	Bacteria	Bacteria	Bacteria	6707	6707	0	0.6000	6707
Bradyrhizobium.2	Bacteria	Bacteria	Bacteria	19729	19729	0	0.6142	19729
Brevibacillus.1	Bacteria	Bacteria	Bacteria	9841	9841	0	0.5051	9841
Brevundimonas.1	Bacteria	Bacteria	Bacteria	7799	7799	0	0.6341	7799
Brevundimonas.2	Bacteria	Bacteria	Bacteria	12735	12735	0	0.6489	12735
Brevundimonas.3	Bacteria	Bacteria	Bacteria	4390	4390	0	0.6820	4390
Brooklawnia.1	Bacteria	Bacteria	Bacteria	22978	22978	0	0.6567	22978
Burkholderiales.1	Bacteria	Bacteria	Bacteria	21109	21109	0	0.6705	21109
Burkholderiales.10	Bacteria	Bacteria	Bacteria	19206	19206	0	0.6733	19206
Burkholderiales.14	Bacteria	Bacteria	Bacteria	15859	15859	0	0.6693	15859
Burkholderiales.15	Bacteria	Bacteria	Bacteria	7749	7749	0	0.6826	7749
Burkholderiales.4	Bacteria	Bacteria	Bacteria	9980	9980	0	0.6694	9980
Burkholderiales.7	Bacteria	Bacteria	Bacteria	7749	7749	0	0.6836	7749
Butyrivibrio.1	Bacteria	Bacteria	Bacteria	7348	7348	0	0.4661	7348
CL500-29_marine_group.1	Bacteria	Bacteria	Bacteria	5032	5032	0	0.6349	5032
Ca_Alysiosphaera.1	Bacteria	Bacteria	Bacteria	6580	6580	0	0.6856	6580
Ca_Alysiosphaera.2	Bacteria	Bacteria	Bacteria	3783	3783	0	0.7085	3783
Ca_Amarobacter.1	Bacteria	Bacteria	Bacteria	4696	4696	0	0.6070	4696
Ca_Amoebophilus.1	Bacteria	Bacteria	Bacteria	1758	1758	0	0.4289	1758
Ca_Amoebophilus.2	Bacteria	Bacteria	Bacteria	1075	1075	0	0.3617	1075
Ca_Anammoximicrobium.1	Bacteria	Bacteria	Bacteria	1397	1397	0	0.6332	1397
Ca_Berkiella.1	Bacteria	Bacteria	Bacteria	5690	5690	0	0.4025	5690
Ca_Brevefilum.1	Bacteria	Bacteria	Bacteria	1598	1598	0	0.5096	1598
Ca_Brevefilum.2	Bacteria	Bacteria	Bacteria	2488	2488	0	0.4903	2488
Ca_Caldatribacterium.1	Bacteria	Bacteria	Bacteria	2783	2783	0	0.4774	2783
Ca_Cloacimonas.2	Bacteria	Bacteria	Bacteria	1855	1855	0	0.3787	1855
Ca_Cloacimonas.4	Bacteria	Bacteria	Bacteria	1935	1935	0	0.5370	1935
Ca_Competibacter.1	Bacteria	Bacteria	Bacteria	3463	3463	0	0.6553	3463
Ca_Diapherotrites_archaeon_ADurb.Bin253.1	Bacteria	Bacteria	Bacteria	525	525	0	0.2936	525
Ca_Dichloromethanomonas.1	Bacteria	Bacteria	Bacteria	1662	1662	0	0.4140	1662
Ca_Megaira.1	Bacteria	Bacteria	Bacteria	759	759	0	0.3697	759
Ca_Methanofastidiosum.1	Bacteria	Bacteria	Bacteria	5721	5721	0	0.3556	5721
Ca_Methanoplasma.1	Bacteria	Bacteria	Bacteria	1676	1676	0	0.5638	1676
Ca_Obscuribacter.1	Bacteria	Bacteria	Bacteria	2891	2891	0	0.5027	2891
Ca_Ovatusbacter.1	Bacteria	Bacteria	Bacteria	4249	4249	0	0.3924	4249
Ca_Paracaedibacter.1	Bacteria	Bacteria	Bacteria	962	962	0	0.4104	962
Ca_Phosphitivorax.1	Bacteria	Bacteria	Bacteria	1198	1198	0	0.5797	1198
Ca_Phosphitivorax.2	Bacteria	Bacteria	Bacteria	1158	1158	0	0.6008	1158
Ca_Phosphoribacter.1	Bacteria	Bacteria	Bacteria	1343	1343	0	0.6931	1343
Ca_Soleaferrea.1	Bacteria	Bacteria	Bacteria	1332	1332	0	0.5069	1332
Caldicoprobacter.1	Bacteria	Bacteria	Bacteria	1092	1092	0	0.4955	1092
Caldicoprobacter.11	Bacteria	Bacteria	Bacteria	2643	2643	0	0.4875	2643
Caldicoprobacter.12	Bacteria	Bacteria	Bacteria	2643	2643	0	0.4875	2643
Caldicoprobacter.15	Bacteria	Bacteria	Bacteria	6609	6609	0	0.4918	6609
Caldicoprobacter.4	Bacteria	Bacteria	Bacteria	14003	14003	0	0.4780	14003
Caldicoprobacter.5	Bacteria	Bacteria	Bacteria	3467	3467	0	0.4973	3467
Caldicoprobacter.7	Bacteria	Bacteria	Bacteria	3664	3664	0	0.4484	3664
Caldicoprobacter.8	Bacteria	Bacteria	Bacteria	5147	5147	0	0.4652	5147
Caldicoprobacter.9	Bacteria	Bacteria	Bacteria	3058	3058	0	0.5021	3058
Caldicoprobacteraceae.1	Bacteria	Bacteria	Bacteria	10063	10063	0	0.5026	10063
Caldicoprobacteraceae.2	Bacteria	Bacteria	Bacteria	4077	4077	0	0.4692	4077
Camelimonas.2	Bacteria	Bacteria	Bacteria	4687	4687	0	0.6681	4687
Caproiciproducens.1	Bacteria	Bacteria	Bacteria	2773	2773	0	0.4869	2773
Caproiciproducens.3	Bacteria	Bacteria	Bacteria	5312	5312	0	0.5187	5312
Caproiciproducens.6	Bacteria	Bacteria	Bacteria	4262	4262	0	0.4851	4262
Castellaniella.1	Bacteria	Bacteria	Bacteria	5872	5872	0	0.6571	5872
Castellaniella.2	Bacteria	Bacteria	Bacteria	3896	3896	0	0.6431	3896
Caulobacteraceae.1	Bacteria	Bacteria	Bacteria	3899	3899	0	0.6867	3899
Cellulosilyticum.1	Bacteria	Bacteria	Bacteria	1509	1509	0	0.3284	1509
Chelativorans.1	Bacteria	Bacteria	Bacteria	5475	5475	0	0.6328	5475
Chelatococcus.1	Bacteria	Bacteria	Bacteria	5060	5060	0	0.6821	5060
Chitinophagaceae.1	Bacteria	Bacteria	Bacteria	7755	7755	0	0.4087	7755
Chitinophagaceae.2	Bacteria	Bacteria	Bacteria	3163	3163	0	0.3566	3163
Chitinophagaceae.3	Bacteria	Bacteria	Bacteria	1250	1250	0	0.3260	1250
Chitinophagales.1	Bacteria	Bacteria	Bacteria	6737	6737	0	0.4134	6737
Christensenella_sp._AF73-05CM02.1	Bacteria	Bacteria	Bacteria	2459	2459	0	0.4890	2459
Christensenellaceae.17	Bacteria	Bacteria	Bacteria	1446	1446	0	0.4886	1446
Christensenellaceae.2	Bacteria	Bacteria	Bacteria	4252	4252	0	0.5299	4252
Christensenellaceae.6	Bacteria	Bacteria	Bacteria	2163	2163	0	0.5327	2163
Christensenellaceae.8	Bacteria	Bacteria	Bacteria	7344	7344	0	0.5022	7344
Christensenellaceae_R-7_group.1	Bacteria	Bacteria	Bacteria	4538	4538	0	0.4963	4538
Christensenellaceae_R-7_group.11	Bacteria	Bacteria	Bacteria	15788	15788	0	0.5317	15788
Christensenellaceae_R-7_group.13	Bacteria	Bacteria	Bacteria	4893	4893	0	0.5641	4893
Christensenellaceae_R-7_group.15	Bacteria	Bacteria	Bacteria	1017	1017	0	0.6470	1017
Christensenellaceae_R-7_group.18	Bacteria	Bacteria	Bacteria	1017	1017	0	0.6470	1017
Christensenellaceae_R-7_group.2	Bacteria	Bacteria	Bacteria	936	936	0	0.5927	936
Christensenellaceae_R-7_group.20	Bacteria	Bacteria	Bacteria	4392	4392	0	0.5804	4392
Christensenellaceae_R-7_group.29	Bacteria	Bacteria	Bacteria	1691	1691	0	0.5636	1691
Christensenellaceae_R-7_group.3	Bacteria	Bacteria	Bacteria	5617	5617	0	0.5356	5617
Christensenellaceae_R-7_group.31	Bacteria	Bacteria	Bacteria	871	871	0	0.5652	871
Christensenellaceae_R-7_group.33	Bacteria	Bacteria	Bacteria	5005	5005	0	0.5559	5005
Christensenellaceae_R-7_group.34	Bacteria	Bacteria	Bacteria	3331	3331	0	0.5509	3331
Christensenellaceae_R-7_group.36	Bacteria	Bacteria	Bacteria	3998	3998	0	0.5775	3998
Christensenellaceae_R-7_group.37	Bacteria	Bacteria	Bacteria	5121	5121	0	0.5651	5121
Christensenellaceae_R-7_group.39	Bacteria	Bacteria	Bacteria	2929	2929	0	0.5541	2929
Christensenellaceae_R-7_group.4	Bacteria	Bacteria	Bacteria	1210	1210	0	0.5107	1210
Christensenellaceae_R-7_group.42	Bacteria	Bacteria	Bacteria	994	994	0	0.5872	994
Christensenellaceae_R-7_group.44	Bacteria	Bacteria	Bacteria	1094	1094	0	0.4901	1094
Christensenellaceae_R-7_group.48	Bacteria	Bacteria	Bacteria	877	877	0	0.6084	877
Christensenellaceae_R-7_group.5	Bacteria	Bacteria	Bacteria	1143	1143	0	0.6430	1143
Christensenellaceae_R-7_group.53	Bacteria	Bacteria	Bacteria	1222	1222	0	0.6009	1222
Christensenellaceae_R-7_group.54	Bacteria	Bacteria	Bacteria	4252	4252	0	0.5290	4252
Christensenellaceae_R-7_group.55	Bacteria	Bacteria	Bacteria	986	986	0	0.5048	986
Christensenellaceae_R-7_group.57	Bacteria	Bacteria	Bacteria	1947	1947	0	0.5530	1947
Christensenellaceae_R-7_group.59	Bacteria	Bacteria	Bacteria	4043	4043	0	0.5272	4043
Christensenellaceae_R-7_group.6	Bacteria	Bacteria	Bacteria	4399	4399	0	0.5322	4399
Christensenellaceae_R-7_group.61	Bacteria	Bacteria	Bacteria	6093	6093	0	0.4910	6093
Christensenellaceae_R-7_group.62	Bacteria	Bacteria	Bacteria	2348	2348	0	0.6208	2348
Christensenellaceae_R-7_group.64	Bacteria	Bacteria	Bacteria	1295	1295	0	0.5483	1295
Christensenellaceae_R-7_group.65	Bacteria	Bacteria	Bacteria	2717	2717	0	0.5618	2717
Christensenellaceae_R-7_group.7	Bacteria	Bacteria	Bacteria	2461	2461	0	0.6175	2461
Christensenellaceae_R-7_group.73	Bacteria	Bacteria	Bacteria	3372	3372	0	0.5354	3372
Christensenellaceae_R-7_group.74	Bacteria	Bacteria	Bacteria	1322	1322	0	0.5090	1322
Christensenellaceae_R-7_group.75	Bacteria	Bacteria	Bacteria	1127	1127	0	0.5555	1127
Christensenellaceae_R-7_group.76	Bacteria	Bacteria	Bacteria	1182	1182	0	0.5353	1182
Christensenellaceae_R-7_group.77	Bacteria	Bacteria	Bacteria	1139	1139	0	0.5521	1139
Christensenellaceae_R-7_group.79	Bacteria	Bacteria	Bacteria	2150	2150	0	0.4875	2150
Christensenellaceae_R-7_group.8	Bacteria	Bacteria	Bacteria	4223	4223	0	0.5564	4223
Christensenellaceae_R-7_group.81	Bacteria	Bacteria	Bacteria	1686	1686	0	0.4953	1686
Christensenellaceae_R-7_group.82	Bacteria	Bacteria	Bacteria	3124	3124	0	0.5401	3124
Christensenellaceae_R-7_group.83	Bacteria	Bacteria	Bacteria	4698	4698	0	0.5346	4698
Christensenellaceae_R-7_group.85	Bacteria	Bacteria	Bacteria	2125	2125	0	0.5279	2125
Christensenellaceae_R-7_group.90	Bacteria	Bacteria	Bacteria	5592	5592	0	0.5353	5592
Christensenellaceae_R-7_group.92	Bacteria	Bacteria	Bacteria	943	943	0	0.5803	943
Christensenellaceae_R-7_group.94	Bacteria	Bacteria	Bacteria	1900	1900	0	0.5488	1900
Chryseobacterium.1	Bacteria	Bacteria	Bacteria	2534	2534	0	0.3973	2534
Chthoniobacter.3	Bacteria	Bacteria	Bacteria	6007	6007	0	0.5937	6007
Chthoniobacterales.1	Bacteria	Bacteria	Bacteria	2826	2826	0	0.5725	2826
Chthonobacter.1	Bacteria	Bacteria	Bacteria	6154	6154	0	0.6013	6154
Clostridia.1	Bacteria	Bacteria	Bacteria	13802	13802	0	0.4705	13802
Clostridia.11	Bacteria	Bacteria	Bacteria	19605	19605	0	0.4132	19605
Clostridia.14	Bacteria	Bacteria	Bacteria	3878	3878	0	0.3800	3878
Clostridia.16	Bacteria	Bacteria	Bacteria	3820	3820	0	0.4297	3820
Clostridia.17	Bacteria	Bacteria	Bacteria	8387	8387	0	0.3302	8387
Clostridia.18	Bacteria	Bacteria	Bacteria	7759	7759	0	0.4438	7759
Clostridia.19	Bacteria	Bacteria	Bacteria	7251	7251	0	0.4614	7251
Clostridia.7	Bacteria	Bacteria	Bacteria	844	844	0	0.5375	844
Clostridia.8	Bacteria	Bacteria	Bacteria	3207	3207	0	0.3620	3207
Clostridia_vadinBB60_group.1	Bacteria	Bacteria	Bacteria	8894	8894	0	0.5160	8894
Clostridiaceae.1	Bacteria	Bacteria	Bacteria	9020	9020	0	0.3964	9020
Clostridiaceae.3	Bacteria	Bacteria	Bacteria	3859	3859	0	0.3038	3859
Clostridiaceae.4	Bacteria	Bacteria	Bacteria	7688	7688	0	0.3553	7688
Clostridiaceae.6	Bacteria	Bacteria	Bacteria	4212	4212	0	0.3271	4212
Clostridiaceae.8	Bacteria	Bacteria	Bacteria	4006	4006	0	0.3214	4006
Clostridium_sensu_stricto_1.1	Bacteria	Bacteria	Bacteria	8068	8068	0	0.2831	8068
Clostridium_sensu_stricto_1.10	Bacteria	Bacteria	Bacteria	3117	3117	0	0.2749	3117
Clostridium_sensu_stricto_1.11	Bacteria	Bacteria	Bacteria	4082	4082	0	0.3005	4082
Clostridium_sensu_stricto_1.2	Bacteria	Bacteria	Bacteria	1537	1537	0	0.2764	1537
Clostridium_sensu_stricto_1.3	Bacteria	Bacteria	Bacteria	2112	2112	0	0.2832	2112
Clostridium_sensu_stricto_1.4	Bacteria	Bacteria	Bacteria	5466	5466	0	0.3716	5466
Clostridium_sensu_stricto_1.5	Bacteria	Bacteria	Bacteria	3597	3597	0	0.3713	3597
Clostridium_sensu_stricto_1.6	Bacteria	Bacteria	Bacteria	5065	5065	0	0.3562	5065
Clostridium_sensu_stricto_1.7	Bacteria	Bacteria	Bacteria	4795	4795	0	0.2697	4795
Clostridium_sensu_stricto_1.8	Bacteria	Bacteria	Bacteria	6825	6825	0	0.2921	6825
Clostridium_sensu_stricto_1.9	Bacteria	Bacteria	Bacteria	8824	8824	0	0.2868	8824
Clostridium_sensu_stricto_11.1	Bacteria	Bacteria	Bacteria	3455	3455	0	0.2691	3455
Clostridium_sensu_stricto_12.1	Bacteria	Bacteria	Bacteria	3345	3345	0	0.2994	3345
Clostridium_sensu_stricto_13.1	Bacteria	Bacteria	Bacteria	2339	2339	0	0.3029	2339
Clostridium_sensu_stricto_13.3	Bacteria	Bacteria	Bacteria	1814	1814	0	0.3131	1814
Clostridium_sensu_stricto_13.4	Bacteria	Bacteria	Bacteria	2308	2308	0	0.3108	2308
Clostridium_sensu_stricto_18.1	Bacteria	Bacteria	Bacteria	16383	16383	0	0.2902	16383
Clostridium_sensu_stricto_2.1	Bacteria	Bacteria	Bacteria	3796	3796	0	0.2790	3796
Clostridium_sensu_stricto_5.1	Bacteria	Bacteria	Bacteria	4193	4193	0	0.3198	4193
Clostridium_sensu_stricto_5.2	Bacteria	Bacteria	Bacteria	3748	3748	0	0.3130	3748
Clostridium_sensu_stricto_7.1	Bacteria	Bacteria	Bacteria	3700	3700	0	0.2889	3700
Clostridium_sensu_stricto_7.3	Bacteria	Bacteria	Bacteria	4773	4773	0	0.3118	4773
Clostridium_sensu_stricto_7.4	Bacteria	Bacteria	Bacteria	6964	6964	0	0.3074	6964
Clostridium_sensu_stricto_9.1	Bacteria	Bacteria	Bacteria	3062	3062	0	0.3096	3062
Colidextribacter.3	Bacteria	Bacteria	Bacteria	1669	1669	0	0.5605	1669
Colidextribacter.5	Bacteria	Bacteria	Bacteria	1669	1669	0	0.5569	1669
Colidextribacter.6	Bacteria	Bacteria	Bacteria	2938	2938	0	0.5733	2938
Colidextribacter.8	Bacteria	Bacteria	Bacteria	3146	3146	0	0.5702	3146
Comamonadaceae.1	Bacteria	Bacteria	Bacteria	17638	17638	0	0.6439	17638
Comamonadaceae.10	Bacteria	Bacteria	Bacteria	7801	7801	0	0.6183	7801
Comamonadaceae.11	Bacteria	Bacteria	Bacteria	6391	6391	0	0.6341	6391
Comamonadaceae.13	Bacteria	Bacteria	Bacteria	5098	5098	0	0.6682	5098
Comamonadaceae.14	Bacteria	Bacteria	Bacteria	4693	4693	0	0.6479	4693
Comamonadaceae.15	Bacteria	Bacteria	Bacteria	3681	3681	0	0.5115	3681
Comamonadaceae.16	Bacteria	Bacteria	Bacteria	6304	6304	0	0.6131	6304
Comamonadaceae.17	Bacteria	Bacteria	Bacteria	11065	11065	0	0.6171	11065
Comamonadaceae.19	Bacteria	Bacteria	Bacteria	5837	5837	0	0.6480	5837
Comamonadaceae.2	Bacteria	Bacteria	Bacteria	13213	13213	0	0.5886	13213
Comamonadaceae.20	Bacteria	Bacteria	Bacteria	4554	4554	0	0.6886	4554
Comamonadaceae.3	Bacteria	Bacteria	Bacteria	5785	5785	0	0.6689	5785
Comamonadaceae.4	Bacteria	Bacteria	Bacteria	10025	10025	0	0.6534	10025
Comamonadaceae.5	Bacteria	Bacteria	Bacteria	4303	4303	0	0.6841	4303
Comamonadaceae.7	Bacteria	Bacteria	Bacteria	2138	2138	0	0.6550	2138
Comamonadaceae.8	Bacteria	Bacteria	Bacteria	5824	5824	0	0.6651	5824
Comamonadaceae.9	Bacteria	Bacteria	Bacteria	4776	4776	0	0.6374	4776
Comamonas.1	Bacteria	Bacteria	Bacteria	8724	8724	0	0.6260	8724
Comamonas.3	Bacteria	Bacteria	Bacteria	3187	3187	0	0.5680	3187
Comamonas.5	Bacteria	Bacteria	Bacteria	1027	1027	0	0.5405	1027
Conexibacter.1	Bacteria	Bacteria	Bacteria	7957	7957	0	0.7009	7957
Conexibacter.2	Bacteria	Bacteria	Bacteria	1164	1164	0	0.7294	1164
Conexibacter.3	Bacteria	Bacteria	Bacteria	1862	1862	0	0.7181	1862
Conexibacter.4	Bacteria	Bacteria	Bacteria	2394	2394	0	0.6991	2394
Corynebacterium.1	Bacteria	Bacteria	Bacteria	2228	2228	0	0.6942	2228
Corynebacterium.2	Bacteria	Bacteria	Bacteria	7069	7069	0	0.6352	7069
Coxiella.1	Bacteria	Bacteria	Bacteria	2151	2151	0	0.4318	2151
Coxiella.3	Bacteria	Bacteria	Bacteria	2376	2376	0	0.3907	2376
Cryptanaerobacter.1	Bacteria	Bacteria	Bacteria	3105	3105	0	0.4917	3105
Cutibacterium.1	Bacteria	Bacteria	Bacteria	14496	14496	0	0.6951	14496
DMER64.1	Bacteria	Bacteria	Bacteria	1488	1488	0	0.4592	1488
DMER64.2	Bacteria	Bacteria	Bacteria	942	942	0	0.4901	942
DMER64.3	Bacteria	Bacteria	Bacteria	2229	2229	0	0.4854	2229
Dechlorobacter.1	Bacteria	Bacteria	Bacteria	1913	1913	0	0.6030	1913
Defluviicoccus.1	Bacteria	Bacteria	Bacteria	5626	5626	0	0.6271	5626
Defluviicoccus.2	Bacteria	Bacteria	Bacteria	831	831	0	0.6123	831
Defluviicoccus.3	Bacteria	Bacteria	Bacteria	1538	1538	0	0.6532	1538
Defluviimonas.1	Bacteria	Bacteria	Bacteria	3798	3798	0	0.6846	3798
Defluviimonas.2	Bacteria	Bacteria	Bacteria	9026	9026	0	0.6209	9026
Defluviimonas.3	Bacteria	Bacteria	Bacteria	7335	7335	0	0.6046	7335
Defluviitalea.1	Bacteria	Bacteria	Bacteria	3003	3003	0	0.3581	3003
Dehalobacter.1	Bacteria	Bacteria	Bacteria	4818	4818	0	0.4403	4818
Dehalobacterium.1	Bacteria	Bacteria	Bacteria	2037	2037	0	0.4541	2037
Dehalobacterium.2	Bacteria	Bacteria	Bacteria	7125	7125	0	0.4511	7125
Dehalobacterium.4	Bacteria	Bacteria	Bacteria	4060	4060	0	0.4711	4060
Dermatophilaceae.1	Bacteria	Bacteria	Bacteria	9270	9270	0	0.6973	9270
Desulfitibacter.1	Bacteria	Bacteria	Bacteria	12689	12689	0	0.4679	12689
Desulfitibacter.3	Bacteria	Bacteria	Bacteria	5137	5137	0	0.4616	5137
Desulfitibacter.5	Bacteria	Bacteria	Bacteria	4713	4713	0	0.4585	4713
Desulfitibacter.7	Bacteria	Bacteria	Bacteria	1270	1270	0	0.5164	1270
Desulfitibacter.9	Bacteria	Bacteria	Bacteria	3200	3200	0	0.4057	3200
Desulfitibacteraceae.1	Bacteria	Bacteria	Bacteria	1520	1520	0	0.4557	1520
Desulfobacca.1	Bacteria	Bacteria	Bacteria	1463	1463	0	0.6032	1463
Desulfobulbus.1	Bacteria	Bacteria	Bacteria	4483	4483	0	0.5301	4483
Desulfococcaceae.1	Bacteria	Bacteria	Bacteria	3071	3071	0	0.5114	3071
Desulfomicrobium.1	Bacteria	Bacteria	Bacteria	3555	3555	0	0.5854	3555
Desulforhabdus.1	Bacteria	Bacteria	Bacteria	3211	3211	0	0.5610	3211
Desulfosporosinus.1	Bacteria	Bacteria	Bacteria	1167	1167	0	0.5858	1167
Desulfosporosinus.10	Bacteria	Bacteria	Bacteria	7290	7290	0	0.5269	7290
Desulfosporosinus.3	Bacteria	Bacteria	Bacteria	3635	3635	0	0.4378	3635
Desulfosporosinus.8	Bacteria	Bacteria	Bacteria	12666	12666	0	0.5172	12666
Desulfovibrio.1	Bacteria	Bacteria	Bacteria	5059	5059	0	0.6666	5059
Desulfovibrio.2	Bacteria	Bacteria	Bacteria	8662	8662	0	0.6053	8662
Desulfovibrio.3	Bacteria	Bacteria	Bacteria	5347	5347	0	0.5749	5347
Desulfovibrio.5	Bacteria	Bacteria	Bacteria	6429	6429	0	0.6770	6429
Desulfovibrio.6	Bacteria	Bacteria	Bacteria	4941	4941	0	0.6886	4941
Desulfovibrionaceae.2	Bacteria	Bacteria	Bacteria	7558	7558	0	0.5689	7558
Desulfurispora.1	Bacteria	Bacteria	Bacteria	8190	8190	0	0.4835	8190
Desulfurispora.2	Bacteria	Bacteria	Bacteria	6397	6397	0	0.4945	6397
Desulfurisporaceae.1	Bacteria	Bacteria	Bacteria	2666	2666	0	0.6424	2666
Desulfuromonadaceae.1	Bacteria	Bacteria	Bacteria	1588	1588	0	0.6034	1588
Dethiobacter.12	Bacteria	Bacteria	Bacteria	4478	4478	0	0.5068	4478
Dethiobacter.2	Bacteria	Bacteria	Bacteria	1344	1344	0	0.4482	1344
Dethiobacter.7	Bacteria	Bacteria	Bacteria	4478	4478	0	0.4897	4478
Dethiobacter.9	Bacteria	Bacteria	Bacteria	1738	1738	0	0.5307	1738
Dethiobacteraceae.1	Bacteria	Bacteria	Bacteria	4420	4420	0	0.5471	4420
Dethiobacteraceae.4	Bacteria	Bacteria	Bacteria	6641	6641	0	0.5340	6641
Dethiobacteraceae.6	Bacteria	Bacteria	Bacteria	1621	1621	0	0.4919	1621
Dethiobacteraceae.9	Bacteria	Bacteria	Bacteria	5204	5204	0	0.4733	5204
Devosia.1	Bacteria	Bacteria	Bacteria	6062	6062	0	0.6309	6062
Devosia.10	Bacteria	Bacteria	Bacteria	4379	4379	0	0.6216	4379
Devosia.2	Bacteria	Bacteria	Bacteria	3541	3541	0	0.6375	3541
Devosia.3	Bacteria	Bacteria	Bacteria	6062	6062	0	0.5541	6062
Devosia.7	Bacteria	Bacteria	Bacteria	6025	6025	0	0.6205	6025
Devosia.8	Bacteria	Bacteria	Bacteria	3741	3741	0	0.6370	3741
Devosia.9	Bacteria	Bacteria	Bacteria	7674	7674	0	0.6194	7674
Devosiaceae.1	Bacteria	Bacteria	Bacteria	3758	3758	0	0.6563	3758
Devosiaceae.2	Bacteria	Bacteria	Bacteria	5763	5763	0	0.5133	5763
Devosiaceae.3	Bacteria	Bacteria	Bacteria	3889	3889	0	0.6672	3889
Diaminobutyricimonas.1	Bacteria	Bacteria	Bacteria	3394	3394	0	0.6478	3394
Dietzia.1	Bacteria	Bacteria	Bacteria	4189	4189	0	0.7015	4189
Dietzia.2	Bacteria	Bacteria	Bacteria	7399	7399	0	0.6582	7399
Dietzia.3	Bacteria	Bacteria	Bacteria	3457	3457	0	0.7009	3457
Dysgonomonas.1	Bacteria	Bacteria	Bacteria	2234	2234	0	0.3752	2234
EBM-39.1	Bacteria	Bacteria	Bacteria	6163	6163	0	0.5304	6163
EBM-39.4	Bacteria	Bacteria	Bacteria	7571	7571	0	0.5666	7571
EBM-39.5	Bacteria	Bacteria	Bacteria	6442	6442	0	0.5649	6442
Elioraea.1	Bacteria	Bacteria	Bacteria	3797	3797	0	0.7244	3797
Enhydrobacter.1	Bacteria	Bacteria	Bacteria	3891	3891	0	0.4336	3891
Enterobacteriaceae.1	Bacteria	Bacteria	Bacteria	15787	15787	0	0.5180	15787
Enterobacteriaceae.2	Bacteria	Bacteria	Bacteria	18951	18951	0	0.5263	18951
Enterobacteriaceae.4	Bacteria	Bacteria	Bacteria	3770	3770	0	0.5158	3770
Enterobacteriaceae.5	Bacteria	Bacteria	Bacteria	19379	19379	0	0.5437	19379
Enterococcus.1	Bacteria	Bacteria	Bacteria	8799	8799	0	0.3656	8799
Enterococcus.2	Bacteria	Bacteria	Bacteria	2923	2923	0	0.3668	2923
Enterococcus.3	Bacteria	Bacteria	Bacteria	5246	5246	0	0.3966	5246
Enterococcus.4	Bacteria	Bacteria	Bacteria	11873	11873	0	0.3906	11873
Eoetvoesia.1	Bacteria	Bacteria	Bacteria	4356	4356	0	0.5892	4356
Epulopiscium.1	Bacteria	Bacteria	Bacteria	1489	1489	0	0.3506	1489
Ercella.1	Bacteria	Bacteria	Bacteria	1312	1312	0	0.5484	1312
Ercella.13	Bacteria	Bacteria	Bacteria	2744	2744	0	0.5122	2744
Ercella.2	Bacteria	Bacteria	Bacteria	3422	3422	0	0.5363	3422
Ercella.3	Bacteria	Bacteria	Bacteria	2809	2809	0	0.4554	2809
Ercella.4	Bacteria	Bacteria	Bacteria	2493	2493	0	0.4338	2493
Erysipelothrix.1	Bacteria	Bacteria	Bacteria	3455	3455	0	0.4560	3455
Erysipelothrix.3	Bacteria	Bacteria	Bacteria	9301	9301	0	0.4037	9301
Erysipelothrix.4	Bacteria	Bacteria	Bacteria	2738	2738	0	0.5575	2738
Erysipelothrix.7	Bacteria	Bacteria	Bacteria	10081	10081	0	0.3936	10081
Erysipelothrix.8	Bacteria	Bacteria	Bacteria	5537	5537	0	0.3836	5537
Erysipelothrix.9	Bacteria	Bacteria	Bacteria	7733	7733	0	0.4020	7733
Eubacterium.1	Bacteria	Bacteria	Bacteria	2942	2942	0	0.4862	2942
Eubacterium.2	Bacteria	Bacteria	Bacteria	6616	6616	0	0.4496	6616
Eubacterium_coprostanoligenes_group.1	Bacteria	Bacteria	Bacteria	1040	1040	0	0.4710	1040
Eubacterium_ruminantium_group.1	Bacteria	Bacteria	Bacteria	3588	3588	0	0.4411	3588
Exilispira.1	Bacteria	Bacteria	Bacteria	596	596	0	0.3074	596
Family_XI.1	Bacteria	Bacteria	Bacteria	3258	3258	0	0.3357	3258
Family_XI.3	Bacteria	Bacteria	Bacteria	5884	5884	0	0.3600	5884
Family_XI.4	Bacteria	Bacteria	Bacteria	3699	3699	0	0.3183	3699
Family_XIII_AD3011_group.1	Bacteria	Bacteria	Bacteria	870	870	0	0.4471	870
Fastidiosipila.1	Bacteria	Bacteria	Bacteria	7949	7949	0	0.4879	7949
Fastidiosipila.6	Bacteria	Bacteria	Bacteria	2017	2017	0	0.5193	2017
Fastidiosipila.7	Bacteria	Bacteria	Bacteria	1791	1791	0	0.4809	1791
Fermentimonas.1	Bacteria	Bacteria	Bacteria	3758	3758	0	0.3931	3758
Fermentimonas.6	Bacteria	Bacteria	Bacteria	13166	13166	0	0.4708	13166
Ferruginibacter.1	Bacteria	Bacteria	Bacteria	1440	1440	0	0.4058	1440
Ferruginibacter.2	Bacteria	Bacteria	Bacteria	2392	2392	0	0.3730	2392
Fervidobacterium.1	Bacteria	Bacteria	Bacteria	2323	2323	0	0.5056	2323
Firmicutes.1	Bacteria	Bacteria	Bacteria	8000	8000	0	0.4593	8000
Firmicutes.10	Bacteria	Bacteria	Bacteria	18885	18885	0	0.4841	18885
Firmicutes.12	Bacteria	Bacteria	Bacteria	11321	11321	0	0.4314	11321
Firmicutes.13	Bacteria	Bacteria	Bacteria	9127	9127	0	0.4933	9127
Firmicutes.14	Bacteria	Bacteria	Bacteria	12676	12676	0	0.4763	12676
Firmicutes.16	Bacteria	Bacteria	Bacteria	2865	2865	0	0.5114	2865
Firmicutes.19	Bacteria	Bacteria	Bacteria	3851	3851	0	0.4985	3851
Firmicutes.21	Bacteria	Bacteria	Bacteria	3937	3937	0	0.3800	3937
Firmicutes.22	Bacteria	Bacteria	Bacteria	3112	3112	0	0.4538	3112
Firmicutes.23	Bacteria	Bacteria	Bacteria	2635	2635	0	0.3338	2635
Firmicutes.28	Bacteria	Bacteria	Bacteria	11892	11892	0	0.4684	11892
Firmicutes.3	Bacteria	Bacteria	Bacteria	5845	5845	0	0.5846	5845
Firmicutes.30	Bacteria	Bacteria	Bacteria	15592	15592	0	0.4252	15592
Firmicutes.5	Bacteria	Bacteria	Bacteria	5372	5372	0	0.5643	5372
Firmicutes.7	Bacteria	Bacteria	Bacteria	17864	17864	0	0.4794	17864
Flaviflexus.1	Bacteria	Bacteria	Bacteria	1387	1387	0	0.6061	1387
Flavobacterium.1	Bacteria	Bacteria	Bacteria	6018	6018	0	0.3478	6018
Flavobacterium.2	Bacteria	Bacteria	Bacteria	2839	2839	0	0.3247	2839
Flavobacterium.3	Bacteria	Bacteria	Bacteria	2099	2099	0	0.3384	2099
Flexilinea.1	Bacteria	Bacteria	Bacteria	3207	3207	0	0.4754	3207
Flexilinea.2	Bacteria	Bacteria	Bacteria	2180	2180	0	0.4342	2180
Fonticella.2	Bacteria	Bacteria	Bacteria	1225	1225	0	0.2723	1225
Fonticella.3	Bacteria	Bacteria	Bacteria	12639	12639	0	0.3319	12639
Fonticella.7	Bacteria	Bacteria	Bacteria	14407	14407	0	0.3316	14407
Galbitalea.1	Bacteria	Bacteria	Bacteria	3444	3444	0	0.6708	3444
Gallicola.1	Bacteria	Bacteria	Bacteria	3231	3231	0	0.2894	3231
Gallicola.2	Bacteria	Bacteria	Bacteria	1070	1070	0	0.3435	1070
Gammaproteobacteria.3	Bacteria	Bacteria	Bacteria	11502	11502	0	0.4656	11502
Geminicoccus.1	Bacteria	Bacteria	Bacteria	2335	2335	0	0.6789	2335
Gemmata.1	Bacteria	Bacteria	Bacteria	2661	2661	0	0.5907	2661
Gemmatimonas.1	Bacteria	Bacteria	Bacteria	1683	1683	0	0.6546	1683
Gemmobacter.1	Bacteria	Bacteria	Bacteria	4159	4159	0	0.6471	4159
Gemmobacter.2	Bacteria	Bacteria	Bacteria	14020	14020	0	0.6492	14020
Geobacteraceae.1	Bacteria	Bacteria	Bacteria	3772	3772	0	0.5838	3772
Georgenia.1	Bacteria	Bacteria	Bacteria	4292	4292	0	0.7305	4292
Georgenia.2	Bacteria	Bacteria	Bacteria	1483	1483	0	0.6932	1483
Gordonia.1	Bacteria	Bacteria	Bacteria	3827	3827	0	0.6465	3827
Gordonia.2	Bacteria	Bacteria	Bacteria	5980	5980	0	0.6748	5980
Gordonia.4	Bacteria	Bacteria	Bacteria	6062	6062	0	0.6866	6062
Gordonia.5	Bacteria	Bacteria	Bacteria	3811	3811	0	0.6973	3811
Gordonia.6	Bacteria	Bacteria	Bacteria	4636	4636	0	0.6924	4636
Gordonia.8	Bacteria	Bacteria	Bacteria	7843	7843	0	0.6734	7843
Gordonia.9	Bacteria	Bacteria	Bacteria	7356	7356	0	0.6721	7356
Gordonibacter.1	Bacteria	Bacteria	Bacteria	2595	2595	0	0.5191	2595
Gracilibacter.1	Bacteria	Bacteria	Bacteria	13314	13314	0	0.4837	13314
HN-HF0106.10	Bacteria	Bacteria	Bacteria	5113	5113	0	0.4263	5113
HN-HF0106.12	Bacteria	Bacteria	Bacteria	1348	1348	0	0.4496	1348
HN-HF0106.2	Bacteria	Bacteria	Bacteria	8336	8336	0	0.4929	8336
HN-HF0106.3	Bacteria	Bacteria	Bacteria	8336	8336	0	0.4969	8336
HN-HF0106.9	Bacteria	Bacteria	Bacteria	15288	15288	0	0.4268	15288
Halomonas.1	Bacteria	Bacteria	Bacteria	5625	5625	0	0.5353	5625
Haloplasma.1	Bacteria	Bacteria	Bacteria	4881	4881	0	0.2982	4881
Haloplasma.2	Bacteria	Bacteria	Bacteria	4881	4881	0	0.2955	4881
Haloplasmataceae.1	Bacteria	Bacteria	Bacteria	2695	2695	0	0.2911	2695
Hathewaya.1	Bacteria	Bacteria	Bacteria	1594	1594	0	0.2945	1594
Herbinix.1	Bacteria	Bacteria	Bacteria	4544	4544	0	0.4007	4544
Hirschia.1	Bacteria	Bacteria	Bacteria	3823	3823	0	0.6307	3823
Holosporaceae.1	Bacteria	Bacteria	Bacteria	1100	1100	0	0.4001	1100
Hungateiclostridiaceae.10	Bacteria	Bacteria	Bacteria	4653	4653	0	0.5150	4653
Hungateiclostridiaceae.11	Bacteria	Bacteria	Bacteria	1801	1801	0	0.5292	1801
Hungateiclostridiaceae.12	Bacteria	Bacteria	Bacteria	3197	3197	0	0.5069	3197
Hungateiclostridiaceae.13	Bacteria	Bacteria	Bacteria	6821	6821	0	0.4313	6821
Hungateiclostridiaceae.14	Bacteria	Bacteria	Bacteria	6593	6593	0	0.4278	6593
Hungateiclostridiaceae.15	Bacteria	Bacteria	Bacteria	11628	11628	0	0.4019	11628
Hungateiclostridiaceae.2	Bacteria	Bacteria	Bacteria	15047	15047	0	0.4185	15047
Hungateiclostridiaceae.20	Bacteria	Bacteria	Bacteria	5698	5698	0	0.3763	5698
Hungateiclostridiaceae.24	Bacteria	Bacteria	Bacteria	3668	3668	0	0.3170	3668
Hungateiclostridiaceae.29	Bacteria	Bacteria	Bacteria	11357	11357	0	0.3948	11357
Hungateiclostridiaceae.30	Bacteria	Bacteria	Bacteria	12265	12265	0	0.3796	12265
Hungateiclostridiaceae.31	Bacteria	Bacteria	Bacteria	3902	3902	0	0.4211	3902
Hungateiclostridiaceae.35	Bacteria	Bacteria	Bacteria	4495	4495	0	0.4115	4495
Hungateiclostridiaceae.38	Bacteria	Bacteria	Bacteria	14368	14368	0	0.3936	14368
Hungateiclostridiaceae.40	Bacteria	Bacteria	Bacteria	8550	8550	0	0.3897	8550
Hungateiclostridiaceae.5	Bacteria	Bacteria	Bacteria	5379	5379	0	0.5107	5379
Hungateiclostridiaceae.8	Bacteria	Bacteria	Bacteria	1098	1098	0	0.5220	1098
Hydrogenedensaceae.1	Bacteria	Bacteria	Bacteria	7147	7147	0	0.5977	7147
Hydrogenoanaerobacterium.3	Bacteria	Bacteria	Bacteria	2515	2515	0	0.5686	2515
Hydrogenophaga.1	Bacteria	Bacteria	Bacteria	3992	3992	0	0.6743	3992
Hydrogenophaga.4	Bacteria	Bacteria	Bacteria	5039	5039	0	0.6919	5039
Hydrogenophaga.5	Bacteria	Bacteria	Bacteria	5706	5706	0	0.5797	5706
Hydrogenophaga.6	Bacteria	Bacteria	Bacteria	9327	9327	0	0.4931	9327
Hydrogenophaga.7	Bacteria	Bacteria	Bacteria	8815	8815	0	0.5863	8815
Hyphomicrobium.10	Bacteria	Bacteria	Bacteria	11548	11548	0	0.6065	11548
Hyphomicrobium.13	Bacteria	Bacteria	Bacteria	5789	5789	0	0.5980	5789
Hyphomicrobium.14	Bacteria	Bacteria	Bacteria	5789	5789	0	0.5980	5789
Hyphomicrobium.16	Bacteria	Bacteria	Bacteria	1773	1773	0	0.6265	1773
Hyphomicrobium.2	Bacteria	Bacteria	Bacteria	2328	2328	0	0.6426	2328
Hyphomicrobium.3	Bacteria	Bacteria	Bacteria	1747	1747	0	0.6364	1747
Hyphomicrobium.5	Bacteria	Bacteria	Bacteria	1711	1711	0	0.6107	1711
Hyphomicrobium.6	Bacteria	Bacteria	Bacteria	1714	1714	0	0.6625	1714
Hyphomicrobium.7	Bacteria	Bacteria	Bacteria	2745	2745	0	0.6485	2745
Hyphomicrobium.8	Bacteria	Bacteria	Bacteria	1945	1945	0	0.6200	1945
Hyphomicrobium.9	Bacteria	Bacteria	Bacteria	3567	3567	0	0.6096	3567
Hyphomonas.1	Bacteria	Bacteria	Bacteria	4334	4334	0	0.6220	4334
IMCC26207.3	Bacteria	Bacteria	Bacteria	4252	4252	0	0.6270	4252
IMCC26207.4	Bacteria	Bacteria	Bacteria	2918	2918	0	0.5977	2918
IMCC26207.5	Bacteria	Bacteria	Bacteria	2352	2352	0	0.6140	2352
Inquilinus.1	Bacteria	Bacteria	Bacteria	3004	3004	0	0.6910	3004
Intestinibacter.1	Bacteria	Bacteria	Bacteria	3881	3881	0	0.2884	3881
Intestinimonas.2	Bacteria	Bacteria	Bacteria	2967	2967	0	0.5839	2967
Intestinimonas.5	Bacteria	Bacteria	Bacteria	5960	5960	0	0.5837	5960
Intrasporangiaceae.1	Bacteria	Bacteria	Bacteria	1872	1872	0	0.7210	1872
Irregularibacter.1	Bacteria	Bacteria	Bacteria	17702	17702	0	0.3447	17702
Isosphaeraceae.1	Bacteria	Bacteria	Bacteria	1078	1078	0	0.6656	1078
Isosphaeraceae.10	Bacteria	Bacteria	Bacteria	8400	8400	0	0.6451	8400
Isosphaeraceae.2	Bacteria	Bacteria	Bacteria	3419	3419	0	0.6992	3419
Isosphaeraceae.3	Bacteria	Bacteria	Bacteria	5121	5121	0	0.6404	5121
Isosphaeraceae.5	Bacteria	Bacteria	Bacteria	2549	2549	0	0.6511	2549
Isosphaeraceae.6	Bacteria	Bacteria	Bacteria	2887	2887	0	0.6571	2887
JGI-0000079-D21.1	Bacteria	Bacteria	Bacteria	2740	2740	0	0.5266	2740
JGI-0000079-D21.2	Bacteria	Bacteria	Bacteria	9139	9139	0	0.4481	9139
JGI-0000079-D21.4	Bacteria	Bacteria	Bacteria	3138	3138	0	0.5803	3138
JGI-0000079-D21.5	Bacteria	Bacteria	Bacteria	1062	1062	0	0.5981	1062
JGI-0000079-D21.8	Bacteria	Bacteria	Bacteria	3164	3164	0	0.5786	3164
Jatrophihabitans.2	Bacteria	Bacteria	Bacteria	5709	5709	0	0.6900	5709
Kaistia.1	Bacteria	Bacteria	Bacteria	4625	4625	0	0.6669	4625
Kaistia.2	Bacteria	Bacteria	Bacteria	2475	2475	0	0.6658	2475
Kineosporiaceae.1	Bacteria	Bacteria	Bacteria	1611	1611	0	0.7486	1611
Klebsiella.1	Bacteria	Bacteria	Bacteria	14539	14539	0	0.5676	14539
Kocuria.1	Bacteria	Bacteria	Bacteria	6033	6033	0	0.7111	6033
Kocuria.2	Bacteria	Bacteria	Bacteria	7898	7898	0	0.6928	7898
LNR_A2-18.1	Bacteria	Bacteria	Bacteria	2788	2788	0	0.4818	2788
LNR_A2-18.3	Bacteria	Bacteria	Bacteria	2735	2735	0	0.4907	2735
Labrys.1	Bacteria	Bacteria	Bacteria	3007	3007	0	0.6767	3007
Lachnoclostridium.1	Bacteria	Bacteria	Bacteria	9956	9956	0	0.4603	9956
Lachnoclostridium.2	Bacteria	Bacteria	Bacteria	2154	2154	0	0.4159	2154
Lachnoclostridium.3	Bacteria	Bacteria	Bacteria	1964	1964	0	0.4493	1964
Lachnoclostridium.5	Bacteria	Bacteria	Bacteria	12312	12312	0	0.4545	12312
Lachnoclostridium.6	Bacteria	Bacteria	Bacteria	6159	6159	0	0.4424	6159
Lachnoclostridium.9	Bacteria	Bacteria	Bacteria	8242	8242	0	0.4940	8242
Lachnospira.1	Bacteria	Bacteria	Bacteria	3553	3553	0	0.4171	3553
Lachnospiraceae.1	Bacteria	Bacteria	Bacteria	1928	1928	0	0.4119	1928
Lachnospiraceae.10	Bacteria	Bacteria	Bacteria	5739	5739	0	0.4531	5739
Lachnospiraceae.11	Bacteria	Bacteria	Bacteria	1530	1530	0	0.3845	1530
Lachnospiraceae.3	Bacteria	Bacteria	Bacteria	3813	3813	0	0.4785	3813
Lachnospiraceae.4	Bacteria	Bacteria	Bacteria	1993	1993	0	0.4456	1993
Lachnospiraceae.5	Bacteria	Bacteria	Bacteria	7036	7036	0	0.4465	7036
Lachnospiraceae.6	Bacteria	Bacteria	Bacteria	2924	2924	0	0.4120	2924
Lachnospiraceae.8	Bacteria	Bacteria	Bacteria	3497	3497	0	0.3570	3497
Lachnospiraceae.9	Bacteria	Bacteria	Bacteria	1849	1849	0	0.7027	1849
Lachnospiraceae_ND3007_group.1	Bacteria	Bacteria	Bacteria	3335	3335	0	0.4116	3335
Lactivibrio.1	Bacteria	Bacteria	Bacteria	3138	3138	0	0.5803	3138
Lautropia.1	Bacteria	Bacteria	Bacteria	4471	4471	0	0.7280	4471
Lautropia.2	Bacteria	Bacteria	Bacteria	147	147	0	0.4728	147
Lautropia.3	Bacteria	Bacteria	Bacteria	1922	1922	0	0.6924	1922
Lautropia.4	Bacteria	Bacteria	Bacteria	7110	7110	0	0.6424	7110
Legionella.10	Bacteria	Bacteria	Bacteria	5400	5400	0	0.4444	5400
Legionella.11	Bacteria	Bacteria	Bacteria	1250	1250	0	0.4165	1250
Legionella.13	Bacteria	Bacteria	Bacteria	11148	11148	0	0.4373	11148
Legionella.14	Bacteria	Bacteria	Bacteria	9941	9941	0	0.4310	9941
Legionella.16	Bacteria	Bacteria	Bacteria	3981	3981	0	0.5331	3981
Legionella.17	Bacteria	Bacteria	Bacteria	3860	3860	0	0.4291	3860
Legionella.18	Bacteria	Bacteria	Bacteria	4217	4217	0	0.4003	4217
Legionella.2	Bacteria	Bacteria	Bacteria	13866	13866	0	0.4129	13866
Legionella.20	Bacteria	Bacteria	Bacteria	7161	7161	0	0.3953	7161
Legionella.4	Bacteria	Bacteria	Bacteria	4059	4059	0	0.3857	4059
Legionella.5	Bacteria	Bacteria	Bacteria	5731	5731	0	0.3855	5731
Legionella.7	Bacteria	Bacteria	Bacteria	4937	4937	0	0.3977	4937
Lentimicrobium.1	Bacteria	Bacteria	Bacteria	3156	3156	0	0.4556	3156
Lentimicrobium.16	Bacteria	Bacteria	Bacteria	7344	7344	0	0.4589	7344
Lentimicrobium.18	Bacteria	Bacteria	Bacteria	7208	7208	0	0.4588	7208
Lentimicrobium.19	Bacteria	Bacteria	Bacteria	2465	2465	0	0.3802	2465
Lentimicrobium.2	Bacteria	Bacteria	Bacteria	5127	5127	0	0.4199	5127
Lentimicrobium.4	Bacteria	Bacteria	Bacteria	1316	1316	0	0.4900	1316
Lentimicrobium.6	Bacteria	Bacteria	Bacteria	7208	7208	0	0.4603	7208
Lentimicrobium.8	Bacteria	Bacteria	Bacteria	3164	3164	0	0.5786	3164
Leptolinea.1	Bacteria	Bacteria	Bacteria	1246	1246	0	0.4534	1246
Leptolinea.2	Bacteria	Bacteria	Bacteria	3419	3419	0	0.5403	3419
Leptolinea.3	Bacteria	Bacteria	Bacteria	816	816	0	0.5244	816
Leptolinea.4	Bacteria	Bacteria	Bacteria	2258	2258	0	0.5318	2258
Leptolinea.5	Bacteria	Bacteria	Bacteria	2557	2557	0	0.5090	2557
Leucobacter.1	Bacteria	Bacteria	Bacteria	3294	3294	0	0.6564	3294
Leucobacter.3	Bacteria	Bacteria	Bacteria	4546	4546	0	0.6426	4546
Leucobacter.5	Bacteria	Bacteria	Bacteria	4653	4653	0	0.6717	4653
Leucobacter.7	Bacteria	Bacteria	Bacteria	6193	6193	0	0.6794	6193
Leucobacter.8	Bacteria	Bacteria	Bacteria	3815	3815	0	0.6789	3815
Leucobacter.9	Bacteria	Bacteria	Bacteria	3144	3144	0	0.6824	3144
Levilinea.1	Bacteria	Bacteria	Bacteria	1053	1053	0	0.4863	1053
Levilinea.2	Bacteria	Bacteria	Bacteria	3590	3590	0	0.4932	3590
Limnobacter.1	Bacteria	Bacteria	Bacteria	3042	3042	0	0.6887	3042
Limnobacter.2	Bacteria	Bacteria	Bacteria	8450	8450	0	0.6946	8450
Limnobacter.4	Bacteria	Bacteria	Bacteria	4007	4007	0	0.7021	4007
Longilinea.1	Bacteria	Bacteria	Bacteria	287	287	0	0.5062	287
Longilinea.2	Bacteria	Bacteria	Bacteria	1130	1130	0	0.4525	1130
Luteimonas.1	Bacteria	Bacteria	Bacteria	3632	3632	0	0.7035	3632
Luteimonas.2	Bacteria	Bacteria	Bacteria	3779	3779	0	0.6870	3779
Luteimonas.3	Bacteria	Bacteria	Bacteria	3843	3843	0	0.6874	3843
Lutispora.2	Bacteria	Bacteria	Bacteria	13467	13467	0	0.4689	13467
Lysinibacillus.1	Bacteria	Bacteria	Bacteria	8746	8746	0	0.3743	8746
Macellibacteroides.1	Bacteria	Bacteria	Bacteria	3070	3070	0	0.4176	3070
Mangroviflexus.1	Bacteria	Bacteria	Bacteria	5924	5924	0	0.4366	5924
Marinilabiliaceae.1	Bacteria	Bacteria	Bacteria	7040	7040	0	0.4363	7040
Marmoricola.1	Bacteria	Bacteria	Bacteria	3159	3159	0	0.6207	3159
Mesorhizobium.1	Bacteria	Bacteria	Bacteria	2686	2686	0	0.6333	2686
Mesorhizobium.3	Bacteria	Bacteria	Bacteria	30	30	0	0.5937	30
Mesorhizobium.4	Bacteria	Bacteria	Bacteria	4820	4820	0	0.6533	4820
Mesorhizobium.5	Bacteria	Bacteria	Bacteria	4440	4440	0	0.5844	4440
Mesotoga.1	Bacteria	Bacteria	Bacteria	6510	6510	0	0.5350	6510
Mesotoga.2	Bacteria	Bacteria	Bacteria	6510	6510	0	0.5343	6510
Methanobacteriaceae.1	Bacteria	Bacteria	Bacteria	2459	2459	0	0.2562	2459
Methanobacteriaceae.2	Bacteria	Bacteria	Bacteria	4387	4387	0	0.2562	4387
Methanobacteriaceae.9	Bacteria	Bacteria	Bacteria	11659	11659	0	0.2946	11659
Methanobacterium.1	Bacteria	Bacteria	Bacteria	5131	5131	0	0.4029	5131
Methanobacterium.11	Bacteria	Bacteria	Bacteria	7593	7593	0	0.4057	7593
Methanobacterium.2	Bacteria	Bacteria	Bacteria	6385	6385	0	0.4427	6385
Methanobacterium.20	Bacteria	Bacteria	Bacteria	8751	8751	0	0.4204	8751
Methanobacterium.3	Bacteria	Bacteria	Bacteria	2906	2906	0	0.4079	2906
Methanobacterium.47	Bacteria	Bacteria	Bacteria	3069	3069	0	0.3832	3069
Methanobacterium.5	Bacteria	Bacteria	Bacteria	1055	1055	0	0.3320	1055
Methanobacterium.6	Bacteria	Bacteria	Bacteria	2846	2846	0	0.3557	2846
Methanobacterium.69	Bacteria	Bacteria	Bacteria	11874	11874	0	0.3958	11874
Methanobacterium.71	Bacteria	Bacteria	Bacteria	1137	1137	0	0.3804	1137
Methanobacterium.73	Bacteria	Bacteria	Bacteria	1313	1313	0	0.3469	1313
Methanobacterium.74	Bacteria	Bacteria	Bacteria	992	992	0	0.4061	992
Methanobacterium.75	Bacteria	Bacteria	Bacteria	2991	2991	0	0.3849	2991
Methanobacterium.76	Bacteria	Bacteria	Bacteria	873	873	0	0.3416	873
Methanobacterium.78	Bacteria	Bacteria	Bacteria	4187	4187	0	0.3174	4187
Methanobacterium.83	Bacteria	Bacteria	Bacteria	3988	3988	0	0.2572	3988
Methanobacterium.85	Bacteria	Bacteria	Bacteria	11338	11338	0	0.5044	11338
Methanobacterium.87	Bacteria	Bacteria	Bacteria	12235	12235	0	0.3957	12235
Methanobacterium.9	Bacteria	Bacteria	Bacteria	10654	10654	0	0.3452	10654
Methanobacterium.90	Bacteria	Bacteria	Bacteria	928	928	0	0.3729	928
Methanobacterium.92	Bacteria	Bacteria	Bacteria	2322	2322	0	0.3927	2322
Methanobacterium.99	Bacteria	Bacteria	Bacteria	2227	2227	0	0.3595	2227
Methanobrevibacter.3	Bacteria	Bacteria	Bacteria	926	926	0	0.2489	926
Methanobrevibacter.5	Bacteria	Bacteria	Bacteria	1927	1927	0	0.2717	1927
Methanobrevibacter.7	Bacteria	Bacteria	Bacteria	2207	2207	0	0.3109	2207
Methanobrevibacter.8	Bacteria	Bacteria	Bacteria	2207	2207	0	0.2683	2207
Methanoculleus.1	Bacteria	Bacteria	Bacteria	2589	2589	0	0.6127	2589
Methanolinea.1	Bacteria	Bacteria	Bacteria	1973	1973	0	0.5779	1973
Methanolinea.2	Bacteria	Bacteria	Bacteria	1980	1980	0	0.5716	1980
Methanolinea.3	Bacteria	Bacteria	Bacteria	772	772	0	0.5470	772
Methanolinea.4	Bacteria	Bacteria	Bacteria	1078	1078	0	0.5340	1078
Methanolinea.5	Bacteria	Bacteria	Bacteria	2204	2204	0	0.5365	2204
Methanolinea.6	Bacteria	Bacteria	Bacteria	2130	2130	0	0.5579	2130
Methanolobus.1	Bacteria	Bacteria	Bacteria	4851	4851	0	0.4292	4851
Methanomassiliicoccus.1	Bacteria	Bacteria	Bacteria	663	663	0	0.6267	663
Methanomassiliicoccus.2	Bacteria	Bacteria	Bacteria	661	661	0	0.5867	661
Methanomassiliicoccus.3	Bacteria	Bacteria	Bacteria	2129	2129	0	0.5831	2129
Methanomethylophilaceae.1	Bacteria	Bacteria	Bacteria	1527	1527	0	0.4690	1527
Methanomethylovorans.1	Bacteria	Bacteria	Bacteria	1104	1104	0	0.4217	1104
Methanosarcina.1	Bacteria	Bacteria	Bacteria	5232	5232	0	0.4016	5232
Methanosarcina.4	Bacteria	Bacteria	Bacteria	5232	5232	0	0.3990	5232
Methanosarcina.5	Bacteria	Bacteria	Bacteria	2581	2581	0	0.3922	2581
Methanosarcina.6	Bacteria	Bacteria	Bacteria	3058	3058	0	0.3867	3058
Methanospirillum.1	Bacteria	Bacteria	Bacteria	1233	1233	0	0.4657	1233
Methanospirillum.2	Bacteria	Bacteria	Bacteria	1170	1170	0	0.4570	1170
Methanothermobacter.1	Bacteria	Bacteria	Bacteria	3773	3773	0	0.4877	3773
Methanothrix.1	Bacteria	Bacteria	Bacteria	1266	1266	0	0.5535	1266
Methanothrix.2	Bacteria	Bacteria	Bacteria	2696	2696	0	0.5374	2696
Methanothrix.3	Bacteria	Bacteria	Bacteria	901	901	0	0.5329	901
Methylobacter.1	Bacteria	Bacteria	Bacteria	5344	5344	0	0.5155	5344
Methylobacterium-Methylorubrum.1	Bacteria	Bacteria	Bacteria	2471	2471	0	0.7104	2471
Methylobacterium-Methylorubrum.2	Bacteria	Bacteria	Bacteria	10384	10384	0	0.6256	10384
Methylophilaceae.1	Bacteria	Bacteria	Bacteria	5069	5069	0	0.4949	5069
Methylotenera.1	Bacteria	Bacteria	Bacteria	1468	1468	0	0.4473	1468
Microbacteriaceae.1	Bacteria	Bacteria	Bacteria	4156	4156	0	0.7175	4156
Microbacterium.1	Bacteria	Bacteria	Bacteria	2990	2990	0	0.6943	2990
Microbacterium.10	Bacteria	Bacteria	Bacteria	2934	2934	0	0.7026	2934
Microbacterium.12	Bacteria	Bacteria	Bacteria	9352	9352	0	0.6983	9352
Microbacterium.2	Bacteria	Bacteria	Bacteria	6725	6725	0	0.6921	6725
Microbacterium.4	Bacteria	Bacteria	Bacteria	2045	2045	0	0.6863	2045
Microbacterium.5	Bacteria	Bacteria	Bacteria	5082	5082	0	0.6600	5082
Microbacterium.6	Bacteria	Bacteria	Bacteria	8205	8205	0	0.6998	8205
Microbacterium.8	Bacteria	Bacteria	Bacteria	6303	6303	0	0.6823	6303
Microbacterium.9	Bacteria	Bacteria	Bacteria	3303	3303	0	0.6970	3303
Micromonospora.1	Bacteria	Bacteria	Bacteria	11702	11702	0	0.7224	11702
Micropruina.1	Bacteria	Bacteria	Bacteria	16435	16435	0	0.6976	16435
Micropruina.3	Bacteria	Bacteria	Bacteria	10409	10409	0	0.6956	10409
Microvirga.1	Bacteria	Bacteria	Bacteria	5642	5642	0	0.6951	5642
Millisia.1	Bacteria	Bacteria	Bacteria	2181	2181	0	0.6918	2181
Mogibacterium.1	Bacteria	Bacteria	Bacteria	817	817	0	0.4079	817
Mogibacterium.2	Bacteria	Bacteria	Bacteria	4235	4235	0	0.4488	4235
Monoglobaceae.2	Bacteria	Bacteria	Bacteria	3051	3051	0	0.4546	3051
Monoglobus.1	Bacteria	Bacteria	Bacteria	13792	13792	0	0.4137	13792
Monoglobus.10	Bacteria	Bacteria	Bacteria	10927	10927	0	0.4468	10927
Monoglobus.11	Bacteria	Bacteria	Bacteria	1944	1944	0	0.4310	1944
Monoglobus.13	Bacteria	Bacteria	Bacteria	13670	13670	0	0.4153	13670
Monoglobus.14	Bacteria	Bacteria	Bacteria	16466	16466	0	0.4100	16466
Monoglobus.3	Bacteria	Bacteria	Bacteria	931	931	0	0.4880	931
Monoglobus.6	Bacteria	Bacteria	Bacteria	837	837	0	0.5195	837
Monoglobus.9	Bacteria	Bacteria	Bacteria	7708	7708	0	0.4589	7708
Mycobacterium.1	Bacteria	Bacteria	Bacteria	2359	2359	0	0.6558	2359
Mycobacterium.11	Bacteria	Bacteria	Bacteria	10458	10458	0	0.5995	10458
Mycobacterium.12	Bacteria	Bacteria	Bacteria	5652	5652	0	0.6737	5652
Mycobacterium.13	Bacteria	Bacteria	Bacteria	13439	13439	0	0.6571	13439
Mycobacterium.14	Bacteria	Bacteria	Bacteria	2986	2986	0	0.6755	2986
Mycobacterium.15	Bacteria	Bacteria	Bacteria	3945	3945	0	0.7038	3945
Mycobacterium.2	Bacteria	Bacteria	Bacteria	8401	8401	0	0.6607	8401
Mycobacterium.4	Bacteria	Bacteria	Bacteria	8554	8554	0	0.6710	8554
Mycobacterium.6	Bacteria	Bacteria	Bacteria	10299	10299	0	0.6222	10299
Mycobacterium.7	Bacteria	Bacteria	Bacteria	3129	3129	0	0.6324	3129
Mycobacterium.8	Bacteria	Bacteria	Bacteria	7755	7755	0	0.6710	7755
Mycobacterium.9	Bacteria	Bacteria	Bacteria	1744	1744	0	0.6663	1744
NK4A214_group.2	Bacteria	Bacteria	Bacteria	4587	4587	0	0.5589	4587
NK4A214_group.3	Bacteria	Bacteria	Bacteria	3789	3789	0	0.5213	3789
Nakamurella.3	Bacteria	Bacteria	Bacteria	4835	4835	0	0.6998	4835
Nakamurella.4	Bacteria	Bacteria	Bacteria	1595	1595	0	0.6954	1595
Neochlamydia.10	Bacteria	Bacteria	Bacteria	10359	10359	0	0.4575	10359
Neochlamydia.12	Bacteria	Bacteria	Bacteria	12811	12811	0	0.4199	12811
Neochlamydia.13	Bacteria	Bacteria	Bacteria	7128	7128	0	0.4738	7128
Neochlamydia.6	Bacteria	Bacteria	Bacteria	16513	16513	0	0.4396	16513
Nitrobacter.1	Bacteria	Bacteria	Bacteria	6299	6299	0	0.6512	6299
Nitrosomonas.2	Bacteria	Bacteria	Bacteria	5095	5095	0	0.4894	5095
Nocardioides.1	Bacteria	Bacteria	Bacteria	4011	4011	0	0.6988	4011
Nocardioides.2	Bacteria	Bacteria	Bacteria	4961	4961	0	0.7206	4961
Nocardioides.3	Bacteria	Bacteria	Bacteria	10156	10156	0	0.7056	10156
Nocardioides.4	Bacteria	Bacteria	Bacteria	1371	1371	0	0.6299	1371
Nocardioides.5	Bacteria	Bacteria	Bacteria	4974	4974	0	0.6791	4974
Nordella.1	Bacteria	Bacteria	Bacteria	3882	3882	0	0.6228	3882
Nordella.2	Bacteria	Bacteria	Bacteria	4498	4498	0	0.6147	4498
Noviherbaspirillum.1	Bacteria	Bacteria	Bacteria	2134	2134	0	0.6341	2134
Novosphingobium.1	Bacteria	Bacteria	Bacteria	7115	7115	0	0.6311	7115
Novosphingobium.2	Bacteria	Bacteria	Bacteria	4218	4218	0	0.6620	4218
Novosphingobium.3	Bacteria	Bacteria	Bacteria	3189	3189	0	0.6629	3189
Novosphingobium.4	Bacteria	Bacteria	Bacteria	12610	12610	0	0.6407	12610
Novosphingobium.5	Bacteria	Bacteria	Bacteria	5408	5408	0	0.6603	5408
OPB41.1	Bacteria	Bacteria	Bacteria	2145	2145	0	0.6628	2145
Ochrobactrum.1	Bacteria	Bacteria	Bacteria	8980	8980	0	0.5642	8980
Oligotropha.1	Bacteria	Bacteria	Bacteria	14565	14565	0	0.6120	14565
Oscillibacter.2	Bacteria	Bacteria	Bacteria	3314	3314	0	0.5870	3314
Oscillibacter.3	Bacteria	Bacteria	Bacteria	5217	5217	0	0.5781	5217
Oscillibacter.6	Bacteria	Bacteria	Bacteria	5524	5524	0	0.5531	5524
Oscillibacter.7	Bacteria	Bacteria	Bacteria	1438	1438	0	0.5484	1438
Oscillibacter.8	Bacteria	Bacteria	Bacteria	2646	2646	0	0.5319	2646
Oscillibacter.9	Bacteria	Bacteria	Bacteria	14324	14324	0	0.3520	14324
Oscillospiraceae.1	Bacteria	Bacteria	Bacteria	6421	6421	0	0.5566	6421
Oscillospiraceae.11	Bacteria	Bacteria	Bacteria	4677	4677	0	0.5922	4677
Oscillospiraceae.12	Bacteria	Bacteria	Bacteria	3593	3593	0	0.5787	3593
Oscillospiraceae.15	Bacteria	Bacteria	Bacteria	3312	3312	0	0.6043	3312
Oscillospiraceae.16	Bacteria	Bacteria	Bacteria	6709	6709	0	0.5458	6709
Oscillospiraceae.4	Bacteria	Bacteria	Bacteria	1301	1301	0	0.6080	1301
Oscillospirales.1	Bacteria	Bacteria	Bacteria	12253	12253	0	0.4507	12253
Oscillospirales.2	Bacteria	Bacteria	Bacteria	11116	11116	0	0.5064	11116
Oscillospirales.5	Bacteria	Bacteria	Bacteria	2351	2351	0	0.4540	2351
Ottowia.2	Bacteria	Bacteria	Bacteria	5163	5163	0	0.6362	5163
Ottowia.3	Bacteria	Bacteria	Bacteria	8774	8774	0	0.6297	8774
Oxobacteraceae.2	Bacteria	Bacteria	Bacteria	6477	6477	0	0.3130	6477
Oxobacteraceae.3	Bacteria	Bacteria	Bacteria	10970	10970	0	0.3887	10970
Paenibacillus.1	Bacteria	Bacteria	Bacteria	7090	7090	0	0.6058	7090
Paenibacillus.2	Bacteria	Bacteria	Bacteria	7959	7959	0	0.4973	7959
Paeniclostridium.1	Bacteria	Bacteria	Bacteria	6408	6408	0	0.2949	6408
Paludibacter.2	Bacteria	Bacteria	Bacteria	1449	1449	0	0.4152	1449
Paludibacter.3	Bacteria	Bacteria	Bacteria	5566	5566	0	0.4049	5566
Paludibacter.4	Bacteria	Bacteria	Bacteria	1227	1227	0	0.4281	1227
Paludisphaera.1	Bacteria	Bacteria	Bacteria	5486	5486	0	0.6461	5486
Paludisphaera.2	Bacteria	Bacteria	Bacteria	1444	1444	0	0.6636	1444
Pannonibacter.1	Bacteria	Bacteria	Bacteria	5356	5356	0	0.6309	5356
Papillibacter.1	Bacteria	Bacteria	Bacteria	7550	7550	0	0.5675	7550
Paraclostridium.3	Bacteria	Bacteria	Bacteria	4141	4141	0	0.5120	4141
Paraclostridium.5	Bacteria	Bacteria	Bacteria	7392	7392	0	0.3248	7392
Paraclostridium.7	Bacteria	Bacteria	Bacteria	6811	6811	0	0.4007	6811
Paracoccus.1	Bacteria	Bacteria	Bacteria	3897	3897	0	0.6893	3897
Paracoccus.10	Bacteria	Bacteria	Bacteria	2566	2566	0	0.6563	2566
Paracoccus.2	Bacteria	Bacteria	Bacteria	2037	2037	0	0.6702	2037
Paracoccus.3	Bacteria	Bacteria	Bacteria	13122	13122	0	0.6569	13122
Paracoccus.4	Bacteria	Bacteria	Bacteria	10184	10184	0	0.6579	10184
Paracoccus.5	Bacteria	Bacteria	Bacteria	8940	8940	0	0.6555	8940
Paracoccus.8	Bacteria	Bacteria	Bacteria	9386	9386	0	0.6687	9386
Paracoccus.9	Bacteria	Bacteria	Bacteria	4189	4189	0	0.6677	4189
Parapusillimonas.1	Bacteria	Bacteria	Bacteria	11850	11850	0	0.5700	11850
Parvibaculum.1	Bacteria	Bacteria	Bacteria	4442	4442	0	0.6185	4442
Parvibaculum.2	Bacteria	Bacteria	Bacteria	3584	3584	0	0.6459	3584
Parvibaculum.3	Bacteria	Bacteria	Bacteria	5820	5820	0	0.5648	5820
Pedomicrobium.1	Bacteria	Bacteria	Bacteria	2432	2432	0	0.6473	2432
Pedomicrobium.3	Bacteria	Bacteria	Bacteria	1816	1816	0	0.6726	1816
Pedomicrobium.5	Bacteria	Bacteria	Bacteria	1935	1935	0	0.6475	1935
Pedosphaeraceae.1	Bacteria	Bacteria	Bacteria	5259	5259	0	0.6077	5259
Pelolinea.1	Bacteria	Bacteria	Bacteria	5857	5857	0	0.4759	5857
Pelolinea.2	Bacteria	Bacteria	Bacteria	800	800	0	0.5258	800
Pelolinea.3	Bacteria	Bacteria	Bacteria	1809	1809	0	0.4874	1809
Pelotomaculaceae.1	Bacteria	Bacteria	Bacteria	7634	7634	0	0.4828	7634
Pelotomaculum.1	Bacteria	Bacteria	Bacteria	3584	3584	0	0.4820	3584
Pelotomaculum.2	Bacteria	Bacteria	Bacteria	1412	1412	0	0.4956	1412
Peptoclostridium.1	Bacteria	Bacteria	Bacteria	2471	2471	0	0.3025	2471
Peptoclostridium.2	Bacteria	Bacteria	Bacteria	2471	2471	0	0.3025	2471
Peptococcaceae.1	Bacteria	Bacteria	Bacteria	6663	6663	0	0.4387	6663
Peptococcaceae.2	Bacteria	Bacteria	Bacteria	1488	1488	0	0.3717	1488
Peptococcaceae.3	Bacteria	Bacteria	Bacteria	7554	7554	0	0.4903	7554
Peptococcaceae.5	Bacteria	Bacteria	Bacteria	2536	2536	0	0.4744	2536
Peptococcaceae.6	Bacteria	Bacteria	Bacteria	961	961	0	0.4307	961
Peptostreptococcales-Tissierellales.2	Bacteria	Bacteria	Bacteria	13684	13684	0	0.3465	13684
Peptostreptococcales-Tissierellales.3	Bacteria	Bacteria	Bacteria	5033	5033	0	0.3496	5033
Peptostreptococcales-Tissierellales.5	Bacteria	Bacteria	Bacteria	3742	3742	0	0.3411	3742
Peptostreptococcales-Tissierellales.6	Bacteria	Bacteria	Bacteria	4135	4135	0	0.6985	4135
Persicitalea.1	Bacteria	Bacteria	Bacteria	15354	15354	0	0.4781	15354
Petrimonas.1	Bacteria	Bacteria	Bacteria	3044	3044	0	0.4607	3044
Petrimonas.11	Bacteria	Bacteria	Bacteria	4482	4482	0	0.4371	4482
Petrimonas.12	Bacteria	Bacteria	Bacteria	8646	8646	0	0.4559	8646
Petrimonas.13	Bacteria	Bacteria	Bacteria	6629	6629	0	0.4773	6629
Petrimonas.18	Bacteria	Bacteria	Bacteria	14899	14899	0	0.4584	14899
Petrimonas.20	Bacteria	Bacteria	Bacteria	883	883	0	0.4015	883
Petrimonas.3	Bacteria	Bacteria	Bacteria	2050	2050	0	0.4096	2050
Phaselicystis.1	Bacteria	Bacteria	Bacteria	6846	6846	0	0.6024	6846
Phenylobacterium.1	Bacteria	Bacteria	Bacteria	1952	1952	0	0.6862	1952
Phenylobacterium.3	Bacteria	Bacteria	Bacteria	3749	3749	0	0.6761	3749
Phenylobacterium.4	Bacteria	Bacteria	Bacteria	8452	8452	0	0.6421	8452
Phenylobacterium.5	Bacteria	Bacteria	Bacteria	2078	2078	0	0.6948	2078
Phenylobacterium.6	Bacteria	Bacteria	Bacteria	3967	3967	0	0.7087	3967
Phreatobacter.1	Bacteria	Bacteria	Bacteria	2187	2187	0	0.6363	2187
Phreatobacter.2	Bacteria	Bacteria	Bacteria	2561	2561	0	0.6414	2561
Pigmentiphaga.1	Bacteria	Bacteria	Bacteria	1614	1614	0	0.3874	1614
Pir4_lineage.2	Bacteria	Bacteria	Bacteria	4782	4782	0	0.6153	4782
Pir4_lineage.3	Bacteria	Bacteria	Bacteria	1364	1364	0	0.6428	1364
Pir4_lineage.4	Bacteria	Bacteria	Bacteria	1544	1544	0	0.6126	1544
Pir4_lineage.5	Bacteria	Bacteria	Bacteria	1268	1268	0	0.5869	1268
Pir4_lineage.6	Bacteria	Bacteria	Bacteria	1598	1598	0	0.6063	1598
Pir4_lineage.7	Bacteria	Bacteria	Bacteria	3053	3053	0	0.6205	3053
Pirellula.1	Bacteria	Bacteria	Bacteria	1188	1188	0	0.5786	1188
Pirellula.2	Bacteria	Bacteria	Bacteria	21	21	0	0.5150	21
Pirellula.3	Bacteria	Bacteria	Bacteria	2877	2877	0	0.5162	2877
Pirellula.4	Bacteria	Bacteria	Bacteria	3187	3187	0	0.5037	3187
Pirellula.5	Bacteria	Bacteria	Bacteria	1281	1281	0	0.5019	1281
Pirellula.6	Bacteria	Bacteria	Bacteria	2858	2858	0	0.6622	2858
Pirellula.7	Bacteria	Bacteria	Bacteria	9138	9138	0	0.5854	9138
Pirellula.9	Bacteria	Bacteria	Bacteria	3733	3733	0	0.5778	3733
Pirellulaceae.1	Bacteria	Bacteria	Bacteria	8121	8121	0	0.6210	8121
Planctomicrobium.1	Bacteria	Bacteria	Bacteria	3370	3370	0	0.5876	3370
Planctomicrobium.2	Bacteria	Bacteria	Bacteria	8483	8483	0	0.5558	8483
Planctopirus.1	Bacteria	Bacteria	Bacteria	2843	2843	0	0.5040	2843
Planifilum.1	Bacteria	Bacteria	Bacteria	1187	1187	0	0.5892	1187
Polyangiaceae.1	Bacteria	Bacteria	Bacteria	5498	5498	0	0.6677	5498
Polyangiales.1	Bacteria	Bacteria	Bacteria	12191	12191	0	0.6753	12191
Polymorphobacter.1	Bacteria	Bacteria	Bacteria	5684	5684	0	0.6598	5684
Propionibacteriaceae.1	Bacteria	Bacteria	Bacteria	3209	3209	0	0.7095	3209
Propionibacteriaceae.2	Bacteria	Bacteria	Bacteria	6816	6816	0	0.6785	6816
Propionicicella.4	Bacteria	Bacteria	Bacteria	18203	18203	0	0.7007	18203
Propionicicella.6	Bacteria	Bacteria	Bacteria	15459	15459	0	0.7102	15459
Propioniciclava.1	Bacteria	Bacteria	Bacteria	16676	16676	0	0.6765	16676
Propioniciclava.3	Bacteria	Bacteria	Bacteria	15540	15540	0	0.6924	15540
Propioniciclava.4	Bacteria	Bacteria	Bacteria	11579	11579	0	0.6812	11579
Propioniciclava.6	Bacteria	Bacteria	Bacteria	13344	13344	0	0.7055	13344
Prosthecomicrobium.1	Bacteria	Bacteria	Bacteria	4752	4752	0	0.6848	4752
Proteiniborus.1	Bacteria	Bacteria	Bacteria	3186	3186	0	0.3262	3186
Proteiniborus.3	Bacteria	Bacteria	Bacteria	6559	6559	0	0.3239	6559
Proteiniborus.4	Bacteria	Bacteria	Bacteria	3165	3165	0	0.3244	3165
Proteiniclasticum.2	Bacteria	Bacteria	Bacteria	2897	2897	0	0.5081	2897
Proteiniclasticum.4	Bacteria	Bacteria	Bacteria	1283	1283	0	0.4240	1283
Proteiniclasticum.6	Bacteria	Bacteria	Bacteria	4704	4704	0	0.4356	4704
Proteiniphilum.1	Bacteria	Bacteria	Bacteria	6549	6549	0	0.4399	6549
Proteiniphilum.13	Bacteria	Bacteria	Bacteria	2927	2927	0	0.4533	2927
Proteiniphilum.14	Bacteria	Bacteria	Bacteria	7520	7520	0	0.4617	7520
Proteiniphilum.16	Bacteria	Bacteria	Bacteria	9592	9592	0	0.4692	9592
Proteiniphilum.18	Bacteria	Bacteria	Bacteria	1879	1879	0	0.4844	1879
Proteiniphilum.2	Bacteria	Bacteria	Bacteria	2747	2747	0	0.5011	2747
Proteiniphilum.20	Bacteria	Bacteria	Bacteria	1322	1322	0	0.4351	1322
Proteiniphilum.21	Bacteria	Bacteria	Bacteria	1222	1222	0	0.4741	1222
Proteiniphilum.22	Bacteria	Bacteria	Bacteria	2439	2439	0	0.3743	2439
Proteiniphilum.3	Bacteria	Bacteria	Bacteria	3098	3098	0	0.4363	3098
Proteiniphilum.4	Bacteria	Bacteria	Bacteria	3455	3455	0	0.4960	3455
Proteiniphilum.7	Bacteria	Bacteria	Bacteria	1080	1080	0	0.5415	1080
Pseudaminobacter.1	Bacteria	Bacteria	Bacteria	5898	5898	0	0.6317	5898
Pseudaminobacter.2	Bacteria	Bacteria	Bacteria	4716	4716	0	0.6471	4716
Pseudarcobacter.1	Bacteria	Bacteria	Bacteria	4813	4813	0	0.2675	4813
Pseudochelatococcus.1	Bacteria	Bacteria	Bacteria	3661	3661	0	0.6133	3661
Pseudochrobactrum.1	Bacteria	Bacteria	Bacteria	4402	4402	0	0.5104	4402
Pseudofulvimonas.1	Bacteria	Bacteria	Bacteria	3313	3313	0	0.7072	3313
Pseudolabrys.1	Bacteria	Bacteria	Bacteria	2206	2206	0	0.6361	2206
Pseudolabrys.2	Bacteria	Bacteria	Bacteria	4023	4023	0	0.6416	4023
Pseudolabrys.3	Bacteria	Bacteria	Bacteria	3777	3777	0	0.6482	3777
Pseudomonas.1	Bacteria	Bacteria	Bacteria	7379	7379	0	0.6062	7379
Pseudomonas.2	Bacteria	Bacteria	Bacteria	13665	13665	0	0.6621	13665
Pseudomonas.3	Bacteria	Bacteria	Bacteria	10138	10138	0	0.6202	10138
Pseudomonas.4	Bacteria	Bacteria	Bacteria	3798	3798	0	0.6264	3798
Pseudomonas.5	Bacteria	Bacteria	Bacteria	4493	4493	0	0.4904	4493
Pseudomonas.7	Bacteria	Bacteria	Bacteria	4510	4510	0	0.6005	4510
Pseudomonas.8	Bacteria	Bacteria	Bacteria	2453	2453	0	0.6186	2453
Pseudonocardia.1	Bacteria	Bacteria	Bacteria	2231	2231	0	0.7185	2231
Pseudonocardia.2	Bacteria	Bacteria	Bacteria	7214	7214	0	0.7085	7214
Pseudorhodobacter.1	Bacteria	Bacteria	Bacteria	4782	4782	0	0.6387	4782
Pseudoxanthomonas.1	Bacteria	Bacteria	Bacteria	3737	3737	0	0.6026	3737
Pseudoxanthomonas.2	Bacteria	Bacteria	Bacteria	5465	5465	0	0.6764	5465
Pusillimonas.1	Bacteria	Bacteria	Bacteria	4102	4102	0	0.6312	4102
Pusillimonas.2	Bacteria	Bacteria	Bacteria	1779	1779	0	0.6286	1779
RBG-16-49-21.1	Bacteria	Bacteria	Bacteria	807	807	0	0.3586	807
Ralstonia.1	Bacteria	Bacteria	Bacteria	7823	7823	0	0.6558	7823
Reyranella.1	Bacteria	Bacteria	Bacteria	4546	4546	0	0.6758	4546
Reyranella.2	Bacteria	Bacteria	Bacteria	3930	3930	0	0.7002	3930
Reyranella.3	Bacteria	Bacteria	Bacteria	4084	4084	0	0.6633	4084
Reyranella.4	Bacteria	Bacteria	Bacteria	7294	7294	0	0.5767	7294
Rheinheimera.1	Bacteria	Bacteria	Bacteria	4308	4308	0	0.5138	4308
Rhizobiaceae.1	Bacteria	Bacteria	Bacteria	2162	2162	0	0.6902	2162
Rhizobiaceae.10	Bacteria	Bacteria	Bacteria	7059	7059	0	0.6402	7059
Rhizobiaceae.11	Bacteria	Bacteria	Bacteria	4900	4900	0	0.6254	4900
Rhizobiaceae.12	Bacteria	Bacteria	Bacteria	11587	11587	0	0.6334	11587
Rhizobiaceae.13	Bacteria	Bacteria	Bacteria	7176	7176	0	0.6313	7176
Rhizobiaceae.3	Bacteria	Bacteria	Bacteria	8494	8494	0	0.6375	8494
Rhizobiaceae.5	Bacteria	Bacteria	Bacteria	6490	6490	0	0.6141	6490
Rhizobiaceae.6	Bacteria	Bacteria	Bacteria	2745	2745	0	0.6465	2745
Rhizobiaceae.7	Bacteria	Bacteria	Bacteria	5320	5320	0	0.6585	5320
Rhizobiaceae.8	Bacteria	Bacteria	Bacteria	2475	2475	0	0.6417	2475
Rhizobiaceae.9	Bacteria	Bacteria	Bacteria	8547	8547	0	0.6270	8547
Rhodanobacter.2	Bacteria	Bacteria	Bacteria	9980	9980	0	0.6192	9980
Rhodanobacter.3	Bacteria	Bacteria	Bacteria	4109	4109	0	0.6237	4109
Rhodanobacter.4	Bacteria	Bacteria	Bacteria	4001	4001	0	0.6457	4001
Rhodanobacter.5	Bacteria	Bacteria	Bacteria	10672	10672	0	0.6646	10672
Rhodobacter.1	Bacteria	Bacteria	Bacteria	9771	9771	0	0.6760	9771
Rhodobacter.2	Bacteria	Bacteria	Bacteria	4272	4272	0	0.6833	4272
Rhodobacter.3	Bacteria	Bacteria	Bacteria	2573	2573	0	0.6602	2573
Rhodobacter.4	Bacteria	Bacteria	Bacteria	2254	2254	0	0.6694	2254
Rhodobacter.5	Bacteria	Bacteria	Bacteria	12298	12298	0	0.5813	12298
Rhodobacter.7	Bacteria	Bacteria	Bacteria	1761	1761	0	0.4306	1761
Rhodobacteraceae.1	Bacteria	Bacteria	Bacteria	3383	3383	0	0.6648	3383
Rhodobacteraceae.3	Bacteria	Bacteria	Bacteria	4165	4165	0	0.6490	4165
Rhodobacteraceae.4	Bacteria	Bacteria	Bacteria	4303	4303	0	0.6559	4303
Rhodobacteraceae.5	Bacteria	Bacteria	Bacteria	13286	13286	0	0.6571	13286
Rhodobacteraceae.6	Bacteria	Bacteria	Bacteria	4782	4782	0	0.5936	4782
Rhodococcus.1	Bacteria	Bacteria	Bacteria	7025	7025	0	0.6991	7025
Rhodococcus.2	Bacteria	Bacteria	Bacteria	11108	11108	0	0.6043	11108
Rhodococcus.3	Bacteria	Bacteria	Bacteria	4755	4755	0	0.6435	4755
Rhodococcus.4	Bacteria	Bacteria	Bacteria	3578	3578	0	0.6930	3578
Rhodococcus.5	Bacteria	Bacteria	Bacteria	8811	8811	0	0.6865	8811
Rhodocyclaceae.1	Bacteria	Bacteria	Bacteria	10724	10724	0	0.6151	10724
Rhodocyclaceae.2	Bacteria	Bacteria	Bacteria	19355	19355	0	0.6589	19355
Rhodocyclaceae.3	Bacteria	Bacteria	Bacteria	1206	1206	0	0.5501	1206
Rhodocyclaceae.5	Bacteria	Bacteria	Bacteria	5105	5105	0	0.5034	5105
Rhodopirellula.1	Bacteria	Bacteria	Bacteria	11797	11797	0	0.5828	11797
Rhodoplanes.1	Bacteria	Bacteria	Bacteria	1767	1767	0	0.6650	1767
Rhodovastum.1	Bacteria	Bacteria	Bacteria	4879	4879	0	0.6808	4879
Rikenellaceae_RC9_gut_group.1	Bacteria	Bacteria	Bacteria	679	679	0	0.4574	679
Rikenellaceae_RC9_gut_group.3	Bacteria	Bacteria	Bacteria	856	856	0	0.4499	856
Rikenellaceae_RC9_gut_group.4	Bacteria	Bacteria	Bacteria	1170	1170	0	0.4557	1170
Romboutsia.1	Bacteria	Bacteria	Bacteria	7056	7056	0	0.3399	7056
Romboutsia.2	Bacteria	Bacteria	Bacteria	3919	3919	0	0.3711	3919
Romboutsia.3	Bacteria	Bacteria	Bacteria	5241	5241	0	0.2979	5241
Romboutsia.5	Bacteria	Bacteria	Bacteria	3807	3807	0	0.4640	3807
Romboutsia.8	Bacteria	Bacteria	Bacteria	7056	7056	0	0.3988	7056
Roseburia.1	Bacteria	Bacteria	Bacteria	6531	6531	0	0.4327	6531
Roseburia.2	Bacteria	Bacteria	Bacteria	2441	2441	0	0.4169	2441
Roseimarinus.1	Bacteria	Bacteria	Bacteria	13288	13288	0	0.4261	13288
Roseomonas.2	Bacteria	Bacteria	Bacteria	1061	1061	0	0.5572	1061
Roseomonas.3	Bacteria	Bacteria	Bacteria	8091	8091	0	0.6666	8091
Rubrobacter.1	Bacteria	Bacteria	Bacteria	6355	6355	0	0.6838	6355
Ruminiclostridium.1	Bacteria	Bacteria	Bacteria	8227	8227	0	0.4530	8227
Ruminiclostridium.13	Bacteria	Bacteria	Bacteria	4124	4124	0	0.4264	4124
Ruminiclostridium.20	Bacteria	Bacteria	Bacteria	12235	12235	0	0.4006	12235
Ruminiclostridium.3	Bacteria	Bacteria	Bacteria	11604	11604	0	0.4301	11604
Ruminiclostridium.4	Bacteria	Bacteria	Bacteria	1171	1171	0	0.4014	1171
Ruminiclostridium.6	Bacteria	Bacteria	Bacteria	7948	7948	0	0.4077	7948
Ruminiclostridium.7	Bacteria	Bacteria	Bacteria	6592	6592	0	0.4234	6592
Ruminococcaceae.1	Bacteria	Bacteria	Bacteria	1573	1573	0	0.5004	1573
Ruminococcaceae.11	Bacteria	Bacteria	Bacteria	8602	8602	0	0.5089	8602
Ruminococcaceae.15	Bacteria	Bacteria	Bacteria	8359	8359	0	0.5268	8359
Ruminococcaceae.2	Bacteria	Bacteria	Bacteria	1182	1182	0	0.5988	1182
Ruminococcaceae.4	Bacteria	Bacteria	Bacteria	4104	4104	0	0.4991	4104
Ruminococcaceae.5	Bacteria	Bacteria	Bacteria	4944	4944	0	0.4795	4944
Ruminococcaceae.6	Bacteria	Bacteria	Bacteria	5195	5195	0	0.5465	5195
Ruminococcaceae.7	Bacteria	Bacteria	Bacteria	8137	8137	0	0.5349	8137
Ruminococcaceae.9	Bacteria	Bacteria	Bacteria	3069	3069	0	0.4267	3069
Ruminococcus.1	Bacteria	Bacteria	Bacteria	4385	4385	0	0.4312	4385
Ruminococcus.2	Bacteria	Bacteria	Bacteria	1468	1468	0	0.3790	1468
Ruminococcus.3	Bacteria	Bacteria	Bacteria	833	833	0	0.4158	833
Ruminococcus.4	Bacteria	Bacteria	Bacteria	1629	1629	0	0.4551	1629
Ruminococcus.5	Bacteria	Bacteria	Bacteria	3796	3796	0	0.4875	3796
Ruminococcus.6	Bacteria	Bacteria	Bacteria	2398	2398	0	0.5034	2398
Ruminococcus.7	Bacteria	Bacteria	Bacteria	4049	4049	0	0.4094	4049
Rummeliibacillus.2	Bacteria	Bacteria	Bacteria	4543	4543	0	0.3567	4543
Rummeliibacillus.3	Bacteria	Bacteria	Bacteria	3859	3859	0	0.3586	3859
Rummeliibacillus.4	Bacteria	Bacteria	Bacteria	2532	2532	0	0.3541	2532
SH-PL14.1	Bacteria	Bacteria	Bacteria	2864	2864	0	0.5892	2864
Sandaracinobacter.1	Bacteria	Bacteria	Bacteria	4156	4156	0	0.6589	4156
Sarcina.1	Bacteria	Bacteria	Bacteria	4123	4123	0	0.2764	4123
Sedimentibacter.16	Bacteria	Bacteria	Bacteria	7750	7750	0	0.4214	7750
Sedimentibacter.18	Bacteria	Bacteria	Bacteria	3077	3077	0	0.3008	3077
Sedimentibacter.19	Bacteria	Bacteria	Bacteria	8515	8515	0	0.4096	8515
Sedimentibacter.2	Bacteria	Bacteria	Bacteria	1232	1232	0	0.3469	1232
Sedimentibacter.3	Bacteria	Bacteria	Bacteria	1648	1648	0	0.4720	1648
Sedimentibacter.5	Bacteria	Bacteria	Bacteria	7280	7280	0	0.4885	7280
Sedimentibacter.8	Bacteria	Bacteria	Bacteria	3534	3534	0	0.3088	3534
Sediminibacterium.1	Bacteria	Bacteria	Bacteria	3959	3959	0	0.4502	3959
Shinella.1	Bacteria	Bacteria	Bacteria	3786	3786	0	0.4677	3786
Shinella.2	Bacteria	Bacteria	Bacteria	4655	4655	0	0.6452	4655
Shinella.3	Bacteria	Bacteria	Bacteria	2771	2771	0	0.6597	2771
Simplicispira.1	Bacteria	Bacteria	Bacteria	9337	9337	0	0.6441	9337
Skermania.1	Bacteria	Bacteria	Bacteria	1858	1858	0	0.6862	1858
Smithella.1	Bacteria	Bacteria	Bacteria	5513	5513	0	0.4952	5513
Smithella.2	Bacteria	Bacteria	Bacteria	1262	1262	0	0.5408	1262
Smithella.3	Bacteria	Bacteria	Bacteria	2517	2517	0	0.5063	2517
Soehngenia.1	Bacteria	Bacteria	Bacteria	4718	4718	0	0.3425	4718
Soehngenia.2	Bacteria	Bacteria	Bacteria	4259	4259	0	0.3735	4259
Soehngenia.4	Bacteria	Bacteria	Bacteria	1236	1236	0	0.4241	1236
Sphaerochaeta.2	Bacteria	Bacteria	Bacteria	2111	2111	0	0.5291	2111
Sphaerochaeta.3	Bacteria	Bacteria	Bacteria	3600	3600	0	0.5400	3600
Sphaerochaeta.4	Bacteria	Bacteria	Bacteria	2779	2779	0	0.5156	2779
Sphaerochaeta.5	Bacteria	Bacteria	Bacteria	6615	6615	0	0.5173	6615
Sphaerochaeta.7	Bacteria	Bacteria	Bacteria	3968	3968	0	0.5124	3968
Sphaerochaeta.8	Bacteria	Bacteria	Bacteria	848	848	0	0.6154	848
Sphingobacteriaceae.1	Bacteria	Bacteria	Bacteria	1442	1442	0	0.3774	1442
Sphingobium.1	Bacteria	Bacteria	Bacteria	5113	5113	0	0.6458	5113
Sphingobium.2	Bacteria	Bacteria	Bacteria	8327	8327	0	0.6422	8327
Sphingomonadaceae.1	Bacteria	Bacteria	Bacteria	13759	13759	0	0.6495	13759
Sphingomonadaceae.2	Bacteria	Bacteria	Bacteria	2398	2398	0	0.6516	2398
Sphingomonadaceae.3	Bacteria	Bacteria	Bacteria	3399	3399	0	0.6653	3399
Sphingomonas.1	Bacteria	Bacteria	Bacteria	8035	8035	0	0.6572	8035
Sphingopyxis.1	Bacteria	Bacteria	Bacteria	6776	6776	0	0.6460	6776
Sphingopyxis.2	Bacteria	Bacteria	Bacteria	1658	1658	0	0.5742	1658
Sphingopyxis.5	Bacteria	Bacteria	Bacteria	4112	4112	0	0.6643	4112
Sphingosinicella.1	Bacteria	Bacteria	Bacteria	3812	3812	0	0.6469	3812
Spirochaeta.1	Bacteria	Bacteria	Bacteria	4030	4030	0	0.5183	4030
Sporanaerobacter.1	Bacteria	Bacteria	Bacteria	3094	3094	0	0.3126	3094
Sporomusaceae.1	Bacteria	Bacteria	Bacteria	11310	11310	0	0.5357	11310
Sporomusaceae.2	Bacteria	Bacteria	Bacteria	11990	11990	0	0.5396	11990
Sporosarcina.1	Bacteria	Bacteria	Bacteria	10745	10745	0	0.3920	10745
Sporosarcina.2	Bacteria	Bacteria	Bacteria	6314	6314	0	0.4691	6314
Stappia.1	Bacteria	Bacteria	Bacteria	11847	11847	0	0.6390	11847
Stella.1	Bacteria	Bacteria	Bacteria	213	213	0	0.5186	213
Stella.2	Bacteria	Bacteria	Bacteria	4457	4457	0	0.6610	4457
Stenotrophomonas.2	Bacteria	Bacteria	Bacteria	7971	7971	0	0.7007	7971
Stenotrophomonas.3	Bacteria	Bacteria	Bacteria	7404	7404	0	0.6852	7404
Stenotrophomonas.4	Bacteria	Bacteria	Bacteria	8470	8470	0	0.6773	8470
Stenotrophomonas.5	Bacteria	Bacteria	Bacteria	11018	11018	0	0.6589	11018
Streptococcus.1	Bacteria	Bacteria	Bacteria	2678	2678	0	0.4260	2678
Sulfurospirillum.2	Bacteria	Bacteria	Bacteria	9103	9103	0	0.4378	9103
Sulfurovum.1	Bacteria	Bacteria	Bacteria	2018	2018	0	0.3271	2018
Symbiobacterium.2	Bacteria	Bacteria	Bacteria	8144	8144	0	0.6446	8144
Syner-01.1	Bacteria	Bacteria	Bacteria	2231	2231	0	0.6263	2231
Syner-01.14	Bacteria	Bacteria	Bacteria	2302	2302	0	0.5962	2302
Syner-01.2	Bacteria	Bacteria	Bacteria	2420	2420	0	0.6001	2420
Syner-01.3	Bacteria	Bacteria	Bacteria	1415	1415	0	0.5939	1415
Syner-01.5	Bacteria	Bacteria	Bacteria	7790	7790	0	0.5777	7790
Synergistaceae.1	Bacteria	Bacteria	Bacteria	5930	5930	0	0.6766	5930
Synergistaceae.2	Bacteria	Bacteria	Bacteria	7255	7255	0	0.5787	7255
Syntrophaceticus.1	Bacteria	Bacteria	Bacteria	2824	2824	0	0.4513	2824
Syntrophobacter.1	Bacteria	Bacteria	Bacteria	2504	2504	0	0.5732	2504
Syntrophobacter.3	Bacteria	Bacteria	Bacteria	5898	5898	0	0.5507	5898
Syntrophobacter.4	Bacteria	Bacteria	Bacteria	1984	1984	0	0.5768	1984
Syntrophobacter.7	Bacteria	Bacteria	Bacteria	1805	1805	0	0.5714	1805
Syntrophobotulaceae.6	Bacteria	Bacteria	Bacteria	4254	4254	0	0.4474	4254
Syntrophobotulaceae.8	Bacteria	Bacteria	Bacteria	3330	3330	0	0.4486	3330
Syntrophomonadaceae.1	Bacteria	Bacteria	Bacteria	4944	4944	0	0.4876	4944
Syntrophomonas.1	Bacteria	Bacteria	Bacteria	2933	2933	0	0.6337	2933
Syntrophomonas.11	Bacteria	Bacteria	Bacteria	1286	1286	0	0.4537	1286
Syntrophomonas.18	Bacteria	Bacteria	Bacteria	7294	7294	0	0.4891	7294
Syntrophomonas.19	Bacteria	Bacteria	Bacteria	10799	10799	0	0.4817	10799
Syntrophomonas.20	Bacteria	Bacteria	Bacteria	5384	5384	0	0.4690	5384
Syntrophomonas.22	Bacteria	Bacteria	Bacteria	2700	2700	0	0.4476	2700
Syntrophomonas.28	Bacteria	Bacteria	Bacteria	9964	9964	0	0.4906	9964
Syntrophomonas.4	Bacteria	Bacteria	Bacteria	3397	3397	0	0.5412	3397
Syntrophomonas.5	Bacteria	Bacteria	Bacteria	7809	7809	0	0.4668	7809
Syntrophorhabdus.1	Bacteria	Bacteria	Bacteria	2849	2849	0	0.4394	2849
Syntrophorhabdus.2	Bacteria	Bacteria	Bacteria	1075	1075	0	0.5306	1075
Syntrophus.1	Bacteria	Bacteria	Bacteria	1259	1259	0	0.5511	1259
Taibaiella.1	Bacteria	Bacteria	Bacteria	1115	1115	0	0.4838	1115
Tepidamorphus.1	Bacteria	Bacteria	Bacteria	3600	3600	0	0.6560	3600
Tepidanaerobacter_acetatoxydans_Re1.1	Bacteria	Bacteria	Bacteria	1024	1024	0	0.5581	1024
Tepidimicrobium.3	Bacteria	Bacteria	Bacteria	6532	6532	0	0.3479	6532
Terrisporobacter.2	Bacteria	Bacteria	Bacteria	13912	13912	0	0.3077	13912
Terrisporobacter.3	Bacteria	Bacteria	Bacteria	10019	10019	0	0.3809	10019
Terrisporobacter.4	Bacteria	Bacteria	Bacteria	3484	3484	0	0.2879	3484
Tessaracoccus.2	Bacteria	Bacteria	Bacteria	6776	6776	0	0.6914	6776
Tetrasphaera.1	Bacteria	Bacteria	Bacteria	5089	5089	0	0.7282	5089
Thauera.1	Bacteria	Bacteria	Bacteria	5051	5051	0	0.6362	5051
Thauera.2	Bacteria	Bacteria	Bacteria	8637	8637	0	0.6716	8637
Thermanaerovibrio.1	Bacteria	Bacteria	Bacteria	1171	1171	0	0.6413	1171
Thermoactinomyces.1	Bacteria	Bacteria	Bacteria	3055	3055	0	0.4792	3055
Thermoanaerobaculum.1	Bacteria	Bacteria	Bacteria	2635	2635	0	0.6826	2635
Thermobrachium.1	Bacteria	Bacteria	Bacteria	11114	11114	0	0.3280	11114
Thermogutta.1	Bacteria	Bacteria	Bacteria	2361	2361	0	0.6385	2361
Thermomonas.1	Bacteria	Bacteria	Bacteria	12237	12237	0	0.6502	12237
Thermomonas.2	Bacteria	Bacteria	Bacteria	4051	4051	0	0.6912	4051
Thermovirga.2	Bacteria	Bacteria	Bacteria	8455	8455	0	0.5316	8455
Thermovirga.3	Bacteria	Bacteria	Bacteria	8865	8865	0	0.5798	8865
Thermovirga.4	Bacteria	Bacteria	Bacteria	1078	1078	0	0.6429	1078
Thermovirga.6	Bacteria	Bacteria	Bacteria	1037	1037	0	0.5589	1037
Thermovirga.8	Bacteria	Bacteria	Bacteria	3464	3464	0	0.5514	3464
Thiobacillus.1	Bacteria	Bacteria	Bacteria	3740	3740	0	0.6675	3740
Thiobacillus.2	Bacteria	Bacteria	Bacteria	1556	1556	0	0.5947	1556
Thiobacillus.4	Bacteria	Bacteria	Bacteria	4054	4054	0	0.6304	4054
Thiopseudomonas.1	Bacteria	Bacteria	Bacteria	3298	3298	0	0.4857	3298
Tissierella.1	Bacteria	Bacteria	Bacteria	2656	2656	0	0.3085	2656
Tissierella.3	Bacteria	Bacteria	Bacteria	9963	9963	0	0.3308	9963
Tissierella.4	Bacteria	Bacteria	Bacteria	5202	5202	0	0.3064	5202
Tissierella.5	Bacteria	Bacteria	Bacteria	4146	4146	0	0.3113	4146
Tissierella.7	Bacteria	Bacteria	Bacteria	3719	3719	0	0.3158	3719
Treponema.1	Bacteria	Bacteria	Bacteria	3973	3973	0	0.5362	3973
Treponema.2	Bacteria	Bacteria	Bacteria	1003	1003	0	0.5340	1003
Treponema.3	Bacteria	Bacteria	Bacteria	739	739	0	0.3826	739
Trichococcus.1	Bacteria	Bacteria	Bacteria	1586	1586	0	0.4670	1586
Truepera.1	Bacteria	Bacteria	Bacteria	2542	2542	0	0.6642	2542
Tsukamurella.1	Bacteria	Bacteria	Bacteria	4944	4944	0	0.7100	4944
Tsukamurella.2	Bacteria	Bacteria	Bacteria	11844	11844	0	0.6662	11844
Turicibacter.1	Bacteria	Bacteria	Bacteria	3425	3425	0	0.4544	3425
Tuzzerella.1	Bacteria	Bacteria	Bacteria	1412	1412	0	0.3716	1412
UCG-002.1	Bacteria	Bacteria	Bacteria	3098	3098	0	0.5826	3098
UCG-004.1	Bacteria	Bacteria	Bacteria	2047	2047	0	0.4982	2047
UCG-008.1	Bacteria	Bacteria	Bacteria	3992	3992	0	0.5260	3992
UCG-009.1	Bacteria	Bacteria	Bacteria	6308	6308	0	0.5200	6308
UCG-009.2	Bacteria	Bacteria	Bacteria	2377	2377	0	0.5247	2377
UCG-009.4	Bacteria	Bacteria	Bacteria	2288	2288	0	0.4854	2288
UCG-009.6	Bacteria	Bacteria	Bacteria	7014	7014	0	0.5283	7014
UCG-010.1	Bacteria	Bacteria	Bacteria	2274	2274	0	0.6288	2274
UCG-010.2	Bacteria	Bacteria	Bacteria	3575	3575	0	0.4834	3575
Veillonellales-Selenomonadales.1	Bacteria	Bacteria	Bacteria	4370	4370	0	0.4828	4370
Veillonellales-Selenomonadales.3	Bacteria	Bacteria	Bacteria	4370	4370	0	0.4834	4370
Veillonellales-Selenomonadales.5	Bacteria	Bacteria	Bacteria	4216	4216	0	0.5955	4216
Verruc-01.1	Bacteria	Bacteria	Bacteria	6241	6241	0	0.5295	6241
Verrucomicrobium.1	Bacteria	Bacteria	Bacteria	902	902	0	0.5302	902
Verticiella.1	Bacteria	Bacteria	Bacteria	8110	8110	0	0.6580	8110
W5.1	Bacteria	Bacteria	Bacteria	951	951	0	0.4557	951
W5.2	Bacteria	Bacteria	Bacteria	2922	2922	0	0.4296	2922
W5.5	Bacteria	Bacteria	Bacteria	1221	1221	0	0.5282	1221
W5.6	Bacteria	Bacteria	Bacteria	1221	1221	0	0.5316	1221
XBB1006.1	Bacteria	Bacteria	Bacteria	3356	3356	0	0.4065	3356
Xanthobacter.1	Bacteria	Bacteria	Bacteria	4824	4824	0	0.6964	4824
Xanthobacter.2	Bacteria	Bacteria	Bacteria	11195	11195	0	0.6735	11195
Xanthobacter.3	Bacteria	Bacteria	Bacteria	5460	5460	0	0.6751	5460
Xanthobacter.4	Bacteria	Bacteria	Bacteria	2301	2301	0	0.6676	2301
Xanthobacter.5	Bacteria	Bacteria	Bacteria	4943	4943	0	0.6721	4943
Xanthobacteraceae.1	Bacteria	Bacteria	Bacteria	2389	2389	0	0.6312	2389
Xanthobacteraceae.2	Bacteria	Bacteria	Bacteria	15404	15404	0	0.6285	15404
Xanthobacteraceae.3	Bacteria	Bacteria	Bacteria	18223	18223	0	0.6234	18223
Xanthobacteraceae.4	Bacteria	Bacteria	Bacteria	12682	12682	0	0.6044	12682
Xanthobacteraceae.5	Bacteria	Bacteria	Bacteria	1871	1871	0	0.6143	1871
Xanthomonadaceae.1	Bacteria	Bacteria	Bacteria	2755	2755	0	0.6898	2755
Xanthomonadaceae.2	Bacteria	Bacteria	Bacteria	3483	3483	0	0.6722	3483
Xanthomonadales.1	Bacteria	Bacteria	Bacteria	5671	5671	0	0.5916	5671
YC-ZSS-LKJ63.1	Bacteria	Bacteria	Bacteria	2127	2127	0	0.5907	2127
Zoogloea.1	Bacteria	Bacteria	Bacteria	5935	5935	0	0.6586	5935
alphaI_cluster.1	Bacteria	Bacteria	Bacteria	7105	7105	0	0.6748	7105
alphaI_cluster.2	Bacteria	Bacteria	Bacteria	2273	2273	0	0.6605	2273
midas_f_112.11	Bacteria	Bacteria	Bacteria	3527	3527	0	0.4656	3527
midas_f_112.13	Bacteria	Bacteria	Bacteria	14573	14573	0	0.4863	14573
midas_f_112.15	Bacteria	Bacteria	Bacteria	3862	3862	0	0.4638	3862
midas_f_112.18	Bacteria	Bacteria	Bacteria	2746	2746	0	0.5173	2746
midas_f_112.2	Bacteria	Bacteria	Bacteria	3627	3627	0	0.4993	3627
midas_f_112.4	Bacteria	Bacteria	Bacteria	3748	3748	0	0.4905	3748
midas_f_1799.1	Bacteria	Bacteria	Bacteria	2661	2661	0	0.5055	2661
midas_f_216.1	Bacteria	Bacteria	Bacteria	996	996	0	0.6585	996
midas_f_2772.1	Bacteria	Bacteria	Bacteria	4898	4898	0	0.6327	4898
midas_f_3092.1	Bacteria	Bacteria	Bacteria	5183	5183	0	0.4479	5183
midas_f_4221.1	Bacteria	Bacteria	Bacteria	7384	7384	0	0.5299	7384
midas_f_48503.1	Bacteria	Bacteria	Bacteria	9901	9901	0	0.4907	9901
midas_f_6325.1	Bacteria	Bacteria	Bacteria	5669	5669	0	0.5828	5669
midas_f_8126.1	Bacteria	Bacteria	Bacteria	1173	1173	0	0.5671	1173
midas_f_8126.2	Bacteria	Bacteria	Bacteria	10209	10209	0	0.5355	10209
midas_g_100.1	Bacteria	Bacteria	Bacteria	3165	3165	0	0.6101	3165
midas_g_100021.1	Bacteria	Bacteria	Bacteria	4570	4570	0	0.6162	4570
midas_g_100193.1	Bacteria	Bacteria	Bacteria	4392	4392	0	0.4391	4392
midas_g_100262.1	Bacteria	Bacteria	Bacteria	4888	4888	0	0.4462	4888
midas_g_100693.1	Bacteria	Bacteria	Bacteria	6770	6770	0	0.6079	6770
midas_g_101467.1	Bacteria	Bacteria	Bacteria	2815	2815	0	0.5382	2815
midas_g_101607.1	Bacteria	Bacteria	Bacteria	1992	1992	0	0.3740	1992
midas_g_102589.1	Bacteria	Bacteria	Bacteria	896	896	0	0.6179	896
midas_g_102591.1	Bacteria	Bacteria	Bacteria	6789	6789	0	0.5266	6789
midas_g_102931.1	Bacteria	Bacteria	Bacteria	6826	6826	0	0.5630	6826
midas_g_102931.2	Bacteria	Bacteria	Bacteria	7473	7473	0	0.5501	7473
midas_g_10303.1	Bacteria	Bacteria	Bacteria	3005	3005	0	0.4007	3005
midas_g_103381.2	Bacteria	Bacteria	Bacteria	3431	3431	0	0.4999	3431
midas_g_103447.1	Bacteria	Bacteria	Bacteria	4840	4840	0	0.4670	4840
midas_g_103462.1	Bacteria	Bacteria	Bacteria	7059	7059	0	0.3964	7059
midas_g_103638.1	Bacteria	Bacteria	Bacteria	2975	2975	0	0.4907	2975
midas_g_10639.1	Bacteria	Bacteria	Bacteria	5667	5667	0	0.4294	5667
midas_g_107376.1	Bacteria	Bacteria	Bacteria	8616	8616	0	0.3573	8616
midas_g_108212.1	Bacteria	Bacteria	Bacteria	2431	2431	0	0.5556	2431
midas_g_1092.1	Bacteria	Bacteria	Bacteria	2290	2290	0	0.6330	2290
midas_g_1097.1	Bacteria	Bacteria	Bacteria	2186	2186	0	0.6282	2186
midas_g_1097.2	Bacteria	Bacteria	Bacteria	1395	1395	0	0.6186	1395
midas_g_109803.1	Bacteria	Bacteria	Bacteria	2746	2746	0	0.4903	2746
midas_g_1099.1	Bacteria	Bacteria	Bacteria	301	301	0	0.3737	301
midas_g_109927.1	Bacteria	Bacteria	Bacteria	5686	5686	0	0.5623	5686
midas_g_110175.1	Bacteria	Bacteria	Bacteria	13304	13304	0	0.3951	13304
midas_g_110354.1	Bacteria	Bacteria	Bacteria	7934	7934	0	0.5191	7934
midas_g_110369.1	Bacteria	Bacteria	Bacteria	3539	3539	0	0.6617	3539
midas_g_110619.2	Bacteria	Bacteria	Bacteria	4340	4340	0	0.5496	4340
midas_g_110619.3	Bacteria	Bacteria	Bacteria	13629	13629	0	0.5711	13629
midas_g_110683.1	Bacteria	Bacteria	Bacteria	3845	3845	0	0.5459	3845
midas_g_110683.2	Bacteria	Bacteria	Bacteria	1332	1332	0	0.5069	1332
midas_g_110683.3	Bacteria	Bacteria	Bacteria	1323	1323	0	0.4865	1323
midas_g_110783.1	Bacteria	Bacteria	Bacteria	791	791	0	0.6003	791
midas_g_11150.1	Bacteria	Bacteria	Bacteria	1813	1813	0	0.6397	1813
midas_g_112.1	Bacteria	Bacteria	Bacteria	1048	1048	0	0.5784	1048
midas_g_112372.1	Bacteria	Bacteria	Bacteria	2536	2536	0	0.4772	2536
midas_g_112430.1	Bacteria	Bacteria	Bacteria	1496	1496	0	0.4192	1496
midas_g_112760.2	Bacteria	Bacteria	Bacteria	3851	3851	0	0.5175	3851
midas_g_112829.1	Bacteria	Bacteria	Bacteria	4612	4612	0	0.5903	4612
midas_g_1138.1	Bacteria	Bacteria	Bacteria	793	793	0	0.4647	793
midas_g_114155.1	Bacteria	Bacteria	Bacteria	3989	3989	0	0.5106	3989
midas_g_114252.1	Bacteria	Bacteria	Bacteria	2189	2189	0	0.6645	2189
midas_g_114252.2	Bacteria	Bacteria	Bacteria	3084	3084	0	0.6533	3084
midas_g_114295.1	Bacteria	Bacteria	Bacteria	5659	5659	0	0.6222	5659
midas_g_114498.1	Bacteria	Bacteria	Bacteria	3198	3198	0	0.3867	3198
midas_g_114638.1	Bacteria	Bacteria	Bacteria	14881	14881	0	0.4777	14881
midas_g_114992.2	Bacteria	Bacteria	Bacteria	12215	12215	0	0.4699	12215
midas_g_114992.3	Bacteria	Bacteria	Bacteria	14274	14274	0	0.4913	14274
midas_g_114992.6	Bacteria	Bacteria	Bacteria	14850	14850	0	0.4783	14850
midas_g_115334.1	Bacteria	Bacteria	Bacteria	5761	5761	0	0.5512	5761
midas_g_115365.1	Bacteria	Bacteria	Bacteria	2436	2436	0	0.4717	2436
midas_g_115519.1	Bacteria	Bacteria	Bacteria	3051	3051	0	0.4546	3051
midas_g_115815.2	Bacteria	Bacteria	Bacteria	7747	7747	0	0.5972	7747
midas_g_115815.3	Bacteria	Bacteria	Bacteria	5503	5503	0	0.6488	5503
midas_g_116083.1	Bacteria	Bacteria	Bacteria	4741	4741	0	0.4203	4741
midas_g_116278.1	Bacteria	Bacteria	Bacteria	4950	4950	0	0.6799	4950
midas_g_116339.1	Bacteria	Bacteria	Bacteria	6524	6524	0	0.4685	6524
midas_g_119322.1	Bacteria	Bacteria	Bacteria	1015	1015	0	0.7003	1015
midas_g_119427.1	Bacteria	Bacteria	Bacteria	12981	12981	0	0.4472	12981
midas_g_119427.2	Bacteria	Bacteria	Bacteria	13432	13432	0	0.3850	13432
midas_g_119476.3	Bacteria	Bacteria	Bacteria	5083	5083	0	0.5009	5083
midas_g_119665.1	Bacteria	Bacteria	Bacteria	895	895	0	0.6261	895
midas_g_12.1	Bacteria	Bacteria	Bacteria	2979	2979	0	0.4649	2979
midas_g_1220.1	Bacteria	Bacteria	Bacteria	3194	3194	0	0.4277	3194
midas_g_1221.1	Bacteria	Bacteria	Bacteria	1585	1585	0	0.5409	1585
midas_g_1227.1	Bacteria	Bacteria	Bacteria	1235	1235	0	0.4711	1235
midas_g_12435.1	Bacteria	Bacteria	Bacteria	4295	4295	0	0.6477	4295
midas_g_1246.1	Bacteria	Bacteria	Bacteria	1612	1612	0	0.5516	1612
midas_g_1251.1	Bacteria	Bacteria	Bacteria	20250	20250	0	0.4760	20250
midas_g_12624.1	Bacteria	Bacteria	Bacteria	1041	1041	0	0.5206	1041
midas_g_12984.1	Bacteria	Bacteria	Bacteria	283	283	0	0.3800	283
midas_g_13.1	Bacteria	Bacteria	Bacteria	710	710	0	0.3195	710
midas_g_13.2	Bacteria	Bacteria	Bacteria	851	851	0	0.4769	851
midas_g_1312.1	Bacteria	Bacteria	Bacteria	1234	1234	0	0.5129	1234
midas_g_13327.1	Bacteria	Bacteria	Bacteria	1830	1830	0	0.4420	1830
midas_g_134.1	Bacteria	Bacteria	Bacteria	1215	1215	0	0.5695	1215
midas_g_134.2	Bacteria	Bacteria	Bacteria	1628	1628	0	0.5913	1628
midas_g_134.3	Bacteria	Bacteria	Bacteria	1160	1160	0	0.6514	1160
midas_g_1341.1	Bacteria	Bacteria	Bacteria	2371	2371	0	0.6808	2371
midas_g_14041.1	Bacteria	Bacteria	Bacteria	1016	1016	0	0.5599	1016
midas_g_1408.1	Bacteria	Bacteria	Bacteria	862	862	0	0.4536	862
midas_g_1408.2	Bacteria	Bacteria	Bacteria	1479	1479	0	0.4899	1479
midas_g_141.1	Bacteria	Bacteria	Bacteria	893	893	0	0.5391	893
midas_g_14240.1	Bacteria	Bacteria	Bacteria	4664	4664	0	0.6098	4664
midas_g_1469.1	Bacteria	Bacteria	Bacteria	987	987	0	0.6582	987
midas_g_15089.1	Bacteria	Bacteria	Bacteria	862	862	0	0.5352	862
midas_g_15299.2	Bacteria	Bacteria	Bacteria	2335	2335	0	0.4405	2335
midas_g_153.1	Bacteria	Bacteria	Bacteria	1904	1904	0	0.5937	1904
midas_g_155.1	Bacteria	Bacteria	Bacteria	4707	4707	0	0.6515	4707
midas_g_155.2	Bacteria	Bacteria	Bacteria	3848	3848	0	0.6007	3848
midas_g_156.1	Bacteria	Bacteria	Bacteria	2279	2279	0	0.5074	2279
midas_g_156.2	Bacteria	Bacteria	Bacteria	1556	1556	0	0.5019	1556
midas_g_156.5	Bacteria	Bacteria	Bacteria	2578	2578	0	0.4492	2578
midas_g_156.6	Bacteria	Bacteria	Bacteria	5778	5778	0	0.5452	5778
midas_g_1571.1	Bacteria	Bacteria	Bacteria	1030	1030	0	0.3206	1030
midas_g_15828.1	Bacteria	Bacteria	Bacteria	4896	4896	0	0.3898	4896
midas_g_164.1	Bacteria	Bacteria	Bacteria	23668	23668	0	0.6901	23668
midas_g_16730.1	Bacteria	Bacteria	Bacteria	818	818	0	0.3783	818
midas_g_1714.1	Bacteria	Bacteria	Bacteria	1847	1847	0	0.4179	1847
midas_g_1716.1	Bacteria	Bacteria	Bacteria	2276	2276	0	0.6618	2276
midas_g_1737.1	Bacteria	Bacteria	Bacteria	2218	2218	0	0.4240	2218
midas_g_17534.1	Bacteria	Bacteria	Bacteria	8437	8437	0	0.6977	8437
midas_g_1799.1	Bacteria	Bacteria	Bacteria	1099	1099	0	0.5853	1099
midas_g_1799.4	Bacteria	Bacteria	Bacteria	8377	8377	0	0.5138	8377
midas_g_1799.5	Bacteria	Bacteria	Bacteria	10191	10191	0	0.4882	10191
midas_g_1799.7	Bacteria	Bacteria	Bacteria	5431	5431	0	0.5278	5431
midas_g_1862.1	Bacteria	Bacteria	Bacteria	5042	5042	0	0.5848	5042
midas_g_19.1	Bacteria	Bacteria	Bacteria	5794	5794	0	0.5617	5794
midas_g_19.2	Bacteria	Bacteria	Bacteria	3272	3272	0	0.4799	3272
midas_g_1919.1	Bacteria	Bacteria	Bacteria	4475	4475	0	0.6302	4475
midas_g_1919.2	Bacteria	Bacteria	Bacteria	3560	3560	0	0.6201	3560
midas_g_1936.1	Bacteria	Bacteria	Bacteria	4953	4953	0	0.5980	4953
midas_g_1946.1	Bacteria	Bacteria	Bacteria	1080	1080	0	0.5415	1080
midas_g_19557.1	Bacteria	Bacteria	Bacteria	834	834	0	0.6292	834
midas_g_1979.1	Bacteria	Bacteria	Bacteria	870	870	0	0.4898	870
midas_g_1981.1	Bacteria	Bacteria	Bacteria	5784	5784	0	0.3745	5784
midas_g_19829.3	Bacteria	Bacteria	Bacteria	9603	9603	0	0.3316	9603
midas_g_2020.1	Bacteria	Bacteria	Bacteria	886	886	0	0.4128	886
midas_g_2022.1	Bacteria	Bacteria	Bacteria	2302	2302	0	0.6014	2302
midas_g_20878.1	Bacteria	Bacteria	Bacteria	1142	1142	0	0.4055	1142
midas_g_20878.2	Bacteria	Bacteria	Bacteria	1578	1578	0	0.3727	1578
midas_g_2126.1	Bacteria	Bacteria	Bacteria	3627	3627	0	0.3896	3627
midas_g_2138.1	Bacteria	Bacteria	Bacteria	1538	1538	0	0.5366	1538
midas_g_2147.1	Bacteria	Bacteria	Bacteria	11227	11227	0	0.4481	11227
midas_g_21520.1	Bacteria	Bacteria	Bacteria	2322	2322	0	0.6528	2322
midas_g_216.1	Bacteria	Bacteria	Bacteria	3478	3478	0	0.5612	3478
midas_g_2178.1	Bacteria	Bacteria	Bacteria	8328	8328	0	0.6095	8328
midas_g_2178.6	Bacteria	Bacteria	Bacteria	2762	2762	0	0.5709	2762
midas_g_21833.1	Bacteria	Bacteria	Bacteria	3846	3846	0	0.6238	3846
midas_g_22.1	Bacteria	Bacteria	Bacteria	2348	2348	0	0.3790	2348
midas_g_22002.1	Bacteria	Bacteria	Bacteria	1223	1223	0	0.6184	1223
midas_g_22108.1	Bacteria	Bacteria	Bacteria	5592	5592	0	0.5999	5592
midas_g_2229.1	Bacteria	Bacteria	Bacteria	7113	7113	0	0.4366	7113
midas_g_2229.2	Bacteria	Bacteria	Bacteria	5295	5295	0	0.4377	5295
midas_g_2296.1	Bacteria	Bacteria	Bacteria	4537	4537	0	0.6470	4537
midas_g_230.1	Bacteria	Bacteria	Bacteria	635	635	0	0.5822	635
midas_g_230.2	Bacteria	Bacteria	Bacteria	1702	1702	0	0.3600	1702
midas_g_230.4	Bacteria	Bacteria	Bacteria	1702	1702	0	0.3598	1702
midas_g_2400.1	Bacteria	Bacteria	Bacteria	5585	5585	0	0.5887	5585
midas_g_2400.2	Bacteria	Bacteria	Bacteria	15348	15348	0	0.6153	15348
midas_g_2408.1	Bacteria	Bacteria	Bacteria	1091	1091	0	0.5333	1091
midas_g_2413.1	Bacteria	Bacteria	Bacteria	7714	7714	0	0.6691	7714
midas_g_2423.1	Bacteria	Bacteria	Bacteria	1977	1977	0	0.5143	1977
midas_g_2424.5	Bacteria	Bacteria	Bacteria	3421	3421	0	0.5130	3421
midas_g_24413.1	Bacteria	Bacteria	Bacteria	1332	1332	0	0.3965	1332
midas_g_2455.5	Bacteria	Bacteria	Bacteria	7656	7656	0	0.5037	7656
midas_g_2477.1	Bacteria	Bacteria	Bacteria	3425	3425	0	0.6435	3425
midas_g_249.1	Bacteria	Bacteria	Bacteria	4207	4207	0	0.4896	4207
midas_g_249.2	Bacteria	Bacteria	Bacteria	4539	4539	0	0.4918	4539
midas_g_249.3	Bacteria	Bacteria	Bacteria	2316	2316	0	0.4960	2316
midas_g_249.4	Bacteria	Bacteria	Bacteria	981	981	0	0.4971	981
midas_g_249.5	Bacteria	Bacteria	Bacteria	3164	3164	0	0.5786	3164
midas_g_249.7	Bacteria	Bacteria	Bacteria	3564	3564	0	0.5029	3564
midas_g_249.8	Bacteria	Bacteria	Bacteria	4130	4130	0	0.4934	4130
midas_g_25039.1	Bacteria	Bacteria	Bacteria	10978	10978	0	0.5323	10978
midas_g_2506.3	Bacteria	Bacteria	Bacteria	1075	1075	0	0.5390	1075
midas_g_251.1	Bacteria	Bacteria	Bacteria	5788	5788	0	0.6735	5788
midas_g_25102.1	Bacteria	Bacteria	Bacteria	5578	5578	0	0.6132	5578
midas_g_25114.1	Bacteria	Bacteria	Bacteria	7840	7840	0	0.5924	7840
midas_g_2538.1	Bacteria	Bacteria	Bacteria	1012	1012	0	0.5767	1012
midas_g_25511.1	Bacteria	Bacteria	Bacteria	9958	9958	0	0.4802	9958
midas_g_25603.1	Bacteria	Bacteria	Bacteria	3141	3141	0	0.3272	3141
midas_g_25753.1	Bacteria	Bacteria	Bacteria	511	511	0	0.4060	511
midas_g_25828.1	Bacteria	Bacteria	Bacteria	5931	5931	0	0.5147	5931
midas_g_25887.1	Bacteria	Bacteria	Bacteria	16879	16879	0	0.4061	16879
midas_g_2604.3	Bacteria	Bacteria	Bacteria	11237	11237	0	0.3893	11237
midas_g_26047.1	Bacteria	Bacteria	Bacteria	6731	6731	0	0.5576	6731
midas_g_26284.1	Bacteria	Bacteria	Bacteria	3711	3711	0	0.3736	3711
midas_g_268.1	Bacteria	Bacteria	Bacteria	3296	3296	0	0.6386	3296
midas_g_2680.1	Bacteria	Bacteria	Bacteria	5544	5544	0	0.6352	5544
midas_g_2685.1	Bacteria	Bacteria	Bacteria	884	884	0	0.3547	884
midas_g_269.1	Bacteria	Bacteria	Bacteria	1071	1071	0	0.7008	1071
midas_g_269.3	Bacteria	Bacteria	Bacteria	1887	1887	0	0.6981	1887
midas_g_269.4	Bacteria	Bacteria	Bacteria	1165	1165	0	0.6834	1165
midas_g_269.5	Bacteria	Bacteria	Bacteria	1002	1002	0	0.7057	1002
midas_g_2702.1	Bacteria	Bacteria	Bacteria	857	857	0	0.4571	857
midas_g_2702.2	Bacteria	Bacteria	Bacteria	847	847	0	0.4837	847
midas_g_2780.1	Bacteria	Bacteria	Bacteria	1202	1202	0	0.7105	1202
midas_g_2785.1	Bacteria	Bacteria	Bacteria	3113	3113	0	0.6473	3113
midas_g_2796.1	Bacteria	Bacteria	Bacteria	3344	3344	0	0.6686	3344
midas_g_28347.1	Bacteria	Bacteria	Bacteria	956	956	0	0.5784	956
midas_g_2842.1	Bacteria	Bacteria	Bacteria	3409	3409	0	0.5418	3409
midas_g_28956.1	Bacteria	Bacteria	Bacteria	5343	5343	0	0.3708	5343
midas_g_2898.1	Bacteria	Bacteria	Bacteria	1499	1499	0	0.6186	1499
midas_g_2901.1	Bacteria	Bacteria	Bacteria	918	918	0	0.5240	918
midas_g_29434.1	Bacteria	Bacteria	Bacteria	7178	7178	0	0.5943	7178
midas_g_30443.1	Bacteria	Bacteria	Bacteria	2043	2043	0	0.5770	2043
midas_g_3064.1	Bacteria	Bacteria	Bacteria	5099	5099	0	0.6055	5099
midas_g_3064.2	Bacteria	Bacteria	Bacteria	3019	3019	0	0.6349	3019
midas_g_310.1	Bacteria	Bacteria	Bacteria	3274	3274	0	0.6387	3274
midas_g_3108.1	Bacteria	Bacteria	Bacteria	3726	3726	0	0.5796	3726
midas_g_3160.1	Bacteria	Bacteria	Bacteria	2310	2310	0	0.5042	2310
midas_g_3187.1	Bacteria	Bacteria	Bacteria	6157	6157	0	0.4977	6157
midas_g_31962.1	Bacteria	Bacteria	Bacteria	1718	1718	0	0.2974	1718
midas_g_3218.1	Bacteria	Bacteria	Bacteria	1271	1271	0	0.6904	1271
midas_g_3227.1	Bacteria	Bacteria	Bacteria	1753	1753	0	0.5277	1753
midas_g_3252.1	Bacteria	Bacteria	Bacteria	1497	1497	0	0.5010	1497
midas_g_3252.2	Bacteria	Bacteria	Bacteria	3531	3531	0	0.5422	3531
midas_g_326.1	Bacteria	Bacteria	Bacteria	1648	1648	0	0.4720	1648
midas_g_3277.1	Bacteria	Bacteria	Bacteria	823	823	0	0.6948	823
midas_g_3277.2	Bacteria	Bacteria	Bacteria	2788	2788	0	0.7001	2788
midas_g_3281.1	Bacteria	Bacteria	Bacteria	4110	4110	0	0.6880	4110
midas_g_3315.1	Bacteria	Bacteria	Bacteria	945	945	0	0.3840	945
midas_g_3338.2	Bacteria	Bacteria	Bacteria	855	855	0	0.6561	855
midas_g_3338.3	Bacteria	Bacteria	Bacteria	1734	1734	0	0.6427	1734
midas_g_3338.6	Bacteria	Bacteria	Bacteria	832	832	0	0.6250	832
midas_g_3338.7	Bacteria	Bacteria	Bacteria	1390	1390	0	0.6287	1390
midas_g_33472.1	Bacteria	Bacteria	Bacteria	2172	2172	0	0.3890	2172
midas_g_336.1	Bacteria	Bacteria	Bacteria	6372	6372	0	0.5757	6372
midas_g_33613.1	Bacteria	Bacteria	Bacteria	18409	18409	0	0.5634	18409
midas_g_33659.1	Bacteria	Bacteria	Bacteria	2273	2273	0	0.4778	2273
midas_g_33659.2	Bacteria	Bacteria	Bacteria	5183	5183	0	0.3775	5183
midas_g_3397.1	Bacteria	Bacteria	Bacteria	4129	4129	0	0.5468	4129
midas_g_3406.1	Bacteria	Bacteria	Bacteria	924	924	0	0.5853	924
midas_g_3406.2	Bacteria	Bacteria	Bacteria	1483	1483	0	0.5374	1483
midas_g_34088.1	Bacteria	Bacteria	Bacteria	3578	3578	0	0.3737	3578
midas_g_3409.1	Bacteria	Bacteria	Bacteria	6098	6098	0	0.6339	6098
midas_g_3409.2	Bacteria	Bacteria	Bacteria	3719	3719	0	0.6363	3719
midas_g_3409.5	Bacteria	Bacteria	Bacteria	2503	2503	0	0.6363	2503
midas_g_34283.1	Bacteria	Bacteria	Bacteria	1011	1011	0	0.6879	1011
midas_g_343.1	Bacteria	Bacteria	Bacteria	3302	3302	0	0.5963	3302
midas_g_343.2	Bacteria	Bacteria	Bacteria	2928	2928	0	0.6266	2928
midas_g_343.3	Bacteria	Bacteria	Bacteria	2326	2326	0	0.5644	2326
midas_g_34555.1	Bacteria	Bacteria	Bacteria	815	815	0	0.4492	815
midas_g_34660.1	Bacteria	Bacteria	Bacteria	2225	2225	0	0.4136	2225
midas_g_35108.1	Bacteria	Bacteria	Bacteria	3921	3921	0	0.6320	3921
midas_g_3529.1	Bacteria	Bacteria	Bacteria	1032	1032	0	0.6128	1032
midas_g_3530.1	Bacteria	Bacteria	Bacteria	1518	1518	0	0.4199	1518
midas_g_35314.1	Bacteria	Bacteria	Bacteria	6996	6996	0	0.5154	6996
midas_g_3595.1	Bacteria	Bacteria	Bacteria	891	891	0	0.4452	891
midas_g_36215.1	Bacteria	Bacteria	Bacteria	7547	7547	0	0.4196	7547
midas_g_36215.2	Bacteria	Bacteria	Bacteria	6375	6375	0	0.4238	6375
midas_g_36215.3	Bacteria	Bacteria	Bacteria	9407	9407	0	0.5072	9407
midas_g_36215.6	Bacteria	Bacteria	Bacteria	876	876	0	0.3362	876
midas_g_36376.1	Bacteria	Bacteria	Bacteria	1389	1389	0	0.6422	1389
midas_g_37538.1	Bacteria	Bacteria	Bacteria	960	960	0	0.4126	960
midas_g_37708.1	Bacteria	Bacteria	Bacteria	9060	9060	0	0.4454	9060
midas_g_38442.2	Bacteria	Bacteria	Bacteria	11362	11362	0	0.4576	11362
midas_g_385.1	Bacteria	Bacteria	Bacteria	1182	1182	0	0.6134	1182
midas_g_3907.1	Bacteria	Bacteria	Bacteria	1698	1698	0	0.6309	1698
midas_g_39476.1	Bacteria	Bacteria	Bacteria	818	818	0	0.5761	818
midas_g_399.1	Bacteria	Bacteria	Bacteria	2792	2792	0	0.6696	2792
midas_g_399.2	Bacteria	Bacteria	Bacteria	1612	1612	0	0.6744	1612
midas_g_399.4	Bacteria	Bacteria	Bacteria	1297	1297	0	0.6709	1297
midas_g_399.5	Bacteria	Bacteria	Bacteria	1305	1305	0	0.6601	1305
midas_g_399.6	Bacteria	Bacteria	Bacteria	3211	3211	0	0.6622	3211
midas_g_40289.1	Bacteria	Bacteria	Bacteria	1745	1745	0	0.6367	1745
midas_g_4042.2	Bacteria	Bacteria	Bacteria	1510	1510	0	0.6473	1510
midas_g_4042.3	Bacteria	Bacteria	Bacteria	3389	3389	0	0.5873	3389
midas_g_4042.5	Bacteria	Bacteria	Bacteria	2989	2989	0	0.5756	2989
midas_g_40543.2	Bacteria	Bacteria	Bacteria	5949	5949	0	0.5237	5949
midas_g_40543.3	Bacteria	Bacteria	Bacteria	5737	5737	0	0.5182	5737
midas_g_410.1	Bacteria	Bacteria	Bacteria	1542	1542	0	0.4678	1542
midas_g_410.3	Bacteria	Bacteria	Bacteria	1701	1701	0	0.4392	1701
midas_g_41560.1	Bacteria	Bacteria	Bacteria	1416	1416	0	0.4625	1416
midas_g_4187.1	Bacteria	Bacteria	Bacteria	7324	7324	0	0.4963	7324
midas_g_4245.1	Bacteria	Bacteria	Bacteria	973	973	0	0.6718	973
midas_g_42644.1	Bacteria	Bacteria	Bacteria	1561	1561	0	0.4011	1561
midas_g_4301.4	Bacteria	Bacteria	Bacteria	1019	1019	0	0.4872	1019
midas_g_4306.1	Bacteria	Bacteria	Bacteria	959	959	0	0.5555	959
midas_g_4324.1	Bacteria	Bacteria	Bacteria	1462	1462	0	0.6407	1462
midas_g_4325.2	Bacteria	Bacteria	Bacteria	3528	3528	0	0.5009	3528
midas_g_4325.3	Bacteria	Bacteria	Bacteria	4592	4592	0	0.5180	4592
midas_g_4325.4	Bacteria	Bacteria	Bacteria	3572	3572	0	0.4886	3572
midas_g_43349.1	Bacteria	Bacteria	Bacteria	9705	9705	0	0.5717	9705
midas_g_43376.1	Bacteria	Bacteria	Bacteria	5926	5926	0	0.5158	5926
midas_g_434.1	Bacteria	Bacteria	Bacteria	1106	1106	0	0.6069	1106
midas_g_4351.1	Bacteria	Bacteria	Bacteria	5373	5373	0	0.5420	5373
midas_g_43582.1	Bacteria	Bacteria	Bacteria	840	840	0	0.5949	840
midas_g_4381.1	Bacteria	Bacteria	Bacteria	1344	1344	0	0.4482	1344
midas_g_4387.1	Bacteria	Bacteria	Bacteria	4394	4394	0	0.6408	4394
midas_g_4419.1	Bacteria	Bacteria	Bacteria	1026	1026	0	0.6580	1026
midas_g_44382.1	Bacteria	Bacteria	Bacteria	1735	1735	0	0.4224	1735
midas_g_4482.1	Bacteria	Bacteria	Bacteria	2481	2481	0	0.4147	2481
midas_g_4488.1	Bacteria	Bacteria	Bacteria	2888	2888	0	0.5929	2888
midas_g_4532.1	Bacteria	Bacteria	Bacteria	938	938	0	0.5367	938
midas_g_4579.1	Bacteria	Bacteria	Bacteria	4217	4217	0	0.5359	4217
midas_g_4582.1	Bacteria	Bacteria	Bacteria	3628	3628	0	0.6214	3628
midas_g_45894.1	Bacteria	Bacteria	Bacteria	2035	2035	0	0.3405	2035
midas_g_467.2	Bacteria	Bacteria	Bacteria	603	603	0	0.4788	603
midas_g_467.3	Bacteria	Bacteria	Bacteria	957	957	0	0.4906	957
midas_g_467.4	Bacteria	Bacteria	Bacteria	957	957	0	0.4957	957
midas_g_467.5	Bacteria	Bacteria	Bacteria	794	794	0	0.4751	794
midas_g_467.6	Bacteria	Bacteria	Bacteria	3164	3164	0	0.5786	3164
midas_g_467.7	Bacteria	Bacteria	Bacteria	815	815	0	0.5063	815
midas_g_467.8	Bacteria	Bacteria	Bacteria	867	867	0	0.4986	867
midas_g_4677.1	Bacteria	Bacteria	Bacteria	9388	9388	0	0.6032	9388
midas_g_473.1	Bacteria	Bacteria	Bacteria	3074	3074	0	0.7353	3074
midas_g_4772.1	Bacteria	Bacteria	Bacteria	7027	7027	0	0.5393	7027
midas_g_4774.1	Bacteria	Bacteria	Bacteria	3598	3598	0	0.4789	3598
midas_g_485.1	Bacteria	Bacteria	Bacteria	1442	1442	0	0.5649	1442
midas_g_4860.2	Bacteria	Bacteria	Bacteria	4506	4506	0	0.6116	4506
midas_g_48843.1	Bacteria	Bacteria	Bacteria	929	929	0	0.4914	929
midas_g_49.1	Bacteria	Bacteria	Bacteria	10600	10600	0	0.7126	10600
midas_g_4927.1	Bacteria	Bacteria	Bacteria	8583	8583	0	0.6196	8583
midas_g_497.1	Bacteria	Bacteria	Bacteria	2219	2219	0	0.6959	2219
midas_g_4975.1	Bacteria	Bacteria	Bacteria	8113	8113	0	0.6045	8113
midas_g_49834.1	Bacteria	Bacteria	Bacteria	4869	4869	0	0.4907	4869
midas_g_49937.1	Bacteria	Bacteria	Bacteria	3345	3345	0	0.6429	3345
midas_g_50127.1	Bacteria	Bacteria	Bacteria	1739	1739	0	0.4343	1739
midas_g_50433.1	Bacteria	Bacteria	Bacteria	2674	2674	0	0.5124	2674
midas_g_50482.1	Bacteria	Bacteria	Bacteria	1048	1048	0	0.7024	1048
midas_g_5098.1	Bacteria	Bacteria	Bacteria	974	974	0	0.7149	974
midas_g_51070.1	Bacteria	Bacteria	Bacteria	1271	1271	0	0.4515	1271
midas_g_51070.3	Bacteria	Bacteria	Bacteria	3867	3867	0	0.4995	3867
midas_g_5121.1	Bacteria	Bacteria	Bacteria	4989	4989	0	0.5546	4989
midas_g_51462.1	Bacteria	Bacteria	Bacteria	1231	1231	0	0.4918	1231
midas_g_515.1	Bacteria	Bacteria	Bacteria	1942	1942	0	0.5665	1942
midas_g_51754.1	Bacteria	Bacteria	Bacteria	3273	3273	0	0.4794	3273
midas_g_51845.1	Bacteria	Bacteria	Bacteria	1928	1928	0	0.4221	1928
midas_g_51845.2	Bacteria	Bacteria	Bacteria	3275	3275	0	0.4842	3275
midas_g_52.1	Bacteria	Bacteria	Bacteria	2132	2132	0	0.6807	2132
midas_g_52.2	Bacteria	Bacteria	Bacteria	3384	3384	0	0.6576	3384
midas_g_52.3	Bacteria	Bacteria	Bacteria	1032	1032	0	0.6358	1032
midas_g_52.4	Bacteria	Bacteria	Bacteria	1003	1003	0	0.6615	1003
midas_g_52206.1	Bacteria	Bacteria	Bacteria	1088	1088	0	0.4018	1088
midas_g_523.1	Bacteria	Bacteria	Bacteria	3070	3070	0	0.6919	3070
midas_g_5245.1	Bacteria	Bacteria	Bacteria	1484	1484	0	0.4338	1484
midas_g_52955.1	Bacteria	Bacteria	Bacteria	885	885	0	0.4403	885
midas_g_52955.2	Bacteria	Bacteria	Bacteria	3772	3772	0	0.4871	3772
midas_g_531.1	Bacteria	Bacteria	Bacteria	815	815	0	0.6273	815
midas_g_53242.1	Bacteria	Bacteria	Bacteria	625	625	0	0.3231	625
midas_g_534.1	Bacteria	Bacteria	Bacteria	3815	3815	0	0.6976	3815
midas_g_534.2	Bacteria	Bacteria	Bacteria	6464	6464	0	0.6330	6464
midas_g_534.3	Bacteria	Bacteria	Bacteria	4356	4356	0	0.6228	4356
midas_g_53985.1	Bacteria	Bacteria	Bacteria	2626	2626	0	0.5198	2626
midas_g_5426.1	Bacteria	Bacteria	Bacteria	867	867	0	0.5780	867
midas_g_5429.1	Bacteria	Bacteria	Bacteria	2027	2027	0	0.6564	2027
midas_g_5430.1	Bacteria	Bacteria	Bacteria	8169	8169	0	0.5045	8169
midas_g_54538.1	Bacteria	Bacteria	Bacteria	1202	1202	0	0.6930	1202
midas_g_5463.1	Bacteria	Bacteria	Bacteria	1560	1560	0	0.6359	1560
midas_g_547.1	Bacteria	Bacteria	Bacteria	4336	4336	0	0.5266	4336
midas_g_55095.1	Bacteria	Bacteria	Bacteria	3007	3007	0	0.6145	3007
midas_g_554.1	Bacteria	Bacteria	Bacteria	3244	3244	0	0.5099	3244
midas_g_554.3	Bacteria	Bacteria	Bacteria	902	902	0	0.5508	902
midas_g_55650.1	Bacteria	Bacteria	Bacteria	1558	1558	0	0.5060	1558
midas_g_5574.1	Bacteria	Bacteria	Bacteria	2327	2327	0	0.6638	2327
midas_g_5574.2	Bacteria	Bacteria	Bacteria	2128	2128	0	0.6806	2128
midas_g_57.1	Bacteria	Bacteria	Bacteria	3488	3488	0	0.6550	3488
midas_g_57.2	Bacteria	Bacteria	Bacteria	43	43	0	0.6085	43
midas_g_5725.1	Bacteria	Bacteria	Bacteria	1126	1126	0	0.6831	1126
midas_g_5806.1	Bacteria	Bacteria	Bacteria	5119	5119	0	0.3506	5119
midas_g_5834.2	Bacteria	Bacteria	Bacteria	5093	5093	0	0.5900	5093
midas_g_5834.3	Bacteria	Bacteria	Bacteria	4666	4666	0	0.5589	4666
midas_g_5900.1	Bacteria	Bacteria	Bacteria	4303	4303	0	0.6441	4303
midas_g_59024.1	Bacteria	Bacteria	Bacteria	20607	20607	0	0.4999	20607
midas_g_5977.1	Bacteria	Bacteria	Bacteria	5042	5042	0	0.4943	5042
midas_g_606.1	Bacteria	Bacteria	Bacteria	1019	1019	0	0.5410	1019
midas_g_6090.1	Bacteria	Bacteria	Bacteria	1781	1781	0	0.6774	1781
midas_g_61747.1	Bacteria	Bacteria	Bacteria	16487	16487	0	0.5771	16487
midas_g_6180.1	Bacteria	Bacteria	Bacteria	6471	6471	0	0.6149	6471
midas_g_6182.2	Bacteria	Bacteria	Bacteria	3783	3783	0	0.5956	3783
midas_g_6187.1	Bacteria	Bacteria	Bacteria	5393	5393	0	0.6017	5393
midas_g_6223.1	Bacteria	Bacteria	Bacteria	2156	2156	0	0.6351	2156
midas_g_6223.2	Bacteria	Bacteria	Bacteria	842	842	0	0.6490	842
midas_g_6234.1	Bacteria	Bacteria	Bacteria	4153	4153	0	0.6339	4153
midas_g_62395.1	Bacteria	Bacteria	Bacteria	916	916	0	0.6129	916
midas_g_62577.1	Bacteria	Bacteria	Bacteria	988	988	0	0.5725	988
midas_g_62884.1	Bacteria	Bacteria	Bacteria	14913	14913	0	0.6360	14913
midas_g_63015.1	Bacteria	Bacteria	Bacteria	9371	9371	0	0.5035	9371
midas_g_63015.2	Bacteria	Bacteria	Bacteria	10390	10390	0	0.4760	10390
midas_g_6328.1	Bacteria	Bacteria	Bacteria	974	974	0	0.4298	974
midas_g_63491.1	Bacteria	Bacteria	Bacteria	7691	7691	0	0.5463	7691
midas_g_641.1	Bacteria	Bacteria	Bacteria	6109	6109	0	0.6907	6109
midas_g_648.1	Bacteria	Bacteria	Bacteria	1752	1752	0	0.6437	1752
midas_g_6489.1	Bacteria	Bacteria	Bacteria	2992	2992	0	0.4332	2992
midas_g_6504.1	Bacteria	Bacteria	Bacteria	3554	3554	0	0.5098	3554
midas_g_6616.1	Bacteria	Bacteria	Bacteria	233	233	0	0.4222	233
midas_g_6626.1	Bacteria	Bacteria	Bacteria	309	309	0	0.4302	309
midas_g_664.1	Bacteria	Bacteria	Bacteria	892	892	0	0.4904	892
midas_g_667.1	Bacteria	Bacteria	Bacteria	1368	1368	0	0.6257	1368
midas_g_667.2	Bacteria	Bacteria	Bacteria	1799	1799	0	0.6617	1799
midas_g_669.4	Bacteria	Bacteria	Bacteria	7940	7940	0	0.4880	7940
midas_g_669.6	Bacteria	Bacteria	Bacteria	5432	5432	0	0.4894	5432
midas_g_669.8	Bacteria	Bacteria	Bacteria	1091	1091	0	0.5333	1091
midas_g_6733.1	Bacteria	Bacteria	Bacteria	4284	4284	0	0.6347	4284
midas_g_6741.1	Bacteria	Bacteria	Bacteria	10053	10053	0	0.6943	10053
midas_g_67650.1	Bacteria	Bacteria	Bacteria	16677	16677	0	0.5322	16677
midas_g_6784.1	Bacteria	Bacteria	Bacteria	2857	2857	0	0.4305	2857
midas_g_67928.1	Bacteria	Bacteria	Bacteria	2021	2021	0	0.4303	2021
midas_g_694.1	Bacteria	Bacteria	Bacteria	3285	3285	0	0.6940	3285
midas_g_6975.1	Bacteria	Bacteria	Bacteria	1454	1454	0	0.3805	1454
midas_g_69791.1	Bacteria	Bacteria	Bacteria	1198	1198	0	0.4341	1198
midas_g_70.1	Bacteria	Bacteria	Bacteria	3947	3947	0	0.6401	3947
midas_g_70.2	Bacteria	Bacteria	Bacteria	1713	1713	0	0.6472	1713
midas_g_70329.2	Bacteria	Bacteria	Bacteria	1669	1669	0	0.4687	1669
midas_g_7133.1	Bacteria	Bacteria	Bacteria	2860	2860	0	0.6752	2860
midas_g_724.1	Bacteria	Bacteria	Bacteria	5114	5114	0	0.6734	5114
midas_g_7298.1	Bacteria	Bacteria	Bacteria	8337	8337	0	0.5944	8337
midas_g_73006.1	Bacteria	Bacteria	Bacteria	3281	3281	0	0.5899	3281
midas_g_7329.1	Bacteria	Bacteria	Bacteria	1222	1222	0	0.7035	1222
midas_g_73510.1	Bacteria	Bacteria	Bacteria	3554	3554	0	0.4749	3554
midas_g_739.1	Bacteria	Bacteria	Bacteria	1687	1687	0	0.7183	1687
midas_g_7408.1	Bacteria	Bacteria	Bacteria	8992	8992	0	0.6117	8992
midas_g_75.1	Bacteria	Bacteria	Bacteria	4361	4361	0	0.5812	4361
midas_g_75.2	Bacteria	Bacteria	Bacteria	3772	3772	0	0.6221	3772
midas_g_75908.12	Bacteria	Bacteria	Bacteria	3214	3214	0	0.3644	3214
midas_g_75908.13	Bacteria	Bacteria	Bacteria	1960	1960	0	0.4024	1960
midas_g_75908.3	Bacteria	Bacteria	Bacteria	4468	4468	0	0.3493	4468
midas_g_75908.4	Bacteria	Bacteria	Bacteria	3069	3069	0	0.3262	3069
midas_g_75908.7	Bacteria	Bacteria	Bacteria	8874	8874	0	0.3529	8874
midas_g_75908.9	Bacteria	Bacteria	Bacteria	10241	10241	0	0.4016	10241
midas_g_76028.1	Bacteria	Bacteria	Bacteria	6408	6408	0	0.5226	6408
midas_g_762.2	Bacteria	Bacteria	Bacteria	2621	2621	0	0.5463	2621
midas_g_765.1	Bacteria	Bacteria	Bacteria	2379	2379	0	0.3397	2379
midas_g_765.3	Bacteria	Bacteria	Bacteria	3098	3098	0	0.3461	3098
midas_g_76594.1	Bacteria	Bacteria	Bacteria	17375	17375	0	0.4310	17375
midas_g_76603.1	Bacteria	Bacteria	Bacteria	988	988	0	0.5481	988
midas_g_76603.4	Bacteria	Bacteria	Bacteria	9794	9794	0	0.5628	9794
midas_g_7694.1	Bacteria	Bacteria	Bacteria	1243	1243	0	0.4115	1243
midas_g_77185.2	Bacteria	Bacteria	Bacteria	4750	4750	0	0.6429	4750
midas_g_77197.1	Bacteria	Bacteria	Bacteria	6475	6475	0	0.5343	6475
midas_g_7778.1	Bacteria	Bacteria	Bacteria	3623	3623	0	0.6012	3623
midas_g_77817.1	Bacteria	Bacteria	Bacteria	1283	1283	0	0.4858	1283
midas_g_7837.1	Bacteria	Bacteria	Bacteria	1093	1093	0	0.6277	1093
midas_g_789.1	Bacteria	Bacteria	Bacteria	993	993	0	0.5026	993
midas_g_789.2	Bacteria	Bacteria	Bacteria	945	945	0	0.5454	945
midas_g_800.1	Bacteria	Bacteria	Bacteria	1236	1236	0	0.4139	1236
midas_g_8086.1	Bacteria	Bacteria	Bacteria	7029	7029	0	0.5830	7029
midas_g_81158.1	Bacteria	Bacteria	Bacteria	5105	5105	0	0.6532	5105
midas_g_8129.2	Bacteria	Bacteria	Bacteria	5324	5324	0	0.6017	5324
midas_g_8129.3	Bacteria	Bacteria	Bacteria	6873	6873	0	0.5904	6873
midas_g_813.1	Bacteria	Bacteria	Bacteria	2208	2208	0	0.5996	2208
midas_g_819.1	Bacteria	Bacteria	Bacteria	931	931	0	0.4741	931
midas_g_82137.2	Bacteria	Bacteria	Bacteria	6560	6560	0	0.5901	6560
midas_g_82137.3	Bacteria	Bacteria	Bacteria	2920	2920	0	0.5770	2920
midas_g_82203.1	Bacteria	Bacteria	Bacteria	4586	4586	0	0.4531	4586
midas_g_824.1	Bacteria	Bacteria	Bacteria	3082	3082	0	0.6380	3082
midas_g_8294.1	Bacteria	Bacteria	Bacteria	2674	2674	0	0.7205	2674
midas_g_83754.1	Bacteria	Bacteria	Bacteria	3730	3730	0	0.3976	3730
midas_g_84097.1	Bacteria	Bacteria	Bacteria	1013	1013	0	0.6170	1013
midas_g_84525.1	Bacteria	Bacteria	Bacteria	301	301	0	0.3990	301
midas_g_84699.1	Bacteria	Bacteria	Bacteria	10429	10429	0	0.4697	10429
midas_g_84729.1	Bacteria	Bacteria	Bacteria	724	724	0	0.6445	724
midas_g_85228.1	Bacteria	Bacteria	Bacteria	6195	6195	0	0.7021	6195
midas_g_85764.2	Bacteria	Bacteria	Bacteria	4934	4934	0	0.4799	4934
midas_g_85764.3	Bacteria	Bacteria	Bacteria	4145	4145	0	0.4792	4145
midas_g_85764.5	Bacteria	Bacteria	Bacteria	1954	1954	0	0.4892	1954
midas_g_859.1	Bacteria	Bacteria	Bacteria	5326	5326	0	0.6348	5326
midas_g_877.1	Bacteria	Bacteria	Bacteria	6166	6166	0	0.6469	6166
midas_g_8808.1	Bacteria	Bacteria	Bacteria	2008	2008	0	0.5444	2008
midas_g_882.1	Bacteria	Bacteria	Bacteria	3035	3035	0	0.6362	3035
midas_g_88408.1	Bacteria	Bacteria	Bacteria	4372	4372	0	0.5240	4372
midas_g_8983.1	Bacteria	Bacteria	Bacteria	8210	8210	0	0.6135	8210
midas_g_9023.1	Bacteria	Bacteria	Bacteria	2056	2056	0	0.5002	2056
midas_g_90293.1	Bacteria	Bacteria	Bacteria	1611	1611	0	0.4112	1611
midas_g_90313.1	Bacteria	Bacteria	Bacteria	766	766	0	0.4554	766
midas_g_90473.1	Bacteria	Bacteria	Bacteria	743	743	0	0.6080	743
midas_g_90791.1	Bacteria	Bacteria	Bacteria	1151	1151	0	0.4312	1151
midas_g_90969.1	Bacteria	Bacteria	Bacteria	2294	2294	0	0.3880	2294
midas_g_91392.1	Bacteria	Bacteria	Bacteria	1162	1162	0	0.6143	1162
midas_g_91627.1	Bacteria	Bacteria	Bacteria	1001	1001	0	0.6809	1001
midas_g_9172.1	Bacteria	Bacteria	Bacteria	6753	6753	0	0.5282	6753
midas_g_91981.1	Bacteria	Bacteria	Bacteria	870	870	0	0.5634	870
midas_g_92049.1	Bacteria	Bacteria	Bacteria	2301	2301	0	0.5132	2301
midas_g_92268.1	Bacteria	Bacteria	Bacteria	1197	1197	0	0.5170	1197
midas_g_92370.1	Bacteria	Bacteria	Bacteria	9090	9090	0	0.5615	9090
midas_g_92634.1	Bacteria	Bacteria	Bacteria	986	986	0	0.4703	986
midas_g_9269.1	Bacteria	Bacteria	Bacteria	309	309	0	0.4302	309
midas_g_92789.1	Bacteria	Bacteria	Bacteria	948	948	0	0.6034	948
midas_g_92917.1	Bacteria	Bacteria	Bacteria	1317	1317	0	0.3572	1317
midas_g_92967.1	Bacteria	Bacteria	Bacteria	1573	1573	0	0.2959	1573
midas_g_93128.1	Bacteria	Bacteria	Bacteria	6541	6541	0	0.4764	6541
midas_g_93238.1	Bacteria	Bacteria	Bacteria	2098	2098	0	0.5474	2098
midas_g_93310.1	Bacteria	Bacteria	Bacteria	4299	4299	0	0.5048	4299
midas_g_93451.1	Bacteria	Bacteria	Bacteria	1138	1138	0	0.4034	1138
midas_g_93469.1	Bacteria	Bacteria	Bacteria	5754	5754	0	0.6025	5754
midas_g_93557.1	Bacteria	Bacteria	Bacteria	1822	1822	0	0.4547	1822
midas_g_93591.1	Bacteria	Bacteria	Bacteria	5510	5510	0	0.4667	5510
midas_g_93666.1	Bacteria	Bacteria	Bacteria	6429	6429	0	0.4039	6429
midas_g_93898.1	Bacteria	Bacteria	Bacteria	4468	4468	0	0.3493	4468
midas_g_93917.1	Bacteria	Bacteria	Bacteria	2150	2150	0	0.4777	2150
midas_g_940.1	Bacteria	Bacteria	Bacteria	3001	3001	0	0.5515	3001
midas_g_94288.1	Bacteria	Bacteria	Bacteria	3331	3331	0	0.3565	3331
midas_g_94288.2	Bacteria	Bacteria	Bacteria	6547	6547	0	0.4893	6547
midas_g_9443.1	Bacteria	Bacteria	Bacteria	15218	15218	0	0.5432	15218
midas_g_94744.1	Bacteria	Bacteria	Bacteria	5680	5680	0	0.5144	5680
midas_g_95090.1	Bacteria	Bacteria	Bacteria	1092	1092	0	0.5369	1092
midas_g_95485.1	Bacteria	Bacteria	Bacteria	1606	1606	0	0.4763	1606
midas_g_95534.1	Bacteria	Bacteria	Bacteria	4110	4110	0	0.4479	4110
midas_g_957.1	Bacteria	Bacteria	Bacteria	2925	2925	0	0.7166	2925
midas_g_957.2	Bacteria	Bacteria	Bacteria	5348	5348	0	0.6573	5348
midas_g_96353.1	Bacteria	Bacteria	Bacteria	4207	4207	0	0.5970	4207
midas_g_96880.1	Bacteria	Bacteria	Bacteria	8910	8910	0	0.6187	8910
midas_g_97217.1	Bacteria	Bacteria	Bacteria	894	894	0	0.4433	894
midas_g_97311.1	Bacteria	Bacteria	Bacteria	10806	10806	0	0.4681	10806
midas_g_97727.1	Bacteria	Bacteria	Bacteria	5920	5920	0	0.4672	5920
midas_g_97862.1	Bacteria	Bacteria	Bacteria	5721	5721	0	0.4229	5721
midas_g_97954.1	Bacteria	Bacteria	Bacteria	17743	17743	0	0.4177	17743
midas_g_97954.2	Bacteria	Bacteria	Bacteria	12951	12951	0	0.4462	12951
midas_g_97954.3	Bacteria	Bacteria	Bacteria	12840	12840	0	0.4131	12840
midas_g_98017.1	Bacteria	Bacteria	Bacteria	4112	4112	0	0.4985	4112
midas_g_98017.2	Bacteria	Bacteria	Bacteria	2515	2515	0	0.5686	2515
midas_g_9811.1	Bacteria	Bacteria	Bacteria	1471	1471	0	0.4091	1471
midas_g_98124.1	Bacteria	Bacteria	Bacteria	2891	2891	0	0.4154	2891
midas_g_98124.5	Bacteria	Bacteria	Bacteria	7474	7474	0	0.4057	7474
midas_g_98124.6	Bacteria	Bacteria	Bacteria	6375	6375	0	0.4104	6375
midas_g_98374.1	Bacteria	Bacteria	Bacteria	3803	3803	0	0.6126	3803
midas_g_98823.1	Bacteria	Bacteria	Bacteria	2618	2618	0	0.4073	2618
midas_g_9913.2	Bacteria	Bacteria	Bacteria	1780	1780	0	0.5363	1780
midas_g_9913.3	Bacteria	Bacteria	Bacteria	1268	1268	0	0.5227	1268
midas_g_9913.4	Bacteria	Bacteria	Bacteria	2052	2052	0	0.5507	2052
midas_g_99373.1	Bacteria	Bacteria	Bacteria	1108	1108	0	0.6028	1108