node_a,node_b,rho,abs_rho,sign,qvalue,pvalue,cooccurrence,community_a,community_b,same_community,phylum_a,phylum_b,same_phylum
midas_g_9269.2,midas_g_9269.3,0.9999999999999999,0.9999999999999999,positive,3.0693531364155627e-99,3.876914407497237e-103,3,7,7,1,Bacteroidota,Bacteroidota,1
Erysipelothrix.3,midas_g_9269.3,0.9927007299270072,0.9927007299270072,positive,6.584293541408664e-10,2.4949956579797894e-13,3,7,7,1,Firmicutes,Bacteroidota,0
Erysipelothrix.3,midas_g_9269.2,0.9927007299270072,0.9927007299270072,positive,6.584293541408664e-10,2.4949956579797894e-13,3,7,7,1,Firmicutes,Bacteroidota,0
midas_g_49937.1,midas_g_84729.1,0.9898734177215189,0.9898734177215189,positive,4.119327436649736e-09,2.081256757180617e-12,5,5,5,1,Chloroflexi,Chloroflexi,1
EBM-39.1,Thermovirga.2,0.9830209465959819,0.9830209465959819,positive,9.326395746010783e-08,5.890107203492979e-11,13,0,0,1,Synergistota,Synergistota,1
LNR_A2-18.2,LNR_A2-18.1,0.9785714285714284,0.9785714285714284,positive,3.490679208360155e-07,2.645456012398753e-10,15,5,5,1,Cloacimonadota,Cloacimonadota,1
midas_g_36215.1,midas_g_36215.2,0.9749166565164095,0.9749166565164095,positive,8.254566109678282e-07,7.298466940475934e-10,12,5,5,1,Bacteroidota,Bacteroidota,1
Desulfovibrio.3,Desulfosporosinus.2,0.9645569620253164,0.9645569620253164,positive,6.358624219837012e-06,6.734788455718309e-09,5,6,6,1,Desulfobacterota,Firmicutes,0
EBM-39.1,midas_g_114295.1,0.9641638992754195,0.9641638992754195,positive,6.358624219837012e-06,7.228447388977279e-09,12,0,0,1,Synergistota,Armatimonadota,0
Thermovirga.2,midas_g_114295.1,0.9614384576250392,0.9614384576250392,positive,9.155056966748213e-06,1.1563795587657209e-08,12,0,0,1,Synergistota,Armatimonadota,0
Fermentimonas.2,Thermovirga.2,0.9606440071556349,0.9606440071556349,positive,9.484189619215042e-06,1.317747705082297e-08,13,0,0,1,Bacteroidota,Synergistota,0
Aminiphilus.1,midas_g_76603.1,0.9525793444156803,0.9525793444156803,positive,2.8637576788460815e-05,4.340670979683337e-08,8,5,5,1,Synergistota,Firmicutes,0
EBM-39.1,Fermentimonas.2,0.9508493519801133,0.9508493519801133,positive,3.3227641635413616e-05,5.456098790708311e-08,13,0,0,1,Synergistota,Bacteroidota,0
Methanobacterium.1,Monoglobus.2,-0.9498268896207664,0.9498268896207664,negative,3.518493747791078e-05,6.221916441717202e-08,12,5,2,0,Euryarchaeota,Firmicutes,0
Aquamicrobium.2,midas_g_97954.1,0.9490909090909093,0.9490909090909093,positive,3.6034975717438934e-05,6.827392140477252e-08,11,0,0,1,Proteobacteria,Firmicutes,0
Methanosarcina.1,midas_g_76603.1,-0.9411540655263035,0.9411540655263035,negative,8.497374008971256e-05,1.7172917032151078e-07,7,0,5,0,Halobacterota,Firmicutes,0
Fermentimonas.2,midas_g_114295.1,0.9399137160364188,0.9399137160364188,positive,9.131111832290484e-05,1.9607035638365317e-07,12,0,0,1,Bacteroidota,Armatimonadota,0
Petrimonas.2,midas_g_76603.1,0.9382754128510193,0.9382754128510193,positive,0.00010082905990387921,2.326016054990451e-07,8,5,5,1,Bacteroidota,Firmicutes,0
Methanobacterium.5,midas_g_49937.1,0.9378899265821922,0.9378899265821922,positive,0.00010082905990387921,2.419795551564614e-07,5,5,5,1,Euryarchaeota,Chloroflexi,0
Thermovirga.2,midas_g_76603.1,-0.9363435357044422,0.9363435357044422,negative,0.00011196719886917145,2.8285259282347214e-07,6,0,5,0,Synergistota,Firmicutes,0
Methanobacterium.5,midas_g_84729.1,0.933092535653383,0.933092535653383,positive,0.00013958927893903316,3.8789492694944166e-07,5,5,5,1,Euryarchaeota,Chloroflexi,0
Acinetobacter.2,Desulfuromonadaceae.1,0.933092535653383,0.933092535653383,positive,0.00013958927893903316,3.8789492694944166e-07,5,0,0,1,Proteobacteria,Desulfobacterota,0
EBM-39.1,midas_g_76603.1,-0.9298602167399879,0.9298602167399879,negative,0.000180007999637254,5.229485905844186e-07,8,0,5,0,Synergistota,Firmicutes,0
Methanothrix.1,midas_g_84729.1,0.9277712507244908,0.9277712507244908,positive,0.00020769702292299143,6.296234116649987e-07,4,5,5,1,Halobacterota,Chloroflexi,0
Desulfosporosinus.1,Monoglobus.1,0.9253627917180896,0.9253627917180896,positive,0.00024524668168276944,7.746537080862835e-07,8,2,2,1,Firmicutes,Firmicutes,1
Petrimonas.2,Aminiphilus.1,0.92490130513608,0.92490130513608,positive,0.00024524668168276944,8.054078216182905e-07,9,5,5,1,Bacteroidota,Synergistota,0
Thermovirga.2,Methanosarcina.1,0.9240396898002229,0.9240396898002229,positive,0.00025380290055221897,8.655650265138199e-07,13,0,0,1,Synergistota,Halobacterota,0
Trichloromonas.1,Proteiniclasticum.1,0.9223137727790527,0.9223137727790527,positive,0.0002736570899920032,9.974235430378242e-07,4,0,0,1,Desulfobacterota,Firmicutes,0
Christensenellaceae_R-7_group.3,Desulfovibrio.1,0.9222523789882303,0.9222523789882303,positive,0.0002736570899920032,1.0024069230476307e-06,13,3,3,1,Firmicutes,Desulfobacterota,0
EBM-39.1,Methanosarcina.1,0.9214285714285713,0.9214285714285713,positive,0.0002827206349849715,1.0713172981620745e-06,14,0,0,1,Synergistota,Halobacterota,0
midas_g_76603.1,Methanobacterium.5,0.9173649445877259,0.9173649445877259,positive,0.0003759413034024819,1.4720450177437085e-06,6,5,5,1,Firmicutes,Euryarchaeota,0
Methanobacterium.1,Taibaiella.1,-0.9153524620986878,0.9153524620986878,negative,0.0004237428296309677,1.712741006465955e-06,11,5,2,0,Euryarchaeota,Bacteroidota,0
Ercella.1,Methanobacterium.5,0.9131178846590791,0.9131178846590791,positive,0.00048405920265459537,2.0176776162184725e-06,6,5,5,1,Firmicutes,Euryarchaeota,0
midas_g_49937.1,midas_g_92370.1,0.9113988168881761,0.9113988168881761,positive,0.0005192964361896156,2.2820110214015232e-06,4,5,5,1,Chloroflexi,Firmicutes,0
Aminiphilus.1,Methanobacterium.5,0.9113141645412444,0.9113141645412444,positive,0.0005192964361896156,2.295740213039857e-06,6,5,5,1,Synergistota,Euryarchaeota,0
Clostridium_sensu_stricto_13.1,Methanosarcina.1,0.9068158606568072,0.9068158606568072,positive,0.0006886859035233796,3.1315766738463644e-06,12,0,0,1,Firmicutes,Halobacterota,0
Azoarcus.2,midas_g_97954.1,0.9044306525073137,0.9044306525073137,positive,0.0007817708871664763,3.6689890165789173e-06,9,0,0,1,Proteobacteria,Firmicutes,0
Taibaiella.1,Ercella.1,-0.9040872399131279,0.9040872399131279,negative,0.0007817708871664763,3.7523422650405584e-06,4,2,5,0,Bacteroidota,Firmicutes,0
Clostridium_sensu_stricto_13.1,Aminiphilus.1,-0.9032391939306841,0.9032391939306841,negative,0.0008048889607132384,3.964970249818908e-06,6,0,5,0,Firmicutes,Synergistota,0
Fermentimonas.2,midas_g_76603.1,-0.9024316973891908,0.9024316973891908,negative,0.0008266689152056052,4.176677606192271e-06,6,0,5,0,Bacteroidota,Firmicutes,0
Methanosarcina.1,Petrimonas.2,-0.9009374626955591,0.9009374626955591,negative,0.0008719747951276305,4.593314997348242e-06,10,0,5,0,Halobacterota,Bacteroidota,0
Fermentimonas.2,Aminiphilus.1,-0.9008122145493201,0.9008122145493201,negative,0.0008719747951276305,4.629756467911378e-06,7,0,5,0,Bacteroidota,Synergistota,0
Thermovirga.2,Clostridium_sensu_stricto_13.1,0.900451689790615,0.900451689790615,positive,0.0008719747951276305,4.736000529302528e-06,12,0,0,1,Synergistota,Firmicutes,0
midas_g_114295.1,Romboutsia.1,0.8996473558294806,0.8996473558294806,positive,0.0008762137655095149,4.980373809262116e-06,12,0,0,1,Armatimonadota,Firmicutes,0
EBM-39.1,Clostridium_sensu_stricto_13.1,0.8996473558294806,0.8996473558294806,positive,0.0008762137655095149,4.980373809262116e-06,12,0,0,1,Synergistota,Firmicutes,0
Fermentimonas.2,Clostridium_sensu_stricto_13.1,0.8968642328591785,0.8968642328591785,positive,0.001016918891477364,5.908585197418056e-06,12,0,0,1,Bacteroidota,Firmicutes,0
Mesotoga.1,midas_g_15299.1,0.8964285714285712,0.8964285714285712,positive,0.001021822431979493,6.066143021729969e-06,15,3,3,1,Thermotogota,Bacteroidota,0
midas_g_114295.1,midas_g_76603.1,-0.8954177055544241,0.8954177055544241,negative,0.001041368051352039,6.44524877052544e-06,5,0,5,0,Armatimonadota,Firmicutes,0
Clostridium_sensu_stricto_13.1,midas_g_76603.1,-0.8954177055544241,0.8954177055544241,negative,0.001041368051352039,6.44524877052544e-06,5,0,5,0,Firmicutes,Firmicutes,1
Acinetobacter.2,Azoarcus.2,0.8946691569697147,0.8946691569697147,positive,0.0010669769098599234,6.738517808891773e-06,6,0,0,1,Proteobacteria,Proteobacteria,1
Thermovirga.2,Aminiphilus.1,-0.8934285078726864,0.8934285078726864,negative,0.0011253047933584433,7.249026709773981e-06,7,0,5,0,Synergistota,Synergistota,1
midas_g_114295.1,Methanosarcina.1,0.8924788510021541,0.8924788510021541,positive,0.0011664176967800604,7.661199978850972e-06,12,0,0,1,Armatimonadota,Halobacterota,0
Acinetobacter.2,Christensenellaceae_R-7_group.4,0.8918825850158447,0.8918825850158447,positive,0.0011845361519826104,7.929823930160206e-06,6,0,0,1,Proteobacteria,Firmicutes,0
Acinetobacter.2,midas_g_97954.1,0.8903616128590073,0.8903616128590073,positive,0.0012682961229964326,8.65075036526555e-06,6,0,0,1,Proteobacteria,Firmicutes,0
midas_g_84729.1,midas_g_92370.1,0.8895689051064236,0.8895689051064236,positive,0.0012791025499653938,9.047586560321037e-06,4,5,5,1,Chloroflexi,Firmicutes,0
Methanothrix.1,midas_g_49937.1,0.8895689051064235,0.8895689051064235,positive,0.0012791025499653938,9.047586560321088e-06,4,5,5,1,Halobacterota,Chloroflexi,0
Christensenellaceae_R-7_group.4,Fermentimonas.2,0.8892437602665931,0.8892437602665931,positive,0.0012798702780130809,9.214678015251435e-06,8,0,0,1,Firmicutes,Bacteroidota,0
midas_g_114295.1,Clostridium_sensu_stricto_13.1,0.8884892086330936,0.8884892086330936,positive,0.001312086342292333,9.612354155987787e-06,12,0,0,1,Armatimonadota,Firmicutes,0
Clostridium_sensu_stricto_13.1,Petrimonas.2,-0.8860889883220747,0.8860889883220747,negative,0.0014725002248759727,1.0973539632143791e-05,8,0,5,0,Firmicutes,Bacteroidota,0
Acetobacterium.1,midas_g_15299.1,0.8857142857142855,0.8857142857142855,positive,0.0014725446440431306,1.119982185120849e-05,15,3,3,1,Firmicutes,Bacteroidota,0
Christensenellaceae_R-7_group.4,Methanobacterium.4,-0.885475778231565,0.885475778231565,negative,0.0014725446440431306,1.1345866273415557e-05,6,0,5,0,Firmicutes,Euryarchaeota,0
Petrimonas.2,Methanobacterium.5,0.8822304565771898,0.8822304565771898,positive,0.0017233261220401923,1.3495796332763916e-05,6,5,5,1,Bacteroidota,Euryarchaeota,0
Christensenellaceae_R-7_group.4,Thermovirga.2,0.881707796196537,0.881707796196537,positive,0.0017432171777100748,1.3871754729788394e-05,8,0,0,1,Firmicutes,Synergistota,0
Desulfuromonadaceae.1,Thauera.1,0.8809704447837573,0.8809704447837573,positive,0.001760581156119934,1.4416907073130256e-05,5,0,3,0,Desulfobacterota,Proteobacteria,0
Christensenellaceae_R-7_group.2,midas_g_76603.1,0.8809202053326198,0.8809202053326198,positive,0.001760581156119934,1.4454689294909148e-05,8,5,5,1,Firmicutes,Firmicutes,1
EBM-39.1,Aminiphilus.1,-0.879720502924256,0.879720502924256,negative,0.001845100184445024,1.5381661257215055e-05,9,0,5,0,Synergistota,Synergistota,1
Acinetobacter.2,Methanobacterium.4,-0.8791323210927448,0.8791323210927448,negative,0.0018680557594199947,1.585384936285244e-05,4,0,5,0,Proteobacteria,Euryarchaeota,0
Anaerovorax.1,Proteiniphilum.1,0.8785714285714284,0.8785714285714284,positive,0.0018680557594199947,1.63152802865443e-05,15,5,5,1,Firmicutes,Bacteroidota,0
midas_g_3409.1,Geobacteraceae.1,0.8785714285714284,0.8785714285714284,positive,0.0018680557594199947,1.63152802865443e-05,14,5,5,1,WS1,Desulfobacterota,0
Aminivibrio.1,Clostridium_sensu_stricto_13.1,0.8781418413475012,0.8781418413475012,positive,0.0018680557594199947,1.6676182723906915e-05,12,0,0,1,Synergistota,Firmicutes,0
Methanothrix.1,Desulfurispora.1,0.8780516313060174,0.8780516313060174,positive,0.0018680557594199947,1.6752805218999573e-05,3,5,5,1,Halobacterota,Firmicutes,0
EBM-39.1,Aquamicrobium.2,0.8775130886654744,0.8775130886654744,positive,0.001893079880388323,1.7216338434755497e-05,11,0,0,1,Synergistota,Proteobacteria,0
Achromobacter.1,Achromobacter.2,0.876508525781236,0.876508525781236,positive,0.001955805876951993,1.8109450450475886e-05,10,1,1,1,Proteobacteria,Proteobacteria,1
Ercella.1,midas_g_84729.1,0.8763204394271343,0.8763204394271343,positive,0.001955805876951993,1.8280868371156684e-05,5,5,5,1,Firmicutes,Chloroflexi,0
Thermovirga.2,Methanobacterium.5,-0.8750996040235121,0.8750996040235121,negative,0.0020506687415311276,1.942657011681629e-05,4,0,5,0,Synergistota,Euryarchaeota,0
Fermentimonas.2,Romboutsia.1,0.8722076762524348,0.8722076762524348,positive,0.0022711505544921666,2.2380082389487023e-05,13,0,0,1,Bacteroidota,Firmicutes,0
Christensenellaceae_R-7_group.1,Methanobacterium.1,0.872107463889301,0.872107463889301,positive,0.0022711505544921666,2.2488746321699918e-05,11,5,5,1,Firmicutes,Euryarchaeota,0
Christensenellaceae_R-7_group.4,Desulfuromonadaceae.1,0.8718379819364585,0.8718379819364585,positive,0.0022711505544921666,2.2783127870321877e-05,5,0,0,1,Firmicutes,Desulfobacterota,0
Ercella.1,midas_g_49937.1,0.8718379819364585,0.8718379819364585,positive,0.0022711505544921666,2.2783127870321877e-05,5,5,5,1,Firmicutes,Chloroflexi,0
midas_g_92370.1,Desulfurispora.1,0.8714990071917934,0.8714990071917934,positive,0.0022711505544921666,2.3157954348123e-05,3,5,5,1,Firmicutes,Firmicutes,1
EBM-39.1,Romboutsia.1,0.8714285714285712,0.8714285714285712,positive,0.0022711505544921666,2.3236477821632625e-05,15,0,0,1,Synergistota,Firmicutes,0
Methanosarcina.1,Aminiphilus.1,-0.8704991140047146,0.8704991140047146,negative,0.002340583880168322,2.4293513185933276e-05,8,0,5,0,Halobacterota,Synergistota,0
Methanobacterium.1,Methanobacterium.5,0.8702888011474106,0.8702888011474106,positive,0.002340583880168322,2.453814096930286e-05,6,5,5,1,Euryarchaeota,Euryarchaeota,1
Christensenellaceae_R-7_group.2,Aminiphilus.1,0.8686548362208061,0.8686548362208061,positive,0.002471624356838225,2.650918817499563e-05,9,5,5,1,Firmicutes,Synergistota,0
EBM-39.1,Methanobacterium.4,-0.8686330546284495,0.8686330546284495,negative,0.002471624356838225,2.6536323144025408e-05,13,0,5,0,Synergistota,Euryarchaeota,0
Syner-01.1,Christensenellaceae_R-7_group.3,0.8678571428571429,0.8678571428571429,positive,0.0025041438199167594,2.7518063955129224e-05,14,3,3,1,Synergistota,Firmicutes,0
Desulfovibrio.2,Dysgonomonas.1,0.8678571428571429,0.8678571428571429,positive,0.0025041438199167594,2.7518063955129224e-05,15,2,2,1,Desulfobacterota,Bacteroidota,0
Comamonadaceae.3,midas_g_97954.1,0.8674767179796739,0.8674767179796739,positive,0.0025199710491475773,2.8010288281544372e-05,11,0,0,1,Proteobacteria,Firmicutes,0
Christensenellaceae_R-7_group.2,Methanobacterium.5,0.8662596863272837,0.8662596863272837,positive,0.0026068262847182885,2.963425105780548e-05,6,5,5,1,Firmicutes,Euryarchaeota,0
EBM-39.1,Methanobacterium.5,-0.8662596863272837,0.8662596863272837,negative,0.0026068262847182885,2.963425105780548e-05,6,0,5,0,Synergistota,Euryarchaeota,0
Methanobacterium.4,Thermovirga.2,-0.8658318425760286,0.8658318425760286,negative,0.0026294316760360394,3.0223352598115397e-05,11,5,0,0,Euryarchaeota,Synergistota,0
Fermentimonas.2,Methanobacterium.4,-0.8640429338103757,0.8640429338103757,negative,0.002821951982491972,3.27926717682533e-05,11,0,5,0,Bacteroidota,Euryarchaeota,0
Methanobacterium.5,Methanothrix.1,0.8635364422916818,0.8635364422916818,positive,0.002856257291896534,3.355209399347956e-05,4,5,5,1,Euryarchaeota,Halobacterota,0
Fermentimonas.2,Methanosarcina.1,0.8632711221924715,0.8632711221924715,positive,0.002859863323838898,3.3955684279506934e-05,13,0,0,1,Bacteroidota,Halobacterota,0
Desulfuromonadaceae.1,Azoarcus.2,0.8630070645655539,0.8630070645655539,positive,0.002863565285026817,3.436133662720066e-05,5,0,0,1,Desulfobacterota,Proteobacteria,0
Methanosarcina.1,Methanobacterium.5,-0.8622305715071568,0.8622305715071568,negative,0.0029340336517215187,3.557752059685055e-05,5,0,5,0,Halobacterota,Euryarchaeota,0
Dysgonomonas.1,Taibaiella.1,0.8612962143369542,0.8612962143369542,positive,0.003023816245045972,3.708798126567508e-05,11,2,2,1,Bacteroidota,Bacteroidota,1
midas_g_114295.1,Aquamicrobium.2,0.8607721600843011,0.8607721600843011,positive,0.003023816245045972,3.795812774709632e-05,11,0,0,1,Armatimonadota,Proteobacteria,0
Romboutsia.1,Terrisporobacter.1,0.8607142857142854,0.8607142857142854,positive,0.003023816245045972,3.80552502266478e-05,14,0,0,1,Firmicutes,Firmicutes,1
midas_g_76603.1,midas_g_84729.1,0.8606318382097687,0.8606318382097687,positive,0.003023816245045972,3.819396545466682e-05,5,5,5,1,Firmicutes,Chloroflexi,0
Rhizobiaceae.1,Desulfosporosinus.2,0.8602145966082237,0.8602145966082237,positive,0.003049408458456035,3.890239412707585e-05,5,6,6,1,Proteobacteria,Firmicutes,0
Aquamicrobium.2,Azoarcus.2,0.8597674104081872,0.8597674104081872,positive,0.0030793793728634044,3.9673701658717596e-05,9,0,0,1,Proteobacteria,Proteobacteria,1
Taibaiella.1,Methanobacterium.5,-0.8558041986612832,0.8558041986612832,negative,0.0036187097964458194,4.707933674800043e-05,2,2,5,0,Bacteroidota,Euryarchaeota,0
Fermentimonas.2,Methanobacterium.5,-0.8549360186773481,0.8549360186773481,negative,0.0036829346242221593,4.8845286793397344e-05,4,0,5,0,Bacteroidota,Euryarchaeota,0
Acinetobacter.1,Methanobacterium.5,-0.8549360186773481,0.8549360186773481,negative,0.0036829346242221593,4.8845286793397344e-05,4,2,5,0,Proteobacteria,Euryarchaeota,0
Acinetobacter.2,Hyphomonas.1,0.8537714095908289,0.8537714095908289,positive,0.003831519446606354,5.12998688064006e-05,6,0,0,1,Proteobacteria,Proteobacteria,1
Methanobacterium.4,Aminiphilus.1,0.8528181211512006,0.8528181211512006,positive,0.003949927148479299,5.338413602214033e-05,9,5,5,1,Euryarchaeota,Synergistota,0
midas_g_114295.1,Aminiphilus.1,-0.8514139942789235,0.8514139942789235,negative,0.004147714446780873,5.658117471925405e-05,6,0,5,0,Armatimonadota,Synergistota,0
Acetobacterium.1,Methanobacteriaceae.1,0.8499999999999999,0.8499999999999999,positive,0.00431540449589885,5.995888525311021e-05,15,3,3,1,Firmicutes,Euryarchaeota,0
Christensenellaceae_R-7_group.2,midas_g_2178.1,0.8499999999999999,0.8499999999999999,positive,0.00431540449589885,5.995888525311021e-05,14,5,5,1,Firmicutes,Chloroflexi,0
Gordonia.1,Pannonibacter.1,0.8494678220381948,0.8494678220381948,positive,0.004335772100474499,6.127249346040178e-05,12,2,2,1,Actinobacteriota,Proteobacteria,0
Thermovirga.2,Aquamicrobium.2,0.8494418589780174,0.8494418589780174,positive,0.004335772100474499,6.133718267691599e-05,11,0,0,1,Synergistota,Proteobacteria,0
Azoarcus.2,Hyphomonas.1,0.8486015998834054,0.8486015998834054,positive,0.004446230644894189,6.346142009259105e-05,9,0,0,1,Proteobacteria,Proteobacteria,1
Acinetobacter.1,Taibaiella.1,0.8476383730778517,0.8476383730778517,positive,0.00456006119465185,6.597088152780898e-05,11,2,2,1,Proteobacteria,Bacteroidota,0
Petrimonas.2,midas_g_84729.1,0.847456086285194,0.847456086285194,positive,0.00456006119465185,6.64548795681443e-05,5,5,5,1,Bacteroidota,Chloroflexi,0
midas_g_76603.1,midas_g_49937.1,0.8471844657377412,0.8471844657377412,positive,0.00456006119465185,6.718150644596313e-05,5,5,5,1,Firmicutes,Chloroflexi,0
Petrimonas.2,Ercella.1,0.8471069516833089,0.8471069516833089,positive,0.00456006119465185,6.73900669160372e-05,8,5,5,1,Bacteroidota,Firmicutes,0
Thermovirga.2,Petrimonas.2,-0.8458348871776861,0.8458348871776861,negative,0.004719171185965674,7.088979345049956e-05,9,0,5,0,Synergistota,Bacteroidota,0
Acinetobacter.2,Aquamicrobium.2,0.8456402533090114,0.8456402533090114,positive,0.004719171185965674,7.143826328552532e-05,6,0,0,1,Proteobacteria,Proteobacteria,1
Aminiphilus.1,midas_g_49937.1,0.8454394907321584,0.8454394907321584,positive,0.004719171185965674,7.200766725848499e-05,5,5,5,1,Synergistota,Chloroflexi,0
Syner-01.1,Syner-01.2,0.8453980140725444,0.8453980140725444,positive,0.004719171185965674,7.212576904153676e-05,13,3,3,1,Synergistota,Synergistota,1
Thermovirga.1,Methanothrix.1,0.8451542547285165,0.8451542547285165,positive,0.004725741037764466,7.282309038869077e-05,4,5,5,1,Synergistota,Halobacterota,0
Aminivibrio.1,Intestinimonas.1,0.8436107032605519,0.8436107032605519,positive,0.004890433369688488,7.736906123005995e-05,13,0,0,1,Synergistota,Firmicutes,0
Paraclostridium.1,Rhodococcus.1,0.8432774650830431,0.8432774650830431,positive,0.004890433369688488,7.838057420843925e-05,11,6,6,1,Firmicutes,Actinobacteriota,0
Christensenellaceae_R-7_group.4,EBM-39.1,0.8432740427115679,0.8432740427115679,positive,0.004890433369688488,7.839101878882789e-05,8,0,0,1,Firmicutes,Synergistota,0
Desulfuromonadaceae.1,Hyphomonas.1,0.8431651693926108,0.8431651693926108,positive,0.004890433369688488,7.87238839283096e-05,5,0,0,1,Desulfobacterota,Proteobacteria,0
Paraclostridium.1,Syntrophobacter.1,0.8430186946210145,0.8430186946210145,positive,0.004890433369688488,7.917354857355542e-05,9,6,6,1,Firmicutes,Desulfobacterota,0
Petrimonas.1,Methanosarcina.1,0.8428571428571429,0.8428571428571429,positive,0.004890433369688488,7.967195252724861e-05,14,0,0,1,Bacteroidota,Halobacterota,0
Devosia.1,Trichloromonas.1,0.8428529346918812,0.8428529346918812,positive,0.004890433369688488,7.968496964630732e-05,4,0,0,1,Proteobacteria,Desulfobacterota,0
Acinetobacter.1,Petrimonas.2,-0.8422279153773548,0.8422279153773548,negative,0.004971749195913712,8.163791783109543e-05,9,2,5,0,Proteobacteria,Bacteroidota,0
Aminiphilus.1,midas_g_84729.1,0.8410475972738094,0.8410475972738094,positive,0.005163191707415615,8.543363820531079e-05,5,5,5,1,Synergistota,Chloroflexi,0
Thermovirga.1,Ca_Caldatribacterium.1,0.8403953378686622,0.8403953378686622,positive,0.005215322183931392,8.759284234207585e-05,7,5,5,1,Synergistota,Caldatribacteriota,0
Mesotoga.1,Desulfosporosinus.2,-0.8398554297360604,0.8398554297360604,negative,0.005215322183931392,8.941396900151633e-05,5,3,6,0,Thermotogota,Firmicutes,0
Christensenellaceae_R-7_group.4,Azoarcus.2,0.8398250546685181,0.8398250546685181,positive,0.005215322183931392,8.951734499808642e-05,7,0,0,1,Firmicutes,Proteobacteria,0
Dysgonomonas.1,Methanobacterium.1,-0.8392857142857142,0.8392857142857142,negative,0.005215322183931392,9.136935846519938e-05,15,2,5,0,Bacteroidota,Euryarchaeota,0
Aminivibrio.1,EBM-39.1,0.8392857142857142,0.8392857142857142,positive,0.005215322183931392,9.136935846519938e-05,15,0,0,1,Synergistota,Synergistota,1
Petrimonas.2,midas_g_49937.1,0.8388742525000276,0.8388742525000276,positive,0.005215322183931392,9.280339001058645e-05,5,5,5,1,Bacteroidota,Chloroflexi,0
Comamonadaceae.3,Methanobacterium.5,-0.838805150400417,0.838805150400417,negative,0.005215322183931392,9.304603428681089e-05,4,0,5,0,Proteobacteria,Euryarchaeota,0
Methanobacterium.4,midas_g_97954.1,-0.8386209435770237,0.8386209435770237,negative,0.005215322183931392,9.369541120786092e-05,9,5,0,0,Euryarchaeota,Firmicutes,0
Fermentimonas.2,midas_g_49937.1,-0.8384781892121947,0.8384781892121947,negative,0.005215322183931392,9.420122171304625e-05,3,0,5,0,Bacteroidota,Chloroflexi,0
Acinetobacter.1,midas_g_49937.1,-0.8384781892121947,0.8384781892121947,negative,0.005215322183931392,9.420122171304625e-05,3,2,5,0,Proteobacteria,Chloroflexi,0
Thermovirga.2,midas_g_49937.1,-0.8384781892121947,0.8384781892121947,negative,0.005215322183931392,9.420122171304625e-05,3,0,5,0,Synergistota,Chloroflexi,0
Desulfuromonadaceae.1,Methanobacterium.4,-0.8384781892121946,0.8384781892121946,negative,0.005215322183931392,9.420122171304648e-05,3,0,5,0,Desulfobacterota,Euryarchaeota,0
Fermentimonas.2,Aquamicrobium.2,0.8368174576768579,0.8368174576768579,positive,0.005511814007453172,0.0001002527746713726,11,0,0,1,Bacteroidota,Proteobacteria,0
Thermovirga.2,Romboutsia.1,0.8364614600125809,0.8364614600125809,positive,0.005535454402470118,0.0001015907799798614,13,0,0,1,Synergistota,Firmicutes,0
Ercella.1,Aminiphilus.1,0.8359369757117194,0.8359369757117194,positive,0.005535454402470118,0.00010358880513025668,7,5,5,1,Firmicutes,Synergistota,0
Christensenellaceae_R-7_group.4,Lentimicrobium.1,-0.8357448101873574,0.8357448101873574,negative,0.005535454402470118,0.00010432891155175725,8,0,5,0,Firmicutes,Bacteroidota,0
Lentimicrobium.1,midas_g_36215.1,0.8357142857142855,0.8357142857142855,positive,0.005535454402470118,0.00010444687327713345,15,5,5,1,Bacteroidota,Bacteroidota,1
Christensenellaceae_R-7_group.1,Ercella.1,0.8357108940373451,0.8357108940373451,positive,0.005535454402470118,0.00010445998717848233,8,5,5,1,Firmicutes,Firmicutes,1
Acetobacterium.1,Desulfuromonadaceae.1,0.8356029971804347,0.8356029971804347,positive,0.005535454402470118,0.00010487787803088516,5,3,0,0,Firmicutes,Desulfobacterota,0
Clostridium_sensu_stricto_13.1,Ercella.1,-0.8349675650950538,0.8349675650950538,negative,0.005564564653073297,0.00010736696715313826,5,0,5,0,Firmicutes,Firmicutes,1
Methanobacterium.4,Methanobacterium.5,0.8347724333311842,0.8347724333311842,positive,0.005564564653073297,0.00010814101644640593,6,5,5,1,Euryarchaeota,Euryarchaeota,1
Desulfuromonadaceae.1,Aquamicrobium.2,0.8345833356074444,0.8345833356074444,positive,0.005564564653073297,0.0001088955076005548,5,0,0,1,Desulfobacterota,Proteobacteria,0
Christensenellaceae_R-7_group.1,Taibaiella.1,-0.8345454545454547,0.8345454545454547,negative,0.005564564653073297,0.00010904717105997429,7,5,2,0,Firmicutes,Bacteroidota,0
Acinetobacter.1,midas_g_84729.1,-0.8342219547491886,0.8342219547491886,negative,0.005564564653073297,0.0001103494569322354,3,2,5,0,Proteobacteria,Chloroflexi,0
Fermentimonas.2,midas_g_84729.1,-0.8342219547491886,0.8342219547491886,negative,0.005564564653073297,0.0001103494569322354,3,0,5,0,Bacteroidota,Chloroflexi,0
Thermovirga.2,midas_g_84729.1,-0.8342219547491886,0.8342219547491886,negative,0.005564564653073297,0.0001103494569322354,3,0,5,0,Synergistota,Chloroflexi,0
Fermentimonas.2,Petrimonas.2,-0.8332104858765267,0.8332104858765267,negative,0.005660781727169214,0.00011450410971242813,9,0,5,0,Bacteroidota,Bacteroidota,1
midas_g_114295.1,Methanobacterium.5,-0.8329779054539761,0.8329779054539761,negative,0.005660781727169214,0.00011547741965710225,3,0,5,0,Armatimonadota,Euryarchaeota,0
Clostridium_sensu_stricto_13.1,Methanobacterium.5,-0.8329779054539761,0.8329779054539761,negative,0.005660781727169214,0.00011547741965710225,3,0,5,0,Firmicutes,Euryarchaeota,0
Acinetobacter.1,Romboutsia.1,0.8328868383885956,0.8328868383885956,positive,0.005660781727169214,0.00011586037017535423,13,2,0,0,Proteobacteria,Firmicutes,0
Desulfosporosinus.2,Desulfosporosinus.3,0.8328690689874064,0.8328690689874064,positive,0.005660781727169214,0.00011593521486695473,3,6,6,1,Firmicutes,Firmicutes,1
Comamonadaceae.3,Ercella.1,-0.8327240297411739,0.8327240297411739,negative,0.005660781727169214,0.00011654760913585724,6,0,5,0,Proteobacteria,Firmicutes,0
EBM-39.1,Christensenellaceae_R-7_group.2,-0.8321428571428571,0.8321428571428571,negative,0.005746015946207849,0.00011902824493849783,14,0,5,0,Synergistota,Firmicutes,0
Syntrophomonas.1,midas_g_2178.1,-0.8317692805426404,0.8317692805426404,negative,0.005755682540674542,0.00012064560934967043,9,0,5,0,Firmicutes,Chloroflexi,0
Thauera.1,Desulfovibrio.1,0.8316640175625409,0.8316640175625409,positive,0.005755682540674542,0.00012110458626345628,7,3,3,1,Proteobacteria,Desulfobacterota,0
Petrimonas.1,Clostridium_sensu_stricto_13.1,0.8315465599698785,0.8315465599698785,positive,0.005755682540674542,0.00012161843017642679,12,0,0,1,Bacteroidota,Firmicutes,0
EBM-39.1,midas_g_84729.1,-0.8313505646248092,0.8313505646248092,negative,0.005755682540674542,0.0001224798480116671,5,0,5,0,Synergistota,Chloroflexi,0
Christensenellaceae_R-7_group.4,midas_g_114295.1,0.8311894313163432,0.8311894313163432,positive,0.005755682540674542,0.0001231917981035165,8,0,0,1,Firmicutes,Armatimonadota,0
Methanobacterium.4,Methanosarcina.1,-0.8310995275766029,0.8310995275766029,negative,0.005755682540674542,0.0001235905054837277,12,5,0,0,Euryarchaeota,Halobacterota,0
Comamonadaceae.3,Christensenellaceae_R-7_group.2,-0.8293122167646101,0.8293122167646101,negative,0.006099331457094444,0.0001317400125253442,12,0,5,0,Proteobacteria,Firmicutes,0
Thauera.1,Christensenellaceae_R-7_group.3,0.8289842495212931,0.8289842495212931,positive,0.0061251599589202685,0.00013328233762612693,7,3,3,1,Proteobacteria,Firmicutes,0
Desulfovibrio.2,Taibaiella.1,0.8288624656799142,0.8288624656799142,positive,0.0061251599589202685,0.0001338588148856617,11,2,2,1,Desulfobacterota,Bacteroidota,0
Methanobacterium.4,midas_g_114295.1,-0.8287025511618809,0.8287025511618809,negative,0.0061251599589202685,0.00013461890019604987,10,5,0,0,Euryarchaeota,Armatimonadota,0
Ercella.2,Desulfovibrio.1,0.8278000281760297,0.8278000281760297,positive,0.006273371416071045,0.00013897549891575908,11,3,3,1,Firmicutes,Desulfobacterota,0
Acinetobacter.1,Methanobacterium.1,-0.8275249059526175,0.8275249059526175,negative,0.006273371416071045,0.0001403263638157374,13,2,5,0,Proteobacteria,Euryarchaeota,0
Methanobacterium.5,midas_g_92370.1,0.8273403039920305,0.8273403039920305,positive,0.006273371416071045,0.00014123880615039998,4,5,5,1,Euryarchaeota,Firmicutes,0
Comamonadaceae.2,Oscillibacter.2,0.8273381294964028,0.8273381294964028,positive,0.006273371416071045,0.0001412495831405678,12,6,6,1,Proteobacteria,Firmicutes,0
EBM-39.1,midas_g_49937.1,-0.8270981320691836,0.8270981320691836,negative,0.006273371416071045,0.00014244319317111617,5,0,5,0,Synergistota,Chloroflexi,0
EBM-39.1,Petrimonas.2,-0.8270605907545231,0.8270605907545231,negative,0.006273371416071045,0.00014263064985383202,11,0,5,0,Synergistota,Bacteroidota,0
midas_g_49937.1,Desulfurispora.1,0.8267897327174255,0.8267897327174255,positive,0.006281670777459052,0.00014398915561206457,3,5,5,1,Chloroflexi,Firmicutes,0
Acinetobacter.2,Fermentimonas.2,0.8267069991927187,0.8267069991927187,positive,0.006281670777459052,0.0001444062247691736,6,0,0,1,Proteobacteria,Bacteroidota,0
Methanobacterium.4,midas_g_30443.1,0.8263291416026126,0.8263291416026126,positive,0.006330298768481788,0.00014632369264016258,10,5,5,1,Euryarchaeota,Desulfobacterota,0
midas_g_114295.1,midas_g_49937.1,-0.8258002716750954,0.8258002716750954,negative,0.0063782168669552644,0.00014904258183487734,2,0,5,0,Armatimonadota,Chloroflexi,0
Clostridium_sensu_stricto_13.1,midas_g_49937.1,-0.8258002716750954,0.8258002716750954,negative,0.0063782168669552644,0.00014904258183487734,2,0,5,0,Firmicutes,Chloroflexi,0
Aminivibrio.1,Aquamicrobium.2,0.825258715829132,0.825258715829132,positive,0.0064642549051262595,0.00015186957336787727,11,0,0,1,Synergistota,Proteobacteria,0
Desulfovibrio.2,Geobacteraceae.1,-0.825,0.825,negative,0.00648751879604277,0.00015323557090564583,14,2,5,0,Desulfobacterota,Desulfobacterota,1
Methanobacterium.1,Ercella.1,0.8244509614010418,0.8244509614010418,positive,0.0065417002179860495,0.0001561679097131943,8,5,5,1,Euryarchaeota,Firmicutes,0
Christensenellaceae_R-7_group.2,Ercella.1,0.8244509614010417,0.8244509614010417,positive,0.0065417002179860495,0.0001561679097131948,8,5,5,1,Firmicutes,Firmicutes,1
Lachnoclostridium.1,Methanobacterium.1,-0.823950284328632,0.823950284328632,negative,0.006620361799752889,0.00015888199342592508,13,2,5,0,Firmicutes,Euryarchaeota,0
Lachnoclostridium.1,Monoglobus.2,0.8215276372990075,0.8215276372990075,positive,0.007050342591135475,0.0001725681190616006,12,2,2,1,Firmicutes,Firmicutes,1
Ercella.1,midas_g_76603.1,0.8214285714285715,0.8214285714285715,positive,0.007050342591135475,0.00017314771750716898,6,5,5,1,Firmicutes,Firmicutes,1
Methanobacterium.4,midas_g_76603.1,0.8214200836360902,0.8214200836360902,positive,0.007050342591135475,0.00017319745074133278,8,5,5,1,Euryarchaeota,Firmicutes,0
Ercella.1,midas_g_92370.1,0.8213423005076353,0.8213423005076353,positive,0.007050342591135475,0.00017365375840235162,4,5,5,1,Firmicutes,Firmicutes,1
midas_g_76603.1,Methanothrix.1,0.8213423005076353,0.8213423005076353,positive,0.007050342591135475,0.00017365375840235162,4,5,5,1,Firmicutes,Halobacterota,0
Petrimonas.1,Aminiphilus.1,-0.8207036138391905,0.8207036138391905,negative,0.0071672283499338635,0.00017743801396830078,9,0,5,0,Bacteroidota,Synergistota,0
Ercella.2,Christensenellaceae_R-7_group.3,0.8198530910529588,0.8198530910529588,positive,0.007337582549299325,0.00018258226123682797,11,3,3,1,Firmicutes,Firmicutes,1
Desulfuromonadaceae.1,Thermovirga.2,0.8193251341286675,0.8193251341286675,positive,0.0074273848225929985,0.0001858366387561947,5,0,0,1,Desulfobacterota,Synergistota,0
midas_g_114295.1,Petrimonas.2,-0.8191802279793874,0.8191802279793874,negative,0.0074273848225929985,0.00018673813104960895,8,0,5,0,Armatimonadota,Bacteroidota,0
Methanobacterium.4,Aquamicrobium.2,-0.8187825986752014,0.8187825986752014,negative,0.0074273848225929985,0.0001892303202571158,9,5,0,0,Euryarchaeota,Proteobacteria,0
Rhizobiaceae.1,Desulfovibrio.3,0.8187029002571566,0.8187029002571566,positive,0.0074273848225929985,0.00018973310780497708,5,6,6,1,Proteobacteria,Desulfobacterota,0
Acinetobacter.1,Lachnoclostridium.1,0.8184257602862253,0.8184257602862253,positive,0.0074273848225929985,0.00019149002155141546,12,2,2,1,Proteobacteria,Firmicutes,0
Ercella.2,midas_g_98124.1,-0.8183830654105949,0.8183830654105949,negative,0.0074273848225929985,0.0001917618660774636,6,3,2,0,Firmicutes,Firmicutes,1
Christensenellaceae_R-7_group.1,Proteiniphilum.2,0.8183830654105949,0.8183830654105949,positive,0.0074273848225929985,0.0001917618660774636,10,5,5,1,Firmicutes,Bacteroidota,0
Acetobacterium.1,Desulfobulbus.1,0.8178571428571428,0.8178571428571428,positive,0.0074273848225929985,0.00019513654706319864,15,3,3,1,Firmicutes,Desulfobacterota,0
Desulfovibrio.2,midas_g_3409.1,-0.8178571428571428,0.8178571428571428,negative,0.0074273848225929985,0.00019513654706319864,15,2,5,0,Desulfobacterota,WS1,0
Acetobacterium.1,Mesotoga.1,0.8178571428571428,0.8178571428571428,positive,0.0074273848225929985,0.00019513654706319864,15,3,3,1,Firmicutes,Thermotogota,0
Methanobacterium.2,Pannonibacter.1,0.8178571428571428,0.8178571428571428,positive,0.0074273848225929985,0.00019513654706319864,14,2,2,1,Euryarchaeota,Proteobacteria,0
Fermentimonas.2,Acinetobacter.1,0.8175313059033988,0.8175313059033988,positive,0.0074518845215031295,0.0001972516739868323,13,0,2,0,Bacteroidota,Proteobacteria,0
Monoglobus.2,Taibaiella.1,0.8173718831052608,0.8173718831052608,positive,0.0074518845215031295,0.00019829337651956945,11,2,2,1,Firmicutes,Bacteroidota,0
Aminivibrio.1,midas_g_114295.1,0.8172095503152255,0.8172095503152255,positive,0.0074518845215031295,0.0001993587263582717,12,0,0,1,Synergistota,Armatimonadota,0
Acinetobacter.2,Pseudarcobacter.1,0.8171812063226505,0.8171812063226505,positive,0.0074518845215031295,0.00019954522149282094,6,0,3,0,Proteobacteria,Campylobacterota,0
Methanobacterium.1,midas_g_49937.1,0.8164670506801195,0.8164670506801195,positive,0.007593317421380863,0.00020429160171202775,5,5,5,1,Euryarchaeota,Chloroflexi,0
Terrisporobacter.1,Paraclostridium.1,0.8162493412021764,0.8162493412021764,positive,0.00761204027943321,0.00020575680431965477,11,0,6,0,Firmicutes,Firmicutes,1
Fermentimonas.2,midas_g_97954.1,0.8151756268748702,0.8151756268748702,positive,0.007812294407408278,0.00021310964087708158,11,0,0,1,Bacteroidota,Firmicutes,0
JGI-0000079-D21.1,Syntrophobacter.1,0.8151707804874657,0.8151707804874657,positive,0.007812294407408278,0.00021314331085009323,9,6,6,1,Synergistota,Desulfobacterota,0
Christensenellaceae_R-7_group.2,midas_g_30443.1,0.8146801235477049,0.8146801235477049,positive,0.00782305972124084,0.00021657476837885913,10,5,5,1,Firmicutes,Desulfobacterota,0
midas_g_84729.1,Desulfurispora.1,0.8146310601774632,0.8146310601774632,positive,0.00782305972124084,0.00021692037403887767,3,5,5,1,Chloroflexi,Firmicutes,0
Desulfobulbus.1,Methanobacteriaceae.1,0.8142857142857142,0.8142857142857142,positive,0.00782305972124084,0.000219365827727102,15,3,3,1,Desulfobacterota,Euryarchaeota,0
Geobacteraceae.1,LNR_A2-18.1,0.8142857142857142,0.8142857142857142,positive,0.00782305972124084,0.000219365827727102,14,5,5,1,Desulfobacterota,Cloacimonadota,0
Terrisporobacter.1,Rhodococcus.1,0.8142857142857142,0.8142857142857142,positive,0.00782305972124084,0.000219365827727102,14,0,6,0,Firmicutes,Actinobacteriota,0
Geobacteraceae.1,LNR_A2-18.2,0.8142857142857142,0.8142857142857142,positive,0.00782305972124084,0.000219365827727102,14,5,5,1,Desulfobacterota,Cloacimonadota,0
Rhodococcus.1,Gordonia.1,0.8136252979015621,0.8136252979015621,positive,0.007900507891016411,0.00022410529152467275,12,6,2,0,Actinobacteriota,Actinobacteriota,1
Desulfuromonadaceae.1,Trichloromonas.1,0.8131642138702889,0.8131642138702889,positive,0.007900507891016411,0.00022746374515380253,4,0,0,1,Desulfobacterota,Desulfobacterota,1
Proteiniphilum.1,midas_g_76603.1,0.813157112614726,0.813157112614726,positive,0.007900507891016411,0.00022751579010100051,8,5,5,1,Bacteroidota,Firmicutes,0
Christensenellaceae_R-7_group.1,Methanobacterium.5,0.8131156281817417,0.8131156281817417,positive,0.007900507891016411,0.00022782002368205967,6,5,5,1,Firmicutes,Euryarchaeota,0
midas_g_114295.1,midas_g_84729.1,-0.8129971666878846,0.8129971666878846,negative,0.007900507891016411,0.00022869061836023892,2,0,5,0,Armatimonadota,Chloroflexi,0
Clostridium_sensu_stricto_13.1,midas_g_84729.1,-0.8129971666878846,0.8129971666878846,negative,0.007900507891016411,0.00022869061836023892,2,0,5,0,Firmicutes,Chloroflexi,0
Desulfuromonadaceae.1,Fermentimonas.2,0.8129407824341583,0.8129407824341583,positive,0.007900507891016411,0.0002291059529639618,5,0,0,1,Desulfobacterota,Bacteroidota,0
Terrisporobacter.1,Aquamicrobium.2,0.8126455913513942,0.8126455913513942,positive,0.007900507891016411,0.00023129047628622022,11,0,0,1,Firmicutes,Proteobacteria,0
EBM-39.1,midas_g_97954.1,0.8126455913513942,0.8126455913513942,positive,0.007900507891016411,0.00023129047628622022,11,0,0,1,Synergistota,Firmicutes,0
Desulfobulbus.1,Desulfuromonadaceae.1,0.8122146181244939,0.8122146181244939,positive,0.007900507891016411,0.00023451046537689235,5,3,0,0,Desulfobacterota,Desulfobacterota,1
Christensenellaceae_R-7_group.2,midas_g_84729.1,0.8122146181244939,0.8122146181244939,positive,0.007900507891016411,0.00023451046537689235,5,5,5,1,Firmicutes,Chloroflexi,0
Dysgonomonas.1,midas_g_49937.1,-0.8122146181244939,0.8122146181244939,negative,0.007900507891016411,0.00023451046537689235,5,2,5,0,Bacteroidota,Chloroflexi,0
Methanosarcina.1,midas_g_84729.1,-0.8122146181244939,0.8122146181244939,negative,0.007900507891016411,0.00023451046537689235,4,0,5,0,Halobacterota,Chloroflexi,0
Aquamicrobium.2,midas_g_30443.1,-0.8110433069764191,0.8110433069764191,negative,0.00811370141062196,0.00024344788389031932,6,0,5,0,Proteobacteria,Desulfobacterota,0
Christensenellaceae_R-7_group.1,midas_g_49937.1,0.8109832926982363,0.8109832926982363,positive,0.00811370141062196,0.00024391321658810488,5,5,5,1,Firmicutes,Chloroflexi,0
Desulfuromonadaceae.1,midas_g_97954.1,0.8109832926982363,0.8109832926982363,positive,0.00811370141062196,0.00024391321658810488,5,0,0,1,Desulfobacterota,Firmicutes,0
Romboutsia.1,Aquamicrobium.2,0.810843716426003,0.810843716426003,positive,0.008115695745890142,0.00024499826743308627,11,0,0,1,Firmicutes,Proteobacteria,0
Acinetobacter.2,Thauera.1,0.8106699876503417,0.8106699876503417,positive,0.008126613674242944,0.00024635433646814534,5,0,3,0,Proteobacteria,Proteobacteria,1
Proteiniclasticum.1,JGI-0000079-D21.1,0.8100884018466811,0.8100884018466811,positive,0.008175648754018005,0.0002509388211729664,5,0,6,0,Firmicutes,Synergistota,0
Desulfuromonadaceae.1,EBM-39.1,0.8100884018466811,0.8100884018466811,positive,0.008175648754018005,0.0002509388211729664,5,0,0,1,Desulfobacterota,Synergistota,0
Mesotoga.1,Desulfovibrio.3,-0.8100884018466811,0.8100884018466811,negative,0.008175648754018005,0.0002509388211729664,5,3,6,0,Thermotogota,Desulfobacterota,0
Petrimonas.1,midas_g_76603.1,-0.8093924963526209,0.8093924963526209,negative,0.008323104620817492,0.0002565160449007791,8,0,5,0,Bacteroidota,Firmicutes,0
midas_g_114295.1,Acinetobacter.1,0.8071778095732605,0.8071778095732605,positive,0.008884650325630924,0.0002749449702891975,12,0,2,0,Armatimonadota,Proteobacteria,0
Lachnoclostridium.1,Methanobacterium.5,-0.8065434138465548,0.8065434138465548,negative,0.008976004082447425,0.0002804190010765847,4,2,5,0,Firmicutes,Euryarchaeota,0
Methanobacterium.2,Gordonia.1,0.8064567930742356,0.8064567930742356,positive,0.008976004082447425,0.00028117329953858297,12,2,2,1,Euryarchaeota,Actinobacteriota,0
Lentimicrobium.1,midas_g_36215.2,0.8064567930742356,0.8064567930742356,positive,0.008976004082447425,0.00028117329953858297,12,5,5,1,Bacteroidota,Bacteroidota,1
Thermovirga.2,midas_g_97954.1,0.806158197374042,0.806158197374042,positive,0.009023034343572092,0.0002837862260388343,11,0,0,1,Synergistota,Firmicutes,0
Anaerovorax.1,midas_g_76603.1,0.8056278800905157,0.8056278800905157,positive,0.009099057195952016,0.00028847585653454035,8,5,5,1,Firmicutes,Firmicutes,1
Desulfovibrio.2,Ercella.1,-0.8056278800905157,0.8056278800905157,negative,0.009099057195952016,0.00028847585653454035,8,2,5,0,Desulfobacterota,Firmicutes,0
Christensenellaceae_R-7_group.4,midas_g_97954.1,0.8053214069814416,0.8053214069814416,positive,0.00914899832195032,0.00029121480069868393,7,0,0,1,Firmicutes,Firmicutes,1
Methanobacterium.4,Azoarcus.2,-0.804824027753081,0.804824027753081,negative,0.00924949527323056,0.0002957051305352272,7,5,0,0,Euryarchaeota,Proteobacteria,0
Thermovirga.2,Christensenellaceae_R-7_group.2,-0.8042898653967124,0.8042898653967124,negative,0.00924949527323056,0.0003005904553772448,12,0,5,0,Synergistota,Firmicutes,0
Aminivibrio.1,Thermovirga.2,0.8042898653967124,0.8042898653967124,positive,0.00924949527323056,0.0003005904553772448,13,0,0,1,Synergistota,Synergistota,1
Methanobacterium.1,midas_g_84729.1,0.8037097530132427,0.8037097530132427,positive,0.00924949527323056,0.0003059706075736339,5,5,5,1,Euryarchaeota,Chloroflexi,0
Desulfovibrio.2,midas_g_84729.1,-0.8037097530132427,0.8037097530132427,negative,0.00924949527323056,0.0003059706075736339,5,2,5,0,Desulfobacterota,Chloroflexi,0
Desulfovibrio.2,midas_g_49937.1,-0.8037097530132427,0.8037097530132427,negative,0.00924949527323056,0.0003059706075736339,5,2,5,0,Desulfobacterota,Chloroflexi,0
midas_g_97954.1,midas_g_30443.1,-0.8037035485422435,0.8037035485422435,negative,0.00924949527323056,0.0003060285726034938,6,0,5,0,Firmicutes,Desulfobacterota,0
Petrimonas.2,Christensenellaceae_R-7_group.2,0.8036362167244386,0.8036362167244386,positive,0.00924949527323056,0.00030665819528890307,11,5,5,1,Bacteroidota,Firmicutes,0
Hydrogenophaga.1,Pannonibacter.1,-0.8036362167244386,0.8036362167244386,negative,0.00924949527323056,0.00030665819528890307,10,3,2,0,Proteobacteria,Proteobacteria,1
Thiobacillus.1,Geobacteraceae.1,0.8035714285714284,0.8035714285714284,positive,0.00924949527323056,0.0003072650318125094,14,5,5,1,Proteobacteria,Desulfobacterota,0
Methanosarcina.1,Christensenellaceae_R-7_group.2,-0.8035714285714284,0.8035714285714284,negative,0.00924949527323056,0.0003072650318125094,13,0,5,0,Halobacterota,Firmicutes,0
Fermentimonas.2,Ercella.1,-0.8025801734609505,0.8025801734609505,negative,0.009460747515753976,0.0003166727411487689,6,0,5,0,Bacteroidota,Firmicutes,0
Acinetobacter.1,Ercella.1,-0.8025801734609505,0.8025801734609505,negative,0.009460747515753976,0.0003166727411487689,6,2,5,0,Proteobacteria,Firmicutes,0
Taibaiella.1,midas_g_49937.1,-0.8024014589130698,0.8024014589130698,negative,0.009476400756358088,0.00031839365936481637,1,2,5,0,Bacteroidota,Chloroflexi,0
Thiobacillus.1,Desulfosporosinus.1,-0.8022608360001077,0.8022608360001077,negative,0.009481219686590728,0.0003197531459289787,9,5,2,0,Proteobacteria,Firmicutes,0
Desulfuromonadaceae.1,midas_g_114295.1,0.8001940617006739,0.8001940617006739,positive,0.010052452992317901,0.0003402876597121634,5,0,0,1,Desulfobacterota,Armatimonadota,0
midas_g_15299.1,Sulfurospirillum.1,0.7999999999999999,0.7999999999999999,positive,0.010073421071165684,0.00034226983303569145,15,3,3,1,Bacteroidota,Campylobacterota,0
Hyphomonas.1,midas_g_97954.1,0.7990909090909092,0.7990909090909092,positive,0.010293430776705666,0.0003516814716907629,10,0,0,1,Proteobacteria,Firmicutes,0
Sphingopyxis.1,Proteiniphilum.2,-0.799027517981381,0.799027517981381,negative,0.010293430776705666,0.00035234555266985416,8,2,5,0,Proteobacteria,Bacteroidota,0
Acinetobacter.2,EBM-39.1,0.7977647343851264,0.7977647343851264,positive,0.010646891942294916,0.000365789390969334,6,0,0,1,Proteobacteria,Synergistota,0
Monoglobus.2,Methanobacterium.5,-0.7965856668661809,0.7965856668661809,negative,0.010974202427439043,0.000378717381474365,3,2,5,0,Firmicutes,Euryarchaeota,0
midas_g_114295.1,Lachnoclostridium.1,0.7964154387789504,0.7964154387789504,positive,0.010974202427439043,0.00038061429611634557,12,0,2,0,Armatimonadota,Firmicutes,0
Petrimonas.2,Taibaiella.1,-0.7963636363636366,0.7963636363636366,negative,0.010974202427439043,0.00038119308671791545,7,5,2,0,Bacteroidota,Bacteroidota,1
Christensenellaceae_R-7_group.1,Monoglobus.2,-0.7956717446157405,0.7956717446157405,negative,0.01110997069423383,0.00038899277363089064,8,5,2,0,Firmicutes,Firmicutes,1
Comamonadaceae.3,Syntrophomonas.1,0.7955943944072889,0.7955943944072889,positive,0.01110997069423383,0.00038987277800185487,9,0,0,1,Proteobacteria,Firmicutes,0
midas_g_15299.1,Desulfovibrio.3,-0.7952048879019914,0.7952048879019914,negative,0.01110997069423383,0.0003943288827939505,5,3,6,0,Bacteroidota,Desulfobacterota,0
Dysgonomonas.1,midas_g_84729.1,-0.7952048879019914,0.7952048879019914,negative,0.01110997069423383,0.0003943288827939505,5,2,5,0,Bacteroidota,Chloroflexi,0
Methanosarcina.1,midas_g_49937.1,-0.7952048879019914,0.7952048879019914,negative,0.01110997069423383,0.0003943288827939505,4,0,5,0,Halobacterota,Chloroflexi,0
Christensenellaceae_R-7_group.2,midas_g_49937.1,0.7952048879019914,0.7952048879019914,positive,0.01110997069423383,0.0003943288827939505,5,5,5,1,Firmicutes,Chloroflexi,0
Petrimonas.1,Petrimonas.2,-0.794626842097483,0.794626842097483,negative,0.01125838133280686,0.00040101850901244596,11,0,5,0,Bacteroidota,Bacteroidota,1
Desulfuromonadaceae.1,Pseudarcobacter.1,0.7938196251279033,0.7938196251279033,positive,0.01145948945488872,0.00041051501645286557,5,0,3,0,Desulfobacterota,Campylobacterota,0
Devosia.1,JGI-0000079-D21.1,0.7937356195649995,0.7937356195649995,positive,0.01145948945488872,0.00041151375164716743,6,0,6,0,Proteobacteria,Synergistota,0
Christensenellaceae_R-7_group.4,midas_g_76603.1,-0.7936507936507937,0.7936507936507937,negative,0.01145948945488872,0.0004125242509338493,2,0,5,0,Firmicutes,Firmicutes,1
Acinetobacter.1,Dysgonomonas.1,0.7917786897127637,0.7917786897127637,positive,0.01205018493978607,0.00043534671795822567,13,2,2,1,Proteobacteria,Bacteroidota,0
Comamonadaceae.3,midas_g_49937.1,-0.791659610119128,0.791659610119128,negative,0.01205018493978607,0.00043683252213194413,3,0,5,0,Proteobacteria,Chloroflexi,0
midas_g_15299.1,Desulfosporosinus.2,-0.7909524553463657,0.7909524553463657,negative,0.012253246250637466,0.00044574143238393214,5,3,6,0,Bacteroidota,Firmicutes,0
midas_g_2178.1,Desulfovibrio.4,-0.7905694150420949,0.7905694150420949,negative,0.012344728358273438,0.00045062858349640317,8,5,0,0,Chloroflexi,Desulfobacterota,0
Acinetobacter.2,Thermovirga.2,0.7904125455696238,0.7904125455696238,positive,0.012357143668261196,0.0004526426252110328,6,0,0,1,Proteobacteria,Synergistota,0
Methanobacterium.4,Christensenellaceae_R-7_group.2,0.789991378900771,0.789991378900771,positive,0.012462780956212872,0.0004580863026724701,12,5,5,1,Euryarchaeota,Firmicutes,0
Desulfovibrio.2,Methanobacterium.1,-0.7892857142857141,0.7892857142857141,negative,0.012596798829462318,0.0004673267561781765,15,2,5,0,Desulfobacterota,Euryarchaeota,0
Anaerovorax.1,midas_g_36215.1,0.7892857142857141,0.7892857142857141,positive,0.012596798829462318,0.0004673267561781765,15,5,5,1,Firmicutes,Bacteroidota,0
Thauera.1,Azoarcus.2,0.7891578473557854,0.7891578473557854,positive,0.012596798829462318,0.00046901727864687365,6,3,0,0,Proteobacteria,Proteobacteria,1
Methanobacterium.5,Desulfurispora.1,0.7891307069980692,0.7891307069980692,positive,0.012596798829462318,0.0004693767405193108,3,5,5,1,Euryarchaeota,Firmicutes,0
Clostridium_sensu_stricto_13.1,Romboutsia.1,0.7885355310059193,0.7885355310059193,positive,0.01272361117286071,0.00047731622058098147,12,0,0,1,Firmicutes,Firmicutes,1
Anaerovorax.1,midas_g_36215.2,0.7885355310059193,0.7885355310059193,positive,0.01272361117286071,0.00047731622058098147,12,5,5,1,Firmicutes,Bacteroidota,0
Comamonadaceae.3,midas_g_2178.1,-0.7882040680887782,0.7882040680887782,negative,0.012764806011164342,0.00048178507474548127,13,0,5,0,Proteobacteria,Chloroflexi,0
Hyphomonas.1,Pseudarcobacter.1,0.7881818181818183,0.7881818181818183,positive,0.012764806011164342,0.0004820862697155663,10,0,3,0,Proteobacteria,Campylobacterota,0
Ercella.1,Methanothrix.1,0.7875223234279092,0.7875223234279092,positive,0.012959699483509059,0.0004910837242709003,4,5,5,1,Firmicutes,Halobacterota,0
Taibaiella.1,midas_g_84729.1,-0.7873832497890284,0.7873832497890284,negative,0.012967005911713752,0.0004929984564135202,1,2,5,0,Bacteroidota,Chloroflexi,0
Desulfovibrio.2,Desulfovibrio.4,0.7868047987799895,0.7868047987799895,positive,0.013129508973856046,0.00050102781712171,8,2,0,0,Desulfobacterota,Desulfobacterota,1
Desulfuromonadaceae.1,midas_g_15299.1,0.7867000227907401,0.7867000227907401,positive,0.013129508973856046,0.00050249352268263,5,0,3,0,Desulfobacterota,Bacteroidota,0
Aminivibrio.1,Fermentimonas.2,0.7864167572767855,0.7864167572767855,positive,0.013166380679470936,0.000506473604868532,13,0,0,1,Synergistota,Bacteroidota,0
Petrimonas.2,Methanothrix.1,0.7862453931068966,0.7862453931068966,positive,0.013166380679470936,0.0005088938345229388,4,5,5,1,Bacteroidota,Halobacterota,0
Ca_Caldatribacterium.1,Methanothrix.1,0.7862453931068966,0.7862453931068966,positive,0.013166380679470936,0.0005088938345229388,4,5,5,1,Caldatribacteriota,Halobacterota,0
Petrimonas.1,midas_g_15299.1,0.7857142857142856,0.7857142857142856,positive,0.01329083809010054,0.0005164547475705883,15,0,3,0,Bacteroidota,Bacteroidota,1
Petrimonas.2,Thermovirga.1,0.7856719205190748,0.7856719205190748,positive,0.01329083809010054,0.0005170617824619132,7,5,5,1,Bacteroidota,Synergistota,0
Christensenellaceae_R-7_group.1,midas_g_84729.1,0.7852377913427367,0.7852377913427367,positive,0.013408062430386575,0.0005233158129328599,5,5,5,1,Firmicutes,Chloroflexi,0
midas_g_114295.1,midas_g_97954.1,0.7848216753709805,0.7848216753709805,positive,0.013519376562837205,0.0005293680351748811,11,0,0,1,Armatimonadota,Firmicutes,0
Syner-01.1,Desulfovibrio.1,0.7846294464647928,0.7846294464647928,positive,0.01354756788011118,0.000532183101012325,13,3,3,1,Synergistota,Desulfobacterota,0
Azoarcus.2,Comamonadaceae.1,0.7838095238095236,0.7838095238095236,positive,0.013794390616742182,0.0005443275664077264,8,0,4,0,Proteobacteria,Proteobacteria,1
Thermovirga.2,Ercella.1,-0.7837402632858108,0.7837402632858108,negative,0.013794390616742182,0.0005453636810711511,6,0,5,0,Synergistota,Firmicutes,0
Desulfobulbus.1,Monoglobus.1,-0.7830401825178844,0.7830401825178844,negative,0.01401679858351628,0.0005559270879403955,8,3,2,0,Desulfobacterota,Firmicutes,0
Comamonadaceae.3,Desulfovibrio.2,0.7828421356528003,0.7828421356528003,positive,0.014048161384732529,0.0005589454131856444,13,0,2,0,Proteobacteria,Desulfobacterota,0
Methanothrix.1,midas_g_92370.1,0.7823529411764705,0.7823529411764705,positive,0.01414460726910643,0.0005664581633683199,3,5,5,1,Halobacterota,Firmicutes,0
Methanosarcina.1,Proteiniphilum.1,-0.782142857142857,0.782142857142857,negative,0.01414460726910643,0.0005697096277734965,14,0,5,0,Halobacterota,Bacteroidota,0
Thiobacillus.1,LNR_A2-18.2,0.782142857142857,0.782142857142857,positive,0.01414460726910643,0.0005697096277734965,15,5,5,1,Proteobacteria,Cloacimonadota,0
Clostridium_sensu_stricto_13.1,Intestinimonas.1,0.7820656110532036,0.7820656110532036,positive,0.01414460726910643,0.0005709089753359072,12,0,0,1,Firmicutes,Firmicutes,1
Romboutsia.1,midas_g_97954.1,0.7820137176197453,0.7820137176197453,positive,0.01414460726910643,0.0005717158426315597,11,0,0,1,Firmicutes,Firmicutes,1
Christensenellaceae_R-7_group.4,Aminiphilus.1,-0.7815038703165378,0.7815038703165378,negative,0.01425043092770433,0.0005796926871465963,3,0,5,0,Firmicutes,Synergistota,0
Clostridium_sensu_stricto_13.1,Christensenellaceae_R-7_group.2,-0.7813670261785929,0.7813670261785929,negative,0.01425043092770433,0.0005818490329813503,11,0,5,0,Firmicutes,Firmicutes,1
Acinetobacter.1,Thermovirga.1,-0.7812601377102658,0.7812601377102658,negative,0.01425043092770433,0.0005835378829786834,5,2,5,0,Proteobacteria,Synergistota,0
Stappia.1,midas_g_36215.3,0.7811947106925675,0.7811947106925675,positive,0.01425043092770433,0.0005845736036531545,3,6,6,1,Proteobacteria,Bacteroidota,0
Petrimonas.1,Thermovirga.2,0.7810548248408075,0.7810548248408075,positive,0.01425043092770433,0.0005867930380739688,13,0,0,1,Bacteroidota,Synergistota,0
Petrimonas.1,Intestinimonas.1,0.7810548248408075,0.7810548248408075,positive,0.01425043092770433,0.0005867930380739688,13,0,0,1,Bacteroidota,Firmicutes,0
Acinetobacter.2,midas_g_114295.1,0.7804113386049387,0.7804113386049387,positive,0.014456178263936487,0.0005970911067711546,6,0,0,1,Proteobacteria,Armatimonadota,0
Desulfovibrio.2,midas_g_92370.1,-0.7791937224739796,0.7791937224739796,negative,0.014836805219878632,0.0006169795616765989,4,2,5,0,Desulfobacterota,Firmicutes,0
EBM-39.1,midas_g_92370.1,-0.7791937224739796,0.7791937224739796,negative,0.014836805219878632,0.0006169795616765989,4,0,5,0,Synergistota,Firmicutes,0
Pseudarcobacter.1,Desulfovibrio.1,0.7791059088715573,0.7791059088715573,positive,0.014836805219878632,0.0006184344729771314,11,3,3,1,Campylobacterota,Desulfobacterota,0
Comamonadaceae.3,midas_g_84729.1,-0.7788909067301099,0.7788909067301099,negative,0.014846705505797517,0.0006220084477090073,3,0,5,0,Proteobacteria,Chloroflexi,0
Monoglobus.2,midas_g_49937.1,-0.7788555533886559,0.7788555533886559,negative,0.014846705505797517,0.000622597729938711,2,2,5,0,Firmicutes,Chloroflexi,0
midas_g_3409.1,midas_g_84729.1,0.7781951576794889,0.7781951576794889,positive,0.015018643993245208,0.0006336891609611548,5,5,5,1,WS1,Chloroflexi,0
Romboutsia.1,midas_g_49937.1,-0.7781951576794889,0.7781951576794889,negative,0.015018643993245208,0.0006336891609611548,5,0,5,0,Firmicutes,Chloroflexi,0
Acinetobacter.1,midas_g_76603.1,-0.7780882902332689,0.7780882902332689,negative,0.015018643993245208,0.0006354990195449217,6,2,5,0,Proteobacteria,Firmicutes,0
Dysgonomonas.1,Monoglobus.2,0.7777827737649295,0.7777827737649295,positive,0.015072604332630146,0.000640696301569059,12,2,2,1,Bacteroidota,Firmicutes,0
Desulfovibrio.2,Methanobacterium.5,-0.7776191602844919,0.7776191602844919,negative,0.015072604332630146,0.0006434937810318289,6,2,5,0,Desulfobacterota,Euryarchaeota,0
Acinetobacter.2,Romboutsia.1,0.7776191602844919,0.7776191602844919,positive,0.015072604332630146,0.0006434937810318289,6,0,0,1,Proteobacteria,Firmicutes,0
Lachnoclostridium.1,Petrimonas.2,-0.7773024229713917,0.7773024229713917,negative,0.015075026503053,0.0006489376053071718,9,2,5,0,Firmicutes,Bacteroidota,0
Lachnoclostridium.1,Taibaiella.1,0.7773024229713917,0.7773024229713917,positive,0.015075026503053,0.0006489376053071718,11,2,2,1,Firmicutes,Bacteroidota,0
Syner-01.2,Desulfovibrio.1,0.7772808586762074,0.7772808586762074,positive,0.015075026503053,0.00064930959170659,12,3,3,1,Synergistota,Desulfobacterota,0
Aminiphilus.1,Methanothrix.1,0.7763449520630873,0.7763449520630873,positive,0.015408563157558987,0.0006656219022211916,4,5,5,1,Synergistota,Halobacterota,0
Bacteria (unclassified).1,Stappia.1,0.7759493670886076,0.7759493670886076,positive,0.01552507755870543,0.0006726160922869727,4,6,6,1,Bacteria (unclassified),Proteobacteria,0
EBM-39.1,Ercella.1,-0.775510949993674,0.775510949993674,negative,0.015614555223031576,0.0006804372302571547,8,0,5,0,Synergistota,Firmicutes,0
Methanosarcina.1,Ercella.1,-0.775510949993674,0.775510949993674,negative,0.015614555223031576,0.0006804372302571547,7,0,5,0,Halobacterota,Firmicutes,0
Mesotoga.1,Sulfurospirillum.1,0.7749999999999999,0.7749999999999999,positive,0.015715302424658052,0.000689645393951436,15,3,3,1,Thermotogota,Campylobacterota,0
Dysgonomonas.1,Geobacteraceae.1,-0.7749999999999999,0.7749999999999999,negative,0.015715302424658052,0.000689645393951436,14,2,5,0,Bacteroidota,Desulfobacterota,0
Acinetobacter.1,Monoglobus.2,0.77489069719033,0.77489069719033,positive,0.015715302424658052,0.0006916282942739897,12,2,2,1,Proteobacteria,Firmicutes,0
Christensenellaceae_R-7_group.2,Methanothrix.1,0.7746102299888384,0.7746102299888384,positive,0.015715302424658052,0.0006967375459208004,4,5,5,1,Firmicutes,Halobacterota,0
EBM-39.1,Trichloromonas.1,0.7746102299888384,0.7746102299888384,positive,0.015715302424658052,0.0006967375459208004,4,0,0,1,Synergistota,Desulfobacterota,0
Methanosarcina.1,Methanothrix.1,-0.7746102299888384,0.7746102299888384,negative,0.015715302424658052,0.0006967375459208004,3,0,5,0,Halobacterota,Halobacterota,1
Dysgonomonas.1,Gordonia.1,0.7741985213512662,0.7741985213512662,positive,0.01578306170246959,0.000704293114014783,12,2,2,1,Bacteroidota,Actinobacteriota,0
Thauera.1,Hyphomonas.1,0.7739454739441634,0.7739454739441634,positive,0.01578306170246959,0.0007089699006325495,7,3,0,0,Proteobacteria,Proteobacteria,1
Sphingopyxis.1,Methanobacterium.2,0.7739055815928366,0.7739055815928366,positive,0.01578306170246959,0.000709709481631827,13,2,2,1,Proteobacteria,Euryarchaeota,0
Lentimicrobium.1,Methanobacterium.4,0.7739055815928366,0.7739055815928366,positive,0.01578306170246959,0.000709709481631827,13,5,5,1,Bacteroidota,Euryarchaeota,0
Acinetobacter.1,Methanosarcina.1,0.7739055815928366,0.7739055815928366,positive,0.01578306170246959,0.000709709481631827,13,2,0,0,Proteobacteria,Halobacterota,0
Christensenellaceae_R-7_group.1,Lachnoclostridium.1,-0.7736954511710604,0.7736954511710604,negative,0.015825473774709345,0.0007136155283025433,9,5,2,0,Firmicutes,Firmicutes,1
Hydrogenophaga.1,Methanobacterium.2,-0.7730043429927896,0.7730043429927896,negative,0.016068096598471925,0.0007265856488888403,11,3,2,0,Proteobacteria,Euryarchaeota,0
Thauera.1,Pseudomonas.2,0.7725787932004153,0.7725787932004153,positive,0.01620155087831917,0.0007346667633341647,5,3,3,1,Proteobacteria,Proteobacteria,1
Fermentimonas.2,Terrisporobacter.1,0.7721182707808439,0.7721182707808439,positive,0.01635067360788098,0.0007434940632609769,13,0,0,1,Bacteroidota,Firmicutes,0
midas_g_9269.1,midas_g_49937.1,0.7718165088460505,0.7718165088460505,positive,0.016372077117842113,0.0007493247923799595,5,5,5,1,Bacteroidota,Chloroflexi,0
Acetobacterium.1,Christensenellaceae_R-7_group.4,0.7717463337315688,0.7717463337315688,positive,0.016372077117842113,0.000750686041236556,8,3,0,0,Firmicutes,Firmicutes,1
Methanobacterium.2,Monoglobus.1,0.7717463337315688,0.7717463337315688,positive,0.016372077117842113,0.000750686041236556,8,2,2,1,Euryarchaeota,Firmicutes,0
Aminivibrio.1,Methanosarcina.1,0.7714285714285712,0.7714285714285712,positive,0.016372077117842113,0.0007568751073803477,14,0,0,1,Synergistota,Halobacterota,0
Aminivibrio.1,Petrimonas.1,0.7714285714285712,0.7714285714285712,positive,0.016372077117842113,0.0007568751073803477,15,0,0,1,Synergistota,Bacteroidota,0
midas_g_36215.1,Sulfurospirillum.1,-0.7714285714285712,0.7714285714285712,negative,0.016372077117842113,0.0007568751073803477,15,5,3,0,Bacteroidota,Campylobacterota,0
Pseudarcobacter.1,Christensenellaceae_R-7_group.3,0.7712024680673985,0.7712024680673985,positive,0.016405479434482752,0.0007613040987543016,11,3,3,1,Campylobacterota,Firmicutes,0
Fermentimonas.2,midas_g_92370.1,-0.7707151835397387,0.7707151835397387,negative,0.016405479434482752,0.0007709207370681582,2,0,5,0,Bacteroidota,Firmicutes,0
Comamonadaceae.3,midas_g_92370.1,-0.7707151835397387,0.7707151835397387,negative,0.016405479434482752,0.0007709207370681582,2,0,5,0,Proteobacteria,Firmicutes,0
Acinetobacter.1,midas_g_92370.1,-0.7707151835397387,0.7707151835397387,negative,0.016405479434482752,0.0007709207370681582,2,2,5,0,Proteobacteria,Firmicutes,0
Thermovirga.2,midas_g_92370.1,-0.7707151835397387,0.7707151835397387,negative,0.016405479434482752,0.0007709207370681582,2,0,5,0,Synergistota,Firmicutes,0
Sulfurospirillum.1,midas_g_36215.2,-0.770614268937603,0.770614268937603,negative,0.016405479434482752,0.0007729245710574798,12,3,5,0,Campylobacterota,Bacteroidota,0
Monoglobus.2,Enterobacteriaceae.1,0.770614268937603,0.770614268937603,positive,0.016405479434482752,0.0007729245710574798,12,2,2,1,Firmicutes,Proteobacteria,0
Romboutsia.1,Devosia.1,0.769560930644238,0.769560930644238,positive,0.016809736182874457,0.0007940938906650305,6,0,0,1,Firmicutes,Proteobacteria,0
Aquamicrobium.2,Christensenellaceae_R-7_group.2,-0.7694005931420075,0.7694005931420075,negative,0.01683380310226221,0.0007973571003345116,10,0,5,0,Proteobacteria,Firmicutes,0
Thiobacillus.1,midas_g_3409.1,0.7678571428571428,0.7678571428571428,positive,0.017462241153929744,0.0008293296291369943,15,5,5,1,Proteobacteria,WS1,0
Acinetobacter.1,Clostridium_sensu_stricto_13.1,0.7677157833274567,0.7677157833274567,positive,0.0174784910307566,0.0008323090967026952,12,2,0,0,Proteobacteria,Firmicutes,0
Christensenellaceae_R-7_group.1,Thiobacillus.1,0.7675987182166162,0.7675987182166162,positive,0.017484067651604773,0.0008347830708989016,11,5,5,1,Firmicutes,Proteobacteria,0
Burkholderiales.1,midas_g_98124.1,0.7673995806632399,0.7673995806632399,positive,0.017526132505260805,0.0008390052064536878,10,2,2,1,Proteobacteria,Firmicutes,0
Syner-01.2,Christensenellaceae_R-7_group.3,0.7667563383448659,0.7667563383448659,positive,0.017766618081648068,0.0008527617621607005,13,3,3,1,Synergistota,Firmicutes,0
Comamonadaceae.3,Aquamicrobium.2,0.7664815075703978,0.7664815075703978,positive,0.017843273289742827,0.0008586948494874343,11,0,0,1,Proteobacteria,Proteobacteria,1
Aquamicrobium.2,Hyphomonas.1,0.7663636363636365,0.7663636363636365,positive,0.01784951282758252,0.0008612497031876372,10,0,0,1,Proteobacteria,Proteobacteria,1
Syntrophobacter.1,Stenotrophomonas.2,0.7661532459753252,0.7661532459753252,positive,0.017893014668006486,0.000865825221229712,7,6,6,1,Desulfobacterota,Proteobacteria,0
Acinetobacter.1,Aminiphilus.1,-0.7660595677007538,0.7660595677007538,negative,0.017893014668006486,0.0008678688433136908,7,2,5,0,Proteobacteria,Synergistota,0
Methanobacterium.1,midas_g_92370.1,0.7654432450185562,0.7654432450185562,positive,0.018080518676425787,0.0008814118297012954,4,5,5,1,Euryarchaeota,Firmicutes,0
Romboutsia.1,midas_g_84729.1,-0.765437860012612,0.765437860012612,negative,0.018080518676425787,0.0008815309093217574,5,0,5,0,Firmicutes,Chloroflexi,0
Fermentimonas.2,Christensenellaceae_R-7_group.2,-0.7649690275328731,0.7649690275328731,negative,0.01819988506702815,0.0008919483903002301,12,0,5,0,Bacteroidota,Firmicutes,0
EBM-39.1,Acinetobacter.1,0.7649690275328731,0.7649690275328731,positive,0.01819988506702815,0.0008919483903002301,13,0,2,0,Synergistota,Proteobacteria,0
EBM-39.1,Terrisporobacter.1,0.7642857142857141,0.7642857142857141,positive,0.018465743327017926,0.0009073101116849784,14,0,0,1,Synergistota,Firmicutes,0
midas_g_114295.1,Trichloromonas.1,0.7635917532535971,0.7635917532535971,positive,0.018739537303076505,0.0009231299164077097,4,0,0,1,Armatimonadota,Desulfobacterota,0
Clostridium_sensu_stricto_13.1,Aquamicrobium.2,0.7631215368814602,0.7631215368814602,positive,0.01891121425259138,0.0009339755933766868,11,0,0,1,Firmicutes,Proteobacteria,0
midas_g_114295.1,Azoarcus.2,0.7625707948759055,0.7625707948759055,positive,0.019122172945959776,0.0009468096242031365,9,0,0,1,Armatimonadota,Proteobacteria,0
Fermentimonas.2,Azoarcus.2,0.7623677143624369,0.7623677143624369,positive,0.019169573736323154,0.0009515779308292283,9,0,0,1,Bacteroidota,Proteobacteria,0
Romboutsia.1,Methanobacterium.5,-0.7615027010039843,0.7615027010039843,negative,0.019434769698964675,0.0009721067071858041,6,0,5,0,Firmicutes,Euryarchaeota,0
Acetobacterium.1,Acinetobacter.2,0.7615027010039843,0.7615027010039843,positive,0.019434769698964675,0.0009721067071858041,6,3,0,0,Firmicutes,Proteobacteria,0
midas_g_2178.1,Methanobacterium.5,0.7615027010039843,0.7615027010039843,positive,0.019434769698964675,0.0009721067071858041,6,5,5,1,Chloroflexi,Euryarchaeota,0
Christensenellaceae_R-7_group.1,Clostridium_sensu_stricto_13.1,-0.7613131920073335,0.7613131920073335,negative,0.019470881441847263,0.0009766517263740408,8,5,0,0,Firmicutes,Firmicutes,1
Hyphomonas.1,Syner-01.2,0.7610710498699009,0.7610710498699009,positive,0.019470881441847263,0.000982484074080239,11,0,3,0,Proteobacteria,Synergistota,0
midas_g_9269.1,midas_g_92370.1,0.7608597525334152,0.7608597525334152,positive,0.019470881441847263,0.00098759648917532,4,5,5,1,Bacteroidota,Firmicutes,0
EBM-39.1,Petrimonas.1,0.7607142857142856,0.7607142857142856,positive,0.019470881441847263,0.000991128611982373,15,0,0,1,Synergistota,Bacteroidota,0
Bacteroides.1,Erysipelothrix.1,0.7607142857142856,0.7607142857142856,positive,0.019470881441847263,0.000991128611982373,15,2,2,1,Bacteroidota,Firmicutes,0
Burkholderiales.1,Thiobacillus.1,-0.7607142857142856,0.7607142857142856,negative,0.019470881441847263,0.000991128611982373,15,2,5,0,Proteobacteria,Proteobacteria,1
Methanobacterium.1,Burkholderiales.1,-0.7607142857142856,0.7607142857142856,negative,0.019470881441847263,0.000991128611982373,15,5,2,0,Euryarchaeota,Proteobacteria,0
midas_g_2178.1,midas_g_76603.1,0.7604524849452531,0.7604524849452531,positive,0.01949316752410857,0.000997511235836763,8,5,5,1,Chloroflexi,Firmicutes,0
Burkholderiales.1,Hydrogenophaga.1,-0.7603912185150518,0.7603912185150518,negative,0.01949316752410857,0.000999009686492869,11,2,3,0,Proteobacteria,Proteobacteria,1
Thermovirga.2,Acinetobacter.1,0.7602862254025043,0.7602862254025043,positive,0.01949316752410857,0.0010015818382693173,13,0,2,0,Synergistota,Proteobacteria,0
Thauera.1,Pseudarcobacter.1,0.7602646196067664,0.7602646196067664,positive,0.01949316752410857,0.0010021118077948956,7,3,3,1,Proteobacteria,Campylobacterota,0
Methanobacterium.4,Romboutsia.1,-0.7596070950968951,0.7596070950968951,negative,0.019760466337366226,0.0010183491556960238,13,5,0,0,Euryarchaeota,Firmicutes,0
midas_g_9269.1,midas_g_84729.1,0.7590592111791736,0.7590592111791736,positive,0.01997718497996935,0.001032041007554309,5,5,5,1,Bacteroidota,Chloroflexi,0
Rhizobiaceae.1,Desulfosporosinus.3,0.7587030065189146,0.7587030065189146,positive,0.020008249175605324,0.0010410223413408596,3,6,6,1,Proteobacteria,Firmicutes,0
Methanosarcina.1,Aquamicrobium.2,0.7585893435896607,0.7585893435896607,positive,0.020008249175605324,0.0010439015068365218,11,0,0,1,Halobacterota,Proteobacteria,0
midas_g_97954.1,Christensenellaceae_R-7_group.2,-0.7585893435896607,0.7585893435896607,negative,0.020008249175605324,0.0010439015068365218,10,0,5,0,Firmicutes,Firmicutes,1
midas_g_76603.1,midas_g_92370.1,0.7585337716452867,0.7585337716452867,positive,0.020008249175605324,0.0010453115281756603,4,5,5,1,Firmicutes,Firmicutes,1
Aquamicrobium.2,Trichloromonas.1,0.7584955557031237,0.7584955557031237,positive,0.020008249175605324,0.0010462820713275994,4,0,0,1,Proteobacteria,Desulfobacterota,0
Christensenellaceae_R-7_group.2,Syntrophomonas.1,-0.7579981691863086,0.7579981691863086,negative,0.020202285412281317,0.0010589804782236637,8,5,0,0,Firmicutes,Firmicutes,1
Monoglobus.2,midas_g_84729.1,-0.7575170450766379,0.7575170450766379,negative,0.02036222050554025,0.0010713820480201728,2,2,5,0,Firmicutes,Chloroflexi,0
Terrisporobacter.1,Devosia.1,0.7574735861838574,0.7574735861838574,positive,0.02036222050554025,0.001072508014501741,6,0,0,1,Firmicutes,Proteobacteria,0
Desulfovibrio.1,Monoglobus.1,-0.7573643890406152,0.7573643890406152,negative,0.02036717197528898,0.0010753414027625102,6,3,2,0,Desulfobacterota,Firmicutes,0
Methanosarcina.1,Romboutsia.1,0.7571428571428571,0.7571428571428571,positive,0.020427526428088913,0.0010811081941858348,14,0,0,1,Halobacterota,Firmicutes,0
Methanobacterium.4,Clostridium_sensu_stricto_13.1,-0.7569534125331466,0.7569534125331466,negative,0.020458492663826742,0.0010860595253020856,10,5,0,0,Euryarchaeota,Firmicutes,0
Aminiphilus.1,midas_g_30443.1,0.7568825881235381,0.7568825881235381,positive,0.020458492663826742,0.0010879152976469696,9,5,5,1,Synergistota,Desulfobacterota,0
Petrimonas.1,midas_g_114295.1,0.7562772592829499,0.7562772592829499,positive,0.020661082293416858,0.001103881258132024,12,0,0,1,Bacteroidota,Armatimonadota,0
Dysgonomonas.1,midas_g_92370.1,-0.7562762600482742,0.7562762600482742,negative,0.020661082293416858,0.0011039077693716472,4,2,5,0,Bacteroidota,Firmicutes,0
Terrisporobacter.1,Syntrophobacter.1,0.7561538914024003,0.7561538914024003,positive,0.02067304765589394,0.0011071582930528017,9,0,6,0,Firmicutes,Desulfobacterota,0
Thermovirga.1,Methanobacterium.5,0.7560426299919629,0.7560426299919629,positive,0.020679585590860833,0.0011101204845416009,5,5,5,1,Synergistota,Euryarchaeota,0
Desulfuromonadaceae.1,Christensenellaceae_R-7_group.3,0.754806778623548,0.754806778623548,positive,0.02125057506163096,0.0011434564830434242,5,0,3,0,Desulfobacterota,Firmicutes,0
midas_g_114295.1,midas_g_92370.1,-0.7543918526119874,0.7543918526119874,negative,0.021311833894797468,0.0011548284376491239,1,0,5,0,Armatimonadota,Firmicutes,0
Clostridium_sensu_stricto_13.1,midas_g_92370.1,-0.7543918526119874,0.7543918526119874,negative,0.021311833894797468,0.0011548284376491239,1,0,5,0,Firmicutes,Firmicutes,1
Monoglobus.2,midas_g_92370.1,-0.7543918526119874,0.7543918526119874,negative,0.021311833894797468,0.0011548284376491239,1,2,5,0,Firmicutes,Firmicutes,1
Christensenellaceae_R-7_group.4,Desulfovibrio.4,0.7539682539682541,0.7539682539682541,positive,0.021349277298702268,0.0011665322041339813,7,0,0,1,Firmicutes,Desulfobacterota,0
Petrimonas.2,midas_g_92370.1,0.753870582802495,0.753870582802495,positive,0.021349277298702268,0.0011692443491929188,4,5,5,1,Bacteroidota,Firmicutes,0
Christensenellaceae_R-7_group.1,midas_g_92370.1,0.753870582802495,0.753870582802495,positive,0.021349277298702268,0.0011692443491929188,4,5,5,1,Firmicutes,Firmicutes,1
Petrimonas.1,Proteiniphilum.1,-0.7535714285714286,0.7535714285714286,negative,0.021349277298702268,0.0011775830234888275,15,0,5,0,Bacteroidota,Bacteroidota,1
Methanobacterium.1,Methanobacterium.2,-0.7535714285714286,0.7535714285714286,negative,0.021349277298702268,0.0011775830234888275,15,5,2,0,Euryarchaeota,Euryarchaeota,1
Lentimicrobium.1,Christensenellaceae_R-7_group.2,0.7535714285714286,0.7535714285714286,positive,0.021349277298702268,0.0011775830234888275,14,5,5,1,Bacteroidota,Firmicutes,0
midas_g_98124.1,Desulfovibrio.1,-0.7535248119459949,0.7535248119459949,negative,0.021349277298702268,0.0011788867394106734,8,2,3,0,Firmicutes,Desulfobacterota,0
Devosia.1,midas_g_94288.1,-0.7534444713637305,0.7534444713637305,negative,0.021349277298702268,0.001181136342094817,6,0,-1,0,Proteobacteria,Firmicutes,0
Fermentimonas.2,Comamonadaceae.3,0.7531305903398926,0.7531305903398926,positive,0.021349277298702268,0.0011899585439858215,13,0,0,1,Bacteroidota,Proteobacteria,0
Thiobacillus.1,Monoglobus.1,-0.7529232524210427,0.7529232524210427,negative,0.021349277298702268,0.0011958153002916527,8,5,2,0,Proteobacteria,Firmicutes,0
midas_g_3409.1,Ercella.1,0.7529232524210427,0.7529232524210427,positive,0.021349277298702268,0.0011958153002916527,8,5,5,1,WS1,Firmicutes,0
Mesotoga.1,Monoglobus.1,-0.7529232524210426,0.7529232524210426,negative,0.021349277298702268,0.0011958153002916536,8,3,2,0,Thermotogota,Firmicutes,0
Burkholderiales.1,Monoglobus.1,0.7529232524210426,0.7529232524210426,positive,0.021349277298702268,0.0011958153002916536,8,2,2,1,Proteobacteria,Firmicutes,0
midas_g_114295.1,Terrisporobacter.1,0.7526930068692868,0.7526930068692868,positive,0.021349277298702268,0.0012023464058633668,12,0,0,1,Armatimonadota,Firmicutes,0
midas_g_2178.1,midas_g_49937.1,0.7526805623457352,0.7526805623457352,positive,0.021349277298702268,0.0012027002242290276,5,5,5,1,Chloroflexi,Chloroflexi,1
midas_g_2178.1,midas_g_84729.1,0.7526805623457352,0.7526805623457352,positive,0.021349277298702268,0.0012027002242290276,5,5,5,1,Chloroflexi,Chloroflexi,1
midas_g_3409.1,midas_g_49937.1,0.7526805623457352,0.7526805623457352,positive,0.021349277298702268,0.0012027002242290276,5,5,5,1,WS1,Chloroflexi,0
Intestinimonas.1,midas_g_76603.1,-0.7517124159880734,0.7517124159880734,negative,0.021755039862981055,0.001230485208814011,6,0,5,0,Firmicutes,Firmicutes,1
Romboutsia.1,midas_g_92370.1,-0.7516927675631331,0.7516927675631331,negative,0.021755039862981055,0.0012310544219547193,4,0,5,0,Firmicutes,Firmicutes,1
Methanobacterium.1,Petrimonas.2,0.7513818438880961,0.7513818438880961,positive,0.021863351528713923,0.0012400902002304456,11,5,5,1,Euryarchaeota,Bacteroidota,0
Thermovirga.2,Azoarcus.2,0.7512921543474862,0.7512921543474862,positive,0.021863351528713923,0.0012427066045119699,9,0,0,1,Synergistota,Proteobacteria,0
Comamonadaceae.1,Devosia.2,0.7510137813776575,0.7510137813776575,positive,0.02195792495501368,0.00125085564667313,5,4,4,1,Proteobacteria,Proteobacteria,1
Aquamicrobium.2,Intestinimonas.1,0.7502501344689071,0.7502501344689071,positive,0.022238756658018954,0.0012734323009701242,11,0,0,1,Proteobacteria,Firmicutes,0
Fermentimonas.2,Methanothrix.1,-0.7500710268377813,0.7500710268377813,negative,0.022238756658018954,0.001278774819939814,2,0,5,0,Bacteroidota,Halobacterota,0
Acinetobacter.1,Methanothrix.1,-0.7500710268377813,0.7500710268377813,negative,0.022238756658018954,0.001278774819939814,2,2,5,0,Proteobacteria,Halobacterota,0
Thermovirga.2,Methanothrix.1,-0.7500710268377813,0.7500710268377813,negative,0.022238756658018954,0.001278774819939814,2,0,5,0,Synergistota,Halobacterota,0
Desulfobulbus.1,Mesotoga.1,0.7499999999999999,0.7499999999999999,positive,0.022238756658018954,0.0012808984509355365,15,3,3,1,Desulfobacterota,Thermotogota,0
Methanobacterium.4,Comamonadaceae.3,-0.7495527728085868,0.7495527728085868,negative,0.022422877214099506,0.0012943355926289598,11,5,0,0,Euryarchaeota,Proteobacteria,0
Methanobacterium.2,Proteiniphilum.2,-0.7492147564769073,0.7492147564769073,negative,0.022508180040972728,0.0013045667542437272,10,2,5,0,Euryarchaeota,Bacteroidota,0
Christensenellaceae_R-7_group.4,Romboutsia.1,0.7491586361589375,0.7491586361589375,positive,0.022508180040972728,0.0013062717184909541,8,0,0,1,Firmicutes,Firmicutes,1
Comamonadaceae.2,Rhodococcus.1,0.7491087544556233,0.7491087544556233,positive,0.022508180040972728,0.0013077886597003228,12,6,6,1,Proteobacteria,Actinobacteriota,0
Geobacteraceae.1,Desulfosporosinus.1,-0.7487767802667671,0.7487767802667671,negative,0.022633355057830054,0.0013179205105039353,8,5,2,0,Desulfobacterota,Firmicutes,0
midas_g_97954.1,Syntrophomonas.1,0.7481093051603706,0.7481093051603706,positive,0.022936741642035848,0.0013384835971479805,9,0,0,1,Firmicutes,Firmicutes,1
Terrisporobacter.1,midas_g_97954.1,0.747778094037314,0.747778094037314,positive,0.02306331494139997,0.0013487829756054295,11,0,0,1,Firmicutes,Firmicutes,1
Thermovirga.1,Ercella.1,0.7472438352637885,0.7472438352637885,positive,0.023299373276525634,0.001365531034521649,6,5,5,1,Synergistota,Firmicutes,0
EBM-39.1,Methanothrix.1,-0.7471092750779922,0.7471092750779922,negative,0.02332153412847539,0.0013697755929949547,4,0,5,0,Synergistota,Halobacterota,0
Thiobacillus.1,LNR_A2-18.1,0.7464285714285712,0.7464285714285712,positive,0.023588440240068956,0.0013914110890630544,15,5,5,1,Proteobacteria,Cloacimonadota,0
Aminivibrio.1,Romboutsia.1,0.7464285714285712,0.7464285714285712,positive,0.023588440240068956,0.0013914110890630544,15,0,0,1,Synergistota,Firmicutes,0
Thermovirga.1,midas_g_84729.1,0.7460574316427891,0.7460574316427891,positive,0.02373311466930967,0.0014033229918460927,4,5,5,1,Synergistota,Chloroflexi,0
Petrimonas.2,Proteiniphilum.1,0.7459762191119229,0.7459762191119229,positive,0.02373311466930967,0.001405940479967947,11,5,5,1,Bacteroidota,Bacteroidota,1
Lachnoclostridium.1,Aminiphilus.1,-0.7457543743400109,0.7457543743400109,negative,0.02377730048248008,0.0014131106327647535,7,2,5,0,Firmicutes,Synergistota,0
Taibaiella.1,Thermovirga.1,-0.7456065613881271,0.7456065613881271,negative,0.02377730048248008,0.0014179043815138851,4,2,5,0,Bacteroidota,Synergistota,0
Stappia.1,Desulfovibrio.3,0.7455696202531645,0.7455696202531645,positive,0.02377730048248008,0.0014191044719667552,4,6,6,1,Proteobacteria,Desulfobacterota,0
Proteiniphilum.1,midas_g_36215.2,0.7455245020419601,0.7455245020419601,positive,0.02377730048248008,0.0014205713184556117,12,5,5,1,Bacteroidota,Bacteroidota,1
midas_g_3409.1,Methanobacterium.5,0.7453862417234767,0.7453862417234767,positive,0.023794455193971567,0.0014250739406719407,6,5,5,1,WS1,Euryarchaeota,0
Acetobacterium.1,Methanobacterium.4,-0.7453086086009535,0.7453086086009535,negative,0.023794455193971567,0.0014276072018613735,13,3,5,0,Firmicutes,Euryarchaeota,0
Methanobacterium.4,Petrimonas.2,0.7448396767684101,0.7448396767684101,positive,0.0240002578425861,0.001442986324753187,11,5,5,1,Euryarchaeota,Bacteroidota,0
Christensenellaceae_R-7_group.4,Hyphomonas.1,0.7445424328696347,0.7445424328696347,positive,0.024112887007626767,0.0014528037264921014,7,0,0,1,Firmicutes,Proteobacteria,0
Thauera.1,Syner-01.2,0.7444265332028338,0.7444265332028338,positive,0.02412608413879125,0.0014566462319492504,7,3,3,1,Proteobacteria,Synergistota,0
Desulfuromonadaceae.1,Syner-01.1,0.744175697234484,0.744175697234484,positive,0.02417795685851426,0.0014649904338731763,5,0,3,0,Desulfobacterota,Synergistota,0
Leucobacter.1,Rhizobiaceae.1,0.7441488446548851,0.7441488446548851,positive,0.02417795685851426,0.0014658859785381894,7,6,6,1,Actinobacteriota,Proteobacteria,0
EBM-39.1,Intestinimonas.1,0.7435212977889609,0.7435212977889609,positive,0.02440531598821908,0.0014869409170362,13,0,0,1,Synergistota,Firmicutes,0
Lachnoclostridium.1,Methanosarcina.1,0.7435212977889608,0.7435212977889608,positive,0.02440531598821908,0.0014869409170362043,12,2,0,0,Firmicutes,Halobacterota,0
Thermovirga.2,Lachnoclostridium.1,0.7432915921288014,0.7432915921288014,positive,0.02440531598821908,0.0014947084693051678,12,0,2,0,Synergistota,Firmicutes,0
Romboutsia.1,Azoarcus.2,0.7432439469150423,0.7432439469150423,positive,0.02440531598821908,0.0014963236908936456,9,0,0,1,Firmicutes,Proteobacteria,0
midas_g_2178.1,Aminiphilus.1,0.7432439469150423,0.7432439469150423,positive,0.02440531598821908,0.0014963236908936456,9,5,5,1,Chloroflexi,Synergistota,0
Thermovirga.2,Trichloromonas.1,0.7431896412704623,0.7431896412704623,positive,0.02440531598821908,0.0014981664229221261,4,0,0,1,Synergistota,Desulfobacterota,0
Dysgonomonas.1,midas_g_3409.1,-0.7428571428571428,0.7428571428571428,negative,0.02448898247743189,0.0015094888782350335,15,2,5,0,Bacteroidota,WS1,0
Acetobacterium.1,Petrimonas.1,0.7428571428571428,0.7428571428571428,positive,0.02448898247743189,0.0015094888782350335,15,3,0,0,Firmicutes,Bacteroidota,0
Thermovirga.1,Desulfurispora.1,0.7420890720695954,0.7420890720695954,positive,0.02483073885125292,0.0015359074705229815,3,5,5,1,Synergistota,Firmicutes,0
Desulfosporosinus.1,Desulfovibrio.1,-0.7420625210016939,0.7420625210016939,negative,0.02483073885125292,0.0015368273382738325,7,2,3,0,Firmicutes,Desulfobacterota,0
Desulfobulbus.1,Thauera.1,0.7418246905762974,0.7418246905762974,positive,0.024863013187055194,0.001545086837160195,7,3,3,1,Desulfobacterota,Proteobacteria,0
Lentimicrobium.1,Thermovirga.2,-0.7417339869769682,0.7417339869769682,negative,0.024863013187055194,0.0015482462424173565,13,5,0,0,Bacteroidota,Synergistota,0
Syner-01.2,Ruminiclostridium.1,0.7417339869769682,0.7417339869769682,positive,0.024863013187055194,0.0015482462424173565,13,3,3,1,Synergistota,Firmicutes,0
Acinetobacter.2,Desulfobulbus.1,0.7413571269033499,0.7413571269033499,positive,0.0250239523988051,0.0015614288853113198,6,0,3,0,Proteobacteria,Desulfobacterota,0
Desulfuromonadaceae.1,Syner-01.2,0.7405847965630552,0.7405847965630552,positive,0.025410014466629355,0.0015887276949578793,5,0,3,0,Desulfobacterota,Synergistota,0
Aquamicrobium.2,Proteiniclasticum.1,0.7401831639706126,0.7401831639706126,positive,0.025587791107407314,0.001603074951278771,5,0,0,1,Proteobacteria,Firmicutes,0
Methanobacterium.1,Sphingopyxis.1,-0.7399466761649754,0.7399466761649754,negative,0.025671653499852252,0.0016115715282842705,13,5,2,0,Euryarchaeota,Proteobacteria,0
Sulfurospirillum.1,Aminiphilus.1,-0.7395553913472256,0.7395553913472256,negative,0.025793066899638194,0.0016257092816621774,9,3,5,0,Campylobacterota,Synergistota,0
Anaerovorax.1,Aminiphilus.1,0.7395553913472256,0.7395553913472256,positive,0.025793066899638194,0.0016257092816621774,9,5,5,1,Firmicutes,Synergistota,0
Devosia.1,Proteiniclasticum.1,0.7387982030366117,0.7387982030366117,positive,0.026179163965381322,0.0016533512672338843,4,0,0,1,Proteobacteria,Firmicutes,0
Lachnoclostridium.1,midas_g_76603.1,-0.7385244788654756,0.7385244788654756,negative,0.026286280338059468,0.0016634364594376395,6,2,5,0,Firmicutes,Firmicutes,1
Acetobacterium.1,midas_g_114295.1,0.7383559972146335,0.7383559972146335,positive,0.026332204348411544,0.0016696686349504351,12,3,0,0,Firmicutes,Armatimonadota,0
Methanosarcina.1,Intestinimonas.1,0.7381593653529829,0.7381593653529829,positive,0.026394708902504723,0.0016769658428647056,13,0,0,1,Halobacterota,Firmicutes,0
midas_g_3409.1,Methanothrix.1,0.7379422901077101,0.7379422901077101,positive,0.026427132422000267,0.001685051510203423,4,5,5,1,WS1,Halobacterota,0
Acinetobacter.1,Sphingopyxis.1,0.7379248658318425,0.7379248658318425,positive,0.026427132422000267,0.0016857018912605957,12,2,2,1,Proteobacteria,Proteobacteria,1
Sulfurospirillum.1,Desulfosporosinus.2,-0.7377970484010455,0.7377970484010455,negative,0.026447728389492657,0.001690479001905346,5,3,6,0,Campylobacterota,Firmicutes,0
Proteiniphilum.1,Aminiphilus.1,0.7377111135633173,0.7377111135633173,positive,0.026447728389492657,0.0016936968919379536,9,5,5,1,Bacteroidota,Synergistota,0
Dysgonomonas.1,Methanobacterium.5,-0.737328012083223,0.737328012083223,negative,0.026620170936535698,0.0017081024170468781,6,2,5,0,Bacteroidota,Euryarchaeota,0
Christensenellaceae_R-7_group.4,Aquamicrobium.2,0.7369450611056588,0.7369450611056588,positive,0.02679337779763103,0.0017226006440563592,7,0,0,1,Firmicutes,Proteobacteria,0
EBM-39.1,Comamonadaceae.3,0.7363720545409901,0.7363720545409901,positive,0.02702747560311074,0.0017444789734987482,13,0,0,1,Synergistota,Proteobacteria,0
Acinetobacter.1,Terrisporobacter.1,0.7363720545409901,0.7363720545409901,positive,0.02702747560311074,0.0017444789734987482,13,2,0,0,Proteobacteria,Firmicutes,0
midas_g_114295.1,Proteiniclasticum.1,0.7361785367646199,0.7361785367646199,positive,0.02708971766728007,0.0017519180807941638,5,0,0,1,Armatimonadota,Firmicutes,0
Dysgonomonas.1,Thermovirga.1,-0.7360140533132976,0.7360140533132976,negative,0.02713480154076516,0.0017582611077949382,7,2,5,0,Bacteroidota,Synergistota,0
Petrimonas.2,Intestinimonas.1,-0.7358222472675819,0.7358222472675819,negative,0.02719629818332715,0.0017656810996880324,9,5,0,0,Bacteroidota,Firmicutes,0
midas_g_36215.3,Desulfosporosinus.2,0.7355996886677094,0.7355996886677094,positive,0.02722346819892764,0.0017743222926167315,3,6,6,1,Bacteroidota,Firmicutes,0
Bacteria (unclassified).1,midas_g_36215.3,0.7355996886677094,0.7355996886677094,positive,0.02722346819892764,0.0017743222926167315,3,6,6,1,Bacteria (unclassified),Bacteroidota,0
Fermentimonas.2,Intestinimonas.1,0.7352415026833631,0.7352415026833631,positive,0.027374413046908457,0.0017883008231935095,13,0,0,1,Bacteroidota,Firmicutes,0
Pseudarcobacter.1,Syner-01.1,0.7351649695595762,0.7351649695595762,positive,0.027374413046908457,0.0017912990479508,11,3,3,1,Campylobacterota,Synergistota,0
Taibaiella.1,Aminiphilus.1,-0.735082526214792,0.735082526214792,negative,0.027374413046908457,0.0017945333297139684,5,2,5,0,Bacteroidota,Synergistota,0
Lentimicrobium.1,midas_g_76603.1,0.7341001711105166,0.7341001711105166,positive,0.027907594867754067,0.0018334340794383215,8,5,5,1,Bacteroidota,Firmicutes,0
EBM-39.1,Azoarcus.2,0.7340225579955009,0.7340225579955009,positive,0.027907594867754067,0.0018365361786156205,9,0,0,1,Synergistota,Proteobacteria,0
Geobacteraceae.1,midas_g_49937.1,0.7335446158454199,0.7335446158454199,positive,0.028145269404265785,0.001855732048632909,5,5,5,1,Desulfobacterota,Chloroflexi,0
Intestinimonas.1,Aminiphilus.1,-0.7328328876559018,0.7328328876559018,negative,0.028528692727977263,0.0018846161799585838,7,0,5,0,Firmicutes,Synergistota,0
Stenotrophomonas.2,Rhizobiaceae.1,0.7321428571428571,0.7321428571428571,positive,0.028836547289564574,0.001912963600978562,6,6,6,1,Proteobacteria,Proteobacteria,1
Methanobacterium.1,midas_g_3409.1,0.7321428571428571,0.7321428571428571,positive,0.028836547289564574,0.001912963600978562,15,5,5,1,Euryarchaeota,WS1,0
Lachnoclostridium.1,midas_g_49937.1,-0.732072327637043,0.732072327637043,negative,0.028836547289564574,0.00191588024179752,3,2,5,0,Firmicutes,Chloroflexi,0
Comamonadaceae.3,midas_g_30443.1,-0.7316835130490096,0.7316835130490096,negative,0.028981759390680394,0.00193202328688303,8,0,5,0,Proteobacteria,Desulfobacterota,0
Thermovirga.2,Intestinimonas.1,0.7316636851520572,0.7316636851520572,positive,0.028981759390680394,0.0019328494326486354,13,0,0,1,Synergistota,Firmicutes,0
Aminivibrio.1,midas_g_30443.1,-0.7310299322905746,0.7310299322905746,negative,0.02922640229854698,0.001959405150781629,10,0,5,0,Synergistota,Desulfobacterota,0
midas_g_98124.1,Christensenellaceae_R-7_group.3,-0.7310299322905746,0.7310299322905746,negative,0.02922640229854698,0.001959405150781629,9,2,3,0,Firmicutes,Firmicutes,1
Methanobacterium.3,Lachnoclostridium.1,0.7310101221050119,0.7310101221050119,positive,0.02922640229854698,0.0019602399419639317,13,2,2,1,Euryarchaeota,Firmicutes,0
Christensenellaceae_R-7_group.4,Methanosarcina.1,0.7303355548484114,0.7303355548484114,positive,0.029487163024028134,0.001988836804681449,8,0,0,1,Firmicutes,Halobacterota,0
Dysgonomonas.1,Ercella.1,-0.7303355548484114,0.7303355548484114,negative,0.029487163024028134,0.001988836804681449,8,2,5,0,Bacteroidota,Firmicutes,0
Aminivibrio.1,Aminiphilus.1,-0.7303340024276842,0.7303340024276842,negative,0.029487163024028134,0.0019889030004838983,9,0,5,0,Synergistota,Synergistota,1
Petrimonas.2,Anaerovorax.1,0.7297593447834028,0.7297593447834028,positive,0.029796457617022248,0.002013528460920412,11,5,5,1,Bacteroidota,Firmicutes,0
Terrisporobacter.1,midas_g_84729.1,-0.7292921832897943,0.7292921832897943,negative,0.030039215130344687,0.002033727334831976,4,0,5,0,Firmicutes,Chloroflexi,0
Trichloromonas.1,JGI-0000079-D21.1,0.7287753051374278,0.7287753051374278,positive,0.030222302308164535,0.0020562650589071004,4,0,6,0,Desulfobacterota,Synergistota,0
Acinetobacter.1,Christensenellaceae_R-7_group.1,-0.7286083036669194,0.7286083036669194,negative,0.030222302308164535,0.002063589612769439,9,2,5,0,Proteobacteria,Firmicutes,0
Methanosarcina.1,Anaerovorax.1,-0.7285714285714285,0.7285714285714285,negative,0.030222302308164535,0.0020652097446907935,14,0,5,0,Halobacterota,Firmicutes,0
midas_g_36215.1,midas_g_2178.1,0.7285714285714285,0.7285714285714285,positive,0.030222302308164535,0.0020652097446907935,15,5,5,1,Bacteroidota,Chloroflexi,0
Petrimonas.1,Christensenellaceae_R-7_group.2,-0.7285714285714285,0.7285714285714285,negative,0.030222302308164535,0.0020652097446907935,14,0,5,0,Bacteroidota,Firmicutes,0
Mesotoga.1,Rhizobiaceae.1,-0.7282665369626313,0.7282665369626313,negative,0.03036278348520693,0.0020786445179969883,7,3,6,0,Thermotogota,Proteobacteria,0
Methanobacteriaceae.1,Ercella.2,0.7279574698580116,0.7279574698580116,positive,0.030506472318092698,0.002092334781953307,11,3,3,1,Euryarchaeota,Firmicutes,0
Desulfuromonadaceae.1,Proteiniclasticum.1,0.7278481012658228,0.7278481012658228,positive,0.030521149908806867,0.002097196608613229,4,0,0,1,Desulfobacterota,Firmicutes,0
midas_g_114295.1,Christensenellaceae_R-7_group.2,-0.7276032399736437,0.7276032399736437,negative,0.030623746917002228,0.0021081144460990547,11,0,5,0,Armatimonadota,Firmicutes,0
Methanobacterium.1,Proteiniphilum.2,0.727392967453308,0.727392967453308,positive,0.030704132829427175,0.0021175264020294603,10,5,5,1,Euryarchaeota,Bacteroidota,0
Methanobacterium.4,Ercella.1,0.7272205327603918,0.7272205327603918,positive,0.03076007561167356,0.002125269844585757,8,5,5,1,Euryarchaeota,Firmicutes,0
Aminivibrio.1,midas_g_76603.1,-0.7265709385863062,0.7265709385863062,negative,0.031128331228237837,0.002154645132382763,8,0,5,0,Synergistota,Firmicutes,0
Christensenellaceae_R-7_group.1,Ca_Caldatribacterium.1,0.7263636363636365,0.7263636363636365,positive,0.03120780149403607,0.0021640877883321715,10,5,5,1,Firmicutes,Caldatribacteriota,0
Christensenellaceae_R-7_group.1,Geobacteraceae.1,0.7261555949326206,0.7261555949326206,positive,0.03123116349890116,0.0021735974596304836,11,5,5,1,Firmicutes,Desulfobacterota,0
Burkholderiales.1,Ercella.2,-0.7261555949326206,0.7261555949326206,negative,0.03123116349890116,0.0021735974596304836,11,2,3,0,Proteobacteria,Firmicutes,0
Acinetobacter.2,Syner-01.2,0.7258890724618993,0.7258890724618993,positive,0.03135001876027483,0.0021858292731680817,6,0,3,0,Proteobacteria,Synergistota,0
Monoglobus.2,Ercella.1,-0.7254016855124449,0.7254016855124449,negative,0.03148466933570021,0.0022083402309454846,5,2,5,0,Firmicutes,Firmicutes,1
Monoglobus.2,Petrimonas.2,-0.7251462945248,0.7251462945248,negative,0.03148466933570021,0.0022202099956158154,8,2,5,0,Firmicutes,Bacteroidota,0
Desulfuromonadaceae.1,Mesotoga.1,0.7250397507341686,0.7250397507341686,positive,0.03148466933570021,0.002225176911830313,5,0,3,0,Desulfobacterota,Thermotogota,0
Terrisporobacter.1,midas_g_49937.1,-0.7250397507341685,0.7250397507341685,negative,0.03148466933570021,0.0022251769118303197,4,0,5,0,Firmicutes,Chloroflexi,0
Petrimonas.1,Sulfurospirillum.1,0.7249999999999999,0.7249999999999999,positive,0.03148466933570021,0.0022270323137542148,15,0,3,0,Bacteroidota,Campylobacterota,0
EBM-39.1,Lentimicrobium.1,-0.7249999999999999,0.7249999999999999,negative,0.03148466933570021,0.0022270323137542148,15,0,5,0,Synergistota,Bacteroidota,0
JGI-0000079-D21.1,Sphaerochaeta.1,-0.7249999999999999,0.7249999999999999,negative,0.03148466933570021,0.0022270323137542148,14,6,5,0,Synergistota,Spirochaetota,0
Methanobacterium.1,Geobacteraceae.1,0.7249999999999999,0.7249999999999999,positive,0.03148466933570021,0.0022270323137542148,14,5,5,1,Euryarchaeota,Desulfobacterota,0
Lentimicrobium.1,Aminiphilus.1,0.7248011690759593,0.7248011690759593,positive,0.031536617598132616,0.0022363315596668704,9,5,5,1,Bacteroidota,Synergistota,0
midas_g_114295.1,Intestinimonas.1,0.7246663001502162,0.7246663001502162,positive,0.031536617598132616,0.002242657030156456,12,0,0,1,Armatimonadota,Firmicutes,0
Comamonadaceae.3,Oscillibacter.2,0.7246663001502162,0.7246663001502162,positive,0.031536617598132616,0.002242657030156456,12,0,6,0,Proteobacteria,Firmicutes,0
Christensenellaceae_R-7_group.2,midas_g_92370.1,0.7241918126522868,0.7241918126522868,positive,0.03173841247502283,0.0022650250155851837,4,5,5,1,Firmicutes,Firmicutes,1
Terrisporobacter.1,midas_g_92370.1,-0.7241918126522868,0.7241918126522868,negative,0.03173841247502283,0.0022650250155851837,3,0,5,0,Firmicutes,Firmicutes,1
EBM-39.1,Lachnoclostridium.1,0.7238608788570413,0.7238608788570413,positive,0.03181802519501572,0.0022807312835138984,13,0,2,0,Synergistota,Firmicutes,0
Fermentimonas.2,Petrimonas.1,0.7238608788570412,0.7238608788570412,positive,0.03181802519501572,0.0022807312835139,13,0,0,1,Bacteroidota,Bacteroidota,1
Aquamicrobium.2,Devosia.1,0.7236729090817502,0.7236729090817502,positive,0.03181802519501572,0.002289691215152828,6,0,0,1,Proteobacteria,Proteobacteria,1
midas_g_97954.1,Methanobacterium.5,-0.7236729090817502,0.7236729090817502,negative,0.03181802519501572,0.002289691215152828,3,0,5,0,Firmicutes,Euryarchaeota,0
Aquamicrobium.2,midas_g_76603.1,-0.723649660518701,0.723649660518701,negative,0.03181802519501572,0.002290801359247058,5,0,5,0,Proteobacteria,Firmicutes,0
midas_g_97954.1,Oscillibacter.2,0.7233379496506732,0.7233379496506732,positive,0.0319692565139097,0.002305727607609251,11,0,6,0,Firmicutes,Firmicutes,1
Thauera.1,Aquamicrobium.2,0.7231308721195464,0.7231308721195464,positive,0.03205120654414737,0.0023156865155049004,7,3,0,0,Proteobacteria,Proteobacteria,1
midas_g_15299.1,Aminiphilus.1,-0.7229568912920511,0.7229568912920511,negative,0.032084206730083574,0.002324080337652964,9,3,5,0,Bacteroidota,Synergistota,0
EBM-39.1,Proteiniclasticum.1,0.7229135344563559,0.7229135344563559,positive,0.032084206730083574,0.002326175907928252,5,0,0,1,Synergistota,Firmicutes,0
Christensenellaceae_R-7_group.1,Petrimonas.2,0.7227272727272729,0.7227272727272729,positive,0.03215259953557726,0.0023351957474999274,10,5,5,1,Firmicutes,Bacteroidota,0
Comamonadaceae.3,Romboutsia.1,0.7220735680450484,0.7220735680450484,positive,0.03250760609581807,0.0023670738426833176,13,0,0,1,Proteobacteria,Firmicutes,0
midas_g_97954.1,midas_g_49937.1,-0.7219467671771337,0.7219467671771337,negative,0.03250760609581807,0.0023732975020061696,2,0,5,0,Firmicutes,Chloroflexi,0
Aquamicrobium.2,midas_g_49937.1,-0.7219467671771337,0.7219467671771337,negative,0.03250760609581807,0.0023732975020061696,2,0,5,0,Proteobacteria,Chloroflexi,0
midas_g_36215.2,midas_g_76603.1,0.7216235517337343,0.7216235517337343,positive,0.03266919184012173,0.0023892209265416802,8,5,5,1,Bacteroidota,Firmicutes,0
Acetobacterium.1,Lentimicrobium.1,-0.7214285714285712,0.7214285714285712,negative,0.03274454919199113,0.002398868072673343,15,3,5,0,Firmicutes,Bacteroidota,0
midas_g_76603.1,Desulfurispora.1,0.7211809468213664,0.7211809468213664,positive,0.03280233388560894,0.0024111648807184126,3,5,5,1,Firmicutes,Firmicutes,1
Thauera.1,midas_g_97954.1,0.7211764643570612,0.7211764643570612,positive,0.03280233388560894,0.0024113879400561333,7,3,0,0,Proteobacteria,Firmicutes,0
Proteiniclasticum.1,Sphaerochaeta.1,-0.720787318178543,0.720787318178543,negative,0.032913622268533706,0.002430815990389835,4,0,5,0,Firmicutes,Spirochaetota,0
Geobacteraceae.1,midas_g_84729.1,0.7207873181785429,0.7207873181785429,positive,0.032913622268533706,0.002430815990389843,5,5,5,1,Desulfobacterota,Chloroflexi,0
Lachnoclostridium.1,Xanthobacter.1,-0.7207628636005169,0.7207628636005169,negative,0.032913622268533706,0.002432041054325151,8,2,5,0,Firmicutes,Proteobacteria,0
midas_g_36215.2,Aminiphilus.1,0.7200000951619593,0.7200000951619593,positive,0.0333202670926499,0.0024705012702579917,9,5,5,1,Bacteroidota,Synergistota,0
Hyphomonas.1,Paraclostridium.1,0.7200000000000001,0.7200000000000001,positive,0.0333202670926499,0.00247050609869717,11,0,6,0,Proteobacteria,Firmicutes,0
Desulfovibrio.2,Methanothrix.1,-0.7196083201671458,0.7196083201671458,negative,0.03347511548587086,0.002490443731360103,4,2,5,0,Desulfobacterota,Halobacterota,0
Methanobacterium.1,Methanothrix.1,0.7196083201671458,0.7196083201671458,positive,0.03347511548587086,0.002490443731360103,4,5,5,1,Euryarchaeota,Halobacterota,0
Romboutsia.1,midas_g_76603.1,-0.7190417060620957,0.7190417060620957,negative,0.033808458796514305,0.0025195137918331994,8,0,5,0,Firmicutes,Firmicutes,1
Christensenellaceae_R-7_group.1,midas_g_3409.1,0.7189480952310561,0.7189480952310561,positive,0.03381593860344639,0.0025243425179533683,11,5,5,1,Firmicutes,WS1,0
Acinetobacter.2,Trichloromonas.1,0.7187518890930766,0.7187518890930766,positive,0.03389448844744695,0.0025344874524300355,4,0,0,1,Proteobacteria,Desulfobacterota,0
Comamonadaceae.3,Taibaiella.1,0.7177873882659255,0.7177873882659255,positive,0.03450948244425311,0.0025848330288546282,11,0,2,0,Proteobacteria,Bacteroidota,0
Clostridium_sensu_stricto_13.1,Lachnoclostridium.1,0.7174913862873427,0.7174913862873427,positive,0.034640837074486584,0.002600443341618845,12,0,2,0,Firmicutes,Firmicutes,1
midas_g_36215.3,Desulfovibrio.3,0.7173616798577662,0.7173616798577662,positive,0.034640837074486584,0.0026073074191235147,3,6,6,1,Bacteroidota,Desulfobacterota,0
Thermovirga.2,Comamonadaceae.3,0.7173524150268337,0.7173524150268337,positive,0.034640837074486584,0.0026077982690910708,13,0,0,1,Synergistota,Proteobacteria,0
Methanobacterium.4,midas_g_84729.1,0.7171755070165219,0.7171755070165219,positive,0.03470729298993058,0.002617185034102382,5,5,5,1,Euryarchaeota,Chloroflexi,0
midas_g_15299.1,Intestinimonas.1,0.7167116356090705,0.7167116356090705,positive,0.03496441938919901,0.002641926544077507,13,3,0,0,Bacteroidota,Firmicutes,0
Methanobacterium.1,Thermovirga.1,0.7166452624366318,0.7166452624366318,positive,0.03496441938919901,0.00264548193862745,7,5,5,1,Euryarchaeota,Synergistota,0
Syner-01.1,midas_g_98124.1,-0.7164820729415083,0.7164820729415083,negative,0.03496441938919901,0.002654239743957131,10,3,2,0,Synergistota,Firmicutes,0
EBM-39.1,midas_g_30443.1,-0.7164820729415083,0.7164820729415083,negative,0.03496441938919901,0.002654239743957131,10,0,5,0,Synergistota,Desulfobacterota,0
Ercella.1,Desulfurispora.1,0.7157989994570279,0.7157989994570279,positive,0.03539175100390073,0.0026911499437095167,3,5,5,1,Firmicutes,Firmicutes,1
Desulfovibrio.1,Propionicicella.1,-0.7155635062611806,0.7155635062611806,negative,0.035490596499685466,0.0027039696542213647,11,3,2,0,Desulfobacterota,Actinobacteriota,0
Christensenellaceae_R-7_group.1,Dysgonomonas.1,-0.7153443453802738,0.7153443453802738,negative,0.035490596499685466,0.0027159440997236058,11,5,2,0,Firmicutes,Bacteroidota,0
Mesotoga.1,Aquamicrobium.1,-0.7152770897999906,0.7152770897999906,negative,0.035490596499685466,0.0027196272801453722,8,3,-1,0,Thermotogota,Proteobacteria,0
midas_g_36215.1,midas_g_76603.1,0.7152770897999906,0.7152770897999906,positive,0.035490596499685466,0.0027196272801453722,8,5,5,1,Bacteroidota,Firmicutes,0
Aminivibrio.1,midas_g_92370.1,-0.7150248276820047,0.7150248276820047,negative,0.035490596499685466,0.0027334777489801693,4,0,5,0,Synergistota,Firmicutes,0
Geobacteraceae.1,midas_g_92370.1,0.7150248276820047,0.7150248276820047,positive,0.035490596499685466,0.0027334777489801693,4,5,5,1,Desulfobacterota,Firmicutes,0
Christensenellaceae_R-7_group.2,Intestinimonas.1,-0.7149243247970778,0.7149243247970778,negative,0.035490596499685466,0.002739011552520882,12,5,0,0,Firmicutes,Firmicutes,1
Acinetobacter.1,Desulfovibrio.2,0.7149243247970778,0.7149243247970778,positive,0.035490596499685466,0.002739011552520882,13,2,2,1,Proteobacteria,Desulfobacterota,0
Acetobacterium.1,Fermentimonas.2,0.7149243247970778,0.7149243247970778,positive,0.035490596499685466,0.002739011552520882,13,3,0,0,Firmicutes,Bacteroidota,0
Aminiphilus.1,midas_g_92370.1,0.7148054131800378,0.7148054131800378,positive,0.03551745401779534,0.0027455705265745545,4,5,5,1,Synergistota,Firmicutes,0
Lentimicrobium.1,Proteiniphilum.1,0.7142857142857142,0.7142857142857142,positive,0.035541742207518545,0.0027743838176388104,15,5,5,1,Bacteroidota,Bacteroidota,1
Proteiniphilum.1,midas_g_36215.1,0.7142857142857142,0.7142857142857142,positive,0.035541742207518545,0.0027743838176388104,15,5,5,1,Bacteroidota,Bacteroidota,1
Desulfobulbus.1,midas_g_15299.1,0.7142857142857142,0.7142857142857142,positive,0.035541742207518545,0.0027743838176388104,15,3,3,1,Desulfobacterota,Bacteroidota,0
Syner-01.1,Ruminiclostridium.1,0.7142857142857142,0.7142857142857142,positive,0.035541742207518545,0.0027743838176388104,15,3,3,1,Synergistota,Firmicutes,0
Burkholderiales.1,Methanobacterium.2,0.7142857142857142,0.7142857142857142,positive,0.035541742207518545,0.0027743838176388104,15,2,2,1,Proteobacteria,Euryarchaeota,0
midas_g_15299.1,Syner-01.1,0.7142857142857142,0.7142857142857142,positive,0.035541742207518545,0.0027743838176388104,15,3,3,1,Bacteroidota,Synergistota,0
midas_g_98124.1,Desulfosporosinus.1,0.7136858151040806,0.7136858151040806,positive,0.03591355346255304,0.0028079436141619715,9,2,2,1,Firmicutes,Firmicutes,1
Monoglobus.2,Burkholderiales.1,0.7132662303189907,0.7132662303189907,positive,0.03609958753439849,0.002831608419712197,12,2,2,1,Firmicutes,Proteobacteria,0
Monoglobus.2,Methanobacterium.2,0.7132662303189907,0.7132662303189907,positive,0.03609958753439849,0.002831608419712197,12,2,2,1,Firmicutes,Euryarchaeota,0
Methanobacterium.4,Petrimonas.1,-0.7131370139850851,0.7131370139850851,negative,0.0361347192170198,0.0028389283002382614,13,5,0,0,Euryarchaeota,Bacteroidota,0
Methanobacterium.4,midas_g_49937.1,0.7129192725535158,0.7129192725535158,positive,0.036233900081468436,0.0028512971770563137,5,5,5,1,Euryarchaeota,Chloroflexi,0
Stenotrophomonas.2,Desulfosporosinus.2,0.7126174540266518,0.7126174540266518,positive,0.03639426195297366,0.0028685132573772346,5,6,6,1,Proteobacteria,Firmicutes,0
Christensenellaceae_R-7_group.4,Thauera.1,0.7125357882706617,0.7125357882706617,positive,0.03639521935596545,0.0028731858150155875,5,0,3,0,Firmicutes,Proteobacteria,0
Acinetobacter.2,Pseudomonas.2,0.7124125529281612,0.7124125529281612,positive,0.03642639919387064,0.0028802483131695113,4,0,3,0,Proteobacteria,Proteobacteria,1
Monoglobus.2,Sphingopyxis.1,0.7121102008901876,0.7121102008901876,positive,0.03658783577030227,0.0028976345873411046,11,2,2,1,Firmicutes,Proteobacteria,0
Sulfurospirillum.1,midas_g_76603.1,-0.7115124735378854,0.7115124735378854,negative,0.0369072245355315,0.002932252650353583,8,3,5,0,Campylobacterota,Firmicutes,0
Methanobacterium.1,midas_g_76603.1,0.7115124735378854,0.7115124735378854,positive,0.0369072245355315,0.002932252650353583,8,5,5,1,Euryarchaeota,Firmicutes,0
Methanobacterium.4,Sulfurospirillum.1,-0.7113497031730924,0.7113497031730924,negative,0.03696782424894563,0.0029417366776349307,13,5,3,0,Euryarchaeota,Campylobacterota,0
Desulfuromonadaceae.1,Desulfovibrio.1,0.7107911553220126,0.7107911553220126,positive,0.03719984624419134,0.0029744676453650194,5,0,3,0,Desulfobacterota,Desulfobacterota,1
Methanobacterium.2,Thiobacillus.1,-0.7107142857142856,0.7107142857142856,negative,0.03719984624419134,0.0029789948868027423,15,2,5,0,Euryarchaeota,Proteobacteria,0
Christensenellaceae_R-7_group.2,midas_g_36215.1,0.7107142857142856,0.7107142857142856,positive,0.03719984624419134,0.0029789948868027423,14,5,5,1,Firmicutes,Bacteroidota,0
Terrisporobacter.1,JGI-0000079-D21.1,0.7107142857142856,0.7107142857142856,positive,0.03719984624419134,0.0029789948868027423,14,0,6,0,Firmicutes,Synergistota,0
midas_g_2178.1,midas_g_92370.1,0.7104413351968637,0.7104413351968637,positive,0.0373422424059753,0.0029951148070979307,4,5,5,1,Chloroflexi,Firmicutes,0
Taibaiella.1,midas_g_76603.1,-0.7103542599317433,0.7103542599317433,negative,0.03734772462152758,0.0030002719286714085,4,2,5,0,Bacteroidota,Firmicutes,0
Stappia.1,Desulfosporosinus.2,0.710126582278481,0.710126582278481,positive,0.03745710284233177,0.0030137898838657746,4,6,6,1,Proteobacteria,Firmicutes,0
midas_g_36215.1,Aminiphilus.1,0.7100469468046929,0.7100469468046929,positive,0.03745720772969181,0.0030185295606345052,9,5,5,1,Bacteroidota,Synergistota,0
Aminivibrio.1,midas_g_97954.1,0.7099387206041006,0.7099387206041006,positive,0.03747851320276874,0.003024980413865002,11,0,0,1,Synergistota,Firmicutes,0
Acinetobacter.2,Syner-01.1,0.7091242083423346,0.7091242083423346,positive,0.037990437167420024,0.0030738835771309007,6,0,3,0,Proteobacteria,Synergistota,0
Ercella.2,Hydrogenophaga.1,0.7090909090909092,0.7090909090909092,positive,0.037990437167420024,0.0030758962011262136,9,3,3,1,Firmicutes,Proteobacteria,0
Hydrogenophaga.1,midas_g_98124.1,-0.7082866888979588,0.7082866888979588,negative,0.03849703708865906,0.0031248240387449573,6,3,2,0,Proteobacteria,Firmicutes,0
Terrisporobacter.1,Hyphomonas.1,0.7081368456787093,0.7081368456787093,positive,0.03849703708865906,0.00313400857901215,11,0,0,1,Firmicutes,Proteobacteria,0
Monoglobus.2,Proteiniphilum.2,-0.708104655803418,0.708104655803418,negative,0.03849703708865906,0.0031359844438730855,7,2,5,0,Firmicutes,Bacteroidota,0
Aquamicrobium.2,Aminiphilus.1,-0.7080984841132363,0.7080984841132363,negative,0.03849703708865906,0.003136363385396626,6,0,5,0,Proteobacteria,Synergistota,0
Erysipelothrix.1,Monoglobus.1,0.7077478572757802,0.7077478572757802,positive,0.03870202089929457,0.003157951938985006,8,2,2,1,Firmicutes,Firmicutes,1
Oscillibacter.2,Methanobacterium.5,-0.7076268614293486,0.7076268614293486,negative,0.03873369938295075,0.0031654292662333127,4,6,5,0,Firmicutes,Euryarchaeota,0
Thauera.1,Ercella.2,0.7074956100196643,0.7074956100196643,positive,0.0387732183584018,0.0031735563339957517,7,3,3,1,Proteobacteria,Firmicutes,0
Aminivibrio.1,midas_g_15299.1,0.7071428571428571,0.7071428571428571,positive,0.0389028982281071,0.0031954812582450608,15,0,3,0,Synergistota,Bacteroidota,0
midas_g_30443.1,Erysipelothrix.3,0.7071258970887743,0.7071258970887743,positive,0.0389028982281071,0.0031965384259980316,3,5,7,0,Desulfobacterota,Firmicutes,0
Fermentimonas.2,Hyphomonas.1,0.7069664728649317,0.7069664728649317,positive,0.0389028982281071,0.0032064894289107505,11,0,0,1,Bacteroidota,Proteobacteria,0
midas_g_97954.1,midas_g_84729.1,-0.7069285580530923,0.7069285580530923,negative,0.0389028982281071,0.0032088596435430033,2,0,5,0,Firmicutes,Chloroflexi,0
Aquamicrobium.2,midas_g_84729.1,-0.7069285580530923,0.7069285580530923,negative,0.0389028982281071,0.0032088596435430033,2,0,5,0,Proteobacteria,Chloroflexi,0
Thermovirga.1,midas_g_49937.1,0.7068519406445593,0.7068519406445593,positive,0.0389028982281071,0.00321365358610358,4,5,5,1,Synergistota,Chloroflexi,0
Methanobacterium.4,Acinetobacter.1,-0.7066189624329159,0.7066189624329159,negative,0.038994056397852236,0.0032282661137311955,11,5,2,0,Euryarchaeota,Proteobacteria,0
Christensenellaceae_R-7_group.4,midas_g_36215.2,-0.7065110166188916,0.7065110166188916,negative,0.038994056397852236,0.0032350544778398617,5,0,5,0,Firmicutes,Bacteroidota,0
Comamonadaceae.3,midas_g_76603.1,-0.7064966315677381,0.7064966315677381,negative,0.038994056397852236,0.0032359599663242286,6,0,5,0,Proteobacteria,Firmicutes,0
Desulfobulbus.1,Ercella.2,0.7063349707533183,0.7063349707533183,positive,0.03905739878256486,0.0032461498546075126,11,3,3,1,Desulfobacterota,Firmicutes,0
Monoglobus.1,Desulfosporosinus.2,0.705987054781451,0.705987054781451,positive,0.039225060822019604,0.0032681666813829634,5,2,6,0,Firmicutes,Firmicutes,1
Hydrogenophaga.1,Desulfurispora.1,0.7058199615920608,0.7058199615920608,positive,0.039225060822019604,0.0032787829187670083,3,3,5,0,Proteobacteria,Firmicutes,0
Stenotrophomonas.1,Desulfosporosinus.3,0.7058199615920608,0.7058199615920608,positive,0.039225060822019604,0.0032787829187670083,3,6,6,1,Proteobacteria,Firmicutes,0
Acinetobacter.2,Comamonadaceae.3,0.7057254871157356,0.7057254871157356,positive,0.039225060822019604,0.0032847974966100425,6,0,0,1,Proteobacteria,Proteobacteria,1
midas_g_30443.1,Methanobacterium.5,0.7057245482815077,0.7057245482815077,positive,0.039225060822019604,0.0032848573102183904,6,5,5,1,Desulfobacterota,Euryarchaeota,0
midas_g_98124.1,Monoglobus.1,0.7054003495499622,0.7054003495499622,positive,0.03941287882898755,0.0033055641710809315,8,2,2,1,Firmicutes,Firmicutes,1
Christensenellaceae_R-7_group.4,Comamonadaceae.3,0.7046126405502241,0.7046126405502241,positive,0.03991379165059119,0.0033563096726976793,8,0,0,1,Firmicutes,Proteobacteria,0
Methanobacterium.1,Ca_Caldatribacterium.1,0.7045330958279271,0.7045330958279271,positive,0.03991379165059119,0.003361468395734597,11,5,5,1,Euryarchaeota,Caldatribacteriota,0
Rhodococcus.1,Syntrophobacter.1,0.7045141134529681,0.7045141134529681,positive,0.03991379165059119,0.0033627003954710528,9,6,6,1,Actinobacteriota,Desulfobacterota,0
Christensenellaceae_R-7_group.1,Aminiphilus.1,0.7043765472716425,0.7043765472716425,positive,0.03995998510319037,0.0033716395160958905,8,5,5,1,Firmicutes,Synergistota,0
Acetobacterium.1,Thermovirga.2,0.7042004599251216,0.7042004599251216,positive,0.03997623438284799,0.0033831093894793676,13,3,0,0,Firmicutes,Synergistota,0
Desulfobulbus.1,Desulfovibrio.1,0.7042004599251216,0.7042004599251216,positive,0.03997623438284799,0.0033831093894793676,13,3,3,1,Desulfobacterota,Desulfobacterota,1
Acetobacterium.1,EBM-39.1,0.7035714285714285,0.7035714285714285,positive,0.04034297133077041,0.00342433708908396,15,3,0,0,Firmicutes,Synergistota,0
Dysgonomonas.1,Methanobacterium.2,0.7035714285714285,0.7035714285714285,positive,0.04034297133077041,0.00342433708908396,15,2,2,1,Bacteroidota,Euryarchaeota,0
Aquamicrobium.2,Methanobacterium.5,-0.7033450183772065,0.7033450183772065,negative,0.04045873994538052,0.0034392739652950722,3,0,5,0,Proteobacteria,Euryarchaeota,0
Aminivibrio.1,Petrimonas.2,-0.7027312209025359,0.7027312209025359,negative,0.040877433721888554,0.0034800290929080315,11,0,5,0,Synergistota,Bacteroidota,0
Azoarcus.2,Pseudarcobacter.1,0.7025155788508454,0.7025155788508454,positive,0.040884641497776805,0.0034944383417120735,8,0,3,0,Proteobacteria,Campylobacterota,0
Propionicicella.1,Pannonibacter.1,0.7024131491131289,0.7024131491131289,positive,0.040884641497776805,0.0035012993476686467,13,2,2,1,Actinobacteriota,Proteobacteria,0
Syner-01.2,Bacteroides.1,-0.7024131491131289,0.7024131491131289,negative,0.040884641497776805,0.0035012993476686467,13,3,2,0,Synergistota,Bacteroidota,0
Thermovirga.2,Anaerovorax.1,-0.7024131491131289,0.7024131491131289,negative,0.040884641497776805,0.0035012993476686467,13,0,5,0,Synergistota,Firmicutes,0
Thiobacillus.1,midas_g_49937.1,0.7016513716782277,0.7016513716782277,positive,0.04130165785274028,0.0035526624981326426,5,5,5,1,Proteobacteria,Chloroflexi,0
Desulfuromonadaceae.1,Lentimicrobium.1,-0.7016513716782277,0.7016513716782277,negative,0.04130165785274028,0.0035526624981326426,5,0,5,0,Desulfobacterota,Bacteroidota,0
Desulfuromonadaceae.1,Sulfurospirillum.1,0.7016513716782277,0.7016513716782277,positive,0.04130165785274028,0.0035526624981326426,5,0,3,0,Desulfobacterota,Campylobacterota,0
Monoglobus.1,Desulfovibrio.3,0.7015045972907751,0.7015045972907751,positive,0.0413567759400477,0.003562627408249657,5,2,6,0,Firmicutes,Desulfobacterota,0
Thiobacillus.1,midas_g_92370.1,0.7012743502265816,0.7012743502265816,positive,0.04143476443278471,0.0035783043397469363,4,5,5,1,Proteobacteria,Firmicutes,0
Syner-01.2,Propionicicella.1,-0.7012522361359571,0.7012522361359571,negative,0.04143476443278471,0.003579812918027629,11,3,2,0,Synergistota,Actinobacteriota,0
Anaerovorax.1,Methanobacterium.5,0.7010659787020808,0.7010659787020808,positive,0.04152136099153282,0.003592539128356698,6,5,5,1,Firmicutes,Euryarchaeota,0
Mesotoga.1,Desulfosporosinus.1,-0.7008255578851514,0.7008255578851514,negative,0.04165102926211731,0.003609019334825373,9,3,2,0,Thermotogota,Firmicutes,0
Christensenellaceae_R-7_group.3,Propionicicella.1,-0.7006258383011362,0.7006258383011362,negative,0.04170534151682,0.003622755301378412,12,3,2,0,Firmicutes,Actinobacteriota,0
Azoarcus.2,Trichloromonas.1,0.7006039811301032,0.7006039811301032,positive,0.04170534151682,0.003624261079142625,4,0,0,1,Proteobacteria,Desulfobacterota,0
midas_g_2178.1,Ercella.1,0.7002186247515697,0.7002186247515697,positive,0.041950802695526514,0.0036508908749801404,8,5,5,1,Chloroflexi,Firmicutes,0
Dysgonomonas.1,Pannonibacter.1,0.7,0.7,positive,0.042064144282334105,0.003666067898801381,14,2,2,1,Bacteroidota,Proteobacteria,0
Methanobacterium.4,Hyphomonas.1,-0.6997525292642691,0.6997525292642691,negative,0.042079003248623445,0.003683307976669957,9,5,0,0,Euryarchaeota,Proteobacteria,0
Hydrogenophaga.1,Propionicicella.1,-0.6997525292642691,0.6997525292642691,negative,0.042079003248623445,0.003683307976669957,9,3,2,0,Proteobacteria,Actinobacteriota,0
Fermentimonas.2,Taibaiella.1,0.699752529264269,0.699752529264269,positive,0.042079003248623445,0.003683307976669957,11,0,2,0,Bacteroidota,Bacteroidota,1
Comamonadaceae.3,Aminiphilus.1,-0.6996062076110497,0.6996062076110497,negative,0.042106779752142824,0.003693531808687294,7,0,5,0,Proteobacteria,Synergistota,0
Mesotoga.1,Desulfosporosinus.3,-0.6994896098482909,0.6994896098482909,negative,0.042106779752142824,0.003701694923265304,3,3,6,0,Thermotogota,Firmicutes,0
Pannonibacter.1,Desulfosporosinus.3,0.6994896098482909,0.6994896098482909,positive,0.042106779752142824,0.003701694923265304,3,2,6,0,Proteobacteria,Firmicutes,0
Devosia.1,Hyphomonas.1,0.6992794402362978,0.6992794402362978,positive,0.04221391369174624,0.0037164453509090727,6,0,0,1,Proteobacteria,Proteobacteria,1
Thiobacillus.1,Stenotrophomonas.1,-0.6991274710517537,0.6991274710517537,negative,0.042274740433938654,0.0037271401822520124,11,5,6,0,Proteobacteria,Proteobacteria,1
Desulfosporosinus.1,LNR_A2-18.2,-0.6989812801012432,0.6989812801012432,negative,0.042291768172317716,0.0037374514690159217,9,2,5,0,Firmicutes,Cloacimonadota,0
midas_g_114295.1,Ercella.1,-0.6989547490614704,0.6989547490614704,negative,0.042291768172317716,0.0037393252141748644,5,0,5,0,Armatimonadota,Firmicutes,0
Xanthobacter.1,Aminiphilus.1,0.6986608505755737,0.6986608505755737,positive,0.04240593015388322,0.0037601317377827484,8,5,5,1,Proteobacteria,Synergistota,0
Syntrophomonas.1,midas_g_30443.1,-0.6986608505755737,0.6986608505755737,negative,0.04240593015388322,0.0037601317377827484,5,0,5,0,Firmicutes,Desulfobacterota,0
Trichloromonas.1,Ercella.2,0.6983709079949493,0.6983709079949493,positive,0.042577787788839555,0.003780748366244058,4,0,3,0,Desulfobacterota,Firmicutes,0
Lachnoclostridium.1,midas_g_84729.1,-0.6980224519329946,0.6980224519329946,negative,0.04273764871617974,0.0038056445329303175,3,2,5,0,Firmicutes,Chloroflexi,0
Comamonadaceae.2,Paraclostridium.1,0.6980211214128997,0.6980211214128997,positive,0.04273764871617974,0.003805739843994785,11,6,6,1,Proteobacteria,Firmicutes,0
Gordonia.1,Stenotrophomonas.2,0.6978363315376529,0.6978363315376529,positive,0.04282576252167405,0.0038189956221172006,7,2,6,0,Actinobacteriota,Proteobacteria,0
Desulfobulbus.1,Pseudarcobacter.1,0.6973255961263626,0.6973255961263626,positive,0.043158391035077306,0.003855824013487568,11,3,3,1,Desulfobacterota,Campylobacterota,0
Pseudarcobacter.1,Pseudomonas.2,0.6972739950447799,0.6972739950447799,positive,0.043158391035077306,0.0038595605472823966,5,3,3,1,Campylobacterota,Proteobacteria,0
Achromobacter.2,Anaerovorax.2,-0.697101456462116,0.697101456462116,negative,0.04321706790977484,0.0038720753174160535,8,1,-1,0,Proteobacteria,Firmicutes,0
Thermovirga.2,Terrisporobacter.1,0.6970512166771509,0.6970512166771509,positive,0.04321706790977484,0.003875725428311246,13,0,0,1,Synergistota,Firmicutes,0
midas_g_30443.1,midas_g_9269.2,0.6967269868374687,0.6967269868374687,positive,0.04335833810097106,0.003899347824667348,3,5,7,0,Desulfobacterota,Bacteroidota,0
midas_g_30443.1,midas_g_9269.3,0.6967269868374687,0.6967269868374687,positive,0.04335833810097106,0.003899347824667348,3,5,7,0,Desulfobacterota,Bacteroidota,0
Romboutsia.1,Ercella.1,-0.6964540084894645,0.6964540084894645,negative,0.043519347517570285,0.003919324842746951,8,0,5,0,Firmicutes,Firmicutes,1
Desulfovibrio.3,Desulfosporosinus.3,0.6960840029128325,0.6960840029128325,positive,0.04376007868341437,0.003946532295055937,3,6,6,1,Desulfobacterota,Firmicutes,0
Thermovirga.2,Proteiniclasticum.1,0.6958943347014914,0.6958943347014914,positive,0.04385394802190234,0.003960537177675909,5,0,0,1,Synergistota,Firmicutes,0
Monoglobus.2,Geobacteraceae.1,-0.6953449682506743,0.6953449682506743,negative,0.0440643888816316,0.004001324846185019,11,2,5,0,Firmicutes,Desulfobacterota,0
Acetobacterium.1,Thauera.1,0.6953395924722996,0.6953395924722996,positive,0.0440643888816316,0.004001725613363037,7,3,3,1,Firmicutes,Proteobacteria,0
Fermentimonas.2,midas_g_30443.1,-0.6952813482207006,0.6952813482207006,negative,0.0440643888816316,0.004006069799638583,8,0,5,0,Bacteroidota,Desulfobacterota,0
Lachnoclostridium.1,Proteiniphilum.1,-0.6952639058651582,0.6952639058651582,negative,0.0440643888816316,0.004007371478435613,13,2,5,0,Firmicutes,Bacteroidota,0
Methanobacterium.4,midas_g_15299.1,-0.6952639058651582,0.6952639058651582,negative,0.0440643888816316,0.004007371478435613,13,5,3,0,Euryarchaeota,Bacteroidota,0
Comamonadaceae.3,Methanothrix.1,-0.6950199422992286,0.6950199422992286,negative,0.04420357710044458,0.0040256131223216545,2,0,5,0,Proteobacteria,Halobacterota,0
Methanobacterium.1,Desulfurispora.1,0.694383846272756,0.694383846272756,positive,0.044605514690396676,0.004073485805375369,3,5,5,1,Euryarchaeota,Firmicutes,0
midas_g_15299.1,midas_g_36215.3,-0.6943838462727558,0.6943838462727558,negative,0.044605514690396676,0.004073485805375369,3,3,6,0,Bacteroidota,Bacteroidota,1
Ercella.1,midas_g_30443.1,0.6938992568942562,0.6938992568942562,positive,0.04494602025710183,0.004110258767985566,7,5,5,1,Firmicutes,Desulfobacterota,0
Methanosarcina.1,midas_g_97954.1,0.6937218462755805,0.6937218462755805,positive,0.04496973007636775,0.004123787297643411,11,0,0,1,Halobacterota,Firmicutes,0
Petrimonas.1,Aquamicrobium.2,0.6937218462755804,0.6937218462755804,positive,0.04496973007636775,0.004123787297643424,11,0,0,1,Bacteroidota,Proteobacteria,0
Erysipelothrix.1,Burkholderiales.1,0.6928571428571427,0.6928571428571427,positive,0.045381770652093534,0.00419023296029814,15,2,2,1,Firmicutes,Proteobacteria,0
Aminivibrio.1,Terrisporobacter.1,0.6928571428571427,0.6928571428571427,positive,0.045381770652093534,0.00419023296029814,14,0,0,1,Synergistota,Firmicutes,0
Achromobacter.1,Methanobacterium.3,-0.6928571428571427,0.6928571428571427,negative,0.045381770652093534,0.00419023296029814,14,1,2,0,Proteobacteria,Euryarchaeota,0
Geobacteraceae.1,midas_g_9269.1,0.6928571428571427,0.6928571428571427,positive,0.045381770652093534,0.00419023296029814,14,5,5,1,Desulfobacterota,Bacteroidota,0
Mesotoga.1,Christensenellaceae_R-7_group.3,0.6928571428571427,0.6928571428571427,positive,0.045381770652093534,0.00419023296029814,14,3,3,1,Thermotogota,Firmicutes,0
Fermentimonas.2,Trichloromonas.1,0.6927261471101223,0.6927261471101223,positive,0.04542944066164413,0.0042003726871698245,4,0,0,1,Bacteroidota,Desulfobacterota,0
Thermovirga.2,Hyphomonas.1,0.6925385856636065,0.6925385856636065,positive,0.0455246379754694,0.00421492479929507,11,0,0,1,Synergistota,Proteobacteria,0
Rhodococcus.1,Methanothrix.1,-0.6921073652562993,0.6921073652562993,negative,0.04557674505239124,0.004248533263693916,3,6,5,0,Actinobacteriota,Halobacterota,0
Trichloromonas.1,midas_g_94288.1,-0.6921073652562993,0.6921073652562993,negative,0.04557674505239124,0.004248533263693916,4,0,-1,0,Desulfobacterota,Firmicutes,0
Methanothrix.1,Ochrobactrum.1,-0.6921073652562993,0.6921073652562993,negative,0.04557674505239124,0.004248533263693916,4,5,-1,0,Halobacterota,Proteobacteria,0
midas_g_2178.1,Methanothrix.1,0.6921073652562993,0.6921073652562993,positive,0.04557674505239124,0.004248533263693916,4,5,5,1,Chloroflexi,Halobacterota,0
Terrisporobacter.1,Methanothrix.1,-0.6921073652562993,0.6921073652562993,negative,0.04557674505239124,0.004248533263693916,3,0,5,0,Firmicutes,Halobacterota,0
Desulfovibrio.2,Monoglobus.2,0.691760715837011,0.691760715837011,positive,0.04574252953767275,0.004275704423952482,12,2,2,1,Desulfobacterota,Firmicutes,0
Desulfovibrio.2,Gordonia.1,0.691760715837011,0.691760715837011,positive,0.04574252953767275,0.004275704423952482,12,2,2,1,Desulfobacterota,Actinobacteriota,0
Lachnoclostridium.1,Romboutsia.1,0.6916892842411728,0.6916892842411728,positive,0.04574252953767275,0.004281320498599912,13,2,0,0,Firmicutes,Firmicutes,1
Christensenellaceae_R-7_group.4,Petrimonas.2,-0.6913608305218037,0.6913608305218037,negative,0.04595721961457015,0.0043072195217899525,5,0,5,0,Firmicutes,Bacteroidota,0
Desulfuromonadaceae.1,Methanosarcina.1,0.6910202902891636,0.6910202902891636,positive,0.0461208107568372,0.004334202753958176,5,0,0,1,Desulfobacterota,Halobacterota,0
Desulfuromonadaceae.1,Methanobacteriaceae.1,0.6910202902891636,0.6910202902891636,positive,0.0461208107568372,0.004334202753958176,5,0,3,0,Desulfobacterota,Euryarchaeota,0
Petrimonas.2,Desulfurispora.1,0.6903640500243515,0.6903640500243515,positive,0.04655301422021909,0.004386579336653207,3,5,5,1,Bacteroidota,Firmicutes,0
Ca_Caldatribacterium.1,Desulfurispora.1,0.6903640500243515,0.6903640500243515,positive,0.04655301422021909,0.004386579336653207,3,5,5,1,Caldatribacteriota,Firmicutes,0
Comamonadaceae.3,Desulfurispora.1,-0.6898943350176291,0.6898943350176291,negative,0.04663188769980009,0.004424376243123771,1,0,5,0,Proteobacteria,Firmicutes,0
Thermovirga.2,Desulfurispora.1,-0.6898943350176291,0.6898943350176291,negative,0.04663188769980009,0.004424376243123771,1,0,5,0,Synergistota,Firmicutes,0
Acinetobacter.1,Desulfurispora.1,-0.6898943350176291,0.6898943350176291,negative,0.04663188769980009,0.004424376243123771,1,2,5,0,Proteobacteria,Firmicutes,0
Fermentimonas.2,Desulfurispora.1,-0.6898943350176291,0.6898943350176291,negative,0.04663188769980009,0.004424376243123771,1,0,5,0,Bacteroidota,Firmicutes,0
Clostridium_sensu_stricto_13.1,midas_g_30443.1,-0.6898545358084845,0.6898545358084845,negative,0.04663188769980009,0.004427590633118315,7,0,5,0,Firmicutes,Desulfobacterota,0
Methanobacterium.2,Desulfosporosinus.1,0.6897598911817018,0.6897598911817018,positive,0.04663188769980009,0.004435242066180298,9,2,2,1,Euryarchaeota,Firmicutes,0
Christensenellaceae_R-7_group.3,Desulfosporosinus.1,-0.6897598911817017,0.6897598911817017,negative,0.04663188769980009,0.004435242066180304,8,3,2,0,Firmicutes,Firmicutes,1
Methanobacterium.1,Thiobacillus.1,0.6892857142857142,0.6892857142857142,positive,0.046788052374933144,0.0044737344509062004,15,5,5,1,Euryarchaeota,Proteobacteria,0
Desulfovibrio.2,midas_g_9269.1,-0.6892857142857142,0.6892857142857142,negative,0.046788052374933144,0.0044737344509062004,15,2,5,0,Desulfobacterota,Bacteroidota,0
EBM-39.1,Proteiniphilum.1,-0.6892857142857142,0.6892857142857142,negative,0.046788052374933144,0.0044737344509062004,15,0,5,0,Synergistota,Bacteroidota,0
Aminivibrio.1,Christensenellaceae_R-7_group.2,-0.6892857142857142,0.6892857142857142,negative,0.046788052374933144,0.0044737344509062004,14,0,5,0,Synergistota,Firmicutes,0
Geobacteraceae.1,Ercella.1,0.688924775965254,0.688924775965254,positive,0.04693662387270596,0.004503211705080767,8,5,5,1,Desulfobacterota,Firmicutes,0
Christensenellaceae_R-7_group.4,midas_g_36215.1,-0.688924775965254,0.688924775965254,negative,0.04693662387270596,0.004503211705080767,8,0,5,0,Firmicutes,Bacteroidota,0
Thiobacillus.1,midas_g_84729.1,0.6888940740113508,0.6888940740113508,positive,0.04693662387270596,0.004505726176993373,5,5,5,1,Proteobacteria,Chloroflexi,0
Methanobacterium.4,Lachnoclostridium.1,-0.6887298747763865,0.6887298747763865,negative,0.047015046352767174,0.004519192910756071,11,5,2,0,Euryarchaeota,Firmicutes,0
Stenotrophomonas.1,Leucobacter.1,0.6885583156948684,0.6885583156948684,positive,0.04709988855614424,0.00453329734492635,9,6,6,1,Proteobacteria,Actinobacteriota,0
Aminiphilus.1,Desulfurispora.1,0.6881538979606342,0.6881538979606342,positive,0.04738458394430721,0.004566684040609625,3,5,5,1,Synergistota,Firmicutes,0
Thermovirga.1,midas_g_76603.1,0.6880359903931604,0.6880359903931604,positive,0.04742380947058619,0.004576454520086883,5,5,5,1,Synergistota,Firmicutes,0
Christensenellaceae_R-7_group.4,Clostridium_sensu_stricto_13.1,0.6876203477253385,0.6876203477253385,positive,0.047719632592255465,0.00461102929557603,8,0,0,1,Firmicutes,Firmicutes,1
Dysgonomonas.1,Methanothrix.1,-0.6875238727711583,0.6875238727711583,negative,0.047740584862079154,0.00461908399701309,4,2,5,0,Bacteroidota,Halobacterota,0
Clostridium_sensu_stricto_13.1,Taibaiella.1,0.6871710521681396,0.6871710521681396,positive,0.04798337913860337,0.00464863607418325,11,0,2,0,Firmicutes,Bacteroidota,0
Terrisporobacter.1,Proteiniclasticum.1,0.686767857733538,0.686767857733538,positive,0.04820815480323422,0.004682590759591653,5,0,0,1,Firmicutes,Firmicutes,1
Aminivibrio.1,midas_g_49937.1,-0.686767857733538,0.686767857733538,negative,0.04820815480323422,0.004682590759591653,5,0,5,0,Synergistota,Chloroflexi,0
EBM-39.1,Hyphomonas.1,0.6865143465740159,0.6865143465740159,positive,0.04821618524585733,0.004704040461431012,11,0,0,1,Synergistota,Proteobacteria,0
Paraclostridium.1,JGI-0000079-D21.1,0.6865143465740159,0.6865143465740159,positive,0.04821618524585733,0.004704040461431012,11,6,6,1,Firmicutes,Synergistota,0
Christensenellaceae_R-7_group.4,Ercella.1,-0.6865079365079366,0.6865079365079366,negative,0.04821618524585733,0.004704583827974098,2,0,5,0,Firmicutes,Firmicutes,1
Petrimonas.2,Ca_Caldatribacterium.1,0.6863636363636364,0.6863636363636364,positive,0.04821618524585733,0.004716828991138193,10,5,5,1,Bacteroidota,Caldatribacteriota,0
Acinetobacter.2,Devosia.1,0.6863636363636363,0.6863636363636363,positive,0.04821618524585733,0.004716828991138207,5,0,0,1,Proteobacteria,Proteobacteria,1
Thermovirga.2,Proteiniphilum.1,-0.6863273518051947,0.6863273518051947,negative,0.04821618524585733,0.004719912033035169,13,0,5,0,Synergistota,Bacteroidota,0
Lentimicrobium.1,Azoarcus.2,-0.6860713356138851,0.6860713356138851,negative,0.0483144059182183,0.004741710748571589,9,5,0,0,Bacteroidota,Proteobacteria,0
Comamonadaceae.3,Desulfovibrio.4,0.6857727303750845,0.6857727303750845,positive,0.0483144059182183,0.004767236469891873,8,0,0,1,Proteobacteria,Desulfobacterota,0
Fermentimonas.2,Desulfovibrio.4,0.6857727303750845,0.6857727303750845,positive,0.0483144059182183,0.004767236469891873,8,0,0,1,Bacteroidota,Desulfobacterota,0
midas_g_9269.1,Sphaerochaeta.1,0.6857142857142856,0.6857142857142856,positive,0.0483144059182183,0.004772245222691261,14,5,5,1,Bacteroidota,Spirochaetota,0
Desulfovibrio.2,midas_g_2178.1,-0.6857142857142856,0.6857142857142856,negative,0.0483144059182183,0.004772245222691261,15,2,5,0,Desulfobacterota,Chloroflexi,0
Terrisporobacter.1,Ruminiclostridium.1,0.6857142857142856,0.6857142857142856,positive,0.0483144059182183,0.004772245222691261,14,0,3,0,Firmicutes,Firmicutes,1
Burkholderiales.1,midas_g_3409.1,-0.6857142857142856,0.6857142857142856,negative,0.0483144059182183,0.004772245222691261,15,2,5,0,Proteobacteria,WS1,0
Comamonadaceae.2,Stenotrophomonas.1,0.6853627072940128,0.6853627072940128,positive,0.04844580974801321,0.004802463835756287,10,6,6,1,Proteobacteria,Proteobacteria,1
Thermovirga.2,Taibaiella.1,0.685324642062944,0.685324642062944,positive,0.04844580974801321,0.004805744665960039,11,0,2,0,Synergistota,Bacteroidota,0
Christensenellaceae_R-7_group.3,Monoglobus.1,-0.6851601597031489,0.6851601597031489,negative,0.04844580974801321,0.004819941771360607,7,3,2,0,Firmicutes,Firmicutes,1
Geobacteraceae.1,Monoglobus.1,-0.6851601597031489,0.6851601597031489,negative,0.04844580974801321,0.004819941771360607,7,5,2,0,Desulfobacterota,Firmicutes,0
Acinetobacter.1,Comamonadaceae.3,0.6851520572450804,0.6851520572450804,positive,0.04844580974801321,0.004820641983524396,13,2,0,0,Proteobacteria,Proteobacteria,1
Thermovirga.1,Aminiphilus.1,0.6851370411137047,0.6851370411137047,positive,0.04844580974801321,0.004821939886501757,6,5,5,1,Synergistota,Synergistota,1
Acinetobacter.2,Terrisporobacter.1,0.6849495194215731,0.6849495194215731,positive,0.04854727930743544,0.004838171450494703,6,0,0,1,Proteobacteria,Firmicutes,0
Aquamicrobium.2,Syntrophomonas.1,0.6848363788532745,0.6848363788532745,positive,0.0485841800139186,0.004847985627257256,9,0,0,1,Proteobacteria,Firmicutes,0
Desulfobulbus.1,Desulfovibrio.3,-0.6846416414557253,0.6846416414557253,negative,0.048612369527930945,0.004864914706119077,5,3,6,0,Desulfobacterota,Desulfobacterota,1
Aminivibrio.1,Desulfuromonadaceae.1,0.6846416414557253,0.6846416414557253,positive,0.048612369527930945,0.004864914706119077,5,0,0,1,Synergistota,Desulfobacterota,0
Oscillibacter.2,Enterobacteriaceae.1,0.6845922110096846,0.6845922110096846,positive,0.048612369527930945,0.004869219279480768,12,6,2,0,Firmicutes,Proteobacteria,0
Hyphomonas.1,Trichloromonas.1,0.6844959892930629,0.6844959892930629,positive,0.04863478161850709,0.004877607250864548,4,0,0,1,Proteobacteria,Desulfobacterota,0
LNR_A2-18.2,Desulfosporosinus.3,-0.684172319121686,0.684172319121686,negative,0.04879404958443076,0.0049059067158275715,3,5,6,0,Cloacimonadota,Firmicutes,0
LNR_A2-18.1,Desulfosporosinus.3,-0.684172319121686,0.684172319121686,negative,0.04879404958443076,0.0049059067158275715,3,5,6,0,Cloacimonadota,Firmicutes,0
Thauera.1,Syner-01.1,0.6837183179463001,0.6837183179463001,positive,0.049129310011110046,0.004945820396470217,7,3,3,1,Proteobacteria,Synergistota,0
Methanosarcina.1,midas_g_92370.1,-0.6829403802860173,0.6829403802860173,negative,0.049654107575332944,0.005014810605018407,3,0,5,0,Halobacterota,Firmicutes,0
Methanobacteriaceae.1,Trichloromonas.1,0.6829403802860173,0.6829403802860173,positive,0.049654107575332944,0.005014810605018407,4,3,0,0,Euryarchaeota,Desulfobacterota,0
Taibaiella.1,Geobacteraceae.1,-0.6829105967232336,0.6829105967232336,negative,0.049654107575332944,0.00501746697742407,10,2,5,0,Bacteroidota,Desulfobacterota,0
Comamonadaceae.3,Terrisporobacter.1,0.6827527301812092,0.6827527301812092,positive,0.04973146651793245,0.005031565577979524,13,0,0,1,Proteobacteria,Firmicutes,0
Sulfurospirillum.1,Desulfovibrio.3,-0.6825154251779123,0.6825154251779123,negative,0.04981713179794172,0.005052817586680207,5,3,6,0,Campylobacterota,Desulfobacterota,0
Desulfuromonadaceae.1,Romboutsia.1,0.6825154251779123,0.6825154251779123,positive,0.04981713179794172,0.005052817586680207,5,0,0,1,Desulfobacterota,Firmicutes,0
Devosia.1,Syntrophobacter.1,0.6824453104327126,0.6824453104327126,positive,0.04981713502704981,0.005059110339995964,6,0,6,0,Proteobacteria,Desulfobacterota,0
Lentimicrobium.1,Methanobacteriaceae.1,-0.682142857142857,0.682142857142857,negative,0.049960851929147516,0.0050863264689772515,15,5,3,0,Bacteroidota,Euryarchaeota,0
Acetobacterium.1,Aminivibrio.1,0.682142857142857,0.682142857142857,positive,0.049960851929147516,0.0050863264689772515,15,3,0,0,Firmicutes,Synergistota,0
