Source,Target,rho
Proteiniphilum.5,Ruminiclostridium.10,1.0
Methanothrix.1,Pelolinea.3,1.0
Methanobacterium.55,midas_g_98374.1,0.9999999999999999
Methylobacter.1,Proteiniphilum.17,0.9999999999999999
Colidextribacter.6,Propionicicella.4,0.9999999999999999
Methanobacterium.37,midas_g_98374.1,0.9999999999999999
Christensenellaceae_R-7_group.87,Fastidiosipila.2,0.9999999999999999
Methanobacterium.37,Methanobacterium.55,0.9999999999999999
midas_g_9269.2,midas_g_9269.3,0.9999999999999999
Desulfosporosinus.3,midas_g_82137.1,0.9999999999999999
Caproiciproducens.1,Christensenellaceae_R-7_group.57,0.9949367088607595
Christensenellaceae_R-7_group.57,Propionicicella.4,0.9949367088607595
Christensenellaceae_R-7_group.57,Colidextribacter.6,0.9949367088607595
Cryptanaerobacter.1,Methanothrix.1,0.9941176470588236
Cryptanaerobacter.1,Pelolinea.3,0.9941176470588236
Trichloromonas.1,midas_g_77817.1,0.9941176470588236
Bellilinea.1,Pelolinea.3,0.9941176470588236
Bellilinea.1,Methanothrix.1,0.9941176470588236
Methanobacterium.34,midas_g_98374.1,0.9927007299270072
HN-HF0106.17,midas_g_110557.1,0.9927007299270072
Christensenellaceae.15,Methanobacterium.34,0.9927007299270072
Christensenellaceae.15,Oscillospiraceae.8,0.9927007299270072
Methanobacterium.34,Methanobacterium.55,0.9927007299270072
Methanobacterium.34,Methanobacterium.37,0.9927007299270072
Christensenellaceae.4,Symbiobacterium.2,0.9927007299270072
Methylobacter.1,Oscillospiraceae.8,0.9927007299270072
Oscillospiraceae.8,Proteiniphilum.17,0.9927007299270072
Erysipelothrix.3,midas_g_9269.2,0.9927007299270072
Desulfurispora.1,Proteiniphilum.12,0.9927007299270072
Erysipelothrix.3,midas_g_9269.3,0.9927007299270072
midas_g_36215.3,midas_g_36215.9,0.9927007299270072
Azorhizobium.1,Proteiniphilum.12,0.9927007299270072
Proteiniborus.5,Syntrophomonas.2,0.9909090909090909
midas_g_49937.1,midas_g_84729.1,0.9898734177215189
Caproiciproducens.1,Christensenellaceae.7,0.9898734177215189
Caproiciproducens.1,Colidextribacter.6,0.9898734177215189
Caproiciproducens.1,Propionicicella.4,0.9898734177215189
Bacteria (unclassified).39,midas_g_554.2,0.9898734177215189
Ca_Phosphitivorax.1,Petrimonas.4,0.9863636363636362
Christensenellaceae.7,Christensenellaceae_R-7_group.38,0.9848101265822785
Methanobacterium.96,midas_g_77185.2,0.9848101265822785
Devosia.9,midas_g_77185.2,0.9848101265822785
Christensenellaceae.7,Colidextribacter.6,0.9848101265822785
Christensenellaceae.7,Propionicicella.4,0.9848101265822785
Aquamicrobium.1,midas_g_110683.3,0.9841269841269841
Anaerostignum.2,midas_g_5574.2,0.9841269841269841
EBM-39.1,Thermovirga.2,0.9830209465959819
Oxobacteraceae.3,NK4A214_group.2,0.9823529411764704
Veillonellales-Selenomonadales.2,NK4A214_group.2,0.9823529411764704
Veillonellales-Selenomonadales.2,Oxobacteraceae.3,0.9823529411764704
Lachnospiraceae.3,Ruminiclostridium.10,0.9823529411764704
Bellilinea.1,Cryptanaerobacter.1,0.9823529411764704
Lachnospiraceae.3,Proteiniphilum.5,0.9823529411764704
Clostridium_sensu_stricto_1.7,Proteiniborus.5,0.9818181818181817
Clostridium_sensu_stricto_1.7,Syntrophomonas.2,0.9818181818181817
Christensenellaceae.7,Christensenellaceae_R-7_group.57,0.979746835443038
Bradyrhizobium.2,Ruminiclostridium.13,0.9789915966386554
LNR_A2-18.1,LNR_A2-18.2,0.9785714285714284
Allorhizobium-Neorhizobium-Pararhizobium-Rhizobium.1,HN-HF0106.17,0.9781021897810218
Methanobacterium.55,Methylobacter.1,0.9781021897810218
Pelotomaculum.1,Syntrophomonas.15,0.9781021897810218
Methanobacterium.55,Proteiniphilum.17,0.9781021897810218
Proteiniphilum.17,midas_g_98374.1,0.9781021897810218
Azorhizobium.1,Desulfurispora.1,0.9781021897810218
Anaerovorax.13,Proteiniborus.4,0.9781021897810218
Christensenellaceae.15,midas_g_98374.1,0.9781021897810218
Methanobacterium.34,Oscillospiraceae.8,0.9781021897810218
Christensenellaceae.15,Methylobacter.1,0.9781021897810218
Acetomicrobium.1,midas_g_2424.1,0.9781021897810218
Methylobacter.1,midas_g_98374.1,0.9781021897810218
Christensenellaceae.15,Methanobacterium.55,0.9781021897810218
Methanobacterium.37,Methylobacter.1,0.9781021897810218
Methanobacterium.37,Proteiniphilum.17,0.9781021897810218
Symbiobacterium.2,midas_g_51070.2,0.9781021897810218
Christensenellaceae.15,Proteiniphilum.17,0.9781021897810218
Christensenellaceae.15,Methanobacterium.37,0.9781021897810218
Methanobacterium.5,Petrimonas.4,0.9772727272727272
midas_g_36215.1,midas_g_36215.2,0.9749166565164095
Christensenellaceae_R-7_group.57,Desulfovibrio.3,0.9746835443037974
Brevundimonas.3,midas_g_36376.1,0.9740740740740742
Ca_Phosphitivorax.1,Methanobacterium.5,0.9727272727272727
Methanobacterium.55,Oscillospiraceae.8,0.9708029197080292
Oscillospiraceae.8,midas_g_98374.1,0.9708029197080292
Allorhizobium-Neorhizobium-Pararhizobium-Rhizobium.1,midas_g_110557.1,0.9708029197080292
Methanobacterium.34,Methylobacter.1,0.9708029197080292
Methanobacterium.34,Proteiniphilum.17,0.9708029197080292
Methanobacterium.37,Oscillospiraceae.8,0.9708029197080292
Christensenellaceae.4,midas_g_51070.2,0.9708029197080292
Ca_Phosphitivorax.1,midas_g_95534.1,0.968181818181818
Caproiciproducens.1,Christensenellaceae_R-7_group.38,0.9645569620253164
Desulfovibrio.3,Propionicicella.4,0.9645569620253164
Caproiciproducens.1,Desulfovibrio.3,0.9645569620253164
Colidextribacter.6,Desulfovibrio.3,0.9645569620253164
Christensenellaceae_R-7_group.38,Propionicicella.4,0.9645569620253164
Christensenellaceae_R-7_group.38,Colidextribacter.6,0.9645569620253164
Phenylobacterium.4,Syntrophomonadaceae.1,0.9642435812860762
Ruminiclostridium.9,Methanoculleus.1,0.9642435812860762
midas_g_114295.1,EBM-39.1,0.9641638992754195
midas_g_76603.1,Monoglobus.13,0.9636587165150498
midas_g_114295.1,Thermovirga.2,0.9614384576250392
Fermentimonas.2,Thermovirga.2,0.9606440071556349
Dehalobacterium.1,Syntrophomonas.22,0.959493670886076
Devosia.9,Methanobacterium.96,0.959493670886076
Oscillibacter.3,midas_g_669.2,0.9563636363636364
Colidextribacter.4,Sporomusaceae.2,0.9545454545454546
Colidextribacter.1,Lutispora.3,0.9537815126050418
Anaerostignum.2,Azoarcus.2,0.9525793444156803
Hydrogenophaga.5,Synergistaceae.2,0.9523809523809526
EBM-39.1,Fermentimonas.2,0.9508493519801133
Methanobacterium.1,Monoglobus.2,-0.9498268896207664
Christensenellaceae_R-7_group.38,Christensenellaceae_R-7_group.57,0.9493670886075949
Aquamicrobium.2,midas_g_97954.1,0.9490909090909093
Aminiphilus.1,midas_g_76603.1,0.9486912654588817
midas_g_49834.1,Proteiniphilum.14,0.9483309289494564
Monoglobus.13,Methanobacterium.5,0.9483309289494564
Clostridium_sensu_stricto_1.7,midas_g_95485.1,0.9474847084398104
Christensenellaceae_R-7_group.4,Brevundimonas.3,0.9469232953197864
Petrimonas.4,midas_g_95534.1,0.9454545454545453
Monoglobus.13,Petrimonas.4,0.943960740336786
Petrimonas.4,midas_g_49937.1,0.9426873175110012
midas_g_669.2,midas_g_97954.1,0.9418181818181821
Hydrogenophaga.5,Romboutsia.3,0.9412005684606735
Phenylobacterium.1,Proteiniborus.5,0.9409090909090908
Rhodococcus.4,midas_g_91392.1,0.9409090909090908
Proteiniphilum.14,Syntrophomonas.3,0.9409090909090908
midas_g_114295.1,Fermentimonas.2,0.9399137160364188
Thermovirga.1,midas_g_35108.1,0.9395905517241158
Christensenellaceae_R-7_group.4,midas_g_36376.1,0.9392559002159824
Hungateiclostridiaceae.28,midas_g_95485.1,0.9392405063291139
Romboutsia.3,Synergistaceae.2,0.9391589186375484
Syntrophobacter.1,Clostridia.9,0.9390476190476188
midas_g_2604.3,midas_g_35108.1,0.9378899265821922
Methanobacterium.5,midas_g_49937.1,0.9378899265821922
Alcaligenes.3,Phenylobacterium.4,0.9350756189912982
Petrimonas.2,midas_g_76603.1,0.9344767269690313
Christensenellaceae.7,Desulfovibrio.3,0.9341772151898733
EBM-39.1,midas_g_76603.1,-0.9336248330020928
Methanosarcina.1,midas_g_76603.1,-0.9336248330020928
Methanobacterium.5,midas_g_84729.1,0.933092535653383
Acinetobacter.2,Desulfuromonadaceae.1,0.933092535653383
Brevundimonas.3,Fermentimonas.2,0.9318954196047087
Romboutsia.3,Brevundimonas.5,0.9308501744987752
Pseudolabrys.2,Syntrophomonas.3,0.9308501744987752
Thermovirga.2,midas_g_76603.1,-0.9306915626519003
Petrimonas.2,Monoglobus.13,0.9302980949429842
Brevundimonas.5,Synergistaceae.2,0.9301061243736666
Azoarcus.2,midas_g_5574.2,0.929250870674888
Syntrophomonas.2,midas_g_95485.1,0.9282951447245739
Petrimonas.4,midas_g_84729.1,0.9282951447245739
Phenylobacterium.1,midas_g_77185.2,0.9282951447245739
Ca_Phosphitivorax.1,midas_g_49937.1,0.9282951447245739
Proteiniborus.5,Christensenellaceae.7,0.9282951447245738
Aminiphilus.1,Monoglobus.13,0.9281856556985663
Proteiniclasticum.1,midas_g_77817.1,0.9277712507244908
Methanothrix.1,midas_g_84729.1,0.9277712507244908
Pelolinea.3,midas_g_84729.1,0.9277712507244908
Leucobacter.1,Clostridiaceae.10,0.9276190476190473
Pelotomaculum.4,midas_g_91392.1,0.9272727272727272
Aquamicrobium.2,midas_g_669.2,0.9272727272727272
midas_g_82137.2,Rhizobiaceae.1,0.9269090196987977
Rhizobiaceae.1,Phenylobacterium.1,0.9264799858861048
Desulfosporosinus.1,Monoglobus.1,0.9253627917180896
Petrimonas.2,Aminiphilus.1,0.92490130513608
Petrimonas.2,Syner-01.9,0.9248095627061431
Christensenellaceae_R-7_group.38,Desulfovibrio.3,0.9240506329113923
Methanosarcina.1,Thermovirga.2,0.9240396898002229
midas_g_93469.1,midas_g_30443.1,-0.924035318503178
Christensenellaceae_R-7_group.44,midas_g_85764.2,0.9238095238095236
midas_g_5574.1,Aminivibrio.1,0.9237890686657012
Methanobacterium.96,Phenylobacterium.1,0.9234977537957647
Proteiniborus.5,Christensenellaceae_R-7_group.38,0.9234977537957647
Tissierella.5,midas_g_70329.2,0.9234977537957646
Pelotomaculum.4,Shinella.1,0.9234977537957646
Christensenellaceae_R-7_group.63,Desulfuromonadaceae.1,0.9234977537957646
Clostridium_sensu_stricto_1.7,Phenylobacterium.1,0.9227272727272727
Proteiniclasticum.1,Trichloromonas.1,0.9223137727790527
Christensenellaceae.7,midas_g_82137.3,0.9223137727790527
Cryptanaerobacter.1,midas_g_84729.1,0.9223137727790527
Christensenellaceae_R-7_group.57,Lachnoclostridium.2,0.9223137727790527
Christensenellaceae_R-7_group.38,midas_g_82137.3,0.9223137727790527
Bellilinea.1,midas_g_84729.1,0.9223137727790527
Christensenellaceae_R-7_group.3,Desulfovibrio.1,0.9222523789882303
EBM-39.1,Methanosarcina.1,0.9214285714285713
midas_g_5574.1,Fermentimonas.2,0.9209747701562159
Thermovirga.1,Christensenellaceae_R-7_group.51,0.9191482410096513
Proteiniborus.5,Caproiciproducens.1,0.9187003628669554
Phenylobacterium.1,Syntrophomonas.2,0.9181818181818181
Syner-01.1,Syner-01.2,0.9178571428571428
Monoglobus.13,Ca_Phosphitivorax.1,0.9177396086607642
Rhodococcus.4,Romboutsia.3,0.9177396086607642
Hydrogenophaga.5,Rhodococcus.4,0.9173649445877259
Thermovirga.2,Monoglobus.13,-0.916962891158699
Caproiciproducens.1,Lachnoclostridium.2,0.9168562948336144
Clostridiaceae.10,Fonticella.2,0.916190476190476
Methanobacterium.1,Taibaiella.1,-0.9153524620986878
Parapusillimonas.1,midas_g_82137.2,0.9146591207600472
Azoarcus.2,midas_g_98017.1,0.9136985548476934
Methanobacterium.5,midas_g_95534.1,0.9136363636363635
Devosia.1,Methanomassiliicoccus.2,0.9131178846590791
midas_g_76603.1,Methanobacterium.5,0.9131178846590791
Syner-01.9,Aminiphilus.1,0.912766595106798
Pseudolabrys.2,midas_g_49834.1,0.9117647058823529
midas_g_49937.1,midas_g_92370.1,0.9113988168881761
Shinella.1,Bosea.5,0.9113988168881761
Aminiphilus.1,Methanobacterium.5,0.9113141645412444
Monoglobus.13,midas_g_84729.1,0.910951114370639
Fermentimonas.2,midas_g_36376.1,0.9100541207077235
Arenimonas.2,Shinella.1,0.9091055810093371
Anaerovorax.12,midas_g_70329.2,0.9091055810093371
HN-HF0106.10,Syntrophomonas.2,0.9089992314354236
Romboutsia.3,midas_g_91392.1,0.9089992314354236
Clostridium_sensu_stricto_13.1,Methanosarcina.1,0.9068158606568072
Proteiniborus.5,midas_g_95485.1,0.9067068855449325
Syntrophomonas.2,Christensenellaceae_R-7_group.38,0.9067068855449325
Methanobacterium.89,Phenylobacterium.1,0.9067068855449325
Dehalobacterium.1,Sphingopyxis.3,0.9059413389427381
Sphingopyxis.3,Syntrophomonas.22,0.905941338942738
Afipia.3,Desulfovibrio.3,0.905941338942738
Oscillibacter.3,midas_g_97954.1,0.9054545454545456
Veillonellales-Selenomonadales.6,Phenylobacterium.1,0.9046290428227534
midas_g_49834.1,Syntrophomonas.3,0.9046290428227534
Pelotomaculum.4,Rhodococcus.4,0.9045454545454544
Azoarcus.2,midas_g_97954.1,0.9044306525073137
Devosia.9,Phenylobacterium.1,0.904308190080528
Anaerostignum.2,midas_g_97954.1,0.9040872399131279
Clostridium_sensu_stricto_13.1,Aminiphilus.1,-0.9032391939306841
Achromobacter.2,Stenotrophomonas.3,0.9027902874036159
HN-HF0106.10,midas_g_2178.3,0.9024092218212966
midas_g_5574.1,EBM-39.1,0.9019672796421018
Thermovirga.1,midas_g_2604.3,0.9017262929592909
Monoglobus.13,midas_g_49937.1,0.9017262929592909
Colidextribacter.1,Syntrophomonas.22,0.9017262929592909
midas_g_5574.1,midas_g_114295.1,0.9015559277497126
Methanosarcina.1,Petrimonas.2,-0.9009374626955591
Brevundimonas.3,Hydrogenophaga.7,0.9009189246969626
Fermentimonas.2,Aminiphilus.1,-0.9008122145493201
Hydrogenophaga.5,Oscillibacter.4,0.9007936507936508
Clostridium_sensu_stricto_13.1,Thermovirga.2,0.900451689790615
Christensenellaceae_R-7_group.63,Anaerostignum.2,0.9003767048731385
HN-HF0106.10,Proteiniborus.5,0.900258854210083
Alcaligenes.3,Syntrophomonadaceae.1,0.900180054018006
Clostridium_sensu_stricto_13.1,EBM-39.1,0.8996473558294806
midas_g_114295.1,Romboutsia.1,0.8996473558294806
Proteiniborus.5,Christensenellaceae_R-7_group.57,0.8995107991517188
Ca_Phosphitivorax.1,midas_g_84729.1,0.8995107991517187
Thermovirga.2,midas_g_36376.1,0.8991334712592306
Aquamicrobium.2,Oscillibacter.3,0.8981818181818183
Christensenellaceae_R-7_group.42,Proteiniphilum.17,0.8977095036486894
Christensenellaceae_R-7_group.42,Methylobacter.1,0.8977095036486894
Pelolinea.3,Azorhizobium.1,0.8977095036486894
Oxobacteraceae.3,midas_g_98374.1,0.8977095036486894
midas_g_77817.1,Anaerovorax.14,0.8977095036486894
Syntrophomonas.15,Ruminiclostridium.10,0.8977095036486894
Syntrophomonas.15,Proteiniphilum.5,0.8977095036486894
Oxobacteraceae.3,Methanobacterium.37,0.8977095036486894
Oxobacteraceae.3,Methanobacterium.55,0.8977095036486894
Pelotomaculum.1,Lachnospiraceae.3,0.8977095036486894
Syntrophobotulaceae.7,Azorhizobium.1,0.8977095036486894
Methanobacterium.20,Methanobacterium.37,0.8977095036486894
Hungateiclostridiaceae.12,midas_g_2424.1,0.8977095036486894
Acetomicrobium.1,midas_g_44684.1,0.8977095036486894
Bacteria (unclassified).33,Novosphingobium.1,0.8977095036486894
Methanobacterium.20,Methanobacterium.55,0.8977095036486894
Methanobacterium.20,midas_g_98374.1,0.8977095036486894
Cryptanaerobacter.1,Proteiniphilum.12,0.8977095036486894
Methanothrix.1,Azorhizobium.1,0.8977095036486894
midas_g_21833.1,midas_g_4301.4,0.8971428571428569
Syntrophomonas.2,Christensenellaceae.7,0.8971121036873142
Paracoccus.4,Pseudoxanthomonas.2,0.8971121036873142
Clostridium_sensu_stricto_13.1,Fermentimonas.2,0.8968642328591785
Fermentimonas.2,midas_g_76603.1,-0.896779724336649
Christensenellaceae_R-7_group.2,Monoglobus.13,0.8967750175896231
Methanosarcina.1,Monoglobus.13,-0.8967750175896231
EBM-39.1,Monoglobus.13,-0.8967750175896231
Mesotoga.1,midas_g_15299.1,0.8964285714285712
Acinetobacter.2,Anaerostignum.2,0.8961296449444917
Hydrogenophaga.5,midas_g_91392.1,0.8961296449444917
Arenimonas.2,Oscillibacter.4,0.8961296449444917
Christensenellaceae_R-7_group.4,Christensenellaceae_R-7_group.63,0.8961296449444917
Rhizobiaceae.1,Proteiniborus.5,0.8958886655974128
Petrimonas.2,midas_g_112760.1,0.895125810403329
Cryptanaerobacter.1,midas_g_49937.1,0.8950263830518618
midas_g_2604.3,Cryptanaerobacter.1,0.8950263830518618
Propionicicella.4,midas_g_82137.3,0.8950263830518617
Colidextribacter.6,midas_g_82137.3,0.8950263830518617
Proteiniborus.5,Colidextribacter.6,0.8947134082229096
Proteiniborus.5,Propionicicella.4,0.8947134082229096
Brevundimonas.5,Hyphomicrobium.16,0.8947134082229096
Ercella.1,Petrimonas.4,0.8946691569697147
Acinetobacter.2,Azoarcus.2,0.8946691569697147
Ercella.1,Methanobacterium.5,0.8946691569697147
midas_g_5574.1,Clostridium_sensu_stricto_13.1,0.8942558797517393
Thermovirga.2,Aminiphilus.1,-0.8934285078726864
Rhizobiaceae.1,Devosia.9,0.8925014715479427
Rhizobiaceae.1,midas_g_77185.2,0.8925014715479427
midas_g_114295.1,Methanosarcina.1,0.8924788510021541
midas_g_76603.1,Petrimonas.4,0.8918825850158447
Acinetobacter.2,Christensenellaceae_R-7_group.4,0.8918825850158447
midas_g_5574.1,Thermovirga.2,0.8918530382935689
midas_g_5574.1,Intestinimonas.1,0.8918530382935689
HN-HF0106.10,Clostridium_sensu_stricto_1.7,0.8915184769847424
Christensenellaceae_R-7_group.42,Oscillospiraceae.8,0.8911568795344654
Dehalobacterium.3,midas_g_112829.1,0.8911568795344654
Pelolinea.3,Proteiniphilum.12,0.8911568795344654
Methanothrix.1,Proteiniphilum.12,0.8911568795344654
Cryptanaerobacter.1,Desulfurispora.1,0.8911568795344654
Methanobacterium.20,Methanobacterium.34,0.8911568795344654
Cryptanaerobacter.1,Azorhizobium.1,0.8911568795344653
Bellilinea.1,Azorhizobium.1,0.8911568795344653
Trichloromonas.1,Novosphingobium.1,0.8911568795344653
Syntrophobotulaceae.7,Proteiniphilum.12,0.8911568795344653
midas_g_92370.1,Azorhizobium.1,0.8911568795344653
Oxobacteraceae.3,Methanobacterium.34,0.8911568795344653
midas_g_82137.3,Clostridium_sensu_stricto_7.2,0.8911568795344653
Acinetobacter.2,midas_g_97954.1,0.8903616128590073
Clostridium_sensu_stricto_1.7,Hungateiclostridiaceae.28,0.8899160172941005
Desulfovibrio.3,Lachnoclostridium.2,0.8895689051064236
Methanobacterium.20,Hungateiclostridiaceae.28,0.8895689051064236
midas_g_119665.1,Christensenellaceae_R-7_group.19,0.8895689051064236
midas_g_84729.1,midas_g_92370.1,0.8895689051064236
midas_g_2604.3,Methanothrix.1,0.8895689051064235
Pelolinea.3,midas_g_49937.1,0.8895689051064235
Methanothrix.1,midas_g_49937.1,0.8895689051064235
midas_g_2604.3,Pelolinea.3,0.8895689051064235
Enterococcus.5,Dysgonomonadaceae.1,0.8895689051064235
Syntrophobacter.1,Syntrophomonadaceae.1,0.8895238095238093
Christensenellaceae_R-7_group.4,Fermentimonas.2,0.8892437602665931
midas_g_114295.1,Clostridium_sensu_stricto_13.1,0.8884892086330936
Thermovirga.1,Christensenellaceae_R-7_group.44,0.8881776532977661
Veillonellales-Selenomonadales.6,Reyranella.2,0.8878890608422685
Clostridium_sensu_stricto_13.1,midas_g_76603.1,-0.8878614379970029
midas_g_114295.1,midas_g_76603.1,-0.8878614379970029
Devosia.1,Phenylobacterium.4,0.8876355250871978
Aminiphilus.1,Ca_Phosphitivorax.1,0.88634665318395
midas_g_35108.1,Christensenellaceae_R-7_group.51,0.8862587350511957
Clostridium_sensu_stricto_13.1,Petrimonas.2,-0.8860889883220747
Acetobacterium.1,midas_g_15299.1,0.8857142857142855
Christensenellaceae_R-7_group.4,Methanobacterium.4,-0.885475778231565
Christensenellaceae_R-7_group.4,Hydrogenophaga.7,0.884920634920635
Christensenellaceae_R-7_group.2,midas_g_76603.1,0.8846848215947252
Christensenellaceae_R-7_group.44,Christensenellaceae_R-7_group.51,0.8845947866158472
Brevundimonas.3,Thermovirga.2,0.8845726053279072
Propionicicella.4,Lachnoclostridium.2,0.8841114271609853
Colidextribacter.6,Lachnoclostridium.2,0.8841114271609853
Aquamicrobium.2,midas_g_93469.1,0.8839599998785472
Rhizobiaceae.1,Methanobacterium.96,0.8832766501365943
Rhizobiaceae.1,Clostridium_sensu_stricto_1.7,0.8827780997594018
Gordonia.1,Sedimentibacter.11,0.8824722985738213
Veillonellales-Selenomonadales.6,HN-HF0106.10,0.8823529411764706
Petrimonas.2,Methanobacterium.5,0.8822304565771898
Christensenellaceae_R-7_group.63,Azoarcus.2,0.8821854012910676
Aminiphilus.1,Petrimonas.4,0.8821854012910676
Christensenellaceae_R-7_group.4,Thermovirga.2,0.881707796196537
Thermovirga.2,Petrimonas.4,-0.8811486796273612
Desulfuromonadaceae.1,Thauera.1,0.8809704447837573
Proteiniphilum.15,midas_g_2178.3,0.880952380952381
Christensenellaceae_R-7_group.1,midas_g_97311.1,0.8807710121010887
Phenylobacterium.1,Caproiciproducens.1,0.8803212354364821
Pelotomaculum.2,Sphaerochaeta.7,0.880176052817606
EBM-39.1,Aminiphilus.1,-0.879720502924256
midas_g_93469.1,Christensenellaceae_R-7_group.2,-0.879720502924256
Hydrogenophaga.5,Pelotomaculum.4,0.879141405229904
Acinetobacter.2,Methanobacterium.4,-0.8791323210927448
Anaerovorax.12,Proteiniphilum.5,0.8790490729915326
midas_g_35108.1,Pelolinea.3,0.8790490729915326
Brevundimonas.5,Comamonadaceae.6,0.8790490729915326
Anaerovorax.12,Ruminiclostridium.10,0.8790490729915326
midas_g_35108.1,Methanothrix.1,0.8790490729915326
Hungateiclostridiaceae.12,Rummeliibacillus.2,0.8786539492155472
Bellilinea.1,midas_g_49937.1,0.8786539492155472
midas_g_2604.3,Bellilinea.1,0.8786539492155472
Geobacteraceae.1,midas_g_3409.1,0.8785714285714284
Anaerovorax.1,Proteiniphilum.1,0.8785714285714284
Clostridiaceae.6,Desulfosporosinus.2,0.8784079111467314
Methanobacterium.1,Petrimonas.4,0.8783470307876645
Petrimonas.2,Petrimonas.4,0.878164878436281
Clostridium_sensu_stricto_13.1,Aminivibrio.1,0.8781418413475012
Pelotomaculum.1,Proteiniphilum.5,0.8780516313060174
Afipia.3,midas_g_36215.9,0.8780516313060174
Christensenellaceae_R-7_group.42,Methanobacterium.55,0.8780516313060174
Oxobacteraceae.3,Christensenellaceae.15,0.8780516313060174
Pelotomaculum.1,Ruminiclostridium.10,0.8780516313060174
Flavobacterium.3,midas_g_9269.2,0.8780516313060174
Flavobacterium.3,midas_g_9269.3,0.8780516313060174
midas_g_92370.1,Proteiniphilum.12,0.8780516313060174
Methanobacterium.20,Proteiniphilum.17,0.8780516313060174
midas_g_2424.1,midas_g_44684.1,0.8780516313060174
Acetomicrobium.1,Hungateiclostridiaceae.12,0.8780516313060174
Methanobacterium.20,Methylobacter.1,0.8780516313060174
Syntrophobotulaceae.7,Desulfurispora.1,0.8780516313060174
Syntrophomonas.15,Lachnospiraceae.3,0.8780516313060174
Christensenellaceae_R-7_group.42,Methanobacterium.37,0.8780516313060174
Methanobacterium.20,Christensenellaceae.15,0.8780516313060174
Christensenellaceae_R-7_group.42,Christensenellaceae.15,0.8780516313060174
Oxobacteraceae.3,Methylobacter.1,0.8780516313060174
Methanothrix.1,Desulfurispora.1,0.8780516313060174
Bellilinea.1,Proteiniphilum.12,0.8780516313060174
Oxobacteraceae.3,Proteiniphilum.17,0.8780516313060174
Christensenellaceae_R-7_group.42,midas_g_98374.1,0.8780516313060174
Pelolinea.3,Desulfurispora.1,0.8780516313060174
Ercella.1,Ca_Phosphitivorax.1,0.8780241493981852
midas_g_95534.1,midas_g_91392.2,0.8779225399720776
Proteiniphilum.2,midas_g_97311.1,0.877777777777778
EBM-39.1,Aquamicrobium.2,0.8775130886654744
Anaerostignum.2,Aquamicrobium.2,0.8774964387392123
Clostridiaceae.1,midas_g_82137.2,0.8769841269841271
midas_g_82137.2,Devosia.9,0.8763204394271342
midas_g_112760.1,Monoglobus.13,0.876175252577526
Proteiniborus.5,Desulfovibrio.3,0.8755238445076728
Phenylobacterium.1,Christensenellaceae_R-7_group.57,0.8755238445076728
Thermovirga.2,Methanobacterium.5,-0.8750996040235121
Arenimonas.2,Hydrogenophaga.5,0.8748943453012572
midas_g_82137.2,Phenylobacterium.1,0.8748943453012572
Acinetobacter.2,midas_g_98017.1,0.8748943453012572
Pelotomaculum.4,Romboutsia.3,0.8740377225340612
Romboutsia.3,Parapusillimonas.1,0.8739495798319327
Colidextribacter.4,Dehalobacterium.3,0.8738781960915823
midas_g_35108.1,Bellilinea.1,0.8738781960915822
midas_g_35108.1,Cryptanaerobacter.1,0.8738781960915822
Methanobacterium.5,Cryptanaerobacter.1,0.8738781960915822
Syner-01.9,Monoglobus.13,0.8737825552945827
midas_g_669.2,Syntrophomonas.1,0.8736977528572244
Monoglobus.2,midas_g_112760.1,-0.8736247941296782
Caproiciproducens.1,midas_g_82137.3,0.8731964712701089
midas_g_95485.1,Christensenellaceae_R-7_group.42,0.8731964712701089
Devosia.9,Lachnoclostridium.2,0.8731964712701089
Caproiciproducens.2,Pseudomonas.10,0.8731964712701089
Syntrophomonas.2,Caproiciproducens.1,0.8731251490432684
Fermentimonas.2,Romboutsia.1,0.8722076762524348
Christensenellaceae_R-7_group.1,Methanobacterium.1,0.872107463889301
midas_g_82137.2,midas_g_77185.2,0.8718379819364585
Christensenellaceae_R-7_group.4,Desulfuromonadaceae.1,0.8718379819364585
Paludibacter.3,midas_g_103381.1,0.8714990071917934
Oxobacteraceae.3,Oscillospiraceae.8,0.8714990071917934
Bellilinea.1,Desulfurispora.1,0.8714990071917934
Christensenellaceae_R-7_group.42,Methanobacterium.34,0.8714990071917934
midas_g_92370.1,Desulfurispora.1,0.8714990071917934
Methanobacterium.20,Oscillospiraceae.8,0.8714990071917934
Afipia.3,midas_g_36215.3,0.8714990071917934
Flavobacterium.3,Erysipelothrix.3,0.8714990071917934
EBM-39.1,Romboutsia.1,0.8714285714285712
Phenylobacterium.1,Desulfovibrio.3,0.8707264535788638
Syntrophomonas.2,Hungateiclostridiaceae.28,0.8707264535788638
Ca_Phosphitivorax.1,midas_g_91392.2,0.8707264535788637
Hydrogenophaga.5,Anaerovorax.12,0.8706472853726104
Methanosarcina.1,Aminiphilus.1,-0.8704991140047146
Methanobacterium.1,Methanobacterium.5,0.8702888011474106
Taibaiella.1,Ca_Phosphitivorax.1,-0.8700337221544637
Taibaiella.1,Petrimonas.4,-0.8700337221544637
HN-HF0106.10,Lutispora.3,0.8697478991596638
midas_g_112760.1,Petrimonas.4,0.8697016456124204
Rhizobiaceae.1,Syntrophomonas.2,0.8696675339213908
Parapusillimonas.1,Enterococcus.5,0.869439418019572
Ruminiclostridium.9,Sphingopyxis.5,0.8690476190476192
Christensenellaceae_R-7_group.2,Aminiphilus.1,0.8686548362208061
Methanobacterium.4,EBM-39.1,-0.8686330546284495
Acinetobacter.2,Christensenellaceae_R-7_group.63,0.8681818181818182
Dysgonomonas.1,Desulfovibrio.2,0.8678571428571429
Veillonellales-Selenomonadales.6,midas_g_82137.2,0.8677011748281698
Clostridiaceae.1,Veillonellales-Selenomonadales.6,0.8677011748281697
midas_g_97954.1,Comamonadaceae.3,0.8674767179796739
Enterococcus.5,Lutispora.3,0.8671332126667348
Methanomassiliicoccus.2,Syntrophomonadaceae.1,0.8670416073661089
Alcaligenaceae.1,Firmicutes.26,0.8664156467298448
Acinetobacter.2,midas_g_5574.2,0.8664002254439636
midas_g_76603.1,Ca_Phosphitivorax.1,0.8664002254439636
Methanobacterium.1,Ca_Phosphitivorax.1,0.8662596863272838
EBM-39.1,Methanobacterium.5,-0.8662596863272837
EBM-39.1,Petrimonas.4,-0.8662596863272837
Christensenellaceae_R-7_group.2,Methanobacterium.5,0.8662596863272837
Aquamicrobium.2,midas_g_5574.2,0.8661003810932485
Rhodococcus.4,Shinella.1,0.8659290626500546
Methanobacterium.4,Thermovirga.2,-0.8658318425760286
Parapusillimonas.1,Proteiniphilum.15,0.8656595250050446
Ercella.6,midas_g_51070.3,0.8656595250050446
Alcaligenes.3,Sphingosinicella.1,0.8656595250050446
Colidextribacter.1,Veillonellales-Selenomonadales.6,0.8655462184873949
HN-HF0106.10,Phenylobacterium.1,0.8652973453087206
Proteiniphilum.15,midas_g_82137.2,0.8650793650793652
Methanomassiliicoccus.2,Phenylobacterium.4,0.8650793650793652
midas_g_114295.1,Brevundimonas.3,0.8650556877598456
Thermovirga.2,Ca_Phosphitivorax.1,-0.8650178113504301
Colidextribacter.1,Dehalobacterium.1,0.8648270073138978
Methanobacterium.4,Fermentimonas.2,-0.8640429338103757
Thauera.1,midas_g_98017.1,0.8636178751819195
Anaerovorax.12,Lachnospiraceae.3,0.8635364422916818
Methanobacterium.5,Pelolinea.3,0.8635364422916818
Paludibacter.3,Dehalobacter.2,0.8635364422916818
Methanobacterium.5,Methanothrix.1,0.8635364422916818
Shinella.1,midas_g_91392.1,0.8635303671856499
Petrimonas.2,Christensenellaceae_R-7_group.44,0.8634893472497809
Fermentimonas.2,Methanosarcina.1,0.8632711221924715
Proteiniclasticum.1,Syntrophomonadaceae.1,0.8630070645655539
Desulfuromonadaceae.1,Azoarcus.2,0.8630070645655539
Desulfuromonadaceae.1,midas_g_98017.1,0.8628730669551067
Anaerostignum.2,midas_g_36376.1,0.8625819491779428
Veillonellales-Selenomonadales.6,Methanobacterium.89,0.8625208019610608
midas_g_5574.2,midas_g_97954.1,0.8623016952112605
Christensenellaceae.7,Lachnoclostridium.2,0.8622815153792326
Methanosarcina.1,Methanobacterium.5,-0.8622305715071568
Oscillibacter.4,Sporomusaceae.2,0.8621531655153166
EBM-39.1,midas_g_36376.1,0.86196066643217
Proteiniphilum.15,HN-HF0106.10,0.8615762253587945
midas_g_114295.1,Hydrogenophaga.7,0.8614145015460284
midas_g_114295.1,midas_g_36376.1,0.861405663760859
midas_g_35108.1,Christensenellaceae_R-7_group.44,0.8613791418266556
Dysgonomonas.1,Taibaiella.1,0.8612962143369542
midas_g_114295.1,Petrimonas.4,-0.8612829799111501
Clostridium_sensu_stricto_13.1,Petrimonas.4,-0.86128297991115
Phenylobacterium.1,Propionicicella.4,0.8611316717212455
Phenylobacterium.1,Colidextribacter.6,0.8611316717212455
midas_g_91392.1,Dehalobacterium.1,0.8611316717212455
Acinetobacter.1,Petrimonas.4,-0.8609850942811974
Fermentimonas.2,Petrimonas.4,-0.8609850942811974
Alcaligenes.3,midas_g_91392.1,0.8609271566960502
Monoglobus.13,midas_g_95534.1,0.8609271566960502
Aquamicrobium.2,Camelimonas.2,0.8607721600843011
midas_g_114295.1,Aquamicrobium.2,0.8607721600843011
Fermentimonas.2,Monoglobus.13,-0.8607431790157767
HN-HF0106.10,midas_g_95485.1,0.8602145966082237
Rhizobiaceae.1,Caproiciproducens.1,0.8602145966082237
Aquamicrobium.2,Azoarcus.2,0.8597674104081872
midas_g_114295.1,Monoglobus.13,-0.8591745363221241
Clostridium_sensu_stricto_13.1,Monoglobus.13,-0.8591745363221241
Fermentimonas.2,Hydrogenophaga.7,0.8590999039863695
midas_g_8129.1,midas_g_5574.2,0.8590999039863695
Brevundimonas.3,Anaerostignum.2,0.858748251626041
Hydrogenophaga.7,midas_g_36376.1,0.858748251626041
Clostridium_sensu_stricto_1.7,Methanobacterium.96,0.8587329762568408
Ercella.1,midas_g_84729.1,0.858615171107205
Fonticella.2,Devosia.2,0.858615171107205
Desulfuromonadaceae.1,Anaerostignum.2,0.8583906094644307
Methanobacterium.5,Bellilinea.1,0.8583655653917317
Achromobacter.1,Achromobacter.2,0.8583237015949035
midas_g_97954.1,midas_g_93469.1,0.85790644198739
midas_g_669.2,midas_g_93469.1,0.85790644198739
NK4A214_group.4,Phenylobacterium.4,0.8579061055866697
Christensenellaceae_R-7_group.63,midas_g_5574.2,0.8579061055866697
Thauera.1,Firmicutes.26,0.8574929257125442
midas_g_97954.1,Camelimonas.2,0.8571554703360478
Oscillibacter.4,Clostridiaceae.1,0.8571428571428572
Anaerostignum.2,midas_g_98017.1,0.8571428571428572
midas_g_5574.2,midas_g_98017.1,0.8571428571428572
Ruminiclostridium.10,Christensenellaceae_R-7_group.19,0.8568240374337944
Proteiniphilum.5,midas_g_70329.2,0.8568240374337944
Ruminiclostridium.10,midas_g_70329.2,0.8568240374337944
Proteiniphilum.5,Christensenellaceae_R-7_group.19,0.8568240374337944
Christensenellaceae_R-7_group.57,midas_g_82137.3,0.8568240374337944
midas_g_8129.1,midas_g_3595.1,0.8566558025786799
Pseudolabrys.2,Proteiniphilum.14,0.85655696808338
Clostridium_sensu_stricto_1.7,Christensenellaceae.7,0.8563342807924362
midas_g_76603.1,midas_g_84729.1,0.856149380719093
Taibaiella.1,Methanobacterium.5,-0.8558041986612832
Desulfovibrio.2,Ercella.1,-0.855744891733448
Rhizobiaceae.1,Christensenellaceae_R-7_group.57,0.8556021859025497
NK4A214_group.2,Methanobacterium.34,0.8551174469062334
midas_g_119665.1,midas_g_76594.1,0.8551174469062334
Syntrophomonas.15,Comamonadaceae.6,0.8551174469062334
Paludibacter.3,Oscillospiraceae.8,0.8551174469062334
Bellilinea.1,Family_XI.4,0.8551174469062334
Trichloromonas.1,Anaerovorax.14,0.8551174469062334
Flavobacterium.3,Christensenellaceae.15,0.8551174469062334
midas_g_2604.2,midas_g_112829.1,0.8551174469062334
Acinetobacter.1,Methanobacterium.5,-0.8549360186773481
Fermentimonas.2,Methanobacterium.5,-0.8549360186773481
Anaerostignum.2,Hyphomonas.1,0.8547043234472846
Ercella.1,midas_g_49937.1,0.8542232776488562
Methanosarcina.1,Petrimonas.4,-0.854172341866903
Camelimonas.2,midas_g_30443.1,-0.8541056157628856
Reyranella.2,Phenylobacterium.1,0.8539355853280317
Syntrophomonas.2,Colidextribacter.6,0.8539355853280317
Desulfosporosinus.2,Caproiciproducens.1,0.8539355853280317
Syntrophomonas.2,Propionicicella.4,0.8539355853280317
Taibaiella.1,midas_g_95534.1,-0.8537714095908289
Petrimonas.2,Ca_Phosphitivorax.1,0.8537714095908289
Acinetobacter.2,Hyphomonas.1,0.8537714095908289
Monoglobus.1,Desulfosporosinus.2,0.8536590456580229
Syner-01.9,Petrimonas.4,0.8534343374567069
Proteiniphilum.15,Lutispora.3,0.8534096260662939
midas_g_93469.1,Camelimonas.2,0.8532648942664863
midas_g_114295.1,Ca_Phosphitivorax.1,-0.8531958157805288
Clostridium_sensu_stricto_13.1,Ca_Phosphitivorax.1,-0.8531958157805288
Petrimonas.4,midas_g_92370.1,0.8531946884917815
Christensenellaceae_R-7_group.4,Anaerostignum.2,0.8531746031746033
midas_g_112760.1,Ca_Phosphitivorax.1,0.8530566380408908
Terrisporobacter.1,Paraclostridium.1,0.8530520744518582
Comamonadaceae.3,Petrimonas.4,-0.8529196601427318
Methanobacterium.4,Aminiphilus.1,0.8528181211512006
Veillonellales-Selenomonadales.6,Syntrophomonas.2,0.8521867794707096
midas_g_8129.1,Anaerostignum.2,0.8515639399163136
Phenylobacterium.1,Christensenellaceae.7,0.8515368898636271
midas_g_85764.2,midas_g_51070.3,0.8514892915389143
midas_g_112760.1,midas_g_669.3,0.8514892915389143
Syntrophomonadaceae.1,Clostridia.9,0.8514285714285712
midas_g_114295.1,Aminiphilus.1,-0.8514139942789235
midas_g_5574.1,Aquamicrobium.2,0.8514119783643856
midas_g_77185.2,Lachnoclostridium.2,0.8513665594883563
Syner-01.9,midas_g_76603.1,0.851080856522237
Brevundimonas.3,EBM-39.1,0.8510497719203702
Pseudomonas.2,midas_g_515.2,0.8509897751968755
HN-HF0106.10,Rummeliibacillus.2,0.8509897751968755
Comamonadaceae.3,Ercella.1,-0.850972194482042
midas_g_2604.3,Christensenellaceae_R-7_group.51,0.8509364412247366
EBM-39.1,Ca_Phosphitivorax.1,-0.8501432270467761
Romboutsia.1,Terrisporobacter.1,0.8499999999999999
Acetobacterium.1,Methanobacteriaceae.1,0.8499999999999999
Syner-01.1,Christensenellaceae_R-7_group.3,0.8499999999999999
midas_g_35108.1,Ca_Caldatribacterium.1,0.8497058314499201
Paraclostridium.1,Rhodococcus.1,0.8494678220381948
Gordonia.1,Pannonibacter.1,0.8494678220381948
Thermovirga.2,Aquamicrobium.2,0.8494418589780174
midas_g_82137.2,Methanobacterium.96,0.8494256944830789
Synergistaceae.2,Hyphomicrobium.16,0.8494256944830789
Hydrogenophaga.5,Brevundimonas.5,0.8494119857293759
Oscillibacter.4,Synergistaceae.2,0.8492063492063493
Clostridium_sensu_stricto_1.7,Devosia.9,0.8491381943992226
Syntrophomonas.2,Christensenellaceae_R-7_group.57,0.8491381943992224
Desulfosporosinus.2,Christensenellaceae_R-7_group.57,0.8491381943992224
midas_g_5574.1,Aminiphilus.1,-0.8489104958606434
Azoarcus.2,Hyphomonas.1,0.8486015998834054
NK4A214_group.2,Christensenellaceae.15,0.8485648227920095
Paludibacter.3,Methylobacter.1,0.8485648227920095
Desulfosporosinus.3,Lachnoclostridium.2,0.8485648227920095
Paludibacter.3,Proteiniphilum.17,0.8485648227920094
midas_g_103381.1,Dysgonomonadaceae.1,0.8485648227920094
Lachnoclostridium.2,midas_g_82137.1,0.8485648227920094
Flavobacterium.3,Methanobacterium.34,0.8485648227920094
Ruminiclostridium.10,midas_g_76594.1,0.8485648227920094
Proteiniphilum.5,midas_g_76594.1,0.8485648227920094
JGI-0000079-D21.1,Syntrophomonadaceae.1,0.8483677805978149
Proteiniborus.5,Christensenellaceae_R-7_group.42,0.8480238115918313
Pelotomaculum.4,Bosea.5,0.8480238115918313
Veillonellales-Selenomonadales.6,Clostridium_sensu_stricto_1.7,0.8478165908580393
Hydrogenophaga.7,Thermovirga.2,0.8477959578812857
Acinetobacter.1,Taibaiella.1,0.8476383730778517
Methanoculleus.1,Sphingopyxis.5,0.8476012125821156
Petrimonas.2,midas_g_84729.1,0.847456086285194
Monoglobus.1,Clostridiaceae.6,0.8472846765969188
Hydrogenophaga.5,Shinella.1,0.8471844657377411
Romboutsia.3,Shinella.1,0.8463773644912014
Limnobacter.1,Oscillibacter.2,0.8463054010912876
Christensenellaceae_R-7_group.2,Petrimonas.4,0.8461141122266493
Methanobacterium.4,Anaerostignum.2,-0.8459119668637717
Lachnospiraceae.3,midas_g_70329.2,0.8459090815429181
Afipia.3,Colidextribacter.6,0.8459090815429181
Afipia.3,Propionicicella.4,0.8459090815429181
Petrimonas.2,Thermovirga.2,-0.8458348871776861
Acinetobacter.2,Aquamicrobium.2,0.8456402533090114
Parapusillimonas.1,Lutispora.3,0.8455882352941176
Aminiphilus.1,midas_g_49937.1,0.8454394907321584
midas_g_5574.2,Alcaligenes.3,0.8452430267737935
Syner-01.9,Methanobacterium.5,0.8452282380580849
Acinetobacter.2,Brevundimonas.3,0.8452282380580849
Christensenellaceae_R-7_group.63,midas_g_36376.1,0.8452282380580849
Ercella.1,Monoglobus.13,0.8451690507169058
Monoglobus.13,Pelolinea.3,0.8451542547285166
Thermovirga.1,Pelolinea.3,0.8451542547285165
Monoglobus.13,Methanothrix.1,0.8451542547285165
Thermovirga.1,Methanothrix.1,0.8451542547285165
Oscillibacter.3,midas_g_93469.1,0.8448796630418115
Fermentimonas.2,Ca_Phosphitivorax.1,-0.8448542260042663
Acinetobacter.1,Ca_Phosphitivorax.1,-0.8448542260042662
midas_g_112760.1,Methanobacterium.5,0.8447341342551261
Desulfosporosinus.2,Propionicicella.4,0.8443408034704134
Desulfosporosinus.2,Colidextribacter.6,0.8443408034704134
Ca_Caldatribacterium.1,Christensenellaceae_R-7_group.51,0.8440722199302099
Aminivibrio.1,Intestinimonas.1,0.8436107032605519
Alcaligenes.3,NK4A214_group.4,0.8434464022453689
Syntrophomonas.1,Christensenellaceae_R-7_group.25,0.8434134614184331
Christensenellaceae_R-7_group.4,EBM-39.1,0.8432740427115679
Desulfuromonadaceae.1,Hyphomonas.1,0.8431651693926108
Petrimonas.1,Methanosarcina.1,0.8428571428571429
Christensenellaceae_R-7_group.2,midas_g_2178.1,0.8428571428571429
Phenylobacterium.1,Lachnoclostridium.2,0.8428529346918812
Syntrophomonas.2,Christensenellaceae_R-7_group.42,0.8428529346918812
Sporomusaceae.2,midas_g_2604.2,0.8428529346918812
Devosia.1,Trichloromonas.1,0.8428529346918812
Proteiniphilum.14,Flavobacterium.3,0.8428529346918812
Acinetobacter.2,midas_g_8129.1,0.8428378674696497
Desulfuromonadaceae.1,midas_g_36376.1,0.8422755105252482
Acinetobacter.1,Petrimonas.2,-0.8422279153773548
midas_g_82137.1,midas_g_82137.3,0.8420121986777854
midas_g_77817.1,Novosphingobium.1,0.8420121986777854
NK4A214_group.2,Methanobacterium.37,0.8420121986777854
NK4A214_group.2,Methanobacterium.55,0.8420121986777854
Methanobacterium.20,midas_g_51070.2,0.8420121986777854
Desulfosporosinus.3,midas_g_82137.3,0.8420121986777854
Flavobacterium.3,Oscillospiraceae.8,0.8420121986777854
NK4A214_group.2,midas_g_98374.1,0.8420121986777854
Paludibacter.3,Christensenellaceae.15,0.8420121986777854
Clostridium_sensu_stricto_1.7,Caproiciproducens.1,0.8419421080060088
Clostridium_sensu_stricto_1.7,Christensenellaceae_R-7_group.38,0.8419421080060088
Reyranella.2,midas_g_77185.2,0.8417721518987341
Reyranella.2,Methanobacterium.96,0.8417721518987341
Rhizobiaceae.1,Christensenellaceae.7,0.8417649537855273
Veillonellales-Selenomonadales.6,Methanobacterium.96,0.8417649537855273
Veillonellales-Selenomonadales.6,midas_g_77185.2,0.8417649537855273
Rhizobiaceae.1,Propionicicella.4,0.8417649537855273
Rhizobiaceae.1,Colidextribacter.6,0.8417649537855273
Comamonadaceae.2,Oscillibacter.2,0.8417266187050358
Azoarcus.2,midas_g_3595.1,0.8411577262002177
Lachnoclostridium.1,Ca_Phosphitivorax.1,-0.8410650695845971
Camelimonas.2,Petrimonas.4,-0.8410650695845971
Aminiphilus.1,midas_g_84729.1,0.8410475972738094
Methanobacterium.1,midas_g_112760.1,0.8409906694621818
midas_g_3409.1,Ercella.1,0.8409906694621818
Proteiniphilum.15,Rummeliibacillus.2,0.8404607795017273
Comamonadaceae.6,Hyphomicrobium.16,0.84045160359748
Thermovirga.1,Ca_Caldatribacterium.1,0.8403953378686622
Thermovirga.1,Bellilinea.1,0.8401827591124665
Thermovirga.1,Cryptanaerobacter.1,0.8401827591124665
Monoglobus.13,Bellilinea.1,0.8401827591124665
Monoglobus.13,Cryptanaerobacter.1,0.8401827591124665
Brevundimonas.3,Romboutsia.1,0.8401388774085707
Mesotoga.1,Caproiciproducens.1,-0.8398554297360604
Phenylobacterium.4,Syntrophobacter.1,0.8398250546685181
Fonticella.2,Sphingopyxis.5,0.8398250546685181
Christensenellaceae_R-7_group.4,Azoarcus.2,0.8398250546685181
Desulfosporosinus.2,Christensenellaceae.7,0.8395434125416043
midas_g_3595.1,midas_g_5574.2,0.8395095799193331
Methanomassiliicoccus.2,midas_g_94288.1,-0.8395094264494626
Phenylobacterium.4,midas_g_94288.1,-0.8395094264494626
Lachnoclostridium.1,Proteiniphilum.6,-0.8394649219561909
Dysgonomonas.1,Methanobacterium.1,-0.8392857142857142
EBM-39.1,Aminivibrio.1,0.8392857142857142
midas_g_82137.2,Lutispora.3,0.8391180773044182
Veillonellales-Selenomonadales.6,Proteiniborus.5,0.8390762136326987
Petrimonas.2,midas_g_49937.1,0.8388742525000276
Comamonadaceae.3,Methanobacterium.5,-0.838805150400417
Methanobacterium.4,midas_g_97954.1,-0.8386209435770237
Acinetobacter.1,midas_g_49937.1,-0.8384781892121947
Thermovirga.2,midas_g_49937.1,-0.8384781892121947
Fermentimonas.2,midas_g_49937.1,-0.8384781892121947
Desulfuromonadaceae.1,Methanobacterium.4,-0.8384781892121946
Desulfovibrio.1,Syner-01.2,0.8382487708245737
midas_g_76603.1,midas_g_49937.1,0.8382195507563893
Methanobacterium.1,midas_g_95534.1,0.8380558825863954
Anaerovorax.12,Comamonadaceae.6,0.837682057791931
Syner-01.9,Ca_Phosphitivorax.1,0.8370221386594626
Fermentimonas.2,Aquamicrobium.2,0.8368174576768579
Comamonadaceae.3,Ca_Phosphitivorax.1,-0.8367887918658007
Oscillibacter.4,Colidextribacter.4,0.8366708059434352
Proteiniphilum.15,Proteiniborus.5,0.8366708059434352
Romboutsia.1,Thermovirga.2,0.8364614600125809
Devosia.1,Syntrophomonadaceae.1,0.8364116304693613
Anaerovorax.12,Tissierella.5,0.8363636363636363
Arenimonas.2,Pelotomaculum.4,0.8363636363636363
Methanobacterium.4,midas_g_93469.1,-0.8362047811287746
midas_g_2178.3,Hungateiclostridiaceae.28,0.8359783220110514
Desulfuromonadaceae.1,midas_g_5574.2,0.8359783220110514
XBB1006.1,Methanoculleus.1,0.8359369757117194
midas_g_5574.1,midas_g_76603.1,-0.8357460663146292
midas_g_36376.1,midas_g_5574.2,0.8357460663146292
Christensenellaceae_R-7_group.4,Lentimicrobium.1,-0.8357448101873574
midas_g_36215.1,Lentimicrobium.1,0.8357142857142855
Hyphomonas.1,midas_g_5574.2,0.8357108940373451
midas_g_3595.1,midas_g_98017.1,0.8357108940373451
Mesotoga.1,Christensenellaceae_R-7_group.57,-0.8356029971804347
Acetobacterium.1,Desulfuromonadaceae.1,0.8356029971804347
Taibaiella.1,midas_g_112760.1,-0.8355748209378268
Taibaiella.1,Ercella.1,-0.8355748209378268
Methanosarcina.1,midas_g_112760.1,-0.8354578361104569
midas_g_2178.1,Ercella.1,0.8354578361104569
Pseudarcobacter.1,midas_g_3595.1,0.8354545454545456
Lutispora.3,Dysgonomonadaceae.1,0.8352112634964164
Rhizobiaceae.1,Lachnoclostridium.2,0.8352112634964164
Camelimonas.2,Christensenellaceae_R-7_group.2,-0.8351308123835418
Afipia.3,Christensenellaceae_R-7_group.57,0.8349941256520418
Stappia.1,Afipia.3,0.8349941256520418
Lachnospiraceae.3,Christensenellaceae_R-7_group.19,0.8349941256520418
Christensenellaceae_R-7_group.38,Christensenellaceae_R-7_group.42,0.8349941256520418
Methanobacterium.4,Methanobacterium.5,0.8347724333311842
Christensenellaceae_R-7_group.63,Caproiciproducens.2,0.834746021612795
Desulfuromonadaceae.1,Aquamicrobium.2,0.8345833356074444
Christensenellaceae_R-7_group.1,Taibaiella.1,-0.8345454545454547
Christensenellaceae_R-7_group.93,Methanoculleus.1,0.8344597570862862
Lachnoclostridium.1,midas_g_91392.2,-0.8343356749999026
Acinetobacter.1,midas_g_84729.1,-0.8342219547491886
Fermentimonas.2,midas_g_84729.1,-0.8342219547491886
Thermovirga.2,midas_g_84729.1,-0.8342219547491886
Pelotomaculum.3,Proteiniphilum.14,-0.8340267677662685
Christensenellaceae_R-7_group.63,midas_g_97954.1,0.8334435188862853
Actinomyces.4,Proteiniphilum.6,-0.8332104858765267
Fermentimonas.2,Petrimonas.2,-0.8332104858765267
Oscillibacter.3,midas_g_2901.1,0.8332104858765267
Camelimonas.2,Ca_Phosphitivorax.1,-0.8329779054539761
Monoglobus.2,Petrimonas.4,-0.8329779054539761
midas_g_114295.1,Methanobacterium.5,-0.8329779054539761
Lachnoclostridium.1,midas_g_95534.1,-0.8329779054539761
Clostridium_sensu_stricto_13.1,Methanobacterium.5,-0.8329779054539761
Acinetobacter.1,Romboutsia.1,0.8328868383885956
Proteiniclasticum.1,Anaerovorax.14,0.8328690689874065
midas_g_2604.3,Proteiniphilum.12,0.8328690689874065
midas_g_49937.1,Proteiniphilum.12,0.8328690689874065
midas_g_84729.1,Azorhizobium.1,0.8328690689874065
Hungateiclostridiaceae.28,Symbiobacterium.2,0.8328690689874064
Caproiciproducens.1,Desulfosporosinus.3,0.8328690689874064
Desulfuromonadaceae.1,Methanobacterium.61,0.8328690689874064
Caproiciproducens.1,midas_g_82137.1,0.8328690689874064
Dehalobacterium.2,Desulfovibrio.2,0.8328649477340376
Ca_Soleaferrea.2,Stenotrophomonas.1,0.8327272727272729
Limnobacter.1,midas_g_97954.1,0.8327272727272729
Ca_Phosphitivorax.1,midas_g_92370.1,0.8325111808919807
Comamonadaceae.6,Tissierella.5,0.8325111808919807
midas_g_91392.1,Syntrophomonas.22,0.8323473261483905
Aminiphilus.1,midas_g_95534.1,0.8322503785764789
Ercella.1,midas_g_95534.1,0.8322503785764789
EBM-39.1,Christensenellaceae_R-7_group.2,-0.8321428571428571
Clostridiaceae.10,Sphingopyxis.5,0.8320488967549208
XBB1006.1,Clostridiaceae.10,0.8320488967549208
XBB1006.1,Fonticella.2,0.8320488967549208
Dehalobacterium.2,Sphingopyxis.5,0.8319123687627272
Anaerostignum.2,midas_g_3595.1,0.8319122081553572
Anaerostignum.2,midas_g_669.2,0.8319122081553572
Arenimonas.2,midas_g_91392.1,0.8318181818181818
Thauera.1,Desulfovibrio.1,0.8316640175625409
Caproiciproducens.2,Pseudomonas.2,0.831645569620253
Christensenellaceae_R-7_group.93,Pseudomonas.2,0.831645569620253
Petrimonas.1,Clostridium_sensu_stricto_13.1,0.8315465599698785
midas_g_5574.1,Desulfuromonadaceae.1,0.8314493471508877
Desulfuromonadaceae.1,Brevundimonas.3,0.8314493471508877
Mesotoga.1,Propionicicella.4,-0.8313505646248092
Mesotoga.1,Colidextribacter.6,-0.8313505646248092
EBM-39.1,midas_g_84729.1,-0.8313505646248092
Mesotoga.1,Christensenellaceae.7,-0.8313505646248092
Anaerostignum.2,Camelimonas.2,0.8311894313163432
Christensenellaceae_R-7_group.4,midas_g_114295.1,0.8311894313163432
Methanobacterium.4,Methanosarcina.1,-0.8310995275766029
Colidextribacter.1,Clostridiaceae.1,0.8309514780119178
Christensenellaceae_R-7_group.63,Methanobacterium.4,-0.8307397162619515
midas_g_49834.1,Flavobacterium.3,0.8302397678803662
Mesotoga.1,Desulfosporosinus.2,-0.8299976529461416
Clostridium_sensu_stricto_1.7,midas_g_77185.2,0.8299486306839858
Flavobacterium.3,midas_g_554.2,0.8295366477066034
Reyranella.2,midas_g_82137.3,0.8295366477066034
Rummeliibacillus.2,Christensenellaceae_R-7_group.42,0.8295366477066034
midas_g_91392.2,Flavobacterium.3,0.8295366477066034
Acinetobacter.2,midas_g_3595.1,0.8293779407453766
midas_g_98017.1,Firmicutes.26,0.8293650793650794
Christensenellaceae_R-7_group.2,Comamonadaceae.3,-0.8293122167646101
Thauera.1,Christensenellaceae_R-7_group.3,0.8289842495212931
Christensenellaceae_R-7_group.42,Proteiniborus.4,0.8289069504493374
Flavobacterium.3,midas_g_98374.1,0.8289069504493374
NK4A214_group.2,Oscillospiraceae.8,0.8289069504493374
Flavobacterium.3,Methanobacterium.55,0.8289069504493374
Flavobacterium.3,Methanobacterium.37,0.8289069504493374
Pelotomaculum.1,Comamonadaceae.6,0.8289069504493374
Methanobacterium.20,Christensenellaceae.4,0.8289069504493373
Sphingopyxis.3,NK4A214_group.3,0.8289069504493373
Taibaiella.1,Desulfovibrio.2,0.8288624656799142
Acinetobacter.2,midas_g_36376.1,0.8288160392608404
Methanobacterium.4,midas_g_114295.1,-0.8287025511618809
Syntrophomonas.1,midas_g_2178.1,-0.828215577663147
Anaerovorax.12,Synergistaceae.2,0.8281766860861415
Rhodococcus.4,Synergistaceae.2,0.8281766860861415
midas_g_2178.3,Syntrophomonas.2,0.8281766860861415
Proteiniphilum.15,Syntrophomonas.2,0.8281766860861415
Desulfosporosinus.1,Clostridiaceae.6,0.8281656496965657
Christensenellaceae_R-7_group.44,midas_g_76603.1,0.828160817798122
Christensenellaceae_R-7_group.2,Ercella.1,0.8280807249748237
Brevundimonas.3,midas_g_5574.2,0.8280786712108251
Bacteria (unclassified).1,Veillonellales-Selenomonadales.6,0.8279277216685049
Colidextribacter.1,HN-HF0106.10,0.8277310924369747
Methanobacterium.96,Proteiniborus.5,0.8275499352195813
Phenylobacterium.1,Christensenellaceae_R-7_group.38,0.8275499352195813
Devosia.9,Proteiniborus.5,0.8275499352195813
Reyranella.2,Syntrophomonas.2,0.8275499352195813
Acinetobacter.1,Methanobacterium.1,-0.8275249059526175
Methanobacterium.5,midas_g_92370.1,0.8273403039920305
Devosia.1,midas_g_77817.1,0.8273403039920305
Clostridium_sensu_stricto_1.7,Christensenellaceae_R-7_group.42,0.8273403039920305
EBM-39.1,midas_g_49937.1,-0.8270981320691836
EBM-39.1,Petrimonas.2,-0.8270605907545231
Colidextribacter.1,midas_g_82137.2,0.8268681783656677
Pseudoxanthomonas.2,Family_XI.4,0.8267897327174255
midas_g_49937.1,Azorhizobium.1,0.8267897327174255
Christensenellaceae.4,Hungateiclostridiaceae.28,0.8267897327174255
midas_g_84729.1,Proteiniphilum.12,0.8267897327174255
Propionicicella.4,Desulfosporosinus.3,0.8267897327174255
midas_g_49937.1,Desulfurispora.1,0.8267897327174255
Ralstonia.1,midas_g_77185.2,0.8267897327174255
midas_g_95485.1,Anaerovorax.13,0.8267897327174255
midas_g_2604.3,Azorhizobium.1,0.8267897327174255
midas_g_2604.3,Desulfurispora.1,0.8267897327174255
Colidextribacter.6,midas_g_82137.1,0.8267897327174254
Christensenellaceae_R-7_group.57,midas_g_82137.1,0.8267897327174254
Christensenellaceae_R-7_group.57,Desulfosporosinus.3,0.8267897327174254
Propionicicella.4,midas_g_82137.1,0.8267897327174254
Propionibacteriaceae.3,Soehngenia.5,0.8267897327174254
Christensenellaceae.7,Desulfosporosinus.3,0.8267897327174254
Colidextribacter.6,Desulfosporosinus.3,0.8267897327174254
Christensenellaceae.7,midas_g_82137.1,0.8267897327174254
Acinetobacter.2,Fermentimonas.2,0.8267069991927187
Methanobacterium.4,midas_g_30443.1,0.8263291416026126
Acetobacterium.1,Syntrophomonas.3,-0.8259685381260147
NK4A214_group.4,midas_g_94288.1,-0.8259685381260147
midas_g_114295.1,midas_g_49937.1,-0.8258002716750954
Clostridium_sensu_stricto_13.1,midas_g_49937.1,-0.8258002716750954
Camelimonas.2,midas_g_49937.1,-0.8258002716750954
Paraclostridium.1,Clostridia.9,0.8255013944530433
Paraclostridium.1,Syntrophobacter.1,0.8255013944530433
Clostridiaceae.1,Proteiniphilum.15,0.8253968253968255
Christensenellaceae_R-7_group.1,Ca_Phosphitivorax.1,0.8253123626044679
Aquamicrobium.2,Aminivibrio.1,0.825258715829132
Methanobacterium.4,midas_g_76603.1,0.825188065671118
Methanobacterium.5,midas_g_91392.2,0.8251512397551767
Desulfovibrio.2,Geobacteraceae.1,-0.825
Christensenellaceae_R-7_group.3,Syner-01.2,0.825
Clostridium_sensu_stricto_13.1,Syner-01.9,-0.8249054237709922
Monoglobus.2,Ca_Phosphitivorax.1,-0.8248907413233549
Synergistaceae.2,Parapusillimonas.1,0.8248265285425425
Syner-01.9,midas_g_112760.1,0.8244949285018195
Brevundimonas.3,Azoarcus.2,0.8244949285018195
EBM-39.1,Hydrogenophaga.7,0.8244509614010417
Aquamicrobium.2,Methanomethylophilaceae.1,0.8244090104130452
Lachnoclostridium.1,Methanobacterium.1,-0.8243780551425519
Phenylobacterium.4,Clostridia.9,0.8242727388413233
midas_g_669.2,Comamonadaceae.3,0.8241930563756984
Desulfovibrio.3,NK4A214_group.2,0.8240791697611654
Syntrophomonas.22,Thermobrachium.2,0.8240791697611654
Afipia.3,Caproiciproducens.1,0.8240791697611652
Afipia.3,Christensenellaceae_R-7_group.38,0.8240791697611652
Oscillibacter.4,Tissierella.5,0.8239296261574947
midas_g_91392.1,Synergistaceae.2,0.8239296261574947
midas_g_82137.2,Proteiniborus.5,0.8239296261574945
midas_g_112760.1,midas_g_95534.1,0.8239278747907142
midas_g_114295.1,midas_g_5574.2,0.8236331637589219
midas_g_112760.1,midas_g_84729.1,0.8234800234404139
midas_g_669.2,Christensenellaceae_R-7_group.2,-0.8234568409037408
HN-HF0106.10,Hungateiclostridiaceae.28,0.8233153109628308
midas_g_110683.3,midas_g_49834.1,0.8227848787194174
Clostridium_sensu_stricto_1.7,Christensenellaceae_R-7_group.57,0.8227525442907722
Dehalobacter.2,Hyphomicrobium.16,0.8227525442907722
midas_g_35108.1,Methanobacterium.5,0.8227272727272725
Phenylobacterium.4,Proteiniclasticum.1,0.8225309495390237
Flavobacterium.3,Proteiniphilum.17,0.8223543263351134
Flavobacterium.3,Methylobacter.1,0.8223543263351134
Anaerovorax.13,Christensenellaceae_R-7_group.42,0.8223543263351133
Paludibacter.3,Methanobacterium.34,0.8223543263351133
midas_g_5574.1,Methanosarcina.1,0.821954053222238
midas_g_5574.1,midas_g_15299.1,0.821954053222238
Christensenellaceae_R-7_group.63,Lentimicrobium.1,-0.8219394233058879
Methanosarcina.1,Ca_Phosphitivorax.1,-0.8219394233058879
Christensenellaceae_R-7_group.2,Ca_Phosphitivorax.1,0.8219394233058879
Desulfuromonadaceae.1,midas_g_3595.1,0.8217105849296944
Methanobacterium.2,Sedimentibacter.11,0.8216549659783499
Alcaligenes.3,Pelotomaculum.4,0.8215954591820175
Reyranella.2,Devosia.9,0.8215189873417721
Synergistaceae.2,Proteiniphilum.15,0.8214285714285715
midas_g_76603.1,Bellilinea.1,0.8213423005076353
Christensenellaceae_R-7_group.63,Hyphomonas.1,0.8212467844635591
Petrimonas.2,midas_g_35108.1,0.8212467844635591
Acinetobacter.2,midas_g_669.2,0.8212467844635591
Rhizobiaceae.1,Reyranella.2,0.8210091056099937
Leucobacter.1,Fonticella.2,0.8209523809523808
Aquamicrobium.1,Pseudolabrys.2,0.8207432288962923
Petrimonas.1,Aminiphilus.1,-0.8207036138391905
JGI-0000079-D21.1,Phenylobacterium.4,0.8206863451389366
Thermovirga.2,midas_g_95534.1,-0.8206579235888696
midas_g_112760.1,midas_g_76603.1,0.8203846598845247
Syntrophomonas.2,Desulfovibrio.3,0.8203538488263675
Proteiniborus.5,Hungateiclostridiaceae.28,0.8203538488263675
Camelimonas.2,Monoglobus.13,-0.8202978604704444
Parapusillimonas.1,Dysgonomonadaceae.1,0.820296776648266
Methanomethylophilaceae.1,midas_g_93469.1,0.8199999999999998
Christensenellaceae_R-7_group.3,Ercella.2,0.8198530910529588
Oscillibacter.3,Christensenellaceae_R-7_group.2,-0.8198530910529588
Methanobacterium.1,Actinomyces.4,-0.8198530910529587
Acinetobacter.1,Lachnoclostridium.1,0.819733908833289
Proteiniphilum.15,Clostridium_sensu_stricto_1.7,0.8196825662288477
midas_g_76603.1,midas_g_95534.1,0.8196825662288477
Desulfuromonadaceae.1,Thermovirga.2,0.8193251341286675
Desulfuromonadaceae.1,midas_g_8129.1,0.8193251341286675
midas_g_114295.1,Petrimonas.2,-0.8191802279793874
Azoarcus.2,midas_g_36376.1,0.8188605668036294
Methanobacterium.4,Aquamicrobium.2,-0.8187825986752014
Rhizobiaceae.1,Desulfovibrio.3,0.8187029002571566
Alcaligenes.3,Proteiniclasticum.1,0.8187029002571566
midas_g_110683.3,Pseudolabrys.2,0.8187015790731672
Christensenellaceae_R-7_group.1,Proteiniphilum.2,0.8183830654105949
Oscillibacter.3,Christensenellaceae_R-7_group.25,0.8183830654105949
Christensenellaceae_R-7_group.44,Aminiphilus.1,0.8180952380952379
Camelimonas.2,Comamonadaceae.3,0.8179401803675707
Pelotomaculum.3,Syntrophomonas.3,-0.817910308485761
Acetobacterium.1,Proteiniphilum.14,-0.817910308485761
Acetobacterium.1,Mesotoga.1,0.8178571428571428
Acetobacterium.1,Desulfobulbus.1,0.8178571428571428
Desulfovibrio.2,midas_g_3409.1,-0.8178571428571428
Methanobacterium.2,Pannonibacter.1,0.8178571428571428
Acinetobacter.1,Fermentimonas.2,0.8175313059033988
midas_g_5574.2,Phenylobacterium.4,0.8174603174603176
midas_g_669.2,Camelimonas.2,0.8173718831052608
Monoglobus.2,Taibaiella.1,0.8173718831052608
Limnobacter.1,Camelimonas.2,0.8173718831052608
Rhodococcus.4,Desulfovibrio.4,0.8172252705693471
midas_g_114295.1,Aminivibrio.1,0.8172095503152255
Acinetobacter.2,Pseudarcobacter.1,0.8171812063226505
Devosia.1,Bacteria (unclassified).33,0.8169985501921302
midas_g_35108.1,Syntrophobotulaceae.7,0.8169985501921302
Syntrophomonas.2,midas_g_82137.3,0.8169985501921301
Arenimonas.2,Lachnospiraceae.3,0.8169985501921301
Christensenellaceae_R-7_group.44,midas_g_3064.1,0.8169651367298574
Proteiniphilum.1,midas_g_76603.1,0.8169217288768313
Lachnoclostridium.1,Monoglobus.2,0.816546762589928
Phenylobacterium.4,Trichloromonas.1,0.8165108752105316
midas_g_76603.1,Pelolinea.3,0.8165108752105315
Comamonadaceae.6,Synergistaceae.2,0.8165108752105315
midas_g_82137.2,Lachnoclostridium.2,0.8165108752105315
midas_g_76603.1,Methanothrix.1,0.8165108752105315
Christensenellaceae_R-7_group.63,Brevundimonas.3,0.8165068901629072
Hydrogenophaga.7,midas_g_4301.4,0.816496580927726
Methanobacterium.1,midas_g_49937.1,0.8164670506801195
Dechlorobacter.1,Colidextribacter.1,0.8163966949043195
Syntrophomonas.22,Lutispora.3,0.8163966949043195
Xanthobacter.1,midas_g_91392.2,0.816292718426783
Terrisporobacter.1,Aquamicrobium.2,0.8162493412021764
Veillonellales-Selenomonadales.6,Rhizobiaceae.1,0.8161764705882353
Monoglobus.2,midas_g_669.3,-0.8160768962015005
NK4A214_group.2,Methylobacter.1,0.8158017022208893
Paludibacter.3,Methanobacterium.37,0.8158017022208893
Paludibacter.3,Methanobacterium.55,0.8158017022208893
Paludibacter.3,midas_g_98374.1,0.8158017022208892
Methanobacterium.20,Symbiobacterium.2,0.8158017022208892
NK4A214_group.2,Proteiniphilum.17,0.8158017022208892
Desulfosporosinus.2,Desulfovibrio.3,0.8155564578975584
midas_g_82137.2,Clostridium_sensu_stricto_1.7,0.8154355063002009
Colidextribacter.1,Sphingopyxis.3,0.8153252810322159
Fermentimonas.2,midas_g_97954.1,0.8151756268748702
JGI-0000079-D21.1,Syntrophobacter.1,0.8151707804874657
Christensenellaceae_R-7_group.2,midas_g_30443.1,0.8146801235477049
Hungateiclostridiaceae.28,midas_g_51070.2,0.8146310601774633
Devosia.9,midas_g_82137.1,0.8146310601774633
Bacteria (unclassified).1,Ralstonia.1,0.8146310601774633
Christensenellaceae_R-7_group.38,Clostridium_sensu_stricto_7.2,0.8146310601774633
Ralstonia.1,Reyranella.2,0.8146310601774632
midas_g_84729.1,Desulfurispora.1,0.8146310601774632
Devosia.9,Desulfosporosinus.3,0.8146310601774632
Enterococcus.5,LNR_A2-18.1,-0.8143408344023066
Geobacteraceae.1,LNR_A2-18.1,0.8142857142857142
Desulfobulbus.1,Methanobacteriaceae.1,0.8142857142857142
Geobacteraceae.1,LNR_A2-18.2,0.8142857142857142
Veillonellales-Selenomonadales.6,Devosia.9,0.8140904895514824
midas_g_8129.1,Azoarcus.2,0.8140536610988733
Methanobacterium.89,Methanobacterium.96,0.8139240506329113
Pelotomaculum.4,midas_g_9269.1,-0.8138811936656339
Rhodococcus.1,Gordonia.1,0.8136252979015621
Methanobacterium.4,Brevundimonas.3,-0.8135883839127046
Hydrogenophaga.5,Clostridiaceae.1,0.8134920634920636
Acetobacterium.1,midas_g_49834.1,-0.8134892168199606
Desulfovibrio.1,Ercella.2,0.8133721409747047
Desulfovibrio.3,Veillonellales-Selenomonadales.2,0.8131642138702889
Desulfuromonadaceae.1,Trichloromonas.1,0.8131642138702889
Proteiniborus.5,midas_g_77185.2,0.8131577624331537
Clostridium_sensu_stricto_1.7,Colidextribacter.6,0.8131577624331537
Clostridium_sensu_stricto_1.7,Propionicicella.4,0.8131577624331537
Phenylobacterium.4,midas_g_9269.1,-0.8131571126147261
Romboutsia.1,midas_g_5574.2,0.813157112614726
Christensenellaceae_R-7_group.1,Petrimonas.4,0.8131156281817417
Christensenellaceae_R-7_group.1,Methanobacterium.5,0.8131156281817417
Camelimonas.2,midas_g_84729.1,-0.8129971666878846
Clostridium_sensu_stricto_13.1,midas_g_84729.1,-0.8129971666878846
midas_g_114295.1,midas_g_84729.1,-0.8129971666878846
Desulfuromonadaceae.1,Fermentimonas.2,0.8129407824341583
midas_g_5574.2,midas_g_669.2,0.8129187787454175
Camelimonas.2,Methanobacterium.5,-0.8127599951274231
Clostridium_sensu_stricto_13.1,midas_g_95534.1,-0.8127599951274231
midas_g_114295.1,midas_g_95534.1,-0.8127599951274231
Lachnoclostridium.1,Methanobacterium.5,-0.8127599951274231
EBM-39.1,midas_g_97954.1,0.8126455913513942
Acinetobacter.1,midas_g_35108.1,-0.8125924894504041
Comamonadaceae.3,midas_g_95534.1,-0.8125924894504041
midas_g_112760.1,midas_g_554.2,0.8125002897945417
Desulfobulbus.1,Desulfuromonadaceae.1,0.8122146181244939
Christensenellaceae_R-7_group.2,midas_g_84729.1,0.8122146181244939
Dysgonomonas.1,midas_g_49937.1,-0.8122146181244939
Methanosarcina.1,midas_g_84729.1,-0.8122146181244939
Proteiniphilum.14,Christensenellaceae_R-7_group.42,0.81182767329218
Proteiniborus.5,midas_g_82137.3,0.81182767329218
Petrimonas.4,Cryptanaerobacter.1,0.81182767329218
Alcaligenes.3,midas_g_9269.1,-0.8115523377322941
midas_g_15299.1,Pseudolabrys.2,-0.8115523377322941
Sulfurospirillum.1,midas_g_85764.2,-0.811482224919649
Caproiciproducens.2,Christensenellaceae_R-7_group.93,0.8113924050632911
midas_g_82137.2,Christensenellaceae_R-7_group.57,0.811324805812334
Bacteria (unclassified).1,Clostridiaceae.1,0.811324805812334
midas_g_2178.3,Clostridium_sensu_stricto_1.7,0.811188446371554
XBB1006.1,Sporomusaceae.2,0.811188446371554
Aquamicrobium.2,midas_g_30443.1,-0.8110433069764191
Christensenellaceae_R-7_group.1,midas_g_49937.1,0.8109832926982363
Desulfuromonadaceae.1,midas_g_97954.1,0.8109832926982363
midas_g_2604.3,Ca_Caldatribacterium.1,0.8109832926982363
Romboutsia.1,Aquamicrobium.2,0.810843716426003
Desulfosporosinus.2,Christensenellaceae_R-7_group.38,0.8107590669687491
midas_g_95534.1,midas_g_49937.1,0.8107590669687491
Terrisporobacter.1,Rhodococcus.1,0.8107142857142855
Acinetobacter.2,Thauera.1,0.8106699876503417
Methanobacterium.4,Ca_Phosphitivorax.1,0.8105761309157876
midas_g_82137.2,HN-HF0106.10,0.8105349797806667
Proteiniphilum.15,Rhizobiaceae.1,0.8105349797806667
Monoglobus.13,midas_g_92370.1,0.8103537854161659
midas_g_112760.1,midas_g_49937.1,0.8103043430653674
Limnobacter.1,Comamonadaceae.2,0.810138503608754
Methanobacterium.4,midas_g_5574.2,-0.8101161375310063
Mesotoga.1,Christensenellaceae_R-7_group.38,-0.8100884018466811
Desulfuromonadaceae.1,EBM-39.1,0.8100884018466811
JGI-0000079-D21.1,Proteiniclasticum.1,0.8100884018466811
Mesotoga.1,Desulfovibrio.3,-0.8100884018466811
Syntrophomonadaceae.1,midas_g_94288.1,-0.8096379471357408
Syner-01.9,Christensenellaceae_R-7_group.44,0.8094699639733125
midas_g_97954.1,midas_g_98017.1,0.8091200928634296
Christensenellaceae_R-7_group.63,midas_g_669.2,0.809050050040833
midas_g_2604.3,midas_g_84729.1,0.8088607594936709
Devosia.9,Christensenellaceae_R-7_group.57,0.8088607594936709
Syntrophomonas.22,Enterococcus.5,0.8088607594936709
midas_g_95485.1,Proteiniborus.4,0.8085517239074823
Ralstonia.1,Methanobacterium.96,0.8085517239074822
Methanobacterium.89,Ralstonia.1,0.8085517239074822
Hydrogenophaga.7,Lachnoclostridium.1,0.8085206286440793
Syner-01.9,midas_g_95534.1,0.808300790764285
Propionicicella.1,Veillonellales-Selenomonadales.5,0.8081280591884582
Petrimonas.1,Methanomethylophilaceae.1,0.8077936693518326
Parapusillimonas.1,Rhizobiaceae.1,0.8077731092436974
Comamonadaceae.6,midas_g_70329.2,0.8077067359248509
Comamonadaceae.6,Christensenellaceae_R-7_group.93,0.8077067359248509
Christensenellaceae.7,Christensenellaceae_R-7_group.42,0.8077067359248509
Desulfuromonadaceae.1,midas_g_77817.1,0.8077067359248509
Limnobacter.1,midas_g_93469.1,0.8076602946258727
midas_g_5574.1,Brevundimonas.3,0.8074074074074076
midas_g_5574.1,Petrimonas.1,0.8074061938731718
Desulfosporosinus.1,Desulfosporosinus.2,0.8072828672191845
midas_g_114295.1,Acinetobacter.1,0.8071778095732605
Stenotrophomonas.1,Ruminiclostridium.13,0.8071704059064128
Christensenellaceae_R-7_group.63,midas_g_98017.1,0.8069413864429071
Pelotomaculum.4,Synergistaceae.2,0.8069413864429071
Proteiniphilum.15,Christensenellaceae_R-7_group.42,0.806848024616324
midas_g_76603.1,Cryptanaerobacter.1,0.806848024616324
Phenylobacterium.4,midas_g_77817.1,0.806848024616324
midas_g_82137.2,Caproiciproducens.1,0.8068423483216581
Petrimonas.4,Methanothrix.1,0.8066567963922298
Petrimonas.4,Pelolinea.3,0.8066567963922298
midas_g_91392.1,Sphingopyxis.3,0.8066567963922298
Lentimicrobium.1,midas_g_36215.2,0.8064567930742356
Gordonia.1,Methanobacterium.2,0.8064567930742356
Thermovirga.2,midas_g_97954.1,0.806158197374042
Comamonadaceae.18,Syntrophobotulaceae.7,0.8059727660495534
Veillonellales-Selenomonadales.2,Methanobacterium.55,0.8059727660495534
midas_g_36215.3,midas_g_82137.3,0.8059727660495534
Veillonellales-Selenomonadales.2,Methanobacterium.37,0.8059727660495534
Methanothrix.1,Family_XI.4,0.8059727660495534
Pelolinea.3,Family_XI.4,0.8059727660495534
Anaerovorax.8,midas_g_9269.2,0.8059727660495533
Lachnospiraceae.3,midas_g_76594.1,0.8059727660495533
Veillonellales-Selenomonadales.2,midas_g_98374.1,0.8059727660495533
Anaerovorax.8,midas_g_9269.3,0.8059727660495533
Methanobacterium.96,Syntrophomonas.2,0.8059616760399401
Reyranella.2,Proteiniborus.5,0.8059616760399401
Methanobacterium.1,Ercella.1,0.8059493915679242
Caproiciproducens.2,Methanoculleus.1,0.8059124496070185
EBM-39.1,midas_g_95534.1,-0.8058229640253801
Anaerovorax.1,Monoglobus.13,0.8057417004692942
Methanoculleus.1,Clostridiaceae.10,0.8057142857142855
Christensenellaceae_R-7_group.4,midas_g_5574.2,0.8055555555555557
EBM-39.1,midas_g_669.2,0.8054380916498297
Christensenellaceae_R-7_group.4,midas_g_97954.1,0.8053214069814416
Aquamicrobium.2,midas_g_98017.1,0.8053214069814416
Oscillibacter.3,Syntrophomonas.1,0.8053214069814416
Taibaiella.1,Monoglobus.13,-0.8052159981439275
Lachnoclostridium.1,midas_g_112760.1,-0.8051414945898516
HN-HF0106.10,Methanobacterium.89,0.8048656681401343
Methanobacterium.4,Azoarcus.2,-0.804824027753081
Christensenellaceae_R-7_group.44,Methanothrix.1,0.8047478161629564
Christensenellaceae_R-7_group.44,Pelolinea.3,0.8047478161629564
Syntrophomonadaceae.1,Trichloromonas.1,0.8047478161629564
Ercella.1,midas_g_92370.1,0.8047478161629564
Monoglobus.2,midas_g_95534.1,-0.8046728309968021
Ruminiclostridium.9,Caproiciproducens.2,0.8046011195763202
Arenimonas.2,Anaerovorax.12,0.8045454545454545
midas_g_3064.1,Syntrophomonas.28,0.8043547114738764
Thermovirga.2,Aminivibrio.1,0.8042898653967124
Thermovirga.2,Christensenellaceae_R-7_group.2,-0.8042898653967124
midas_g_91392.1,Desulfovibrio.4,0.8041147047313363
Dehalobacterium.1,Methanobacterium.96,0.8037974683544302
Methanosarcina.1,Syner-01.9,-0.8037692290359052
midas_g_112760.1,Bacteria (unclassified).39,0.803716502877844
Methanobacterium.1,midas_g_84729.1,0.8037097530132427
Desulfovibrio.2,midas_g_84729.1,-0.8037097530132427
Desulfovibrio.2,midas_g_49937.1,-0.8037097530132427
Christensenellaceae_R-7_group.51,midas_g_3064.1,0.8037035485422435
midas_g_97954.1,midas_g_30443.1,-0.8037035485422435
Petrimonas.2,Christensenellaceae_R-7_group.2,0.8036362167244386
Hydrogenophaga.1,Pannonibacter.1,-0.8036362167244386
Methanosarcina.1,Christensenellaceae_R-7_group.2,-0.8035714285714284
Thiobacillus.1,Geobacteraceae.1,0.8035714285714284
midas_g_35108.1,Pseudoxanthomonas.2,0.8035629805755354
EBM-39.1,Camelimonas.2,0.8028725406605725
midas_g_2178.3,Proteiniborus.5,0.8026943265142603
Pelotomaculum.4,Oscillibacter.4,0.8026943265142602
Fermentimonas.2,Anaerostignum.2,0.8025801734609505
Acinetobacter.1,Hydrogenophaga.7,0.8025801734609505
Taibaiella.1,midas_g_49937.1,-0.8024014589130698
Ruminiclostridium.9,Christensenellaceae_R-7_group.93,0.8023598908309824
Thiobacillus.1,Desulfosporosinus.1,-0.8022608360001077
Ercella.6,Methanobacterium.6,0.8021604481360455
Azoarcus.2,midas_g_669.2,0.8020773893634818
Christensenellaceae_R-7_group.63,Thauera.1,0.8019296104250011
Methanoculleus.1,Fonticella.2,0.8019047619047617
Methanobacterium.1,Monoglobus.13,0.8018679422939612
Mesotoga.1,Proteiniborus.5,-0.8017938492052533
Hydrogenophaga.5,midas_g_82137.2,0.8015873015873016
Desulfosporosinus.2,Lachnoclostridium.2,0.8014859194922797
Arenimonas.2,Ruminiclostridium.10,0.8014859194922797
Methanobacterium.5,Syntrophobotulaceae.7,0.8014859194922797
Arenimonas.2,Proteiniphilum.5,0.8014859194922797
Dechlorobacter.1,midas_g_70329.2,0.8012658227848102
Clostridiaceae.1,Christensenellaceae_R-7_group.61,0.8012427883475114
midas_g_114295.1,Anaerostignum.2,0.800964361086658
Petrimonas.2,midas_g_95534.1,0.8009188937590156
Lachnoclostridium.1,Petrimonas.4,-0.8006292489314916
Syntrophomonadaceae.1,midas_g_9269.1,-0.8004165582161994
Alcaligenes.3,midas_g_77817.1,0.8004107941840657
Veillonellales-Selenomonadales.6,midas_g_2178.3,0.8003267306650413
Rhizobiaceae.1,Christensenellaceae_R-7_group.38,0.8002532574344602
Desulfuromonadaceae.1,midas_g_114295.1,0.8001940617006739
midas_g_21833.1,Desulfovibrio.4,0.8001600480160054
midas_g_2178.3,midas_g_95485.1,0.8001186620856444
Christensenellaceae_R-7_group.44,Bellilinea.1,0.800014005479645
Christensenellaceae_R-7_group.44,Cryptanaerobacter.1,0.8000140054796449
Syntrophomonadaceae.1,midas_g_77817.1,0.8000140054796449
Fermentimonas.2,Camelimonas.2,0.8000028957103871
midas_g_91392.1,Brevundimonas.5,0.7999999999999999
midas_g_15299.1,Sulfurospirillum.1,0.7999999999999999
Alcaligenes.3,Rhodococcus.4,0.799744516118666
Rhodococcus.4,Parapusillimonas.1,0.799744516118666
Sphaerochaeta.7,Proteiniphilum.14,0.7997445161186659
Bacteria (unclassified).35,Thermobrachium.2,0.7994201419353293
Christensenellaceae_R-7_group.42,Clostridium_sensu_stricto_7.2,0.7994201419353293
Anaerovorax.8,Erysipelothrix.3,0.7994201419353293
Methanobacterium.20,midas_g_110557.1,0.7994201419353293
Lachnoclostridium.9,Anaerovorax.14,0.7994201419353293
Comamonadaceae.6,Bacteria (unclassified).35,0.7994201419353293
midas_g_44684.1,midas_g_110557.1,0.7994201419353293
midas_g_36215.9,midas_g_82137.3,0.7994201419353293
Veillonellales-Selenomonadales.2,Methanobacterium.34,0.7994201419353293
Stenotrophomonas.1,Bradyrhizobium.2,0.7993527748564716
Hyphomonas.1,midas_g_97954.1,0.7990909090909092
Sphingopyxis.1,Proteiniphilum.2,-0.799027517981381
Devosia.9,Caproiciproducens.1,0.7987341772151898
Methanobacterium.89,midas_g_77185.2,0.7987341772151898
Methanomassiliicoccus.2,NK4A214_group.4,0.7984472665856133
Veillonellales-Selenomonadales.6,Lutispora.3,0.7983193277310924
Hydrogenophaga.5,Parapusillimonas.1,0.7982850808419162
Anaerostignum.2,Alcaligenes.3,0.7982850808419161
midas_g_36376.1,midas_g_97954.1,0.7981987297166115
Pelotomaculum.2,midas_g_49834.1,0.7981596478959655
Hydrogenophaga.7,Romboutsia.1,0.7980986475663053
Methanobacterium.4,midas_g_91392.2,0.798043961813637
midas_g_98017.1,Pseudomonas.2,0.7978774333403064
midas_g_15299.1,Syntrophomonas.3,-0.7977647343851264
Mesotoga.1,Syntrophomonas.3,-0.7977647343851264
Acinetobacter.2,EBM-39.1,0.7977647343851264
Methanobacterium.1,midas_g_35108.1,0.7977647343851264
Clostridium_sensu_stricto_13.1,midas_g_93469.1,0.7977378946396001
Oscillibacter.4,midas_g_2178.3,0.7976190476190478
Hydrogenophaga.5,Proteiniphilum.15,0.7976190476190478
Lachnoclostridium.1,Actinomyces.4,0.7974800894898673
Monoglobus.2,Actinomyces.4,0.7974800894898673
Christensenellaceae_R-7_group.44,Monoglobus.13,0.7971594478359454
Methanobacterium.4,midas_g_669.2,-0.7971407678732138
Proteiniphilum.15,Leucobacter.1,0.7970561861437325
Christensenellaceae_R-7_group.63,Aquamicrobium.2,0.7968533156181069
Methanobacterium.96,Lachnoclostridium.2,0.7967917800339744
Aminivibrio.1,midas_g_93469.1,0.7967280026483827
EBM-39.1,midas_g_93469.1,0.7967280026483827
Monoglobus.2,Methanobacterium.5,-0.7965856668661809
Romboutsia.1,midas_g_36376.1,0.7964952993613722
Oscillibacter.3,Methanomethylophilaceae.1,0.796494484101091
Achromobacter.1,Stenotrophomonas.3,0.7964287170228741
Thermovirga.2,Camelimonas.2,0.7964154387789504
Reyranella.2,Clostridium_sensu_stricto_1.7,0.7963668941823216
midas_g_70329.2,Dehalobacter.2,0.7963668941823216
midas_g_669.2,Christensenellaceae_R-7_group.25,0.7963637901080677
midas_g_98124.1,Ercella.2,-0.7963637901080677
Limnobacter.1,Aquamicrobium.2,0.7963636363636366
Petrimonas.2,Taibaiella.1,-0.7963636363636366
Proteiniborus.5,Lachnoclostridium.2,0.7963150425923295
midas_g_5574.1,midas_g_36376.1,0.7962962962962965
Christensenellaceae_R-7_group.1,Monoglobus.2,-0.7956717446157405
Alcaligenes.3,Shinella.1,0.7956408467287861
Colidextribacter.1,Enterococcus.5,0.7956408467287861
Proteiniphilum.15,Christensenellaceae.7,0.7956362045949684
midas_g_51070.3,Propionibacteriaceae.3,0.7956362045949684
Proteiniphilum.15,Christensenellaceae_R-7_group.38,0.7956362045949684
Anaerovorax.12,Brevundimonas.5,0.7954545454545454
Alcaligenes.3,Trichloromonas.1,0.7954392985680155
Pelotomaculum.4,Desulfovibrio.4,0.7953743275059958
Bradyrhizobium.2,Phenylobacterium.1,0.7953743275059958
midas_g_15299.1,Desulfovibrio.3,-0.7952048879019914
Dysgonomonas.1,midas_g_84729.1,-0.7952048879019914
Methanosarcina.1,midas_g_49937.1,-0.7952048879019914
Christensenellaceae_R-7_group.2,midas_g_49937.1,0.7952048879019914
Petrimonas.1,Petrimonas.2,-0.794626842097483
Syner-01.9,Taibaiella.1,-0.7945288504995237
Christensenellaceae_R-7_group.51,midas_g_85764.2,0.7944449994448055
Petrimonas.1,midas_g_76603.1,-0.7943340313042001
EBM-39.1,Anaerostignum.2,0.7943340313042001
EBM-39.1,midas_g_5574.2,0.7943340313042001
Terrisporobacter.1,midas_g_5574.2,0.7943340313042001
Synergistaceae.2,Dehalobacter.2,0.7942002066569664
Synergistaceae.2,Tissierella.5,0.7942002066569664
midas_g_110683.3,Syntrophomonas.3,0.7942002066569664
Rhodococcus.4,Dehalobacterium.1,0.7939681987179171
Desulfuromonadaceae.1,Pseudarcobacter.1,0.7938196251279033
Acinetobacter.1,midas_g_112760.1,-0.7937484677381303
Devosia.1,JGI-0000079-D21.1,0.7937356195649995
Romboutsia.1,Petrimonas.4,-0.7937356195649995
Romboutsia.1,Ca_Phosphitivorax.1,-0.7937356195649995
Christensenellaceae_R-7_group.4,midas_g_76603.1,-0.7936507936507937
Anaerostignum.2,Phenylobacterium.4,0.7936507936507937
Proteiniphilum.15,midas_g_95485.1,0.7933949758496306
midas_g_82137.2,Colidextribacter.6,0.7933949758496306
midas_g_82137.2,Propionicicella.4,0.7933949758496306
Stappia.1,midas_g_36215.9,0.7933533832325296
Reyranella.2,Desulfosporosinus.3,0.7933533832325296
Reyranella.2,midas_g_82137.1,0.7933533832325296
Hungateiclostridiaceae.28,midas_g_110651.1,0.7933533832325296
Syntrophomonas.15,Christensenellaceae_R-7_group.19,0.7933533832325296
Christensenellaceae_R-7_group.38,midas_g_36215.3,0.7933533832325296
midas_g_49937.1,Christensenellaceae_R-7_group.56,0.7933533832325296
Geobacteraceae.1,Ercella.1,0.7930394470805662
Methanobacterium.4,Monoglobus.13,0.7928918022915601
Paludibacter.3,midas_g_2424.1,0.7928675178211052
midas_g_92370.1,Christensenellaceae_R-7_group.56,0.7928675178211052
Cryptanaerobacter.1,Soehngenia.5,0.7928675178211052
Dysgonomonadaceae.1,Anaerovorax.13,0.7928675178211052
Syner-01.9,Christensenellaceae_R-7_group.2,0.7928583345241057
Syner-01.2,Ruminiclostridium.1,0.7928571428571427
midas_g_669.2,midas_g_30443.1,-0.7926939108909797
Hyphomonas.1,Alcaligenaceae.1,0.7926939108909797
Brevundimonas.3,midas_g_97954.1,0.7926939108909797
Sphingosinicella.1,Sedimentibacter.18,0.7923537487250129
Clostridium_sensu_stricto_13.1,midas_g_112760.1,-0.7921851946769115
Colidextribacter.1,Proteiniphilum.15,0.7921601313725408
midas_g_114295.1,midas_g_669.2,0.7920550548674872
Acinetobacter.1,Dysgonomonas.1,0.7917786897127637
Acinetobacter.1,Syner-01.9,-0.7917470850157193
Comamonadaceae.3,midas_g_49937.1,-0.791659610119128
midas_g_93128.1,Desulfitibacter.9,0.7914285714285713
midas_g_114295.1,Lachnoclostridium.1,0.7913669064748201
Colidextribacter.6,Veillonellales-Selenomonadales.2,0.7913343020885363
Propionicicella.4,Veillonellales-Selenomonadales.2,0.7913343020885363
Ercella.1,midas_g_76603.1,0.7912240677085345
Petrimonas.4,Bellilinea.1,0.7911441656923792
EBM-39.1,Oscillibacter.3,0.7910230922467008
midas_g_35108.1,Monoglobus.13,0.7910041388933253
Desulfosporosinus.2,midas_g_98017.2,0.7910041388933253
midas_g_15299.1,Colidextribacter.6,-0.7909524553463657
Enterococcus.5,LNR_A2-18.2,-0.7909524553463657
midas_g_15299.1,Propionicicella.4,-0.7909524553463657
midas_g_15299.1,Caproiciproducens.1,-0.7909524553463657
Ca_Caldatribacterium.1,Christensenellaceae_R-7_group.44,0.7909115788387001
Rhodococcus.4,Brevundimonas.5,0.7909090909090908
Arenimonas.2,Sporomusaceae.2,0.7909090909090908
midas_g_91392.1,Anaerovorax.12,0.7909090909090908
midas_g_5574.1,Petrimonas.2,-0.7908589712824359
Aminiphilus.1,Cryptanaerobacter.1,0.7905463841130217
midas_g_112760.1,Ercella.1,0.7904761904761902
Colidextribacter.1,Thermobrachium.2,0.7904678029519654
Acinetobacter.2,Thermovirga.2,0.7904125455696238
Methanobacterium.4,Petrimonas.4,0.7904125455696238
Methanobacterium.4,midas_g_95534.1,0.7904125455696238
Mesotoga.1,Pseudolabrys.2,-0.7902466677679617
Hyphomonas.1,midas_g_98017.1,0.7901266634534899
Ruminiclostridium.13,Sporanaerobacter.1,0.7901184815494158
Bradyrhizobium.2,Monoglobus.1,0.7901184815494158
Methanobacterium.4,Christensenellaceae_R-7_group.2,0.789991378900771
midas_g_91392.1,Oscillibacter.4,0.7899531467283196
midas_g_82137.2,Syntrophomonas.2,0.7899531467283196
Clostridiaceae.1,midas_g_2178.3,0.7896825396825398
Synergistaceae.2,midas_g_82137.2,0.7896825396825398
Hydrogenophaga.7,midas_g_76603.1,-0.7896825396825398
Phenylobacterium.4,Sphingosinicella.1,0.7896825396825398
Anaerovorax.1,midas_g_36215.1,0.7892857142857141
Methanobacterium.1,Desulfovibrio.2,-0.7892857142857141
Leucobacter.1,Sphingopyxis.5,0.7892800282301351
midas_g_5574.1,Acetobacterium.1,0.7892213696868392
Thiobacillus.1,midas_g_97311.1,0.7892213696868392
midas_g_35108.1,midas_g_84729.1,0.789170807789108
Clostridium_sensu_stricto_1.7,Desulfovibrio.3,0.789170807789108
Azoarcus.2,Thauera.1,0.7891578473557854
Petrimonas.4,Christensenellaceae_R-7_group.56,0.7891307069980692
Arenimonas.2,Pelotomaculum.1,0.7891307069980692
Devosia.1,Novosphingobium.1,0.7891307069980692
Syntrophomonas.15,Anaerovorax.12,0.7891307069980692
midas_g_35108.1,Azorhizobium.1,0.7891307069980692
Proteiniborus.5,Anaerovorax.13,0.7891307069980692
Methanobacterium.5,Desulfurispora.1,0.7891307069980692
Clostridiaceae.1,Stappia.1,0.7889125183589547
HN-HF0106.10,Christensenellaceae_R-7_group.38,0.7887222306702749
Dehalobacterium.1,Reyranella.2,0.7886075949367088
Anaerovorax.1,midas_g_36215.2,0.7885355310059193
Clostridium_sensu_stricto_13.1,Romboutsia.1,0.7885355310059193
Acinetobacter.1,midas_g_95534.1,-0.7883961870350075
Fermentimonas.2,midas_g_95534.1,-0.7883961870350075
midas_g_2178.1,Monoglobus.13,0.7883097886802951
Bellilinea.1,midas_g_92370.1,0.788235294117647
Methanobacterium.20,Oxobacteraceae.3,0.788235294117647
Syntrophobotulaceae.7,Methanothrix.1,0.788235294117647
Syntrophobotulaceae.7,Pelolinea.3,0.788235294117647
midas_g_93469.1,Comamonadaceae.3,0.7882106877306551
Comamonadaceae.3,midas_g_2178.1,-0.7882040680887782
Hyphomonas.1,Pseudarcobacter.1,0.7881818181818183
Thermovirga.2,Oscillibacter.3,0.7881233383723856
midas_g_5574.1,Methanobacterium.4,-0.7881068685328884
Methanobacterium.4,midas_g_36376.1,-0.7881068685328884
Fermentimonas.2,Syner-01.9,-0.7881068685328884
midas_g_76603.1,Syntrophobotulaceae.7,0.7875223234279092
Methanomassiliicoccus.2,Trichloromonas.1,0.7875223234279092
midas_g_8129.1,midas_g_98017.1,0.7875082453208386
Actinomyces.4,Anaerovorax.1,-0.7874193423959185
Taibaiella.1,midas_g_84729.1,-0.7873832497890284
midas_g_91392.2,Erysipelothrix.3,0.7872740469625485
Methanobacterium.89,Ruminiclostridium.2,0.7872740469625485
Bacteria (unclassified).39,Comamonadaceae.18,0.7872740469625485
midas_g_554.2,Erysipelothrix.3,0.7872740469625485
Colidextribacter.6,midas_g_36215.9,0.7872740469625485
Propionicicella.4,midas_g_36215.9,0.7872740469625485
midas_g_77185.2,Desulfosporosinus.3,0.7872740469625485
midas_g_77185.2,midas_g_82137.1,0.7872740469625485
Christensenellaceae.7,Clostridium_sensu_stricto_7.2,0.7872740469625485
midas_g_70329.2,Bacteria (unclassified).35,0.7872740469625485
Alcaligenaceae.1,Comamonadaceae.1,0.7869325171805521
Syner-01.9,midas_g_85764.2,0.7869325171805521
Romboutsia.1,Anaerostignum.2,0.7868047987799895
Devosia.9,Syntrophomonas.2,0.7867721123247033
midas_g_15299.1,Christensenellaceae_R-7_group.38,-0.7867000227907401
midas_g_15299.1,Christensenellaceae_R-7_group.57,-0.7867000227907401
Desulfuromonadaceae.1,midas_g_15299.1,0.7867000227907401
Ercella.1,Aminiphilus.1,0.7866666666666665
midas_g_36215.1,Syntrophomonas.28,0.7864167572767855
Fermentimonas.2,Aminivibrio.1,0.7864167572767855
Shinella.1,Desulfovibrio.4,0.7864160253174377
Christensenellaceae_R-7_group.63,Thermovirga.2,0.786379828500391
Parapusillimonas.1,LNR_A2-18.1,-0.7863729095926285
Acetobacterium.1,Pseudolabrys.2,-0.7863729095926285
Sphingopyxis.1,midas_g_21833.1,0.7863647610614967
Arenimonas.2,Rhodococcus.4,0.7863636363636362
midas_g_8129.1,Aquamicrobium.2,0.7863198524722199
Petrimonas.2,Pelolinea.3,0.7862453931068966
midas_g_3595.1,Trichloromonas.1,0.7862453931068966
Ca_Caldatribacterium.1,Methanothrix.1,0.7862453931068966
Ca_Caldatribacterium.1,Pelolinea.3,0.7862453931068966
Petrimonas.2,Methanothrix.1,0.7862453931068966
midas_g_2604.3,midas_g_49937.1,0.7860759493670885
Bacteria (unclassified).1,Reyranella.2,0.7860759493670885
Colidextribacter.4,midas_g_2604.2,0.785973288792429
Ruminiclostridium.9,Dehalobacterium.2,0.7859079981399035
Desulfovibrio.3,Oxobacteraceae.3,0.7858768241430981
Dysgonomonadaceae.1,Rummeliibacillus.2,0.785876824143098
Afipia.3,Christensenellaceae.7,0.785876824143098
XBB1006.1,Sphingopyxis.5,0.7857142857142858
Ruminiclostridium.9,Syntrophomonas.1,0.7857142857142858
Petrimonas.1,midas_g_15299.1,0.7857142857142856
Mesotoga.1,Proteiniphilum.14,-0.7856773899247457
Petrimonas.2,Thermovirga.1,0.7856719205190748
JGI-0000079-D21.1,midas_g_4301.4,0.7856623359449331
Methanosarcina.1,midas_g_93469.1,0.7856623359449331
midas_g_5574.1,Romboutsia.1,0.7855844048495725
Monoglobus.13,Syntrophobotulaceae.7,0.7854963073359152
Petrimonas.2,Christensenellaceae_R-7_group.51,0.7853541524568041
midas_g_5574.1,midas_g_669.2,0.7853541524568041
Christensenellaceae_R-7_group.1,midas_g_84729.1,0.7852377913427367
Methanoculleus.1,Dehalobacterium.2,0.7850543966144886
midas_g_9269.1,Camelimonas.2,-0.7849512785922561
midas_g_114295.1,midas_g_97954.1,0.7848216753709805
Thermovirga.2,midas_g_669.2,0.7845163665720543
Alcaligenes.3,Devosia.1,0.78444885597432
Rhodococcus.4,Syntrophomonas.22,0.7843734168602987
Petrimonas.4,midas_g_91392.2,0.7843734168602987
Paraclostridium.1,Comamonadaceae.2,0.7841726618705036
Christensenellaceae_R-7_group.4,Monoglobus.13,-0.7839935320800404
Aminiphilus.1,midas_g_91392.2,0.7839529823152742
Syner-01.9,midas_g_84729.1,0.7838142283037013
Azoarcus.2,Comamonadaceae.1,0.7838095238095236
Thermovirga.2,Anaerostignum.2,0.7837402632858108
midas_g_5574.1,Acinetobacter.2,0.7836824925684185
midas_g_91392.1,NK4A214_group.3,0.7833706288447987
Clostridium_sensu_stricto_1.7,Anaerovorax.13,0.7833706288447987
Syntrophomonas.2,Clostridium_sensu_stricto_7.2,0.7833706288447987
midas_g_35108.1,Proteiniphilum.12,0.7833706288447987
Methanobacterium.5,Proteiniphilum.12,0.7833706288447986
Dehalobacter.2,midas_g_103381.1,0.7833706288447986
Acinetobacter.1,midas_g_2604.3,-0.7831471411931158
Desulfobulbus.1,Monoglobus.1,-0.7830401825178844
Anaerovorax.1,midas_g_76603.1,0.7830401825178844
Christensenellaceae_R-7_group.2,Syntrophomonas.1,-0.7830401825178844
Fermentimonas.2,Terrisporobacter.1,0.7828421356528003
Comamonadaceae.3,Desulfovibrio.2,0.7828421356528003
Sphaerochaeta.7,midas_g_49834.1,0.7825630252100839
Aquamicrobium.2,Sphingosinicella.1,0.782529291689514
Pseudarcobacter.1,midas_g_98017.1,0.782529291689514
midas_g_9269.1,Desulfovibrio.4,-0.7824991514172953
Syntrophobotulaceae.7,Bellilinea.1,0.7823529411764705
Syntrophobotulaceae.7,midas_g_92370.1,0.7823529411764705
Syntrophobotulaceae.7,Cryptanaerobacter.1,0.7823529411764705
Methanothrix.1,midas_g_92370.1,0.7823529411764705
Pelolinea.3,midas_g_92370.1,0.7823529411764705
Trichloromonas.1,Bacteria (unclassified).33,0.7823529411764705
Sphaerochaeta.7,Syntrophomonas.3,0.7822637616679847
Clostridiaceae.1,Reyranella.2,0.7821888321229409
Alcaligenes.3,Syntrophobacter.1,0.7821564469356453
Thiobacillus.1,LNR_A2-18.2,0.782142857142857
Methanosarcina.1,Proteiniphilum.1,-0.782142857142857
Christensenellaceae_R-7_group.61,midas_g_82137.2,0.7820743005880016
Clostridium_sensu_stricto_13.1,Intestinimonas.1,0.7820656110532036
Romboutsia.1,midas_g_97954.1,0.7820137176197453
Clostridiaceae.1,HN-HF0106.10,0.7819518822569154
Alcaligenes.3,Methanomassiliicoccus.2,0.7819518822569153
Petrimonas.1,Syner-01.9,-0.7819474400123061
Oscillibacter.4,midas_g_82137.2,0.7817460317460319
Desulfovibrio.2,Petrimonas.4,-0.7816482751046188
Sulfurospirillum.1,Syntrophomonas.2,-0.7816482751046188
Sulfurospirillum.1,Proteiniborus.5,-0.7816482751046188
Mesotoga.1,Phenylobacterium.1,-0.7816482751046188
Petrimonas.2,Cryptanaerobacter.1,0.7816204202062678
Ca_Caldatribacterium.1,Bellilinea.1,0.7816204202062678
midas_g_3595.1,midas_g_77817.1,0.7816204202062678
Ca_Caldatribacterium.1,Cryptanaerobacter.1,0.7816204202062678
midas_g_3064.1,Syntrophobotulaceae.7,0.7816204202062678
Petrimonas.2,Bellilinea.1,0.7816204202062678
Limnobacter.1,Comamonadaceae.1,0.7816067367347156
midas_g_82137.2,Leucobacter.1,0.7815038703165378
Ruminiclostridium.9,Fonticella.2,0.7815038703165378
Christensenellaceae_R-7_group.4,Aminiphilus.1,-0.7815038703165378
Anaerovorax.12,Oscillibacter.4,0.7814590268710259
Aquamicrobium.1,Syntrophomonas.3,0.7814590268710259
Clostridium_sensu_stricto_13.1,Christensenellaceae_R-7_group.2,-0.7813670261785929
Dehalobacterium.2,Sedimentibacter.8,0.7812981554823619
midas_g_2901.1,Monoglobus.13,-0.7812601377102658
Acinetobacter.1,Thermovirga.1,-0.7812601377102658
Lachnoclostridium.1,Petrimonas.2,-0.781204985622727
Dechlorobacter.1,midas_g_51070.2,0.7811947106925675
Christensenellaceae_R-7_group.38,midas_g_36215.9,0.7811947106925675
Stappia.1,midas_g_36215.3,0.7811947106925675
Proteiniclasticum.1,Novosphingobium.1,0.7811947106925675
Syner-01.9,Camelimonas.2,-0.7811051357831518
Camelimonas.2,Aminiphilus.1,-0.7810797947515342
Petrimonas.1,Thermovirga.2,0.7810548248408075
Petrimonas.1,Intestinimonas.1,0.7810548248408075
Methanobacterium.89,Reyranella.2,0.781012658227848
Devosia.9,Colidextribacter.6,0.781012658227848
Devosia.9,Propionicicella.4,0.781012658227848
Bacteria (unclassified).1,Methanobacterium.89,0.781012658227848
midas_g_35108.1,midas_g_3064.1,0.780591003054472
midas_g_114295.1,Camelimonas.2,0.7805755395683454
Christensenellaceae_R-7_group.38,Lachnoclostridium.2,0.7804193461976598
Camelimonas.2,midas_g_95534.1,-0.7804113386049387
Acinetobacter.2,midas_g_114295.1,0.7804113386049387
Desulfosporosinus.1,Ruminiclostridium.13,0.7801560468156052
Alcaligenes.3,Arenimonas.2,0.7800786673616497
midas_g_93469.1,Aminiphilus.1,-0.7799999999999999
Fermentimonas.2,midas_g_5574.2,0.7799722812507828
Comamonadaceae.3,Syntrophomonas.1,0.7799722812507828
Methanobacterium.4,midas_g_8129.1,-0.7799642218246869
Enterococcus.5,midas_g_82137.2,0.7799476033776028
midas_g_82137.2,Christensenellaceae.7,0.7799476033776028
Thermovirga.1,midas_g_3064.1,0.779808697231619
midas_g_44684.1,HN-HF0106.17,0.7797622695926573
Veillonellales-Selenomonadales.2,Christensenellaceae.15,0.7797622695926573
HN-HF0106.17,Methanobacterium.20,0.7797622695926573
Hungateiclostridiaceae.12,Proteiniphilum.13,0.7797622695926573
Phenylobacterium.1,midas_g_95485.1,0.7795760259314896
Dehalobacterium.1,Veillonellales-Selenomonadales.6,0.7794974092589266
Lachnoclostridium.1,Taibaiella.1,0.7793966407486004
Christensenellaceae_R-7_group.2,Bellilinea.1,0.7791937224739796
EBM-39.1,midas_g_92370.1,-0.7791937224739796
Desulfovibrio.2,midas_g_92370.1,-0.7791937224739796
EBM-39.1,midas_g_77817.1,0.7791937224739796
Pseudarcobacter.1,Desulfovibrio.1,0.7791059088715573
Methanoculleus.1,Leucobacter.1,0.7790476190476188
Comamonadaceae.3,midas_g_84729.1,-0.7788909067301099
Monoglobus.2,midas_g_49937.1,-0.7788555533886559
Proteiniphilum.1,Monoglobus.13,0.7786253932419622
Romboutsia.3,Desulfovibrio.4,0.778361344537815
Sphaerochaeta.7,Pseudolabrys.2,0.778361344537815
midas_g_5574.2,Camelimonas.2,0.778295558414394
Desulfobulbus.1,midas_g_6187.2,0.7782852248092998
Romboutsia.1,midas_g_49937.1,-0.7781951576794889
midas_g_3409.1,midas_g_84729.1,0.7781951576794889
midas_g_15299.1,Christensenellaceae.7,-0.7781951576794889
Christensenellaceae_R-7_group.1,Actinomyces.4,-0.7781818181818183
Thermovirga.2,midas_g_2901.1,0.778175313059034
Azoarcus.2,HN-HF0106.5,0.7781541039690077
Brevundimonas.5,Parapusillimonas.1,0.7778935730553145
Dysgonomonas.1,Monoglobus.2,0.7777827737649295
Acinetobacter.2,Romboutsia.1,0.7776191602844919
Methanosarcina.1,midas_g_95534.1,-0.7776191602844919
Christensenellaceae_R-7_group.2,midas_g_95534.1,0.7776191602844919
midas_g_2178.1,Petrimonas.4,0.7776191602844919
Desulfovibrio.2,Methanobacterium.5,-0.7776191602844919
Clostridiaceae.10,Devosia.2,0.7773651421277508
Oscillibacter.3,Comamonadaceae.3,0.7773024229713917
Aquamicrobium.2,midas_g_3595.1,0.7772727272727274
midas_g_91392.1,Sphingopyxis.5,0.777211966942379
midas_g_110683.3,Clostridium_sensu_stricto_1.7,0.777211966942379
Rhizobiaceae.1,Methanobacterium.89,0.7771912039060895
Bradyrhizobium.2,Methanobacterium.96,0.7771912039060895
Syntrophomonas.2,midas_g_77185.2,0.777177330467085
Proteiniphilum.14,Christensenellaceae.7,0.777177330467085
Petrimonas.2,Ercella.1,0.7769543156827231
Aminiphilus.1,Methanothrix.1,0.7763449520630873
Christensenellaceae_R-7_group.44,Syntrophobotulaceae.7,0.7763449520630873
Ercella.1,Bellilinea.1,0.7763449520630873
Aminiphilus.1,Pelolinea.3,0.7763449520630873
Thermovirga.2,midas_g_5574.2,0.7762042992157548
Ruminiclostridium.9,Comamonadaceae.3,0.7762042992157548
Aquamicrobium.2,midas_g_36376.1,0.7761794544140843
Papillibacter.1,midas_g_97311.1,-0.7761794544140843
Thermovirga.1,midas_g_85764.2,0.7761552465755253
midas_g_77185.2,Christensenellaceae_R-7_group.57,0.7759493670886076
Bacteria (unclassified).1,Stappia.1,0.7759493670886076
Clostridiaceae.1,Rhizobiaceae.1,0.77582693278754
Aquamicrobium.1,midas_g_49834.1,0.77582693278754
Romboutsia.3,midas_g_82137.2,0.77582693278754
Christensenellaceae_R-7_group.1,Lachnoclostridium.1,-0.775779951000347
Petrimonas.4,Syntrophobotulaceae.7,0.7756315349925287
Lachnoclostridium.1,Monoglobus.13,-0.7755896832410126
Romboutsia.3,Comamonadaceae.6,0.7755533161038151
Azoarcus.2,Camelimonas.2,0.7755270947888456
Syner-01.1,Firmicutes.26,0.775510949993674
Terrisporobacter.1,Anaerostignum.2,0.775510949993674
midas_g_98017.1,Ruminiclostridium.1,0.775510949993674
midas_g_76603.1,Bacteria (unclassified).39,0.775465145886927
midas_g_82137.2,Desulfovibrio.3,0.775465145886927
Syner-01.9,midas_g_49937.1,0.7751532976042129
Mesotoga.1,Sulfurospirillum.1,0.7749999999999999
Dysgonomonas.1,Geobacteraceae.1,-0.7749999999999999
Methanobacterium.89,Afipia.3,0.7749618682522218
Methanobacterium.20,midas_g_95485.1,0.7749618682522218
Christensenellaceae_R-7_group.57,Veillonellales-Selenomonadales.2,0.7749618682522218
midas_g_44684.1,Christensenellaceae_R-7_group.19,0.7749618682522218
Bacteria (unclassified).39,Flavobacterium.3,0.7749618682522218
midas_g_669.2,midas_g_98017.1,0.7749319199255382
midas_g_97954.1,Ruminiclostridium.9,0.7749319199255382
midas_g_669.2,Ruminiclostridium.9,0.7749319199255382
Acinetobacter.1,Monoglobus.2,0.77489069719033
Lentimicrobium.1,Monoglobus.13,0.7747516350666291
Mesotoga.1,midas_g_49834.1,-0.7747516350666291
midas_g_97311.1,LNR_A2-18.2,0.774673510337773
Methanosarcina.1,Pelolinea.3,-0.7746102299888384
Methanosarcina.1,Methanothrix.1,-0.7746102299888384
Christensenellaceae_R-7_group.2,Pelolinea.3,0.7746102299888384
EBM-39.1,Trichloromonas.1,0.7746102299888384
Christensenellaceae_R-7_group.2,Methanothrix.1,0.7746102299888384
midas_g_5574.2,Alcaligenaceae.1,0.7744069054841975
Methanobacterium.4,Hydrogenophaga.7,-0.7743203081982409
Dysgonomonas.1,Gordonia.1,0.7741985213512662
Petrimonas.2,midas_g_85764.2,0.7741628630515277
Parapusillimonas.1,Leucobacter.1,0.7741548464554854
Pelotomaculum.2,Pseudolabrys.2,0.7741548464554854
Hyphomonas.1,Thauera.1,0.7739454739441634
Acinetobacter.1,Methanosarcina.1,0.7739055815928366
Sphingopyxis.1,Methanobacterium.2,0.7739055815928366
Methanobacterium.4,Lentimicrobium.1,0.7739055815928366
midas_g_5574.1,midas_g_93469.1,0.7737856732181084
Dehalobacterium.2,Fonticella.2,0.7737856732181084
Monoglobus.1,Ruminiclostridium.13,0.7737852829644148
Hydrogenophaga.7,midas_g_21833.1,0.7737277124029404
Hydrogenophaga.5,Leucobacter.1,0.7737277124029404
Desulfitibacter.9,Syntrophomonas.1,0.7737277124029404
Acinetobacter.1,Monoglobus.13,-0.7735056946560697
Proteiniphilum.15,Caproiciproducens.1,0.7732239171415891
Veillonellales-Selenomonadales.2,Proteiniphilum.17,0.7732096454784333
Allorhizobium-Neorhizobium-Pararhizobium-Rhizobium.1,Methanobacterium.20,0.7732096454784333
Veillonellales-Selenomonadales.2,Methylobacter.1,0.7732096454784333
midas_g_44684.1,Allorhizobium-Neorhizobium-Pararhizobium-Rhizobium.1,0.7732096454784333
Syntrophomonas.28,midas_g_36215.2,0.7730969687246119
Methanomassiliicoccus.2,midas_g_77817.1,0.7730280475365978
Hydrogenophaga.1,Methanobacterium.2,-0.7730043429927896
Ercella.1,Bacteria (unclassified).39,0.772973248669402
midas_g_2604.3,Christensenellaceae_R-7_group.44,0.772973248669402
midas_g_35108.1,midas_g_76603.1,0.7729649070137322
Clostridiaceae.1,Colidextribacter.4,0.7729649070137322
Alcaligenes.3,Sphaerochaeta.1,-0.7728147559789625
Brevundimonas.5,Dehalobacter.2,0.7727272727272727
Bradyrhizobium.2,midas_g_77185.2,0.7725787932004154
Thauera.1,Pseudomonas.2,0.7725787932004153
Acinetobacter.2,Oscillibacter.3,0.7724598467726547
Acinetobacter.1,midas_g_76603.1,-0.772436317180727
midas_g_85764.2,Aminiphilus.1,0.7723809523809522
Proteiniphilum.14,Christensenellaceae_R-7_group.38,0.7723799395382759
midas_g_95534.1,midas_g_84729.1,0.7723799395382759
midas_g_3595.1,Proteiniclasticum.1,0.7723650406649869
HN-HF0106.5,Oscillibacter.2,0.7723241744743177
Alcaligenes.3,Romboutsia.3,0.7720588235294118
Tissierella.5,Bacteria (unclassified).35,0.7718504725382576
midas_g_35108.1,Desulfurispora.1,0.7718504725382576
Methanobacterium.5,Azorhizobium.1,0.7718504725382576
Proteiniborus.5,Proteiniborus.4,0.7718504725382576
Acinetobacter.2,Methanobacterium.61,0.7718504725382576
Arenimonas.2,Syntrophomonas.15,0.7718504725382576
Pelotomaculum.1,Anaerovorax.12,0.7718504725382576
midas_g_9269.1,midas_g_49937.1,0.7718165088460505
Sulfurospirillum.1,Christensenellaceae_R-7_group.38,-0.7718165088460505
Methanobacterium.2,Monoglobus.1,0.7717463337315688
Acetobacterium.1,Christensenellaceae_R-7_group.4,0.7717463337315688
Methanobacterium.4,Syner-01.9,0.7717258943601494
Aminiphilus.1,Bellilinea.1,0.7716111413797758
Ercella.1,Methanothrix.1,0.7716111413797758
Ercella.1,Pelolinea.3,0.7716111413797758
Methanosarcina.1,Aminivibrio.1,0.7714285714285712
midas_g_36215.1,Sulfurospirillum.1,-0.7714285714285712
Petrimonas.1,Aminivibrio.1,0.7714285714285712
Pseudarcobacter.1,Christensenellaceae_R-7_group.3,0.7712024680673985
midas_g_77185.2,Caproiciproducens.1,0.7708860759493671
Reyranella.2,Propionicicella.4,0.7708860759493671
Reyranella.2,Colidextribacter.6,0.7708860759493671
Fermentimonas.2,midas_g_92370.1,-0.7707151835397387
Comamonadaceae.3,midas_g_92370.1,-0.7707151835397387
Thermovirga.2,midas_g_92370.1,-0.7707151835397387
Acinetobacter.1,midas_g_92370.1,-0.7707151835397387
midas_g_5574.1,midas_g_97954.1,0.7706746355884526
Comamonadaceae.2,Rhodococcus.1,0.770614268937603
Monoglobus.2,Enterobacteriaceae.1,0.770614268937603
Sulfurospirillum.1,midas_g_36215.2,-0.770614268937603
Cryptanaerobacter.1,midas_g_92370.1,0.7705882352941176
Methanobacterium.20,Christensenellaceae_R-7_group.42,0.7705882352941176
Hungateiclostridiaceae.12,midas_g_44684.1,0.7705882352941176
Oxobacteraceae.3,Christensenellaceae_R-7_group.42,0.7705882352941176
Sphaerochaeta.7,Flavobacterium.3,0.7705818204877651
Anaerostignum.2,Alcaligenaceae.1,0.7705732079322957
Phenylobacterium.1,Afipia.3,0.7704606580925785
midas_g_91392.1,Comamonadaceae.6,0.7704606580925785
Pelotomaculum.4,Thermobrachium.2,0.7704606580925785
Rhodococcus.4,Sphingopyxis.3,0.7704606580925785
Arenimonas.2,midas_g_2604.2,0.7704606580925785
Methanobacterium.4,Oscillibacter.3,-0.7700884793707292
Methanosarcina.1,Cryptanaerobacter.1,-0.7700267375036975
Mesotoga.1,Lachnoclostridium.2,-0.7700267375036975
Methanobacterium.89,Syntrophomonas.2,0.7699812440738713
Methanobacterium.89,Proteiniborus.5,0.7699812440738713
midas_g_95534.1,midas_g_554.2,0.7699812440738713
midas_g_82137.2,midas_g_2178.3,0.7698412698412699
Ruminiclostridium.9,Clostridiaceae.10,0.7698396334461417
Ruminiclostridium.9,Leucobacter.1,0.7698396334461417
midas_g_5574.2,Syntrophomonadaceae.1,0.7698396334461417
midas_g_93469.1,Methanobacterium.5,-0.7698316001832429
midas_g_93469.1,Ca_Phosphitivorax.1,-0.7698316001832429
midas_g_93469.1,Petrimonas.4,-0.7698316001832429
Aquamicrobium.1,Clostridium_sensu_stricto_5.1,0.7697019833181646
Mesotoga.1,Syntrophomonas.2,-0.7695609306442381
Romboutsia.1,Devosia.1,0.769560930644238
midas_g_2178.1,Methanobacterium.5,0.769560930644238
Methanobacterium.4,Camelimonas.2,-0.7695095117931751
Aquamicrobium.2,Christensenellaceae_R-7_group.2,-0.7694005931420075
Sporomusaceae.2,Rhizobiaceae.1,0.7691531958299739
midas_g_49834.1,Proteiniborus.5,0.7691531958299738
Phenylobacterium.1,Ruminiclostridium.13,0.7691531958299738
midas_g_554.2,midas_g_9269.3,0.7690360381526052
Colidextribacter.6,midas_g_36215.3,0.7690360381526052
midas_g_91392.2,midas_g_9269.2,0.7690360381526052
midas_g_91392.2,midas_g_9269.3,0.7690360381526052
Propionicicella.4,midas_g_36215.3,0.7690360381526052
midas_g_554.2,midas_g_9269.2,0.7690360381526052
Pelotomaculum.1,Christensenellaceae_R-7_group.19,0.7690360381526052
Dechlorobacter.1,Christensenellaceae.4,0.7690360381526051
Bacteria (unclassified).35,Syntrophomonas.22,0.7690360381526051
Dehalobacterium.1,midas_g_82137.2,0.7687414596509133
midas_g_82137.2,Reyranella.2,0.7687414596509133
Hydrogenophaga.5,Sporomusaceae.2,0.7687178470850852
Ca_Soleaferrea.2,Desulfitibacter.9,0.7685799577891369
Christensenellaceae_R-7_group.1,midas_g_95534.1,0.768394268631746
Dehalobacterium.1,midas_g_77185.2,0.7683544303797467
midas_g_2178.3,Methanobacterium.20,0.768196622239494
Proteiniphilum.15,Dysgonomonadaceae.1,0.768196622239494
midas_g_114295.1,midas_g_77817.1,0.7681917035744017
midas_g_36215.2,Christensenellaceae_R-7_group.42,0.7681917035744017
Reyranella.2,Ruminiclostridium.13,0.7679663824947414
Caproiciproducens.2,midas_g_515.2,0.7679663824947414
Syntrophomonas.22,Parapusillimonas.1,0.7679663824947414
Lutispora.3,Rummeliibacillus.2,0.7679663824947414
HN-HF0106.10,Rhizobiaceae.1,0.7678571428571428
Colidextribacter.1,Parapusillimonas.1,0.7678571428571428
Thiobacillus.1,midas_g_3409.1,0.7678571428571428
Acinetobacter.1,Clostridium_sensu_stricto_13.1,0.7677157833274567
Oscillibacter.4,Veillonellales-Selenomonadales.6,0.7676603334950395
Christensenellaceae_R-7_group.1,Thiobacillus.1,0.7675987182166162
Pelotomaculum.4,Syntrophomonas.22,0.7675825486094666
Sulfurospirillum.1,Christensenellaceae.7,-0.7675640762904248
Desulfuromonadaceae.1,Syner-01.1,0.7675640762904248
Burkholderiales.1,midas_g_98124.1,0.7673995806632399
Limnobacter.1,midas_g_669.2,0.7672727272727274
midas_g_36376.1,Monoglobus.13,-0.7672718149200738
Brevundimonas.3,Petrimonas.4,-0.7672702937711741
Brevundimonas.3,Ca_Phosphitivorax.1,-0.7672702937711741
midas_g_97954.1,Alcaligenaceae.1,0.7670047563713647
Arenimonas.2,Romboutsia.3,0.7669681015236387
Dysgonomonadaceae.1,Proteiniborus.4,0.7666570213642092
Acetomicrobium.1,Paludibacter.3,0.7666570213642091
Veillonellales-Selenomonadales.2,Oscillospiraceae.8,0.7666570213642091
midas_g_36376.1,Camelimonas.2,0.7665050397872051
Alcaligenaceae.1,Paraclostridium.1,0.7665050397872051
Desulfuromonadaceae.1,Firmicutes.26,0.7665002309055753
midas_g_5574.2,Proteiniclasticum.1,0.7665002309055753
Aquamicrobium.2,Comamonadaceae.3,0.7664815075703978
Aquamicrobium.2,Hyphomonas.1,0.7663636363636365
Syner-01.9,Thermovirga.2,-0.766265569635903
Christensenellaceae_R-7_group.63,midas_g_8129.1,0.7662162431542271
Syntrophobacter.1,Stenotrophomonas.2,0.7661532459753252
Clostridium_sensu_stricto_1.7,Proteiniborus.4,0.7660903943849869
Acinetobacter.1,Aminiphilus.1,-0.7660595677007538
XBB1006.1,Leucobacter.1,0.7659515544893429
Synergistaceae.2,midas_g_2178.3,0.7658730158730159
Reyranella.2,Christensenellaceae.7,0.7658227848101267
Devosia.9,Christensenellaceae.7,0.7658227848101267
Terrisporobacter.1,midas_g_97954.1,0.7657968432912251
NK4A214_group.4,Syntrophomonadaceae.1,0.7656703482903606
Rhodococcus.4,Leucobacter.1,0.7656703482903605
Parapusillimonas.1,Devosia.9,0.7656601771419042
midas_g_2178.3,Rhizobiaceae.1,0.7656186836719145
Hydrogenophaga.7,Monoglobus.13,-0.7656186836719144
Parapusillimonas.1,Lachnoclostridium.2,0.765610324871715
Desulfovibrio.2,Ca_Phosphitivorax.1,-0.7655318158241112
Christensenellaceae_R-7_group.1,Papillibacter.1,-0.7654545454545456
Christensenellaceae_R-7_group.2,Cryptanaerobacter.1,0.7654432450185562
midas_g_15299.1,Afipia.3,-0.7654432450185562
Methanosarcina.1,Bellilinea.1,-0.7654432450185562
Methanobacterium.1,midas_g_92370.1,0.7654432450185562
Romboutsia.1,midas_g_84729.1,-0.765437860012612
Ca_Phosphitivorax.1,Cryptanaerobacter.1,0.7652897811926284
midas_g_95534.1,Bacteria (unclassified).39,0.7651838531450622
Anaerovorax.12,Dechlorobacter.1,0.7651838531450621
Fermentimonas.2,Christensenellaceae_R-7_group.2,-0.7649690275328731
Acinetobacter.1,EBM-39.1,0.7649690275328731
Azoarcus.2,Oscillibacter.3,0.764858020947543
Proteiniborus.5,Ruminiclostridium.13,0.7647830072173036
Sphingopyxis.3,Dysgonomonadaceae.1,0.764705882352941
midas_g_8129.1,midas_g_97954.1,0.7646780216702322
Rhodococcus.4,Sphingopyxis.5,0.7644707871564383
Hydrogenophaga.5,Tissierella.5,0.7644707871564382
Acinetobacter.1,Brevundimonas.3,0.7644454613944875
HN-HF0106.5,midas_g_97954.1,0.7643286904908372
Clostridiaceae.1,Colidextribacter.6,0.7642590021602372
Clostridiaceae.1,Propionicicella.4,0.7642590021602372
midas_g_6187.2,Propionicicella.1,-0.7642136410315954
Ercella.1,midas_g_554.2,0.7641894617527041
Clostridium_sensu_stricto_5.1,Pelotomaculum.2,0.7641528458552852
Caproiciproducens.1,Christensenellaceae_R-7_group.42,0.7640469123613454
Propionibacteriaceae.3,NK4A214_group.2,0.7640469123613454
Hydrogenophaga.7,Aminiphilus.1,-0.7640075150109437
midas_g_669.2,Caproiciproducens.2,0.7637832068798205
midas_g_35108.1,Petrimonas.4,0.7636363636363636
midas_g_114295.1,Trichloromonas.1,0.7635917532535971
Romboutsia.3,Oscillibacter.4,0.7635770338487894
Limnobacter.1,Anaerostignum.2,0.7635358622795744
midas_g_76603.1,midas_g_92370.1,0.7633651969423904
Petrimonas.1,Monoglobus.13,-0.7631303605406297
Clostridium_sensu_stricto_13.1,Aquamicrobium.2,0.7631215368814602
Limnobacter.1,Comamonadaceae.3,0.7628745357700665
Proteiniphilum.14,Caproiciproducens.1,0.7627851576806575
Ca_Phosphitivorax.1,midas_g_554.2,0.7627851576806575
Romboutsia.3,Anaerovorax.12,0.7625979129109683
midas_g_114295.1,Azoarcus.2,0.7625707948759055
Brevundimonas.3,Aminiphilus.1,-0.7625169498217284
Thermovirga.2,midas_g_112760.1,-0.7623677143624369
Fermentimonas.2,Azoarcus.2,0.7623677143624369
Ercella.1,Cryptanaerobacter.1,0.7621435200131529
midas_g_21833.1,Phenylobacterium.4,0.7620634755325443
midas_g_110683.3,Devosia.9,0.7620177734148994
midas_g_110683.3,Methanobacterium.96,0.7620177734148994
Ruminiclostridium.9,XBB1006.1,0.761904761904762
midas_g_112760.1,Aminiphilus.1,0.7619047619047616
midas_g_21833.1,midas_g_9269.1,-0.7616867247541252
Clostridiaceae.1,Lutispora.3,0.7615353840256643
Alcaligenes.3,Hydrogenophaga.5,0.7615353840256642
Bradyrhizobium.2,Sporanaerobacter.1,0.7615353840256642
midas_g_35108.1,midas_g_85764.2,0.7615090963974781
Acetobacterium.1,Acinetobacter.2,0.7615027010039843
Dysgonomonas.1,Petrimonas.4,-0.7615027010039843
Romboutsia.1,Methanobacterium.5,-0.7615027010039843
Christensenellaceae_R-7_group.63,EBM-39.1,0.7615027010039843
Christensenellaceae_R-7_group.1,Clostridium_sensu_stricto_13.1,-0.7613131920073335
Thiobacillus.1,Bradyrhizobium.2,-0.7611934814529631
Alcaligenes.3,JGI-0000079-D21.1,0.7611934814529631
Fermentimonas.2,midas_g_669.2,0.7610710498699009
Ercella.6,Propionibacteriaceae.3,0.7610477664362301
Dehalobacterium.1,Lutispora.3,0.7610477664362301
HN-HF0106.10,Christensenellaceae.7,0.7610477664362301
Hungateiclostridiaceae.27,midas_g_3409.1,-0.7608597525334152
midas_g_9269.1,midas_g_92370.1,0.7608597525334152
Bacteroides.1,Erysipelothrix.1,0.7607142857142856
Petrimonas.1,EBM-39.1,0.7607142857142856
Burkholderiales.1,Thiobacillus.1,-0.7607142857142856
Methanobacterium.1,Burkholderiales.1,-0.7607142857142856
Phenylobacterium.4,Sphaerochaeta.1,-0.7604524849452531
Phenylobacterium.1,Clostridiaceae.6,0.7604128186046332
midas_g_49834.1,Clostridium_sensu_stricto_1.7,0.7604128186046332
Ruminiclostridium.13,Syntrophomonas.2,0.7604128186046332
Burkholderiales.1,Hydrogenophaga.1,-0.7603912185150518
Acinetobacter.1,Thermovirga.2,0.7602862254025043
Pseudarcobacter.1,Thauera.1,0.7602646196067664
Christensenellaceae_R-7_group.63,Oscillibacter.3,0.7602631123499285
midas_g_110683.3,Proteiniphilum.14,0.7602237272277915
XBB1006.1,Colidextribacter.4,0.7602237272277915
midas_g_3064.1,Ercella.1,0.7602055998955507
Christensenellaceae_R-7_group.63,Camelimonas.2,0.7601934282783859
NK4A214_group.4,Oscillibacter.2,0.7601934282783859
Desulfosporosinus.1,Bradyrhizobium.2,0.7601520456152052
Methanobacterium.1,midas_g_97311.1,0.7601256509887068
midas_g_2901.1,midas_g_36215.1,-0.7596070950968951
Syner-01.1,Desulfovibrio.1,0.7596070950968951
Methanobacterium.4,Romboutsia.1,-0.7596070950968951
Oscillibacter.3,Camelimonas.2,0.759504847133207
midas_g_114295.1,Oscillibacter.3,0.759504847133207
Taibaiella.1,Camelimonas.2,0.759504847133207
Desulfuromonadaceae.1,midas_g_669.2,0.7594922899872372
Oscillibacter.3,midas_g_93128.1,0.7592751156851523
Christensenellaceae_R-7_group.1,midas_g_112760.1,0.7592751156851523
Alcaligenes.3,midas_g_94288.1,-0.7592566023652966
midas_g_5574.1,Christensenellaceae_R-7_group.4,0.7590721152765898
Brevundimonas.3,midas_g_76603.1,-0.7590721152765898
midas_g_9269.1,midas_g_84729.1,0.7590592111791736
midas_g_5574.1,Methanomethylophilaceae.1,0.7587607086896014
Reyranella.2,Clostridiaceae.6,0.7587415610833931
Monoglobus.13,Bacteria (unclassified).39,0.7587415610833931
Monoglobus.13,Azorhizobium.1,0.7587030065189146
Clostridium_sensu_stricto_5.1,Microvirga.1,0.7587030065189146
Thermovirga.1,Azorhizobium.1,0.7587030065189146
Rhizobiaceae.1,Desulfosporosinus.3,0.7587030065189146
Parapusillimonas.1,Anaerovorax.13,0.7587030065189146
Lutispora.3,midas_g_103381.1,0.7587030065189146
Rhizobiaceae.1,midas_g_82137.1,0.7587030065189146
Thermovirga.2,midas_g_93469.1,0.75867586102412
Christensenellaceae_R-7_group.38,Veillonellales-Selenomonadales.2,0.7585894344159073
Colidextribacter.6,NK4A214_group.2,0.7585894344159073
Ruminiclostridium.10,Pseudomonas.2,0.7585894344159073
Desulfovibrio.3,midas_g_82137.3,0.7585894344159073
Christensenellaceae_R-7_group.38,Oxobacteraceae.3,0.7585894344159073
Colidextribacter.6,Oxobacteraceae.3,0.7585894344159073
Lachnospiraceae.3,Pseudomonas.2,0.7585894344159072
Hungateiclostridiaceae.12,Stappia.1,0.7585894344159072
Proteiniphilum.5,Pseudomonas.2,0.7585894344159072
Propionicicella.4,NK4A214_group.2,0.7585894344159072
Hungateiclostridiaceae.28,Christensenellaceae_R-7_group.42,0.7585894344159072
Propionicicella.4,Oxobacteraceae.3,0.7585894344159072
Limnobacter.1,Terrisporobacter.1,0.7585893435896607
Methanosarcina.1,Aquamicrobium.2,0.7585893435896607
midas_g_97954.1,Christensenellaceae_R-7_group.2,-0.7585893435896607
midas_g_5574.2,Trichloromonas.1,0.7585337716452867
Aquamicrobium.2,Trichloromonas.1,0.7584955557031237
midas_g_3064.1,Cryptanaerobacter.1,0.7584955557031237
midas_g_669.2,Petrimonas.4,-0.7582303232794741
midas_g_97954.1,Petrimonas.4,-0.7582303232794741
midas_g_85764.2,midas_g_76603.1,0.7581753965757455
Proteiniphilum.14,Christensenellaceae_R-7_group.57,0.7579877667518483
Syntrophomonas.3,Christensenellaceae_R-7_group.38,0.7579877667518483
Methanoculleus.1,Pseudomonas.2,0.757601621565181
midas_g_76603.1,midas_g_554.2,0.7575353159242235
Monoglobus.2,midas_g_84729.1,-0.7575170450766379
Sulfurospirillum.1,Clostridium_sensu_stricto_1.7,-0.7574735861838574
midas_g_2178.1,Ca_Phosphitivorax.1,0.7574735861838574
Methanosarcina.1,midas_g_35108.1,-0.7574735861838573
midas_g_3064.1,midas_g_85764.2,0.7574141472643553
midas_g_669.2,Methanoculleus.1,0.7574141472643552
Limnobacter.1,Azoarcus.2,0.7574141472643552
Desulfovibrio.1,Monoglobus.1,-0.7573643890406152
EBM-39.1,Terrisporobacter.1,0.7571428571428571
Methanosarcina.1,Romboutsia.1,0.7571428571428571
Methanobacterium.4,Clostridium_sensu_stricto_13.1,-0.7569534125331466
midas_g_2178.1,midas_g_49937.1,0.7569329949013608
Dysgonomonas.1,midas_g_2604.3,-0.7569329949013608
Aminiphilus.1,midas_g_30443.1,0.7568825881235381
Dechlorobacter.1,Symbiobacterium.2,0.7568773656126431
Dehalobacterium.1,NK4A214_group.3,0.7568773656126431
Syntrophomonas.28,Ercella.1,0.7568299343549616
Reyranella.2,Bradyrhizobium.2,0.756435355730556
HN-HF0106.10,Caproiciproducens.1,0.756435355730556
Parapusillimonas.1,Methanobacterium.96,0.756435355730556
Christensenellaceae_R-7_group.1,Monoglobus.13,0.756355804081796
Petrimonas.1,midas_g_114295.1,0.7562772592829499
Dysgonomonas.1,midas_g_92370.1,-0.7562762600482742
Methanobacterium.3,Flavobacterium.3,-0.7562762600482742
Desulfovibrio.2,Sedimentibacter.8,0.7561538914024003
Lutispora.3,Clostridium_sensu_stricto_1.7,0.7560426299919629
Thermovirga.1,Methanobacterium.5,0.7560426299919629
midas_g_2901.1,Lentimicrobium.1,-0.7560324734729097
Dehalobacterium.1,Bacteria (unclassified).1,0.7556962025316455
Thermovirga.1,Syntrophobotulaceae.7,0.7556673336396147
HN-HF0106.10,Christensenellaceae_R-7_group.42,0.7556673336396147
Sphingopyxis.3,Lutispora.3,0.7556673336396147
Brevundimonas.3,Camelimonas.2,0.755554967790245
midas_g_669.2,Methanomethylophilaceae.1,0.7555531788435583
Syner-01.9,Thermovirga.1,0.755437288211795
midas_g_5574.1,Monoglobus.13,-0.7554372882117949
Romboutsia.3,midas_g_9269.1,-0.7553828441899634
midas_g_36376.1,midas_g_76603.1,-0.7552384177246878
Christensenellaceae_R-7_group.61,Proteiniphilum.15,0.7552384177246878
Petrimonas.2,midas_g_2604.3,0.755201373094654
Syner-01.9,Ercella.1,0.7550044675574749
Azoarcus.2,Alcaligenaceae.1,0.7550044675574747
Intestinimonas.1,Methanomethylophilaceae.1,0.7549840076858031
Christensenellaceae_R-7_group.65,Paracoccus.4,0.7549611446732408
Brevundimonas.3,Methanobacterium.5,-0.7549611446732408
Sporomusaceae.2,Dehalobacterium.3,0.754948027392728
Proteiniphilum.14,Oxobacteraceae.3,0.754948027392728
Desulfuromonadaceae.1,Christensenellaceae_R-7_group.3,0.754806778623548
Proteiniborus.5,Proteiniphilum.14,0.7545454545454545
Rhodococcus.4,Anaerovorax.12,0.7545454545454545
Thauera.1,midas_g_3595.1,0.7544013963193107
midas_g_114295.1,midas_g_92370.1,-0.7543918526119874
Clostridium_sensu_stricto_13.1,midas_g_92370.1,-0.7543918526119874
Camelimonas.2,midas_g_92370.1,-0.7543918526119874
Monoglobus.2,midas_g_92370.1,-0.7543918526119874
midas_g_2178.1,Aminiphilus.1,0.7543096136184919
midas_g_82137.2,Sphingopyxis.5,0.7539682539682541
Petrimonas.2,midas_g_92370.1,0.753870582802495
Christensenellaceae_R-7_group.1,midas_g_92370.1,0.753870582802495
midas_g_3064.1,Pelolinea.3,0.7538705828024949
midas_g_3064.1,Methanothrix.1,0.7538705828024949
Shinella.1,Syntrophomonas.15,0.7538376974776525
Reyranella.2,midas_g_36215.9,0.7538376974776525
Enterococcus.5,midas_g_103381.1,0.7538376974776525
midas_g_95485.1,Clostridium_sensu_stricto_7.2,0.7538376974776525
Christensenellaceae.7,Anaerovorax.13,0.7538376974776525
Caproiciproducens.1,midas_g_36215.9,0.7538376974776525
Bacteria (unclassified).1,midas_g_36215.9,0.7538376974776525
midas_g_3595.1,Syntrophomonadaceae.1,0.7536922104227614
Methanobacterium.1,Methanobacterium.2,-0.7535714285714286
Petrimonas.1,Proteiniphilum.1,-0.7535714285714286
Christensenellaceae_R-7_group.2,Lentimicrobium.1,0.7535714285714286
midas_g_98124.1,Desulfovibrio.1,-0.7535248119459949
Brevundimonas.3,Monoglobus.13,-0.7534648670937486
midas_g_15299.1,midas_g_49834.1,-0.7534459651022968
Methanobacterium.2,Clostridiaceae.6,0.7534459651022968
Sphaerochaeta.1,Brevundimonas.5,-0.7534444713637305
Devosia.1,midas_g_94288.1,-0.7534444713637305
midas_g_15299.1,Proteiniphilum.14,-0.7534444713637305
Romboutsia.1,midas_g_95534.1,-0.7534444713637305
Colidextribacter.1,midas_g_110683.3,0.7533687847331638
Hydrogenophaga.5,Desulfovibrio.4,0.7533687847331638
Syntrophomonas.3,Christensenellaceae.7,0.7531903758230392
Methanobacterium.5,Bacteria (unclassified).39,0.7531903758230392
Proteiniphilum.14,Desulfovibrio.3,0.7531903758230392
Methanobacterium.5,midas_g_554.2,0.7531903758230392
Alcaligenes.3,Pelotomaculum.1,0.7531650283691416
Monoglobus.13,Proteiniphilum.12,0.7531650283691416
Colidextribacter.1,Bacteria (unclassified).35,0.7531650283691415
Sphaerochaeta.7,Erysipelothrix.3,0.7531650283691415
Methanobacterium.61,Thauera.1,0.7531650283691415
Thermovirga.1,Proteiniphilum.12,0.7531650283691415
Veillonellales-Selenomonadales.6,Ralstonia.1,0.7531650283691415
Dehalobacterium.1,Devosia.9,0.7531645569620253
Christensenellaceae_R-7_group.57,NK4A214_group.2,0.7531319564704689
Fermentimonas.2,Comamonadaceae.3,0.7531305903398926
Sphingopyxis.5,Methanobacterium.96,0.7530528584335476
Thiobacillus.1,Monoglobus.1,-0.7529232524210427
Burkholderiales.1,Monoglobus.1,0.7529232524210426
Mesotoga.1,Monoglobus.1,-0.7529232524210426
midas_g_5574.1,Syner-01.1,0.7528517213141737
midas_g_2604.3,Rhodococcus.1,-0.7526805623457352
midas_g_3409.1,midas_g_49937.1,0.7526805623457352
Syner-01.1,Christensenellaceae_R-7_group.93,0.7526805623457352
Thermovirga.2,midas_g_77817.1,0.7523648220268876
Brevundimonas.3,Aquamicrobium.2,0.7523252395030132
Brevundimonas.3,Hyphomonas.1,0.7523252395030132
Monoglobus.2,Monoglobus.13,-0.7522636777300047
midas_g_21833.1,Alcaligenes.3,0.752150445135045
Methanoculleus.1,midas_g_515.2,0.752150445135045
Aquamicrobium.2,Phenylobacterium.4,0.7521398046336106
Methanobacterium.4,HN-HF0106.5,-0.7521017334119124
midas_g_114295.1,Syner-01.9,-0.7519049437912583
Ruminiclostridium.13,Christensenellaceae.7,0.7518229450248818
midas_g_3595.1,midas_g_97954.1,0.7518181818181819
midas_g_110683.3,Proteiniborus.5,0.7517296073704977
EBM-39.1,Bellilinea.1,-0.7516927675631332
Romboutsia.1,midas_g_92370.1,-0.7516927675631331
Geobacteraceae.1,Hungateiclostridiaceae.27,-0.7516927675631331
Desulfosporosinus.2,midas_g_82137.1,0.7516901990018106
Petrimonas.4,Proteiniphilum.12,0.7516901990018106
Syntrophomonas.15,Brevundimonas.5,0.7516901990018106
Proteiniphilum.14,Proteiniphilum.17,0.7516901990018106
Desulfosporosinus.2,Desulfosporosinus.3,0.7516901990018106
Proteiniphilum.14,Methylobacter.1,0.7516901990018104
Sporomusaceae.2,Peptococcaceae.4,0.7516901990018104
Syntrophomonas.2,Anaerovorax.13,0.7516901990018104
midas_g_49834.1,Syntrophomonas.2,0.7516724413792926
Lachnoclostridium.1,Aminiphilus.1,-0.7514653949505282
Methanobacterium.1,Petrimonas.2,0.7513818438880961
midas_g_3595.1,Christensenellaceae_R-7_group.3,0.7513818438880961
Lutispora.3,midas_g_2178.3,0.7513271349100388
Thermovirga.2,Azoarcus.2,0.7512921543474862
midas_g_93469.1,Monoglobus.13,-0.7511502450750251
Comamonadaceae.1,Devosia.2,0.7510137813776575
Christensenellaceae_R-7_group.1,Ercella.1,0.750900757791566
Aquamicrobium.1,Dehalobacterium.1,0.7508116296882097
midas_g_98017.1,Christensenellaceae_R-7_group.93,0.7508116296882097
Syntrophomonas.22,midas_g_82137.2,0.7508116296882097
Proteiniphilum.15,Christensenellaceae_R-7_group.57,0.7508116296882097
midas_g_35108.1,midas_g_49937.1,0.7507916803586346
midas_g_2604.3,Methanobacterium.5,0.7507916803586346
Rummeliibacillus.2,Christensenellaceae_R-7_group.38,0.750632911392405
Romboutsia.1,midas_g_4301.4,0.7506210580506754
Methanosarcina.1,Christensenellaceae_R-7_group.44,-0.7506210580506754
Petrimonas.1,midas_g_93469.1,0.7506210580506754
Christensenellaceae_R-7_group.2,Christensenellaceae_R-7_group.44,0.7506210580506754
midas_g_93469.1,Syntrophomonas.1,0.7503992386621482
Sphingosinicella.1,Syntrophomonadaceae.1,0.7503992386621482
Cryptanaerobacter.1,Family_XI.4,0.7502754610786493
Bellilinea.1,Soehngenia.5,0.7502754610786493
midas_g_119665.1,midas_g_2424.1,0.7502754610786493
Syntrophomonas.15,Trichloromonas.1,0.7502754610786492
Pelotomaculum.1,Sedimentibacter.18,0.7502754610786492
Acinetobacter.1,Limnobacter.1,0.7502501344689071
Aquamicrobium.2,Intestinimonas.1,0.7502501344689071
Syntrophobacter.1,Parapusillimonas.1,0.7501500450150052
Christensenellaceae_R-7_group.63,Fermentimonas.2,0.750085374877296
Fermentimonas.2,Pelolinea.3,-0.7500710268377813
Acinetobacter.1,Pelolinea.3,-0.7500710268377813
Acinetobacter.1,Methanothrix.1,-0.7500710268377813
Acinetobacter.1,Cryptanaerobacter.1,-0.7500710268377813
Comamonadaceae.3,Syntrophobotulaceae.7,-0.7500710268377813
Thermovirga.2,Methanothrix.1,-0.7500710268377813
Thermovirga.2,Pelolinea.3,-0.7500710268377813
Thermovirga.2,Cryptanaerobacter.1,-0.7500710268377813
Fermentimonas.2,Methanothrix.1,-0.7500710268377813
Fermentimonas.2,Cryptanaerobacter.1,-0.7500710268377813
Proteiniborus.5,Desulfosporosinus.2,0.7499999999999999
midas_g_91392.1,Tissierella.5,0.7499999999999999
Desulfobulbus.1,Mesotoga.1,0.7499999999999999
Acinetobacter.2,HN-HF0106.5,0.7499999999999999
Dehalobacter.2,Methanobacterium.20,0.7497771504927777
Ca_Phosphitivorax.1,Pelolinea.3,0.7497771504927777
Ca_Phosphitivorax.1,Methanothrix.1,0.7497771504927777
Desulfosporosinus.2,midas_g_82137.3,0.7497771504927777
Tissierella.5,Thermobrachium.2,0.7497771504927776
Rhodococcus.4,Bosea.5,0.7497771504927776
Lachnospiraceae.3,Tissierella.5,0.7497771504927776
Mesotoga.1,Clostridiaceae.6,-0.7495722069269637
Methanobacterium.4,Comamonadaceae.3,-0.7495527728085868
Dehalobacterium.1,Parapusillimonas.1,0.7495167396720448
Veillonellales-Selenomonadales.6,Hungateiclostridiaceae.28,0.7495167396720448
Monoglobus.13,midas_g_554.2,0.7495167396720448
Bradyrhizobium.2,Devosia.9,0.7495167396720448
midas_g_91392.1,Colidextribacter.1,0.7494873470729575
Fermentimonas.2,midas_g_93469.1,0.7494462276783278
Dysgonomonas.1,Ca_Phosphitivorax.1,-0.7494153565436036
Mesotoga.1,Clostridium_sensu_stricto_1.7,-0.7494153565436036
Syner-01.9,midas_g_93469.1,-0.7493701058592848
midas_g_36376.1,Aminiphilus.1,-0.7493701058592848
Aquamicrobium.2,midas_g_77817.1,0.7492456099018661
Proteiniphilum.2,Methanobacterium.2,-0.7492147564769073
Christensenellaceae_R-7_group.4,Romboutsia.1,0.7491586361589375
Romboutsia.1,Phenylobacterium.4,0.7491586361589375
EBM-39.1,Sphingosinicella.1,0.7491586361589375
midas_g_9269.1,Synergistaceae.2,-0.7491586361589375
Sphingosinicella.1,midas_g_9269.1,-0.7491586361589375
NK4A214_group.4,Clostridia.9,0.749025340718831
midas_g_112760.1,midas_g_35108.1,0.749025340718831
Pelotomaculum.2,Syntrophomonas.3,0.749025340718831
midas_g_5574.2,midas_g_77817.1,0.7488709210510792
XBB1006.1,midas_g_2604.2,0.7488709210510792
Lachnospiraceae.3,Oscillibacter.4,0.7488709210510792
Hydrogenophaga.5,Comamonadaceae.6,0.7488709210510792
Desulfosporosinus.1,Geobacteraceae.1,-0.7487767802667671
Enterococcus.5,Proteiniphilum.15,0.7485704009428717
Proteiniclasticum.1,Sphingosinicella.1,0.7485704009428717
EBM-39.1,Bacteria (unclassified).39,-0.7484281297901096
midas_g_2178.1,midas_g_84729.1,0.7484281297901095
Pelotomaculum.4,Dehalobacterium.1,0.74839298489423
Petrimonas.4,midas_g_554.2,0.74839298489423
Proteiniphilum.14,Propionicicella.4,0.74839298489423
Petrimonas.4,Bacteria (unclassified).39,0.74839298489423
Proteiniphilum.14,Colidextribacter.6,0.74839298489423
Sporomusaceae.2,Reyranella.2,0.74839298489423
Ca_Phosphitivorax.1,Bacteria (unclassified).39,0.74839298489423
midas_g_97954.1,Syntrophomonas.1,0.7483411187516227
Limnobacter.1,midas_g_5574.2,0.7483411187516227
midas_g_77185.2,Colidextribacter.6,0.7481012658227849
midas_g_77185.2,Propionicicella.4,0.7481012658227849
Reyranella.2,Caproiciproducens.1,0.7481012658227849
midas_g_3595.1,Devosia.1,0.7480663779272024
Sedimentibacter.11,Desulfosporosinus.2,0.7480663779272024
midas_g_97954.1,Ca_Phosphitivorax.1,-0.7480663779272024
midas_g_669.2,Ca_Phosphitivorax.1,-0.7480663779272024
Christensenellaceae_R-7_group.63,midas_g_114295.1,0.7480626820824543
midas_g_85764.2,Christensenellaceae_R-7_group.42,0.7479420879632183
Methanosarcina.1,Oscillibacter.3,0.747778094037314
Methanobacterium.96,midas_g_82137.1,0.7477583612076715
Bacteria (unclassified).39,Family_XI.4,0.7477583612076715
midas_g_84729.1,Family_XI.4,0.7477583612076715
Rummeliibacillus.2,Proteiniborus.4,0.7477583612076715
Syntrophomonas.15,Christensenellaceae_R-7_group.93,0.7477583612076715
midas_g_84729.1,Christensenellaceae_R-7_group.56,0.7477583612076715
midas_g_76594.1,Christensenellaceae_R-7_group.19,0.7477583612076715
Pseudoxanthomonas.2,Comamonadaceae.18,0.7477583612076715
Stappia.1,Proteiniphilum.13,0.7477583612076715
Methanobacterium.96,Desulfosporosinus.3,0.7477583612076715
Methanobacterium.96,Ruminiclostridium.2,0.7477583612076715
Christensenellaceae_R-7_group.57,midas_g_36215.9,0.7477583612076715
Christensenellaceae.7,midas_g_36215.9,0.7477583612076715
Caproiciproducens.1,Anaerovorax.13,0.7477583612076715
HN-HF0106.17,Hungateiclostridiaceae.28,0.7477583612076715
midas_g_91392.2,Soehngenia.5,0.7477583612076715
Paludibacter.3,Pseudoxanthomonas.2,0.7476744785250308
Propionibacteriaceae.3,Oxobacteraceae.3,0.7476744785250308
Propionibacteriaceae.3,Veillonellales-Selenomonadales.2,0.7476744785250308
Christensenellaceae_R-7_group.57,Oxobacteraceae.3,0.7476744785250308
Proteiniclasticum.1,Comamonadaceae.6,0.7476744785250308
midas_g_98017.1,Alcaligenaceae.1,0.7475710226208838
Dehalobacter.2,midas_g_2178.3,0.7474825474418508
midas_g_2178.3,Phenylobacterium.1,0.7474825474418508
midas_g_110683.3,Syntrophomonas.2,0.7474825474418508
Sphingosinicella.1,midas_g_91392.1,0.7474825474418508
Ruminiclostridium.13,Caproiciproducens.1,0.7472105343192078
HN-HF0106.10,Desulfovibrio.3,0.7472105343192078
Ruminiclostridium.13,Colidextribacter.6,0.7472105343192078
Ruminiclostridium.13,Propionicicella.4,0.7472105343192078
Rhizobiaceae.1,midas_g_95485.1,0.7472105343192077
Parapusillimonas.1,midas_g_77185.2,0.7472105343192077
EBM-39.1,Pelolinea.3,-0.7471092750779922
EBM-39.1,Methanothrix.1,-0.7471092750779922
Christensenellaceae_R-7_group.2,Syntrophobotulaceae.7,0.7471092750779922
Methanobacterium.1,Syntrophobotulaceae.7,0.7471092750779922
Burkholderiales.1,Syntrophobotulaceae.7,-0.7471092750779922
Methanosarcina.1,Lachnoclostridium.9,0.7471092750779921
midas_g_3409.1,Bellilinea.1,0.7471092750779921
Comamonadaceae.6,Ruminiclostridium.10,0.7470588235294117
Comamonadaceae.6,Proteiniphilum.5,0.7470588235294117
midas_g_30443.1,midas_g_91392.2,0.7470052728308757
Romboutsia.1,midas_g_21833.1,0.7469325024828588
Hyphomonas.1,midas_g_36376.1,0.7468204206773814
midas_g_36376.1,Ca_Phosphitivorax.1,-0.7467550452746187
midas_g_36376.1,Petrimonas.4,-0.7467550452746187
Clostridiaceae.1,Leucobacter.1,0.7465111597053495
Thiobacillus.1,LNR_A2-18.1,0.7464285714285712
Romboutsia.1,Aminivibrio.1,0.7464285714285712
JGI-0000079-D21.1,Sphaerochaeta.1,-0.7464285714285712
Aquamicrobium.1,Stenotrophomonas.4,0.7463291721975339
Proteiniphilum.15,Propionicicella.4,0.7463291721975338
Proteiniphilum.15,Colidextribacter.6,0.7463291721975338
Dehalobacterium.1,Sphingopyxis.5,0.7463291721975338
Dehalobacterium.1,midas_g_110683.3,0.7463291721975338
Christensenellaceae_R-7_group.4,Caproiciproducens.2,0.7463291721975338
Clostridiaceae.1,Christensenellaceae_R-7_group.38,0.7463291721975338
Thermovirga.1,midas_g_84729.1,0.7460574316427891
Actinomyces.4,Petrimonas.4,-0.7460335888567481
Oscillibacter.3,Petrimonas.4,-0.7460335888567481
Hydrogenophaga.5,midas_g_2178.3,0.7460317460317462
Petrimonas.2,Proteiniphilum.1,0.7459762191119229
Petrimonas.4,Azorhizobium.1,0.7459301208485399
Anaerovorax.12,midas_g_76594.1,0.7459301208485399
Proteiniborus.5,Clostridium_sensu_stricto_7.2,0.7459301208485399
Proteiniphilum.14,Oscillospiraceae.8,0.7459301208485399
Methanobacterium.5,Soehngenia.5,0.7459301208485399
midas_g_114295.1,midas_g_112760.1,-0.7459126949878396
Bradyrhizobium.2,Pseudomonas.1,0.7457243424075146
Pelotomaculum.3,midas_g_49834.1,-0.7456984487516305
Clostridium_sensu_stricto_5.1,Methanobacterium.3,-0.7456984487516305
Taibaiella.1,Thermovirga.1,-0.7456065613881271
midas_g_36376.1,midas_g_9269.1,-0.7455777916396407
Pseudoxanthomonas.2,Bacteria (unclassified).39,0.7455696202531645
Reyranella.2,Christensenellaceae_R-7_group.38,0.7455696202531645
Stappia.1,Desulfovibrio.3,0.7455696202531645
Lachnoclostridium.1,Methanosarcina.1,0.7455245020419601
Proteiniphilum.1,midas_g_36215.2,0.7455245020419601
Tissierella.5,Dehalobacter.2,0.7454545454545454
Devosia.1,NK4A214_group.4,0.7454545454545454
midas_g_2178.1,midas_g_76603.1,0.7453940198968323
Mesotoga.1,midas_g_110683.3,-0.7453940198968323
midas_g_3409.1,Methanobacterium.5,0.7453862417234767
Acetobacterium.1,Methanobacterium.4,-0.7453086086009535
Synergistaceae.2,Lutispora.3,0.7452021854406634
Romboutsia.3,Ruminiclostridium.9,0.7452021854406634
Clostridium_sensu_stricto_5.1,midas_g_110683.3,0.7452021854406634
midas_g_110683.3,Veillonellales-Selenomonadales.6,0.7452021854406634
Clostridium_sensu_stricto_5.1,Ruminococcaceae.9,0.7451490447149051
Dehalobacter.2,Lutispora.3,0.7451171584602871
Christensenellaceae_R-7_group.63,midas_g_6187.2,0.7448640888259486
Ruminococcaceae.9,Proteiniphilum.14,0.7448640888259486
Christensenellaceae_R-7_group.61,Enterococcus.5,0.7448400401560035
Methanobacterium.4,Petrimonas.2,0.7448396767684101
midas_g_3064.1,Bellilinea.1,0.7446206370012374
Proteiniphilum.5,Tissierella.5,0.7446062735928275
Ruminiclostridium.10,Tissierella.5,0.7446062735928275
Christensenellaceae_R-7_group.4,Hyphomonas.1,0.7445424328696347
Lachnoclostridium.1,Thermovirga.2,0.7443973132731181
Lachnoclostridium.1,midas_g_76603.1,-0.7442923544059982
Pannonibacter.1,Devosia.9,0.744175697234484
Pannonibacter.1,Sedimentibacter.11,0.7441743441865317
Hyphomonas.1,Syner-01.2,0.7441743441865317
Leucobacter.1,Rhizobiaceae.1,0.7441488446548851
midas_g_110683.3,midas_g_77185.2,0.7440879434521959
Thauera.1,Syner-01.2,0.7437615696639639
Clostridiaceae.10,Dehalobacterium.2,0.7437357441610947
Pelolinea.3,Soehngenia.5,0.7437228369644252
Allorhizobium-Neorhizobium-Pararhizobium-Rhizobium.1,Anaerovorax.8,0.7437228369644252
Syntrophomonas.15,midas_g_77817.1,0.7437228369644252
Methanothrix.1,Soehngenia.5,0.7437228369644252
Pseudomonas.10,Peptococcaceae.4,0.7437228369644252
Pseudomonas.1,Ruminiclostridium.2,0.7437228369644252
Dehalobacterium.3,midas_g_36215.3,0.7437228369644252
Bacteria (unclassified).35,Sphingopyxis.3,0.7437228369644252
Anaerovorax.8,HN-HF0106.17,0.7437228369644252
Lachnoclostridium.2,Anaerovorax.13,0.7437228369644252
Lachnoclostridium.2,Proteiniborus.4,0.7437228369644252
Methanobacterium.89,Clostridium_sensu_stricto_1.7,0.7435955939654209
EBM-39.1,Intestinimonas.1,0.7435212977889609
midas_g_2901.1,Christensenellaceae_R-7_group.2,-0.7435212977889609
midas_g_9269.1,midas_g_4301.4,-0.7432439469150423
Romboutsia.1,Azoarcus.2,0.7432439469150423
EBM-39.1,midas_g_112760.1,-0.7432439469150423
Clostridiaceae.1,Phenylobacterium.1,0.743235487513204
Christensenellaceae_R-7_group.4,HN-HF0106.5,0.743235487513204
Dehalobacter.2,Proteiniphilum.15,0.7432354875132039
Ercella.1,Syntrophobotulaceae.7,0.7432082772799068
Fermentimonas.2,Bellilinea.1,-0.7431896412704623
Thermovirga.2,Bellilinea.1,-0.7431896412704623
Acinetobacter.1,Bellilinea.1,-0.7431896412704623
Thermovirga.2,Trichloromonas.1,0.7431896412704623
Reyranella.2,Christensenellaceae_R-7_group.57,0.7430379746835442
Bradyrhizobium.2,Proteiniborus.5,0.7429320641539521
Dysgonomonas.1,midas_g_3409.1,-0.7428571428571428
Acetobacterium.1,Petrimonas.1,0.7428571428571428
Christensenellaceae_R-7_group.65,Desulfosporosinus.2,0.7426519955753075
midas_g_93469.1,midas_g_76603.1,-0.7426230807485508
Thermovirga.1,Pseudoxanthomonas.2,0.7425981236135336
Romboutsia.3,Hyphomicrobium.16,0.7425981236135336
Actinomyces.4,midas_g_21833.1,0.7425263998979797
midas_g_97954.1,Methanomethylophilaceae.1,0.7425263998979797
Pelotomaculum.3,Flavobacterium.3,-0.7425257825928511
Aminivibrio.1,Lachnoclostridium.9,0.7425257825928511
midas_g_669.2,midas_g_2178.1,-0.7423724692611406
Oscillibacter.3,Caproiciproducens.2,0.7423286224169041
Paludibacter.3,Rummeliibacillus.2,0.7422170005795927
Christensenellaceae.7,Veillonellales-Selenomonadales.2,0.7422170005795926
Christensenellaceae_R-7_group.38,NK4A214_group.2,0.7422170005795926
Thermovirga.1,Desulfurispora.1,0.7420890720695954
Sphaerochaeta.7,midas_g_9269.3,0.7420890720695954
Monoglobus.13,Desulfurispora.1,0.7420890720695954
Parapusillimonas.1,Proteiniborus.4,0.7420890720695954
Sphaerochaeta.7,midas_g_9269.2,0.7420890720695954
Christensenellaceae_R-7_group.4,midas_g_98017.1,0.7420634920634921
Oscillibacter.4,XBB1006.1,0.7420634920634921
Desulfovibrio.1,Desulfosporosinus.1,-0.7420625210016939
midas_g_5574.1,Terrisporobacter.1,0.741940826802374
EBM-39.1,Syner-01.9,-0.741940826802374
midas_g_114295.1,Terrisporobacter.1,0.7419402496282969
Camelimonas.2,Lentimicrobium.1,-0.7419402496282969
Desulfitibacter.9,Christensenellaceae_R-7_group.25,0.7418576235950312
Shinella.1,Oscillibacter.4,0.7418467147068579
Desulfobulbus.1,Thauera.1,0.7418246905762974
Acetobacterium.1,midas_g_8129.1,0.7417339869769682
Thermovirga.2,Lentimicrobium.1,-0.7417339869769682
midas_g_70329.2,Symbiobacterium.2,0.7416790249376904
Christensenellaceae_R-7_group.38,midas_g_82137.1,0.7416790249376904
Christensenellaceae.7,midas_g_36215.3,0.7416790249376904
Christensenellaceae_R-7_group.38,Desulfosporosinus.3,0.7416790249376904
Desulfuromonadaceae.1,Novosphingobium.1,0.7416790249376904
Ralstonia.1,Devosia.9,0.7416790249376904
Rummeliibacillus.2,Proteiniphilum.13,0.7416790249376904
Firmicutes.26,Syner-01.2,0.7416294036347271
Syner-01.1,midas_g_98017.1,0.7416294036347271
midas_g_21833.1,JGI-0000079-D21.1,0.741399669131134
Sphaerochaeta.1,Syntrophomonadaceae.1,-0.741399669131134
JGI-0000079-D21.1,Clostridia.9,0.7413996691311339
Acinetobacter.2,Desulfobulbus.1,0.7413571269033499
Paludibacter.3,Christensenellaceae_R-7_group.42,0.7411764705882353
midas_g_110683.3,Lutispora.3,0.7411188857944132
Hydrogenophaga.5,Colidextribacter.1,0.7411188857944132
Hyphomonas.1,midas_g_3595.1,0.740909090909091
Anaerostignum.2,Oscillibacter.3,0.7407437469876468
Sedimentibacter.8,Desulfosporosinus.2,0.7407028369330663
Comamonadaceae.3,Monoglobus.13,-0.7405493116757358
Thauera.1,midas_g_515.2,0.7405462184873949
Brevundimonas.3,midas_g_49937.1,-0.7405095748062592
midas_g_36376.1,midas_g_49937.1,-0.7405095748062592
midas_g_95485.1,Christensenellaceae_R-7_group.38,0.7405063291139241
Devosia.9,Desulfovibrio.3,0.7405063291139241
HN-HF0106.10,Methanobacterium.96,0.7402919182606966
midas_g_669.2,Christensenellaceae_R-7_group.93,0.7401831639706126
Aquamicrobium.2,Proteiniclasticum.1,0.7401831639706126
Colidextribacter.4,midas_g_112829.1,0.7401700426952694
Petrimonas.4,Desulfurispora.1,0.7401700426952694
Ca_Phosphitivorax.1,Christensenellaceae_R-7_group.56,0.7401700426952694
midas_g_35108.1,Oscillibacter.2,-0.7399755179518331
Acinetobacter.1,Terrisporobacter.1,0.7399466761649756
Methanobacterium.1,Sphingopyxis.1,-0.7399466761649754
Christensenellaceae_R-7_group.63,midas_g_3595.1,0.739935221645385
Desulfuromonadaceae.1,Syner-01.2,0.7399232646788582
EBM-39.1,midas_g_554.2,-0.7399232646788582
Syntrophomonas.1,midas_g_30443.1,-0.7399036275170798
Sphingopyxis.5,midas_g_77185.2,0.73960548596152
Synergistaceae.2,Christensenellaceae_R-7_group.19,0.73960548596152
Dysgonomonas.1,Ercella.1,-0.7395553913472257
Sulfurospirillum.1,Aminiphilus.1,-0.7395553913472256
Anaerovorax.1,Aminiphilus.1,0.7395553913472256
Ca_Phosphitivorax.1,Bellilinea.1,0.7394353966928773
midas_g_95534.1,midas_g_92370.1,0.7394353966928773
Clostridium_sensu_stricto_1.7,midas_g_82137.3,0.7394353966928773
Christensenellaceae_R-7_group.63,Pseudomonas.10,0.7394353966928773
Clostridium_sensu_stricto_1.7,Lachnoclostridium.2,0.7394353966928773
Sphingopyxis.1,Actinomyces.4,0.7394292190679133
midas_g_669.2,Intestinimonas.1,0.7394292190679133
Anaerostignum.2,Trichloromonas.1,0.7392080704568718
Clostridiaceae.1,midas_g_82137.3,0.7392080704568718
midas_g_3595.1,Ercella.2,0.7390909090909092
Monoglobus.1,Phenylobacterium.1,0.7389884275845571
Arenimonas.2,Synergistaceae.2,0.738988427584557
midas_g_97954.1,Methanoculleus.1,0.7388044630563858
Devosia.1,Proteiniclasticum.1,0.7387982030366117
midas_g_669.2,Aminivibrio.1,0.7387687194103584
Synergistaceae.2,Leucobacter.1,0.7387350017917521
midas_g_98017.1,Methanomethylophilaceae.1,0.7387350017917521
Colidextribacter.4,Rhizobiaceae.1,0.7385618755412817
Intestinimonas.1,midas_g_76603.1,-0.7385244788654756
Acetobacterium.1,midas_g_114295.1,0.7383559972146335
midas_g_2178.1,Christensenellaceae_R-7_group.25,-0.7383038619651076
Methanosarcina.1,Intestinimonas.1,0.7381593653529829
Anaerovorax.1,midas_g_2901.1,-0.7381593653529828
Methanobacterium.1,Proteiniphilum.6,0.7381593653529828
midas_g_110683.3,midas_g_82137.2,0.7380952380952381
Ruminiclostridium.13,Christensenellaceae_R-7_group.38,0.7379857129078595
Ruminiclostridium.13,Christensenellaceae_R-7_group.57,0.7379857129078595
Thiobacillus.1,Ruminiclostridium.13,-0.7379509324009642
Romboutsia.3,Sphaerochaeta.1,-0.7379509324009642
Proteiniphilum.1,Christensenellaceae_R-7_group.42,0.7379422901077101
Pannonibacter.1,Lachnoclostridium.2,0.7379422901077101
EBM-39.1,Cryptanaerobacter.1,-0.7379422901077101
Sphaerochaeta.1,Comamonadaceae.6,-0.7379422901077101
midas_g_3409.1,Methanothrix.1,0.7379422901077101
midas_g_3409.1,Pelolinea.3,0.7379422901077101
Acinetobacter.1,Sphingopyxis.1,0.7379248658318425
Aquamicrobium.2,Petrimonas.4,-0.7379024325749306
Terrisporobacter.1,Phenylobacterium.4,0.737864787372622
Lentimicrobium.1,midas_g_76603.1,0.7378647873726218
Aminivibrio.1,midas_g_76603.1,-0.7378647873726218
Sulfurospirillum.1,Caproiciproducens.1,-0.7377970484010455
Aminivibrio.1,Methanomethylophilaceae.1,0.7377111135633173
Proteiniphilum.1,Aminiphilus.1,0.7377111135633173
Oscillibacter.3,midas_g_30443.1,-0.7376457226346618
Clostridiaceae.1,Christensenellaceae.7,0.7373642572161822
Clostridiaceae.1,Christensenellaceae_R-7_group.57,0.7373642572161822
midas_g_2178.3,Rummeliibacillus.2,0.7373642572161822
Dysgonomonas.1,Methanobacterium.5,-0.737328012083223
Pelotomaculum.1,Sphingosinicella.1,0.737326788914382
Phenylobacterium.4,Novosphingobium.1,0.737326788914382
Methanomassiliicoccus.2,Novosphingobium.1,0.737326788914382
Lachnoclostridium.1,Syner-01.9,-0.7373048477953115
Phenylobacterium.4,Romboutsia.3,0.737035586148163
Hyphomonas.1,Firmicutes.26,0.7369450611056588
Christensenellaceae_R-7_group.4,Aquamicrobium.2,0.7369450611056588
midas_g_3595.1,Phenylobacterium.4,0.7369450611056588
Aquamicrobium.2,Syntrophomonadaceae.1,0.736943494635589
Anaerostignum.2,Syntrophomonadaceae.1,0.7367909623133527
Methanoculleus.1,Syntrophomonas.1,0.7367909623133526
Christensenellaceae.7,Oxobacteraceae.3,0.7367595226341545
Devosia.2,Dehalobacterium.3,0.7367595226341545
midas_g_114295.1,Sphingosinicella.1,0.7367360868485768
Camelimonas.2,midas_g_76603.1,-0.7367360868485768
Alcaligenes.3,Syntrophomonas.15,0.7365510939198223
midas_g_85764.2,Paracoccus.4,0.7365415850401837
Christensenellaceae_R-7_group.44,Methanobacterium.5,0.7365415850401837
EBM-39.1,Comamonadaceae.3,0.7363720545409901
Methanobacterium.4,Propionibacteriaceae.3,0.736328562100049
midas_g_114295.1,Proteiniclasticum.1,0.7361785367646199
Anaerostignum.2,midas_g_30443.1,-0.736069929965178
midas_g_36376.1,midas_g_98017.1,0.736069929965178
Brevundimonas.3,midas_g_98017.1,0.736069929965178
Dysgonomonas.1,Thermovirga.1,-0.7360140533132976
Romboutsia.1,Alcaligenes.3,0.7360140533132976
Limnobacter.1,Paraclostridium.1,0.73599636376956
Proteiniphilum.1,midas_g_85764.2,0.7358668357794091
Burkholderiales.1,Ercella.1,-0.7358668357794091
Petrimonas.2,Intestinimonas.1,-0.7358222472675819
Paludibacter.3,Lutispora.3,0.7357813511754144
Burkholderiales.1,Christensenellaceae_R-7_group.29,-0.7357142857142855
Parapusillimonas.1,Christensenellaceae_R-7_group.61,0.7357130770313304
Pannonibacter.1,midas_g_77185.2,0.7356708321232326
Lentimicrobium.1,Caproiciproducens.2,-0.7356708321232326
Christensenellaceae_R-7_group.2,Bacteria (unclassified).39,0.7356708321232326
Desulfovibrio.3,midas_g_36215.9,0.7355996886677094
midas_g_554.2,Family_XI.4,0.7355996886677094
Hyphomicrobium.16,midas_g_110651.1,0.7355996886677094
midas_g_70329.2,midas_g_51070.2,0.7355996886677094
Reyranella.2,midas_g_36215.3,0.7355996886677094
Caproiciproducens.1,midas_g_36215.3,0.7355996886677094
midas_g_110557.1,Hungateiclostridiaceae.28,0.7355996886677094
Rummeliibacillus.2,Anaerovorax.13,0.7355996886677094
Bacteria (unclassified).1,midas_g_36215.3,0.7355996886677094
Methanobacterium.96,midas_g_95485.1,0.7354430379746836
Methanobacterium.20,NK4A214_group.2,0.7352941176470589
midas_g_2604.2,Dehalobacterium.3,0.7352941176470589
midas_g_77817.1,Bacteria (unclassified).33,0.7352941176470589
Fermentimonas.2,Intestinimonas.1,0.7352415026833631
Taibaiella.1,Aminiphilus.1,-0.735082526214792
Clostridium_sensu_stricto_13.1,Methanomethylophilaceae.1,0.7348072950624622
midas_g_85764.2,midas_g_36215.2,0.7348072950624622
Lachnoclostridium.1,Methanobacterium.3,0.7347717448009703
Rhodococcus.4,midas_g_82137.2,0.7347413676559101
Pelotomaculum.4,Sphingopyxis.5,0.7347413676559101
Arenimonas.2,XBB1006.1,0.7347413676559101
Pelotomaculum.4,midas_g_82137.2,0.7347413676559101
midas_g_110683.3,Phenylobacterium.1,0.7347413676559101
Acetoanaerobium.1,midas_g_5574.1,0.734666897127841
Syner-01.9,Lentimicrobium.1,0.734666897127841
midas_g_36376.1,Methanobacterium.5,-0.7344458961766853
Methanomassiliicoccus.2,Bacteria (unclassified).33,0.734376645159768
Sphingosinicella.1,Trichloromonas.1,0.734376645159768
Brevundimonas.3,midas_g_4301.4,0.7343451413307777
Methanobacterium.20,Clostridium_sensu_stricto_1.7,0.7342645197929272
Arenimonas.2,Bosea.5,0.7342645197929272
Clostridium_sensu_stricto_1.7,Ruminiclostridium.13,0.7341916869286115
Bradyrhizobium.2,Clostridium_sensu_stricto_1.7,0.7341916869286114
Bradyrhizobium.2,Syntrophomonas.2,0.7341916869286114
Lutispora.3,Proteiniborus.5,0.7341916869286114
Hydrogenophaga.7,Anaerostignum.2,0.7341269841269843
Anaerostignum.2,Ruminiclostridium.9,0.7341269841269843
Hydrogenophaga.5,midas_g_9269.1,-0.7341001711105166
Hydrogenophaga.7,Methanosarcina.1,0.7341001711105166
midas_g_36215.1,Monoglobus.13,0.7340771742256311
EBM-39.1,Azoarcus.2,0.7340225579955009
Dehalobacter.2,Christensenellaceae_R-7_group.19,0.7340008121078025
Syntrophomonas.3,Caproiciproducens.1,0.7340008121078025
Limnobacter.1,Alcaligenaceae.1,0.7339758434175738
Taibaiella.1,midas_g_97311.1,-0.7339758434175738
Christensenellaceae_R-7_group.63,midas_g_2901.1,0.7339545066003649
Oscillibacter.3,Monoglobus.13,-0.7338801148132155
Actinomyces.4,Monoglobus.13,-0.7338801148132154
Methanobacterium.1,midas_g_2604.3,0.7335446158454199
Geobacteraceae.1,midas_g_49937.1,0.7335446158454199
Veillonellales-Selenomonadales.6,Propionicicella.4,0.7333733022021853
Veillonellales-Selenomonadales.6,Colidextribacter.6,0.7333733022021853
Desulfovibrio.2,Hungateiclostridiaceae.27,0.733358797622569
Mesotoga.1,midas_g_82137.3,-0.733358797622569
midas_g_3409.1,Cryptanaerobacter.1,0.733358797622569
Terrisporobacter.1,Devosia.1,0.733298897263096
Acetobacterium.1,Christensenellaceae_R-7_group.63,0.733298897263096
Acinetobacter.2,Syner-01.1,0.733298897263096
Rhodococcus.4,midas_g_9269.1,-0.733298897263096
midas_g_91392.1,midas_g_9269.1,-0.733298897263096
Proteiniphilum.1,Paracoccus.4,0.733298897263096
Synergistaceae.2,Colidextribacter.1,0.7329522865019128
Methanobacterium.96,Caproiciproducens.1,0.7329113924050632
midas_g_95485.1,Christensenellaceae.7,0.7329113924050632
Intestinimonas.1,Aminiphilus.1,-0.7328328876559018
Christensenellaceae_R-7_group.51,Cryptanaerobacter.1,0.7328132439746585
Taibaiella.1,Bacteria (unclassified).39,-0.7326740594085918
midas_g_36376.1,midas_g_4301.4,0.7324670207647144
Pelotomaculum.2,Proteiniphilum.14,0.7323803331473014
Rhodococcus.4,Syntrophobacter.1,0.7323803331473014
Petrimonas.2,midas_g_93469.1,-0.7322910735835965
Methanobacterium.1,midas_g_3409.1,0.7321428571428571
midas_g_36215.1,midas_g_2178.1,0.7321428571428571
Rhizobiaceae.1,Stenotrophomonas.2,0.7321428571428571
Oscillibacter.4,Peptococcaceae.4,0.7319448415500435
Proteiniphilum.15,Anaerovorax.13,0.7319448415500435
midas_g_82137.2,midas_g_82137.1,0.7319448415500435
midas_g_2178.3,midas_g_110557.1,0.7319448415500435
midas_g_76603.1,Azorhizobium.1,0.7319448415500435
midas_g_82137.2,Desulfosporosinus.3,0.7319448415500435
midas_g_669.2,Monoglobus.13,-0.7319257070507302
Lachnoclostridium.1,midas_g_49937.1,-0.7319108351022163
Monoglobus.2,midas_g_35108.1,-0.7318883538212119
Arenimonas.2,Colidextribacter.4,0.7318181818181817
Phenylobacterium.1,Desulfosporosinus.2,0.7318181818181817
Pelotomaculum.4,Tissierella.5,0.7318181818181817
Comamonadaceae.3,midas_g_30443.1,-0.7316835130490096
Thermovirga.2,Intestinimonas.1,0.7316636851520572
Rummeliibacillus.2,Proteiniborus.5,0.7316021166433979
Christensenellaceae_R-7_group.57,Christensenellaceae_R-7_group.42,0.7313020446887163
Caproiciproducens.1,Veillonellales-Selenomonadales.2,0.7313020446887163
EBM-39.1,Lachnoclostridium.1,0.7311874923873071
midas_g_114295.1,midas_g_93469.1,0.7311054950873366
Stenotrophomonas.2,Christensenellaceae.7,0.7310670968493483
midas_g_36376.1,Lentimicrobium.1,-0.7310299322905746
Aminivibrio.1,midas_g_30443.1,-0.7310299322905746
midas_g_98124.1,Christensenellaceae_R-7_group.3,-0.7310299322905746
midas_g_8129.1,Syner-01.1,0.7310101221050119
Methanobacterium.6,midas_g_51070.3,0.7309588438781547
Romboutsia.3,Sphingopyxis.5,0.7309106366787878
Aquamicrobium.1,Colidextribacter.1,0.7309106366787876
Romboutsia.3,Proteiniphilum.15,0.7309106366787876
midas_g_49834.1,Christensenellaceae_R-7_group.42,0.7308098555593643
Petrimonas.2,Syntrophobotulaceae.7,0.7307457182993509
Acetomicrobium.1,midas_g_119665.1,0.7306175887359772
Dehalobacterium.3,midas_g_36215.9,0.7306175887359772
Methanobacterium.20,midas_g_110651.1,0.7306175887359772
Syntrophomonas.15,Sedimentibacter.18,0.7306175887359772
Pelotomaculum.1,Trichloromonas.1,0.7306175887359772
Anaerovorax.8,midas_g_110557.1,0.7306175887359772
Clostridiaceae.1,Syntrophomonas.2,0.7304943077272632
Rhodococcus.4,Oscillibacter.4,0.7304943077272632
Pelotomaculum.2,Ruminococcaceae.9,0.7304761904761903
Rummeliibacillus.2,midas_g_95485.1,0.730379746835443
Brevundimonas.3,midas_g_95534.1,-0.7303428464773742
Syner-01.9,midas_g_35108.1,0.7303428464773742
Desulfobulbus.1,midas_g_98017.1,0.7303355548484114
Firmicutes.26,Christensenellaceae_R-7_group.3,0.7303355548484114
Christensenellaceae_R-7_group.4,Methanosarcina.1,0.7303355548484114
Aminivibrio.1,Aminiphilus.1,-0.7303340024276842
Christensenellaceae_R-7_group.44,Sulfurospirillum.1,-0.7303340024276842
midas_g_5574.1,Oscillibacter.3,0.730305964200486
Stenotrophomonas.1,Christensenellaceae_R-7_group.25,0.730305964200486
Clostridium_sensu_stricto_13.1,Camelimonas.2,0.7302158273381295
Syner-01.1,Thauera.1,0.7302034160502979
Hydrogenophaga.7,midas_g_5574.2,0.7301587301587302
midas_g_91392.1,Parapusillimonas.1,0.729821498315941
Christensenellaceae_R-7_group.51,Ercella.6,0.7297958136771909
Petrimonas.2,Anaerovorax.1,0.7297593447834028
Propionibacteriaceae.3,Xanthobacter.1,0.7296834114318987
Monoglobus.1,Lachnoclostridium.2,0.7295452198626643
Sphingosinicella.1,midas_g_77817.1,0.7295452198626643
Christensenellaceae_R-7_group.4,midas_g_669.2,0.729347689341683
Sulfurospirillum.1,Colidextribacter.6,-0.7292921832897943
Terrisporobacter.1,midas_g_84729.1,-0.7292921832897943
Sulfurospirillum.1,Propionicicella.4,-0.7292921832897943
midas_g_15299.1,Proteiniborus.5,-0.729269782442969
Monoglobus.2,Ercella.1,-0.7292545950997736
Clostridium_sensu_stricto_13.1,Ercella.1,-0.7292545950997736
Arenimonas.2,Bacteria (unclassified).1,0.7292034211789933
Christensenellaceae_R-7_group.4,Camelimonas.2,0.7291798192911556
Pelotomaculum.4,Comamonadaceae.6,0.729093642892977
Aminiphilus.1,Propionibacteriaceae.3,0.7290543140859131
Pelotomaculum.2,Flavobacterium.3,0.7290068452299723
JGI-0000079-D21.1,Trichloromonas.1,0.7287753051374278
Sedimentibacter.18,Pelotomaculum.3,0.7287753051374278
Desulfobulbus.1,Lachnoclostridium.2,-0.7287753051374278
Pseudolabrys.2,Christensenellaceae_R-7_group.38,0.7287608914965112
HN-HF0106.10,Christensenellaceae_R-7_group.57,0.7287608914965112
midas_g_515.2,Christensenellaceae_R-7_group.19,0.7287608914965112
Pelotomaculum.1,Brevundimonas.5,0.7286498863887282
Ralstonia.1,Phenylobacterium.1,0.7286498863887282
Syntrophomonas.15,midas_g_91392.1,0.7286498863887281
Proteiniphilum.14,Christensenellaceae.15,0.7286498863887281
Acinetobacter.1,Christensenellaceae_R-7_group.1,-0.7286083036669194
Syner-01.1,Ruminiclostridium.1,0.7285714285714285
Petrimonas.1,Christensenellaceae_R-7_group.2,-0.7285714285714285
Methanosarcina.1,Anaerovorax.1,-0.7285714285714285
Aminivibrio.1,midas_g_93128.1,0.7284897246437758
midas_g_110683.3,Syntrophomonas.22,0.7283993422348303
XBB1006.1,Pseudomonas.2,0.7283993422348303
Clostridiaceae.1,Caproiciproducens.1,0.7283993422348303
Taibaiella.1,midas_g_554.2,-0.7283831425160086
Taibaiella.1,midas_g_91392.2,-0.7283831425160086
Mesotoga.1,Rhizobiaceae.1,-0.7282665369626313
midas_g_21833.1,Devosia.1,0.728219081254419
midas_g_36376.1,Trichloromonas.1,0.7281456436945652
Christensenellaceae_R-7_group.51,Methanothrix.1,0.7281456436945651
Christensenellaceae_R-7_group.51,Pelolinea.3,0.7281456436945651
midas_g_8129.1,midas_g_30443.1,-0.7280432965661786
Veillonellales-Selenomonadales.6,Clostridiaceae.6,0.7279411764705882
Parapusillimonas.1,HN-HF0106.10,0.7279411764705882
Desulfuromonadaceae.1,Proteiniclasticum.1,0.7278481012658228
midas_g_77185.2,Christensenellaceae.7,0.7278481012658228
Aquamicrobium.2,Ca_Phosphitivorax.1,-0.7277384872226589
Actinomyces.4,Ca_Phosphitivorax.1,-0.7277384872226589
Oscillibacter.3,Ca_Phosphitivorax.1,-0.7277384872226589
midas_g_114295.1,Christensenellaceae_R-7_group.2,-0.7276032399736437
