node_a,node_b,rho,abs_rho,sign,qvalue,pvalue,cooccurrence,community_a,community_b,same_community,phylum_a,phylum_b,same_phylum
Proteiniphilum.5,Ruminiclostridium.10,1.0,1.0,positive,0.0,0.0,4,6,6,1,Bacteroidota,Firmicutes,0
Methanothrix.1,Pelolinea.3,1.0,1.0,positive,0.0,0.0,4,1,1,1,Halobacterota,Chloroflexi,0
Methanobacterium.55,midas_g_98374.1,0.9999999999999999,0.9999999999999999,positive,2.4429988447403086e-99,3.876914407497236e-103,3,10,10,1,Euryarchaeota,Chloroflexi,0
Methylobacter.1,Proteiniphilum.17,0.9999999999999999,0.9999999999999999,positive,2.4429988447403086e-99,3.876914407497236e-103,3,10,10,1,Proteobacteria,Bacteroidota,0
Colidextribacter.6,Propionicicella.4,0.9999999999999999,0.9999999999999999,positive,2.4429988447403086e-99,3.876914407497236e-103,5,4,4,1,Firmicutes,Actinobacteriota,0
Methanobacterium.37,midas_g_98374.1,0.9999999999999999,0.9999999999999999,positive,2.4429988447403086e-99,3.876914407497236e-103,3,10,10,1,Euryarchaeota,Chloroflexi,0
Christensenellaceae_R-7_group.87,Fastidiosipila.2,0.9999999999999999,0.9999999999999999,positive,2.4429988447403086e-99,3.876914407497236e-103,3,8,8,1,Firmicutes,Firmicutes,1
Methanobacterium.37,Methanobacterium.55,0.9999999999999999,0.9999999999999999,positive,2.4429988447403086e-99,3.876914407497236e-103,3,10,10,1,Euryarchaeota,Euryarchaeota,1
midas_g_9269.2,midas_g_9269.3,0.9999999999999999,0.9999999999999999,positive,2.4429988447403086e-99,3.876914407497236e-103,3,10,10,1,Bacteroidota,Bacteroidota,1
Desulfosporosinus.3,midas_g_82137.1,0.9999999999999999,0.9999999999999999,positive,2.4429988447403086e-99,3.876914407497236e-103,3,4,4,1,Firmicutes,Firmicutes,1
Caproiciproducens.1,Christensenellaceae_R-7_group.57,0.9949367088607595,0.9949367088607595,positive,1.1281870886692489e-10,2.327487884073418e-14,5,4,4,1,Firmicutes,Firmicutes,1
Christensenellaceae_R-7_group.57,Propionicicella.4,0.9949367088607595,0.9949367088607595,positive,1.1281870886692489e-10,2.327487884073418e-14,5,4,4,1,Firmicutes,Actinobacteriota,0
Christensenellaceae_R-7_group.57,Colidextribacter.6,0.9949367088607595,0.9949367088607595,positive,1.1281870886692489e-10,2.327487884073418e-14,5,4,4,1,Firmicutes,Firmicutes,1
Cryptanaerobacter.1,Methanothrix.1,0.9941176470588236,0.9941176470588236,positive,2.155115238883192e-10,6.156104087964176e-14,4,1,1,1,Firmicutes,Halobacterota,0
Cryptanaerobacter.1,Pelolinea.3,0.9941176470588236,0.9941176470588236,positive,2.155115238883192e-10,6.156104087964176e-14,4,1,1,1,Firmicutes,Chloroflexi,0
Trichloromonas.1,midas_g_77817.1,0.9941176470588236,0.9941176470588236,positive,2.155115238883192e-10,6.156104087964176e-14,4,2,2,1,Desulfobacterota,Firmicutes,0
Bellilinea.1,Pelolinea.3,0.9941176470588236,0.9941176470588236,positive,2.155115238883192e-10,6.156104087964176e-14,4,1,1,1,Chloroflexi,Chloroflexi,1
Bellilinea.1,Methanothrix.1,0.9941176470588236,0.9941176470588236,positive,2.155115238883192e-10,6.156104087964176e-14,4,1,1,1,Chloroflexi,Halobacterota,0
Methanobacterium.34,midas_g_98374.1,0.9927007299270072,0.9927007299270072,positive,4.913114262248074e-10,2.4949956579797884e-13,3,10,10,1,Euryarchaeota,Chloroflexi,0
HN-HF0106.17,midas_g_110557.1,0.9927007299270072,0.9927007299270072,positive,4.913114262248074e-10,2.4949956579797884e-13,3,10,10,1,Firmicutes,Firmicutes,1
Christensenellaceae.15,Methanobacterium.34,0.9927007299270072,0.9927007299270072,positive,4.913114262248074e-10,2.4949956579797884e-13,3,10,10,1,Firmicutes,Euryarchaeota,0
Christensenellaceae.15,Oscillospiraceae.8,0.9927007299270072,0.9927007299270072,positive,4.913114262248074e-10,2.4949956579797884e-13,3,10,10,1,Firmicutes,Firmicutes,1
Methanobacterium.34,Methanobacterium.55,0.9927007299270072,0.9927007299270072,positive,4.913114262248074e-10,2.4949956579797884e-13,3,10,10,1,Euryarchaeota,Euryarchaeota,1
Methanobacterium.34,Methanobacterium.37,0.9927007299270072,0.9927007299270072,positive,4.913114262248074e-10,2.4949956579797884e-13,3,10,10,1,Euryarchaeota,Euryarchaeota,1
Christensenellaceae.4,Symbiobacterium.2,0.9927007299270072,0.9927007299270072,positive,4.913114262248074e-10,2.4949956579797884e-13,3,6,6,1,Firmicutes,Firmicutes,1
Methylobacter.1,Oscillospiraceae.8,0.9927007299270072,0.9927007299270072,positive,4.913114262248074e-10,2.4949956579797884e-13,3,10,10,1,Proteobacteria,Firmicutes,0
Oscillospiraceae.8,Proteiniphilum.17,0.9927007299270072,0.9927007299270072,positive,4.913114262248074e-10,2.4949956579797884e-13,3,10,10,1,Firmicutes,Bacteroidota,0
Erysipelothrix.3,midas_g_9269.2,0.9927007299270072,0.9927007299270072,positive,4.913114262248074e-10,2.4949956579797884e-13,3,10,10,1,Firmicutes,Bacteroidota,0
Desulfurispora.1,Proteiniphilum.12,0.9927007299270072,0.9927007299270072,positive,4.913114262248074e-10,2.4949956579797884e-13,3,1,1,1,Firmicutes,Bacteroidota,0
Erysipelothrix.3,midas_g_9269.3,0.9927007299270072,0.9927007299270072,positive,4.913114262248074e-10,2.4949956579797884e-13,3,10,10,1,Firmicutes,Bacteroidota,0
midas_g_36215.3,midas_g_36215.9,0.9927007299270072,0.9927007299270072,positive,4.913114262248074e-10,2.4949956579797884e-13,3,4,4,1,Bacteroidota,Bacteroidota,1
Azorhizobium.1,Proteiniphilum.12,0.9927007299270072,0.9927007299270072,positive,4.913114262248074e-10,2.4949956579797884e-13,3,1,1,1,Proteobacteria,Bacteroidota,0
Proteiniborus.5,Syntrophomonas.2,0.9909090909090909,0.9909090909090909,positive,1.9758938084497855e-09,1.0347620477805396e-12,6,4,4,1,Firmicutes,Firmicutes,1
midas_g_49937.1,midas_g_84729.1,0.9898734177215189,0.9898734177215189,positive,3.4512714025520886e-09,2.0812567571806165e-12,5,1,1,1,Chloroflexi,Chloroflexi,1
Caproiciproducens.1,Christensenellaceae.7,0.9898734177215189,0.9898734177215189,positive,3.4512714025520886e-09,2.0812567571806165e-12,5,4,4,1,Firmicutes,Firmicutes,1
Caproiciproducens.1,Colidextribacter.6,0.9898734177215189,0.9898734177215189,positive,3.4512714025520886e-09,2.0812567571806165e-12,5,4,4,1,Firmicutes,Firmicutes,1
Caproiciproducens.1,Propionicicella.4,0.9898734177215189,0.9898734177215189,positive,3.4512714025520886e-09,2.0812567571806165e-12,5,4,4,1,Firmicutes,Actinobacteriota,0
Bacteria (unclassified).39,midas_g_554.2,0.9898734177215189,0.9898734177215189,positive,3.4512714025520886e-09,2.0812567571806165e-12,5,1,1,1,Bacteria (unclassified),Firmicutes,0
Ca_Phosphitivorax.1,Petrimonas.4,0.9863636363636362,0.9863636363636362,positive,2.3071715866170957e-08,1.4279317592609062e-11,6,1,1,1,SAR324_cladeMarine_group_B,Bacteroidota,0
Christensenellaceae.7,Christensenellaceae_R-7_group.38,0.9848101265822785,0.9848101265822785,positive,4.108051133356475e-08,2.8684776377897756e-11,5,4,4,1,Firmicutes,Firmicutes,1
Methanobacterium.96,midas_g_77185.2,0.9848101265822785,0.9848101265822785,positive,4.108051133356475e-08,2.8684776377897756e-11,5,4,4,1,Euryarchaeota,Cyanobacteria,0
Devosia.9,midas_g_77185.2,0.9848101265822785,0.9848101265822785,positive,4.108051133356475e-08,2.8684776377897756e-11,5,4,4,1,Proteobacteria,Cyanobacteria,0
Christensenellaceae.7,Colidextribacter.6,0.9848101265822785,0.9848101265822785,positive,4.108051133356475e-08,2.8684776377897756e-11,5,4,4,1,Firmicutes,Firmicutes,1
Christensenellaceae.7,Propionicicella.4,0.9848101265822785,0.9848101265822785,positive,4.108051133356475e-08,2.8684776377897756e-11,5,4,4,1,Firmicutes,Actinobacteriota,0
Aquamicrobium.1,midas_g_110683.3,0.9841269841269841,0.9841269841269841,positive,5.2216001720528794e-08,3.811749895490406e-11,8,10,4,0,Proteobacteria,Firmicutes,0
Anaerostignum.2,midas_g_5574.2,0.9841269841269841,0.9841269841269841,positive,5.2216001720528794e-08,3.811749895490406e-11,8,5,5,1,Firmicutes,Actinobacteriota,0
EBM-39.1,Thermovirga.2,0.9830209465959819,0.9830209465959819,positive,7.897004581295885e-08,5.890107203492979e-11,13,5,5,1,Synergistota,Synergistota,1
Oxobacteraceae.3,NK4A214_group.2,0.9823529411764704,0.9823529411764704,positive,8.985054944545645e-08,7.557176374471057e-11,4,10,10,1,Firmicutes,Firmicutes,1
Veillonellales-Selenomonadales.2,NK4A214_group.2,0.9823529411764704,0.9823529411764704,positive,8.985054944545645e-08,7.557176374471057e-11,4,10,10,1,Firmicutes,Firmicutes,1
Veillonellales-Selenomonadales.2,Oxobacteraceae.3,0.9823529411764704,0.9823529411764704,positive,8.985054944545645e-08,7.557176374471057e-11,4,10,10,1,Firmicutes,Firmicutes,1
Lachnospiraceae.3,Ruminiclostridium.10,0.9823529411764704,0.9823529411764704,positive,8.985054944545645e-08,7.557176374471057e-11,4,6,6,1,Firmicutes,Firmicutes,1
Bellilinea.1,Cryptanaerobacter.1,0.9823529411764704,0.9823529411764704,positive,8.985054944545645e-08,7.557176374471057e-11,4,1,1,1,Chloroflexi,Firmicutes,0
Lachnospiraceae.3,Proteiniphilum.5,0.9823529411764704,0.9823529411764704,positive,8.985054944545645e-08,7.557176374471057e-11,4,6,6,1,Firmicutes,Bacteroidota,0
Clostridium_sensu_stricto_1.7,Proteiniborus.5,0.9818181818181817,0.9818181818181817,positive,1.0499020529662198e-07,9.163775179030389e-11,6,4,4,1,Firmicutes,Firmicutes,1
Clostridium_sensu_stricto_1.7,Syntrophomonas.2,0.9818181818181817,0.9818181818181817,positive,1.0499020529662198e-07,9.163775179030389e-11,6,4,4,1,Firmicutes,Firmicutes,1
Christensenellaceae.7,Christensenellaceae_R-7_group.57,0.979746835443038,0.979746835443038,positive,2.0688272518942338e-07,1.8385489907969196e-10,5,4,4,1,Firmicutes,Firmicutes,1
Bradyrhizobium.2,Ruminiclostridium.13,0.9789915966386554,0.9789915966386554,positive,2.522218068938345e-07,2.328295136776406e-10,7,4,4,1,Proteobacteria,Firmicutes,0
LNR_A2-18.1,LNR_A2-18.2,0.9785714285714284,0.9785714285714284,positive,2.522218068938345e-07,2.645456012398753e-10,15,1,1,1,Cloacimonadota,Cloacimonadota,1
Allorhizobium-Neorhizobium-Pararhizobium-Rhizobium.1,HN-HF0106.17,0.9781021897810218,0.9781021897810218,positive,2.522218068938345e-07,3.041999765755455e-10,3,10,10,1,Proteobacteria,Firmicutes,0
Methanobacterium.55,Methylobacter.1,0.9781021897810218,0.9781021897810218,positive,2.522218068938345e-07,3.041999765755455e-10,3,10,10,1,Euryarchaeota,Proteobacteria,0
Pelotomaculum.1,Syntrophomonas.15,0.9781021897810218,0.9781021897810218,positive,2.522218068938345e-07,3.041999765755455e-10,3,6,6,1,Firmicutes,Firmicutes,1
Methanobacterium.55,Proteiniphilum.17,0.9781021897810218,0.9781021897810218,positive,2.522218068938345e-07,3.041999765755455e-10,3,10,10,1,Euryarchaeota,Bacteroidota,0
Proteiniphilum.17,midas_g_98374.1,0.9781021897810218,0.9781021897810218,positive,2.522218068938345e-07,3.041999765755455e-10,3,10,10,1,Bacteroidota,Chloroflexi,0
Azorhizobium.1,Desulfurispora.1,0.9781021897810218,0.9781021897810218,positive,2.522218068938345e-07,3.041999765755455e-10,3,1,1,1,Proteobacteria,Firmicutes,0
Anaerovorax.13,Proteiniborus.4,0.9781021897810218,0.9781021897810218,positive,2.522218068938345e-07,3.041999765755455e-10,3,4,4,1,Firmicutes,Firmicutes,1
Christensenellaceae.15,midas_g_98374.1,0.9781021897810218,0.9781021897810218,positive,2.522218068938345e-07,3.041999765755455e-10,3,10,10,1,Firmicutes,Chloroflexi,0
Methanobacterium.34,Oscillospiraceae.8,0.9781021897810218,0.9781021897810218,positive,2.522218068938345e-07,3.041999765755455e-10,3,10,10,1,Euryarchaeota,Firmicutes,0
Christensenellaceae.15,Methylobacter.1,0.9781021897810218,0.9781021897810218,positive,2.522218068938345e-07,3.041999765755455e-10,3,10,10,1,Firmicutes,Proteobacteria,0
Acetomicrobium.1,midas_g_2424.1,0.9781021897810218,0.9781021897810218,positive,2.522218068938345e-07,3.041999765755455e-10,3,10,10,1,Synergistota,Firmicutes,0
Methylobacter.1,midas_g_98374.1,0.9781021897810218,0.9781021897810218,positive,2.522218068938345e-07,3.041999765755455e-10,3,10,10,1,Proteobacteria,Chloroflexi,0
Christensenellaceae.15,Methanobacterium.55,0.9781021897810218,0.9781021897810218,positive,2.522218068938345e-07,3.041999765755455e-10,3,10,10,1,Firmicutes,Euryarchaeota,0
Methanobacterium.37,Methylobacter.1,0.9781021897810218,0.9781021897810218,positive,2.522218068938345e-07,3.041999765755455e-10,3,10,10,1,Euryarchaeota,Proteobacteria,0
Methanobacterium.37,Proteiniphilum.17,0.9781021897810218,0.9781021897810218,positive,2.522218068938345e-07,3.041999765755455e-10,3,10,10,1,Euryarchaeota,Bacteroidota,0
Symbiobacterium.2,midas_g_51070.2,0.9781021897810218,0.9781021897810218,positive,2.522218068938345e-07,3.041999765755455e-10,3,6,6,1,Firmicutes,Firmicutes,1
Christensenellaceae.15,Proteiniphilum.17,0.9781021897810218,0.9781021897810218,positive,2.522218068938345e-07,3.041999765755455e-10,3,10,10,1,Firmicutes,Bacteroidota,0
Christensenellaceae.15,Methanobacterium.37,0.9781021897810218,0.9781021897810218,positive,2.522218068938345e-07,3.041999765755455e-10,3,10,10,1,Firmicutes,Euryarchaeota,0
Methanobacterium.5,Petrimonas.4,0.9772727272727272,0.9772727272727272,positive,3.1636789065453803e-07,3.8658595836479876e-10,6,1,1,1,Euryarchaeota,Bacteroidota,0
midas_g_36215.1,midas_g_36215.2,0.9749166565164095,0.9749166565164095,positive,5.896225587014747e-07,7.298466940475931e-10,12,1,1,1,Bacteroidota,Bacteroidota,1
Christensenellaceae_R-7_group.57,Desulfovibrio.3,0.9746835443037974,0.9746835443037974,positive,6.178904573288717e-07,7.746428750592069e-10,5,4,4,1,Firmicutes,Desulfobacterota,0
Brevundimonas.3,midas_g_36376.1,0.9740740740740742,0.9740740740740742,positive,7.111564820248806e-07,9.028552156979472e-10,10,5,5,1,Proteobacteria,Planctomycetota,0
Ca_Phosphitivorax.1,Methanobacterium.5,0.9727272727272727,0.9727272727272727,positive,9.730252779575207e-07,1.2507545547744816e-09,6,1,1,1,SAR324_cladeMarine_group_B,Euryarchaeota,0
Methanobacterium.55,Oscillospiraceae.8,0.9708029197080292,0.9708029197080292,positive,1.388617334868285e-06,1.9392250209224787e-09,3,10,10,1,Euryarchaeota,Firmicutes,0
Oscillospiraceae.8,midas_g_98374.1,0.9708029197080292,0.9708029197080292,positive,1.388617334868285e-06,1.9392250209224787e-09,3,10,10,1,Firmicutes,Chloroflexi,0
Allorhizobium-Neorhizobium-Pararhizobium-Rhizobium.1,midas_g_110557.1,0.9708029197080292,0.9708029197080292,positive,1.388617334868285e-06,1.9392250209224787e-09,3,10,10,1,Proteobacteria,Firmicutes,0
Methanobacterium.34,Methylobacter.1,0.9708029197080292,0.9708029197080292,positive,1.388617334868285e-06,1.9392250209224787e-09,3,10,10,1,Euryarchaeota,Proteobacteria,0
Methanobacterium.34,Proteiniphilum.17,0.9708029197080292,0.9708029197080292,positive,1.388617334868285e-06,1.9392250209224787e-09,3,10,10,1,Euryarchaeota,Bacteroidota,0
Methanobacterium.37,Oscillospiraceae.8,0.9708029197080292,0.9708029197080292,positive,1.388617334868285e-06,1.9392250209224787e-09,3,10,10,1,Euryarchaeota,Firmicutes,0
Christensenellaceae.4,midas_g_51070.2,0.9708029197080292,0.9708029197080292,positive,1.388617334868285e-06,1.9392250209224787e-09,3,6,6,1,Firmicutes,Firmicutes,1
Ca_Phosphitivorax.1,midas_g_95534.1,0.968181818181818,0.968181818181818,positive,2.3856817705435284e-06,3.3695000726564576e-09,6,1,1,1,SAR324_cladeMarine_group_B,Firmicutes,0
Caproiciproducens.1,Christensenellaceae_R-7_group.38,0.9645569620253164,0.9645569620253164,positive,4.467220628932983e-06,6.734788455718308e-09,5,4,4,1,Firmicutes,Firmicutes,1
Desulfovibrio.3,Propionicicella.4,0.9645569620253164,0.9645569620253164,positive,4.467220628932983e-06,6.734788455718308e-09,5,4,4,1,Desulfobacterota,Actinobacteriota,0
Caproiciproducens.1,Desulfovibrio.3,0.9645569620253164,0.9645569620253164,positive,4.467220628932983e-06,6.734788455718308e-09,5,4,4,1,Firmicutes,Desulfobacterota,0
Colidextribacter.6,Desulfovibrio.3,0.9645569620253164,0.9645569620253164,positive,4.467220628932983e-06,6.734788455718308e-09,5,4,4,1,Firmicutes,Desulfobacterota,0
Christensenellaceae_R-7_group.38,Propionicicella.4,0.9645569620253164,0.9645569620253164,positive,4.467220628932983e-06,6.734788455718308e-09,5,4,4,1,Firmicutes,Actinobacteriota,0
Christensenellaceae_R-7_group.38,Colidextribacter.6,0.9645569620253164,0.9645569620253164,positive,4.467220628932983e-06,6.734788455718308e-09,5,4,4,1,Firmicutes,Firmicutes,1
Phenylobacterium.4,Syntrophomonadaceae.1,0.9642435812860762,0.9642435812860762,positive,4.629245701617327e-06,7.125985226408111e-09,8,2,2,1,Proteobacteria,Firmicutes,0
Ruminiclostridium.9,Methanoculleus.1,0.9642435812860762,0.9642435812860762,positive,4.629245701617327e-06,7.125985226408111e-09,8,6,6,1,Firmicutes,Halobacterota,0
midas_g_114295.1,EBM-39.1,0.9641638992754195,0.9641638992754195,positive,4.6478916711123885e-06,7.2284473889772755e-09,12,5,5,1,Armatimonadota,Synergistota,0
midas_g_76603.1,Monoglobus.13,0.9636587165150498,0.9636587165150498,positive,5.033072748689407e-06,7.90735712889598e-09,7,1,1,1,Firmicutes,Firmicutes,1
midas_g_114295.1,Thermovirga.2,0.9614384576250392,0.9614384576250392,positive,7.2868101516063125e-06,1.1563795587657207e-08,12,5,5,1,Armatimonadota,Synergistota,0
Fermentimonas.2,Thermovirga.2,0.9606440071556349,0.9606440071556349,positive,8.221440979015432e-06,1.3177477050822969e-08,13,5,5,1,Bacteroidota,Synergistota,0
Dehalobacterium.1,Syntrophomonas.22,0.959493670886076,0.959493670886076,positive,9.695055944003449e-06,1.5847125436130945e-08,5,4,4,1,Firmicutes,Firmicutes,1
Devosia.9,Methanobacterium.96,0.959493670886076,0.959493670886076,positive,9.695055944003449e-06,1.5847125436130945e-08,5,4,4,1,Proteobacteria,Euryarchaeota,0
Oscillibacter.3,midas_g_669.2,0.9563636363636364,0.9563636363636364,positive,1.545881427955677e-05,2.551364276309874e-08,11,5,5,1,Firmicutes,Firmicutes,1
Colidextribacter.4,Sporomusaceae.2,0.9545454545454546,0.9545454545454546,positive,1.9876566962753056e-05,3.312025154868872e-08,6,6,6,1,Firmicutes,Firmicutes,1
Colidextribacter.1,Lutispora.3,0.9537815126050418,0.9537815126050418,positive,2.1901258874318472e-05,3.684155014247243e-08,7,4,4,1,Firmicutes,Firmicutes,1
Anaerostignum.2,Azoarcus.2,0.9525793444156803,0.9525793444156803,positive,2.556290103866969e-05,4.340670979683336e-08,8,5,5,1,Firmicutes,Proteobacteria,0
Hydrogenophaga.5,Synergistaceae.2,0.9523809523809526,0.9523809523809526,positive,2.60103590926233e-05,4.457928050914585e-08,8,6,6,1,Proteobacteria,Synergistota,0
EBM-39.1,Fermentimonas.2,0.9508493519801133,0.9508493519801133,positive,3.1542257724559024e-05,5.4560987907083084e-08,13,5,5,1,Synergistota,Bacteroidota,0
Methanobacterium.1,Monoglobus.2,-0.9498268896207664,0.9498268896207664,negative,3.56425311507607e-05,6.221916441717201e-08,12,1,9,0,Euryarchaeota,Firmicutes,0
Christensenellaceae_R-7_group.38,Christensenellaceae_R-7_group.57,0.9493670886075949,0.9493670886075949,positive,3.743732330321605e-05,6.594634345791382e-08,5,4,4,1,Firmicutes,Firmicutes,1
Aquamicrobium.2,midas_g_97954.1,0.9490909090909093,0.9490909090909093,positive,3.841261503036013e-05,6.82739214047725e-08,11,5,5,1,Proteobacteria,Firmicutes,0
Aminiphilus.1,midas_g_76603.1,0.9486912654588817,0.9486912654588817,positive,4.001888461489748e-05,7.176395660461828e-08,8,1,1,1,Synergistota,Firmicutes,0
midas_g_49834.1,Proteiniphilum.14,0.9483309289494564,0.9483309289494564,positive,4.111692274326642e-05,7.503802512894974e-08,6,10,10,1,Firmicutes,Bacteroidota,0
Monoglobus.13,Methanobacterium.5,0.9483309289494564,0.9483309289494564,positive,4.111692274326642e-05,7.503802512894974e-08,6,1,1,1,Firmicutes,Euryarchaeota,0
Clostridium_sensu_stricto_1.7,midas_g_95485.1,0.9474847084398104,0.9474847084398104,positive,4.5208947439449647e-05,8.322337739194717e-08,5,4,4,1,Firmicutes,Firmicutes,1
Christensenellaceae_R-7_group.4,Brevundimonas.3,0.9469232953197864,0.9469232953197864,positive,4.796462941081266e-05,8.905737837726666e-08,8,5,5,1,Firmicutes,Proteobacteria,0
Petrimonas.4,midas_g_95534.1,0.9454545454545453,0.9454545454545453,positive,5.658828169111065e-05,1.0596720156712884e-07,6,1,1,1,Bacteroidota,Firmicutes,0
Monoglobus.13,Petrimonas.4,0.943960740336786,0.943960740336786,positive,6.664238498965901e-05,1.25852093404155e-07,6,1,1,1,Firmicutes,Bacteroidota,0
Petrimonas.4,midas_g_49937.1,0.9426873175110012,0.9426873175110012,positive,7.624249437670389e-05,1.451915340274299e-07,5,1,1,1,Bacteroidota,Chloroflexi,0
midas_g_669.2,midas_g_97954.1,0.9418181818181821,0.9418181818181821,positive,8.320699846751126e-05,1.5977476139538613e-07,11,5,5,1,Firmicutes,Firmicutes,1
Hydrogenophaga.5,Romboutsia.3,0.9412005684606735,0.9412005684606735,positive,8.825491212719861e-05,1.7086836702190356e-07,7,6,6,1,Proteobacteria,Firmicutes,0
Phenylobacterium.1,Proteiniborus.5,0.9409090909090908,0.9409090909090908,positive,8.888711635800467e-05,1.7632414296427117e-07,6,4,4,1,Proteobacteria,Firmicutes,0
Rhodococcus.4,midas_g_91392.1,0.9409090909090908,0.9409090909090908,positive,8.888711635800467e-05,1.7632414296427117e-07,6,6,6,1,Actinobacteriota,Firmicutes,0
Proteiniphilum.14,Syntrophomonas.3,0.9409090909090908,0.9409090909090908,positive,8.888711635800467e-05,1.7632414296427117e-07,6,10,10,1,Bacteroidota,Firmicutes,0
midas_g_114295.1,Fermentimonas.2,0.9399137160364188,0.9399137160364188,positive,9.80569637869803e-05,1.9607035638365312e-07,12,5,5,1,Armatimonadota,Bacteroidota,0
Thermovirga.1,midas_g_35108.1,0.9395905517241158,0.9395905517241158,positive,0.00010065711537147052,2.02866881203808e-07,6,1,1,1,Synergistota,Chloroflexi,0
Christensenellaceae_R-7_group.4,midas_g_36376.1,0.9392559002159824,0.9392559002159824,positive,0.00010280104905944472,2.1011218434096014e-07,8,5,5,1,Firmicutes,Planctomycetota,0
Hungateiclostridiaceae.28,midas_g_95485.1,0.9392405063291139,0.9392405063291139,positive,0.00010280104905944472,2.1045061936503587e-07,5,4,4,1,Firmicutes,Firmicutes,1
Romboutsia.3,Synergistaceae.2,0.9391589186375484,0.9391589186375484,positive,0.00010288342833250141,2.1225197072436573e-07,7,6,6,1,Firmicutes,Synergistota,0
Syntrophobacter.1,Clostridia.9,0.9390476190476188,0.9390476190476188,positive,0.00010329012617518275,2.147301635977551e-07,9,2,2,1,Desulfobacterota,Firmicutes,0
midas_g_2604.3,midas_g_35108.1,0.9378899265821922,0.9378899265821922,positive,0.00011464736607991922,2.4197955515646136e-07,5,1,1,1,Firmicutes,Chloroflexi,0
Methanobacterium.5,midas_g_49937.1,0.9378899265821922,0.9378899265821922,positive,0.00011464736607991922,2.4197955515646136e-07,5,1,1,1,Euryarchaeota,Chloroflexi,0
Alcaligenes.3,Phenylobacterium.4,0.9350756189912982,0.9350756189912982,positive,0.0001507371073170303,3.2054420256581174e-07,7,2,2,1,Proteobacteria,Proteobacteria,1
Petrimonas.2,midas_g_76603.1,0.9344767269690313,0.9344767269690313,positive,0.00015858982770630987,3.3975984289763917e-07,8,1,1,1,Bacteroidota,Firmicutes,0
Christensenellaceae.7,Desulfovibrio.3,0.9341772151898733,0.9341772151898733,positive,0.00016204149114918627,3.497261369900234e-07,5,4,4,1,Firmicutes,Desulfobacterota,0
EBM-39.1,midas_g_76603.1,-0.9336248330020928,0.9336248330020928,negative,0.00016837974300548867,3.687498735956682e-07,8,5,1,0,Synergistota,Firmicutes,0
Methanosarcina.1,midas_g_76603.1,-0.9336248330020928,0.9336248330020928,negative,0.00016837974300548867,3.687498735956682e-07,7,5,1,0,Halobacterota,Firmicutes,0
Methanobacterium.5,midas_g_84729.1,0.933092535653383,0.933092535653383,positive,0.00017459150661994365,3.8789492694944155e-07,5,1,1,1,Euryarchaeota,Chloroflexi,0
Acinetobacter.2,Desulfuromonadaceae.1,0.933092535653383,0.933092535653383,positive,0.00017459150661994365,3.8789492694944155e-07,5,5,5,1,Proteobacteria,Desulfobacterota,0
Brevundimonas.3,Fermentimonas.2,0.9318954196047087,0.9318954196047087,positive,0.00019396359855251475,4.3401255904885546e-07,10,5,5,1,Proteobacteria,Bacteroidota,0
Romboutsia.3,Brevundimonas.5,0.9308501744987752,0.9308501744987752,positive,0.00021061394799725146,4.779540191641057e-07,6,6,6,1,Firmicutes,Proteobacteria,0
Pseudolabrys.2,Syntrophomonas.3,0.9308501744987752,0.9308501744987752,positive,0.00021061394799725146,4.779540191641057e-07,6,10,10,1,Proteobacteria,Firmicutes,0
Thermovirga.2,midas_g_76603.1,-0.9306915626519003,0.9306915626519003,negative,0.00021220689370374344,4.84936564784636e-07,6,5,1,0,Synergistota,Firmicutes,0
Petrimonas.2,Monoglobus.13,0.9302980949429842,0.9302980949429842,positive,0.00021843171044378081,5.026279559200847e-07,7,1,1,1,Bacteroidota,Firmicutes,0
Brevundimonas.5,Synergistaceae.2,0.9301061243736666,0.9301061243736666,positive,0.00022074483980176175,5.114537501357987e-07,6,6,6,1,Proteobacteria,Synergistota,0
Azoarcus.2,midas_g_5574.2,0.929250870674888,0.929250870674888,positive,0.00023678178730843894,5.523680885888934e-07,8,5,5,1,Proteobacteria,Actinobacteriota,0
Syntrophomonas.2,midas_g_95485.1,0.9282951447245739,0.9282951447245739,positive,0.0002492772064198381,6.012970986735488e-07,5,4,4,1,Firmicutes,Firmicutes,1
Petrimonas.4,midas_g_84729.1,0.9282951447245739,0.9282951447245739,positive,0.0002492772064198381,6.012970986735488e-07,5,1,1,1,Bacteroidota,Chloroflexi,0
Phenylobacterium.1,midas_g_77185.2,0.9282951447245739,0.9282951447245739,positive,0.0002492772064198381,6.012970986735488e-07,5,4,4,1,Proteobacteria,Cyanobacteria,0
Ca_Phosphitivorax.1,midas_g_49937.1,0.9282951447245739,0.9282951447245739,positive,0.0002492772064198381,6.012970986735488e-07,5,1,1,1,SAR324_cladeMarine_group_B,Chloroflexi,0
Proteiniborus.5,Christensenellaceae.7,0.9282951447245738,0.9282951447245738,positive,0.0002492772064198381,6.012970986735549e-07,5,4,4,1,Firmicutes,Firmicutes,1
Aminiphilus.1,Monoglobus.13,0.9281856556985663,0.9281856556985663,positive,0.00025004905211073805,6.071270665716019e-07,7,1,1,1,Synergistota,Firmicutes,0
Proteiniclasticum.1,midas_g_77817.1,0.9277712507244908,0.9277712507244908,positive,0.00025432749783755264,6.296234116649985e-07,4,2,2,1,Firmicutes,Firmicutes,1
Methanothrix.1,midas_g_84729.1,0.9277712507244908,0.9277712507244908,positive,0.00025432749783755264,6.296234116649985e-07,4,1,1,1,Halobacterota,Chloroflexi,0
Pelolinea.3,midas_g_84729.1,0.9277712507244908,0.9277712507244908,positive,0.00025432749783755264,6.296234116649985e-07,4,1,1,1,Chloroflexi,Chloroflexi,1
Leucobacter.1,Clostridiaceae.10,0.9276190476190473,0.9276190476190473,positive,0.00025609338802181806,6.380591919164857e-07,9,6,6,1,Actinobacteriota,Firmicutes,0
Pelotomaculum.4,midas_g_91392.1,0.9272727272727272,0.9272727272727272,positive,0.00026061917694960825,6.57607025978159e-07,6,6,6,1,Firmicutes,Firmicutes,1
Aquamicrobium.2,midas_g_669.2,0.9272727272727272,0.9272727272727272,positive,0.00026061917694960825,6.57607025978159e-07,11,5,5,1,Proteobacteria,Firmicutes,0
midas_g_82137.2,Rhizobiaceae.1,0.9269090196987977,0.9269090196987977,positive,0.0002672870978080205,6.786735590389957e-07,7,4,4,1,Firmicutes,Proteobacteria,0
Rhizobiaceae.1,Phenylobacterium.1,0.9264799858861048,0.9264799858861048,positive,0.0002756362925224977,7.042473592554374e-07,6,4,4,1,Proteobacteria,Proteobacteria,1
Desulfosporosinus.1,Monoglobus.1,0.9253627917180896,0.9253627917180896,positive,0.00030132116519351263,7.746537080862832e-07,8,4,4,1,Firmicutes,Firmicutes,1
Petrimonas.2,Aminiphilus.1,0.92490130513608,0.92490130513608,positive,0.0003113617697635273,8.054078216182904e-07,9,1,1,1,Bacteroidota,Synergistota,0
Petrimonas.2,Syner-01.9,0.9248095627061431,0.9248095627061431,positive,0.0003118585145039398,8.116417998959935e-07,10,1,1,1,Bacteroidota,Synergistota,0
Christensenellaceae_R-7_group.38,Desulfovibrio.3,0.9240506329113923,0.9240506329113923,positive,0.0003267217590356203,8.647780753022828e-07,5,4,4,1,Firmicutes,Desulfobacterota,0
Methanosarcina.1,Thermovirga.2,0.9240396898002229,0.9240396898002229,positive,0.0003267217590356203,8.655650265138196e-07,13,5,5,1,Halobacterota,Synergistota,0
midas_g_93469.1,midas_g_30443.1,-0.924035318503178,0.924035318503178,negative,0.0003267217590356203,8.658795467506996e-07,4,5,1,0,Firmicutes,Desulfobacterota,0
Christensenellaceae_R-7_group.44,midas_g_85764.2,0.9238095238095236,0.9238095238095236,positive,0.00032785178711795804,8.822563342538233e-07,9,1,1,1,Firmicutes,Firmicutes,1
midas_g_5574.1,Aminivibrio.1,0.9237890686657012,0.9237890686657012,positive,0.00032785178711795804,8.837526517621788e-07,10,5,5,1,Actinobacteriota,Synergistota,0
Methanobacterium.96,Phenylobacterium.1,0.9234977537957647,0.9234977537957647,positive,0.00032785178711795804,9.052942355432773e-07,5,4,4,1,Euryarchaeota,Proteobacteria,0
Proteiniborus.5,Christensenellaceae_R-7_group.38,0.9234977537957647,0.9234977537957647,positive,0.00032785178711795804,9.052942355432773e-07,5,4,4,1,Firmicutes,Firmicutes,1
Tissierella.5,midas_g_70329.2,0.9234977537957646,0.9234977537957646,positive,0.00032785178711795804,9.052942355432871e-07,5,6,6,1,Firmicutes,Firmicutes,1
Pelotomaculum.4,Shinella.1,0.9234977537957646,0.9234977537957646,positive,0.00032785178711795804,9.052942355432871e-07,5,6,6,1,Firmicutes,Proteobacteria,0
Christensenellaceae_R-7_group.63,Desulfuromonadaceae.1,0.9234977537957646,0.9234977537957646,positive,0.00032785178711795804,9.052942355432871e-07,5,5,5,1,Firmicutes,Desulfobacterota,0
Clostridium_sensu_stricto_1.7,Phenylobacterium.1,0.9227272727272727,0.9227272727272727,positive,0.0003470641200490296,9.643963058889713e-07,6,4,4,1,Firmicutes,Proteobacteria,0
Proteiniclasticum.1,Trichloromonas.1,0.9223137727790527,0.9223137727790527,positive,0.0003470641200490296,9.974235430378242e-07,4,2,2,1,Firmicutes,Desulfobacterota,0
Christensenellaceae.7,midas_g_82137.3,0.9223137727790527,0.9223137727790527,positive,0.0003470641200490296,9.974235430378242e-07,4,4,4,1,Firmicutes,Firmicutes,1
Cryptanaerobacter.1,midas_g_84729.1,0.9223137727790527,0.9223137727790527,positive,0.0003470641200490296,9.974235430378242e-07,4,1,1,1,Firmicutes,Chloroflexi,0
Christensenellaceae_R-7_group.57,Lachnoclostridium.2,0.9223137727790527,0.9223137727790527,positive,0.0003470641200490296,9.974235430378242e-07,4,4,4,1,Firmicutes,Firmicutes,1
Christensenellaceae_R-7_group.38,midas_g_82137.3,0.9223137727790527,0.9223137727790527,positive,0.0003470641200490296,9.974235430378242e-07,4,4,4,1,Firmicutes,Firmicutes,1
Bellilinea.1,midas_g_84729.1,0.9223137727790527,0.9223137727790527,positive,0.0003470641200490296,9.974235430378242e-07,4,1,1,1,Chloroflexi,Chloroflexi,1
Christensenellaceae_R-7_group.3,Desulfovibrio.1,0.9222523789882303,0.9222523789882303,positive,0.0003470641200490296,1.0024069230476305e-06,13,5,5,1,Firmicutes,Desulfobacterota,0
EBM-39.1,Methanosarcina.1,0.9214285714285713,0.9214285714285713,positive,0.00036889611052669366,1.0713172981620741e-06,14,5,5,1,Synergistota,Halobacterota,0
midas_g_5574.1,Fermentimonas.2,0.9209747701562159,0.9209747701562159,positive,0.0003804606586492435,1.110939810065395e-06,10,5,5,1,Actinobacteriota,Bacteroidota,0
Thermovirga.1,Christensenellaceae_R-7_group.51,0.9191482410096513,0.9191482410096513,positive,0.0004370262312845539,1.283045875323618e-06,7,1,1,1,Synergistota,Firmicutes,0
Proteiniborus.5,Caproiciproducens.1,0.9187003628669554,0.9187003628669554,positive,0.0004500716855748208,1.3284878521743844e-06,5,4,4,1,Firmicutes,Firmicutes,1
Phenylobacterium.1,Syntrophomonas.2,0.9181818181818181,0.9181818181818181,positive,0.00046595747988683624,1.3827728558548636e-06,6,4,4,1,Proteobacteria,Firmicutes,0
Syner-01.1,Syner-01.2,0.9178571428571428,0.9178571428571428,positive,0.0004744356920864344,1.4176968515006277e-06,14,5,5,1,Synergistota,Synergistota,1
Monoglobus.13,Ca_Phosphitivorax.1,0.9177396086607642,0.9177396086607642,positive,0.0004744356920864344,1.4305199082175792e-06,6,1,1,1,Firmicutes,SAR324_cladeMarine_group_B,0
Rhodococcus.4,Romboutsia.3,0.9177396086607642,0.9177396086607642,positive,0.0004744356920864344,1.4305199082175792e-06,6,6,6,1,Actinobacteriota,Firmicutes,0
Hydrogenophaga.5,Rhodococcus.4,0.9173649445877259,0.9173649445877259,positive,0.00048565154318378016,1.472045017743708e-06,6,6,6,1,Proteobacteria,Actinobacteriota,0
Thermovirga.2,Monoglobus.13,-0.916962891158699,0.916962891158699,negative,0.0004981131054346547,1.5177217164987733e-06,5,5,1,0,Synergistota,Firmicutes,0
Caproiciproducens.1,Lachnoclostridium.2,0.9168562948336144,0.9168562948336144,positive,0.0004995503902595375,1.530028649507899e-06,4,4,4,1,Firmicutes,Firmicutes,1
Clostridiaceae.10,Fonticella.2,0.916190476190476,0.916190476190476,positive,0.0005225623728839243,1.608802811113107e-06,9,6,6,1,Firmicutes,Firmicutes,1
Methanobacterium.1,Taibaiella.1,-0.9153524620986878,0.9153524620986878,negative,0.0005534700604176701,1.7127410064659547e-06,11,1,9,0,Euryarchaeota,Bacteroidota,0
Parapusillimonas.1,midas_g_82137.2,0.9146591207600472,0.9146591207600472,positive,0.0005796396666421138,1.8029227578292808e-06,7,4,4,1,Proteobacteria,Firmicutes,0
Azoarcus.2,midas_g_98017.1,0.9136985548476934,0.9136985548476934,positive,0.000618419013399964,1.9343902261456515e-06,8,5,5,1,Proteobacteria,Firmicutes,0
Methanobacterium.5,midas_g_95534.1,0.9136363636363635,0.9136363636363635,positive,0.000618419013399964,1.9431707978098975e-06,6,1,1,1,Euryarchaeota,Firmicutes,0
Devosia.1,Methanomassiliicoccus.2,0.9131178846590791,0.9131178846590791,positive,0.0006357096865419539,2.0176776162184717e-06,6,2,2,1,Proteobacteria,Thermoplasmatota,0
midas_g_76603.1,Methanobacterium.5,0.9131178846590791,0.9131178846590791,positive,0.0006357096865419539,2.0176776162184717e-06,6,1,1,1,Firmicutes,Euryarchaeota,0
Syner-01.9,Aminiphilus.1,0.912766595106798,0.912766595106798,positive,0.000648794290113431,2.0695028456025584e-06,9,1,1,1,Synergistota,Synergistota,1
Pseudolabrys.2,midas_g_49834.1,0.9117647058823529,0.9117647058823529,positive,0.000693608150478583,2.223455841506233e-06,7,10,10,1,Proteobacteria,Firmicutes,0
midas_g_49937.1,midas_g_92370.1,0.9113988168881761,0.9113988168881761,positive,0.0007048953063852724,2.282011021401523e-06,4,1,1,1,Chloroflexi,Firmicutes,0
Shinella.1,Bosea.5,0.9113988168881761,0.9113988168881761,positive,0.0007048953063852724,2.282011021401523e-06,4,6,6,1,Proteobacteria,Proteobacteria,1
Aminiphilus.1,Methanobacterium.5,0.9113141645412444,0.9113141645412444,positive,0.0007056769452902123,2.2957402130398567e-06,6,1,1,1,Synergistota,Euryarchaeota,0
Monoglobus.13,midas_g_84729.1,0.910951114370639,0.910951114370639,positive,0.0007205026089372711,2.35540574223312e-06,5,1,1,1,Firmicutes,Chloroflexi,0
Fermentimonas.2,midas_g_36376.1,0.9100541207077235,0.9100541207077235,positive,0.0007635947845758214,2.508396870650888e-06,10,5,5,1,Bacteroidota,Planctomycetota,0
Arenimonas.2,Shinella.1,0.9091055810093371,0.9091055810093371,positive,0.0008059962341293706,2.6791167267583683e-06,5,6,6,1,Proteobacteria,Proteobacteria,1
Anaerovorax.12,midas_g_70329.2,0.9091055810093371,0.9091055810093371,positive,0.0008059962341293706,2.6791167267583683e-06,5,6,6,1,Firmicutes,Firmicutes,1
HN-HF0106.10,Syntrophomonas.2,0.9089992314354236,0.9089992314354236,positive,0.0008059962341293706,2.698847960791208e-06,6,4,4,1,Firmicutes,Firmicutes,1
Romboutsia.3,midas_g_91392.1,0.9089992314354236,0.9089992314354236,positive,0.0008059962341293706,2.698847960791208e-06,6,6,6,1,Firmicutes,Firmicutes,1
Clostridium_sensu_stricto_13.1,Methanosarcina.1,0.9068158606568072,0.9068158606568072,positive,0.0009245786777107768,3.131576673846364e-06,12,5,5,1,Firmicutes,Halobacterota,0
Proteiniborus.5,midas_g_95485.1,0.9067068855449325,0.9067068855449325,positive,0.0009245786777107768,3.1546071620245824e-06,5,4,4,1,Firmicutes,Firmicutes,1
Syntrophomonas.2,Christensenellaceae_R-7_group.38,0.9067068855449325,0.9067068855449325,positive,0.0009245786777107768,3.1546071620245824e-06,5,4,4,1,Firmicutes,Firmicutes,1
Methanobacterium.89,Phenylobacterium.1,0.9067068855449325,0.9067068855449325,positive,0.0009245786777107768,3.1546071620245824e-06,5,4,4,1,Euryarchaeota,Proteobacteria,0
Dehalobacterium.1,Sphingopyxis.3,0.9059413389427381,0.9059413389427381,positive,0.0009597822840622094,3.320413525971381e-06,4,4,4,1,Firmicutes,Proteobacteria,0
Sphingopyxis.3,Syntrophomonas.22,0.905941338942738,0.905941338942738,positive,0.0009597822840622094,3.3204135259713975e-06,4,4,4,1,Proteobacteria,Firmicutes,0
Afipia.3,Desulfovibrio.3,0.905941338942738,0.905941338942738,positive,0.0009597822840622094,3.3204135259713975e-06,4,4,4,1,Proteobacteria,Desulfobacterota,0
Oscillibacter.3,midas_g_97954.1,0.9054545454545456,0.9054545454545456,positive,0.0009868105966188397,3.429579468999363e-06,11,5,5,1,Firmicutes,Firmicutes,1
Veillonellales-Selenomonadales.6,Phenylobacterium.1,0.9046290428227534,0.9046290428227534,positive,0.0010326151294079938,3.6215435236481835e-06,6,4,4,1,Firmicutes,Proteobacteria,0
midas_g_49834.1,Syntrophomonas.3,0.9046290428227534,0.9046290428227534,positive,0.0010326151294079938,3.6215435236481835e-06,6,10,10,1,Firmicutes,Firmicutes,1
Pelotomaculum.4,Rhodococcus.4,0.9045454545454544,0.9045454545454544,positive,0.0010336200817984917,3.6414710724484267e-06,6,6,6,1,Firmicutes,Actinobacteriota,0
Azoarcus.2,midas_g_97954.1,0.9044306525073137,0.9044306525073137,positive,0.0010367608694650397,3.6689890165789164e-06,9,5,5,1,Proteobacteria,Firmicutes,0
Devosia.9,Phenylobacterium.1,0.904308190080528,0.904308190080528,positive,0.0010404438796433055,3.698534120038411e-06,5,4,4,1,Proteobacteria,Proteobacteria,1
Anaerostignum.2,midas_g_97954.1,0.9040872399131279,0.9040872399131279,positive,0.0010508893132856253,3.7523422650405576e-06,8,5,5,1,Firmicutes,Firmicutes,1
Clostridium_sensu_stricto_13.1,Aminiphilus.1,-0.9032391939306841,0.9032391939306841,negative,0.0011055249350534892,3.9649702498189065e-06,6,5,1,0,Firmicutes,Synergistota,0
Achromobacter.2,Stenotrophomonas.3,0.9027902874036159,0.9027902874036159,positive,0.0011330109427956832,4.08152924770083e-06,10,0,0,1,Proteobacteria,Proteobacteria,1
HN-HF0106.10,midas_g_2178.3,0.9024092218212966,0.9024092218212966,positive,0.0011560035316194911,4.182702339309423e-06,7,4,4,1,Firmicutes,Chloroflexi,0
midas_g_5574.1,EBM-39.1,0.9019672796421018,0.9019672796421018,positive,0.0011839611092981565,4.302648523015169e-06,10,5,5,1,Actinobacteriota,Synergistota,0
Thermovirga.1,midas_g_2604.3,0.9017262929592909,0.9017262929592909,positive,0.0011867418624260059,4.3692530561912175e-06,5,1,1,1,Synergistota,Firmicutes,0
Monoglobus.13,midas_g_49937.1,0.9017262929592909,0.9017262929592909,positive,0.0011867418624260059,4.3692530561912175e-06,5,1,1,1,Firmicutes,Chloroflexi,0
Colidextribacter.1,Syntrophomonas.22,0.9017262929592909,0.9017262929592909,positive,0.0011867418624260059,4.3692530561912175e-06,5,4,4,1,Firmicutes,Firmicutes,1
midas_g_5574.1,midas_g_114295.1,0.9015559277497126,0.9015559277497126,positive,0.001194522543015687,4.416855818114309e-06,10,5,5,1,Actinobacteriota,Armatimonadota,0
Methanosarcina.1,Petrimonas.2,-0.9009374626955591,0.9009374626955591,negative,0.0012324097636275935,4.5933149973482405e-06,10,5,1,0,Halobacterota,Bacteroidota,0
Brevundimonas.3,Hydrogenophaga.7,0.9009189246969626,0.9009189246969626,positive,0.0012324097636275935,4.598693579682872e-06,8,5,5,1,Proteobacteria,Proteobacteria,1
Fermentimonas.2,Aminiphilus.1,-0.9008122145493201,0.9008122145493201,negative,0.0012324097636275935,4.629756467911377e-06,7,5,1,0,Bacteroidota,Synergistota,0
Hydrogenophaga.5,Oscillibacter.4,0.9007936507936508,0.9007936507936508,positive,0.0012324097636275935,4.635178118826605e-06,8,6,6,1,Proteobacteria,Firmicutes,0
Clostridium_sensu_stricto_13.1,Thermovirga.2,0.900451689790615,0.900451689790615,positive,0.0012539257871994512,4.736000529302526e-06,12,5,5,1,Firmicutes,Synergistota,0
Christensenellaceae_R-7_group.63,Anaerostignum.2,0.9003767048731385,0.9003767048731385,positive,0.0012545721851125729,4.758351354332448e-06,6,5,5,1,Firmicutes,Firmicutes,1
HN-HF0106.10,Proteiniborus.5,0.900258854210083,0.900258854210083,positive,0.0012586145532739019,4.793656850632184e-06,6,4,4,1,Firmicutes,Firmicutes,1
Alcaligenes.3,Syntrophomonadaceae.1,0.900180054018006,0.900180054018006,positive,0.0012595963267112644,4.817385259425123e-06,7,2,2,1,Proteobacteria,Firmicutes,0
Clostridium_sensu_stricto_13.1,EBM-39.1,0.8996473558294806,0.8996473558294806,positive,0.001291494959740094,4.980373809262114e-06,12,5,5,1,Firmicutes,Synergistota,0
midas_g_114295.1,Romboutsia.1,0.8996473558294806,0.8996473558294806,positive,0.001291494959740094,4.980373809262114e-06,12,5,5,1,Armatimonadota,Firmicutes,0
Proteiniborus.5,Christensenellaceae_R-7_group.57,0.8995107991517188,0.8995107991517188,positive,0.0012918867070354947,5.022887663435013e-06,5,4,4,1,Firmicutes,Firmicutes,1
Ca_Phosphitivorax.1,midas_g_84729.1,0.8995107991517187,0.8995107991517187,positive,0.0012918867070354947,5.02288766343505e-06,5,1,1,1,SAR324_cladeMarine_group_B,Chloroflexi,0
Thermovirga.2,midas_g_36376.1,0.8991334712592306,0.8991334712592306,positive,0.0013171298015139136,5.1419356202180905e-06,10,5,5,1,Synergistota,Planctomycetota,0
Aquamicrobium.2,Oscillibacter.3,0.8981818181818183,0.8981818181818183,positive,0.0013295962524268973,5.452669290039405e-06,11,5,5,1,Proteobacteria,Firmicutes,0
Christensenellaceae_R-7_group.42,Proteiniphilum.17,0.8977095036486894,0.8977095036486894,positive,0.0013295962524268973,5.612603598336158e-06,3,10,10,1,Firmicutes,Bacteroidota,0
Christensenellaceae_R-7_group.42,Methylobacter.1,0.8977095036486894,0.8977095036486894,positive,0.0013295962524268973,5.612603598336158e-06,3,10,10,1,Firmicutes,Proteobacteria,0
Pelolinea.3,Azorhizobium.1,0.8977095036486894,0.8977095036486894,positive,0.0013295962524268973,5.612603598336158e-06,3,1,1,1,Chloroflexi,Proteobacteria,0
Oxobacteraceae.3,midas_g_98374.1,0.8977095036486894,0.8977095036486894,positive,0.0013295962524268973,5.612603598336158e-06,3,10,10,1,Firmicutes,Chloroflexi,0
midas_g_77817.1,Anaerovorax.14,0.8977095036486894,0.8977095036486894,positive,0.0013295962524268973,5.612603598336158e-06,3,2,2,1,Firmicutes,Firmicutes,1
Syntrophomonas.15,Ruminiclostridium.10,0.8977095036486894,0.8977095036486894,positive,0.0013295962524268973,5.612603598336158e-06,3,6,6,1,Firmicutes,Firmicutes,1
Syntrophomonas.15,Proteiniphilum.5,0.8977095036486894,0.8977095036486894,positive,0.0013295962524268973,5.612603598336158e-06,3,6,6,1,Firmicutes,Bacteroidota,0
Oxobacteraceae.3,Methanobacterium.37,0.8977095036486894,0.8977095036486894,positive,0.0013295962524268973,5.612603598336158e-06,3,10,10,1,Firmicutes,Euryarchaeota,0
Oxobacteraceae.3,Methanobacterium.55,0.8977095036486894,0.8977095036486894,positive,0.0013295962524268973,5.612603598336158e-06,3,10,10,1,Firmicutes,Euryarchaeota,0
Pelotomaculum.1,Lachnospiraceae.3,0.8977095036486894,0.8977095036486894,positive,0.0013295962524268973,5.612603598336158e-06,3,6,6,1,Firmicutes,Firmicutes,1
Syntrophobotulaceae.7,Azorhizobium.1,0.8977095036486894,0.8977095036486894,positive,0.0013295962524268973,5.612603598336158e-06,3,1,1,1,Firmicutes,Proteobacteria,0
Methanobacterium.20,Methanobacterium.37,0.8977095036486894,0.8977095036486894,positive,0.0013295962524268973,5.612603598336158e-06,3,10,10,1,Euryarchaeota,Euryarchaeota,1
Hungateiclostridiaceae.12,midas_g_2424.1,0.8977095036486894,0.8977095036486894,positive,0.0013295962524268973,5.612603598336158e-06,3,10,10,1,Firmicutes,Firmicutes,1
Acetomicrobium.1,midas_g_44684.1,0.8977095036486894,0.8977095036486894,positive,0.0013295962524268973,5.612603598336158e-06,3,10,10,1,Synergistota,Chloroflexi,0
Bacteria (unclassified).33,Novosphingobium.1,0.8977095036486894,0.8977095036486894,positive,0.0013295962524268973,5.612603598336158e-06,3,2,2,1,Bacteria (unclassified),Proteobacteria,0
Methanobacterium.20,Methanobacterium.55,0.8977095036486894,0.8977095036486894,positive,0.0013295962524268973,5.612603598336158e-06,3,10,10,1,Euryarchaeota,Euryarchaeota,1
Methanobacterium.20,midas_g_98374.1,0.8977095036486894,0.8977095036486894,positive,0.0013295962524268973,5.612603598336158e-06,3,10,10,1,Euryarchaeota,Chloroflexi,0
Cryptanaerobacter.1,Proteiniphilum.12,0.8977095036486894,0.8977095036486894,positive,0.0013295962524268973,5.612603598336158e-06,3,1,1,1,Firmicutes,Bacteroidota,0
Methanothrix.1,Azorhizobium.1,0.8977095036486894,0.8977095036486894,positive,0.0013295962524268973,5.612603598336158e-06,3,1,1,1,Halobacterota,Proteobacteria,0
midas_g_21833.1,midas_g_4301.4,0.8971428571428569,0.8971428571428569,positive,0.001363462300790409,5.809618922309085e-06,9,2,5,0,Actinobacteriota,Firmicutes,0
Syntrophomonas.2,Christensenellaceae.7,0.8971121036873142,0.8971121036873142,positive,0.001363462300790409,5.820474163084712e-06,5,4,4,1,Firmicutes,Firmicutes,1
Paracoccus.4,Pseudoxanthomonas.2,0.8971121036873142,0.8971121036873142,positive,0.001363462300790409,5.820474163084712e-06,5,1,1,1,Proteobacteria,Proteobacteria,1
Clostridium_sensu_stricto_13.1,Fermentimonas.2,0.8968642328591785,0.8968642328591785,positive,0.0013662008646835018,5.908585197418054e-06,12,5,5,1,Firmicutes,Bacteroidota,0
Fermentimonas.2,midas_g_76603.1,-0.896779724336649,0.896779724336649,negative,0.0013662008646835018,5.938878358701266e-06,6,5,1,0,Bacteroidota,Firmicutes,0
Christensenellaceae_R-7_group.2,Monoglobus.13,0.8967750175896231,0.8967750175896231,positive,0.0013662008646835018,5.940569348450813e-06,7,1,1,1,Firmicutes,Firmicutes,1
Methanosarcina.1,Monoglobus.13,-0.8967750175896231,0.8967750175896231,negative,0.0013662008646835018,5.940569348450813e-06,6,5,1,0,Halobacterota,Firmicutes,0
EBM-39.1,Monoglobus.13,-0.8967750175896231,0.8967750175896231,negative,0.0013662008646835018,5.940569348450813e-06,7,5,1,0,Synergistota,Firmicutes,0
Mesotoga.1,midas_g_15299.1,0.8964285714285712,0.8964285714285712,positive,0.0013900070413501533,6.066143021729967e-06,15,5,5,1,Thermotogota,Bacteroidota,0
Acinetobacter.2,Anaerostignum.2,0.8961296449444917,0.8961296449444917,positive,0.001394949744658062,6.17626208080108e-06,6,5,5,1,Proteobacteria,Firmicutes,0
Hydrogenophaga.5,midas_g_91392.1,0.8961296449444917,0.8961296449444917,positive,0.001394949744658062,6.17626208080108e-06,6,6,6,1,Proteobacteria,Firmicutes,0
Arenimonas.2,Oscillibacter.4,0.8961296449444917,0.8961296449444917,positive,0.001394949744658062,6.17626208080108e-06,6,6,6,1,Proteobacteria,Firmicutes,0
Christensenellaceae_R-7_group.4,Christensenellaceae_R-7_group.63,0.8961296449444917,0.8961296449444917,positive,0.001394949744658062,6.17626208080108e-06,6,5,5,1,Firmicutes,Firmicutes,1
Rhizobiaceae.1,Proteiniborus.5,0.8958886655974128,0.8958886655974128,positive,0.0014102177557000712,6.266241971562191e-06,6,4,4,1,Proteobacteria,Firmicutes,0
Petrimonas.2,midas_g_112760.1,0.895125810403329,0.895125810403329,positive,0.0014586539821092128,6.5583174123287695e-06,9,1,1,1,Bacteroidota,Firmicutes,0
Cryptanaerobacter.1,midas_g_49937.1,0.8950263830518618,0.8950263830518618,positive,0.0014586539821092128,6.59720673026825e-06,4,1,1,1,Firmicutes,Chloroflexi,0
midas_g_2604.3,Cryptanaerobacter.1,0.8950263830518618,0.8950263830518618,positive,0.0014586539821092128,6.59720673026825e-06,4,1,1,1,Firmicutes,Firmicutes,1
Propionicicella.4,midas_g_82137.3,0.8950263830518617,0.8950263830518617,positive,0.0014586539821092128,6.597206730268284e-06,4,4,4,1,Actinobacteriota,Firmicutes,0
Colidextribacter.6,midas_g_82137.3,0.8950263830518617,0.8950263830518617,positive,0.0014586539821092128,6.597206730268284e-06,4,4,4,1,Firmicutes,Firmicutes,1
Proteiniborus.5,Colidextribacter.6,0.8947134082229096,0.8947134082229096,positive,0.001459178560857409,6.72087738428624e-06,5,4,4,1,Firmicutes,Firmicutes,1
Proteiniborus.5,Propionicicella.4,0.8947134082229096,0.8947134082229096,positive,0.001459178560857409,6.72087738428624e-06,5,4,4,1,Firmicutes,Actinobacteriota,0
Brevundimonas.5,Hyphomicrobium.16,0.8947134082229096,0.8947134082229096,positive,0.001459178560857409,6.72087738428624e-06,5,6,6,1,Proteobacteria,Proteobacteria,1
Ercella.1,Petrimonas.4,0.8946691569697147,0.8946691569697147,positive,0.001459178560857409,6.73851780889177e-06,6,1,1,1,Firmicutes,Bacteroidota,0
Acinetobacter.2,Azoarcus.2,0.8946691569697147,0.8946691569697147,positive,0.001459178560857409,6.73851780889177e-06,6,5,5,1,Proteobacteria,Proteobacteria,1
Ercella.1,Methanobacterium.5,0.8946691569697147,0.8946691569697147,positive,0.001459178560857409,6.73851780889177e-06,6,1,1,1,Firmicutes,Euryarchaeota,0
midas_g_5574.1,Clostridium_sensu_stricto_13.1,0.8942558797517393,0.8942558797517393,positive,0.001490138072457582,6.905137225975402e-06,10,5,5,1,Actinobacteriota,Firmicutes,0
Thermovirga.2,Aminiphilus.1,-0.8934285078726864,0.8934285078726864,negative,0.0015590108160057937,7.24902670977398e-06,7,5,1,0,Synergistota,Synergistota,1
Rhizobiaceae.1,Devosia.9,0.8925014715479427,0.8925014715479427,positive,0.001630955592794983,7.651160265337156e-06,5,4,4,1,Proteobacteria,Proteobacteria,1
Rhizobiaceae.1,midas_g_77185.2,0.8925014715479427,0.8925014715479427,positive,0.001630955592794983,7.651160265337156e-06,5,4,4,1,Proteobacteria,Cyanobacteria,0
midas_g_114295.1,Methanosarcina.1,0.8924788510021541,0.8924788510021541,positive,0.001630955592794983,7.661199978850968e-06,12,5,5,1,Armatimonadota,Halobacterota,0
midas_g_76603.1,Petrimonas.4,0.8918825850158447,0.8918825850158447,positive,0.0016590931160638009,7.929823930160204e-06,6,1,1,1,Firmicutes,Bacteroidota,0
Acinetobacter.2,Christensenellaceae_R-7_group.4,0.8918825850158447,0.8918825850158447,positive,0.0016590931160638009,7.929823930160204e-06,6,5,5,1,Proteobacteria,Firmicutes,0
midas_g_5574.1,Thermovirga.2,0.8918530382935689,0.8918530382935689,positive,0.0016590931160638009,7.943336228657404e-06,10,5,5,1,Actinobacteriota,Synergistota,0
midas_g_5574.1,Intestinimonas.1,0.8918530382935689,0.8918530382935689,positive,0.0016590931160638009,7.943336228657404e-06,10,5,5,1,Actinobacteriota,Firmicutes,0
HN-HF0106.10,Clostridium_sensu_stricto_1.7,0.8915184769847424,0.8915184769847424,positive,0.0016590931160638009,8.09767945874673e-06,6,4,4,1,Firmicutes,Firmicutes,1
Christensenellaceae_R-7_group.42,Oscillospiraceae.8,0.8911568795344654,0.8911568795344654,positive,0.0016590931160638009,8.267293592598943e-06,3,10,10,1,Firmicutes,Firmicutes,1
Dehalobacterium.3,midas_g_112829.1,0.8911568795344654,0.8911568795344654,positive,0.0016590931160638009,8.267293592598943e-06,3,6,6,1,Firmicutes,Firmicutes,1
Pelolinea.3,Proteiniphilum.12,0.8911568795344654,0.8911568795344654,positive,0.0016590931160638009,8.267293592598943e-06,3,1,1,1,Chloroflexi,Bacteroidota,0
Methanothrix.1,Proteiniphilum.12,0.8911568795344654,0.8911568795344654,positive,0.0016590931160638009,8.267293592598943e-06,3,1,1,1,Halobacterota,Bacteroidota,0
Cryptanaerobacter.1,Desulfurispora.1,0.8911568795344654,0.8911568795344654,positive,0.0016590931160638009,8.267293592598943e-06,3,1,1,1,Firmicutes,Firmicutes,1
Methanobacterium.20,Methanobacterium.34,0.8911568795344654,0.8911568795344654,positive,0.0016590931160638009,8.267293592598943e-06,3,10,10,1,Euryarchaeota,Euryarchaeota,1
Cryptanaerobacter.1,Azorhizobium.1,0.8911568795344653,0.8911568795344653,positive,0.0016590931160638009,8.267293592599e-06,3,1,1,1,Firmicutes,Proteobacteria,0
Bellilinea.1,Azorhizobium.1,0.8911568795344653,0.8911568795344653,positive,0.0016590931160638009,8.267293592599e-06,3,1,1,1,Chloroflexi,Proteobacteria,0
Trichloromonas.1,Novosphingobium.1,0.8911568795344653,0.8911568795344653,positive,0.0016590931160638009,8.267293592599e-06,3,2,2,1,Desulfobacterota,Proteobacteria,0
Syntrophobotulaceae.7,Proteiniphilum.12,0.8911568795344653,0.8911568795344653,positive,0.0016590931160638009,8.267293592599e-06,3,1,1,1,Firmicutes,Bacteroidota,0
midas_g_92370.1,Azorhizobium.1,0.8911568795344653,0.8911568795344653,positive,0.0016590931160638009,8.267293592599e-06,3,1,1,1,Firmicutes,Proteobacteria,0
Oxobacteraceae.3,Methanobacterium.34,0.8911568795344653,0.8911568795344653,positive,0.0016590931160638009,8.267293592599e-06,3,10,10,1,Firmicutes,Euryarchaeota,0
midas_g_82137.3,Clostridium_sensu_stricto_7.2,0.8911568795344653,0.8911568795344653,positive,0.0016590931160638009,8.267293592599e-06,3,4,4,1,Firmicutes,Firmicutes,1
Acinetobacter.2,midas_g_97954.1,0.8903616128590073,0.8903616128590073,positive,0.001730534550847122,8.65075036526555e-06,6,5,5,1,Proteobacteria,Firmicutes,0
Clostridium_sensu_stricto_1.7,Hungateiclostridiaceae.28,0.8899160172941005,0.8899160172941005,positive,0.0017532987143700906,8.871995736117785e-06,5,4,4,1,Firmicutes,Firmicutes,1
Desulfovibrio.3,Lachnoclostridium.2,0.8895689051064236,0.8895689051064236,positive,0.0017532987143700906,9.047586560321034e-06,4,4,4,1,Desulfobacterota,Firmicutes,0
Methanobacterium.20,Hungateiclostridiaceae.28,0.8895689051064236,0.8895689051064236,positive,0.0017532987143700906,9.047586560321034e-06,4,10,4,0,Euryarchaeota,Firmicutes,0
midas_g_119665.1,Christensenellaceae_R-7_group.19,0.8895689051064236,0.8895689051064236,positive,0.0017532987143700906,9.047586560321034e-06,4,6,6,1,Firmicutes,Firmicutes,1
midas_g_84729.1,midas_g_92370.1,0.8895689051064236,0.8895689051064236,positive,0.0017532987143700906,9.047586560321034e-06,4,1,1,1,Chloroflexi,Firmicutes,0
midas_g_2604.3,Methanothrix.1,0.8895689051064235,0.8895689051064235,positive,0.0017532987143700906,9.047586560321086e-06,4,1,1,1,Firmicutes,Halobacterota,0
Pelolinea.3,midas_g_49937.1,0.8895689051064235,0.8895689051064235,positive,0.0017532987143700906,9.047586560321086e-06,4,1,1,1,Chloroflexi,Chloroflexi,1
Methanothrix.1,midas_g_49937.1,0.8895689051064235,0.8895689051064235,positive,0.0017532987143700906,9.047586560321086e-06,4,1,1,1,Halobacterota,Chloroflexi,0
midas_g_2604.3,Pelolinea.3,0.8895689051064235,0.8895689051064235,positive,0.0017532987143700906,9.047586560321086e-06,4,1,1,1,Firmicutes,Chloroflexi,0
Enterococcus.5,Dysgonomonadaceae.1,0.8895689051064235,0.8895689051064235,positive,0.0017532987143700906,9.047586560321086e-06,4,4,4,1,Firmicutes,Bacteroidota,0
Syntrophobacter.1,Syntrophomonadaceae.1,0.8895238095238093,0.8895238095238093,positive,0.0017532987143700906,9.070609402428818e-06,9,2,2,1,Desulfobacterota,Firmicutes,0
Christensenellaceae_R-7_group.4,Fermentimonas.2,0.8892437602665931,0.8892437602665931,positive,0.0017756994509267698,9.214678015251433e-06,8,5,5,1,Firmicutes,Bacteroidota,0
midas_g_114295.1,Clostridium_sensu_stricto_13.1,0.8884892086330936,0.8884892086330936,positive,0.0018466856243457752,9.612354155987786e-06,12,5,5,1,Armatimonadota,Firmicutes,0
Thermovirga.1,Christensenellaceae_R-7_group.44,0.8881776532977661,0.8881776532977661,positive,0.0018733098221962994,9.780666701091544e-06,7,1,1,1,Synergistota,Firmicutes,0
Veillonellales-Selenomonadales.6,Reyranella.2,0.8878890608422685,0.8878890608422685,positive,0.0018892804318917451,9.938753784757327e-06,5,4,4,1,Firmicutes,Proteobacteria,0
Clostridium_sensu_stricto_13.1,midas_g_76603.1,-0.8878614379970029,0.8878614379970029,negative,0.0018892804318917451,9.953995991177505e-06,5,5,1,0,Firmicutes,Firmicutes,1
midas_g_114295.1,midas_g_76603.1,-0.8878614379970029,0.8878614379970029,negative,0.0018892804318917451,9.953995991177505e-06,5,5,1,0,Armatimonadota,Firmicutes,0
Devosia.1,Phenylobacterium.4,0.8876355250871978,0.8876355250871978,positive,0.0019073344983081577,1.00793853419338e-05,6,2,2,1,Proteobacteria,Proteobacteria,1
Aminiphilus.1,Ca_Phosphitivorax.1,0.88634665318395,0.88634665318395,positive,0.00204138051873855,1.0820152557505884e-05,6,1,1,1,Synergistota,SAR324_cladeMarine_group_B,0
midas_g_35108.1,Christensenellaceae_R-7_group.51,0.8862587350511957,0.8862587350511957,positive,0.00204509365192735,1.0872288275552454e-05,6,1,1,1,Chloroflexi,Firmicutes,0
Clostridium_sensu_stricto_13.1,Petrimonas.2,-0.8860889883220747,0.8860889883220747,negative,0.0020579959118449667,1.097353963214379e-05,8,5,1,0,Firmicutes,Bacteroidota,0
Acetobacterium.1,midas_g_15299.1,0.8857142857142855,0.8857142857142855,positive,0.0020942005167123184,1.1199821851208482e-05,15,5,5,1,Firmicutes,Bacteroidota,0
Christensenellaceae_R-7_group.4,Methanobacterium.4,-0.885475778231565,0.885475778231565,negative,0.002115232004002982,1.1345866273415555e-05,6,5,1,0,Firmicutes,Euryarchaeota,0
Christensenellaceae_R-7_group.4,Hydrogenophaga.7,0.884920634920635,0.884920634920635,positive,0.002173320494578432,1.1691935881900664e-05,8,5,5,1,Firmicutes,Proteobacteria,0
Christensenellaceae_R-7_group.2,midas_g_76603.1,0.8846848215947252,0.8846848215947252,positive,0.0021946609828416255,1.18415706694727e-05,8,1,1,1,Firmicutes,Firmicutes,1
Christensenellaceae_R-7_group.44,Christensenellaceae_R-7_group.51,0.8845947866158472,0.8845947866158472,positive,0.002195049241899632,1.1899120426261603e-05,9,1,1,1,Firmicutes,Firmicutes,1
Brevundimonas.3,Thermovirga.2,0.8845726053279072,0.8845726053279072,positive,0.002195049241899632,1.1913334191285653e-05,10,5,5,1,Proteobacteria,Synergistota,0
Propionicicella.4,Lachnoclostridium.2,0.8841114271609853,0.8841114271609853,positive,0.002237009829388843,1.2212070036972133e-05,4,4,4,1,Actinobacteriota,Firmicutes,0
Colidextribacter.6,Lachnoclostridium.2,0.8841114271609853,0.8841114271609853,positive,0.002237009829388843,1.2212070036972133e-05,4,4,4,1,Firmicutes,Firmicutes,1
Aquamicrobium.2,midas_g_93469.1,0.8839599998785472,0.8839599998785472,positive,0.0022486877769321077,1.2311506697584303e-05,9,5,5,1,Proteobacteria,Firmicutes,0
Rhizobiaceae.1,Methanobacterium.96,0.8832766501365943,0.8832766501365943,positive,0.0023254439156563216,1.2768648154649559e-05,5,4,4,1,Proteobacteria,Euryarchaeota,0
Rhizobiaceae.1,Clostridium_sensu_stricto_1.7,0.8827780997594018,0.8827780997594018,positive,0.0023809102828222183,1.3110989115741101e-05,6,4,4,1,Proteobacteria,Firmicutes,0
Gordonia.1,Sedimentibacter.11,0.8824722985738213,0.8824722985738213,positive,0.0024127703456556016,1.3324722764594364e-05,11,9,9,1,Actinobacteriota,Firmicutes,0
Veillonellales-Selenomonadales.6,HN-HF0106.10,0.8823529411764706,0.8823529411764706,positive,0.002421060510697533,1.3408926877097771e-05,7,4,4,1,Firmicutes,Firmicutes,1
Petrimonas.2,Methanobacterium.5,0.8822304565771898,0.8822304565771898,positive,0.0024217189934488455,1.3495796332763913e-05,6,1,1,1,Bacteroidota,Euryarchaeota,0
Christensenellaceae_R-7_group.63,Azoarcus.2,0.8821854012910676,0.8821854012910676,positive,0.0024217189934488455,1.3527868183165544e-05,6,5,5,1,Firmicutes,Proteobacteria,0
Aminiphilus.1,Petrimonas.4,0.8821854012910676,0.8821854012910676,positive,0.0024217189934488455,1.3527868183165544e-05,6,1,1,1,Synergistota,Bacteroidota,0
Christensenellaceae_R-7_group.4,Thermovirga.2,0.881707796196537,0.881707796196537,positive,0.0024762457579118576,1.3871754729788392e-05,8,5,5,1,Firmicutes,Synergistota,0
Thermovirga.2,Petrimonas.4,-0.8811486796273612,0.8811486796273612,negative,0.002542548665028286,1.428352790522762e-05,4,5,1,0,Synergistota,Bacteroidota,0
Desulfuromonadaceae.1,Thauera.1,0.8809704447837573,0.8809704447837573,positive,0.0025542764535859633,1.4416907073130255e-05,5,5,5,1,Desulfobacterota,Proteobacteria,0
Proteiniphilum.15,midas_g_2178.3,0.880952380952381,0.880952380952381,positive,0.0025542764535859633,1.44304823924303e-05,8,4,4,1,Bacteroidota,Chloroflexi,0
Christensenellaceae_R-7_group.1,midas_g_97311.1,0.8807710121010887,0.8807710121010887,positive,0.002571284348699626,1.4567374115050093e-05,10,1,1,1,Firmicutes,Firmicutes,1
Phenylobacterium.1,Caproiciproducens.1,0.8803212354364821,0.8803212354364821,positive,0.002624676196511173,1.4911512970942963e-05,5,4,4,1,Proteobacteria,Firmicutes,0
Pelotomaculum.2,Sphaerochaeta.7,0.880176052817606,0.880176052817606,positive,0.0026362489531166753,1.5024027799779648e-05,7,10,10,1,Firmicutes,Spirochaetota,0
EBM-39.1,Aminiphilus.1,-0.879720502924256,0.879720502924256,negative,0.0026362489531166753,1.538166125721505e-05,9,5,1,0,Synergistota,Synergistota,1
midas_g_93469.1,Christensenellaceae_R-7_group.2,-0.879720502924256,0.879720502924256,negative,0.0026362489531166753,1.538166125721505e-05,8,5,1,0,Firmicutes,Firmicutes,1
Hydrogenophaga.5,Pelotomaculum.4,0.879141405229904,0.879141405229904,positive,0.0026362489531166753,1.5846466253673363e-05,6,6,6,1,Proteobacteria,Firmicutes,0
Acinetobacter.2,Methanobacterium.4,-0.8791323210927448,0.8791323210927448,negative,0.0026362489531166753,1.585384936285243e-05,4,5,1,0,Proteobacteria,Euryarchaeota,0
Anaerovorax.12,Proteiniphilum.5,0.8790490729915326,0.8790490729915326,positive,0.0026362489531166753,1.5921642174409364e-05,4,6,6,1,Firmicutes,Bacteroidota,0
midas_g_35108.1,Pelolinea.3,0.8790490729915326,0.8790490729915326,positive,0.0026362489531166753,1.5921642174409364e-05,4,1,1,1,Chloroflexi,Chloroflexi,1
Brevundimonas.5,Comamonadaceae.6,0.8790490729915326,0.8790490729915326,positive,0.0026362489531166753,1.5921642174409364e-05,4,6,6,1,Proteobacteria,Proteobacteria,1
Anaerovorax.12,Ruminiclostridium.10,0.8790490729915326,0.8790490729915326,positive,0.0026362489531166753,1.5921642174409364e-05,4,6,6,1,Firmicutes,Firmicutes,1
midas_g_35108.1,Methanothrix.1,0.8790490729915326,0.8790490729915326,positive,0.0026362489531166753,1.5921642174409364e-05,4,1,1,1,Chloroflexi,Halobacterota,0
Hungateiclostridiaceae.12,Rummeliibacillus.2,0.8786539492155472,0.8786539492155472,positive,0.0026362489531166753,1.6246701646417725e-05,4,10,4,0,Firmicutes,Firmicutes,1
Bellilinea.1,midas_g_49937.1,0.8786539492155472,0.8786539492155472,positive,0.0026362489531166753,1.6246701646417725e-05,4,1,1,1,Chloroflexi,Chloroflexi,1
midas_g_2604.3,Bellilinea.1,0.8786539492155472,0.8786539492155472,positive,0.0026362489531166753,1.6246701646417725e-05,4,1,1,1,Firmicutes,Chloroflexi,0
Geobacteraceae.1,midas_g_3409.1,0.8785714285714284,0.8785714285714284,positive,0.0026362489531166753,1.631528028654429e-05,14,1,1,1,Desulfobacterota,WS1,0
Anaerovorax.1,Proteiniphilum.1,0.8785714285714284,0.8785714285714284,positive,0.0026362489531166753,1.631528028654429e-05,15,1,1,1,Firmicutes,Bacteroidota,0
Clostridiaceae.6,Desulfosporosinus.2,0.8784079111467314,0.8784079111467314,positive,0.0026362489531166753,1.645188129025355e-05,6,4,4,1,Firmicutes,Firmicutes,1
Methanobacterium.1,Petrimonas.4,0.8783470307876645,0.8783470307876645,positive,0.0026362489531166753,1.6502982167238902e-05,6,1,1,1,Euryarchaeota,Bacteroidota,0
Petrimonas.2,Petrimonas.4,0.878164878436281,0.878164878436281,positive,0.0026362489531166753,1.665666221829904e-05,6,1,1,1,Bacteroidota,Bacteroidota,1
Clostridium_sensu_stricto_13.1,Aminivibrio.1,0.8781418413475012,0.8781418413475012,positive,0.0026362489531166753,1.667618272390691e-05,12,5,5,1,Firmicutes,Synergistota,0
Pelotomaculum.1,Proteiniphilum.5,0.8780516313060174,0.8780516313060174,positive,0.0026362489531166753,1.675280521899957e-05,3,6,6,1,Firmicutes,Bacteroidota,0
Afipia.3,midas_g_36215.9,0.8780516313060174,0.8780516313060174,positive,0.0026362489531166753,1.675280521899957e-05,3,4,4,1,Proteobacteria,Bacteroidota,0
Christensenellaceae_R-7_group.42,Methanobacterium.55,0.8780516313060174,0.8780516313060174,positive,0.0026362489531166753,1.675280521899957e-05,3,10,10,1,Firmicutes,Euryarchaeota,0
Oxobacteraceae.3,Christensenellaceae.15,0.8780516313060174,0.8780516313060174,positive,0.0026362489531166753,1.675280521899957e-05,3,10,10,1,Firmicutes,Firmicutes,1
Pelotomaculum.1,Ruminiclostridium.10,0.8780516313060174,0.8780516313060174,positive,0.0026362489531166753,1.675280521899957e-05,3,6,6,1,Firmicutes,Firmicutes,1
Flavobacterium.3,midas_g_9269.2,0.8780516313060174,0.8780516313060174,positive,0.0026362489531166753,1.675280521899957e-05,3,10,10,1,Bacteroidota,Bacteroidota,1
Flavobacterium.3,midas_g_9269.3,0.8780516313060174,0.8780516313060174,positive,0.0026362489531166753,1.675280521899957e-05,3,10,10,1,Bacteroidota,Bacteroidota,1
midas_g_92370.1,Proteiniphilum.12,0.8780516313060174,0.8780516313060174,positive,0.0026362489531166753,1.675280521899957e-05,3,1,1,1,Firmicutes,Bacteroidota,0
Methanobacterium.20,Proteiniphilum.17,0.8780516313060174,0.8780516313060174,positive,0.0026362489531166753,1.675280521899957e-05,3,10,10,1,Euryarchaeota,Bacteroidota,0
midas_g_2424.1,midas_g_44684.1,0.8780516313060174,0.8780516313060174,positive,0.0026362489531166753,1.675280521899957e-05,3,10,10,1,Firmicutes,Chloroflexi,0
Acetomicrobium.1,Hungateiclostridiaceae.12,0.8780516313060174,0.8780516313060174,positive,0.0026362489531166753,1.675280521899957e-05,3,10,10,1,Synergistota,Firmicutes,0
Methanobacterium.20,Methylobacter.1,0.8780516313060174,0.8780516313060174,positive,0.0026362489531166753,1.675280521899957e-05,3,10,10,1,Euryarchaeota,Proteobacteria,0
Syntrophobotulaceae.7,Desulfurispora.1,0.8780516313060174,0.8780516313060174,positive,0.0026362489531166753,1.675280521899957e-05,3,1,1,1,Firmicutes,Firmicutes,1
Syntrophomonas.15,Lachnospiraceae.3,0.8780516313060174,0.8780516313060174,positive,0.0026362489531166753,1.675280521899957e-05,3,6,6,1,Firmicutes,Firmicutes,1
Christensenellaceae_R-7_group.42,Methanobacterium.37,0.8780516313060174,0.8780516313060174,positive,0.0026362489531166753,1.675280521899957e-05,3,10,10,1,Firmicutes,Euryarchaeota,0
Methanobacterium.20,Christensenellaceae.15,0.8780516313060174,0.8780516313060174,positive,0.0026362489531166753,1.675280521899957e-05,3,10,10,1,Euryarchaeota,Firmicutes,0
Christensenellaceae_R-7_group.42,Christensenellaceae.15,0.8780516313060174,0.8780516313060174,positive,0.0026362489531166753,1.675280521899957e-05,3,10,10,1,Firmicutes,Firmicutes,1
Oxobacteraceae.3,Methylobacter.1,0.8780516313060174,0.8780516313060174,positive,0.0026362489531166753,1.675280521899957e-05,3,10,10,1,Firmicutes,Proteobacteria,0
Methanothrix.1,Desulfurispora.1,0.8780516313060174,0.8780516313060174,positive,0.0026362489531166753,1.675280521899957e-05,3,1,1,1,Halobacterota,Firmicutes,0
Bellilinea.1,Proteiniphilum.12,0.8780516313060174,0.8780516313060174,positive,0.0026362489531166753,1.675280521899957e-05,3,1,1,1,Chloroflexi,Bacteroidota,0
Oxobacteraceae.3,Proteiniphilum.17,0.8780516313060174,0.8780516313060174,positive,0.0026362489531166753,1.675280521899957e-05,3,10,10,1,Firmicutes,Bacteroidota,0
Christensenellaceae_R-7_group.42,midas_g_98374.1,0.8780516313060174,0.8780516313060174,positive,0.0026362489531166753,1.675280521899957e-05,3,10,10,1,Firmicutes,Chloroflexi,0
Pelolinea.3,Desulfurispora.1,0.8780516313060174,0.8780516313060174,positive,0.0026362489531166753,1.675280521899957e-05,3,1,1,1,Chloroflexi,Firmicutes,0
Ercella.1,Ca_Phosphitivorax.1,0.8780241493981852,0.8780241493981852,positive,0.0026362489531166753,1.6776205766969036e-05,6,1,1,1,Firmicutes,SAR324_cladeMarine_group_B,0
midas_g_95534.1,midas_g_91392.2,0.8779225399720776,0.8779225399720776,positive,0.0026432900918802143,1.6862960880690738e-05,5,1,1,1,Firmicutes,Firmicutes,1
Proteiniphilum.2,midas_g_97311.1,0.877777777777778,0.877777777777778,positive,0.0026561578885350885,1.6987203305291532e-05,10,1,1,1,Bacteroidota,Firmicutes,0
EBM-39.1,Aquamicrobium.2,0.8775130886654744,0.8775130886654744,positive,0.002680948091179197,1.721633843475549e-05,11,5,5,1,Synergistota,Proteobacteria,0
Anaerostignum.2,Aquamicrobium.2,0.8774964387392123,0.8774964387392123,positive,0.002680948091179197,1.7230837225498692e-05,8,5,5,1,Firmicutes,Proteobacteria,0
Clostridiaceae.1,midas_g_82137.2,0.8769841269841271,0.8769841269841271,positive,0.0027443590487408946,1.7681940105195722e-05,8,4,4,1,Firmicutes,Firmicutes,1
midas_g_82137.2,Devosia.9,0.8763204394271342,0.8763204394271342,positive,0.0028303455516955054,1.8280868371156738e-05,5,4,4,1,Firmicutes,Proteobacteria,0
midas_g_112760.1,Monoglobus.13,0.876175252577526,0.876175252577526,positive,0.0028439867135142184,1.841410764455202e-05,7,1,1,1,Firmicutes,Firmicutes,1
Proteiniborus.5,Desulfovibrio.3,0.8755238445076728,0.8755238445076728,positive,0.0029235227746481577,1.902187351391349e-05,5,4,4,1,Firmicutes,Desulfobacterota,0
Phenylobacterium.1,Christensenellaceae_R-7_group.57,0.8755238445076728,0.8755238445076728,positive,0.0029235227746481577,1.902187351391349e-05,5,4,4,1,Proteobacteria,Firmicutes,0
Thermovirga.2,Methanobacterium.5,-0.8750996040235121,0.8750996040235121,negative,0.0029784571516814147,1.9426570116816285e-05,4,5,1,0,Synergistota,Euryarchaeota,0
Arenimonas.2,Hydrogenophaga.5,0.8748943453012572,0.8748943453012572,positive,0.002987064848719692,1.962492219776482e-05,6,6,6,1,Proteobacteria,Proteobacteria,1
midas_g_82137.2,Phenylobacterium.1,0.8748943453012572,0.8748943453012572,positive,0.002987064848719692,1.962492219776482e-05,6,4,4,1,Firmicutes,Proteobacteria,0
Acinetobacter.2,midas_g_98017.1,0.8748943453012572,0.8748943453012572,positive,0.002987064848719692,1.962492219776482e-05,6,5,5,1,Proteobacteria,Firmicutes,0
Pelotomaculum.4,Romboutsia.3,0.8740377225340612,0.8740377225340612,positive,0.0030954586229740696,2.0470958084952068e-05,6,6,6,1,Firmicutes,Firmicutes,1
Romboutsia.3,Parapusillimonas.1,0.8739495798319327,0.8739495798319327,positive,0.0030954586229740696,2.055970180487942e-05,7,6,4,0,Firmicutes,Proteobacteria,0
Colidextribacter.4,Dehalobacterium.3,0.8738781960915823,0.8738781960915823,positive,0.0030954586229740696,2.0631805974054996e-05,4,6,6,1,Firmicutes,Firmicutes,1
midas_g_35108.1,Bellilinea.1,0.8738781960915822,0.8738781960915822,positive,0.0030954586229740696,2.0631805974055118e-05,4,1,1,1,Chloroflexi,Chloroflexi,1
midas_g_35108.1,Cryptanaerobacter.1,0.8738781960915822,0.8738781960915822,positive,0.0030954586229740696,2.0631805974055118e-05,4,1,1,1,Chloroflexi,Firmicutes,0
Methanobacterium.5,Cryptanaerobacter.1,0.8738781960915822,0.8738781960915822,positive,0.0030954586229740696,2.0631805974055118e-05,4,1,1,1,Euryarchaeota,Firmicutes,0
Syner-01.9,Monoglobus.13,0.8737825552945827,0.8737825552945827,positive,0.0031026148874416953,2.0728740718141265e-05,7,1,1,1,Synergistota,Firmicutes,0
midas_g_669.2,Syntrophomonas.1,0.8736977528572244,0.8736977528572244,positive,0.003108144076122555,2.0815006191064178e-05,8,5,5,1,Firmicutes,Firmicutes,1
Monoglobus.2,midas_g_112760.1,-0.8736247941296782,0.8736247941296782,negative,0.003111887808156077,2.088946175215064e-05,6,9,1,0,Firmicutes,Firmicutes,1
Caproiciproducens.1,midas_g_82137.3,0.8731964712701089,0.8731964712701089,positive,0.003147902322430732,2.1331042175991408e-05,4,4,4,1,Firmicutes,Firmicutes,1
midas_g_95485.1,Christensenellaceae_R-7_group.42,0.8731964712701089,0.8731964712701089,positive,0.003147902322430732,2.1331042175991408e-05,4,4,10,0,Firmicutes,Firmicutes,1
Devosia.9,Lachnoclostridium.2,0.8731964712701089,0.8731964712701089,positive,0.003147902322430732,2.1331042175991408e-05,4,4,4,1,Proteobacteria,Firmicutes,0
Caproiciproducens.2,Pseudomonas.10,0.8731964712701089,0.8731964712701089,positive,0.003147902322430732,2.1331042175991408e-05,4,6,6,1,Firmicutes,Proteobacteria,0
Syntrophomonas.2,Caproiciproducens.1,0.8731251490432684,0.8731251490432684,positive,0.003151483026814188,2.1405318428864578e-05,5,4,4,1,Firmicutes,Firmicutes,1
Fermentimonas.2,Romboutsia.1,0.8722076762524348,0.8722076762524348,positive,0.003287315878067914,2.238008238948702e-05,13,5,5,1,Bacteroidota,Firmicutes,0
Christensenellaceae_R-7_group.1,Methanobacterium.1,0.872107463889301,0.872107463889301,positive,0.0032955950249199954,2.2488746321699908e-05,11,1,1,1,Firmicutes,Euryarchaeota,0
midas_g_82137.2,midas_g_77185.2,0.8718379819364585,0.8718379819364585,positive,0.003316534852937777,2.2783127870321867e-05,5,4,4,1,Firmicutes,Cyanobacteria,0
Christensenellaceae_R-7_group.4,Desulfuromonadaceae.1,0.8718379819364585,0.8718379819364585,positive,0.003316534852937777,2.2783127870321867e-05,5,5,5,1,Firmicutes,Desulfobacterota,0
Paludibacter.3,midas_g_103381.1,0.8714990071917934,0.8714990071917934,positive,0.003316534852937777,2.3157954348122988e-05,3,10,4,0,Bacteroidota,Firmicutes,0
Oxobacteraceae.3,Oscillospiraceae.8,0.8714990071917934,0.8714990071917934,positive,0.003316534852937777,2.3157954348122988e-05,3,10,10,1,Firmicutes,Firmicutes,1
Bellilinea.1,Desulfurispora.1,0.8714990071917934,0.8714990071917934,positive,0.003316534852937777,2.3157954348122988e-05,3,1,1,1,Chloroflexi,Firmicutes,0
Christensenellaceae_R-7_group.42,Methanobacterium.34,0.8714990071917934,0.8714990071917934,positive,0.003316534852937777,2.3157954348122988e-05,3,10,10,1,Firmicutes,Euryarchaeota,0
midas_g_92370.1,Desulfurispora.1,0.8714990071917934,0.8714990071917934,positive,0.003316534852937777,2.3157954348122988e-05,3,1,1,1,Firmicutes,Firmicutes,1
Methanobacterium.20,Oscillospiraceae.8,0.8714990071917934,0.8714990071917934,positive,0.003316534852937777,2.3157954348122988e-05,3,10,10,1,Euryarchaeota,Firmicutes,0
Afipia.3,midas_g_36215.3,0.8714990071917934,0.8714990071917934,positive,0.003316534852937777,2.3157954348122988e-05,3,4,4,1,Proteobacteria,Bacteroidota,0
Flavobacterium.3,Erysipelothrix.3,0.8714990071917934,0.8714990071917934,positive,0.003316534852937777,2.3157954348122988e-05,3,10,10,1,Bacteroidota,Firmicutes,0
EBM-39.1,Romboutsia.1,0.8714285714285712,0.8714285714285712,positive,0.0033202344976243944,2.323647782163262e-05,15,5,5,1,Synergistota,Firmicutes,0
Phenylobacterium.1,Desulfovibrio.3,0.8707264535788638,0.8707264535788638,positive,0.0034106126129205207,2.4031358113065424e-05,5,4,4,1,Proteobacteria,Desulfobacterota,0
Syntrophomonas.2,Hungateiclostridiaceae.28,0.8707264535788638,0.8707264535788638,positive,0.0034106126129205207,2.4031358113065424e-05,5,4,4,1,Firmicutes,Firmicutes,1
Ca_Phosphitivorax.1,midas_g_91392.2,0.8707264535788637,0.8707264535788637,positive,0.0034106126129205207,2.403135811306553e-05,5,1,1,1,SAR324_cladeMarine_group_B,Firmicutes,0
Hydrogenophaga.5,Anaerovorax.12,0.8706472853726104,0.8706472853726104,positive,0.003415837829492282,2.4122382869268184e-05,6,6,6,1,Proteobacteria,Firmicutes,0
Methanosarcina.1,Aminiphilus.1,-0.8704991140047146,0.8704991140047146,negative,0.003432357488561433,2.4293513185933272e-05,8,5,1,0,Halobacterota,Synergistota,0
Methanobacterium.1,Methanobacterium.5,0.8702888011474106,0.8702888011474106,positive,0.003459164239462303,2.4538140969302845e-05,6,1,1,1,Euryarchaeota,Euryarchaeota,1
Taibaiella.1,Ca_Phosphitivorax.1,-0.8700337221544637,0.8700337221544637,negative,0.0034857795432754264,2.4837576013753554e-05,2,9,1,0,Bacteroidota,SAR324_cladeMarine_group_B,0
Taibaiella.1,Petrimonas.4,-0.8700337221544637,0.8700337221544637,negative,0.0034857795432754264,2.4837576013753554e-05,2,9,1,0,Bacteroidota,Bacteroidota,1
HN-HF0106.10,Lutispora.3,0.8697478991596638,0.8697478991596638,positive,0.0035233095797935873,2.5176693566850813e-05,7,4,4,1,Firmicutes,Firmicutes,1
midas_g_112760.1,Petrimonas.4,0.8697016456124204,0.8697016456124204,positive,0.0035233095797935873,2.523193062835717e-05,6,1,1,1,Firmicutes,Bacteroidota,0
Rhizobiaceae.1,Syntrophomonas.2,0.8696675339213908,0.8696675339213908,positive,0.0035233095797935873,2.527273193364493e-05,6,4,4,1,Proteobacteria,Firmicutes,0
Parapusillimonas.1,Enterococcus.5,0.869439418019572,0.869439418019572,positive,0.0035536824100349932,2.5546991648615418e-05,5,4,4,1,Proteobacteria,Firmicutes,0
Ruminiclostridium.9,Sphingopyxis.5,0.8690476190476192,0.8690476190476192,positive,0.0036120348056775595,2.602380108829168e-05,8,6,6,1,Firmicutes,Proteobacteria,0
Christensenellaceae_R-7_group.2,Aminiphilus.1,0.8686548362208061,0.8686548362208061,positive,0.0036670172513105634,2.6509188174995622e-05,9,1,1,1,Firmicutes,Synergistota,0
Methanobacterium.4,EBM-39.1,-0.8686330546284495,0.8686330546284495,negative,0.0036670172513105634,2.6536323144025405e-05,13,1,5,0,Euryarchaeota,Synergistota,0
Acinetobacter.2,Christensenellaceae_R-7_group.63,0.8681818181818182,0.8681818181818182,positive,0.0037372213990798774,2.7103662350898274e-05,5,5,5,1,Proteobacteria,Firmicutes,0
Dysgonomonas.1,Desulfovibrio.2,0.8678571428571429,0.8678571428571429,positive,0.003786077035084088,2.7518063955129214e-05,15,9,9,1,Bacteroidota,Desulfobacterota,0
Veillonellales-Selenomonadales.6,midas_g_82137.2,0.8677011748281698,0.8677011748281698,positive,0.003797140578079406,2.771899365087944e-05,7,4,4,1,Firmicutes,Firmicutes,1
Clostridiaceae.1,Veillonellales-Selenomonadales.6,0.8677011748281697,0.8677011748281697,positive,0.003797140578079406,2.7718993650879593e-05,7,4,4,1,Firmicutes,Firmicutes,1
midas_g_97954.1,Comamonadaceae.3,0.8674767179796739,0.8674767179796739,positive,0.0038287208368183007,2.8010288281544366e-05,11,5,5,1,Firmicutes,Proteobacteria,0
Enterococcus.5,Lutispora.3,0.8671332126667348,0.8671332126667348,positive,0.0038819064635021616,2.8460989401371103e-05,5,4,4,1,Firmicutes,Firmicutes,1
Methanomassiliicoccus.2,Syntrophomonadaceae.1,0.8670416073661089,0.8670416073661089,positive,0.003890017666783779,2.858219093726616e-05,8,2,2,1,Thermoplasmatota,Firmicutes,0
Alcaligenaceae.1,Firmicutes.26,0.8664156467298448,0.8664156467298448,positive,0.003973133396077775,2.9421888042803215e-05,8,5,5,1,Proteobacteria,Firmicutes,0
Acinetobacter.2,midas_g_5574.2,0.8664002254439636,0.8664002254439636,positive,0.003973133396077775,2.944283005790537e-05,6,5,5,1,Proteobacteria,Actinobacteriota,0
midas_g_76603.1,Ca_Phosphitivorax.1,0.8664002254439636,0.8664002254439636,positive,0.003973133396077775,2.944283005790537e-05,6,1,1,1,Firmicutes,SAR324_cladeMarine_group_B,0
Methanobacterium.1,Ca_Phosphitivorax.1,0.8662596863272838,0.8662596863272838,positive,0.003973133396077775,2.9634251057805345e-05,6,1,1,1,Euryarchaeota,SAR324_cladeMarine_group_B,0
EBM-39.1,Methanobacterium.5,-0.8662596863272837,0.8662596863272837,negative,0.003973133396077775,2.9634251057805477e-05,6,5,1,0,Synergistota,Euryarchaeota,0
EBM-39.1,Petrimonas.4,-0.8662596863272837,0.8662596863272837,negative,0.003973133396077775,2.9634251057805477e-05,6,5,1,0,Synergistota,Bacteroidota,0
Christensenellaceae_R-7_group.2,Methanobacterium.5,0.8662596863272837,0.8662596863272837,positive,0.003973133396077775,2.9634251057805477e-05,6,1,1,1,Firmicutes,Euryarchaeota,0
Aquamicrobium.2,midas_g_5574.2,0.8661003810932485,0.8661003810932485,positive,0.003993893933162516,2.9852477902046297e-05,8,5,5,1,Proteobacteria,Actinobacteriota,0
Rhodococcus.4,Shinella.1,0.8659290626500546,0.8659290626500546,positive,0.004016961619675863,3.0088645134208388e-05,5,6,6,1,Actinobacteriota,Proteobacteria,0
Methanobacterium.4,Thermovirga.2,-0.8658318425760286,0.8658318425760286,negative,0.00402641509644322,3.0223352598115387e-05,11,1,5,0,Euryarchaeota,Synergistota,0
Parapusillimonas.1,Proteiniphilum.15,0.8656595250050446,0.8656595250050446,positive,0.0040328088979959265,3.0463342042182066e-05,7,4,4,1,Proteobacteria,Bacteroidota,0
Ercella.6,midas_g_51070.3,0.8656595250050446,0.8656595250050446,positive,0.0040328088979959265,3.0463342042182066e-05,7,10,10,1,Firmicutes,Firmicutes,1
Alcaligenes.3,Sphingosinicella.1,0.8656595250050446,0.8656595250050446,positive,0.0040328088979959265,3.0463342042182066e-05,7,2,2,1,Proteobacteria,Proteobacteria,1
Colidextribacter.1,Veillonellales-Selenomonadales.6,0.8655462184873949,0.8655462184873949,positive,0.004045314429690067,3.062200436350909e-05,7,4,4,1,Firmicutes,Firmicutes,1
HN-HF0106.10,Phenylobacterium.1,0.8652973453087206,0.8652973453087206,positive,0.004083109935693442,3.0972903628740676e-05,6,4,4,1,Firmicutes,Proteobacteria,0
Proteiniphilum.15,midas_g_82137.2,0.8650793650793652,0.8650793650793652,positive,0.004101269806402555,3.128297505057758e-05,8,4,4,1,Bacteroidota,Firmicutes,0
Methanomassiliicoccus.2,Phenylobacterium.4,0.8650793650793652,0.8650793650793652,positive,0.004101269806402555,3.128297505057758e-05,7,2,2,1,Thermoplasmatota,Proteobacteria,0
midas_g_114295.1,Brevundimonas.3,0.8650556877598456,0.8650556877598456,positive,0.004101269806402555,3.1316809676480386e-05,10,5,5,1,Armatimonadota,Proteobacteria,0
Thermovirga.2,Ca_Phosphitivorax.1,-0.8650178113504301,0.8650178113504301,negative,0.004101269806402555,3.137099766220255e-05,4,5,1,0,Synergistota,SAR324_cladeMarine_group_B,0
Colidextribacter.1,Dehalobacterium.1,0.8648270073138978,0.8648270073138978,positive,0.004128546075503922,3.164515432234733e-05,5,4,4,1,Firmicutes,Firmicutes,1
Methanobacterium.4,Fermentimonas.2,-0.8640429338103757,0.8640429338103757,negative,0.004269416154555192,3.2792671768253295e-05,11,1,5,0,Euryarchaeota,Bacteroidota,0
Thauera.1,midas_g_98017.1,0.8636178751819195,0.8636178751819195,positive,0.004315168041150739,3.342902244617082e-05,6,5,5,1,Proteobacteria,Firmicutes,0
Anaerovorax.12,Lachnospiraceae.3,0.8635364422916818,0.8635364422916818,positive,0.004315168041150739,3.355209399347955e-05,4,6,6,1,Firmicutes,Firmicutes,1
Methanobacterium.5,Pelolinea.3,0.8635364422916818,0.8635364422916818,positive,0.004315168041150739,3.355209399347955e-05,4,1,1,1,Euryarchaeota,Chloroflexi,0
Paludibacter.3,Dehalobacter.2,0.8635364422916818,0.8635364422916818,positive,0.004315168041150739,3.355209399347955e-05,4,10,6,0,Bacteroidota,Firmicutes,0
Methanobacterium.5,Methanothrix.1,0.8635364422916818,0.8635364422916818,positive,0.004315168041150739,3.355209399347955e-05,4,1,1,1,Euryarchaeota,Halobacterota,0
Shinella.1,midas_g_91392.1,0.8635303671856499,0.8635303671856499,positive,0.004315168041150739,3.356129046910863e-05,5,6,6,1,Proteobacteria,Firmicutes,0
Petrimonas.2,Christensenellaceae_R-7_group.44,0.8634893472497809,0.8634893472497809,positive,0.004315168041150739,3.362344095288369e-05,9,1,1,1,Bacteroidota,Firmicutes,0
Fermentimonas.2,Methanosarcina.1,0.8632711221924715,0.8632711221924715,positive,0.004348950181278149,3.395568427950692e-05,13,5,5,1,Bacteroidota,Halobacterota,0
Proteiniclasticum.1,Syntrophomonadaceae.1,0.8630070645655539,0.8630070645655539,positive,0.004383087583454296,3.4361336627200654e-05,5,2,2,1,Firmicutes,Firmicutes,1
Desulfuromonadaceae.1,Azoarcus.2,0.8630070645655539,0.8630070645655539,positive,0.004383087583454296,3.4361336627200654e-05,5,5,5,1,Desulfobacterota,Proteobacteria,0
Desulfuromonadaceae.1,midas_g_98017.1,0.8628730669551067,0.8628730669551067,positive,0.004400632565733244,3.456871679369594e-05,5,5,5,1,Desulfobacterota,Firmicutes,0
Anaerostignum.2,midas_g_36376.1,0.8625819491779428,0.8625819491779428,positive,0.004449453507238172,3.502283523645751e-05,8,5,5,1,Firmicutes,Planctomycetota,0
Veillonellales-Selenomonadales.6,Methanobacterium.89,0.8625208019610608,0.8625208019610608,positive,0.00445267375916162,3.511884435686237e-05,5,4,4,1,Firmicutes,Euryarchaeota,0
midas_g_5574.2,midas_g_97954.1,0.8623016952112605,0.8623016952112605,positive,0.004482537229028994,3.546466158776522e-05,8,5,5,1,Actinobacteriota,Firmicutes,0
Christensenellaceae.7,Lachnoclostridium.2,0.8622815153792326,0.8622815153792326,positive,0.004482537229028994,3.5496652764234423e-05,4,4,4,1,Firmicutes,Firmicutes,1
Methanosarcina.1,Methanobacterium.5,-0.8622305715071568,0.8622305715071568,negative,0.00448376376577988,3.5577520596850535e-05,5,5,1,0,Halobacterota,Euryarchaeota,0
Oscillibacter.4,Sporomusaceae.2,0.8621531655153166,0.8621531655153166,positive,0.0044903054460763165,3.570068601396887e-05,6,6,6,1,Firmicutes,Firmicutes,1
EBM-39.1,midas_g_36376.1,0.86196066643217,0.86196066643217,positive,0.004520001019699126,3.6008514169691834e-05,10,5,5,1,Synergistota,Planctomycetota,0
Proteiniphilum.15,HN-HF0106.10,0.8615762253587945,0.8615762253587945,positive,0.004588854518416469,3.66298572184512e-05,7,4,4,1,Bacteroidota,Firmicutes,0
midas_g_114295.1,Hydrogenophaga.7,0.8614145015460284,0.8614145015460284,positive,0.004594172570552647,3.689387736253596e-05,8,5,5,1,Armatimonadota,Proteobacteria,0
midas_g_114295.1,midas_g_36376.1,0.861405663760859,0.861405663760859,positive,0.004594172570552647,3.69083506397155e-05,10,5,5,1,Armatimonadota,Planctomycetota,0
midas_g_35108.1,Christensenellaceae_R-7_group.44,0.8613791418266556,0.8613791418266556,positive,0.004594172570552647,3.695181273430385e-05,6,1,1,1,Chloroflexi,Firmicutes,0
Dysgonomonas.1,Taibaiella.1,0.8612962143369542,0.8612962143369542,positive,0.004594172570552647,3.7087981265675065e-05,11,9,9,1,Bacteroidota,Bacteroidota,1
midas_g_114295.1,Petrimonas.4,-0.8612829799111501,0.8612829799111501,negative,0.004594172570552647,3.710975082380558e-05,3,5,1,0,Armatimonadota,Bacteroidota,0
Clostridium_sensu_stricto_13.1,Petrimonas.4,-0.86128297991115,0.86128297991115,negative,0.004594172570552647,3.710975082380578e-05,3,5,1,0,Firmicutes,Bacteroidota,0
Phenylobacterium.1,Propionicicella.4,0.8611316717212455,0.8611316717212455,positive,0.004597978116834618,3.7359393084383226e-05,5,4,4,1,Proteobacteria,Actinobacteriota,0
Phenylobacterium.1,Colidextribacter.6,0.8611316717212455,0.8611316717212455,positive,0.004597978116834618,3.7359393084383226e-05,5,4,4,1,Proteobacteria,Firmicutes,0
midas_g_91392.1,Dehalobacterium.1,0.8611316717212455,0.8611316717212455,positive,0.004597978116834618,3.7359393084383226e-05,5,6,4,0,Firmicutes,Firmicutes,1
Acinetobacter.1,Petrimonas.4,-0.8609850942811974,0.8609850942811974,negative,0.0046038111897849275,3.7602553875553586e-05,4,5,1,0,Proteobacteria,Bacteroidota,0
Fermentimonas.2,Petrimonas.4,-0.8609850942811974,0.8609850942811974,negative,0.0046038111897849275,3.7602553875553586e-05,4,5,1,0,Bacteroidota,Bacteroidota,1
Alcaligenes.3,midas_g_91392.1,0.8609271566960502,0.8609271566960502,positive,0.0046038111897849275,3.769902837352053e-05,6,2,6,0,Proteobacteria,Firmicutes,0
Monoglobus.13,midas_g_95534.1,0.8609271566960502,0.8609271566960502,positive,0.0046038111897849275,3.769902837352053e-05,6,1,1,1,Firmicutes,Firmicutes,1
Aquamicrobium.2,Camelimonas.2,0.8607721600843011,0.8607721600843011,positive,0.004614559773852205,3.7958127747096306e-05,11,5,5,1,Proteobacteria,Proteobacteria,1
midas_g_114295.1,Aquamicrobium.2,0.8607721600843011,0.8607721600843011,positive,0.004614559773852205,3.7958127747096306e-05,11,5,5,1,Armatimonadota,Proteobacteria,0
Fermentimonas.2,Monoglobus.13,-0.8607431790157767,0.8607431790157767,negative,0.004614559773852205,3.800673695733162e-05,5,5,1,0,Bacteroidota,Firmicutes,0
HN-HF0106.10,midas_g_95485.1,0.8602145966082237,0.8602145966082237,positive,0.004705173634402222,3.8902394127075846e-05,5,4,4,1,Firmicutes,Firmicutes,1
Rhizobiaceae.1,Caproiciproducens.1,0.8602145966082237,0.8602145966082237,positive,0.004705173634402222,3.8902394127075846e-05,5,4,4,1,Proteobacteria,Firmicutes,0
Aquamicrobium.2,Azoarcus.2,0.8597674104081872,0.8597674104081872,positive,0.0047892694182422035,3.967370165871759e-05,9,5,5,1,Proteobacteria,Proteobacteria,1
midas_g_114295.1,Monoglobus.13,-0.8591745363221241,0.8591745363221241,negative,0.004893591315818961,4.0715760014892504e-05,4,5,1,0,Armatimonadota,Firmicutes,0
Clostridium_sensu_stricto_13.1,Monoglobus.13,-0.8591745363221241,0.8591745363221241,negative,0.004893591315818961,4.0715760014892504e-05,4,5,1,0,Firmicutes,Firmicutes,1
Fermentimonas.2,Hydrogenophaga.7,0.8590999039863695,0.8590999039863695,positive,0.004893591315818961,4.084852623418246e-05,8,5,5,1,Bacteroidota,Proteobacteria,0
midas_g_8129.1,midas_g_5574.2,0.8590999039863695,0.8590999039863695,positive,0.004893591315818961,4.084852623418246e-05,8,5,5,1,Chloroflexi,Actinobacteriota,0
Brevundimonas.3,Anaerostignum.2,0.858748251626041,0.858748251626041,positive,0.004944215186584304,4.147892295740863e-05,8,5,5,1,Proteobacteria,Firmicutes,0
Hydrogenophaga.7,midas_g_36376.1,0.858748251626041,0.858748251626041,positive,0.004944215186584304,4.147892295740863e-05,8,5,5,1,Proteobacteria,Planctomycetota,0
Clostridium_sensu_stricto_1.7,Methanobacterium.96,0.8587329762568408,0.8587329762568408,positive,0.004944215186584304,4.150648798208488e-05,5,4,4,1,Firmicutes,Euryarchaeota,0
Ercella.1,midas_g_84729.1,0.858615171107205,0.858615171107205,positive,0.004950880827083132,4.171958166726669e-05,5,1,1,1,Firmicutes,Chloroflexi,0
Fonticella.2,Devosia.2,0.858615171107205,0.858615171107205,positive,0.004950880827083132,4.171958166726669e-05,5,6,6,1,Firmicutes,Proteobacteria,0
Desulfuromonadaceae.1,Anaerostignum.2,0.8583906094644307,0.8583906094644307,positive,0.004985741221275894,4.212829052902009e-05,5,5,5,1,Desulfobacterota,Firmicutes,0
Methanobacterium.5,Bellilinea.1,0.8583655653917317,0.8583655653917317,positive,0.004985741221275894,4.217407603184083e-05,4,1,1,1,Euryarchaeota,Chloroflexi,0
Achromobacter.1,Achromobacter.2,0.8583237015949035,0.8583237015949035,positive,0.004985741221275894,4.225070321137092e-05,10,0,0,1,Proteobacteria,Proteobacteria,1
midas_g_97954.1,midas_g_93469.1,0.85790644198739,0.85790644198739,positive,0.005038940507926071,4.3020766478281145e-05,9,5,5,1,Firmicutes,Firmicutes,1
midas_g_669.2,midas_g_93469.1,0.85790644198739,0.85790644198739,positive,0.005038940507926071,4.3020766478281145e-05,9,5,5,1,Firmicutes,Firmicutes,1
NK4A214_group.4,Phenylobacterium.4,0.8579061055866697,0.8579061055866697,positive,0.005038940507926071,4.302139196470985e-05,6,2,2,1,Firmicutes,Proteobacteria,0
Christensenellaceae_R-7_group.63,midas_g_5574.2,0.8579061055866697,0.8579061055866697,positive,0.005038940507926071,4.302139196470985e-05,6,5,5,1,Firmicutes,Actinobacteriota,0
Thauera.1,Firmicutes.26,0.8574929257125442,0.8574929257125442,positive,0.005120073114928153,4.3795337686010634e-05,7,5,5,1,Proteobacteria,Firmicutes,0
midas_g_97954.1,Camelimonas.2,0.8571554703360478,0.8571554703360478,positive,0.005159494000433819,4.443595064189549e-05,11,5,5,1,Firmicutes,Proteobacteria,0
Oscillibacter.4,Clostridiaceae.1,0.8571428571428572,0.8571428571428572,positive,0.005159494000433819,4.446004447004735e-05,8,6,4,0,Firmicutes,Firmicutes,1
Anaerostignum.2,midas_g_98017.1,0.8571428571428572,0.8571428571428572,positive,0.005159494000433819,4.446004447004735e-05,7,5,5,1,Firmicutes,Firmicutes,1
midas_g_5574.2,midas_g_98017.1,0.8571428571428572,0.8571428571428572,positive,0.005159494000433819,4.446004447004735e-05,7,5,5,1,Actinobacteriota,Firmicutes,0
Ruminiclostridium.10,Christensenellaceae_R-7_group.19,0.8568240374337944,0.8568240374337944,positive,0.0051828617448907615,4.507265427048176e-05,4,6,6,1,Firmicutes,Firmicutes,1
Proteiniphilum.5,midas_g_70329.2,0.8568240374337944,0.8568240374337944,positive,0.0051828617448907615,4.507265427048176e-05,4,6,6,1,Bacteroidota,Firmicutes,0
Ruminiclostridium.10,midas_g_70329.2,0.8568240374337944,0.8568240374337944,positive,0.0051828617448907615,4.507265427048176e-05,4,6,6,1,Firmicutes,Firmicutes,1
Proteiniphilum.5,Christensenellaceae_R-7_group.19,0.8568240374337944,0.8568240374337944,positive,0.0051828617448907615,4.507265427048176e-05,4,6,6,1,Bacteroidota,Firmicutes,0
Christensenellaceae_R-7_group.57,midas_g_82137.3,0.8568240374337944,0.8568240374337944,positive,0.0051828617448907615,4.507265427048176e-05,4,4,4,1,Firmicutes,Firmicutes,1
midas_g_8129.1,midas_g_3595.1,0.8566558025786799,0.8566558025786799,positive,0.0052108467925617305,4.539871915949456e-05,11,5,5,1,Chloroflexi,Firmicutes,0
Pseudolabrys.2,Proteiniphilum.14,0.85655696808338,0.85655696808338,positive,0.005223423321568888,4.5591183338034225e-05,6,10,10,1,Proteobacteria,Bacteroidota,0
Clostridium_sensu_stricto_1.7,Christensenellaceae.7,0.8563342807924362,0.8563342807924362,positive,0.005263819529800268,4.6027304423143234e-05,5,4,4,1,Firmicutes,Firmicutes,1
midas_g_76603.1,midas_g_84729.1,0.856149380719093,0.856149380719093,positive,0.005295919984125595,4.639203718597976e-05,5,1,1,1,Firmicutes,Chloroflexi,0
Taibaiella.1,Methanobacterium.5,-0.8558041986612832,0.8558041986612832,negative,0.005364660625386074,4.7079336748000423e-05,2,9,1,0,Bacteroidota,Euryarchaeota,0
Desulfovibrio.2,Ercella.1,-0.855744891733448,0.855744891733448,negative,0.005368504701834455,4.71982671281983e-05,9,9,1,0,Desulfobacterota,Firmicutes,0
Rhizobiaceae.1,Christensenellaceae_R-7_group.57,0.8556021859025497,0.8556021859025497,positive,0.005391439085014096,4.748545866288164e-05,5,4,4,1,Proteobacteria,Firmicutes,0
NK4A214_group.2,Methanobacterium.34,0.8551174469062334,0.8551174469062334,positive,0.0054252248330001656,4.8471793267830856e-05,3,10,10,1,Firmicutes,Euryarchaeota,0
midas_g_119665.1,midas_g_76594.1,0.8551174469062334,0.8551174469062334,positive,0.0054252248330001656,4.8471793267830856e-05,3,6,6,1,Firmicutes,Firmicutes,1
Syntrophomonas.15,Comamonadaceae.6,0.8551174469062334,0.8551174469062334,positive,0.0054252248330001656,4.8471793267830856e-05,3,6,6,1,Firmicutes,Proteobacteria,0
Paludibacter.3,Oscillospiraceae.8,0.8551174469062334,0.8551174469062334,positive,0.0054252248330001656,4.8471793267830856e-05,3,10,10,1,Bacteroidota,Firmicutes,0
Bellilinea.1,Family_XI.4,0.8551174469062334,0.8551174469062334,positive,0.0054252248330001656,4.8471793267830856e-05,3,1,1,1,Chloroflexi,Firmicutes,0
Trichloromonas.1,Anaerovorax.14,0.8551174469062334,0.8551174469062334,positive,0.0054252248330001656,4.8471793267830856e-05,3,2,2,1,Desulfobacterota,Firmicutes,0
Flavobacterium.3,Christensenellaceae.15,0.8551174469062334,0.8551174469062334,positive,0.0054252248330001656,4.8471793267830856e-05,3,10,10,1,Bacteroidota,Firmicutes,0
midas_g_2604.2,midas_g_112829.1,0.8551174469062334,0.8551174469062334,positive,0.0054252248330001656,4.8471793267830856e-05,3,6,6,1,Firmicutes,Firmicutes,1
Acinetobacter.1,Methanobacterium.5,-0.8549360186773481,0.8549360186773481,negative,0.00544767593274184,4.884528679339734e-05,4,5,1,0,Proteobacteria,Euryarchaeota,0
Fermentimonas.2,Methanobacterium.5,-0.8549360186773481,0.8549360186773481,negative,0.00544767593274184,4.884528679339734e-05,4,5,1,0,Bacteroidota,Euryarchaeota,0
Anaerostignum.2,Hyphomonas.1,0.8547043234472846,0.8547043234472846,positive,0.005491538432805415,4.932571734801575e-05,8,5,5,1,Firmicutes,Proteobacteria,0
Ercella.1,midas_g_49937.1,0.8542232776488562,0.8542232776488562,positive,0.005594094855948154,5.0335667999533494e-05,5,1,1,1,Firmicutes,Chloroflexi,0
Methanosarcina.1,Petrimonas.4,-0.854172341866903,0.854172341866903,negative,0.005596220130363724,5.044360037525939e-05,5,5,1,0,Halobacterota,Bacteroidota,0
Camelimonas.2,midas_g_30443.1,-0.8541056157628856,0.8541056157628856,negative,0.005602075459288711,5.058528162527814e-05,7,5,1,0,Proteobacteria,Desulfobacterota,0
Reyranella.2,Phenylobacterium.1,0.8539355853280317,0.8539355853280317,positive,0.005602835276502157,5.09477991150496e-05,5,4,4,1,Proteobacteria,Proteobacteria,1
Syntrophomonas.2,Colidextribacter.6,0.8539355853280317,0.8539355853280317,positive,0.005602835276502157,5.09477991150496e-05,5,4,4,1,Firmicutes,Firmicutes,1
Desulfosporosinus.2,Caproiciproducens.1,0.8539355853280317,0.8539355853280317,positive,0.005602835276502157,5.09477991150496e-05,5,4,4,1,Firmicutes,Firmicutes,1
Syntrophomonas.2,Propionicicella.4,0.8539355853280317,0.8539355853280317,positive,0.005602835276502157,5.09477991150496e-05,5,4,4,1,Firmicutes,Actinobacteriota,0
Taibaiella.1,midas_g_95534.1,-0.8537714095908289,0.8537714095908289,negative,0.005612170022511331,5.129986880640059e-05,2,9,1,0,Bacteroidota,Firmicutes,0
Petrimonas.2,Ca_Phosphitivorax.1,0.8537714095908289,0.8537714095908289,positive,0.005612170022511331,5.129986880640059e-05,6,1,1,1,Bacteroidota,SAR324_cladeMarine_group_B,0
Acinetobacter.2,Hyphomonas.1,0.8537714095908289,0.8537714095908289,positive,0.005612170022511331,5.129986880640059e-05,6,5,5,1,Proteobacteria,Proteobacteria,1
Monoglobus.1,Desulfosporosinus.2,0.8536590456580229,0.8536590456580229,positive,0.0056288851889443525,5.154198676517744e-05,6,4,4,1,Firmicutes,Firmicutes,1
Syner-01.9,Petrimonas.4,0.8534343374567069,0.8534343374567069,positive,0.005668300155642532,5.202901352814191e-05,6,1,1,1,Synergistota,Bacteroidota,0
Proteiniphilum.15,Lutispora.3,0.8534096260662939,0.8534096260662939,positive,0.005668300155642532,5.208280366453528e-05,7,4,4,1,Bacteroidota,Firmicutes,0
midas_g_93469.1,Camelimonas.2,0.8532648942664863,0.8532648942664863,positive,0.005675218553533553,5.2398769988166165e-05,9,5,5,1,Firmicutes,Proteobacteria,0
midas_g_114295.1,Ca_Phosphitivorax.1,-0.8531958157805288,0.8531958157805288,negative,0.005675218553533553,5.255013380106374e-05,3,5,1,0,Armatimonadota,SAR324_cladeMarine_group_B,0
Clostridium_sensu_stricto_13.1,Ca_Phosphitivorax.1,-0.8531958157805288,0.8531958157805288,negative,0.005675218553533553,5.255013380106374e-05,3,5,1,0,Firmicutes,SAR324_cladeMarine_group_B,0
Petrimonas.4,midas_g_92370.1,0.8531946884917815,0.8531946884917815,positive,0.005675218553533553,5.255260689329704e-05,4,1,1,1,Bacteroidota,Firmicutes,0
Christensenellaceae_R-7_group.4,Anaerostignum.2,0.8531746031746033,0.8531746031746033,positive,0.005675218553533553,5.259668701024527e-05,7,5,5,1,Firmicutes,Firmicutes,1
midas_g_112760.1,Ca_Phosphitivorax.1,0.8530566380408908,0.8530566380408908,positive,0.0056848366273494,5.285619558424964e-05,6,1,1,1,Firmicutes,SAR324_cladeMarine_group_B,0
Terrisporobacter.1,Paraclostridium.1,0.8530520744518582,0.8530520744518582,positive,0.0056848366273494,5.286625612763432e-05,12,5,5,1,Firmicutes,Firmicutes,1
Comamonadaceae.3,Petrimonas.4,-0.8529196601427318,0.8529196601427318,negative,0.005706562493288686,5.3158856501102276e-05,4,5,1,0,Proteobacteria,Bacteroidota,0
Methanobacterium.4,Aminiphilus.1,0.8528181211512006,0.8528181211512006,positive,0.005720999910372704,5.3384136022140324e-05,9,1,1,1,Euryarchaeota,Synergistota,0
Veillonellales-Selenomonadales.6,Syntrophomonas.2,0.8521867794707096,0.8521867794707096,positive,0.005863044545238074,5.480263492470285e-05,6,4,4,1,Firmicutes,Firmicutes,1
midas_g_8129.1,Anaerostignum.2,0.8515639399163136,0.8515639399163136,positive,0.0059827221163334665,5.623240283840506e-05,8,5,5,1,Chloroflexi,Firmicutes,0
Phenylobacterium.1,Christensenellaceae.7,0.8515368898636271,0.8515368898636271,positive,0.0059827221163334665,5.629518931921039e-05,5,4,4,1,Proteobacteria,Firmicutes,0
midas_g_85764.2,midas_g_51070.3,0.8514892915389143,0.8514892915389143,positive,0.0059827221163334665,5.6405811459013325e-05,8,1,10,0,Firmicutes,Firmicutes,1
midas_g_112760.1,midas_g_669.3,0.8514892915389143,0.8514892915389143,positive,0.0059827221163334665,5.6405811459013325e-05,8,1,1,1,Firmicutes,Firmicutes,1
Syntrophomonadaceae.1,Clostridia.9,0.8514285714285712,0.8514285714285712,positive,0.0059827221163334665,5.654719021619121e-05,9,2,2,1,Firmicutes,Firmicutes,1
midas_g_114295.1,Aminiphilus.1,-0.8514139942789235,0.8514139942789235,negative,0.0059827221163334665,5.6581174719254045e-05,6,5,1,0,Armatimonadota,Synergistota,0
midas_g_5574.1,Aquamicrobium.2,0.8514119783643856,0.8514119783643856,positive,0.0059827221163334665,5.6585875858297294e-05,9,5,5,1,Actinobacteriota,Proteobacteria,0
midas_g_77185.2,Lachnoclostridium.2,0.8513665594883563,0.8513665594883563,positive,0.005983889535230045,5.669187882902747e-05,4,4,4,1,Cyanobacteria,Firmicutes,0
Syner-01.9,midas_g_76603.1,0.851080856522237,0.851080856522237,positive,0.006030104119128048,5.7362448139358166e-05,8,1,1,1,Synergistota,Firmicutes,0
Brevundimonas.3,EBM-39.1,0.8510497719203702,0.8510497719203702,positive,0.006030104119128048,5.743579984302298e-05,10,5,5,1,Proteobacteria,Synergistota,0
Pseudomonas.2,midas_g_515.2,0.8509897751968755,0.8509897751968755,positive,0.006030104119128048,5.7577595842156635e-05,5,6,6,1,Proteobacteria,Firmicutes,0
HN-HF0106.10,Rummeliibacillus.2,0.8509897751968755,0.8509897751968755,positive,0.006030104119128048,5.7577595842156635e-05,5,4,4,1,Firmicutes,Firmicutes,1
Comamonadaceae.3,Ercella.1,-0.850972194482042,0.850972194482042,negative,0.006030104119128048,5.761920076186211e-05,7,5,1,0,Proteobacteria,Firmicutes,0
midas_g_2604.3,Christensenellaceae_R-7_group.51,0.8509364412247366,0.8509364412247366,positive,0.006030104119128048,5.7703887768340584e-05,5,1,1,1,Firmicutes,Firmicutes,1
EBM-39.1,Ca_Phosphitivorax.1,-0.8501432270467761,0.8501432270467761,negative,0.006218913152895527,5.960934941995269e-05,6,5,1,0,Synergistota,SAR324_cladeMarine_group_B,0
Romboutsia.1,Terrisporobacter.1,0.8499999999999999,0.8499999999999999,positive,0.00622446325426604,5.9958885253110194e-05,14,5,5,1,Firmicutes,Firmicutes,1
Acetobacterium.1,Methanobacteriaceae.1,0.8499999999999999,0.8499999999999999,positive,0.00622446325426604,5.9958885253110194e-05,15,5,5,1,Firmicutes,Euryarchaeota,0
Syner-01.1,Christensenellaceae_R-7_group.3,0.8499999999999999,0.8499999999999999,positive,0.00622446325426604,5.9958885253110194e-05,14,5,5,1,Synergistota,Firmicutes,0
midas_g_35108.1,Ca_Caldatribacterium.1,0.8497058314499201,0.8497058314499201,positive,0.006289179985373053,6.0682093361900784e-05,6,1,1,1,Chloroflexi,Caldatribacteriota,0
Paraclostridium.1,Rhodococcus.1,0.8494678220381948,0.8494678220381948,positive,0.006302599137028392,6.127249346040178e-05,12,5,5,1,Firmicutes,Actinobacteriota,0
Gordonia.1,Pannonibacter.1,0.8494678220381948,0.8494678220381948,positive,0.006302599137028392,6.127249346040178e-05,12,9,9,1,Actinobacteriota,Proteobacteria,0
Thermovirga.2,Aquamicrobium.2,0.8494418589780174,0.8494418589780174,positive,0.006302599137028392,6.133718267691598e-05,11,5,5,1,Synergistota,Proteobacteria,0
midas_g_82137.2,Methanobacterium.96,0.8494256944830789,0.8494256944830789,positive,0.006302599137028392,6.137748639607825e-05,5,4,4,1,Firmicutes,Euryarchaeota,0
Synergistaceae.2,Hyphomicrobium.16,0.8494256944830789,0.8494256944830789,positive,0.006302599137028392,6.137748639607825e-05,5,6,6,1,Synergistota,Proteobacteria,0
Hydrogenophaga.5,Brevundimonas.5,0.8494119857293759,0.8494119857293759,positive,0.006302599137028392,6.141168423105076e-05,6,6,6,1,Proteobacteria,Proteobacteria,1
Oscillibacter.4,Synergistaceae.2,0.8492063492063493,0.8492063492063493,positive,0.0063317839489986085,6.192655587813966e-05,8,6,6,1,Firmicutes,Synergistota,0
Clostridium_sensu_stricto_1.7,Devosia.9,0.8491381943992226,0.8491381943992226,positive,0.0063317839489986085,6.209798585205075e-05,5,4,4,1,Firmicutes,Proteobacteria,0
Syntrophomonas.2,Christensenellaceae_R-7_group.57,0.8491381943992224,0.8491381943992224,positive,0.0063317839489986085,6.209798585205098e-05,5,4,4,1,Firmicutes,Firmicutes,1
Desulfosporosinus.2,Christensenellaceae_R-7_group.57,0.8491381943992224,0.8491381943992224,positive,0.0063317839489986085,6.209798585205098e-05,5,4,4,1,Firmicutes,Firmicutes,1
midas_g_5574.1,Aminiphilus.1,-0.8489104958606434,0.8489104958606434,negative,0.00636709532333032,6.267356055471033e-05,4,5,1,0,Actinobacteriota,Synergistota,0
Azoarcus.2,Hyphomonas.1,0.8486015998834054,0.8486015998834054,positive,0.00636709532333032,6.346142009259104e-05,9,5,5,1,Proteobacteria,Proteobacteria,1
NK4A214_group.2,Christensenellaceae.15,0.8485648227920095,0.8485648227920095,positive,0.00636709532333032,6.355576472489862e-05,3,10,10,1,Firmicutes,Firmicutes,1
Paludibacter.3,Methylobacter.1,0.8485648227920095,0.8485648227920095,positive,0.00636709532333032,6.355576472489862e-05,3,10,10,1,Bacteroidota,Proteobacteria,0
Desulfosporosinus.3,Lachnoclostridium.2,0.8485648227920095,0.8485648227920095,positive,0.00636709532333032,6.355576472489862e-05,3,4,4,1,Firmicutes,Firmicutes,1
Paludibacter.3,Proteiniphilum.17,0.8485648227920094,0.8485648227920094,positive,0.00636709532333032,6.355576472489877e-05,3,10,10,1,Bacteroidota,Bacteroidota,1
midas_g_103381.1,Dysgonomonadaceae.1,0.8485648227920094,0.8485648227920094,positive,0.00636709532333032,6.355576472489877e-05,3,4,4,1,Firmicutes,Bacteroidota,0
Lachnoclostridium.2,midas_g_82137.1,0.8485648227920094,0.8485648227920094,positive,0.00636709532333032,6.355576472489877e-05,3,4,4,1,Firmicutes,Firmicutes,1
Flavobacterium.3,Methanobacterium.34,0.8485648227920094,0.8485648227920094,positive,0.00636709532333032,6.355576472489877e-05,3,10,10,1,Bacteroidota,Euryarchaeota,0
Ruminiclostridium.10,midas_g_76594.1,0.8485648227920094,0.8485648227920094,positive,0.00636709532333032,6.355576472489877e-05,3,6,6,1,Firmicutes,Firmicutes,1
Proteiniphilum.5,midas_g_76594.1,0.8485648227920094,0.8485648227920094,positive,0.00636709532333032,6.355576472489877e-05,3,6,6,1,Bacteroidota,Firmicutes,0
JGI-0000079-D21.1,Syntrophomonadaceae.1,0.8483677805978149,0.8483677805978149,positive,0.006407744967430428,6.40632134046588e-05,9,2,2,1,Synergistota,Firmicutes,0
Proteiniborus.5,Christensenellaceae_R-7_group.42,0.8480238115918313,0.8480238115918313,positive,0.006476589105184823,6.495706215248687e-05,4,4,10,0,Firmicutes,Firmicutes,1
Pelotomaculum.4,Bosea.5,0.8480238115918313,0.8480238115918313,positive,0.006476589105184823,6.495706215248687e-05,4,6,6,1,Firmicutes,Proteobacteria,0
Veillonellales-Selenomonadales.6,Clostridium_sensu_stricto_1.7,0.8478165908580393,0.8478165908580393,positive,0.006515570007219626,6.550050397721943e-05,6,4,4,1,Firmicutes,Firmicutes,1
Hydrogenophaga.7,Thermovirga.2,0.8477959578812857,0.8477959578812857,positive,0.006515570007219626,6.555481931915515e-05,8,5,5,1,Proteobacteria,Synergistota,0
Acinetobacter.1,Taibaiella.1,0.8476383730778517,0.8476383730778517,positive,0.00654605593687899,6.597088152780897e-05,11,5,9,0,Proteobacteria,Bacteroidota,0
Methanoculleus.1,Sphingopyxis.5,0.8476012125821156,0.8476012125821156,positive,0.00654605593687899,6.606931119838508e-05,8,6,6,1,Halobacterota,Proteobacteria,0
Petrimonas.2,midas_g_84729.1,0.847456086285194,0.847456086285194,positive,0.006573921163433349,6.645487956814428e-05,5,1,1,1,Bacteroidota,Chloroflexi,0
Monoglobus.1,Clostridiaceae.6,0.8472846765969188,0.8472846765969188,positive,0.006608832016871872,6.691266745111014e-05,7,4,4,1,Firmicutes,Firmicutes,1
Hydrogenophaga.5,Shinella.1,0.8471844657377411,0.8471844657377411,positive,0.006625000699821488,6.71815064459633e-05,5,6,6,1,Proteobacteria,Proteobacteria,1
Romboutsia.3,Shinella.1,0.8463773644912014,0.8463773644912014,positive,0.006831054746632892,6.937942422072954e-05,5,6,6,1,Firmicutes,Proteobacteria,0
Limnobacter.1,Oscillibacter.2,0.8463054010912876,0.8463054010912876,positive,0.0068399429775946735,6.957824370200568e-05,11,5,5,1,Proteobacteria,Firmicutes,0
Christensenellaceae_R-7_group.2,Petrimonas.4,0.8461141122266493,0.8461141122266493,positive,0.006881386063946919,7.010902105966804e-05,6,1,1,1,Firmicutes,Bacteroidota,0
Methanobacterium.4,Anaerostignum.2,-0.8459119668637717,0.8459119668637717,negative,0.006894632311600681,7.067354896289537e-05,6,1,5,0,Euryarchaeota,Firmicutes,0
Lachnospiraceae.3,midas_g_70329.2,0.8459090815429181,0.8459090815429181,positive,0.006894632311600681,7.068163381620022e-05,4,6,6,1,Firmicutes,Firmicutes,1
Afipia.3,Colidextribacter.6,0.8459090815429181,0.8459090815429181,positive,0.006894632311600681,7.068163381620022e-05,4,4,4,1,Proteobacteria,Firmicutes,0
Afipia.3,Propionicicella.4,0.8459090815429181,0.8459090815429181,positive,0.006894632311600681,7.068163381620022e-05,4,4,4,1,Proteobacteria,Actinobacteriota,0
Petrimonas.2,Thermovirga.2,-0.8458348871776861,0.8458348871776861,negative,0.006904249527804912,7.088979345049954e-05,9,1,5,0,Bacteroidota,Synergistota,0
Acinetobacter.2,Aquamicrobium.2,0.8456402533090114,0.8456402533090114,positive,0.006946930127583474,7.14382632855253e-05,6,5,5,1,Proteobacteria,Proteobacteria,1
Parapusillimonas.1,Lutispora.3,0.8455882352941176,0.8455882352941176,positive,0.006950515973836101,7.158543922016741e-05,6,4,4,1,Proteobacteria,Firmicutes,0
Aminiphilus.1,midas_g_49937.1,0.8454394907321584,0.8454394907321584,positive,0.00696339031525487,7.200766725848497e-05,5,1,1,1,Synergistota,Chloroflexi,0
midas_g_5574.2,Alcaligenes.3,0.8452430267737935,0.8452430267737935,positive,0.00696339031525487,7.256849949215409e-05,7,5,2,0,Actinobacteriota,Proteobacteria,0
Syner-01.9,Methanobacterium.5,0.8452282380580849,0.8452282380580849,positive,0.00696339031525487,7.261086125430953e-05,6,1,1,1,Synergistota,Euryarchaeota,0
Acinetobacter.2,Brevundimonas.3,0.8452282380580849,0.8452282380580849,positive,0.00696339031525487,7.261086125430953e-05,6,5,5,1,Proteobacteria,Proteobacteria,1
Christensenellaceae_R-7_group.63,midas_g_36376.1,0.8452282380580849,0.8452282380580849,positive,0.00696339031525487,7.261086125430953e-05,6,5,5,1,Firmicutes,Planctomycetota,0
Ercella.1,Monoglobus.13,0.8451690507169058,0.8451690507169058,positive,0.00696339031525487,7.27806056163716e-05,6,1,1,1,Firmicutes,Firmicutes,1
Monoglobus.13,Pelolinea.3,0.8451542547285166,0.8451542547285166,positive,0.00696339031525487,7.282309038869032e-05,4,1,1,1,Firmicutes,Chloroflexi,0
Thermovirga.1,Pelolinea.3,0.8451542547285165,0.8451542547285165,positive,0.00696339031525487,7.282309038869076e-05,4,1,1,1,Synergistota,Chloroflexi,0
Monoglobus.13,Methanothrix.1,0.8451542547285165,0.8451542547285165,positive,0.00696339031525487,7.282309038869076e-05,4,1,1,1,Firmicutes,Halobacterota,0
Thermovirga.1,Methanothrix.1,0.8451542547285165,0.8451542547285165,positive,0.00696339031525487,7.282309038869076e-05,4,1,1,1,Synergistota,Halobacterota,0
Oscillibacter.3,midas_g_93469.1,0.8448796630418115,0.8448796630418115,positive,0.0070142585782733,7.361526621693696e-05,9,5,5,1,Firmicutes,Firmicutes,1
Fermentimonas.2,Ca_Phosphitivorax.1,-0.8448542260042663,0.8448542260042663,negative,0.0070142585782733,7.368900845553212e-05,4,5,1,0,Bacteroidota,SAR324_cladeMarine_group_B,0
Acinetobacter.1,Ca_Phosphitivorax.1,-0.8448542260042662,0.8448542260042662,negative,0.0070142585782733,7.368900845553249e-05,4,5,1,0,Proteobacteria,SAR324_cladeMarine_group_B,0
midas_g_112760.1,Methanobacterium.5,0.8447341342551261,0.8447341342551261,positive,0.007036846490464781,7.403797922966563e-05,6,1,1,1,Firmicutes,Euryarchaeota,0
Desulfosporosinus.2,Propionicicella.4,0.8443408034704134,0.8443408034704134,positive,0.007124894053007909,7.519050600263846e-05,5,4,4,1,Firmicutes,Actinobacteriota,0
Desulfosporosinus.2,Colidextribacter.6,0.8443408034704134,0.8443408034704134,positive,0.007124894053007909,7.519050600263846e-05,5,4,4,1,Firmicutes,Firmicutes,1
Ca_Caldatribacterium.1,Christensenellaceae_R-7_group.51,0.8440722199302099,0.8440722199302099,positive,0.00718945962789357,7.598597315163484e-05,10,1,1,1,Caldatribacteriota,Firmicutes,0
Aminivibrio.1,Intestinimonas.1,0.8436107032605519,0.8436107032605519,positive,0.007309346363344821,7.736906123005992e-05,13,5,5,1,Synergistota,Firmicutes,0
Alcaligenes.3,NK4A214_group.4,0.8434464022453689,0.8434464022453689,positive,0.007343764692453803,7.786642719720261e-05,6,2,2,1,Proteobacteria,Firmicutes,0
Syntrophomonas.1,Christensenellaceae_R-7_group.25,0.8434134614184331,0.8434134614184331,positive,0.007343764692453803,7.796646109200486e-05,8,5,5,1,Firmicutes,Firmicutes,1
Christensenellaceae_R-7_group.4,EBM-39.1,0.8432740427115679,0.8432740427115679,positive,0.007372733817849552,7.839101878882788e-05,8,5,5,1,Firmicutes,Synergistota,0
Desulfuromonadaceae.1,Hyphomonas.1,0.8431651693926108,0.8431651693926108,positive,0.0073930056957652755,7.872388392830959e-05,5,5,5,1,Desulfobacterota,Proteobacteria,0
Petrimonas.1,Methanosarcina.1,0.8428571428571429,0.8428571428571429,positive,0.007399420478751187,7.96719525272486e-05,14,5,5,1,Bacteroidota,Halobacterota,0
Christensenellaceae_R-7_group.2,midas_g_2178.1,0.8428571428571429,0.8428571428571429,positive,0.007399420478751187,7.96719525272486e-05,14,1,1,1,Firmicutes,Chloroflexi,0
Phenylobacterium.1,Lachnoclostridium.2,0.8428529346918812,0.8428529346918812,positive,0.007399420478751187,7.96849696463073e-05,4,4,4,1,Proteobacteria,Firmicutes,0
Syntrophomonas.2,Christensenellaceae_R-7_group.42,0.8428529346918812,0.8428529346918812,positive,0.007399420478751187,7.96849696463073e-05,4,4,10,0,Firmicutes,Firmicutes,1
Sporomusaceae.2,midas_g_2604.2,0.8428529346918812,0.8428529346918812,positive,0.007399420478751187,7.96849696463073e-05,4,6,6,1,Firmicutes,Firmicutes,1
Devosia.1,Trichloromonas.1,0.8428529346918812,0.8428529346918812,positive,0.007399420478751187,7.96849696463073e-05,4,2,2,1,Proteobacteria,Desulfobacterota,0
Proteiniphilum.14,Flavobacterium.3,0.8428529346918812,0.8428529346918812,positive,0.007399420478751187,7.96849696463073e-05,4,10,10,1,Bacteroidota,Bacteroidota,1
Acinetobacter.2,midas_g_8129.1,0.8428378674696497,0.8428378674696497,positive,0.007399420478751187,7.973159147287992e-05,6,5,5,1,Proteobacteria,Chloroflexi,0
Desulfuromonadaceae.1,midas_g_36376.1,0.8422755105252482,0.8422755105252482,positive,0.007492247187588192,8.14878264587072e-05,5,5,5,1,Desulfobacterota,Planctomycetota,0
Acinetobacter.1,Petrimonas.2,-0.8422279153773548,0.8422279153773548,negative,0.007492247187588192,8.16379178310954e-05,9,5,1,0,Proteobacteria,Bacteroidota,0
midas_g_82137.1,midas_g_82137.3,0.8420121986777854,0.8420121986777854,positive,0.007492247187588192,8.232104166827355e-05,3,4,4,1,Firmicutes,Firmicutes,1
midas_g_77817.1,Novosphingobium.1,0.8420121986777854,0.8420121986777854,positive,0.007492247187588192,8.232104166827355e-05,3,2,2,1,Firmicutes,Proteobacteria,0
NK4A214_group.2,Methanobacterium.37,0.8420121986777854,0.8420121986777854,positive,0.007492247187588192,8.232104166827355e-05,3,10,10,1,Firmicutes,Euryarchaeota,0
NK4A214_group.2,Methanobacterium.55,0.8420121986777854,0.8420121986777854,positive,0.007492247187588192,8.232104166827355e-05,3,10,10,1,Firmicutes,Euryarchaeota,0
Methanobacterium.20,midas_g_51070.2,0.8420121986777854,0.8420121986777854,positive,0.007492247187588192,8.232104166827355e-05,3,10,6,0,Euryarchaeota,Firmicutes,0
Desulfosporosinus.3,midas_g_82137.3,0.8420121986777854,0.8420121986777854,positive,0.007492247187588192,8.232104166827355e-05,3,4,4,1,Firmicutes,Firmicutes,1
Flavobacterium.3,Oscillospiraceae.8,0.8420121986777854,0.8420121986777854,positive,0.007492247187588192,8.232104166827355e-05,3,10,10,1,Bacteroidota,Firmicutes,0
NK4A214_group.2,midas_g_98374.1,0.8420121986777854,0.8420121986777854,positive,0.007492247187588192,8.232104166827355e-05,3,10,10,1,Firmicutes,Chloroflexi,0
Paludibacter.3,Christensenellaceae.15,0.8420121986777854,0.8420121986777854,positive,0.007492247187588192,8.232104166827355e-05,3,10,10,1,Bacteroidota,Firmicutes,0
Clostridium_sensu_stricto_1.7,Caproiciproducens.1,0.8419421080060088,0.8419421080060088,positive,0.007492247187588192,8.254401404007845e-05,5,4,4,1,Firmicutes,Firmicutes,1
Clostridium_sensu_stricto_1.7,Christensenellaceae_R-7_group.38,0.8419421080060088,0.8419421080060088,positive,0.007492247187588192,8.254401404007845e-05,5,4,4,1,Firmicutes,Firmicutes,1
Reyranella.2,midas_g_77185.2,0.8417721518987341,0.8417721518987341,positive,0.007492247187588192,8.308674656034308e-05,4,4,4,1,Proteobacteria,Cyanobacteria,0
Reyranella.2,Methanobacterium.96,0.8417721518987341,0.8417721518987341,positive,0.007492247187588192,8.308674656034308e-05,4,4,4,1,Proteobacteria,Euryarchaeota,0
Rhizobiaceae.1,Christensenellaceae.7,0.8417649537855273,0.8417649537855273,positive,0.007492247187588192,8.310979757076438e-05,5,4,4,1,Proteobacteria,Firmicutes,0
Veillonellales-Selenomonadales.6,Methanobacterium.96,0.8417649537855273,0.8417649537855273,positive,0.007492247187588192,8.310979757076438e-05,5,4,4,1,Firmicutes,Euryarchaeota,0
Veillonellales-Selenomonadales.6,midas_g_77185.2,0.8417649537855273,0.8417649537855273,positive,0.007492247187588192,8.310979757076438e-05,5,4,4,1,Firmicutes,Cyanobacteria,0
Rhizobiaceae.1,Propionicicella.4,0.8417649537855273,0.8417649537855273,positive,0.007492247187588192,8.310979757076438e-05,5,4,4,1,Proteobacteria,Actinobacteriota,0
Rhizobiaceae.1,Colidextribacter.6,0.8417649537855273,0.8417649537855273,positive,0.007492247187588192,8.310979757076438e-05,5,4,4,1,Proteobacteria,Firmicutes,0
Comamonadaceae.2,Oscillibacter.2,0.8417266187050358,0.8417266187050358,positive,0.007492603103925266,8.323264945484633e-05,12,5,5,1,Proteobacteria,Firmicutes,0
Azoarcus.2,midas_g_3595.1,0.8411577262002177,0.8411577262002177,positive,0.007642038332545959,8.507344117209368e-05,9,5,5,1,Proteobacteria,Firmicutes,0
Lachnoclostridium.1,Ca_Phosphitivorax.1,-0.8410650695845971,0.8410650695845971,negative,0.007642038332545959,8.537640802345408e-05,3,9,1,0,Firmicutes,SAR324_cladeMarine_group_B,0
Camelimonas.2,Petrimonas.4,-0.8410650695845971,0.8410650695845971,negative,0.007642038332545959,8.537640802345408e-05,3,5,1,0,Proteobacteria,Bacteroidota,0
Aminiphilus.1,midas_g_84729.1,0.8410475972738094,0.8410475972738094,positive,0.007642038332545959,8.543363820531076e-05,5,1,1,1,Synergistota,Chloroflexi,0
Methanobacterium.1,midas_g_112760.1,0.8409906694621818,0.8409906694621818,positive,0.007642038332545959,8.5620323464269e-05,9,1,1,1,Euryarchaeota,Firmicutes,0
midas_g_3409.1,Ercella.1,0.8409906694621818,0.8409906694621818,positive,0.007642038332545959,8.5620323464269e-05,9,1,1,1,WS1,Firmicutes,0
Proteiniphilum.15,Rummeliibacillus.2,0.8404607795017273,0.8404607795017273,positive,0.007779276660186119,8.73741987029669e-05,5,4,4,1,Bacteroidota,Firmicutes,0
Comamonadaceae.6,Hyphomicrobium.16,0.84045160359748,0.84045160359748,positive,0.007779276660186119,8.740482869539741e-05,4,6,6,1,Proteobacteria,Proteobacteria,1
Thermovirga.1,Ca_Caldatribacterium.1,0.8403953378686622,0.8403953378686622,positive,0.007785014622487398,8.759284234207582e-05,7,1,1,1,Synergistota,Caldatribacteriota,0
Thermovirga.1,Bellilinea.1,0.8401827591124665,0.8401827591124665,positive,0.007804384857228134,8.830619232557305e-05,4,1,1,1,Synergistota,Chloroflexi,0
Thermovirga.1,Cryptanaerobacter.1,0.8401827591124665,0.8401827591124665,positive,0.007804384857228134,8.830619232557305e-05,4,1,1,1,Synergistota,Firmicutes,0
Monoglobus.13,Bellilinea.1,0.8401827591124665,0.8401827591124665,positive,0.007804384857228134,8.830619232557305e-05,4,1,1,1,Firmicutes,Chloroflexi,0
Monoglobus.13,Cryptanaerobacter.1,0.8401827591124665,0.8401827591124665,positive,0.007804384857228134,8.830619232557305e-05,4,1,1,1,Firmicutes,Firmicutes,1
Brevundimonas.3,Romboutsia.1,0.8401388774085707,0.8401388774085707,positive,0.00780650268108642,8.845404059884635e-05,10,5,5,1,Proteobacteria,Firmicutes,0
Mesotoga.1,Caproiciproducens.1,-0.8398554297360604,0.8398554297360604,negative,0.00785633144527774,8.941396900151631e-05,5,5,4,0,Thermotogota,Firmicutes,0
Phenylobacterium.4,Syntrophobacter.1,0.8398250546685181,0.8398250546685181,positive,0.00785633144527774,8.95173449980864e-05,8,2,2,1,Proteobacteria,Desulfobacterota,0
Fonticella.2,Sphingopyxis.5,0.8398250546685181,0.8398250546685181,positive,0.00785633144527774,8.95173449980864e-05,8,6,6,1,Firmicutes,Proteobacteria,0
Christensenellaceae_R-7_group.4,Azoarcus.2,0.8398250546685181,0.8398250546685181,positive,0.00785633144527774,8.95173449980864e-05,7,5,5,1,Firmicutes,Proteobacteria,0
Desulfosporosinus.2,Christensenellaceae.7,0.8395434125416043,0.8395434125416043,positive,0.007907067408990684,9.048056209800592e-05,5,4,4,1,Firmicutes,Firmicutes,1
midas_g_3595.1,midas_g_5574.2,0.8395095799193331,0.8395095799193331,positive,0.007907067408990684,9.059684219381798e-05,8,5,5,1,Firmicutes,Actinobacteriota,0
Methanomassiliicoccus.2,midas_g_94288.1,-0.8395094264494626,0.8395094264494626,negative,0.007907067408990684,9.05973699382879e-05,8,2,-1,0,Thermoplasmatota,Firmicutes,0
Phenylobacterium.4,midas_g_94288.1,-0.8395094264494626,0.8395094264494626,negative,0.007907067408990684,9.05973699382879e-05,8,2,-1,0,Proteobacteria,Firmicutes,0
Lachnoclostridium.1,Proteiniphilum.6,-0.8394649219561909,0.8394649219561909,negative,0.007909478641909894,9.075051668043377e-05,10,9,1,0,Firmicutes,Bacteroidota,0
Dysgonomonas.1,Methanobacterium.1,-0.8392857142857142,0.8392857142857142,negative,0.007941446557691134,9.136935846519936e-05,15,9,1,0,Bacteroidota,Euryarchaeota,0
EBM-39.1,Aminivibrio.1,0.8392857142857142,0.8392857142857142,positive,0.007941446557691134,9.136935846519936e-05,15,5,5,1,Synergistota,Synergistota,1
midas_g_82137.2,Lutispora.3,0.8391180773044182,0.8391180773044182,positive,0.007981025857745221,9.195138814744392e-05,7,4,4,1,Firmicutes,Firmicutes,1
Veillonellales-Selenomonadales.6,Proteiniborus.5,0.8390762136326987,0.8390762136326987,positive,0.007982687461073801,9.209721306694788e-05,6,4,4,1,Firmicutes,Firmicutes,1
Petrimonas.2,midas_g_49937.1,0.8388742525000276,0.8388742525000276,positive,0.008032847277647106,9.280339001058643e-05,5,1,1,1,Bacteroidota,Chloroflexi,0
Comamonadaceae.3,Methanobacterium.5,-0.838805150400417,0.838805150400417,negative,0.008042802201027573,9.304603428681087e-05,4,5,1,0,Proteobacteria,Euryarchaeota,0
Methanobacterium.4,midas_g_97954.1,-0.8386209435770237,0.8386209435770237,negative,0.00808718771801895,9.369541120786091e-05,9,1,5,0,Euryarchaeota,Firmicutes,0
Acinetobacter.1,midas_g_49937.1,-0.8384781892121947,0.8384781892121947,negative,0.00808718771801895,9.420122171304623e-05,3,5,1,0,Proteobacteria,Chloroflexi,0
Thermovirga.2,midas_g_49937.1,-0.8384781892121947,0.8384781892121947,negative,0.00808718771801895,9.420122171304623e-05,3,5,1,0,Synergistota,Chloroflexi,0
Fermentimonas.2,midas_g_49937.1,-0.8384781892121947,0.8384781892121947,negative,0.00808718771801895,9.420122171304623e-05,3,5,1,0,Bacteroidota,Chloroflexi,0
Desulfuromonadaceae.1,Methanobacterium.4,-0.8384781892121946,0.8384781892121946,negative,0.00808718771801895,9.420122171304646e-05,3,5,1,0,Desulfobacterota,Euryarchaeota,0
Desulfovibrio.1,Syner-01.2,0.8382487708245737,0.8382487708245737,positive,0.008144162742942445,9.50188141275872e-05,13,5,5,1,Desulfobacterota,Synergistota,0
midas_g_76603.1,midas_g_49937.1,0.8382195507563893,0.8382195507563893,positive,0.008144162742942445,9.512336589973085e-05,5,1,1,1,Firmicutes,Chloroflexi,0
Methanobacterium.1,midas_g_95534.1,0.8380558825863954,0.8380558825863954,positive,0.008183333005554629,9.571073769469899e-05,6,1,1,1,Euryarchaeota,Firmicutes,0
Anaerovorax.12,Comamonadaceae.6,0.837682057791931,0.837682057791931,positive,0.008287752608213962,9.706353230808874e-05,4,6,6,1,Firmicutes,Proteobacteria,0
Syner-01.9,Ca_Phosphitivorax.1,0.8370221386594626,0.8370221386594626,positive,0.008483448018462889,9.949008292830284e-05,6,1,1,1,Synergistota,SAR324_cladeMarine_group_B,0
Fermentimonas.2,Aquamicrobium.2,0.8368174576768579,0.8368174576768579,positive,0.008534525502947405,0.00010025277467137257,11,5,5,1,Bacteroidota,Proteobacteria,0
Comamonadaceae.3,Ca_Phosphitivorax.1,-0.8367887918658007,0.8367887918658007,negative,0.008534525502947405,0.00010035997393728421,4,5,1,0,Proteobacteria,SAR324_cladeMarine_group_B,0
Oscillibacter.4,Colidextribacter.4,0.8366708059434352,0.8366708059434352,positive,0.008549056889304492,0.00010080219108060491,6,6,6,1,Firmicutes,Firmicutes,1
Proteiniphilum.15,Proteiniborus.5,0.8366708059434352,0.8366708059434352,positive,0.008549056889304492,0.00010080219108060491,6,4,4,1,Bacteroidota,Firmicutes,0
Romboutsia.1,Thermovirga.2,0.8364614600125809,0.8364614600125809,positive,0.008601032368386831,0.00010159077997986139,13,5,5,1,Firmicutes,Synergistota,0
Devosia.1,Syntrophomonadaceae.1,0.8364116304693613,0.8364116304693613,positive,0.008601032368386831,0.0001017792304165917,6,2,2,1,Proteobacteria,Firmicutes,0
Anaerovorax.12,Tissierella.5,0.8363636363636363,0.8363636363636363,positive,0.008601032368386831,0.00010196101150831503,5,6,6,1,Firmicutes,Firmicutes,1
Arenimonas.2,Pelotomaculum.4,0.8363636363636363,0.8363636363636363,positive,0.008601032368386831,0.00010196101150831503,5,6,6,1,Proteobacteria,Firmicutes,0
Methanobacterium.4,midas_g_93469.1,-0.8362047811287746,0.8362047811287746,negative,0.008640381560048132,0.00010256459527908089,7,1,5,0,Euryarchaeota,Firmicutes,0
midas_g_2178.3,Hungateiclostridiaceae.28,0.8359783220110514,0.8359783220110514,positive,0.008690061663483841,0.00010343013056801475,5,4,4,1,Chloroflexi,Firmicutes,0
Desulfuromonadaceae.1,midas_g_5574.2,0.8359783220110514,0.8359783220110514,positive,0.008690061663483841,0.00010343013056801475,5,5,5,1,Desulfobacterota,Actinobacteriota,0
XBB1006.1,Methanoculleus.1,0.8359369757117194,0.8359369757117194,positive,0.00869180421634886,0.00010358880513025667,8,6,6,1,Firmicutes,Halobacterota,0
midas_g_5574.1,midas_g_76603.1,-0.8357460663146292,0.8357460663146292,negative,0.008693384334129162,0.00010432405960327766,3,5,1,0,Actinobacteriota,Firmicutes,0
midas_g_36376.1,midas_g_5574.2,0.8357460663146292,0.8357460663146292,positive,0.008693384334129162,0.00010432405960327766,8,5,5,1,Planctomycetota,Actinobacteriota,0
Christensenellaceae_R-7_group.4,Lentimicrobium.1,-0.8357448101873574,0.8357448101873574,negative,0.008693384334129162,0.00010432891155175723,8,5,1,0,Firmicutes,Bacteroidota,0
midas_g_36215.1,Lentimicrobium.1,0.8357142857142855,0.8357142857142855,positive,0.008693384334129162,0.00010444687327713341,15,1,1,1,Bacteroidota,Bacteroidota,1
Hyphomonas.1,midas_g_5574.2,0.8357108940373451,0.8357108940373451,positive,0.008693384334129162,0.00010445998717848232,8,5,5,1,Proteobacteria,Actinobacteriota,0
midas_g_3595.1,midas_g_98017.1,0.8357108940373451,0.8357108940373451,positive,0.008693384334129162,0.00010445998717848232,8,5,5,1,Firmicutes,Firmicutes,1
Mesotoga.1,Christensenellaceae_R-7_group.57,-0.8356029971804347,0.8356029971804347,negative,0.008693384334129162,0.00010487787803088513,5,5,4,0,Thermotogota,Firmicutes,0
Acetobacterium.1,Desulfuromonadaceae.1,0.8356029971804347,0.8356029971804347,positive,0.008693384334129162,0.00010487787803088513,5,5,5,1,Firmicutes,Desulfobacterota,0
Taibaiella.1,midas_g_112760.1,-0.8355748209378268,0.8355748209378268,negative,0.008693384334129162,0.00010498723265103456,5,9,1,0,Bacteroidota,Firmicutes,0
Taibaiella.1,Ercella.1,-0.8355748209378268,0.8355748209378268,negative,0.008693384334129162,0.00010498723265103456,5,9,1,0,Bacteroidota,Firmicutes,0
Methanosarcina.1,midas_g_112760.1,-0.8354578361104569,0.8354578361104569,negative,0.008697836391329754,0.00010544226634621246,8,5,1,0,Halobacterota,Firmicutes,0
midas_g_2178.1,Ercella.1,0.8354578361104569,0.8354578361104569,positive,0.008697836391329754,0.00010544226634621246,9,1,1,1,Chloroflexi,Firmicutes,0
Pseudarcobacter.1,midas_g_3595.1,0.8354545454545456,0.8354545454545456,positive,0.008697836391329754,0.0001054550893924514,10,5,5,1,Campylobacterota,Firmicutes,0
Lutispora.3,Dysgonomonadaceae.1,0.8352112634964164,0.8352112634964164,positive,0.008753407618848135,0.00010640667527910737,4,4,4,1,Firmicutes,Bacteroidota,0
Rhizobiaceae.1,Lachnoclostridium.2,0.8352112634964164,0.8352112634964164,positive,0.008753407618848135,0.00010640667527910737,4,4,4,1,Proteobacteria,Firmicutes,0
Camelimonas.2,Christensenellaceae_R-7_group.2,-0.8351308123835418,0.8351308123835418,negative,0.008766543664717704,0.00010672290714315721,11,5,1,0,Proteobacteria,Firmicutes,0
Afipia.3,Christensenellaceae_R-7_group.57,0.8349941256520418,0.8349941256520418,positive,0.008766543664717704,0.00010726196028656092,4,4,4,1,Proteobacteria,Firmicutes,0
Stappia.1,Afipia.3,0.8349941256520418,0.8349941256520418,positive,0.008766543664717704,0.00010726196028656092,4,4,4,1,Proteobacteria,Proteobacteria,1
Lachnospiraceae.3,Christensenellaceae_R-7_group.19,0.8349941256520418,0.8349941256520418,positive,0.008766543664717704,0.00010726196028656092,4,6,6,1,Firmicutes,Firmicutes,1
Christensenellaceae_R-7_group.38,Christensenellaceae_R-7_group.42,0.8349941256520418,0.8349941256520418,positive,0.008766543664717704,0.00010726196028656092,4,4,10,0,Firmicutes,Firmicutes,1
Methanobacterium.4,Methanobacterium.5,0.8347724333311842,0.8347724333311842,positive,0.008824090789213077,0.00010814101644640592,6,1,1,1,Euryarchaeota,Euryarchaeota,1
Christensenellaceae_R-7_group.63,Caproiciproducens.2,0.834746021612795,0.834746021612795,positive,0.008824090789213077,0.00010824613863683798,5,5,6,0,Firmicutes,Firmicutes,1
Desulfuromonadaceae.1,Aquamicrobium.2,0.8345833356074444,0.8345833356074444,positive,0.008865557514136124,0.00010889550760055479,5,5,5,1,Desulfobacterota,Proteobacteria,0
Christensenellaceae_R-7_group.1,Taibaiella.1,-0.8345454545454547,0.8345454545454547,negative,0.00886644959635254,0.00010904717105997428,7,1,9,0,Firmicutes,Bacteroidota,0
Christensenellaceae_R-7_group.93,Methanoculleus.1,0.8344597570862862,0.8344597570862862,positive,0.008882937219661553,0.00010939091761286961,5,6,6,1,Firmicutes,Halobacterota,0
Lachnoclostridium.1,midas_g_91392.2,-0.8343356749999026,0.8343356749999026,negative,0.008911997167714873,0.00010989021168810829,2,9,1,0,Firmicutes,Firmicutes,1
Acinetobacter.1,midas_g_84729.1,-0.8342219547491886,0.8342219547491886,negative,0.008914821383497282,0.00011034945693223537,3,5,1,0,Proteobacteria,Chloroflexi,0
Fermentimonas.2,midas_g_84729.1,-0.8342219547491886,0.8342219547491886,negative,0.008914821383497282,0.00011034945693223537,3,5,1,0,Bacteroidota,Chloroflexi,0
Thermovirga.2,midas_g_84729.1,-0.8342219547491886,0.8342219547491886,negative,0.008914821383497282,0.00011034945693223537,3,5,1,0,Synergistota,Chloroflexi,0
Pelotomaculum.3,Proteiniphilum.14,-0.8340267677662685,0.8340267677662685,negative,0.008967301937551022,0.00011114137831636379,5,6,10,0,Firmicutes,Bacteroidota,0
Christensenellaceae_R-7_group.63,midas_g_97954.1,0.8334435188862853,0.8334435188862853,positive,0.009133294787123276,0.0001135356875280449,6,5,5,1,Firmicutes,Firmicutes,1
Actinomyces.4,Proteiniphilum.6,-0.8332104858765267,0.8332104858765267,negative,0.009133294787123276,0.00011450410971242812,9,9,1,0,Actinobacteriota,Bacteroidota,0
Fermentimonas.2,Petrimonas.2,-0.8332104858765267,0.8332104858765267,negative,0.009133294787123276,0.00011450410971242812,9,5,1,0,Bacteroidota,Bacteroidota,1
Oscillibacter.3,midas_g_2901.1,0.8332104858765267,0.8332104858765267,positive,0.009133294787123276,0.00011450410971242812,11,5,5,1,Firmicutes,WPS-2,0
Camelimonas.2,Ca_Phosphitivorax.1,-0.8329779054539761,0.8329779054539761,negative,0.009133294787123276,0.00011547741965710222,3,5,1,0,Proteobacteria,SAR324_cladeMarine_group_B,0
Monoglobus.2,Petrimonas.4,-0.8329779054539761,0.8329779054539761,negative,0.009133294787123276,0.00011547741965710222,3,9,1,0,Firmicutes,Bacteroidota,0
midas_g_114295.1,Methanobacterium.5,-0.8329779054539761,0.8329779054539761,negative,0.009133294787123276,0.00011547741965710222,3,5,1,0,Armatimonadota,Euryarchaeota,0
Lachnoclostridium.1,midas_g_95534.1,-0.8329779054539761,0.8329779054539761,negative,0.009133294787123276,0.00011547741965710222,3,9,1,0,Firmicutes,Firmicutes,1
Clostridium_sensu_stricto_13.1,Methanobacterium.5,-0.8329779054539761,0.8329779054539761,negative,0.009133294787123276,0.00011547741965710222,3,5,1,0,Firmicutes,Euryarchaeota,0
Acinetobacter.1,Romboutsia.1,0.8328868383885956,0.8328868383885956,positive,0.009133294787123276,0.00011586037017535422,13,5,5,1,Proteobacteria,Firmicutes,0
Proteiniclasticum.1,Anaerovorax.14,0.8328690689874065,0.8328690689874065,positive,0.009133294787123276,0.00011593521486695392,3,2,2,1,Firmicutes,Firmicutes,1
midas_g_2604.3,Proteiniphilum.12,0.8328690689874065,0.8328690689874065,positive,0.009133294787123276,0.00011593521486695392,3,1,1,1,Firmicutes,Bacteroidota,0
midas_g_49937.1,Proteiniphilum.12,0.8328690689874065,0.8328690689874065,positive,0.009133294787123276,0.00011593521486695392,3,1,1,1,Chloroflexi,Bacteroidota,0
midas_g_84729.1,Azorhizobium.1,0.8328690689874065,0.8328690689874065,positive,0.009133294787123276,0.00011593521486695392,3,1,1,1,Chloroflexi,Proteobacteria,0
Hungateiclostridiaceae.28,Symbiobacterium.2,0.8328690689874064,0.8328690689874064,positive,0.009133294787123276,0.00011593521486695471,3,4,6,0,Firmicutes,Firmicutes,1
Caproiciproducens.1,Desulfosporosinus.3,0.8328690689874064,0.8328690689874064,positive,0.009133294787123276,0.00011593521486695471,3,4,4,1,Firmicutes,Firmicutes,1
Desulfuromonadaceae.1,Methanobacterium.61,0.8328690689874064,0.8328690689874064,positive,0.009133294787123276,0.00011593521486695471,3,5,5,1,Desulfobacterota,Euryarchaeota,0
Caproiciproducens.1,midas_g_82137.1,0.8328690689874064,0.8328690689874064,positive,0.009133294787123276,0.00011593521486695471,3,4,4,1,Firmicutes,Firmicutes,1
Dehalobacterium.2,Desulfovibrio.2,0.8328649477340376,0.8328649477340376,positive,0.009133294787123276,0.00011595257926331642,10,6,9,0,Firmicutes,Desulfobacterota,0
Ca_Soleaferrea.2,Stenotrophomonas.1,0.8327272727272729,0.8327272727272729,positive,0.009156192490656233,0.00011653388735053004,11,4,4,1,Firmicutes,Proteobacteria,0
Limnobacter.1,midas_g_97954.1,0.8327272727272729,0.8327272727272729,positive,0.009156192490656233,0.00011653388735053004,11,5,5,1,Proteobacteria,Firmicutes,0
Ca_Phosphitivorax.1,midas_g_92370.1,0.8325111808919807,0.8325111808919807,positive,0.009205305479542068,0.00011745113158269309,4,1,1,1,SAR324_cladeMarine_group_B,Firmicutes,0
Comamonadaceae.6,Tissierella.5,0.8325111808919807,0.8325111808919807,positive,0.009205305479542068,0.00011745113158269309,4,6,6,1,Proteobacteria,Firmicutes,0
midas_g_91392.1,Syntrophomonas.22,0.8323473261483905,0.8323473261483905,positive,0.009248623382613412,0.00011815059864480586,5,6,4,0,Firmicutes,Firmicutes,1
Aminiphilus.1,midas_g_95534.1,0.8322503785764789,0.8322503785764789,positive,0.009258143556791373,0.00011856606230886213,6,1,1,1,Synergistota,Firmicutes,0
Ercella.1,midas_g_95534.1,0.8322503785764789,0.8322503785764789,positive,0.009258143556791373,0.00011856606230886213,6,1,1,1,Firmicutes,Firmicutes,1
EBM-39.1,Christensenellaceae_R-7_group.2,-0.8321428571428571,0.8321428571428571,negative,0.0092798680568825,0.0001190282449384978,14,5,1,0,Synergistota,Firmicutes,0
Clostridiaceae.10,Sphingopyxis.5,0.8320488967549208,0.8320488967549208,positive,0.0092798680568825,0.00011943334805172991,8,6,6,1,Firmicutes,Proteobacteria,0
XBB1006.1,Clostridiaceae.10,0.8320488967549208,0.8320488967549208,positive,0.0092798680568825,0.00011943334805172991,8,6,6,1,Firmicutes,Firmicutes,1
XBB1006.1,Fonticella.2,0.8320488967549208,0.8320488967549208,positive,0.0092798680568825,0.00011943334805172991,8,6,6,1,Firmicutes,Firmicutes,1
Dehalobacterium.2,Sphingopyxis.5,0.8319123687627272,0.8319123687627272,positive,0.009291444933837502,0.00012002399948370337,8,6,6,1,Firmicutes,Proteobacteria,0
Anaerostignum.2,midas_g_3595.1,0.8319122081553572,0.8319122081553572,positive,0.009291444933837502,0.00012002469572069263,8,5,5,1,Firmicutes,Firmicutes,1
Anaerostignum.2,midas_g_669.2,0.8319122081553572,0.8319122081553572,positive,0.009291444933837502,0.00012002469572069263,8,5,5,1,Firmicutes,Firmicutes,1
Arenimonas.2,midas_g_91392.1,0.8318181818181818,0.8318181818181818,positive,0.009311603764419968,0.00012043287313933847,5,6,6,1,Proteobacteria,Firmicutes,0
Thauera.1,Desulfovibrio.1,0.8316640175625409,0.8316640175625409,positive,0.009335406419613236,0.00012110458626345624,7,5,5,1,Proteobacteria,Desulfobacterota,0
Caproiciproducens.2,Pseudomonas.2,0.831645569620253,0.831645569620253,positive,0.009335406419613236,0.00012118517236238973,4,6,6,1,Firmicutes,Proteobacteria,0
Christensenellaceae_R-7_group.93,Pseudomonas.2,0.831645569620253,0.831645569620253,positive,0.009335406419613236,0.00012118517236238973,4,6,6,1,Firmicutes,Proteobacteria,0
Petrimonas.1,Clostridium_sensu_stricto_13.1,0.8315465599698785,0.8315465599698785,positive,0.009355085021342047,0.00012161843017642675,12,5,5,1,Bacteroidota,Firmicutes,0
midas_g_5574.1,Desulfuromonadaceae.1,0.8314493471508877,0.8314493471508877,positive,0.009355085021342047,0.00012204506435963144,5,5,5,1,Actinobacteriota,Desulfobacterota,0
Desulfuromonadaceae.1,Brevundimonas.3,0.8314493471508877,0.8314493471508877,positive,0.009355085021342047,0.00012204506435963144,5,5,5,1,Desulfobacterota,Proteobacteria,0
Mesotoga.1,Propionicicella.4,-0.8313505646248092,0.8313505646248092,negative,0.009355085021342047,0.00012247984801166706,5,5,4,0,Thermotogota,Actinobacteriota,0
Mesotoga.1,Colidextribacter.6,-0.8313505646248092,0.8313505646248092,negative,0.009355085021342047,0.00012247984801166706,5,5,4,0,Thermotogota,Firmicutes,0
EBM-39.1,midas_g_84729.1,-0.8313505646248092,0.8313505646248092,negative,0.009355085021342047,0.00012247984801166706,5,5,1,0,Synergistota,Chloroflexi,0
Mesotoga.1,Christensenellaceae.7,-0.8313505646248092,0.8313505646248092,negative,0.009355085021342047,0.00012247984801166706,5,5,4,0,Thermotogota,Firmicutes,0
Anaerostignum.2,Camelimonas.2,0.8311894313163432,0.8311894313163432,positive,0.009386708543766609,0.00012319179810351644,8,5,5,1,Firmicutes,Proteobacteria,0
Christensenellaceae_R-7_group.4,midas_g_114295.1,0.8311894313163432,0.8311894313163432,positive,0.009386708543766609,0.00012319179810351644,8,5,5,1,Firmicutes,Armatimonadota,0
Methanobacterium.4,Methanosarcina.1,-0.8310995275766029,0.8310995275766029,negative,0.009405715111777313,0.00012359050548372768,12,1,5,0,Euryarchaeota,Halobacterota,0
Colidextribacter.1,Clostridiaceae.1,0.8309514780119178,0.8309514780119178,positive,0.009444452629387923,0.00012424939267087612,7,4,4,1,Firmicutes,Firmicutes,1
Christensenellaceae_R-7_group.63,Methanobacterium.4,-0.8307397162619515,0.8307397162619515,negative,0.00950500504731767,0.00012519684814919963,4,5,1,0,Firmicutes,Euryarchaeota,0
midas_g_49834.1,Flavobacterium.3,0.8302397678803662,0.8302397678803662,positive,0.009664974744088704,0.00012745729540003352,4,10,10,1,Firmicutes,Bacteroidota,0
Mesotoga.1,Desulfosporosinus.2,-0.8299976529461416,0.8299976529461416,negative,0.00973717681979557,0.00012856398759116886,6,5,4,0,Thermotogota,Firmicutes,0
Clostridium_sensu_stricto_1.7,midas_g_77185.2,0.8299486306839858,0.8299486306839858,positive,0.009742510915073955,0.00012878902453830268,5,4,4,1,Firmicutes,Cyanobacteria,0
Flavobacterium.3,midas_g_554.2,0.8295366477066034,0.8295366477066034,positive,0.009839298684865475,0.00013069306819488372,4,10,1,0,Bacteroidota,Firmicutes,0
Reyranella.2,midas_g_82137.3,0.8295366477066034,0.8295366477066034,positive,0.009839298684865475,0.00013069306819488372,4,4,4,1,Proteobacteria,Firmicutes,0
Rummeliibacillus.2,Christensenellaceae_R-7_group.42,0.8295366477066034,0.8295366477066034,positive,0.009839298684865475,0.00013069306819488372,4,4,10,0,Firmicutes,Firmicutes,1
midas_g_91392.2,Flavobacterium.3,0.8295366477066034,0.8295366477066034,positive,0.009839298684865475,0.00013069306819488372,4,1,10,0,Firmicutes,Bacteroidota,0
Acinetobacter.2,midas_g_3595.1,0.8293779407453766,0.8293779407453766,positive,0.00987590826908794,0.00013143270619708162,6,5,5,1,Proteobacteria,Firmicutes,0
midas_g_98017.1,Firmicutes.26,0.8293650793650794,0.8293650793650794,positive,0.00987590826908794,0.0001314927958511566,7,5,5,1,Firmicutes,Firmicutes,1
Christensenellaceae_R-7_group.2,Comamonadaceae.3,-0.8293122167646101,0.8293122167646101,negative,0.00988269660627623,0.0001317400125253441,12,1,5,0,Firmicutes,Proteobacteria,0
Thauera.1,Christensenellaceae_R-7_group.3,0.8289842495212931,0.8289842495212931,positive,0.00991954691544868,0.00013328233762612693,7,5,5,1,Proteobacteria,Firmicutes,0
Christensenellaceae_R-7_group.42,Proteiniborus.4,0.8289069504493374,0.8289069504493374,positive,0.00991954691544868,0.00013364800411362398,3,10,4,0,Firmicutes,Firmicutes,1
Flavobacterium.3,midas_g_98374.1,0.8289069504493374,0.8289069504493374,positive,0.00991954691544868,0.00013364800411362398,3,10,10,1,Bacteroidota,Chloroflexi,0
NK4A214_group.2,Oscillospiraceae.8,0.8289069504493374,0.8289069504493374,positive,0.00991954691544868,0.00013364800411362398,3,10,10,1,Firmicutes,Firmicutes,1
Flavobacterium.3,Methanobacterium.55,0.8289069504493374,0.8289069504493374,positive,0.00991954691544868,0.00013364800411362398,3,10,10,1,Bacteroidota,Euryarchaeota,0
Flavobacterium.3,Methanobacterium.37,0.8289069504493374,0.8289069504493374,positive,0.00991954691544868,0.00013364800411362398,3,10,10,1,Bacteroidota,Euryarchaeota,0
Pelotomaculum.1,Comamonadaceae.6,0.8289069504493374,0.8289069504493374,positive,0.00991954691544868,0.00013364800411362398,3,6,6,1,Firmicutes,Proteobacteria,0
Methanobacterium.20,Christensenellaceae.4,0.8289069504493373,0.8289069504493373,positive,0.00991954691544868,0.00013364800411362442,3,10,6,0,Euryarchaeota,Firmicutes,0
Sphingopyxis.3,NK4A214_group.3,0.8289069504493373,0.8289069504493373,positive,0.00991954691544868,0.00013364800411362442,3,4,4,1,Proteobacteria,Firmicutes,0
Taibaiella.1,Desulfovibrio.2,0.8288624656799142,0.8288624656799142,positive,0.009923505130829511,0.00013385881488566168,11,9,9,1,Bacteroidota,Desulfobacterota,0
Acinetobacter.2,midas_g_36376.1,0.8288160392608404,0.8288160392608404,positive,0.009928156963609545,0.00013407911854558866,6,5,5,1,Proteobacteria,Planctomycetota,0
Methanobacterium.4,midas_g_114295.1,-0.8287025511618809,0.8287025511618809,negative,0.009956426498772165,0.00013461890019604984,10,1,5,0,Euryarchaeota,Armatimonadota,0
Syntrophomonas.1,midas_g_2178.1,-0.828215577663147,0.828215577663147,negative,0.010066117713578005,0.00013695541119340633,8,5,1,0,Firmicutes,Chloroflexi,0
Anaerovorax.12,Synergistaceae.2,0.8281766860861415,0.8281766860861415,positive,0.010066117713578005,0.0001371434424938728,6,6,6,1,Firmicutes,Synergistota,0
Rhodococcus.4,Synergistaceae.2,0.8281766860861415,0.8281766860861415,positive,0.010066117713578005,0.0001371434424938728,6,6,6,1,Actinobacteriota,Synergistota,0
midas_g_2178.3,Syntrophomonas.2,0.8281766860861415,0.8281766860861415,positive,0.010066117713578005,0.0001371434424938728,6,4,4,1,Chloroflexi,Firmicutes,0
Proteiniphilum.15,Syntrophomonas.2,0.8281766860861415,0.8281766860861415,positive,0.010066117713578005,0.0001371434424938728,6,4,4,1,Bacteroidota,Firmicutes,0
Desulfosporosinus.1,Clostridiaceae.6,0.8281656496965657,0.8281656496965657,positive,0.010066117713578005,0.00013719683939316697,7,4,4,1,Firmicutes,Firmicutes,1
Christensenellaceae_R-7_group.44,midas_g_76603.1,0.828160817798122,0.828160817798122,positive,0.010066117713578005,0.00013722022274357295,7,1,1,1,Firmicutes,Firmicutes,1
Christensenellaceae_R-7_group.2,Ercella.1,0.8280807249748237,0.8280807249748237,positive,0.010071866639787458,0.00013760829921569088,9,1,1,1,Firmicutes,Firmicutes,1
Brevundimonas.3,midas_g_5574.2,0.8280786712108251,0.8280786712108251,positive,0.010071866639787458,0.00013761826224104168,8,5,5,1,Proteobacteria,Actinobacteriota,0
Bacteria (unclassified).1,Veillonellales-Selenomonadales.6,0.8279277216685049,0.8279277216685049,positive,0.010113831786618465,0.00013835215983852981,5,4,4,1,Bacteria (unclassified),Firmicutes,0
Colidextribacter.1,HN-HF0106.10,0.8277310924369747,0.8277310924369747,positive,0.010171897591635283,0.00013931296898989467,7,4,4,1,Firmicutes,Firmicutes,1
Methanobacterium.96,Proteiniborus.5,0.8275499352195813,0.8275499352195813,positive,0.010171897591635283,0.0001402030241993344,5,4,4,1,Euryarchaeota,Firmicutes,0
Phenylobacterium.1,Christensenellaceae_R-7_group.38,0.8275499352195813,0.8275499352195813,positive,0.010171897591635283,0.0001402030241993344,5,4,4,1,Proteobacteria,Firmicutes,0
Devosia.9,Proteiniborus.5,0.8275499352195813,0.8275499352195813,positive,0.010171897591635283,0.0001402030241993344,5,4,4,1,Proteobacteria,Firmicutes,0
Reyranella.2,Syntrophomonas.2,0.8275499352195813,0.8275499352195813,positive,0.010171897591635283,0.0001402030241993344,5,4,4,1,Proteobacteria,Firmicutes,0
Acinetobacter.1,Methanobacterium.1,-0.8275249059526175,0.8275249059526175,negative,0.010171897591635283,0.00014032636381573738,13,5,1,0,Proteobacteria,Euryarchaeota,0
Methanobacterium.5,midas_g_92370.1,0.8273403039920305,0.8273403039920305,positive,0.010171897591635283,0.00014123880615039998,4,1,1,1,Euryarchaeota,Firmicutes,0
Devosia.1,midas_g_77817.1,0.8273403039920305,0.8273403039920305,positive,0.010171897591635283,0.00014123880615039998,4,2,2,1,Proteobacteria,Firmicutes,0
Clostridium_sensu_stricto_1.7,Christensenellaceae_R-7_group.42,0.8273403039920305,0.8273403039920305,positive,0.010171897591635283,0.00014123880615039998,4,4,10,0,Firmicutes,Firmicutes,1
EBM-39.1,midas_g_49937.1,-0.8270981320691836,0.8270981320691836,negative,0.010171897591635283,0.00014244319317111614,5,5,1,0,Synergistota,Chloroflexi,0
EBM-39.1,Petrimonas.2,-0.8270605907545231,0.8270605907545231,negative,0.010171897591635283,0.000142630649853832,11,5,1,0,Synergistota,Bacteroidota,0
Colidextribacter.1,midas_g_82137.2,0.8268681783656677,0.8268681783656677,positive,0.010171897591635283,0.00014359461708062624,7,4,4,1,Firmicutes,Firmicutes,1
Pseudoxanthomonas.2,Family_XI.4,0.8267897327174255,0.8267897327174255,positive,0.010171897591635283,0.00014398915561206457,3,1,1,1,Proteobacteria,Firmicutes,0
midas_g_49937.1,Azorhizobium.1,0.8267897327174255,0.8267897327174255,positive,0.010171897591635283,0.00014398915561206457,3,1,1,1,Chloroflexi,Proteobacteria,0
Christensenellaceae.4,Hungateiclostridiaceae.28,0.8267897327174255,0.8267897327174255,positive,0.010171897591635283,0.00014398915561206457,3,6,4,0,Firmicutes,Firmicutes,1
midas_g_84729.1,Proteiniphilum.12,0.8267897327174255,0.8267897327174255,positive,0.010171897591635283,0.00014398915561206457,3,1,1,1,Chloroflexi,Bacteroidota,0
Propionicicella.4,Desulfosporosinus.3,0.8267897327174255,0.8267897327174255,positive,0.010171897591635283,0.00014398915561206457,3,4,4,1,Actinobacteriota,Firmicutes,0
midas_g_49937.1,Desulfurispora.1,0.8267897327174255,0.8267897327174255,positive,0.010171897591635283,0.00014398915561206457,3,1,1,1,Chloroflexi,Firmicutes,0
Ralstonia.1,midas_g_77185.2,0.8267897327174255,0.8267897327174255,positive,0.010171897591635283,0.00014398915561206457,3,4,4,1,Proteobacteria,Cyanobacteria,0
midas_g_95485.1,Anaerovorax.13,0.8267897327174255,0.8267897327174255,positive,0.010171897591635283,0.00014398915561206457,3,4,4,1,Firmicutes,Firmicutes,1
midas_g_2604.3,Azorhizobium.1,0.8267897327174255,0.8267897327174255,positive,0.010171897591635283,0.00014398915561206457,3,1,1,1,Firmicutes,Proteobacteria,0
midas_g_2604.3,Desulfurispora.1,0.8267897327174255,0.8267897327174255,positive,0.010171897591635283,0.00014398915561206457,3,1,1,1,Firmicutes,Firmicutes,1
Colidextribacter.6,midas_g_82137.1,0.8267897327174254,0.8267897327174254,positive,0.010171897591635283,0.00014398915561206514,3,4,4,1,Firmicutes,Firmicutes,1
Christensenellaceae_R-7_group.57,midas_g_82137.1,0.8267897327174254,0.8267897327174254,positive,0.010171897591635283,0.00014398915561206514,3,4,4,1,Firmicutes,Firmicutes,1
Christensenellaceae_R-7_group.57,Desulfosporosinus.3,0.8267897327174254,0.8267897327174254,positive,0.010171897591635283,0.00014398915561206514,3,4,4,1,Firmicutes,Firmicutes,1
Propionicicella.4,midas_g_82137.1,0.8267897327174254,0.8267897327174254,positive,0.010171897591635283,0.00014398915561206514,3,4,4,1,Actinobacteriota,Firmicutes,0
Propionibacteriaceae.3,Soehngenia.5,0.8267897327174254,0.8267897327174254,positive,0.010171897591635283,0.00014398915561206514,3,10,1,0,Actinobacteriota,Firmicutes,0
Christensenellaceae.7,Desulfosporosinus.3,0.8267897327174254,0.8267897327174254,positive,0.010171897591635283,0.00014398915561206514,3,4,4,1,Firmicutes,Firmicutes,1
Colidextribacter.6,Desulfosporosinus.3,0.8267897327174254,0.8267897327174254,positive,0.010171897591635283,0.00014398915561206514,3,4,4,1,Firmicutes,Firmicutes,1
Christensenellaceae.7,midas_g_82137.1,0.8267897327174254,0.8267897327174254,positive,0.010171897591635283,0.00014398915561206514,3,4,4,1,Firmicutes,Firmicutes,1
Acinetobacter.2,Fermentimonas.2,0.8267069991927187,0.8267069991927187,positive,0.01018993711937817,0.0001444062247691736,6,5,5,1,Proteobacteria,Bacteroidota,0
Methanobacterium.4,midas_g_30443.1,0.8263291416026126,0.8263291416026126,positive,0.010313692581685909,0.00014632369264016255,10,1,1,1,Euryarchaeota,Desulfobacterota,0
Acetobacterium.1,Syntrophomonas.3,-0.8259685381260147,0.8259685381260147,negative,0.010420734091313453,0.00014817306861676538,6,5,10,0,Firmicutes,Firmicutes,1
NK4A214_group.4,midas_g_94288.1,-0.8259685381260147,0.8259685381260147,negative,0.010420734091313453,0.00014817306861676538,6,2,-1,0,Firmicutes,Firmicutes,1
midas_g_114295.1,midas_g_49937.1,-0.8258002716750954,0.8258002716750954,negative,0.010446906842873145,0.0001490425818348773,2,5,1,0,Armatimonadota,Chloroflexi,0
Clostridium_sensu_stricto_13.1,midas_g_49937.1,-0.8258002716750954,0.8258002716750954,negative,0.010446906842873145,0.0001490425818348773,2,5,1,0,Firmicutes,Chloroflexi,0
Camelimonas.2,midas_g_49937.1,-0.8258002716750954,0.8258002716750954,negative,0.010446906842873145,0.0001490425818348773,2,5,1,0,Proteobacteria,Chloroflexi,0
Paraclostridium.1,Clostridia.9,0.8255013944530433,0.8255013944530433,positive,0.010532455169086753,0.00015059736102052186,9,5,2,0,Firmicutes,Firmicutes,1
Paraclostridium.1,Syntrophobacter.1,0.8255013944530433,0.8255013944530433,positive,0.010532455169086753,0.00015059736102052186,9,5,2,0,Firmicutes,Desulfobacterota,0
Clostridiaceae.1,Proteiniphilum.15,0.8253968253968255,0.8253968253968255,positive,0.010558999809003596,0.0001511444730967919,8,4,4,1,Firmicutes,Bacteroidota,0
Christensenellaceae_R-7_group.1,Ca_Phosphitivorax.1,0.8253123626044679,0.8253123626044679,positive,0.010578227823270331,0.00015158757933813292,6,1,1,1,Firmicutes,SAR324_cladeMarine_group_B,0
Aquamicrobium.2,Aminivibrio.1,0.825258715829132,0.825258715829132,positive,0.01058618284978254,0.00015186957336787724,11,5,5,1,Proteobacteria,Synergistota,0
Methanobacterium.4,midas_g_76603.1,0.825188065671118,0.825188065671118,positive,0.010600389366996687,0.0001522416030902974,8,1,1,1,Euryarchaeota,Firmicutes,0
Methanobacterium.5,midas_g_91392.2,0.8251512397551767,0.8251512397551767,positive,0.010602197151702498,0.00015243581774593683,5,1,1,1,Euryarchaeota,Firmicutes,0
Desulfovibrio.2,Geobacteraceae.1,-0.825,0.825,negative,0.010634346106881458,0.0001532355709056458,14,9,1,0,Desulfobacterota,Desulfobacterota,1
Christensenellaceae_R-7_group.3,Syner-01.2,0.825,0.825,positive,0.010634346106881458,0.0001532355709056458,14,5,5,1,Firmicutes,Synergistota,0
Clostridium_sensu_stricto_13.1,Syner-01.9,-0.8249054237709922,0.8249054237709922,negative,0.010651129775189226,0.0001537374379845161,7,5,1,0,Firmicutes,Synergistota,0
Monoglobus.2,Ca_Phosphitivorax.1,-0.8248907413233549,0.8248907413233549,negative,0.010651129775189226,0.00015381547109249047,3,9,1,0,Firmicutes,SAR324_cladeMarine_group_B,0
Synergistaceae.2,Parapusillimonas.1,0.8248265285425425,0.8248265285425425,positive,0.010663070443184167,0.00015415712657093305,7,6,4,0,Synergistota,Proteobacteria,0
Syner-01.9,midas_g_112760.1,0.8244949285018195,0.8244949285018195,positive,0.01076217021336182,0.00015593140262162917,8,1,1,1,Synergistota,Firmicutes,0
Brevundimonas.3,Azoarcus.2,0.8244949285018195,0.8244949285018195,positive,0.01076217021336182,0.00015593140262162917,8,5,5,1,Proteobacteria,Proteobacteria,1
EBM-39.1,Hydrogenophaga.7,0.8244509614010417,0.8244509614010417,positive,0.01076670094383726,0.00015616790971319477,8,5,5,1,Synergistota,Proteobacteria,0
Aquamicrobium.2,Methanomethylophilaceae.1,0.8244090104130452,0.8244090104130452,positive,0.010770216347517117,0.00015639384643008252,9,5,5,1,Proteobacteria,Thermoplasmatota,0
Lachnoclostridium.1,Methanobacterium.1,-0.8243780551425519,0.8243780551425519,negative,0.010770216347517117,0.0001565607353020865,12,9,1,0,Firmicutes,Euryarchaeota,0
Phenylobacterium.4,Clostridia.9,0.8242727388413233,0.8242727388413233,positive,0.010797563805689955,0.0001571296221445661,8,2,2,1,Proteobacteria,Firmicutes,0
midas_g_669.2,Comamonadaceae.3,0.8241930563756984,0.8241930563756984,positive,0.010810772930662155,0.00015756117029174435,11,5,5,1,Firmicutes,Proteobacteria,0
Desulfovibrio.3,NK4A214_group.2,0.8240791697611654,0.8240791697611654,positive,0.010810772930662155,0.00015817965280843122,4,4,10,0,Desulfobacterota,Firmicutes,0
Syntrophomonas.22,Thermobrachium.2,0.8240791697611654,0.8240791697611654,positive,0.010810772930662155,0.00015817965280843122,4,4,6,0,Firmicutes,Firmicutes,1
Afipia.3,Caproiciproducens.1,0.8240791697611652,0.8240791697611652,positive,0.010810772930662155,0.00015817965280843157,4,4,4,1,Proteobacteria,Firmicutes,0
Afipia.3,Christensenellaceae_R-7_group.38,0.8240791697611652,0.8240791697611652,positive,0.010810772930662155,0.00015817965280843157,4,4,4,1,Proteobacteria,Firmicutes,0
Oscillibacter.4,Tissierella.5,0.8239296261574947,0.8239296261574947,positive,0.010820195977325945,0.00015899480466594534,6,6,6,1,Firmicutes,Firmicutes,1
midas_g_91392.1,Synergistaceae.2,0.8239296261574947,0.8239296261574947,positive,0.010820195977325945,0.00015899480466594534,6,6,6,1,Firmicutes,Synergistota,0
midas_g_82137.2,Proteiniborus.5,0.8239296261574945,0.8239296261574945,positive,0.010820195977325945,0.00015899480466594553,6,4,4,1,Firmicutes,Firmicutes,1
midas_g_112760.1,midas_g_95534.1,0.8239278747907142,0.8239278747907142,positive,0.010820195977325945,0.0001590043716476311,6,1,1,1,Firmicutes,Firmicutes,1
midas_g_114295.1,midas_g_5574.2,0.8236331637589219,0.8236331637589219,positive,0.010918416310533082,0.000160621003584349,8,5,5,1,Armatimonadota,Actinobacteriota,0
midas_g_112760.1,midas_g_84729.1,0.8234800234404139,0.8234800234404139,positive,0.010960953428160685,0.0001614663673809867,5,1,1,1,Firmicutes,Chloroflexi,0
midas_g_669.2,Christensenellaceae_R-7_group.2,-0.8234568409037408,0.8234568409037408,negative,0.010960953428160685,0.0001615946572945897,10,5,1,0,Firmicutes,Firmicutes,1
HN-HF0106.10,Hungateiclostridiaceae.28,0.8233153109628308,0.8233153109628308,positive,0.011002358732183441,0.00016237968738582855,5,4,4,1,Firmicutes,Firmicutes,1
midas_g_110683.3,midas_g_49834.1,0.8227848787194174,0.8227848787194174,positive,0.011177564189278255,0.00016534978193952327,7,4,10,0,Firmicutes,Firmicutes,1
Clostridium_sensu_stricto_1.7,Christensenellaceae_R-7_group.57,0.8227525442907722,0.8227525442907722,positive,0.011177564189278255,0.0001655322677423964,5,4,4,1,Firmicutes,Firmicutes,1
Dehalobacter.2,Hyphomicrobium.16,0.8227525442907722,0.8227525442907722,positive,0.011177564189278255,0.0001655322677423964,5,6,6,1,Firmicutes,Proteobacteria,0
midas_g_35108.1,Methanobacterium.5,0.8227272727272725,0.8227272727272725,positive,0.011177564189278255,0.00016567500797895533,5,1,1,1,Chloroflexi,Euryarchaeota,0
Phenylobacterium.4,Proteiniclasticum.1,0.8225309495390237,0.8225309495390237,positive,0.011240574672056152,0.00016678733802603392,5,2,2,1,Proteobacteria,Firmicutes,0
Flavobacterium.3,Proteiniphilum.17,0.8223543263351134,0.8223543263351134,positive,0.011260198170770779,0.0001677932853390311,3,10,10,1,Bacteroidota,Bacteroidota,1
Flavobacterium.3,Methylobacter.1,0.8223543263351134,0.8223543263351134,positive,0.011260198170770779,0.0001677932853390311,3,10,10,1,Bacteroidota,Proteobacteria,0
Anaerovorax.13,Christensenellaceae_R-7_group.42,0.8223543263351133,0.8223543263351133,positive,0.011260198170770779,0.00016779328533903198,3,4,10,0,Firmicutes,Firmicutes,1
Paludibacter.3,Methanobacterium.34,0.8223543263351133,0.8223543263351133,positive,0.011260198170770779,0.00016779328533903198,3,10,10,1,Bacteroidota,Euryarchaeota,0
midas_g_5574.1,Methanosarcina.1,0.821954053222238,0.821954053222238,positive,0.01135960539099512,0.00017009146755720672,10,5,5,1,Actinobacteriota,Halobacterota,0
midas_g_5574.1,midas_g_15299.1,0.821954053222238,0.821954053222238,positive,0.01135960539099512,0.00017009146755720672,10,5,5,1,Actinobacteriota,Bacteroidota,0
Christensenellaceae_R-7_group.63,Lentimicrobium.1,-0.8219394233058879,0.8219394233058879,negative,0.01135960539099512,0.00017017595278984662,6,5,1,0,Firmicutes,Bacteroidota,0
Methanosarcina.1,Ca_Phosphitivorax.1,-0.8219394233058879,0.8219394233058879,negative,0.01135960539099512,0.00017017595278984662,5,5,1,0,Halobacterota,SAR324_cladeMarine_group_B,0
Christensenellaceae_R-7_group.2,Ca_Phosphitivorax.1,0.8219394233058879,0.8219394233058879,positive,0.01135960539099512,0.00017017595278984662,6,1,1,1,Firmicutes,SAR324_cladeMarine_group_B,0
Desulfuromonadaceae.1,midas_g_3595.1,0.8217105849296944,0.8217105849296944,positive,0.011436003838887846,0.0001715019460397533,5,5,5,1,Desulfobacterota,Firmicutes,0
Methanobacterium.2,Sedimentibacter.11,0.8216549659783499,0.8216549659783499,positive,0.011445467661542155,0.00017182550556731643,11,9,9,1,Euryarchaeota,Firmicutes,0
Alcaligenes.3,Pelotomaculum.4,0.8215954591820175,0.8215954591820175,positive,0.011456453383095777,0.00017217223718208179,6,2,6,0,Proteobacteria,Firmicutes,0
Reyranella.2,Devosia.9,0.8215189873417721,0.8215189873417721,positive,0.011474042665406527,0.00017261866326221772,4,4,4,1,Proteobacteria,Proteobacteria,1
Synergistaceae.2,Proteiniphilum.15,0.8214285714285715,0.8214285714285715,positive,0.011497081423600362,0.00017314771750716896,8,6,4,0,Synergistota,Bacteroidota,0
midas_g_76603.1,Bellilinea.1,0.8213423005076353,0.8213423005076353,positive,0.01151854519154293,0.0001736537584023516,4,1,1,1,Firmicutes,Chloroflexi,0
Christensenellaceae_R-7_group.63,Hyphomonas.1,0.8212467844635591,0.8212467844635591,positive,0.011519424982604635,0.00017421544432066235,6,5,5,1,Firmicutes,Proteobacteria,0
Petrimonas.2,midas_g_35108.1,0.8212467844635591,0.8212467844635591,positive,0.011519424982604635,0.00017421544432066235,6,1,1,1,Bacteroidota,Chloroflexi,0
Acinetobacter.2,midas_g_669.2,0.8212467844635591,0.8212467844635591,positive,0.011519424982604635,0.00017421544432066235,6,5,5,1,Proteobacteria,Firmicutes,0
Rhizobiaceae.1,Reyranella.2,0.8210091056099937,0.8210091056099937,positive,0.011600098033655342,0.00017561960078882783,5,4,4,1,Proteobacteria,Proteobacteria,1
Leucobacter.1,Fonticella.2,0.8209523809523808,0.8209523809523808,positive,0.011610153828073929,0.0001759560876283144,9,6,6,1,Actinobacteriota,Firmicutes,0
Aquamicrobium.1,Pseudolabrys.2,0.8207432288962923,0.8207432288962923,positive,0.011677059616880965,0.00017720134035484035,7,10,10,1,Proteobacteria,Proteobacteria,1
Petrimonas.1,Aminiphilus.1,-0.8207036138391905,0.8207036138391905,negative,0.011677059616880965,0.00017743801396830075,9,5,1,0,Bacteroidota,Synergistota,0
JGI-0000079-D21.1,Phenylobacterium.4,0.8206863451389366,0.8206863451389366,positive,0.011677059616880965,0.00017754126414396248,8,2,2,1,Synergistota,Proteobacteria,0
Thermovirga.2,midas_g_95534.1,-0.8206579235888696,0.8206579235888696,negative,0.011677059616880965,0.00017771130498919042,4,5,1,0,Synergistota,Firmicutes,0
midas_g_112760.1,midas_g_76603.1,0.8203846598845247,0.8203846598845247,positive,0.011758493961076094,0.00017935302346854662,7,1,1,1,Firmicutes,Firmicutes,1
Syntrophomonas.2,Desulfovibrio.3,0.8203538488263675,0.8203538488263675,positive,0.011758493961076094,0.00017953890901727766,5,4,4,1,Firmicutes,Desulfobacterota,0
Proteiniborus.5,Hungateiclostridiaceae.28,0.8203538488263675,0.8203538488263675,positive,0.011758493961076094,0.00017953890901727766,5,4,4,1,Firmicutes,Firmicutes,1
Camelimonas.2,Monoglobus.13,-0.8202978604704444,0.8202978604704444,negative,0.011758493961076094,0.00017987709596109896,4,5,1,0,Proteobacteria,Firmicutes,0
Parapusillimonas.1,Dysgonomonadaceae.1,0.820296776648266,0.820296776648266,positive,0.011758493961076094,0.00017988364773665144,4,4,4,1,Proteobacteria,Bacteroidota,0
Methanomethylophilaceae.1,midas_g_93469.1,0.8199999999999998,0.8199999999999998,positive,0.011863940784199103,0.0001816850677111774,8,5,5,1,Thermoplasmatota,Firmicutes,0
Christensenellaceae_R-7_group.3,Ercella.2,0.8198530910529588,0.8198530910529588,positive,0.01188557707600985,0.00018258226123682789,11,5,5,1,Firmicutes,Firmicutes,1
Oscillibacter.3,Christensenellaceae_R-7_group.2,-0.8198530910529588,0.8198530910529588,negative,0.01188557707600985,0.00018258226123682789,10,5,1,0,Firmicutes,Firmicutes,1
Methanobacterium.1,Actinomyces.4,-0.8198530910529587,0.8198530910529587,negative,0.01188557707600985,0.0001825822612368289,11,1,9,0,Euryarchaeota,Actinobacteriota,0
Acinetobacter.1,Lachnoclostridium.1,0.819733908833289,0.819733908833289,positive,0.011916735047969076,0.00018331279250172056,11,5,9,0,Proteobacteria,Firmicutes,0
Proteiniphilum.15,Clostridium_sensu_stricto_1.7,0.8196825662288477,0.8196825662288477,positive,0.011916735047969076,0.00018362823708347308,6,4,4,1,Bacteroidota,Firmicutes,0
midas_g_76603.1,midas_g_95534.1,0.8196825662288477,0.8196825662288477,positive,0.011916735047969076,0.00018362823708347308,6,1,1,1,Firmicutes,Firmicutes,1
Desulfuromonadaceae.1,Thermovirga.2,0.8193251341286675,0.8193251341286675,positive,0.012035262029376003,0.00018583663875619465,5,5,5,1,Desulfobacterota,Synergistota,0
Desulfuromonadaceae.1,midas_g_8129.1,0.8193251341286675,0.8193251341286675,positive,0.012035262029376003,0.00018583663875619465,5,5,5,1,Desulfobacterota,Chloroflexi,0
midas_g_114295.1,Petrimonas.2,-0.8191802279793874,0.8191802279793874,negative,0.012081228531786505,0.00018673813104960892,8,5,1,0,Armatimonadota,Bacteroidota,0
Azoarcus.2,midas_g_36376.1,0.8188605668036294,0.8188605668036294,positive,0.012198185937511192,0.00018873950692026235,8,5,5,1,Proteobacteria,Planctomycetota,0
Methanobacterium.4,Aquamicrobium.2,-0.8187825986752014,0.8187825986752014,negative,0.012212837435425212,0.00018923032025711578,9,1,5,0,Euryarchaeota,Proteobacteria,0
Rhizobiaceae.1,Desulfovibrio.3,0.8187029002571566,0.8187029002571566,positive,0.012212837435425212,0.00018973310780497706,5,4,4,1,Proteobacteria,Desulfobacterota,0
Alcaligenes.3,Proteiniclasticum.1,0.8187029002571566,0.8187029002571566,positive,0.012212837435425212,0.00018973310780497706,5,2,2,1,Proteobacteria,Firmicutes,0
midas_g_110683.3,Pseudolabrys.2,0.8187015790731672,0.8187015790731672,positive,0.012212837435425212,0.0001897414518881722,7,4,10,0,Firmicutes,Proteobacteria,0
Christensenellaceae_R-7_group.1,Proteiniphilum.2,0.8183830654105949,0.8183830654105949,positive,0.012317718887874913,0.00019176186607746358,10,1,1,1,Firmicutes,Bacteroidota,0
Oscillibacter.3,Christensenellaceae_R-7_group.25,0.8183830654105949,0.8183830654105949,positive,0.012317718887874913,0.00019176186607746358,10,5,5,1,Firmicutes,Firmicutes,1
Christensenellaceae_R-7_group.44,Aminiphilus.1,0.8180952380952379,0.8180952380952379,positive,0.01242330503939289,0.00019360277952016724,8,1,1,1,Firmicutes,Synergistota,0
Camelimonas.2,Comamonadaceae.3,0.8179401803675707,0.8179401803675707,positive,0.012433098459697067,0.0001946005061566754,12,5,5,1,Proteobacteria,Proteobacteria,1
Pelotomaculum.3,Syntrophomonas.3,-0.817910308485761,0.817910308485761,negative,0.012433098459697067,0.00019479320200139314,5,6,10,0,Firmicutes,Firmicutes,1
Acetobacterium.1,Proteiniphilum.14,-0.817910308485761,0.817910308485761,negative,0.012433098459697067,0.00019479320200139314,6,5,10,0,Firmicutes,Bacteroidota,0
Acetobacterium.1,Mesotoga.1,0.8178571428571428,0.8178571428571428,positive,0.012433098459697067,0.0001951365470631986,15,5,5,1,Firmicutes,Thermotogota,0
Acetobacterium.1,Desulfobulbus.1,0.8178571428571428,0.8178571428571428,positive,0.012433098459697067,0.0001951365470631986,15,5,5,1,Firmicutes,Desulfobacterota,0
Desulfovibrio.2,midas_g_3409.1,-0.8178571428571428,0.8178571428571428,negative,0.012433098459697067,0.0001951365470631986,15,9,1,0,Desulfobacterota,WS1,0
Methanobacterium.2,Pannonibacter.1,0.8178571428571428,0.8178571428571428,positive,0.012433098459697067,0.0001951365470631986,14,9,9,1,Euryarchaeota,Proteobacteria,0
Acinetobacter.1,Fermentimonas.2,0.8175313059033988,0.8175313059033988,positive,0.012555168671319443,0.00019725167398683229,13,5,5,1,Proteobacteria,Bacteroidota,0
midas_g_5574.2,Phenylobacterium.4,0.8174603174603176,0.8174603174603176,positive,0.012570682925557491,0.00019771497174812962,7,5,2,0,Actinobacteriota,Proteobacteria,0
midas_g_669.2,Camelimonas.2,0.8173718831052608,0.8173718831052608,positive,0.012570682925557491,0.00019829337651956942,11,5,5,1,Firmicutes,Proteobacteria,0
Monoglobus.2,Taibaiella.1,0.8173718831052608,0.8173718831052608,positive,0.012570682925557491,0.00019829337651956942,11,9,9,1,Firmicutes,Bacteroidota,0
Limnobacter.1,Camelimonas.2,0.8173718831052608,0.8173718831052608,positive,0.012570682925557491,0.00019829337651956942,11,5,5,1,Proteobacteria,Proteobacteria,1
Rhodococcus.4,Desulfovibrio.4,0.8172252705693471,0.8172252705693471,positive,0.012611978522716769,0.00019925535336388328,6,6,6,1,Actinobacteriota,Desulfobacterota,0
midas_g_114295.1,Aminivibrio.1,0.8172095503152255,0.8172095503152255,positive,0.012611978522716769,0.00019935872635827166,12,5,5,1,Armatimonadota,Synergistota,0
Acinetobacter.2,Pseudarcobacter.1,0.8171812063226505,0.8171812063226505,positive,0.012611978522716769,0.0001995452214928209,6,5,5,1,Proteobacteria,Campylobacterota,0
Devosia.1,Bacteria (unclassified).33,0.8169985501921302,0.8169985501921302,positive,0.01263745334630933,0.00020075048084006137,4,2,2,1,Proteobacteria,Bacteria (unclassified),0
midas_g_35108.1,Syntrophobotulaceae.7,0.8169985501921302,0.8169985501921302,positive,0.01263745334630933,0.00020075048084006137,4,1,1,1,Chloroflexi,Firmicutes,0
Syntrophomonas.2,midas_g_82137.3,0.8169985501921301,0.8169985501921301,positive,0.01263745334630933,0.00020075048084006156,4,4,4,1,Firmicutes,Firmicutes,1
Arenimonas.2,Lachnospiraceae.3,0.8169985501921301,0.8169985501921301,positive,0.01263745334630933,0.00020075048084006156,4,6,6,1,Proteobacteria,Firmicutes,0
Christensenellaceae_R-7_group.44,midas_g_3064.1,0.8169651367298574,0.8169651367298574,positive,0.012638747210121308,0.0002009716047948321,9,1,1,1,Firmicutes,Chloroflexi,0
Proteiniphilum.1,midas_g_76603.1,0.8169217288768313,0.8169217288768313,positive,0.012644212577618686,0.00020125916804760122,8,1,1,1,Bacteroidota,Firmicutes,0
Lachnoclostridium.1,Monoglobus.2,0.816546762589928,0.816546762589928,positive,0.012720583982491812,0.00020375727898795974,11,9,9,1,Firmicutes,Firmicutes,1
Phenylobacterium.4,Trichloromonas.1,0.8165108752105316,0.8165108752105316,positive,0.012720583982491812,0.0002039976962673858,4,2,2,1,Proteobacteria,Desulfobacterota,0
midas_g_76603.1,Pelolinea.3,0.8165108752105315,0.8165108752105315,positive,0.012720583982491812,0.00020399769626738666,4,1,1,1,Firmicutes,Chloroflexi,0
Comamonadaceae.6,Synergistaceae.2,0.8165108752105315,0.8165108752105315,positive,0.012720583982491812,0.00020399769626738666,4,6,6,1,Proteobacteria,Synergistota,0
midas_g_82137.2,Lachnoclostridium.2,0.8165108752105315,0.8165108752105315,positive,0.012720583982491812,0.00020399769626738666,4,4,4,1,Firmicutes,Firmicutes,1
midas_g_76603.1,Methanothrix.1,0.8165108752105315,0.8165108752105315,positive,0.012720583982491812,0.00020399769626738666,4,1,1,1,Firmicutes,Halobacterota,0
Christensenellaceae_R-7_group.63,Brevundimonas.3,0.8165068901629072,0.8165068901629072,positive,0.012720583982491812,0.00020402440730486412,6,5,5,1,Firmicutes,Proteobacteria,0
Hydrogenophaga.7,midas_g_4301.4,0.816496580927726,0.816496580927726,positive,0.012720583982491812,0.00020409352151160167,7,5,5,1,Proteobacteria,Firmicutes,0
Methanobacterium.1,midas_g_49937.1,0.8164670506801195,0.8164670506801195,positive,0.012720583982491812,0.00020429160171202772,5,1,1,1,Euryarchaeota,Chloroflexi,0
Dechlorobacter.1,Colidextribacter.1,0.8163966949043195,0.8163966949043195,positive,0.012724860908752744,0.00020476416290785034,5,6,4,0,Proteobacteria,Firmicutes,0
Syntrophomonas.22,Lutispora.3,0.8163966949043195,0.8163966949043195,positive,0.012724860908752744,0.00020476416290785034,5,4,4,1,Firmicutes,Firmicutes,1
Xanthobacter.1,midas_g_91392.2,0.816292718426783,0.816292718426783,positive,0.012755783506489884,0.00020546418667418724,5,10,1,0,Proteobacteria,Firmicutes,0
Terrisporobacter.1,Aquamicrobium.2,0.8162493412021764,0.8162493412021764,positive,0.012761377231691656,0.00020575680431965474,11,5,5,1,Firmicutes,Proteobacteria,0
Veillonellales-Selenomonadales.6,Rhizobiaceae.1,0.8161764705882353,0.8161764705882353,positive,0.01277933525145943,0.00020624915020049894,6,4,4,1,Firmicutes,Proteobacteria,0
Monoglobus.2,midas_g_669.3,-0.8160768962015005,0.8160768962015005,negative,0.012808522774222127,0.00020692348024499514,5,9,1,0,Firmicutes,Firmicutes,1
NK4A214_group.2,Methylobacter.1,0.8158017022208893,0.8158017022208893,positive,0.012848735347439392,0.0002087965372104276,3,10,10,1,Firmicutes,Proteobacteria,0
Paludibacter.3,Methanobacterium.37,0.8158017022208893,0.8158017022208893,positive,0.012848735347439392,0.0002087965372104276,3,10,10,1,Bacteroidota,Euryarchaeota,0
Paludibacter.3,Methanobacterium.55,0.8158017022208893,0.8158017022208893,positive,0.012848735347439392,0.0002087965372104276,3,10,10,1,Bacteroidota,Euryarchaeota,0
Paludibacter.3,midas_g_98374.1,0.8158017022208892,0.8158017022208892,positive,0.012848735347439392,0.00020879653721042846,3,10,10,1,Bacteroidota,Chloroflexi,0
Methanobacterium.20,Symbiobacterium.2,0.8158017022208892,0.8158017022208892,positive,0.012848735347439392,0.00020879653721042846,3,10,6,0,Euryarchaeota,Firmicutes,0
NK4A214_group.2,Proteiniphilum.17,0.8158017022208892,0.8158017022208892,positive,0.012848735347439392,0.00020879653721042846,3,10,10,1,Firmicutes,Bacteroidota,0
Desulfosporosinus.2,Desulfovibrio.3,0.8155564578975584,0.8155564578975584,positive,0.012939537104430953,0.0002104774420294177,5,4,4,1,Firmicutes,Desulfobacterota,0
midas_g_82137.2,Clostridium_sensu_stricto_1.7,0.8154355063002009,0.8154355063002009,positive,0.012978090790900863,0.00021131052070118205,6,4,4,1,Firmicutes,Firmicutes,1
Colidextribacter.1,Sphingopyxis.3,0.8153252810322159,0.8153252810322159,positive,0.013012180694823447,0.00021207207245348145,4,4,4,1,Firmicutes,Proteobacteria,0
Fermentimonas.2,midas_g_97954.1,0.8151756268748702,0.8151756268748702,positive,0.013052490369200942,0.00021310964087708153,11,5,5,1,Bacteroidota,Firmicutes,0
JGI-0000079-D21.1,Syntrophobacter.1,0.8151707804874657,0.8151707804874657,positive,0.013052490369200942,0.00021314331085009315,9,2,2,1,Synergistota,Desulfobacterota,0
Christensenellaceae_R-7_group.2,midas_g_30443.1,0.8146801235477049,0.8146801235477049,positive,0.01318131190905095,0.00021657476837885908,10,1,1,1,Firmicutes,Desulfobacterota,0
Hungateiclostridiaceae.28,midas_g_51070.2,0.8146310601774633,0.8146310601774633,positive,0.01318131190905095,0.00021692037403887716,3,4,6,0,Firmicutes,Firmicutes,1
Devosia.9,midas_g_82137.1,0.8146310601774633,0.8146310601774633,positive,0.01318131190905095,0.00021692037403887716,3,4,4,1,Proteobacteria,Firmicutes,0
Bacteria (unclassified).1,Ralstonia.1,0.8146310601774633,0.8146310601774633,positive,0.01318131190905095,0.00021692037403887716,3,4,4,1,Bacteria (unclassified),Proteobacteria,0
Christensenellaceae_R-7_group.38,Clostridium_sensu_stricto_7.2,0.8146310601774633,0.8146310601774633,positive,0.01318131190905095,0.00021692037403887716,3,4,4,1,Firmicutes,Firmicutes,1
Ralstonia.1,Reyranella.2,0.8146310601774632,0.8146310601774632,positive,0.01318131190905095,0.00021692037403887765,3,4,4,1,Proteobacteria,Proteobacteria,1
midas_g_84729.1,Desulfurispora.1,0.8146310601774632,0.8146310601774632,positive,0.01318131190905095,0.00021692037403887765,3,1,1,1,Chloroflexi,Firmicutes,0
Devosia.9,Desulfosporosinus.3,0.8146310601774632,0.8146310601774632,positive,0.01318131190905095,0.00021692037403887765,3,4,4,1,Proteobacteria,Firmicutes,0
Enterococcus.5,LNR_A2-18.1,-0.8143408344023066,0.8143408344023066,negative,0.013278691900476085,0.00021897400420327372,5,4,1,0,Firmicutes,Cloacimonadota,0
Geobacteraceae.1,LNR_A2-18.1,0.8142857142857142,0.8142857142857142,positive,0.013278691900476085,0.00021936582772710199,14,1,1,1,Desulfobacterota,Cloacimonadota,0
Desulfobulbus.1,Methanobacteriaceae.1,0.8142857142857142,0.8142857142857142,positive,0.013278691900476085,0.00021936582772710199,15,5,5,1,Desulfobacterota,Euryarchaeota,0
Geobacteraceae.1,LNR_A2-18.2,0.8142857142857142,0.8142857142857142,positive,0.013278691900476085,0.00021936582772710199,14,1,1,1,Desulfobacterota,Cloacimonadota,0
Veillonellales-Selenomonadales.6,Devosia.9,0.8140904895514824,0.8140904895514824,positive,0.013350151854480227,0.0002207582161482908,5,4,4,1,Firmicutes,Proteobacteria,0
midas_g_8129.1,Azoarcus.2,0.8140536610988733,0.8140536610988733,positive,0.013353270503053846,0.00022102169572928493,9,5,5,1,Chloroflexi,Proteobacteria,0
Methanobacterium.89,Methanobacterium.96,0.8139240506329113,0.8139240506329113,positive,0.013396571838995557,0.000221951010885063,4,4,4,1,Euryarchaeota,Euryarchaeota,1
Pelotomaculum.4,midas_g_9269.1,-0.8138811936656339,0.8138811936656339,negative,0.013402324147042293,0.0002222590017084965,6,6,1,0,Firmicutes,Bacteroidota,0
Rhodococcus.1,Gordonia.1,0.8136252979015621,0.8136252979015621,positive,0.01350073694085633,0.00022410529152467264,12,5,9,0,Actinobacteriota,Actinobacteriota,1
Methanobacterium.4,Brevundimonas.3,-0.8135883839127046,0.8135883839127046,negative,0.013503933941526087,0.0002243726606274449,8,1,5,0,Euryarchaeota,Proteobacteria,0
Hydrogenophaga.5,Clostridiaceae.1,0.8134920634920636,0.8134920634920636,positive,0.01352141230659072,0.00022507154365470855,8,6,4,0,Proteobacteria,Firmicutes,0
Acetobacterium.1,midas_g_49834.1,-0.8134892168199606,0.8134892168199606,negative,0.01352141230659072,0.0002250922256897462,7,5,10,0,Firmicutes,Firmicutes,1
Desulfovibrio.1,Ercella.2,0.8133721409747047,0.8133721409747047,positive,0.013556044355336454,0.00022594417171271203,11,5,5,1,Desulfobacterota,Firmicutes,0
Desulfovibrio.3,Veillonellales-Selenomonadales.2,0.8131642138702889,0.8131642138702889,positive,0.013556044355336454,0.00022746374515380247,4,4,10,0,Desulfobacterota,Firmicutes,0
Desulfuromonadaceae.1,Trichloromonas.1,0.8131642138702889,0.8131642138702889,positive,0.013556044355336454,0.00022746374515380247,4,5,2,0,Desulfobacterota,Desulfobacterota,1
Proteiniborus.5,midas_g_77185.2,0.8131577624331537,0.8131577624331537,positive,0.013556044355336454,0.00022751102719027635,5,4,4,1,Firmicutes,Cyanobacteria,0
Clostridium_sensu_stricto_1.7,Colidextribacter.6,0.8131577624331537,0.8131577624331537,positive,0.013556044355336454,0.00022751102719027635,5,4,4,1,Firmicutes,Firmicutes,1
Clostridium_sensu_stricto_1.7,Propionicicella.4,0.8131577624331537,0.8131577624331537,positive,0.013556044355336454,0.00022751102719027635,5,4,4,1,Firmicutes,Actinobacteriota,0
Phenylobacterium.4,midas_g_9269.1,-0.8131571126147261,0.8131571126147261,negative,0.013556044355336454,0.0002275157901009995,8,2,1,0,Proteobacteria,Bacteroidota,0
Romboutsia.1,midas_g_5574.2,0.813157112614726,0.813157112614726,positive,0.013556044355336454,0.0002275157901010005,8,5,5,1,Firmicutes,Actinobacteriota,0
Christensenellaceae_R-7_group.1,Petrimonas.4,0.8131156281817417,0.8131156281817417,positive,0.013556044355336454,0.00022782002368205962,6,1,1,1,Firmicutes,Bacteroidota,0
Christensenellaceae_R-7_group.1,Methanobacterium.5,0.8131156281817417,0.8131156281817417,positive,0.013556044355336454,0.00022782002368205962,6,1,1,1,Firmicutes,Euryarchaeota,0
Camelimonas.2,midas_g_84729.1,-0.8129971666878846,0.8129971666878846,negative,0.013569407368504793,0.00022869061836023886,2,5,1,0,Proteobacteria,Chloroflexi,0
Clostridium_sensu_stricto_13.1,midas_g_84729.1,-0.8129971666878846,0.8129971666878846,negative,0.013569407368504793,0.00022869061836023886,2,5,1,0,Firmicutes,Chloroflexi,0
midas_g_114295.1,midas_g_84729.1,-0.8129971666878846,0.8129971666878846,negative,0.013569407368504793,0.00022869061836023886,2,5,1,0,Armatimonadota,Chloroflexi,0
Desulfuromonadaceae.1,Fermentimonas.2,0.8129407824341583,0.8129407824341583,positive,0.013578107649743851,0.00022910595296396174,5,5,5,1,Desulfobacterota,Bacteroidota,0
midas_g_5574.2,midas_g_669.2,0.8129187787454175,0.8129187787454175,positive,0.013578107649743851,0.00022926820292835652,8,5,5,1,Actinobacteriota,Firmicutes,0
Camelimonas.2,Methanobacterium.5,-0.8127599951274231,0.8127599951274231,negative,0.013596499469159118,0.0002304418293246253,3,5,1,0,Proteobacteria,Euryarchaeota,0
Clostridium_sensu_stricto_13.1,midas_g_95534.1,-0.8127599951274231,0.8127599951274231,negative,0.013596499469159118,0.0002304418293246253,3,5,1,0,Firmicutes,Firmicutes,1
midas_g_114295.1,midas_g_95534.1,-0.8127599951274231,0.8127599951274231,negative,0.013596499469159118,0.0002304418293246253,3,5,1,0,Armatimonadota,Firmicutes,0
Lachnoclostridium.1,Methanobacterium.5,-0.8127599951274231,0.8127599951274231,negative,0.013596499469159118,0.0002304418293246253,3,9,1,0,Firmicutes,Euryarchaeota,0
EBM-39.1,midas_g_97954.1,0.8126455913513942,0.8126455913513942,positive,0.013631573001140835,0.00023129047628622017,11,5,5,1,Synergistota,Firmicutes,0
Acinetobacter.1,midas_g_35108.1,-0.8125924894504041,0.8125924894504041,negative,0.013631573001140835,0.00023168525540708153,4,5,1,0,Proteobacteria,Chloroflexi,0
Comamonadaceae.3,midas_g_95534.1,-0.8125924894504041,0.8125924894504041,negative,0.013631573001140835,0.00023168525540708153,4,5,1,0,Proteobacteria,Firmicutes,0
midas_g_112760.1,midas_g_554.2,0.8125002897945417,0.8125002897945417,positive,0.013659225788528243,0.00023237201328755953,5,1,1,1,Firmicutes,Firmicutes,1
Desulfobulbus.1,Desulfuromonadaceae.1,0.8122146181244939,0.8122146181244939,positive,0.013733682588531125,0.0002345104653768923,5,5,5,1,Desulfobacterota,Desulfobacterota,1
Christensenellaceae_R-7_group.2,midas_g_84729.1,0.8122146181244939,0.8122146181244939,positive,0.013733682588531125,0.0002345104653768923,5,1,1,1,Firmicutes,Chloroflexi,0
Dysgonomonas.1,midas_g_49937.1,-0.8122146181244939,0.8122146181244939,negative,0.013733682588531125,0.0002345104653768923,5,9,1,0,Bacteroidota,Chloroflexi,0
Methanosarcina.1,midas_g_84729.1,-0.8122146181244939,0.8122146181244939,negative,0.013733682588531125,0.0002345104653768923,4,5,1,0,Halobacterota,Chloroflexi,0
Proteiniphilum.14,Christensenellaceae_R-7_group.42,0.81182767329218,0.81182767329218,positive,0.013866158066631445,0.00023743270628583061,4,10,10,1,Bacteroidota,Firmicutes,0
Proteiniborus.5,midas_g_82137.3,0.81182767329218,0.81182767329218,positive,0.013866158066631445,0.00023743270628583061,4,4,4,1,Firmicutes,Firmicutes,1
Petrimonas.4,Cryptanaerobacter.1,0.81182767329218,0.81182767329218,positive,0.013866158066631445,0.00023743270628583061,4,1,1,1,Bacteroidota,Firmicutes,0
Alcaligenes.3,midas_g_9269.1,-0.8115523377322941,0.8115523377322941,negative,0.01396277023000782,0.0002395301777166733,7,2,1,0,Proteobacteria,Bacteroidota,0
midas_g_15299.1,Pseudolabrys.2,-0.8115523377322941,0.8115523377322941,negative,0.01396277023000782,0.0002395301777166733,7,5,10,0,Bacteroidota,Proteobacteria,0
Sulfurospirillum.1,midas_g_85764.2,-0.811482224919649,0.811482224919649,negative,0.013981112211974577,0.0002400667060233677,9,5,1,0,Campylobacterota,Firmicutes,0
Caproiciproducens.2,Christensenellaceae_R-7_group.93,0.8113924050632911,0.8113924050632911,positive,0.014008278561365817,0.00024075547786141463,4,6,6,1,Firmicutes,Firmicutes,1
midas_g_82137.2,Christensenellaceae_R-7_group.57,0.811324805812334,0.811324805812334,positive,0.014012624760935363,0.0002412749209003534,5,4,4,1,Firmicutes,Firmicutes,1
Bacteria (unclassified).1,Clostridiaceae.1,0.811324805812334,0.811324805812334,positive,0.014012624760935363,0.0002412749209003534,5,4,4,1,Bacteria (unclassified),Firmicutes,0
midas_g_2178.3,Clostridium_sensu_stricto_1.7,0.811188446371554,0.811188446371554,positive,0.014047746497173589,0.00024232552198602997,6,4,4,1,Chloroflexi,Firmicutes,0
XBB1006.1,Sporomusaceae.2,0.811188446371554,0.811188446371554,positive,0.014047746497173589,0.00024232552198602997,6,6,6,1,Firmicutes,Firmicutes,1
Aquamicrobium.2,midas_g_30443.1,-0.8110433069764191,0.8110433069764191,negative,0.014087944482202418,0.00024344788389031924,6,5,1,0,Proteobacteria,Desulfobacterota,0
Christensenellaceae_R-7_group.1,midas_g_49937.1,0.8109832926982363,0.8109832926982363,positive,0.014087944482202418,0.00024391321658810483,5,1,1,1,Firmicutes,Chloroflexi,0
Desulfuromonadaceae.1,midas_g_97954.1,0.8109832926982363,0.8109832926982363,positive,0.014087944482202418,0.00024391321658810483,5,5,5,1,Desulfobacterota,Firmicutes,0
midas_g_2604.3,Ca_Caldatribacterium.1,0.8109832926982363,0.8109832926982363,positive,0.014087944482202418,0.00024391321658810483,5,1,1,1,Firmicutes,Caldatribacteriota,0
Romboutsia.1,Aquamicrobium.2,0.810843716426003,0.810843716426003,positive,0.014137656432260528,0.00024499826743308627,11,5,5,1,Firmicutes,Proteobacteria,0
Desulfosporosinus.2,Christensenellaceae_R-7_group.38,0.8107590669687491,0.8107590669687491,positive,0.01414982520871378,0.0002456582470297533,5,4,4,1,Firmicutes,Firmicutes,1
midas_g_95534.1,midas_g_49937.1,0.8107590669687491,0.8107590669687491,positive,0.01414982520871378,0.0002456582470297533,5,1,1,1,Firmicutes,Chloroflexi,0
Terrisporobacter.1,Rhodococcus.1,0.8107142857142855,0.8107142857142855,positive,0.014157028971635248,0.0002460079779722061,14,5,5,1,Firmicutes,Actinobacteriota,0
Acinetobacter.2,Thauera.1,0.8106699876503417,0.8106699876503417,positive,0.014164025691791697,0.0002463543364681452,5,5,5,1,Proteobacteria,Proteobacteria,1
Methanobacterium.4,Ca_Phosphitivorax.1,0.8105761309157876,0.8105761309157876,positive,0.014186028359738225,0.0002470895050054345,6,1,1,1,Euryarchaeota,SAR324_cladeMarine_group_B,0
midas_g_82137.2,HN-HF0106.10,0.8105349797806667,0.8105349797806667,positive,0.014186028359738225,0.0002474124030747502,7,4,4,1,Firmicutes,Firmicutes,1
Proteiniphilum.15,Rhizobiaceae.1,0.8105349797806667,0.8105349797806667,positive,0.014186028359738225,0.0002474124030747502,7,4,4,1,Bacteroidota,Proteobacteria,0
Monoglobus.13,midas_g_92370.1,0.8103537854161659,0.8103537854161659,positive,0.014254814205916056,0.00024883828397669825,4,1,1,1,Firmicutes,Firmicutes,1
midas_g_112760.1,midas_g_49937.1,0.8103043430653674,0.8103043430653674,positive,0.014264202142319386,0.0002492285295123884,5,1,1,1,Firmicutes,Chloroflexi,0
Limnobacter.1,Comamonadaceae.2,0.810138503608754,0.810138503608754,positive,0.014284244695025566,0.00025054115276616713,11,5,5,1,Proteobacteria,Proteobacteria,1
Methanobacterium.4,midas_g_5574.2,-0.8101161375310063,0.8101161375310063,negative,0.014284244695025566,0.0002507186132853544,6,1,5,0,Euryarchaeota,Actinobacteriota,0
Mesotoga.1,Christensenellaceae_R-7_group.38,-0.8100884018466811,0.8100884018466811,negative,0.014284244695025566,0.00025093882117296635,5,5,4,0,Thermotogota,Firmicutes,0
Desulfuromonadaceae.1,EBM-39.1,0.8100884018466811,0.8100884018466811,positive,0.014284244695025566,0.00025093882117296635,5,5,5,1,Desulfobacterota,Synergistota,0
JGI-0000079-D21.1,Proteiniclasticum.1,0.8100884018466811,0.8100884018466811,positive,0.014284244695025566,0.00025093882117296635,5,2,2,1,Synergistota,Firmicutes,0
Mesotoga.1,Desulfovibrio.3,-0.8100884018466811,0.8100884018466811,negative,0.014284244695025566,0.00025093882117296635,5,5,4,0,Thermotogota,Desulfobacterota,0
Syntrophomonadaceae.1,midas_g_94288.1,-0.8096379471357408,0.8096379471357408,negative,0.014476013413362606,0.00025453744980489677,9,2,-1,0,Firmicutes,Firmicutes,1
Syner-01.9,Christensenellaceae_R-7_group.44,0.8094699639733125,0.8094699639733125,positive,0.014539825236004455,0.00025589021783617834,9,1,1,1,Synergistota,Firmicutes,0
midas_g_97954.1,midas_g_98017.1,0.8091200928634296,0.8091200928634296,positive,0.01468774788585902,0.000258726634609825,8,5,5,1,Firmicutes,Firmicutes,1
Christensenellaceae_R-7_group.63,midas_g_669.2,0.809050050040833,0.809050050040833,positive,0.014706909213492832,0.0002592975550860211,6,5,5,1,Firmicutes,Firmicutes,1
midas_g_2604.3,midas_g_84729.1,0.8088607594936709,0.8088607594936709,positive,0.014754871165210407,0.0002608456291942171,4,1,1,1,Firmicutes,Chloroflexi,0
Devosia.9,Christensenellaceae_R-7_group.57,0.8088607594936709,0.8088607594936709,positive,0.014754871165210407,0.0002608456291942171,4,4,4,1,Proteobacteria,Firmicutes,0
Syntrophomonas.22,Enterococcus.5,0.8088607594936709,0.8088607594936709,positive,0.014754871165210407,0.0002608456291942171,4,4,4,1,Firmicutes,Firmicutes,1
midas_g_95485.1,Proteiniborus.4,0.8085517239074823,0.8085517239074823,positive,0.014858739093595794,0.0002633892717101979,3,4,4,1,Firmicutes,Firmicutes,1
Ralstonia.1,Methanobacterium.96,0.8085517239074822,0.8085517239074822,positive,0.014858739093595794,0.00026338927171019937,3,4,4,1,Proteobacteria,Euryarchaeota,0
Methanobacterium.89,Ralstonia.1,0.8085517239074822,0.8085517239074822,positive,0.014858739093595794,0.00026338927171019937,3,4,4,1,Euryarchaeota,Proteobacteria,0
Hydrogenophaga.7,Lachnoclostridium.1,0.8085206286440793,0.8085206286440793,positive,0.014859937488745159,0.00026364633434501996,8,5,9,0,Proteobacteria,Firmicutes,0
Syner-01.9,midas_g_95534.1,0.808300790764285,0.808300790764285,positive,0.014949330221802773,0.00026546958641250043,6,1,1,1,Synergistota,Firmicutes,0
Propionicicella.1,Veillonellales-Selenomonadales.5,0.8081280591884582,0.8081280591884582,positive,0.015016989393228835,0.00026690938712692884,10,7,7,1,Actinobacteriota,Firmicutes,0
Petrimonas.1,Methanomethylophilaceae.1,0.8077936693518326,0.8077936693518326,positive,0.015135008672397138,0.00026971485573917814,9,5,5,1,Bacteroidota,Thermoplasmatota,0
Parapusillimonas.1,Rhizobiaceae.1,0.8077731092436974,0.8077731092436974,positive,0.015135008672397138,0.0002698881358373704,6,4,4,1,Proteobacteria,Proteobacteria,1
Comamonadaceae.6,midas_g_70329.2,0.8077067359248509,0.8077067359248509,positive,0.015135008672397138,0.0002704481506509534,4,6,6,1,Proteobacteria,Firmicutes,0
Comamonadaceae.6,Christensenellaceae_R-7_group.93,0.8077067359248509,0.8077067359248509,positive,0.015135008672397138,0.0002704481506509534,4,6,6,1,Proteobacteria,Firmicutes,0
Christensenellaceae.7,Christensenellaceae_R-7_group.42,0.8077067359248509,0.8077067359248509,positive,0.015135008672397138,0.0002704481506509534,4,4,10,0,Firmicutes,Firmicutes,1
Desulfuromonadaceae.1,midas_g_77817.1,0.8077067359248509,0.8077067359248509,positive,0.015135008672397138,0.0002704481506509534,4,5,2,0,Desulfobacterota,Firmicutes,0
Limnobacter.1,midas_g_93469.1,0.8076602946258727,0.8076602946258727,positive,0.015143519862241175,0.0002708405574117784,9,5,5,1,Proteobacteria,Firmicutes,0
midas_g_5574.1,Brevundimonas.3,0.8074074074074076,0.8074074074074076,positive,0.015236988785096502,0.00027298552107046537,9,5,5,1,Actinobacteriota,Proteobacteria,0
midas_g_5574.1,Petrimonas.1,0.8074061938731718,0.8074061938731718,positive,0.015236988785096502,0.00027299584756362,10,5,5,1,Actinobacteriota,Bacteroidota,0
Desulfosporosinus.1,Desulfosporosinus.2,0.8072828672191845,0.8072828672191845,positive,0.015282119404253482,0.0002740469566573529,6,4,4,1,Firmicutes,Firmicutes,1
midas_g_114295.1,Acinetobacter.1,0.8071778095732605,0.8071778095732605,positive,0.015308635979555186,0.00027494497028919746,12,5,5,1,Armatimonadota,Proteobacteria,0
Stenotrophomonas.1,Ruminiclostridium.13,0.8071704059064128,0.8071704059064128,positive,0.015308635979555186,0.00027500834622237074,7,4,4,1,Proteobacteria,Firmicutes,0
Christensenellaceae_R-7_group.63,midas_g_98017.1,0.8069413864429071,0.8069413864429071,positive,0.015384085730771676,0.0002769746834653601,5,5,5,1,Firmicutes,Firmicutes,1
Pelotomaculum.4,Synergistaceae.2,0.8069413864429071,0.8069413864429071,positive,0.015384085730771676,0.0002769746834653601,6,6,6,1,Firmicutes,Synergistota,0
Proteiniphilum.15,Christensenellaceae_R-7_group.42,0.806848024616324,0.806848024616324,positive,0.015384085730771676,0.00027777957278437773,4,4,10,0,Bacteroidota,Firmicutes,0
midas_g_76603.1,Cryptanaerobacter.1,0.806848024616324,0.806848024616324,positive,0.015384085730771676,0.00027777957278437773,4,1,1,1,Firmicutes,Firmicutes,1
Phenylobacterium.4,midas_g_77817.1,0.806848024616324,0.806848024616324,positive,0.015384085730771676,0.00027777957278437773,4,2,2,1,Proteobacteria,Firmicutes,0
midas_g_82137.2,Caproiciproducens.1,0.8068423483216581,0.8068423483216581,positive,0.015384085730771676,0.00027782857081947137,5,4,4,1,Firmicutes,Firmicutes,1
Petrimonas.4,Methanothrix.1,0.8066567963922298,0.8066567963922298,positive,0.015432308800150491,0.0002794341628998589,4,1,1,1,Bacteroidota,Halobacterota,0
Petrimonas.4,Pelolinea.3,0.8066567963922298,0.8066567963922298,positive,0.015432308800150491,0.0002794341628998589,4,1,1,1,Bacteroidota,Chloroflexi,0
midas_g_91392.1,Sphingopyxis.3,0.8066567963922298,0.8066567963922298,positive,0.015432308800150491,0.0002794341628998589,4,6,4,0,Firmicutes,Proteobacteria,0
Lentimicrobium.1,midas_g_36215.2,0.8064567930742356,0.8064567930742356,positive,0.015501184861875999,0.00028117329953858297,12,1,1,1,Bacteroidota,Bacteroidota,1
Gordonia.1,Methanobacterium.2,0.8064567930742356,0.8064567930742356,positive,0.015501184861875999,0.00028117329953858297,12,9,9,1,Actinobacteriota,Euryarchaeota,0
Thermovirga.2,midas_g_97954.1,0.806158197374042,0.806158197374042,positive,0.015556081851542577,0.00028378622603883425,11,5,5,1,Synergistota,Firmicutes,0
Comamonadaceae.18,Syntrophobotulaceae.7,0.8059727660495534,0.8059727660495534,positive,0.015556081851542577,0.000285418860093574,3,1,1,1,Proteobacteria,Firmicutes,0
Veillonellales-Selenomonadales.2,Methanobacterium.55,0.8059727660495534,0.8059727660495534,positive,0.015556081851542577,0.000285418860093574,3,10,10,1,Firmicutes,Euryarchaeota,0
midas_g_36215.3,midas_g_82137.3,0.8059727660495534,0.8059727660495534,positive,0.015556081851542577,0.000285418860093574,3,4,4,1,Bacteroidota,Firmicutes,0
Veillonellales-Selenomonadales.2,Methanobacterium.37,0.8059727660495534,0.8059727660495534,positive,0.015556081851542577,0.000285418860093574,3,10,10,1,Firmicutes,Euryarchaeota,0
Methanothrix.1,Family_XI.4,0.8059727660495534,0.8059727660495534,positive,0.015556081851542577,0.000285418860093574,3,1,1,1,Halobacterota,Firmicutes,0
Pelolinea.3,Family_XI.4,0.8059727660495534,0.8059727660495534,positive,0.015556081851542577,0.000285418860093574,3,1,1,1,Chloroflexi,Firmicutes,0
Anaerovorax.8,midas_g_9269.2,0.8059727660495533,0.8059727660495533,positive,0.015556081851542577,0.00028541886009357466,3,10,10,1,Firmicutes,Bacteroidota,0
Lachnospiraceae.3,midas_g_76594.1,0.8059727660495533,0.8059727660495533,positive,0.015556081851542577,0.00028541886009357466,3,6,6,1,Firmicutes,Firmicutes,1
Veillonellales-Selenomonadales.2,midas_g_98374.1,0.8059727660495533,0.8059727660495533,positive,0.015556081851542577,0.00028541886009357466,3,10,10,1,Firmicutes,Chloroflexi,0
Anaerovorax.8,midas_g_9269.3,0.8059727660495533,0.8059727660495533,positive,0.015556081851542577,0.00028541886009357466,3,10,10,1,Firmicutes,Bacteroidota,0
Methanobacterium.96,Syntrophomonas.2,0.8059616760399401,0.8059616760399401,positive,0.015556081851542577,0.0002855167453635304,5,4,4,1,Euryarchaeota,Firmicutes,0
Reyranella.2,Proteiniborus.5,0.8059616760399401,0.8059616760399401,positive,0.015556081851542577,0.0002855167453635304,5,4,4,1,Proteobacteria,Firmicutes,0
Methanobacterium.1,Ercella.1,0.8059493915679242,0.8059493915679242,positive,0.015556081851542577,0.0002856252055453512,9,1,1,1,Euryarchaeota,Firmicutes,0
Caproiciproducens.2,Methanoculleus.1,0.8059124496070185,0.8059124496070185,positive,0.015560407854518002,0.0002859515710085353,5,6,6,1,Firmicutes,Halobacterota,0
EBM-39.1,midas_g_95534.1,-0.8058229640253801,0.8058229640253801,negative,0.015590033338733364,0.00028674340050769624,6,5,1,0,Synergistota,Firmicutes,0
Anaerovorax.1,Monoglobus.13,0.8057417004692942,0.8057417004692942,positive,0.015615502708404325,0.0002874640294817149,7,1,1,1,Firmicutes,Firmicutes,1
Methanoculleus.1,Clostridiaceae.10,0.8057142857142855,0.8057142857142855,positive,0.015615502708404325,0.00028770747206108835,9,6,6,1,Halobacterota,Firmicutes,0
Christensenellaceae_R-7_group.4,midas_g_5574.2,0.8055555555555557,0.8055555555555557,positive,0.015678680985793156,0.0002891203114465301,7,5,5,1,Firmicutes,Actinobacteriota,0
EBM-39.1,midas_g_669.2,0.8054380916498297,0.8054380916498297,positive,0.015722046915631116,0.0002901694950785379,11,5,5,1,Synergistota,Firmicutes,0
Christensenellaceae_R-7_group.4,midas_g_97954.1,0.8053214069814416,0.8053214069814416,positive,0.01573808700791327,0.00029121480069868393,7,5,5,1,Firmicutes,Firmicutes,1
Aquamicrobium.2,midas_g_98017.1,0.8053214069814416,0.8053214069814416,positive,0.01573808700791327,0.00029121480069868393,8,5,5,1,Proteobacteria,Firmicutes,0
Oscillibacter.3,Syntrophomonas.1,0.8053214069814416,0.8053214069814416,positive,0.01573808700791327,0.00029121480069868393,8,5,5,1,Firmicutes,Firmicutes,1
Taibaiella.1,Monoglobus.13,-0.8052159981439275,0.8052159981439275,negative,0.015775732541337604,0.0002921617398632206,3,9,1,0,Bacteroidota,Firmicutes,0
Lachnoclostridium.1,midas_g_112760.1,-0.8051414945898516,0.8051414945898516,negative,0.015798416901059525,0.00029283256007296037,6,9,1,0,Firmicutes,Firmicutes,1
HN-HF0106.10,Methanobacterium.89,0.8048656681401343,0.8048656681401343,positive,0.015909056773353452,0.000295327043055741,5,4,4,1,Firmicutes,Euryarchaeota,0
Methanobacterium.4,Azoarcus.2,-0.804824027753081,0.804824027753081,negative,0.015909056773353452,0.00029570513053522716,7,1,5,0,Euryarchaeota,Proteobacteria,0
Christensenellaceae_R-7_group.44,Methanothrix.1,0.8047478161629564,0.8047478161629564,positive,0.015909056773353452,0.00029639814409364513,4,1,1,1,Firmicutes,Halobacterota,0
Christensenellaceae_R-7_group.44,Pelolinea.3,0.8047478161629564,0.8047478161629564,positive,0.015909056773353452,0.00029639814409364513,4,1,1,1,Firmicutes,Chloroflexi,0
Syntrophomonadaceae.1,Trichloromonas.1,0.8047478161629564,0.8047478161629564,positive,0.015909056773353452,0.00029639814409364513,4,2,2,1,Firmicutes,Desulfobacterota,0
Ercella.1,midas_g_92370.1,0.8047478161629564,0.8047478161629564,positive,0.015909056773353452,0.00029639814409364513,4,1,1,1,Firmicutes,Firmicutes,1
Monoglobus.2,midas_g_95534.1,-0.8046728309968021,0.8046728309968021,negative,0.015932154160806303,0.0002970813015988099,3,9,1,0,Firmicutes,Firmicutes,1
Ruminiclostridium.9,Caproiciproducens.2,0.8046011195763202,0.8046011195763202,positive,0.015953678643700946,0.00029773583782956666,5,6,6,1,Firmicutes,Firmicutes,1
Arenimonas.2,Anaerovorax.12,0.8045454545454545,0.8045454545454545,positive,0.015967368855301065,0.00029824472565920837,5,6,6,1,Proteobacteria,Firmicutes,0
midas_g_3064.1,Syntrophomonas.28,0.8043547114738764,0.8043547114738764,positive,0.01604738122134398,0.00029999389149622637,11,1,1,1,Chloroflexi,Firmicutes,0
Thermovirga.2,Aminivibrio.1,0.8042898653967124,0.8042898653967124,positive,0.016052039792492964,0.0003005904553772447,13,5,5,1,Synergistota,Synergistota,1
Thermovirga.2,Christensenellaceae_R-7_group.2,-0.8042898653967124,0.8042898653967124,negative,0.016052039792492964,0.0003005904553772447,12,5,1,0,Synergistota,Firmicutes,0
midas_g_91392.1,Desulfovibrio.4,0.8041147047313363,0.8041147047313363,positive,0.016124686699711475,0.00030220673171611474,6,6,6,1,Firmicutes,Desulfobacterota,0
Dehalobacterium.1,Methanobacterium.96,0.8037974683544302,0.8037974683544302,positive,0.016218742198516864,0.00030515209075027274,4,4,4,1,Firmicutes,Euryarchaeota,0
Methanosarcina.1,Syner-01.9,-0.8037692290359052,0.8037692290359052,negative,0.016218742198516864,0.0003054154106014137,9,5,1,0,Halobacterota,Synergistota,0
midas_g_112760.1,Bacteria (unclassified).39,0.803716502877844,0.803716502877844,positive,0.016218742198516864,0.00030590755742360186,5,1,1,1,Firmicutes,Bacteria (unclassified),0
Methanobacterium.1,midas_g_84729.1,0.8037097530132427,0.8037097530132427,positive,0.016218742198516864,0.00030597060757363385,5,1,1,1,Euryarchaeota,Chloroflexi,0
Desulfovibrio.2,midas_g_84729.1,-0.8037097530132427,0.8037097530132427,negative,0.016218742198516864,0.00030597060757363385,5,9,1,0,Desulfobacterota,Chloroflexi,0
Desulfovibrio.2,midas_g_49937.1,-0.8037097530132427,0.8037097530132427,negative,0.016218742198516864,0.00030597060757363385,5,9,1,0,Desulfobacterota,Chloroflexi,0
Christensenellaceae_R-7_group.51,midas_g_3064.1,0.8037035485422435,0.8037035485422435,positive,0.016218742198516864,0.0003060285726034937,10,1,1,1,Firmicutes,Chloroflexi,0
midas_g_97954.1,midas_g_30443.1,-0.8037035485422435,0.8037035485422435,negative,0.016218742198516864,0.0003060285726034937,6,5,1,0,Firmicutes,Desulfobacterota,0
Petrimonas.2,Christensenellaceae_R-7_group.2,0.8036362167244386,0.8036362167244386,positive,0.01622025916217472,0.000306658195288903,11,1,1,1,Bacteroidota,Firmicutes,0
Hydrogenophaga.1,Pannonibacter.1,-0.8036362167244386,0.8036362167244386,negative,0.01622025916217472,0.000306658195288903,10,-1,9,0,Proteobacteria,Proteobacteria,1
Methanosarcina.1,Christensenellaceae_R-7_group.2,-0.8035714285714284,0.8035714285714284,negative,0.01622025916217472,0.00030726503181250937,13,5,1,0,Halobacterota,Firmicutes,0
Thiobacillus.1,Geobacteraceae.1,0.8035714285714284,0.8035714285714284,positive,0.01622025916217472,0.00030726503181250937,14,1,1,1,Proteobacteria,Desulfobacterota,0
midas_g_35108.1,Pseudoxanthomonas.2,0.8035629805755354,0.8035629805755354,positive,0.01622025916217472,0.0003073442320696451,5,1,1,1,Chloroflexi,Proteobacteria,0
EBM-39.1,Camelimonas.2,0.8028725406605725,0.8028725406605725,positive,0.016550999700944945,0.00031387381601912607,12,5,5,1,Synergistota,Proteobacteria,0
midas_g_2178.3,Proteiniborus.5,0.8026943265142603,0.8026943265142603,positive,0.01661303301691284,0.0003155774989882345,6,4,4,1,Chloroflexi,Firmicutes,0
Pelotomaculum.4,Oscillibacter.4,0.8026943265142602,0.8026943265142602,positive,0.01661303301691284,0.00031557749898823543,6,6,6,1,Firmicutes,Firmicutes,1
Fermentimonas.2,Anaerostignum.2,0.8025801734609505,0.8025801734609505,positive,0.016642882494369075,0.00031667274114876887,8,5,5,1,Bacteroidota,Firmicutes,0
Acinetobacter.1,Hydrogenophaga.7,0.8025801734609505,0.8025801734609505,positive,0.016642882494369075,0.00031667274114876887,8,5,5,1,Proteobacteria,Proteobacteria,1
Taibaiella.1,midas_g_49937.1,-0.8024014589130698,0.8024014589130698,negative,0.016719381709345442,0.00031839365936481626,1,9,1,0,Bacteroidota,Chloroflexi,0
Ruminiclostridium.9,Christensenellaceae_R-7_group.93,0.8023598908309824,0.8023598908309824,positive,0.016726519590971788,0.00031879503013230575,5,6,6,1,Firmicutes,Firmicutes,1
Thiobacillus.1,Desulfosporosinus.1,-0.8022608360001077,0.8022608360001077,negative,0.01676283256037326,0.00031975314592897863,9,1,4,0,Proteobacteria,Firmicutes,0
Ercella.6,Methanobacterium.6,0.8021604481360455,0.8021604481360455,positive,0.016799886301969394,0.00032072655634095883,7,10,10,1,Firmicutes,Euryarchaeota,0
Azoarcus.2,midas_g_669.2,0.8020773893634818,0.8020773893634818,positive,0.016828179987603328,0.00032153376559295404,9,5,5,1,Proteobacteria,Firmicutes,0
Christensenellaceae_R-7_group.63,Thauera.1,0.8019296104250011,0.8019296104250011,positive,0.016888209968650016,0.00032297406611427455,5,5,5,1,Firmicutes,Proteobacteria,0
Methanoculleus.1,Fonticella.2,0.8019047619047617,0.8019047619047617,positive,0.016888209968650016,0.0003232167648806919,9,6,6,1,Halobacterota,Firmicutes,0
Methanobacterium.1,Monoglobus.13,0.8018679422939612,0.8018679422939612,positive,0.016893007220964585,0.0003235766609912758,7,1,1,1,Euryarchaeota,Firmicutes,0
Mesotoga.1,Proteiniborus.5,-0.8017938492052533,0.8017938492052533,negative,0.016916853334179745,0.00032430188256084573,6,5,4,0,Thermotogota,Firmicutes,0
Hydrogenophaga.5,midas_g_82137.2,0.8015873015873016,0.8015873015873016,positive,0.017004436682690735,0.0003263305844707412,8,6,4,0,Proteobacteria,Firmicutes,0
Desulfosporosinus.2,Lachnoclostridium.2,0.8014859194922797,0.8014859194922797,positive,0.017004436682690735,0.00032733014403313326,4,4,4,1,Firmicutes,Firmicutes,1
Arenimonas.2,Ruminiclostridium.10,0.8014859194922797,0.8014859194922797,positive,0.017004436682690735,0.00032733014403313326,4,6,6,1,Proteobacteria,Firmicutes,0
Methanobacterium.5,Syntrophobotulaceae.7,0.8014859194922797,0.8014859194922797,positive,0.017004436682690735,0.00032733014403313326,4,1,1,1,Euryarchaeota,Firmicutes,0
Arenimonas.2,Proteiniphilum.5,0.8014859194922797,0.8014859194922797,positive,0.017004436682690735,0.00032733014403313326,4,6,6,1,Proteobacteria,Bacteroidota,0
Dechlorobacter.1,midas_g_70329.2,0.8012658227848102,0.8012658227848102,positive,0.017101297148979164,0.0003295087664129616,4,6,6,1,Proteobacteria,Firmicutes,0
Clostridiaceae.1,Christensenellaceae_R-7_group.61,0.8012427883475114,0.8012427883475114,positive,0.017101297148979164,0.00032973745574014796,8,4,4,1,Firmicutes,Firmicutes,1
midas_g_114295.1,Anaerostignum.2,0.800964361086658,0.800964361086658,positive,0.01723101247745752,0.00033251200007281467,8,5,5,1,Armatimonadota,Firmicutes,0
Petrimonas.2,midas_g_95534.1,0.8009188937590156,0.8009188937590156,positive,0.017240407328262614,0.0003329668917779478,6,1,1,1,Bacteroidota,Firmicutes,0
Lachnoclostridium.1,Petrimonas.4,-0.8006292489314916,0.8006292489314916,negative,0.017376792786501834,0.0003358766879417151,3,9,1,0,Firmicutes,Bacteroidota,0
Syntrophomonadaceae.1,midas_g_9269.1,-0.8004165582161994,0.8004165582161994,negative,0.0174623685542147,0.0003380266029639855,9,2,1,0,Firmicutes,Bacteroidota,0
Alcaligenes.3,midas_g_77817.1,0.8004107941840657,0.8004107941840657,positive,0.0174623685542147,0.000338085022949534,4,2,2,1,Proteobacteria,Firmicutes,0
Veillonellales-Selenomonadales.6,midas_g_2178.3,0.8003267306650413,0.8003267306650413,positive,0.01749208603866246,0.0003389379670106145,7,4,4,1,Firmicutes,Chloroflexi,0
Rhizobiaceae.1,Christensenellaceae_R-7_group.38,0.8002532574344602,0.8002532574344602,positive,0.017516288133092837,0.000339684896985423,5,4,4,1,Proteobacteria,Firmicutes,0
Desulfuromonadaceae.1,midas_g_114295.1,0.8001940617006739,0.8001940617006739,positive,0.017520545295622306,0.0003402876597121633,5,5,5,1,Desulfobacterota,Armatimonadota,0
midas_g_21833.1,Desulfovibrio.4,0.8001600480160054,0.8001600480160054,positive,0.017520545295622306,0.00034063440052807287,7,2,6,0,Actinobacteriota,Desulfobacterota,0
midas_g_2178.3,midas_g_95485.1,0.8001186620856444,0.8001186620856444,positive,0.017520545295622306,0.00034105668450034796,5,4,4,1,Chloroflexi,Firmicutes,0
Christensenellaceae_R-7_group.44,Bellilinea.1,0.800014005479645,0.800014005479645,positive,0.017520545295622306,0.00034212646395546584,4,1,1,1,Firmicutes,Chloroflexi,0
Christensenellaceae_R-7_group.44,Cryptanaerobacter.1,0.8000140054796449,0.8000140054796449,positive,0.017520545295622306,0.00034212646395546763,4,1,1,1,Firmicutes,Firmicutes,1
Syntrophomonadaceae.1,midas_g_77817.1,0.8000140054796449,0.8000140054796449,positive,0.017520545295622306,0.00034212646395546763,4,2,2,1,Firmicutes,Firmicutes,1
Fermentimonas.2,Camelimonas.2,0.8000028957103871,0.8000028957103871,positive,0.017520545295622306,0.0003422401866600343,12,5,5,1,Bacteroidota,Proteobacteria,0
midas_g_91392.1,Brevundimonas.5,0.7999999999999999,0.7999999999999999,positive,0.017520545295622306,0.0003422698330356914,5,6,6,1,Firmicutes,Proteobacteria,0
midas_g_15299.1,Sulfurospirillum.1,0.7999999999999999,0.7999999999999999,positive,0.017520545295622306,0.0003422698330356914,15,5,5,1,Bacteroidota,Campylobacterota,0
Alcaligenes.3,Rhodococcus.4,0.799744516118666,0.799744516118666,positive,0.01761194109430612,0.0003448937586944752,6,2,6,0,Proteobacteria,Actinobacteriota,0
Rhodococcus.4,Parapusillimonas.1,0.799744516118666,0.799744516118666,positive,0.01761194109430612,0.0003448937586944752,6,6,4,0,Actinobacteriota,Proteobacteria,0
Sphaerochaeta.7,Proteiniphilum.14,0.7997445161186659,0.7997445161186659,positive,0.01761194109430612,0.00034489375869447663,6,10,10,1,Spirochaetota,Bacteroidota,0
Bacteria (unclassified).35,Thermobrachium.2,0.7994201419353293,0.7994201419353293,positive,0.01765450901195706,0.000348248876469715,3,6,6,1,Bacteria (unclassified),Firmicutes,0
Christensenellaceae_R-7_group.42,Clostridium_sensu_stricto_7.2,0.7994201419353293,0.7994201419353293,positive,0.01765450901195706,0.000348248876469715,3,10,4,0,Firmicutes,Firmicutes,1
Anaerovorax.8,Erysipelothrix.3,0.7994201419353293,0.7994201419353293,positive,0.01765450901195706,0.000348248876469715,3,10,10,1,Firmicutes,Firmicutes,1
Methanobacterium.20,midas_g_110557.1,0.7994201419353293,0.7994201419353293,positive,0.01765450901195706,0.000348248876469715,3,10,10,1,Euryarchaeota,Firmicutes,0
Lachnoclostridium.9,Anaerovorax.14,0.7994201419353293,0.7994201419353293,positive,0.01765450901195706,0.000348248876469715,3,5,2,0,Firmicutes,Firmicutes,1
Comamonadaceae.6,Bacteria (unclassified).35,0.7994201419353293,0.7994201419353293,positive,0.01765450901195706,0.000348248876469715,3,6,6,1,Proteobacteria,Bacteria (unclassified),0
midas_g_44684.1,midas_g_110557.1,0.7994201419353293,0.7994201419353293,positive,0.01765450901195706,0.000348248876469715,3,10,10,1,Chloroflexi,Firmicutes,0
midas_g_36215.9,midas_g_82137.3,0.7994201419353293,0.7994201419353293,positive,0.01765450901195706,0.000348248876469715,3,4,4,1,Bacteroidota,Firmicutes,0
Veillonellales-Selenomonadales.2,Methanobacterium.34,0.7994201419353293,0.7994201419353293,positive,0.01765450901195706,0.000348248876469715,3,10,10,1,Firmicutes,Euryarchaeota,0
Stenotrophomonas.1,Bradyrhizobium.2,0.7993527748564716,0.7993527748564716,positive,0.01767578215113566,0.00034894901126753994,7,4,4,1,Proteobacteria,Proteobacteria,1
Hyphomonas.1,midas_g_97954.1,0.7990909090909092,0.7990909090909092,positive,0.01779988454387288,0.0003516814716907629,10,5,5,1,Proteobacteria,Firmicutes,0
Sphingopyxis.1,Proteiniphilum.2,-0.799027517981381,0.799027517981381,negative,0.01781918351198891,0.000352345552669854,8,9,1,0,Proteobacteria,Bacteroidota,0
Devosia.9,Caproiciproducens.1,0.7987341772151898,0.7987341772151898,positive,0.01794646418708699,0.000355431924738702,4,4,4,1,Proteobacteria,Firmicutes,0
Methanobacterium.89,midas_g_77185.2,0.7987341772151898,0.7987341772151898,positive,0.01794646418708699,0.000355431924738702,4,4,4,1,Euryarchaeota,Cyanobacteria,0
Methanomassiliicoccus.2,NK4A214_group.4,0.7984472665856133,0.7984472665856133,positive,0.018085470684297462,0.0003584719726519112,6,2,2,1,Thermoplasmatota,Firmicutes,0
Veillonellales-Selenomonadales.6,Lutispora.3,0.7983193277310924,0.7983193277310924,positive,0.01812909940141646,0.0003598344174581133,7,4,4,1,Firmicutes,Firmicutes,1
Hydrogenophaga.5,Parapusillimonas.1,0.7982850808419162,0.7982850808419162,positive,0.01812909940141646,0.0003601998357598837,7,6,4,0,Proteobacteria,Proteobacteria,1
Anaerostignum.2,Alcaligenes.3,0.7982850808419161,0.7982850808419161,positive,0.01812909940141646,0.00036019983575988514,7,5,2,0,Firmicutes,Proteobacteria,0
midas_g_36376.1,midas_g_97954.1,0.7981987297166115,0.7981987297166115,positive,0.018161035025148053,0.00036112255826499686,9,5,5,1,Planctomycetota,Firmicutes,0
Pelotomaculum.2,midas_g_49834.1,0.7981596478959655,0.7981596478959655,positive,0.018167569817746993,0.0003615408092083462,7,10,10,1,Firmicutes,Firmicutes,1
Hydrogenophaga.7,Romboutsia.1,0.7980986475663053,0.7980986475663053,positive,0.018185911761766083,0.0003621944212558548,8,5,5,1,Proteobacteria,Firmicutes,0
Methanobacterium.4,midas_g_91392.2,0.798043961813637,0.798043961813637,positive,0.018200871118863923,0.0003627811934695954,5,1,1,1,Euryarchaeota,Firmicutes,0
midas_g_98017.1,Pseudomonas.2,0.7978774333403064,0.7978774333403064,positive,0.018276206098505856,0.00036457281026155877,5,5,6,0,Firmicutes,Proteobacteria,0
midas_g_15299.1,Syntrophomonas.3,-0.7977647343851264,0.7977647343851264,negative,0.018279026710976688,0.0003657893909693339,6,5,10,0,Bacteroidota,Firmicutes,0
Mesotoga.1,Syntrophomonas.3,-0.7977647343851264,0.7977647343851264,negative,0.018279026710976688,0.0003657893909693339,6,5,10,0,Thermotogota,Firmicutes,0
Acinetobacter.2,EBM-39.1,0.7977647343851264,0.7977647343851264,positive,0.018279026710976688,0.0003657893909693339,6,5,5,1,Proteobacteria,Synergistota,0
Methanobacterium.1,midas_g_35108.1,0.7977647343851264,0.7977647343851264,positive,0.018279026710976688,0.0003657893909693339,6,1,1,1,Euryarchaeota,Chloroflexi,0
Clostridium_sensu_stricto_13.1,midas_g_93469.1,0.7977378946396001,0.7977378946396001,positive,0.018279033875042778,0.00036607961326536937,9,5,5,1,Firmicutes,Firmicutes,1
Oscillibacter.4,midas_g_2178.3,0.7976190476190478,0.7976190476190478,positive,0.018314290526949842,0.00036736698552805087,8,6,4,0,Firmicutes,Chloroflexi,0
Hydrogenophaga.5,Proteiniphilum.15,0.7976190476190478,0.7976190476190478,positive,0.018314290526949842,0.00036736698552805087,8,6,4,0,Proteobacteria,Bacteroidota,0
Lachnoclostridium.1,Actinomyces.4,0.7974800894898673,0.7974800894898673,positive,0.018360512198546685,0.00036887689153775516,10,9,9,1,Firmicutes,Actinobacteriota,0
Monoglobus.2,Actinomyces.4,0.7974800894898673,0.7974800894898673,positive,0.018360512198546685,0.00036887689153775516,11,9,9,1,Firmicutes,Actinobacteriota,0
Christensenellaceae_R-7_group.44,Monoglobus.13,0.7971594478359454,0.7971594478359454,positive,0.018515840837999783,0.00037238030140936986,6,1,1,1,Firmicutes,Firmicutes,1
Methanobacterium.4,midas_g_669.2,-0.7971407678732138,0.7971407678732138,negative,0.018515840837999783,0.0003725852379246473,9,1,5,0,Euryarchaeota,Firmicutes,0
Proteiniphilum.15,Leucobacter.1,0.7970561861437325,0.7970561861437325,positive,0.0185473853852201,0.0003735143310033374,8,4,6,0,Bacteroidota,Actinobacteriota,0
Christensenellaceae_R-7_group.63,Aquamicrobium.2,0.7968533156181069,0.7968533156181069,positive,0.018643733254727565,0.00037575048772501364,6,5,5,1,Firmicutes,Proteobacteria,0
Methanobacterium.96,Lachnoclostridium.2,0.7967917800339744,0.7967917800339744,positive,0.018662799628731234,0.00037643092532004636,4,4,4,1,Euryarchaeota,Firmicutes,0
Aminivibrio.1,midas_g_93469.1,0.7967280026483827,0.7967280026483827,positive,0.018668440193670116,0.00037713721342149455,9,5,5,1,Synergistota,Firmicutes,0
EBM-39.1,midas_g_93469.1,0.7967280026483827,0.7967280026483827,positive,0.018668440193670116,0.00037713721342149455,9,5,5,1,Synergistota,Firmicutes,0
Monoglobus.2,Methanobacterium.5,-0.7965856668661809,0.7965856668661809,negative,0.01870755542557844,0.00037871738147436494,3,9,1,0,Firmicutes,Euryarchaeota,0
Romboutsia.1,midas_g_36376.1,0.7964952993613722,0.7964952993613722,positive,0.01870755542557844,0.00037972341637872045,10,5,5,1,Firmicutes,Planctomycetota,0
Oscillibacter.3,Methanomethylophilaceae.1,0.796494484101091,0.796494484101091,positive,0.01870755542557844,0.00037973250235384985,9,5,5,1,Firmicutes,Thermoplasmatota,0
Achromobacter.1,Stenotrophomonas.3,0.7964287170228741,0.7964287170228741,positive,0.01870755542557844,0.00038046605332644296,11,0,0,1,Proteobacteria,Proteobacteria,1
Thermovirga.2,Camelimonas.2,0.7964154387789504,0.7964154387789504,positive,0.01870755542557844,0.00038061429611634557,12,5,5,1,Synergistota,Proteobacteria,0
Reyranella.2,Clostridium_sensu_stricto_1.7,0.7963668941823216,0.7963668941823216,positive,0.01870755542557844,0.000381156665806954,5,4,4,1,Proteobacteria,Firmicutes,0
midas_g_70329.2,Dehalobacter.2,0.7963668941823216,0.7963668941823216,positive,0.01870755542557844,0.000381156665806954,5,6,6,1,Firmicutes,Firmicutes,1
midas_g_669.2,Christensenellaceae_R-7_group.25,0.7963637901080677,0.7963637901080677,positive,0.01870755542557844,0.0003811913678621721,10,5,5,1,Firmicutes,Firmicutes,1
midas_g_98124.1,Ercella.2,-0.7963637901080677,0.7963637901080677,negative,0.01870755542557844,0.0003811913678621721,6,4,5,0,Firmicutes,Firmicutes,1
Limnobacter.1,Aquamicrobium.2,0.7963636363636366,0.7963636363636366,positive,0.01870755542557844,0.00038119308671791534,11,5,5,1,Proteobacteria,Proteobacteria,1
Petrimonas.2,Taibaiella.1,-0.7963636363636366,0.7963636363636366,negative,0.01870755542557844,0.00038119308671791534,7,1,9,0,Bacteroidota,Bacteroidota,1
Proteiniborus.5,Lachnoclostridium.2,0.7963150425923295,0.7963150425923295,positive,0.018715381159486625,0.0003817366800651887,4,4,4,1,Firmicutes,Firmicutes,1
midas_g_5574.1,midas_g_36376.1,0.7962962962962965,0.7962962962962965,positive,0.018715381159486625,0.00038194655427523723,9,5,5,1,Actinobacteriota,Planctomycetota,0
Christensenellaceae_R-7_group.1,Monoglobus.2,-0.7956717446157405,0.7956717446157405,negative,0.018991839537005666,0.0003889927736308906,8,1,9,0,Firmicutes,Firmicutes,1
Alcaligenes.3,Shinella.1,0.7956408467287861,0.7956408467287861,positive,0.018991839537005666,0.0003893441006063163,5,2,6,0,Proteobacteria,Proteobacteria,1
Colidextribacter.1,Enterococcus.5,0.7956408467287861,0.7956408467287861,positive,0.018991839537005666,0.0003893441006063163,5,4,4,1,Firmicutes,Firmicutes,1
Proteiniphilum.15,Christensenellaceae.7,0.7956362045949684,0.7956362045949684,positive,0.018991839537005666,0.00038939690674788654,5,4,4,1,Bacteroidota,Firmicutes,0
midas_g_51070.3,Propionibacteriaceae.3,0.7956362045949684,0.7956362045949684,positive,0.018991839537005666,0.00038939690674788654,5,10,10,1,Firmicutes,Actinobacteriota,0
Proteiniphilum.15,Christensenellaceae_R-7_group.38,0.7956362045949684,0.7956362045949684,positive,0.018991839537005666,0.00038939690674788654,5,4,4,1,Bacteroidota,Firmicutes,0
Anaerovorax.12,Brevundimonas.5,0.7954545454545454,0.7954545454545454,positive,0.019071824161586145,0.0003914679486949002,5,6,6,1,Firmicutes,Proteobacteria,0
Alcaligenes.3,Trichloromonas.1,0.7954392985680155,0.7954392985680155,positive,0.019071824161586145,0.00039164218213559636,4,2,2,1,Proteobacteria,Desulfobacterota,0
Pelotomaculum.4,Desulfovibrio.4,0.7953743275059958,0.7953743275059958,positive,0.019078526442773674,0.0003923853472218028,6,6,6,1,Firmicutes,Desulfobacterota,0
Bradyrhizobium.2,Phenylobacterium.1,0.7953743275059958,0.7953743275059958,positive,0.019078526442773674,0.0003923853472218028,6,4,4,1,Proteobacteria,Proteobacteria,1
midas_g_15299.1,Desulfovibrio.3,-0.7952048879019914,0.7952048879019914,negative,0.019114030938752302,0.00039432888279395046,5,5,4,0,Bacteroidota,Desulfobacterota,0
Dysgonomonas.1,midas_g_84729.1,-0.7952048879019914,0.7952048879019914,negative,0.019114030938752302,0.00039432888279395046,5,9,1,0,Bacteroidota,Chloroflexi,0
Methanosarcina.1,midas_g_49937.1,-0.7952048879019914,0.7952048879019914,negative,0.019114030938752302,0.00039432888279395046,4,5,1,0,Halobacterota,Chloroflexi,0
Christensenellaceae_R-7_group.2,midas_g_49937.1,0.7952048879019914,0.7952048879019914,positive,0.019114030938752302,0.00039432888279395046,5,1,1,1,Firmicutes,Chloroflexi,0
Petrimonas.1,Petrimonas.2,-0.794626842097483,0.794626842097483,negative,0.019423351519531337,0.0004010185090124459,11,5,1,0,Bacteroidota,Bacteroidota,1
Syner-01.9,Taibaiella.1,-0.7945288504995237,0.7945288504995237,negative,0.0194637602586244,0.00040216167608355237,6,1,9,0,Synergistota,Bacteroidota,0
Christensenellaceae_R-7_group.51,midas_g_85764.2,0.7944449994448055,0.7944449994448055,positive,0.019496231298930168,0.0004031419903911196,9,1,1,1,Firmicutes,Firmicutes,1
Petrimonas.1,midas_g_76603.1,-0.7943340313042001,0.7943340313042001,negative,0.01949925715077329,0.00040444233180024573,8,5,1,0,Bacteroidota,Firmicutes,0
EBM-39.1,Anaerostignum.2,0.7943340313042001,0.7943340313042001,positive,0.01949925715077329,0.00040444233180024573,8,5,5,1,Synergistota,Firmicutes,0
EBM-39.1,midas_g_5574.2,0.7943340313042001,0.7943340313042001,positive,0.01949925715077329,0.00040444233180024573,8,5,5,1,Synergistota,Actinobacteriota,0
Terrisporobacter.1,midas_g_5574.2,0.7943340313042001,0.7943340313042001,positive,0.01949925715077329,0.00040444233180024573,8,5,5,1,Firmicutes,Actinobacteriota,0
Synergistaceae.2,Dehalobacter.2,0.7942002066569664,0.7942002066569664,positive,0.019530254210088128,0.0004060150603868259,6,6,6,1,Synergistota,Firmicutes,0
Synergistaceae.2,Tissierella.5,0.7942002066569664,0.7942002066569664,positive,0.019530254210088128,0.0004060150603868259,6,6,6,1,Synergistota,Firmicutes,0
midas_g_110683.3,Syntrophomonas.3,0.7942002066569664,0.7942002066569664,positive,0.019530254210088128,0.0004060150603868259,6,4,10,0,Firmicutes,Firmicutes,1
Rhodococcus.4,Dehalobacterium.1,0.7939681987179171,0.7939681987179171,positive,0.01964698078447207,0.00040875348031299205,5,6,4,0,Actinobacteriota,Firmicutes,0
Desulfuromonadaceae.1,Pseudarcobacter.1,0.7938196251279033,0.7938196251279033,positive,0.019704504214509578,0.0004105150164528655,5,5,5,1,Desulfobacterota,Campylobacterota,0
Acinetobacter.1,midas_g_112760.1,-0.7937484677381303,0.7937484677381303,negative,0.019704504214509578,0.0004113608724756621,7,5,1,0,Proteobacteria,Firmicutes,0
Devosia.1,JGI-0000079-D21.1,0.7937356195649995,0.7937356195649995,positive,0.019704504214509578,0.0004115137516471674,6,2,2,1,Proteobacteria,Synergistota,0
Romboutsia.1,Petrimonas.4,-0.7937356195649995,0.7937356195649995,negative,0.019704504214509578,0.0004115137516471674,6,5,1,0,Firmicutes,Bacteroidota,0
Romboutsia.1,Ca_Phosphitivorax.1,-0.7937356195649995,0.7937356195649995,negative,0.019704504214509578,0.0004115137516471674,6,5,1,0,Firmicutes,SAR324_cladeMarine_group_B,0
Christensenellaceae_R-7_group.4,midas_g_76603.1,-0.7936507936507937,0.7936507936507937,negative,0.019722915894040644,0.00041252425093384916,2,5,1,0,Firmicutes,Firmicutes,1
Anaerostignum.2,Phenylobacterium.4,0.7936507936507937,0.7936507936507937,positive,0.019722915894040644,0.00041252425093384916,7,5,2,0,Firmicutes,Proteobacteria,0
Proteiniphilum.15,midas_g_95485.1,0.7933949758496306,0.7933949758496306,positive,0.019743273054346193,0.00041558398033653745,5,4,4,1,Bacteroidota,Firmicutes,0
midas_g_82137.2,Colidextribacter.6,0.7933949758496306,0.7933949758496306,positive,0.019743273054346193,0.00041558398033653745,5,4,4,1,Firmicutes,Firmicutes,1
midas_g_82137.2,Propionicicella.4,0.7933949758496306,0.7933949758496306,positive,0.019743273054346193,0.00041558398033653745,5,4,4,1,Firmicutes,Actinobacteriota,0
Stappia.1,midas_g_36215.9,0.7933533832325296,0.7933533832325296,positive,0.019743273054346193,0.0004160831976413455,3,4,4,1,Proteobacteria,Bacteroidota,0
Reyranella.2,Desulfosporosinus.3,0.7933533832325296,0.7933533832325296,positive,0.019743273054346193,0.0004160831976413455,3,4,4,1,Proteobacteria,Firmicutes,0
Reyranella.2,midas_g_82137.1,0.7933533832325296,0.7933533832325296,positive,0.019743273054346193,0.0004160831976413455,3,4,4,1,Proteobacteria,Firmicutes,0
Hungateiclostridiaceae.28,midas_g_110651.1,0.7933533832325296,0.7933533832325296,positive,0.019743273054346193,0.0004160831976413455,3,4,10,0,Firmicutes,Firmicutes,1
Syntrophomonas.15,Christensenellaceae_R-7_group.19,0.7933533832325296,0.7933533832325296,positive,0.019743273054346193,0.0004160831976413455,3,6,6,1,Firmicutes,Firmicutes,1
Christensenellaceae_R-7_group.38,midas_g_36215.3,0.7933533832325296,0.7933533832325296,positive,0.019743273054346193,0.0004160831976413455,3,4,4,1,Firmicutes,Bacteroidota,0
midas_g_49937.1,Christensenellaceae_R-7_group.56,0.7933533832325296,0.7933533832325296,positive,0.019743273054346193,0.0004160831976413455,3,1,1,1,Chloroflexi,Firmicutes,0
Geobacteraceae.1,Ercella.1,0.7930394470805662,0.7930394470805662,positive,0.019907763284214668,0.0004198670377064092,9,1,1,1,Desulfobacterota,Firmicutes,0
Methanobacterium.4,Monoglobus.13,0.7928918022915601,0.7928918022915601,positive,0.019907763284214668,0.00042165626584263503,7,1,1,1,Euryarchaeota,Firmicutes,0
Paludibacter.3,midas_g_2424.1,0.7928675178211052,0.7928675178211052,positive,0.019907763284214668,0.000421951151153488,3,10,10,1,Bacteroidota,Firmicutes,0
midas_g_92370.1,Christensenellaceae_R-7_group.56,0.7928675178211052,0.7928675178211052,positive,0.019907763284214668,0.000421951151153488,3,1,1,1,Firmicutes,Firmicutes,1
Cryptanaerobacter.1,Soehngenia.5,0.7928675178211052,0.7928675178211052,positive,0.019907763284214668,0.000421951151153488,3,1,1,1,Firmicutes,Firmicutes,1
Dysgonomonadaceae.1,Anaerovorax.13,0.7928675178211052,0.7928675178211052,positive,0.019907763284214668,0.000421951151153488,3,4,4,1,Bacteroidota,Firmicutes,0
Syner-01.9,Christensenellaceae_R-7_group.2,0.7928583345241057,0.7928583345241057,positive,0.019907763284214668,0.00042206270737856616,10,1,1,1,Synergistota,Firmicutes,0
Syner-01.2,Ruminiclostridium.1,0.7928571428571427,0.7928571428571427,positive,0.019907763284214668,0.00042207718519235085,14,5,5,1,Synergistota,Firmicutes,0
midas_g_669.2,midas_g_30443.1,-0.7926939108909797,0.7926939108909797,negative,0.019956668270069523,0.0004240641573876137,6,5,1,0,Firmicutes,Desulfobacterota,0
Hyphomonas.1,Alcaligenaceae.1,0.7926939108909797,0.7926939108909797,positive,0.019956668270069523,0.0004240641573876137,10,5,5,1,Proteobacteria,Proteobacteria,1
Brevundimonas.3,midas_g_97954.1,0.7926939108909797,0.7926939108909797,positive,0.019956668270069523,0.0004240641573876137,9,5,5,1,Proteobacteria,Firmicutes,0
Sphingosinicella.1,Sedimentibacter.18,0.7923537487250129,0.7923537487250129,positive,0.020137645999726984,0.00042822937187980703,4,2,6,0,Proteobacteria,Firmicutes,0
Clostridium_sensu_stricto_13.1,midas_g_112760.1,-0.7921851946769115,0.7921851946769115,negative,0.020219654346373298,0.00043030561154487395,6,5,1,0,Firmicutes,Firmicutes,1
Colidextribacter.1,Proteiniphilum.15,0.7921601313725408,0.7921601313725408,positive,0.020219654346373298,0.00043061504003607084,7,4,4,1,Firmicutes,Bacteroidota,0
midas_g_114295.1,midas_g_669.2,0.7920550548674872,0.7920550548674872,positive,0.02026555942818395,0.00043191427797078494,11,5,5,1,Armatimonadota,Firmicutes,0
Acinetobacter.1,Dysgonomonas.1,0.7917786897127637,0.7917786897127637,positive,0.020411412265937224,0.0004353467179582256,13,5,9,0,Proteobacteria,Bacteroidota,0
Acinetobacter.1,Syner-01.9,-0.7917470850157193,0.7917470850157193,negative,0.020414692903027686,0.00043574066008461983,8,5,1,0,Proteobacteria,Synergistota,0
Comamonadaceae.3,midas_g_49937.1,-0.791659610119128,0.791659610119128,negative,0.020450642310269183,0.000436832522131944,3,5,1,0,Proteobacteria,Chloroflexi,0
midas_g_93128.1,Desulfitibacter.9,0.7914285714285713,0.7914285714285713,positive,0.020570870366914212,0.00043972708262026604,8,5,5,1,Firmicutes,Firmicutes,1
midas_g_114295.1,Lachnoclostridium.1,0.7913669064748201,0.7913669064748201,positive,0.02058049456502812,0.00044050228879053354,11,5,9,0,Armatimonadota,Firmicutes,0
Colidextribacter.6,Veillonellales-Selenomonadales.2,0.7913343020885363,0.7913343020885363,positive,0.02058049456502812,0.0004409126172404222,4,4,10,0,Firmicutes,Firmicutes,1
Propionicicella.4,Veillonellales-Selenomonadales.2,0.7913343020885363,0.7913343020885363,positive,0.02058049456502812,0.0004409126172404222,4,4,10,0,Actinobacteriota,Firmicutes,0
Ercella.1,midas_g_76603.1,0.7912240677085345,0.7912240677085345,positive,0.020630076210960295,0.00044230223380530297,6,1,1,1,Firmicutes,Firmicutes,1
Petrimonas.4,Bellilinea.1,0.7911441656923792,0.7911441656923792,positive,0.020632925656926242,0.0004433117111123445,4,1,1,1,Bacteroidota,Chloroflexi,0
EBM-39.1,Oscillibacter.3,0.7910230922467008,0.7910230922467008,positive,0.020632925656926242,0.0004448449257923668,11,5,5,1,Synergistota,Firmicutes,0
midas_g_35108.1,Monoglobus.13,0.7910041388933253,0.7910041388933253,positive,0.020632925656926242,0.0004450853327331786,5,1,1,1,Chloroflexi,Firmicutes,0
Desulfosporosinus.2,midas_g_98017.2,0.7910041388933253,0.7910041388933253,positive,0.020632925656926242,0.0004450853327331786,6,4,4,1,Firmicutes,Firmicutes,1
midas_g_15299.1,Colidextribacter.6,-0.7909524553463657,0.7909524553463657,negative,0.020632925656926242,0.0004457414323839321,5,5,4,0,Bacteroidota,Firmicutes,0
Enterococcus.5,LNR_A2-18.2,-0.7909524553463657,0.7909524553463657,negative,0.020632925656926242,0.0004457414323839321,5,4,1,0,Firmicutes,Cloacimonadota,0
midas_g_15299.1,Propionicicella.4,-0.7909524553463657,0.7909524553463657,negative,0.020632925656926242,0.0004457414323839321,5,5,4,0,Bacteroidota,Actinobacteriota,0
midas_g_15299.1,Caproiciproducens.1,-0.7909524553463657,0.7909524553463657,negative,0.020632925656926242,0.0004457414323839321,5,5,4,0,Bacteroidota,Firmicutes,0
Ca_Caldatribacterium.1,Christensenellaceae_R-7_group.44,0.7909115788387001,0.7909115788387001,positive,0.020632925656926242,0.00044626089985813123,9,1,1,1,Caldatribacteriota,Firmicutes,0
Rhodococcus.4,Brevundimonas.5,0.7909090909090908,0.7909090909090908,positive,0.020632925656926242,0.0004462925329353869,5,6,6,1,Actinobacteriota,Proteobacteria,0
Arenimonas.2,Sporomusaceae.2,0.7909090909090908,0.7909090909090908,positive,0.020632925656926242,0.0004462925329353869,5,6,6,1,Proteobacteria,Firmicutes,0
midas_g_91392.1,Anaerovorax.12,0.7909090909090908,0.7909090909090908,positive,0.020632925656926242,0.0004462925329353869,5,6,6,1,Firmicutes,Firmicutes,1
midas_g_5574.1,Petrimonas.2,-0.7908589712824359,0.7908589712824359,negative,0.020647256607925393,0.00044693017445663247,6,5,1,0,Actinobacteriota,Bacteroidota,0
Aminiphilus.1,Cryptanaerobacter.1,0.7905463841130217,0.7905463841130217,positive,0.02081649339513471,0.0004509238182683036,4,1,1,1,Synergistota,Firmicutes,0
midas_g_112760.1,Ercella.1,0.7904761904761902,0.7904761904761902,positive,0.020819578383246728,0.00045182460749248695,7,1,1,1,Firmicutes,Firmicutes,1
Colidextribacter.1,Thermobrachium.2,0.7904678029519654,0.7904678029519654,positive,0.020819578383246728,0.0004519323419745327,4,4,6,0,Firmicutes,Firmicutes,1
Acinetobacter.2,Thermovirga.2,0.7904125455696238,0.7904125455696238,positive,0.020819578383246728,0.0004526426252110327,6,5,5,1,Proteobacteria,Synergistota,0
Methanobacterium.4,Petrimonas.4,0.7904125455696238,0.7904125455696238,positive,0.020819578383246728,0.0004526426252110327,6,1,1,1,Euryarchaeota,Bacteroidota,0
Methanobacterium.4,midas_g_95534.1,0.7904125455696238,0.7904125455696238,positive,0.020819578383246728,0.0004526426252110327,6,1,1,1,Euryarchaeota,Firmicutes,0
Mesotoga.1,Pseudolabrys.2,-0.7902466677679617,0.7902466677679617,negative,0.02090264477175272,0.00045478030250536354,7,5,10,0,Thermotogota,Proteobacteria,0
Hyphomonas.1,midas_g_98017.1,0.7901266634534899,0.7901266634534899,positive,0.020933025081631574,0.00045633193114298117,8,5,5,1,Proteobacteria,Firmicutes,0
Ruminiclostridium.13,Sporanaerobacter.1,0.7901184815494158,0.7901184815494158,positive,0.020933025081631574,0.00045643787828358434,7,4,4,1,Firmicutes,Firmicutes,1
Bradyrhizobium.2,Monoglobus.1,0.7901184815494158,0.7901184815494158,positive,0.020933025081631574,0.00045643787828358434,7,4,4,1,Proteobacteria,Firmicutes,0
Methanobacterium.4,Christensenellaceae_R-7_group.2,0.789991378900771,0.789991378900771,positive,0.020985588262262846,0.00045808630267247,12,1,1,1,Euryarchaeota,Firmicutes,0
midas_g_91392.1,Oscillibacter.4,0.7899531467283196,0.7899531467283196,positive,0.020985588262262846,0.00045858309323540706,6,6,6,1,Firmicutes,Firmicutes,1
midas_g_82137.2,Syntrophomonas.2,0.7899531467283196,0.7899531467283196,positive,0.020985588262262846,0.00045858309323540706,6,4,4,1,Firmicutes,Firmicutes,1
Clostridiaceae.1,midas_g_2178.3,0.7896825396825398,0.7896825396825398,positive,0.021085823409318912,0.00046211194541323226,8,4,4,1,Firmicutes,Chloroflexi,0
Synergistaceae.2,midas_g_82137.2,0.7896825396825398,0.7896825396825398,positive,0.021085823409318912,0.00046211194541323226,8,6,4,0,Synergistota,Firmicutes,0
Hydrogenophaga.7,midas_g_76603.1,-0.7896825396825398,0.7896825396825398,negative,0.021085823409318912,0.00046211194541323226,2,5,1,0,Proteobacteria,Firmicutes,0
Phenylobacterium.4,Sphingosinicella.1,0.7896825396825398,0.7896825396825398,positive,0.021085823409318912,0.00046211194541323226,7,2,2,1,Proteobacteria,Proteobacteria,1
Anaerovorax.1,midas_g_36215.1,0.7892857142857141,0.7892857142857141,positive,0.021187181896191867,0.0004673267561781763,15,1,1,1,Firmicutes,Bacteroidota,0
Methanobacterium.1,Desulfovibrio.2,-0.7892857142857141,0.7892857142857141,negative,0.021187181896191867,0.0004673267561781763,15,1,9,0,Euryarchaeota,Desulfobacterota,0
Leucobacter.1,Sphingopyxis.5,0.7892800282301351,0.7892800282301351,positive,0.021187181896191867,0.0004674018255608406,8,6,6,1,Actinobacteriota,Proteobacteria,0
midas_g_5574.1,Acetobacterium.1,0.7892213696868392,0.7892213696868392,positive,0.021187181896191867,0.0004681768310173998,10,5,5,1,Actinobacteriota,Firmicutes,0
Thiobacillus.1,midas_g_97311.1,0.7892213696868392,0.7892213696868392,positive,0.021187181896191867,0.0004681768310173998,10,1,1,1,Proteobacteria,Firmicutes,0
midas_g_35108.1,midas_g_84729.1,0.789170807789108,0.789170807789108,positive,0.021187181896191867,0.00046884570269971863,4,1,1,1,Chloroflexi,Chloroflexi,1
Clostridium_sensu_stricto_1.7,Desulfovibrio.3,0.789170807789108,0.789170807789108,positive,0.021187181896191867,0.00046884570269971863,5,4,4,1,Firmicutes,Desulfobacterota,0
Azoarcus.2,Thauera.1,0.7891578473557854,0.7891578473557854,positive,0.021187181896191867,0.00046901727864687355,6,5,5,1,Proteobacteria,Proteobacteria,1
Petrimonas.4,Christensenellaceae_R-7_group.56,0.7891307069980692,0.7891307069980692,positive,0.021187181896191867,0.0004693767405193107,3,1,1,1,Bacteroidota,Firmicutes,0
Arenimonas.2,Pelotomaculum.1,0.7891307069980692,0.7891307069980692,positive,0.021187181896191867,0.0004693767405193107,3,6,6,1,Proteobacteria,Firmicutes,0
Devosia.1,Novosphingobium.1,0.7891307069980692,0.7891307069980692,positive,0.021187181896191867,0.0004693767405193107,3,2,2,1,Proteobacteria,Proteobacteria,1
Syntrophomonas.15,Anaerovorax.12,0.7891307069980692,0.7891307069980692,positive,0.021187181896191867,0.0004693767405193107,3,6,6,1,Firmicutes,Firmicutes,1
midas_g_35108.1,Azorhizobium.1,0.7891307069980692,0.7891307069980692,positive,0.021187181896191867,0.0004693767405193107,3,1,1,1,Chloroflexi,Proteobacteria,0
Proteiniborus.5,Anaerovorax.13,0.7891307069980692,0.7891307069980692,positive,0.021187181896191867,0.0004693767405193107,3,4,4,1,Firmicutes,Firmicutes,1
Methanobacterium.5,Desulfurispora.1,0.7891307069980692,0.7891307069980692,positive,0.021187181896191867,0.0004693767405193107,3,1,1,1,Euryarchaeota,Firmicutes,0
Clostridiaceae.1,Stappia.1,0.7889125183589547,0.7889125183589547,positive,0.02130273381149633,0.000472274718866607,5,4,4,1,Firmicutes,Proteobacteria,0
HN-HF0106.10,Christensenellaceae_R-7_group.38,0.7887222306702749,0.7887222306702749,positive,0.02140195270285327,0.000474814007658439,5,4,4,1,Firmicutes,Firmicutes,1
Dehalobacterium.1,Reyranella.2,0.7886075949367088,0.7886075949367088,positive,0.021455799672367316,0.0004763491246650248,4,4,4,1,Firmicutes,Proteobacteria,0
Anaerovorax.1,midas_g_36215.2,0.7885355310059193,0.7885355310059193,positive,0.021468668325260495,0.0004773162205809813,12,1,1,1,Firmicutes,Bacteroidota,0
Clostridium_sensu_stricto_13.1,Romboutsia.1,0.7885355310059193,0.7885355310059193,positive,0.021468668325260495,0.0004773162205809813,12,5,5,1,Firmicutes,Firmicutes,1
Acinetobacter.1,midas_g_95534.1,-0.7883961870350075,0.7883961870350075,negative,0.02151391414939423,0.0004791907515173947,4,5,1,0,Proteobacteria,Firmicutes,0
Fermentimonas.2,midas_g_95534.1,-0.7883961870350075,0.7883961870350075,negative,0.02151391414939423,0.0004791907515173947,4,5,1,0,Bacteroidota,Firmicutes,0
midas_g_2178.1,Monoglobus.13,0.7883097886802951,0.7883097886802951,positive,0.02151391414939423,0.0004803560394570881,7,1,1,1,Chloroflexi,Firmicutes,0
Bellilinea.1,midas_g_92370.1,0.788235294117647,0.788235294117647,positive,0.02151391414939423,0.0004813626294874693,3,1,1,1,Chloroflexi,Firmicutes,0
Methanobacterium.20,Oxobacteraceae.3,0.788235294117647,0.788235294117647,positive,0.02151391414939423,0.0004813626294874693,3,10,10,1,Euryarchaeota,Firmicutes,0
Syntrophobotulaceae.7,Methanothrix.1,0.788235294117647,0.788235294117647,positive,0.02151391414939423,0.0004813626294874693,3,1,1,1,Firmicutes,Halobacterota,0
Syntrophobotulaceae.7,Pelolinea.3,0.788235294117647,0.788235294117647,positive,0.02151391414939423,0.0004813626294874693,3,1,1,1,Firmicutes,Chloroflexi,0
midas_g_93469.1,Comamonadaceae.3,0.7882106877306551,0.7882106877306551,positive,0.02151391414939423,0.00048169549486117035,9,5,5,1,Firmicutes,Proteobacteria,0
Comamonadaceae.3,midas_g_2178.1,-0.7882040680887782,0.7882040680887782,negative,0.02151391414939423,0.0004817850747454812,13,5,1,0,Proteobacteria,Chloroflexi,0
Hyphomonas.1,Pseudarcobacter.1,0.7881818181818183,0.7881818181818183,positive,0.02151391414939423,0.0004820862697155662,10,5,5,1,Proteobacteria,Campylobacterota,0
Thermovirga.2,Oscillibacter.3,0.7881233383723856,0.7881233383723856,positive,0.02151391414939423,0.0004828786373566297,11,5,5,1,Synergistota,Firmicutes,0
midas_g_5574.1,Methanobacterium.4,-0.7881068685328884,0.7881068685328884,negative,0.02151391414939423,0.00048310198561260737,8,5,1,0,Actinobacteriota,Euryarchaeota,0
Methanobacterium.4,midas_g_36376.1,-0.7881068685328884,0.7881068685328884,negative,0.02151391414939423,0.00048310198561260737,8,1,5,0,Euryarchaeota,Planctomycetota,0
Fermentimonas.2,Syner-01.9,-0.7881068685328884,0.7881068685328884,negative,0.02151391414939423,0.00048310198561260737,8,5,1,0,Bacteroidota,Synergistota,0
midas_g_76603.1,Syntrophobotulaceae.7,0.7875223234279092,0.7875223234279092,positive,0.02179077854454893,0.0004910837242709002,4,1,1,1,Firmicutes,Firmicutes,1
Methanomassiliicoccus.2,Trichloromonas.1,0.7875223234279092,0.7875223234279092,positive,0.02179077854454893,0.0004910837242709002,4,2,2,1,Thermoplasmatota,Desulfobacterota,0
midas_g_8129.1,midas_g_98017.1,0.7875082453208386,0.7875082453208386,positive,0.02179077854454893,0.0004912772721402893,8,5,5,1,Chloroflexi,Firmicutes,0
Actinomyces.4,Anaerovorax.1,-0.7874193423959185,0.7874193423959185,negative,0.02179077854454893,0.0004925009586803226,11,9,1,0,Actinobacteriota,Firmicutes,0
Taibaiella.1,midas_g_84729.1,-0.7873832497890284,0.7873832497890284,negative,0.02179077854454893,0.0004929984564135202,1,9,1,0,Bacteroidota,Chloroflexi,0
midas_g_91392.2,Erysipelothrix.3,0.7872740469625485,0.7872740469625485,positive,0.02179077854454893,0.0004945061941585198,3,1,10,0,Firmicutes,Firmicutes,1
Methanobacterium.89,Ruminiclostridium.2,0.7872740469625485,0.7872740469625485,positive,0.02179077854454893,0.0004945061941585198,3,4,4,1,Euryarchaeota,Firmicutes,0
Bacteria (unclassified).39,Comamonadaceae.18,0.7872740469625485,0.7872740469625485,positive,0.02179077854454893,0.0004945061941585198,3,1,1,1,Bacteria (unclassified),Proteobacteria,0
midas_g_554.2,Erysipelothrix.3,0.7872740469625485,0.7872740469625485,positive,0.02179077854454893,0.0004945061941585198,3,1,10,0,Firmicutes,Firmicutes,1
Colidextribacter.6,midas_g_36215.9,0.7872740469625485,0.7872740469625485,positive,0.02179077854454893,0.0004945061941585198,3,4,4,1,Firmicutes,Bacteroidota,0
Propionicicella.4,midas_g_36215.9,0.7872740469625485,0.7872740469625485,positive,0.02179077854454893,0.0004945061941585198,3,4,4,1,Actinobacteriota,Bacteroidota,0
midas_g_77185.2,Desulfosporosinus.3,0.7872740469625485,0.7872740469625485,positive,0.02179077854454893,0.0004945061941585198,3,4,4,1,Cyanobacteria,Firmicutes,0
midas_g_77185.2,midas_g_82137.1,0.7872740469625485,0.7872740469625485,positive,0.02179077854454893,0.0004945061941585198,3,4,4,1,Cyanobacteria,Firmicutes,0
Christensenellaceae.7,Clostridium_sensu_stricto_7.2,0.7872740469625485,0.7872740469625485,positive,0.02179077854454893,0.0004945061941585198,3,4,4,1,Firmicutes,Firmicutes,1
midas_g_70329.2,Bacteria (unclassified).35,0.7872740469625485,0.7872740469625485,positive,0.02179077854454893,0.0004945061941585198,3,6,6,1,Firmicutes,Bacteria (unclassified),0
Alcaligenaceae.1,Comamonadaceae.1,0.7869325171805521,0.7869325171805521,positive,0.02196891070539265,0.0004992458839324955,9,5,5,1,Proteobacteria,Proteobacteria,1
Syner-01.9,midas_g_85764.2,0.7869325171805521,0.7869325171805521,positive,0.02196891070539265,0.0004992458839324955,9,1,1,1,Synergistota,Firmicutes,0
Romboutsia.1,Anaerostignum.2,0.7868047987799895,0.7868047987799895,positive,0.022031937800493662,0.0005010278171217097,8,5,5,1,Firmicutes,Firmicutes,1
Devosia.9,Syntrophomonas.2,0.7867721123247033,0.7867721123247033,positive,0.022034882977260428,0.0005014846918431639,5,4,4,1,Proteobacteria,Firmicutes,0
midas_g_15299.1,Christensenellaceae_R-7_group.38,-0.7867000227907401,0.7867000227907401,negative,0.022034882977260428,0.0005024935226826298,5,5,4,0,Bacteroidota,Firmicutes,0
midas_g_15299.1,Christensenellaceae_R-7_group.57,-0.7867000227907401,0.7867000227907401,negative,0.022034882977260428,0.0005024935226826298,5,5,4,0,Bacteroidota,Firmicutes,0
Desulfuromonadaceae.1,midas_g_15299.1,0.7867000227907401,0.7867000227907401,positive,0.022034882977260428,0.0005024935226826298,5,5,5,1,Desulfobacterota,Bacteroidota,0
Ercella.1,Aminiphilus.1,0.7866666666666665,0.7866666666666665,positive,0.022040039214123095,0.0005029608720269941,7,1,1,1,Firmicutes,Synergistota,0
midas_g_36215.1,Syntrophomonas.28,0.7864167572767855,0.7864167572767855,positive,0.022085011080322632,0.0005064736048685319,13,1,1,1,Bacteroidota,Firmicutes,0
Fermentimonas.2,Aminivibrio.1,0.7864167572767855,0.7864167572767855,positive,0.022085011080322632,0.0005064736048685319,13,5,5,1,Bacteroidota,Synergistota,0
Shinella.1,Desulfovibrio.4,0.7864160253174377,0.7864160253174377,positive,0.022085011080322632,0.0005064839225815462,5,6,6,1,Proteobacteria,Desulfobacterota,0
Christensenellaceae_R-7_group.63,Thermovirga.2,0.786379828500391,0.786379828500391,positive,0.022085011080322632,0.0005069943672519144,6,5,5,1,Firmicutes,Synergistota,0
Parapusillimonas.1,LNR_A2-18.1,-0.7863729095926285,0.7863729095926285,negative,0.022085011080322632,0.0005070919848365258,7,4,1,0,Proteobacteria,Cloacimonadota,0
Acetobacterium.1,Pseudolabrys.2,-0.7863729095926285,0.7863729095926285,negative,0.022085011080322632,0.0005070919848365258,7,5,10,0,Firmicutes,Proteobacteria,0
Sphingopyxis.1,midas_g_21833.1,0.7863647610614967,0.7863647610614967,positive,0.022085011080322632,0.0005072069705829032,9,9,2,0,Proteobacteria,Actinobacteriota,0
Arenimonas.2,Rhodococcus.4,0.7863636363636362,0.7863636363636362,positive,0.022085011080322632,0.0005072228431141183,5,6,6,1,Proteobacteria,Actinobacteriota,0
midas_g_8129.1,Aquamicrobium.2,0.7863198524722199,0.7863198524722199,positive,0.022085011080322632,0.0005078410669017888,11,5,5,1,Chloroflexi,Proteobacteria,0
Petrimonas.2,Pelolinea.3,0.7862453931068966,0.7862453931068966,positive,0.022085011080322632,0.0005088938345229388,4,1,1,1,Bacteroidota,Chloroflexi,0
midas_g_3595.1,Trichloromonas.1,0.7862453931068966,0.7862453931068966,positive,0.022085011080322632,0.0005088938345229388,4,5,2,0,Firmicutes,Desulfobacterota,0
Ca_Caldatribacterium.1,Methanothrix.1,0.7862453931068966,0.7862453931068966,positive,0.022085011080322632,0.0005088938345229388,4,1,1,1,Caldatribacteriota,Halobacterota,0
Ca_Caldatribacterium.1,Pelolinea.3,0.7862453931068966,0.7862453931068966,positive,0.022085011080322632,0.0005088938345229388,4,1,1,1,Caldatribacteriota,Chloroflexi,0
Petrimonas.2,Methanothrix.1,0.7862453931068966,0.7862453931068966,positive,0.022085011080322632,0.0005088938345229388,4,1,1,1,Bacteroidota,Halobacterota,0
midas_g_2604.3,midas_g_49937.1,0.7860759493670885,0.7860759493670885,positive,0.02215874725823236,0.0005112961962971697,4,1,1,1,Firmicutes,Chloroflexi,0
Bacteria (unclassified).1,Reyranella.2,0.7860759493670885,0.7860759493670885,positive,0.02215874725823236,0.0005112961962971697,4,4,4,1,Bacteria (unclassified),Proteobacteria,0
Colidextribacter.4,midas_g_2604.2,0.785973288792429,0.785973288792429,positive,0.022205251610654002,0.0005127561992554563,4,6,6,1,Firmicutes,Firmicutes,1
Ruminiclostridium.9,Dehalobacterium.2,0.7859079981399035,0.7859079981399035,positive,0.022205251610654002,0.0005136865055064286,8,6,6,1,Firmicutes,Firmicutes,1
Desulfovibrio.3,Oxobacteraceae.3,0.7858768241430981,0.7858768241430981,positive,0.022205251610654002,0.000514131178784781,4,4,10,0,Desulfobacterota,Firmicutes,0
Dysgonomonadaceae.1,Rummeliibacillus.2,0.785876824143098,0.785876824143098,positive,0.022205251610654002,0.000514131178784781,4,4,4,1,Bacteroidota,Firmicutes,0
Afipia.3,Christensenellaceae.7,0.785876824143098,0.785876824143098,positive,0.022205251610654002,0.000514131178784781,4,4,4,1,Proteobacteria,Firmicutes,0
XBB1006.1,Sphingopyxis.5,0.7857142857142858,0.7857142857142858,positive,0.02223109835343822,0.0005164547475705851,7,6,6,1,Firmicutes,Proteobacteria,0
Ruminiclostridium.9,Syntrophomonas.1,0.7857142857142858,0.7857142857142858,positive,0.02223109835343822,0.0005164547475705851,7,6,5,0,Firmicutes,Firmicutes,1
Petrimonas.1,midas_g_15299.1,0.7857142857142856,0.7857142857142856,positive,0.02223109835343822,0.0005164547475705881,15,5,5,1,Bacteroidota,Bacteroidota,1
Mesotoga.1,Proteiniphilum.14,-0.7856773899247457,0.7856773899247457,negative,0.02223109835343822,0.0005169833807587378,6,5,10,0,Thermotogota,Bacteroidota,0
Petrimonas.2,Thermovirga.1,0.7856719205190748,0.7856719205190748,positive,0.02223109835343822,0.0005170617824619129,7,1,1,1,Bacteroidota,Synergistota,0
JGI-0000079-D21.1,midas_g_4301.4,0.7856623359449331,0.7856623359449331,positive,0.02223109835343822,0.0005171991967838961,9,2,5,0,Synergistota,Firmicutes,0
Methanosarcina.1,midas_g_93469.1,0.7856623359449331,0.7856623359449331,positive,0.02223109835343822,0.0005171991967838961,9,5,5,1,Halobacterota,Firmicutes,0
midas_g_5574.1,Romboutsia.1,0.7855844048495725,0.7855844048495725,positive,0.022263984563401045,0.0005183176017156399,10,5,5,1,Actinobacteriota,Firmicutes,0
Monoglobus.13,Syntrophobotulaceae.7,0.7854963073359152,0.7854963073359152,positive,0.02230319053300422,0.0005195842781358142,4,1,1,1,Firmicutes,Firmicutes,1
Petrimonas.2,Christensenellaceae_R-7_group.51,0.7853541524568041,0.7853541524568041,positive,0.022360689934937783,0.0005216335132567135,10,1,1,1,Bacteroidota,Firmicutes,0
midas_g_5574.1,midas_g_669.2,0.7853541524568041,0.7853541524568041,positive,0.022360689934937783,0.0005216335132567135,9,5,5,1,Actinobacteriota,Firmicutes,0
Christensenellaceae_R-7_group.1,midas_g_84729.1,0.7852377913427367,0.7852377913427367,positive,0.02241755447732918,0.0005233158129328597,5,1,1,1,Firmicutes,Chloroflexi,0
Methanoculleus.1,Dehalobacterium.2,0.7850543966144886,0.7850543966144886,positive,0.02251621317376924,0.0005259762242007858,9,6,6,1,Halobacterota,Firmicutes,0
midas_g_9269.1,Camelimonas.2,-0.7849512785922561,0.7849512785922561,negative,0.022565126631801085,0.0005274769341518234,12,1,5,0,Bacteroidota,Proteobacteria,0
midas_g_114295.1,midas_g_97954.1,0.7848216753709805,0.7848216753709805,positive,0.022630663072259125,0.000529368035174881,11,5,5,1,Armatimonadota,Firmicutes,0
Thermovirga.2,midas_g_669.2,0.7845163665720543,0.7845163665720543,positive,0.02280657234290987,0.0005338447679212883,11,5,5,1,Synergistota,Firmicutes,0
Alcaligenes.3,Devosia.1,0.78444885597432,0.78444885597432,positive,0.02283355935802328,0.0005348388233161259,5,2,2,1,Proteobacteria,Proteobacteria,1
Rhodococcus.4,Syntrophomonas.22,0.7843734168602987,0.7843734168602987,positive,0.02285009592872765,0.0005359514041746195,5,6,4,0,Actinobacteriota,Firmicutes,0
Petrimonas.4,midas_g_91392.2,0.7843734168602987,0.7843734168602987,positive,0.02285009592872765,0.0005359514041746195,5,1,1,1,Bacteroidota,Firmicutes,0
Paraclostridium.1,Comamonadaceae.2,0.7841726618705036,0.7841726618705036,positive,0.02296118254440527,0.0005389213346744437,12,5,5,1,Firmicutes,Proteobacteria,0
Christensenellaceae_R-7_group.4,Monoglobus.13,-0.7839935320800404,0.7839935320800404,negative,0.023058978935793183,0.000541582645522803,1,5,1,0,Firmicutes,Firmicutes,1
Aminiphilus.1,midas_g_91392.2,0.7839529823152742,0.7839529823152742,positive,0.023069105072594614,0.0005421865714367065,5,1,1,1,Synergistota,Firmicutes,0
Syner-01.9,midas_g_84729.1,0.7838142283037013,0.7838142283037013,positive,0.02312896646636309,0.0005442572468879801,5,1,1,1,Synergistota,Chloroflexi,0
Azoarcus.2,Comamonadaceae.1,0.7838095238095236,0.7838095238095236,positive,0.02312896646636309,0.0005443275664077263,8,5,5,1,Proteobacteria,Proteobacteria,1
Thermovirga.2,Anaerostignum.2,0.7837402632858108,0.7837402632858108,positive,0.023157376683974062,0.000545363681071151,8,5,5,1,Synergistota,Firmicutes,0
midas_g_5574.1,Acinetobacter.2,0.7836824925684185,0.7836824925684185,positive,0.02317850707523558,0.0005462291396630088,6,5,5,1,Actinobacteriota,Proteobacteria,0
midas_g_91392.1,NK4A214_group.3,0.7833706288447987,0.7833706288447987,positive,0.023283503002119746,0.0005509204776106958,3,6,4,0,Firmicutes,Firmicutes,1
Clostridium_sensu_stricto_1.7,Anaerovorax.13,0.7833706288447987,0.7833706288447987,positive,0.023283503002119746,0.0005509204776106958,3,4,4,1,Firmicutes,Firmicutes,1
Syntrophomonas.2,Clostridium_sensu_stricto_7.2,0.7833706288447987,0.7833706288447987,positive,0.023283503002119746,0.0005509204776106958,3,4,4,1,Firmicutes,Firmicutes,1
midas_g_35108.1,Proteiniphilum.12,0.7833706288447987,0.7833706288447987,positive,0.023283503002119746,0.0005509204776106958,3,1,1,1,Chloroflexi,Bacteroidota,0
Methanobacterium.5,Proteiniphilum.12,0.7833706288447986,0.7833706288447986,positive,0.023283503002119746,0.0005509204776106983,3,1,1,1,Euryarchaeota,Bacteroidota,0
Dehalobacter.2,midas_g_103381.1,0.7833706288447986,0.7833706288447986,positive,0.023283503002119746,0.0005509204776106983,3,6,4,0,Firmicutes,Firmicutes,1
Acinetobacter.1,midas_g_2604.3,-0.7831471411931158,0.7831471411931158,negative,0.023410736353737777,0.0005543025143583452,3,5,1,0,Proteobacteria,Firmicutes,0
Desulfobulbus.1,Monoglobus.1,-0.7830401825178844,0.7830401825178844,negative,0.023432233792291694,0.0005559270879403955,8,5,4,0,Desulfobacterota,Firmicutes,0
Anaerovorax.1,midas_g_76603.1,0.7830401825178844,0.7830401825178844,positive,0.023432233792291694,0.0005559270879403955,8,1,1,1,Firmicutes,Firmicutes,1
Christensenellaceae_R-7_group.2,Syntrophomonas.1,-0.7830401825178844,0.7830401825178844,negative,0.023432233792291694,0.0005559270879403955,7,1,5,0,Firmicutes,Firmicutes,1
Fermentimonas.2,Terrisporobacter.1,0.7828421356528003,0.7828421356528003,positive,0.023527980137929318,0.0005589454131856443,13,5,5,1,Bacteroidota,Firmicutes,0
Comamonadaceae.3,Desulfovibrio.2,0.7828421356528003,0.7828421356528003,positive,0.023527980137929318,0.0005589454131856443,13,5,9,0,Proteobacteria,Desulfobacterota,0
Sphaerochaeta.7,midas_g_49834.1,0.7825630252100839,0.7825630252100839,positive,0.02368236114526604,0.0005632218174801006,6,10,10,1,Spirochaetota,Firmicutes,0
Aquamicrobium.2,Sphingosinicella.1,0.782529291689514,0.782529291689514,positive,0.02368236114526604,0.0005637404658948656,8,5,2,0,Proteobacteria,Proteobacteria,1
Pseudarcobacter.1,midas_g_98017.1,0.782529291689514,0.782529291689514,positive,0.02368236114526604,0.0005637404658948656,8,5,5,1,Campylobacterota,Firmicutes,0
midas_g_9269.1,Desulfovibrio.4,-0.7824991514172953,0.7824991514172953,negative,0.023685995160246387,0.0005642041973381175,7,1,6,0,Bacteroidota,Desulfobacterota,0
Syntrophobotulaceae.7,Bellilinea.1,0.7823529411764705,0.7823529411764705,positive,0.023685995160246387,0.0005664581633683199,3,1,1,1,Firmicutes,Chloroflexi,0
Syntrophobotulaceae.7,midas_g_92370.1,0.7823529411764705,0.7823529411764705,positive,0.023685995160246387,0.0005664581633683199,3,1,1,1,Firmicutes,Firmicutes,1
Syntrophobotulaceae.7,Cryptanaerobacter.1,0.7823529411764705,0.7823529411764705,positive,0.023685995160246387,0.0005664581633683199,3,1,1,1,Firmicutes,Firmicutes,1
Methanothrix.1,midas_g_92370.1,0.7823529411764705,0.7823529411764705,positive,0.023685995160246387,0.0005664581633683199,3,1,1,1,Halobacterota,Firmicutes,0
Pelolinea.3,midas_g_92370.1,0.7823529411764705,0.7823529411764705,positive,0.023685995160246387,0.0005664581633683199,3,1,1,1,Chloroflexi,Firmicutes,0
Trichloromonas.1,Bacteria (unclassified).33,0.7823529411764705,0.7823529411764705,positive,0.023685995160246387,0.0005664581633683199,3,2,2,1,Desulfobacterota,Bacteria (unclassified),0
Sphaerochaeta.7,Syntrophomonas.3,0.7822637616679847,0.7822637616679847,positive,0.02372788585426099,0.0005678365421688128,6,10,10,1,Spirochaetota,Firmicutes,0
Clostridiaceae.1,Reyranella.2,0.7821888321229409,0.7821888321229409,positive,0.023743176246375067,0.0005689967793870628,5,4,4,1,Firmicutes,Proteobacteria,0
Alcaligenes.3,Syntrophobacter.1,0.7821564469356453,0.7821564469356453,positive,0.023743176246375067,0.0005694988405466194,7,2,2,1,Proteobacteria,Desulfobacterota,0
Thiobacillus.1,LNR_A2-18.2,0.782142857142857,0.782142857142857,positive,0.023743176246375067,0.0005697096277734964,15,1,1,1,Proteobacteria,Cloacimonadota,0
Methanosarcina.1,Proteiniphilum.1,-0.782142857142857,0.782142857142857,negative,0.023743176246375067,0.0005697096277734964,14,5,1,0,Halobacterota,Bacteroidota,0
Christensenellaceae_R-7_group.61,midas_g_82137.2,0.7820743005880016,0.7820743005880016,positive,0.023761729307672952,0.0005707739563532811,8,4,4,1,Firmicutes,Firmicutes,1
Clostridium_sensu_stricto_13.1,Intestinimonas.1,0.7820656110532036,0.7820656110532036,positive,0.023761729307672952,0.000570908975335907,12,5,5,1,Firmicutes,Firmicutes,1
Romboutsia.1,midas_g_97954.1,0.7820137176197453,0.7820137176197453,positive,0.023775444223600558,0.0005717158426315596,11,5,5,1,Firmicutes,Firmicutes,1
Clostridiaceae.1,HN-HF0106.10,0.7819518822569154,0.7819518822569154,positive,0.023775444223600558,0.0005726785039024323,7,4,4,1,Firmicutes,Firmicutes,1
Alcaligenes.3,Methanomassiliicoccus.2,0.7819518822569153,0.7819518822569153,positive,0.023775444223600558,0.0005726785039024344,6,2,2,1,Proteobacteria,Thermoplasmatota,0
Petrimonas.1,Syner-01.9,-0.7819474400123061,0.7819474400123061,negative,0.023775444223600558,0.0005727477121183491,10,5,1,0,Bacteroidota,Synergistota,0
Oscillibacter.4,midas_g_82137.2,0.7817460317460319,0.7817460317460319,positive,0.023808420486681265,0.0005758927219054114,8,6,4,0,Firmicutes,Firmicutes,1
Desulfovibrio.2,Petrimonas.4,-0.7816482751046188,0.7816482751046188,negative,0.023808420486681265,0.0005774242589402675,6,9,1,0,Desulfobacterota,Bacteroidota,0
Sulfurospirillum.1,Syntrophomonas.2,-0.7816482751046188,0.7816482751046188,negative,0.023808420486681265,0.0005774242589402675,6,5,4,0,Campylobacterota,Firmicutes,0
Sulfurospirillum.1,Proteiniborus.5,-0.7816482751046188,0.7816482751046188,negative,0.023808420486681265,0.0005774242589402675,6,5,4,0,Campylobacterota,Firmicutes,0
Mesotoga.1,Phenylobacterium.1,-0.7816482751046188,0.7816482751046188,negative,0.023808420486681265,0.0005774242589402675,6,5,4,0,Thermotogota,Proteobacteria,0
Petrimonas.2,Cryptanaerobacter.1,0.7816204202062678,0.7816204202062678,positive,0.023808420486681265,0.0005778612631852936,4,1,1,1,Bacteroidota,Firmicutes,0
Ca_Caldatribacterium.1,Bellilinea.1,0.7816204202062678,0.7816204202062678,positive,0.023808420486681265,0.0005778612631852936,4,1,1,1,Caldatribacteriota,Chloroflexi,0
midas_g_3595.1,midas_g_77817.1,0.7816204202062678,0.7816204202062678,positive,0.023808420486681265,0.0005778612631852936,4,5,2,0,Firmicutes,Firmicutes,1
Ca_Caldatribacterium.1,Cryptanaerobacter.1,0.7816204202062678,0.7816204202062678,positive,0.023808420486681265,0.0005778612631852936,4,1,1,1,Caldatribacteriota,Firmicutes,0
midas_g_3064.1,Syntrophobotulaceae.7,0.7816204202062678,0.7816204202062678,positive,0.023808420486681265,0.0005778612631852936,4,1,1,1,Chloroflexi,Firmicutes,0
Petrimonas.2,Bellilinea.1,0.7816204202062678,0.7816204202062678,positive,0.023808420486681265,0.0005778612631852936,4,1,1,1,Bacteroidota,Chloroflexi,0
Limnobacter.1,Comamonadaceae.1,0.7816067367347156,0.7816067367347156,positive,0.023808420486681265,0.0005780760361923118,9,5,5,1,Proteobacteria,Proteobacteria,1
midas_g_82137.2,Leucobacter.1,0.7815038703165378,0.7815038703165378,positive,0.023826213203144153,0.0005796926871465962,8,4,6,0,Firmicutes,Actinobacteriota,0
Ruminiclostridium.9,Fonticella.2,0.7815038703165378,0.7815038703165378,positive,0.023826213203144153,0.0005796926871465962,8,6,6,1,Firmicutes,Firmicutes,1
Christensenellaceae_R-7_group.4,Aminiphilus.1,-0.7815038703165378,0.7815038703165378,negative,0.023826213203144153,0.0005796926871465962,3,5,1,0,Firmicutes,Synergistota,0
Anaerovorax.12,Oscillibacter.4,0.7814590268710259,0.7814590268710259,positive,0.023826213203144153,0.000580398598197643,6,6,6,1,Firmicutes,Firmicutes,1
Aquamicrobium.1,Syntrophomonas.3,0.7814590268710259,0.7814590268710259,positive,0.023826213203144153,0.000580398598197643,6,10,10,1,Proteobacteria,Firmicutes,0
Clostridium_sensu_stricto_13.1,Christensenellaceae_R-7_group.2,-0.7813670261785929,0.7813670261785929,negative,0.023852073826785315,0.0005818490329813501,11,5,1,0,Firmicutes,Firmicutes,1
Dehalobacterium.2,Sedimentibacter.8,0.7812981554823619,0.7812981554823619,positive,0.023852073826785315,0.0005829367414421583,9,6,9,0,Firmicutes,Firmicutes,1
midas_g_2901.1,Monoglobus.13,-0.7812601377102658,0.7812601377102658,negative,0.023852073826785315,0.0005835378829786833,5,5,1,0,WPS-2,Firmicutes,0
Acinetobacter.1,Thermovirga.1,-0.7812601377102658,0.7812601377102658,negative,0.023852073826785315,0.0005835378829786833,5,5,1,0,Proteobacteria,Synergistota,0
Lachnoclostridium.1,Petrimonas.2,-0.781204985622727,0.781204985622727,negative,0.023852073826785315,0.0005844108508581069,8,9,1,0,Firmicutes,Bacteroidota,0
Dechlorobacter.1,midas_g_51070.2,0.7811947106925675,0.7811947106925675,positive,0.023852073826785315,0.0005845736036531544,3,6,6,1,Proteobacteria,Firmicutes,0
Christensenellaceae_R-7_group.38,midas_g_36215.9,0.7811947106925675,0.7811947106925675,positive,0.023852073826785315,0.0005845736036531544,3,4,4,1,Firmicutes,Bacteroidota,0
Stappia.1,midas_g_36215.3,0.7811947106925675,0.7811947106925675,positive,0.023852073826785315,0.0005845736036531544,3,4,4,1,Proteobacteria,Bacteroidota,0
Proteiniclasticum.1,Novosphingobium.1,0.7811947106925675,0.7811947106925675,positive,0.023852073826785315,0.0005845736036531544,3,2,2,1,Firmicutes,Proteobacteria,0
Syner-01.9,Camelimonas.2,-0.7811051357831518,0.7811051357831518,negative,0.023852073826785315,0.0005859940146299125,7,1,5,0,Synergistota,Proteobacteria,0
Camelimonas.2,Aminiphilus.1,-0.7810797947515342,0.7810797947515342,negative,0.023852073826785315,0.0005863963626473116,6,5,1,0,Proteobacteria,Synergistota,0
Petrimonas.1,Thermovirga.2,0.7810548248408075,0.7810548248408075,positive,0.023852073826785315,0.0005867930380739687,13,5,5,1,Bacteroidota,Synergistota,0
Petrimonas.1,Intestinimonas.1,0.7810548248408075,0.7810548248408075,positive,0.023852073826785315,0.0005867930380739687,13,5,5,1,Bacteroidota,Firmicutes,0
Methanobacterium.89,Reyranella.2,0.781012658227848,0.781012658227848,positive,0.023852073826785315,0.0005874633982792841,4,4,4,1,Euryarchaeota,Proteobacteria,0
Devosia.9,Colidextribacter.6,0.781012658227848,0.781012658227848,positive,0.023852073826785315,0.0005874633982792841,4,4,4,1,Proteobacteria,Firmicutes,0
Devosia.9,Propionicicella.4,0.781012658227848,0.781012658227848,positive,0.023852073826785315,0.0005874633982792841,4,4,4,1,Proteobacteria,Actinobacteriota,0
Bacteria (unclassified).1,Methanobacterium.89,0.781012658227848,0.781012658227848,positive,0.023852073826785315,0.0005874633982792841,4,4,4,1,Bacteria (unclassified),Euryarchaeota,0
midas_g_35108.1,midas_g_3064.1,0.780591003054472,0.780591003054472,positive,0.024104657193639384,0.0005942011585682376,6,1,1,1,Chloroflexi,Chloroflexi,1
midas_g_114295.1,Camelimonas.2,0.7805755395683454,0.7805755395683454,positive,0.024104657193639384,0.0005944494442332752,12,5,5,1,Armatimonadota,Proteobacteria,0
Christensenellaceae_R-7_group.38,Lachnoclostridium.2,0.7804193461976598,0.7804193461976598,positive,0.02416512459992134,0.0005969620596441485,4,4,4,1,Firmicutes,Firmicutes,1
Camelimonas.2,midas_g_95534.1,-0.7804113386049387,0.7804113386049387,negative,0.02416512459992134,0.0005970911067711544,3,5,1,0,Proteobacteria,Firmicutes,0
Acinetobacter.2,midas_g_114295.1,0.7804113386049387,0.7804113386049387,positive,0.02416512459992134,0.0005970911067711544,6,5,5,1,Proteobacteria,Armatimonadota,0
Desulfosporosinus.1,Ruminiclostridium.13,0.7801560468156052,0.7801560468156052,positive,0.024316495772284348,0.000601217196388406,7,4,4,1,Firmicutes,Firmicutes,1
Alcaligenes.3,Arenimonas.2,0.7800786673616497,0.7800786673616497,positive,0.024344071134537015,0.0006024723922757213,5,2,6,0,Proteobacteria,Proteobacteria,1
midas_g_93469.1,Aminiphilus.1,-0.7799999999999999,0.7799999999999999,negative,0.024344071134537015,0.0006037506639541525,4,5,1,0,Firmicutes,Synergistota,0
Fermentimonas.2,midas_g_5574.2,0.7799722812507828,0.7799722812507828,positive,0.024344071134537015,0.0006042015931598313,8,5,5,1,Bacteroidota,Actinobacteriota,0
Comamonadaceae.3,Syntrophomonas.1,0.7799722812507828,0.7799722812507828,positive,0.024344071134537015,0.0006042015931598313,8,5,5,1,Proteobacteria,Firmicutes,0
Methanobacterium.4,midas_g_8129.1,-0.7799642218246869,0.7799642218246869,negative,0.024344071134537015,0.0006043327554677717,11,1,5,0,Euryarchaeota,Chloroflexi,0
Enterococcus.5,midas_g_82137.2,0.7799476033776028,0.7799476033776028,positive,0.024344071134537015,0.0006046032838028125,5,4,4,1,Firmicutes,Firmicutes,1
midas_g_82137.2,Christensenellaceae.7,0.7799476033776028,0.7799476033776028,positive,0.024344071134537015,0.0006046032838028125,5,4,4,1,Firmicutes,Firmicutes,1
Thermovirga.1,midas_g_3064.1,0.779808697231619,0.779808697231619,positive,0.02438790205643073,0.0006068683637100715,7,1,1,1,Synergistota,Chloroflexi,0
midas_g_44684.1,HN-HF0106.17,0.7797622695926573,0.7797622695926573,positive,0.02438790205643073,0.0006076269754117536,3,10,10,1,Chloroflexi,Firmicutes,0
Veillonellales-Selenomonadales.2,Christensenellaceae.15,0.7797622695926573,0.7797622695926573,positive,0.02438790205643073,0.0006076269754117536,3,10,10,1,Firmicutes,Firmicutes,1
HN-HF0106.17,Methanobacterium.20,0.7797622695926573,0.7797622695926573,positive,0.02438790205643073,0.0006076269754117536,3,10,10,1,Firmicutes,Euryarchaeota,0
Hungateiclostridiaceae.12,Proteiniphilum.13,0.7797622695926573,0.7797622695926573,positive,0.02438790205643073,0.0006076269754117536,3,10,10,1,Firmicutes,Bacteroidota,0
Phenylobacterium.1,midas_g_95485.1,0.7795760259314896,0.7795760259314896,positive,0.02449475274408303,0.0006106778900078465,5,4,4,1,Proteobacteria,Firmicutes,0
Dehalobacterium.1,Veillonellales-Selenomonadales.6,0.7794974092589266,0.7794974092589266,positive,0.024530944042784178,0.0006119694676620549,5,4,4,1,Firmicutes,Firmicutes,1
Lachnoclostridium.1,Taibaiella.1,0.7793966407486004,0.7793966407486004,positive,0.02458179831109169,0.0006136282214007558,11,9,9,1,Firmicutes,Bacteroidota,0
Christensenellaceae_R-7_group.2,Bellilinea.1,0.7791937224739796,0.7791937224739796,positive,0.02465336087475536,0.0006169795616765989,4,1,1,1,Firmicutes,Chloroflexi,0
EBM-39.1,midas_g_92370.1,-0.7791937224739796,0.7791937224739796,negative,0.02465336087475536,0.0006169795616765989,4,5,1,0,Synergistota,Firmicutes,0
Desulfovibrio.2,midas_g_92370.1,-0.7791937224739796,0.7791937224739796,negative,0.02465336087475536,0.0006169795616765989,4,9,1,0,Desulfobacterota,Firmicutes,0
EBM-39.1,midas_g_77817.1,0.7791937224739796,0.7791937224739796,positive,0.02465336087475536,0.0006169795616765989,4,5,2,0,Synergistota,Firmicutes,0
Pseudarcobacter.1,Desulfovibrio.1,0.7791059088715573,0.7791059088715573,positive,0.024695836425970185,0.0006184344729771313,11,5,5,1,Campylobacterota,Desulfobacterota,0
Methanoculleus.1,Leucobacter.1,0.7790476190476188,0.7790476190476188,positive,0.024718798645317758,0.0006194017688284626,9,6,6,1,Halobacterota,Actinobacteriota,0
Comamonadaceae.3,midas_g_84729.1,-0.7788909067301099,0.7788909067301099,negative,0.02480711412907302,0.0006220084477090071,3,5,1,0,Proteobacteria,Chloroflexi,0
Monoglobus.2,midas_g_49937.1,-0.7788555533886559,0.7788555533886559,negative,0.024814910407563524,0.0006225977299387109,2,9,1,0,Firmicutes,Chloroflexi,0
Proteiniphilum.1,Monoglobus.13,0.7786253932419622,0.7786253932419622,positive,0.02495247771818751,0.0006264452304277246,7,1,1,1,Bacteroidota,Firmicutes,0
Romboutsia.3,Desulfovibrio.4,0.778361344537815,0.778361344537815,positive,0.025097514399471867,0.0006308830229593969,6,6,6,1,Firmicutes,Desulfobacterota,0
Sphaerochaeta.7,Pseudolabrys.2,0.778361344537815,0.778361344537815,positive,0.025097514399471867,0.0006308830229593969,6,10,10,1,Spirochaetota,Proteobacteria,0
midas_g_5574.2,Camelimonas.2,0.778295558414394,0.778295558414394,positive,0.02510996800585333,0.0006319926398244152,8,5,5,1,Actinobacteriota,Proteobacteria,0
Desulfobulbus.1,midas_g_6187.2,0.7782852248092998,0.7782852248092998,positive,0.02510996800585333,0.0006321670812163383,9,5,5,1,Desulfobacterota,Armatimonadota,0
Romboutsia.1,midas_g_49937.1,-0.7781951576794889,0.7781951576794889,negative,0.02510996800585333,0.0006336891609611546,5,5,1,0,Firmicutes,Chloroflexi,0
midas_g_3409.1,midas_g_84729.1,0.7781951576794889,0.7781951576794889,positive,0.02510996800585333,0.0006336891609611546,5,1,1,1,WS1,Chloroflexi,0
midas_g_15299.1,Christensenellaceae.7,-0.7781951576794889,0.7781951576794889,negative,0.02510996800585333,0.0006336891609611546,5,5,4,0,Bacteroidota,Firmicutes,0
Christensenellaceae_R-7_group.1,Actinomyces.4,-0.7781818181818183,0.7781818181818183,negative,0.02510996800585333,0.0006339148434684096,7,1,9,0,Firmicutes,Actinobacteriota,0
Thermovirga.2,midas_g_2901.1,0.778175313059034,0.778175313059034,positive,0.02510996800585333,0.000634024923219595,13,5,5,1,Synergistota,WPS-2,0
Azoarcus.2,HN-HF0106.5,0.7781541039690077,0.7781541039690077,positive,0.02510996800585333,0.000634383931591686,6,5,5,1,Proteobacteria,Firmicutes,0
Brevundimonas.5,Parapusillimonas.1,0.7778935730553145,0.7778935730553145,positive,0.025269186201254956,0.000638807465302935,6,6,4,0,Proteobacteria,Proteobacteria,1
Dysgonomonas.1,Monoglobus.2,0.7777827737649295,0.7777827737649295,positive,0.02532800297808826,0.000640696301569059,12,9,9,1,Bacteroidota,Firmicutes,0
Acinetobacter.2,Romboutsia.1,0.7776191602844919,0.7776191602844919,positive,0.02535904760346445,0.0006434937810318287,6,5,5,1,Proteobacteria,Firmicutes,0
Methanosarcina.1,midas_g_95534.1,-0.7776191602844919,0.7776191602844919,negative,0.02535904760346445,0.0006434937810318287,5,5,1,0,Halobacterota,Firmicutes,0
Christensenellaceae_R-7_group.2,midas_g_95534.1,0.7776191602844919,0.7776191602844919,positive,0.02535904760346445,0.0006434937810318287,6,1,1,1,Firmicutes,Firmicutes,1
midas_g_2178.1,Petrimonas.4,0.7776191602844919,0.7776191602844919,positive,0.02535904760346445,0.0006434937810318287,6,1,1,1,Chloroflexi,Bacteroidota,0
Desulfovibrio.2,Methanobacterium.5,-0.7776191602844919,0.7776191602844919,negative,0.02535904760346445,0.0006434937810318287,6,9,1,0,Desulfobacterota,Euryarchaeota,0
Clostridiaceae.10,Devosia.2,0.7773651421277508,0.7773651421277508,positive,0.025515025427962867,0.0006478566776389467,5,6,6,1,Firmicutes,Proteobacteria,0
Oscillibacter.3,Comamonadaceae.3,0.7773024229713917,0.7773024229713917,positive,0.025515100579924663,0.0006489376053071717,11,5,5,1,Firmicutes,Proteobacteria,0
Aquamicrobium.2,midas_g_3595.1,0.7772727272727274,0.7772727272727274,positive,0.025515100579924663,0.0006494499042799518,10,5,5,1,Proteobacteria,Firmicutes,0
midas_g_91392.1,Sphingopyxis.5,0.777211966942379,0.777211966942379,positive,0.025515100579924663,0.0006504991430342074,6,6,6,1,Firmicutes,Proteobacteria,0
midas_g_110683.3,Clostridium_sensu_stricto_1.7,0.777211966942379,0.777211966942379,positive,0.025515100579924663,0.0006504991430342074,6,4,4,1,Firmicutes,Firmicutes,1
Rhizobiaceae.1,Methanobacterium.89,0.7771912039060895,0.7771912039060895,positive,0.025515100579924663,0.0006508580048910827,5,4,4,1,Proteobacteria,Euryarchaeota,0
Bradyrhizobium.2,Methanobacterium.96,0.7771912039060895,0.7771912039060895,positive,0.025515100579924663,0.0006508580048910827,5,4,4,1,Proteobacteria,Euryarchaeota,0
Syntrophomonas.2,midas_g_77185.2,0.777177330467085,0.777177330467085,positive,0.025515100579924663,0.0006510978787653356,5,4,4,1,Firmicutes,Cyanobacteria,0
Proteiniphilum.14,Christensenellaceae.7,0.777177330467085,0.777177330467085,positive,0.025515100579924663,0.0006510978787653356,5,10,4,0,Bacteroidota,Firmicutes,0
Petrimonas.2,Ercella.1,0.7769543156827231,0.7769543156827231,positive,0.025650642187668625,0.000654963710920729,8,1,1,1,Bacteroidota,Firmicutes,0
Aminiphilus.1,Methanothrix.1,0.7763449520630873,0.7763449520630873,positive,0.026003408894337353,0.0006656219022211913,4,1,1,1,Synergistota,Halobacterota,0
Christensenellaceae_R-7_group.44,Syntrophobotulaceae.7,0.7763449520630873,0.7763449520630873,positive,0.026003408894337353,0.0006656219022211913,4,1,1,1,Firmicutes,Firmicutes,1
Ercella.1,Bellilinea.1,0.7763449520630873,0.7763449520630873,positive,0.026003408894337353,0.0006656219022211913,4,1,1,1,Firmicutes,Chloroflexi,0
Aminiphilus.1,Pelolinea.3,0.7763449520630873,0.7763449520630873,positive,0.026003408894337353,0.0006656219022211913,4,1,1,1,Synergistota,Chloroflexi,0
Thermovirga.2,midas_g_5574.2,0.7762042992157548,0.7762042992157548,positive,0.026052831494832007,0.0006681019280718575,8,5,5,1,Synergistota,Actinobacteriota,0
Ruminiclostridium.9,Comamonadaceae.3,0.7762042992157548,0.7762042992157548,positive,0.026052831494832007,0.0006681019280718575,8,6,5,0,Firmicutes,Proteobacteria,0
Aquamicrobium.2,midas_g_36376.1,0.7761794544140843,0.7761794544140843,positive,0.026052831494832007,0.0006685407770835585,9,5,5,1,Proteobacteria,Planctomycetota,0
Papillibacter.1,midas_g_97311.1,-0.7761794544140843,0.7761794544140843,negative,0.026052831494832007,0.0006685407770835585,6,-1,1,0,Firmicutes,Firmicutes,1
Thermovirga.1,midas_g_85764.2,0.7761552465755253,0.7761552465755253,positive,0.026053391458880682,0.0006689686003184839,7,1,1,1,Synergistota,Firmicutes,0
midas_g_77185.2,Christensenellaceae_R-7_group.57,0.7759493670886076,0.7759493670886076,positive,0.02616310520948845,0.0006726160922869726,4,4,4,1,Cyanobacteria,Firmicutes,0
Bacteria (unclassified).1,Stappia.1,0.7759493670886076,0.7759493670886076,positive,0.02616310520948845,0.0006726160922869726,4,4,4,1,Bacteria (unclassified),Proteobacteria,0
Clostridiaceae.1,Rhizobiaceae.1,0.77582693278754,0.77582693278754,positive,0.026199259259819682,0.0006747928679132787,7,4,4,1,Firmicutes,Proteobacteria,0
Aquamicrobium.1,midas_g_49834.1,0.77582693278754,0.77582693278754,positive,0.026199259259819682,0.0006747928679132787,7,10,10,1,Proteobacteria,Firmicutes,0
Romboutsia.3,midas_g_82137.2,0.77582693278754,0.77582693278754,positive,0.026199259259819682,0.0006747928679132787,7,6,4,0,Firmicutes,Firmicutes,1
Christensenellaceae_R-7_group.1,Lachnoclostridium.1,-0.775779951000347,0.775779951000347,negative,0.02621559652194617,0.0006756296815253845,8,1,9,0,Firmicutes,Firmicutes,1
Petrimonas.4,Syntrophobotulaceae.7,0.7756315349925287,0.7756315349925287,positive,0.02628832164472634,0.0006782787264623614,4,1,1,1,Bacteroidota,Firmicutes,0
Lachnoclostridium.1,Monoglobus.13,-0.7755896832410126,0.7755896832410126,negative,0.02628832164472634,0.0006790272527012729,4,9,1,0,Firmicutes,Firmicutes,1
Romboutsia.3,Comamonadaceae.6,0.7755533161038151,0.7755533161038151,positive,0.02628832164472634,0.0006796782304942205,4,6,6,1,Firmicutes,Proteobacteria,0
Azoarcus.2,Camelimonas.2,0.7755270947888456,0.7755270947888456,positive,0.02628832164472634,0.0006801479109268542,9,5,5,1,Proteobacteria,Proteobacteria,1
Syner-01.1,Firmicutes.26,0.775510949993674,0.775510949993674,positive,0.02628832164472634,0.0006804372302571544,8,5,5,1,Synergistota,Firmicutes,0
Terrisporobacter.1,Anaerostignum.2,0.775510949993674,0.775510949993674,positive,0.02628832164472634,0.0006804372302571544,8,5,5,1,Firmicutes,Firmicutes,1
midas_g_98017.1,Ruminiclostridium.1,0.775510949993674,0.775510949993674,positive,0.02628832164472634,0.0006804372302571544,8,5,5,1,Firmicutes,Firmicutes,1
midas_g_76603.1,Bacteria (unclassified).39,0.775465145886927,0.775465145886927,positive,0.02628832164472634,0.000681258597229792,5,1,1,1,Firmicutes,Bacteria (unclassified),0
midas_g_82137.2,Desulfovibrio.3,0.775465145886927,0.775465145886927,positive,0.02628832164472634,0.000681258597229792,5,4,4,1,Firmicutes,Desulfobacterota,0
Syner-01.9,midas_g_49937.1,0.7751532976042129,0.7751532976042129,positive,0.026481208615835337,0.0006868721522334813,5,1,1,1,Synergistota,Chloroflexi,0
Mesotoga.1,Sulfurospirillum.1,0.7749999999999999,0.7749999999999999,positive,0.026481208615835337,0.0006896453939514359,15,5,5,1,Thermotogota,Campylobacterota,0
Dysgonomonas.1,Geobacteraceae.1,-0.7749999999999999,0.7749999999999999,negative,0.026481208615835337,0.0006896453939514359,14,9,1,0,Bacteroidota,Desulfobacterota,0
Methanobacterium.89,Afipia.3,0.7749618682522218,0.7749618682522218,positive,0.026481208615835337,0.0006903366299939373,4,4,4,1,Euryarchaeota,Proteobacteria,0
Methanobacterium.20,midas_g_95485.1,0.7749618682522218,0.7749618682522218,positive,0.026481208615835337,0.0006903366299939373,4,10,4,0,Euryarchaeota,Firmicutes,0
Christensenellaceae_R-7_group.57,Veillonellales-Selenomonadales.2,0.7749618682522218,0.7749618682522218,positive,0.026481208615835337,0.0006903366299939373,4,4,10,0,Firmicutes,Firmicutes,1
midas_g_44684.1,Christensenellaceae_R-7_group.19,0.7749618682522218,0.7749618682522218,positive,0.026481208615835337,0.0006903366299939373,4,10,6,0,Chloroflexi,Firmicutes,0
Bacteria (unclassified).39,Flavobacterium.3,0.7749618682522218,0.7749618682522218,positive,0.026481208615835337,0.0006903366299939373,4,1,10,0,Bacteria (unclassified),Bacteroidota,0
midas_g_669.2,midas_g_98017.1,0.7749319199255382,0.7749319199255382,positive,0.026481208615835337,0.0006908799150098914,8,5,5,1,Firmicutes,Firmicutes,1
midas_g_97954.1,Ruminiclostridium.9,0.7749319199255382,0.7749319199255382,positive,0.026481208615835337,0.0006908799150098914,8,5,6,0,Firmicutes,Firmicutes,1
midas_g_669.2,Ruminiclostridium.9,0.7749319199255382,0.7749319199255382,positive,0.026481208615835337,0.0006908799150098914,8,5,6,0,Firmicutes,Firmicutes,1
Acinetobacter.1,Monoglobus.2,0.77489069719033,0.77489069719033,positive,0.02649377831938066,0.0006916282942739896,12,5,9,0,Proteobacteria,Firmicutes,0
Lentimicrobium.1,Monoglobus.13,0.7747516350666291,0.7747516350666291,positive,0.02655838321625425,0.000694157761087548,7,1,1,1,Bacteroidota,Firmicutes,0
Mesotoga.1,midas_g_49834.1,-0.7747516350666291,0.7747516350666291,negative,0.02655838321625425,0.000694157761087548,7,5,10,0,Thermotogota,Firmicutes,0
midas_g_97311.1,LNR_A2-18.2,0.774673510337773,0.774673510337773,positive,0.026560326508562198,0.0006955821023620977,10,1,1,1,Firmicutes,Cloacimonadota,0
Methanosarcina.1,Pelolinea.3,-0.7746102299888384,0.7746102299888384,negative,0.026560326508562198,0.0006967375459208003,3,5,1,0,Halobacterota,Chloroflexi,0
Methanosarcina.1,Methanothrix.1,-0.7746102299888384,0.7746102299888384,negative,0.026560326508562198,0.0006967375459208003,3,5,1,0,Halobacterota,Halobacterota,1
Christensenellaceae_R-7_group.2,Pelolinea.3,0.7746102299888384,0.7746102299888384,positive,0.026560326508562198,0.0006967375459208003,4,1,1,1,Firmicutes,Chloroflexi,0
EBM-39.1,Trichloromonas.1,0.7746102299888384,0.7746102299888384,positive,0.026560326508562198,0.0006967375459208003,4,5,2,0,Synergistota,Desulfobacterota,0
Christensenellaceae_R-7_group.2,Methanothrix.1,0.7746102299888384,0.7746102299888384,positive,0.026560326508562198,0.0006967375459208003,4,1,1,1,Firmicutes,Halobacterota,0
midas_g_5574.2,Alcaligenaceae.1,0.7744069054841975,0.7744069054841975,positive,0.026686110132230986,0.0007004606303156449,8,5,5,1,Actinobacteriota,Proteobacteria,0
Methanobacterium.4,Hydrogenophaga.7,-0.7743203081982409,0.7743203081982409,negative,0.02673054703721976,0.0007020512163423795,6,1,5,0,Euryarchaeota,Proteobacteria,0
Dysgonomonas.1,Gordonia.1,0.7741985213512662,0.7741985213512662,positive,0.02678184309537258,0.0007042931140147829,12,9,9,1,Bacteroidota,Actinobacteriota,0
Petrimonas.2,midas_g_85764.2,0.7741628630515277,0.7741628630515277,positive,0.02678184309537258,0.000704950624679724,9,1,1,1,Bacteroidota,Firmicutes,0
Parapusillimonas.1,Leucobacter.1,0.7741548464554854,0.7741548464554854,positive,0.02678184309537258,0.0007050985129530439,7,4,6,0,Proteobacteria,Actinobacteriota,0
Pelotomaculum.2,Pseudolabrys.2,0.7741548464554854,0.7741548464554854,positive,0.02678184309537258,0.0007050985129530439,7,10,10,1,Firmicutes,Proteobacteria,0
Hyphomonas.1,Thauera.1,0.7739454739441634,0.7739454739441634,positive,0.026892142679223054,0.0007089699006325493,7,5,5,1,Proteobacteria,Proteobacteria,1
Acinetobacter.1,Methanosarcina.1,0.7739055815928366,0.7739055815928366,positive,0.026892142679223054,0.0007097094816318269,13,5,5,1,Proteobacteria,Halobacterota,0
Sphingopyxis.1,Methanobacterium.2,0.7739055815928366,0.7739055815928366,positive,0.026892142679223054,0.0007097094816318269,13,9,9,1,Proteobacteria,Euryarchaeota,0
Methanobacterium.4,Lentimicrobium.1,0.7739055815928366,0.7739055815928366,positive,0.026892142679223054,0.0007097094816318269,13,1,1,1,Euryarchaeota,Bacteroidota,0
midas_g_5574.1,midas_g_93469.1,0.7737856732181084,0.7737856732181084,positive,0.026920256729856082,0.0007119362865118617,8,5,5,1,Actinobacteriota,Firmicutes,0
Dehalobacterium.2,Fonticella.2,0.7737856732181084,0.7737856732181084,positive,0.026920256729856082,0.0007119362865118617,9,6,6,1,Firmicutes,Firmicutes,1
Monoglobus.1,Ruminiclostridium.13,0.7737852829644148,0.7737852829644148,positive,0.026920256729856082,0.0007119435431219938,7,4,4,1,Firmicutes,Firmicutes,1
Hydrogenophaga.7,midas_g_21833.1,0.7737277124029404,0.7737277124029404,positive,0.026920256729856082,0.0007130147027982639,7,5,2,0,Proteobacteria,Actinobacteriota,0
Hydrogenophaga.5,Leucobacter.1,0.7737277124029404,0.7737277124029404,positive,0.026920256729856082,0.0007130147027982639,8,6,6,1,Proteobacteria,Actinobacteriota,0
Desulfitibacter.9,Syntrophomonas.1,0.7737277124029404,0.7737277124029404,positive,0.026920256729856082,0.0007130147027982639,7,5,5,1,Firmicutes,Firmicutes,1
Acinetobacter.1,Monoglobus.13,-0.7735056946560697,0.7735056946560697,negative,0.027060469395720276,0.0007171578362086657,5,5,1,0,Proteobacteria,Firmicutes,0
Proteiniphilum.15,Caproiciproducens.1,0.7732239171415891,0.7732239171415891,positive,0.027188674526653286,0.0007224442947047101,5,4,4,1,Bacteroidota,Firmicutes,0
Veillonellales-Selenomonadales.2,Proteiniphilum.17,0.7732096454784333,0.7732096454784333,positive,0.027188674526653286,0.0007227128865354406,3,10,10,1,Firmicutes,Bacteroidota,0
Allorhizobium-Neorhizobium-Pararhizobium-Rhizobium.1,Methanobacterium.20,0.7732096454784333,0.7732096454784333,positive,0.027188674526653286,0.0007227128865354406,3,10,10,1,Proteobacteria,Euryarchaeota,0
Veillonellales-Selenomonadales.2,Methylobacter.1,0.7732096454784333,0.7732096454784333,positive,0.027188674526653286,0.0007227128865354406,3,10,10,1,Firmicutes,Proteobacteria,0
midas_g_44684.1,Allorhizobium-Neorhizobium-Pararhizobium-Rhizobium.1,0.7732096454784333,0.7732096454784333,positive,0.027188674526653286,0.0007227128865354406,3,10,10,1,Chloroflexi,Proteobacteria,0
Syntrophomonas.28,midas_g_36215.2,0.7730969687246119,0.7730969687246119,positive,0.02724855294308527,0.0007248363048880677,11,1,1,1,Firmicutes,Bacteroidota,0
Methanomassiliicoccus.2,midas_g_77817.1,0.7730280475365978,0.7730280475365978,positive,0.02724855294308527,0.0007261376351192336,4,2,2,1,Thermoplasmatota,Firmicutes,0
Hydrogenophaga.1,Methanobacterium.2,-0.7730043429927896,0.7730043429927896,negative,0.02724855294308527,0.0007265856488888401,11,-1,9,0,Proteobacteria,Euryarchaeota,0
Ercella.1,Bacteria (unclassified).39,0.772973248669402,0.772973248669402,positive,0.02724855294308527,0.0007271736691302447,5,1,1,1,Firmicutes,Bacteria (unclassified),0
midas_g_2604.3,Christensenellaceae_R-7_group.44,0.772973248669402,0.772973248669402,positive,0.02724855294308527,0.0007271736691302447,5,1,1,1,Firmicutes,Firmicutes,1
midas_g_35108.1,midas_g_76603.1,0.7729649070137322,0.7729649070137322,positive,0.02724855294308527,0.0007273314826906627,5,1,1,1,Chloroflexi,Firmicutes,0
Clostridiaceae.1,Colidextribacter.4,0.7729649070137322,0.7729649070137322,positive,0.02724855294308527,0.0007273314826906627,6,4,6,0,Firmicutes,Firmicutes,1
Alcaligenes.3,Sphaerochaeta.1,-0.7728147559789625,0.7728147559789625,negative,0.027338899439536636,0.000730176909206528,6,2,-1,0,Proteobacteria,Spirochaetota,0
Brevundimonas.5,Dehalobacter.2,0.7727272727272727,0.7727272727272727,positive,0.027384856014671118,0.0007318389172042111,5,6,6,1,Proteobacteria,Firmicutes,0
Bradyrhizobium.2,midas_g_77185.2,0.7725787932004154,0.7725787932004154,positive,0.02745806134326159,0.000734666763334162,5,4,4,1,Proteobacteria,Cyanobacteria,0
Thauera.1,Pseudomonas.2,0.7725787932004153,0.7725787932004153,positive,0.02745806134326159,0.0007346667633341646,5,5,6,0,Proteobacteria,Proteobacteria,1
Acinetobacter.2,Oscillibacter.3,0.7724598467726547,0.7724598467726547,positive,0.027512885578085886,0.0007369385357092119,6,5,5,1,Proteobacteria,Firmicutes,0
Acinetobacter.1,midas_g_76603.1,-0.772436317180727,0.772436317180727,negative,0.027512885578085886,0.0007373886052544701,6,5,1,0,Proteobacteria,Firmicutes,0
midas_g_85764.2,Aminiphilus.1,0.7723809523809522,0.7723809523809522,positive,0.027512885578085886,0.0007384484929775444,8,1,1,1,Firmicutes,Synergistota,0
Proteiniphilum.14,Christensenellaceae_R-7_group.38,0.7723799395382759,0.7723799395382759,positive,0.027512885578085886,0.0007384678940591014,5,10,4,0,Bacteroidota,Firmicutes,0
midas_g_95534.1,midas_g_84729.1,0.7723799395382759,0.7723799395382759,positive,0.027512885578085886,0.0007384678940591014,5,1,1,1,Firmicutes,Chloroflexi,0
midas_g_3595.1,Proteiniclasticum.1,0.7723650406649869,0.7723650406649869,positive,0.027512885578085886,0.0007387533309759945,5,5,2,0,Firmicutes,Firmicutes,1
HN-HF0106.5,Oscillibacter.2,0.7723241744743177,0.7723241744743177,positive,0.027525792493234662,0.0007395367170953484,6,5,5,1,Firmicutes,Firmicutes,1
Alcaligenes.3,Romboutsia.3,0.7720588235294118,0.7720588235294118,positive,0.02769936962160513,0.000744639796537263,6,2,6,0,Proteobacteria,Firmicutes,0
Tissierella.5,Bacteria (unclassified).35,0.7718504725382576,0.7718504725382576,positive,0.027726337326500736,0.0007486666885348214,3,6,6,1,Firmicutes,Bacteria (unclassified),0
midas_g_35108.1,Desulfurispora.1,0.7718504725382576,0.7718504725382576,positive,0.027726337326500736,0.0007486666885348214,3,1,1,1,Chloroflexi,Firmicutes,0
Methanobacterium.5,Azorhizobium.1,0.7718504725382576,0.7718504725382576,positive,0.027726337326500736,0.0007486666885348214,3,1,1,1,Euryarchaeota,Proteobacteria,0
Proteiniborus.5,Proteiniborus.4,0.7718504725382576,0.7718504725382576,positive,0.027726337326500736,0.0007486666885348214,3,4,4,1,Firmicutes,Firmicutes,1
Acinetobacter.2,Methanobacterium.61,0.7718504725382576,0.7718504725382576,positive,0.027726337326500736,0.0007486666885348214,3,5,5,1,Proteobacteria,Euryarchaeota,0
Arenimonas.2,Syntrophomonas.15,0.7718504725382576,0.7718504725382576,positive,0.027726337326500736,0.0007486666885348214,3,6,6,1,Proteobacteria,Firmicutes,0
Pelotomaculum.1,Anaerovorax.12,0.7718504725382576,0.7718504725382576,positive,0.027726337326500736,0.0007486666885348214,3,6,6,1,Firmicutes,Firmicutes,1
midas_g_9269.1,midas_g_49937.1,0.7718165088460505,0.7718165088460505,positive,0.027726337326500736,0.0007493247923799593,5,1,1,1,Bacteroidota,Chloroflexi,0
Sulfurospirillum.1,Christensenellaceae_R-7_group.38,-0.7718165088460505,0.7718165088460505,negative,0.027726337326500736,0.0007493247923799593,5,5,4,0,Campylobacterota,Firmicutes,0
Methanobacterium.2,Monoglobus.1,0.7717463337315688,0.7717463337315688,positive,0.027742519228212206,0.0007506860412365559,8,9,4,0,Euryarchaeota,Firmicutes,0
Acetobacterium.1,Christensenellaceae_R-7_group.4,0.7717463337315688,0.7717463337315688,positive,0.027742519228212206,0.0007506860412365559,8,5,5,1,Firmicutes,Firmicutes,1
Methanobacterium.4,Syner-01.9,0.7717258943601494,0.7717258943601494,positive,0.027742519228212206,0.0007510828990911547,10,1,1,1,Euryarchaeota,Synergistota,0
Aminiphilus.1,Bellilinea.1,0.7716111413797758,0.7716111413797758,positive,0.02777608986937582,0.0007533141458527197,4,1,1,1,Synergistota,Chloroflexi,0
Ercella.1,Methanothrix.1,0.7716111413797758,0.7716111413797758,positive,0.02777608986937582,0.0007533141458527197,4,1,1,1,Firmicutes,Halobacterota,0
Ercella.1,Pelolinea.3,0.7716111413797758,0.7716111413797758,positive,0.02777608986937582,0.0007533141458527197,4,1,1,1,Firmicutes,Chloroflexi,0
Methanosarcina.1,Aminivibrio.1,0.7714285714285712,0.7714285714285712,positive,0.027858485990925948,0.0007568751073803476,14,5,5,1,Halobacterota,Synergistota,0
midas_g_36215.1,Sulfurospirillum.1,-0.7714285714285712,0.7714285714285712,negative,0.027858485990925948,0.0007568751073803476,15,1,5,0,Bacteroidota,Campylobacterota,0
Petrimonas.1,Aminivibrio.1,0.7714285714285712,0.7714285714285712,positive,0.027858485990925948,0.0007568751073803476,15,5,5,1,Bacteroidota,Synergistota,0
Pseudarcobacter.1,Christensenellaceae_R-7_group.3,0.7712024680673985,0.7712024680673985,positive,0.028005146806131673,0.0007613040987543015,11,5,5,1,Campylobacterota,Firmicutes,0
midas_g_77185.2,Caproiciproducens.1,0.7708860759493671,0.7708860759493671,positive,0.028182961133238666,0.0007675369889252263,4,4,4,1,Cyanobacteria,Firmicutes,0
Reyranella.2,Propionicicella.4,0.7708860759493671,0.7708860759493671,positive,0.028182961133238666,0.0007675369889252263,4,4,4,1,Proteobacteria,Actinobacteriota,0
Reyranella.2,Colidextribacter.6,0.7708860759493671,0.7708860759493671,positive,0.028182961133238666,0.0007675369889252263,4,4,4,1,Proteobacteria,Firmicutes,0
Fermentimonas.2,midas_g_92370.1,-0.7707151835397387,0.7707151835397387,negative,0.028182961133238666,0.0007709207370681579,2,5,1,0,Bacteroidota,Firmicutes,0
Comamonadaceae.3,midas_g_92370.1,-0.7707151835397387,0.7707151835397387,negative,0.028182961133238666,0.0007709207370681579,2,5,1,0,Proteobacteria,Firmicutes,0
Thermovirga.2,midas_g_92370.1,-0.7707151835397387,0.7707151835397387,negative,0.028182961133238666,0.0007709207370681579,2,5,1,0,Synergistota,Firmicutes,0
Acinetobacter.1,midas_g_92370.1,-0.7707151835397387,0.7707151835397387,negative,0.028182961133238666,0.0007709207370681579,2,5,1,0,Proteobacteria,Firmicutes,0
midas_g_5574.1,midas_g_97954.1,0.7706746355884526,0.7706746355884526,positive,0.028182961133238666,0.0007717253794731734,9,5,5,1,Actinobacteriota,Firmicutes,0
Comamonadaceae.2,Rhodococcus.1,0.770614268937603,0.770614268937603,positive,0.028182961133238666,0.0007729245710574797,12,5,5,1,Proteobacteria,Actinobacteriota,0
Monoglobus.2,Enterobacteriaceae.1,0.770614268937603,0.770614268937603,positive,0.028182961133238666,0.0007729245710574797,12,9,9,1,Firmicutes,Proteobacteria,0
Sulfurospirillum.1,midas_g_36215.2,-0.770614268937603,0.770614268937603,negative,0.028182961133238666,0.0007729245710574797,12,5,1,0,Campylobacterota,Bacteroidota,0
Cryptanaerobacter.1,midas_g_92370.1,0.7705882352941176,0.7705882352941176,positive,0.028182961133238666,0.0007734421993576562,3,1,1,1,Firmicutes,Firmicutes,1
Methanobacterium.20,Christensenellaceae_R-7_group.42,0.7705882352941176,0.7705882352941176,positive,0.028182961133238666,0.0007734421993576562,3,10,10,1,Euryarchaeota,Firmicutes,0
Hungateiclostridiaceae.12,midas_g_44684.1,0.7705882352941176,0.7705882352941176,positive,0.028182961133238666,0.0007734421993576562,3,10,10,1,Firmicutes,Chloroflexi,0
Oxobacteraceae.3,Christensenellaceae_R-7_group.42,0.7705882352941176,0.7705882352941176,positive,0.028182961133238666,0.0007734421993576562,3,10,10,1,Firmicutes,Firmicutes,1
Sphaerochaeta.7,Flavobacterium.3,0.7705818204877651,0.7705818204877651,positive,0.028182961133238666,0.0007735697884793686,4,10,10,1,Spirochaetota,Bacteroidota,0
Anaerostignum.2,Alcaligenaceae.1,0.7705732079322957,0.7705732079322957,positive,0.028182961133238666,0.0007737411172200287,8,5,5,1,Firmicutes,Proteobacteria,0
Phenylobacterium.1,Afipia.3,0.7704606580925785,0.7704606580925785,positive,0.028183161951966178,0.0007759828924788351,4,4,4,1,Proteobacteria,Proteobacteria,1
midas_g_91392.1,Comamonadaceae.6,0.7704606580925785,0.7704606580925785,positive,0.028183161951966178,0.0007759828924788351,4,6,6,1,Firmicutes,Proteobacteria,0
Pelotomaculum.4,Thermobrachium.2,0.7704606580925785,0.7704606580925785,positive,0.028183161951966178,0.0007759828924788351,4,6,6,1,Firmicutes,Firmicutes,1
Rhodococcus.4,Sphingopyxis.3,0.7704606580925785,0.7704606580925785,positive,0.028183161951966178,0.0007759828924788351,4,6,4,0,Actinobacteriota,Proteobacteria,0
Arenimonas.2,midas_g_2604.2,0.7704606580925785,0.7704606580925785,positive,0.028183161951966178,0.0007759828924788351,4,6,6,1,Proteobacteria,Firmicutes,0
Methanobacterium.4,Oscillibacter.3,-0.7700884793707292,0.7700884793707292,negative,0.028428750896818997,0.000783433537031006,9,1,5,0,Euryarchaeota,Firmicutes,0
Methanosarcina.1,Cryptanaerobacter.1,-0.7700267375036975,0.7700267375036975,negative,0.028428750896818997,0.0007846751416768554,3,5,1,0,Halobacterota,Firmicutes,0
Mesotoga.1,Lachnoclostridium.2,-0.7700267375036975,0.7700267375036975,negative,0.028428750896818997,0.0007846751416768554,4,5,4,0,Thermotogota,Firmicutes,0
Methanobacterium.89,Syntrophomonas.2,0.7699812440738713,0.7699812440738713,positive,0.028428750896818997,0.0007855910179220053,5,4,4,1,Euryarchaeota,Firmicutes,0
Methanobacterium.89,Proteiniborus.5,0.7699812440738713,0.7699812440738713,positive,0.028428750896818997,0.0007855910179220053,5,4,4,1,Euryarchaeota,Firmicutes,0
midas_g_95534.1,midas_g_554.2,0.7699812440738713,0.7699812440738713,positive,0.028428750896818997,0.0007855910179220053,5,1,1,1,Firmicutes,Firmicutes,1
midas_g_82137.2,midas_g_2178.3,0.7698412698412699,0.7698412698412699,positive,0.028428750896818997,0.0007884144286302543,8,4,4,1,Firmicutes,Chloroflexi,0
Ruminiclostridium.9,Clostridiaceae.10,0.7698396334461417,0.7698396334461417,positive,0.028428750896818997,0.0007884474848664959,8,6,6,1,Firmicutes,Firmicutes,1
Ruminiclostridium.9,Leucobacter.1,0.7698396334461417,0.7698396334461417,positive,0.028428750896818997,0.0007884474848664959,8,6,6,1,Firmicutes,Actinobacteriota,0
midas_g_5574.2,Syntrophomonadaceae.1,0.7698396334461417,0.7698396334461417,positive,0.028428750896818997,0.0007884474848664959,7,5,2,0,Actinobacteriota,Firmicutes,0
midas_g_93469.1,Methanobacterium.5,-0.7698316001832429,0.7698316001832429,negative,0.028428750896818997,0.000788609778265776,1,5,1,0,Firmicutes,Euryarchaeota,0
midas_g_93469.1,Ca_Phosphitivorax.1,-0.7698316001832429,0.7698316001832429,negative,0.028428750896818997,0.000788609778265776,1,5,1,0,Firmicutes,SAR324_cladeMarine_group_B,0
midas_g_93469.1,Petrimonas.4,-0.7698316001832429,0.7698316001832429,negative,0.028428750896818997,0.000788609778265776,1,5,1,0,Firmicutes,Bacteroidota,0
Aquamicrobium.1,Clostridium_sensu_stricto_5.1,0.7697019833181646,0.7697019833181646,positive,0.02850697641350099,0.0007912321348781736,7,10,10,1,Proteobacteria,Firmicutes,0
Mesotoga.1,Syntrophomonas.2,-0.7695609306442381,0.7695609306442381,negative,0.028561091567560627,0.0007940938906650276,6,5,4,0,Thermotogota,Firmicutes,0
Romboutsia.1,Devosia.1,0.769560930644238,0.769560930644238,positive,0.028561091567560627,0.0007940938906650303,6,5,2,0,Firmicutes,Proteobacteria,0
midas_g_2178.1,Methanobacterium.5,0.769560930644238,0.769560930644238,positive,0.028561091567560627,0.0007940938906650303,6,1,1,1,Chloroflexi,Euryarchaeota,0
Methanobacterium.4,Camelimonas.2,-0.7695095117931751,0.7695095117931751,negative,0.02858237364791545,0.000795139191366931,10,1,5,0,Euryarchaeota,Proteobacteria,0
Aquamicrobium.2,Christensenellaceae_R-7_group.2,-0.7694005931420075,0.7694005931420075,negative,0.028645758449531874,0.0007973571003345115,10,5,1,0,Proteobacteria,Firmicutes,0
Sporomusaceae.2,Rhizobiaceae.1,0.7691531958299739,0.7691531958299739,positive,0.028717294977286516,0.0008024134995625983,6,6,4,0,Firmicutes,Proteobacteria,0
midas_g_49834.1,Proteiniborus.5,0.7691531958299738,0.7691531958299738,positive,0.028717294977286516,0.0008024134995626011,6,10,4,0,Firmicutes,Firmicutes,1
Phenylobacterium.1,Ruminiclostridium.13,0.7691531958299738,0.7691531958299738,positive,0.028717294977286516,0.0008024134995626011,6,4,4,1,Proteobacteria,Firmicutes,0
midas_g_554.2,midas_g_9269.3,0.7690360381526052,0.7690360381526052,positive,0.028717294977286516,0.0008048170712839657,3,1,10,0,Firmicutes,Bacteroidota,0
Colidextribacter.6,midas_g_36215.3,0.7690360381526052,0.7690360381526052,positive,0.028717294977286516,0.0008048170712839657,3,4,4,1,Firmicutes,Bacteroidota,0
midas_g_91392.2,midas_g_9269.2,0.7690360381526052,0.7690360381526052,positive,0.028717294977286516,0.0008048170712839657,3,1,10,0,Firmicutes,Bacteroidota,0
midas_g_91392.2,midas_g_9269.3,0.7690360381526052,0.7690360381526052,positive,0.028717294977286516,0.0008048170712839657,3,1,10,0,Firmicutes,Bacteroidota,0
Propionicicella.4,midas_g_36215.3,0.7690360381526052,0.7690360381526052,positive,0.028717294977286516,0.0008048170712839657,3,4,4,1,Actinobacteriota,Bacteroidota,0
midas_g_554.2,midas_g_9269.2,0.7690360381526052,0.7690360381526052,positive,0.028717294977286516,0.0008048170712839657,3,1,10,0,Firmicutes,Bacteroidota,0
Pelotomaculum.1,Christensenellaceae_R-7_group.19,0.7690360381526052,0.7690360381526052,positive,0.028717294977286516,0.0008048170712839657,3,6,6,1,Firmicutes,Firmicutes,1
Dechlorobacter.1,Christensenellaceae.4,0.7690360381526051,0.7690360381526051,positive,0.028717294977286516,0.0008048170712839685,3,6,6,1,Proteobacteria,Firmicutes,0
Bacteria (unclassified).35,Syntrophomonas.22,0.7690360381526051,0.7690360381526051,positive,0.028717294977286516,0.0008048170712839685,3,6,4,0,Bacteria (unclassified),Firmicutes,0
Dehalobacterium.1,midas_g_82137.2,0.7687414596509133,0.7687414596509133,positive,0.02890112766339501,0.000810886369836582,5,4,4,1,Firmicutes,Firmicutes,1
midas_g_82137.2,Reyranella.2,0.7687414596509133,0.7687414596509133,positive,0.02890112766339501,0.000810886369836582,5,4,4,1,Firmicutes,Proteobacteria,0
Hydrogenophaga.5,Sporomusaceae.2,0.7687178470850852,0.7687178470850852,positive,0.028902176855878616,0.0008113744700867945,6,6,6,1,Proteobacteria,Firmicutes,0
Ca_Soleaferrea.2,Desulfitibacter.9,0.7685799577891369,0.7685799577891369,positive,0.02898749272917532,0.0008142295701056959,9,4,5,0,Firmicutes,Firmicutes,1
Christensenellaceae_R-7_group.1,midas_g_95534.1,0.768394268631746,0.768394268631746,positive,0.02910838588066588,0.000818087272584811,6,1,1,1,Firmicutes,Firmicutes,1
Dehalobacterium.1,midas_g_77185.2,0.7683544303797467,0.7683544303797467,positive,0.029121459326686354,0.0008189168427157175,4,4,4,1,Firmicutes,Cyanobacteria,0
midas_g_2178.3,Methanobacterium.20,0.768196622239494,0.768196622239494,positive,0.02917635007486872,0.0008222096610361943,4,4,10,0,Chloroflexi,Euryarchaeota,0
Proteiniphilum.15,Dysgonomonadaceae.1,0.768196622239494,0.768196622239494,positive,0.02917635007486872,0.0008222096610361943,4,4,4,1,Bacteroidota,Bacteroidota,1
midas_g_114295.1,midas_g_77817.1,0.7681917035744017,0.7681917035744017,positive,0.02917635007486872,0.0008223124660070277,4,5,2,0,Armatimonadota,Firmicutes,0
midas_g_36215.2,Christensenellaceae_R-7_group.42,0.7681917035744017,0.7681917035744017,positive,0.02917635007486872,0.0008223124660070277,4,1,10,0,Bacteroidota,Firmicutes,0
Reyranella.2,Ruminiclostridium.13,0.7679663824947414,0.7679663824947414,positive,0.02927790063593797,0.0008270330899795218,5,4,4,1,Proteobacteria,Firmicutes,0
Caproiciproducens.2,midas_g_515.2,0.7679663824947414,0.7679663824947414,positive,0.02927790063593797,0.0008270330899795218,5,6,6,1,Firmicutes,Firmicutes,1
Syntrophomonas.22,Parapusillimonas.1,0.7679663824947414,0.7679663824947414,positive,0.02927790063593797,0.0008270330899795218,5,4,4,1,Firmicutes,Proteobacteria,0
Lutispora.3,Rummeliibacillus.2,0.7679663824947414,0.7679663824947414,positive,0.02927790063593797,0.0008270330899795218,5,4,4,1,Firmicutes,Firmicutes,1
HN-HF0106.10,Rhizobiaceae.1,0.7678571428571428,0.7678571428571428,positive,0.029309802159528067,0.0008293296291369941,6,4,4,1,Firmicutes,Proteobacteria,0
Colidextribacter.1,Parapusillimonas.1,0.7678571428571428,0.7678571428571428,positive,0.029309802159528067,0.0008293296291369941,6,4,4,1,Firmicutes,Proteobacteria,0
Thiobacillus.1,midas_g_3409.1,0.7678571428571428,0.7678571428571428,positive,0.029309802159528067,0.0008293296291369941,15,1,1,1,Proteobacteria,WS1,0
Acinetobacter.1,Clostridium_sensu_stricto_13.1,0.7677157833274567,0.7677157833274567,positive,0.029398612903376472,0.000832309096702695,12,5,5,1,Proteobacteria,Firmicutes,0
Oscillibacter.4,Veillonellales-Selenomonadales.6,0.7676603334950395,0.7676603334950395,positive,0.0294234851012844,0.0008334801933823063,7,6,4,0,Firmicutes,Firmicutes,1
Christensenellaceae_R-7_group.1,Thiobacillus.1,0.7675987182166162,0.7675987182166162,positive,0.02942941581210708,0.0008347830708989013,11,1,1,1,Firmicutes,Proteobacteria,0
Pelotomaculum.4,Syntrophomonas.22,0.7675825486094666,0.7675825486094666,positive,0.02942941581210708,0.0008351252565718996,5,6,4,0,Firmicutes,Firmicutes,1
Sulfurospirillum.1,Christensenellaceae.7,-0.7675640762904248,0.7675640762904248,negative,0.02942941581210708,0.0008355163120554093,5,5,4,0,Campylobacterota,Firmicutes,0
Desulfuromonadaceae.1,Syner-01.1,0.7675640762904248,0.7675640762904248,positive,0.02942941581210708,0.0008355163120554093,5,5,5,1,Desulfobacterota,Synergistota,0
Burkholderiales.1,midas_g_98124.1,0.7673995806632399,0.7673995806632399,positive,0.029535795575124396,0.0008390052064536876,10,4,4,1,Proteobacteria,Firmicutes,0
Limnobacter.1,midas_g_669.2,0.7672727272727274,0.7672727272727274,positive,0.02956654882787142,0.0008417037822919124,11,5,5,1,Proteobacteria,Firmicutes,0
midas_g_36376.1,Monoglobus.13,-0.7672718149200738,0.7672718149200738,negative,0.02956654882787142,0.0008417232163998487,3,5,1,0,Planctomycetota,Firmicutes,0
Brevundimonas.3,Petrimonas.4,-0.7672702937711741,0.7672702937711741,negative,0.02956654882787142,0.0008417556193417546,2,5,1,0,Proteobacteria,Bacteroidota,0
Brevundimonas.3,Ca_Phosphitivorax.1,-0.7672702937711741,0.7672702937711741,negative,0.02956654882787142,0.0008417556193417546,2,5,1,0,Proteobacteria,SAR324_cladeMarine_group_B,0
midas_g_97954.1,Alcaligenaceae.1,0.7670047563713647,0.7670047563713647,positive,0.029749190855961637,0.0008474275174794671,10,5,5,1,Firmicutes,Proteobacteria,0
Arenimonas.2,Romboutsia.3,0.7669681015236387,0.7669681015236387,positive,0.029760182301692147,0.0008482128957666406,5,6,6,1,Proteobacteria,Firmicutes,0
Dysgonomonadaceae.1,Proteiniborus.4,0.7666570213642092,0.7666570213642092,positive,0.029944854712385935,0.00085490198412388,3,4,4,1,Bacteroidota,Firmicutes,0
Acetomicrobium.1,Paludibacter.3,0.7666570213642091,0.7666570213642091,positive,0.029944854712385935,0.000854901984123882,3,10,10,1,Synergistota,Bacteroidota,0
Veillonellales-Selenomonadales.2,Oscillospiraceae.8,0.7666570213642091,0.7666570213642091,positive,0.029944854712385935,0.000854901984123882,3,10,10,1,Firmicutes,Firmicutes,1
midas_g_36376.1,Camelimonas.2,0.7665050397872051,0.7665050397872051,positive,0.029994344371175815,0.0008581855261781741,10,5,5,1,Planctomycetota,Proteobacteria,0
Alcaligenaceae.1,Paraclostridium.1,0.7665050397872051,0.7665050397872051,positive,0.029994344371175815,0.0008581855261781741,10,5,5,1,Proteobacteria,Firmicutes,0
Desulfuromonadaceae.1,Firmicutes.26,0.7665002309055753,0.7665002309055753,positive,0.029994344371175815,0.000858289588063118,5,5,5,1,Desulfobacterota,Firmicutes,0
midas_g_5574.2,Proteiniclasticum.1,0.7665002309055753,0.7665002309055753,positive,0.029994344371175815,0.000858289588063118,5,5,2,0,Actinobacteriota,Firmicutes,0
Aquamicrobium.2,Comamonadaceae.3,0.7664815075703978,0.7664815075703978,positive,0.029994344371175815,0.0008586948494874341,11,5,5,1,Proteobacteria,Proteobacteria,1
Aquamicrobium.2,Hyphomonas.1,0.7663636363636365,0.7663636363636365,positive,0.03006691900092286,0.000861249703187637,10,5,5,1,Proteobacteria,Proteobacteria,1
Syner-01.9,Thermovirga.2,-0.766265569635903,0.766265569635903,negative,0.03012459945237521,0.0008633799887483674,8,1,5,0,Synergistota,Synergistota,1
Christensenellaceae_R-7_group.63,midas_g_8129.1,0.7662162431542271,0.7662162431542271,positive,0.030145350537761854,0.0008644531123517896,6,5,5,1,Firmicutes,Chloroflexi,0
Syntrophobacter.1,Stenotrophomonas.2,0.7661532459753252,0.7661532459753252,positive,0.030176499165137753,0.0008658252212297118,7,2,2,1,Desulfobacterota,Proteobacteria,0
Clostridium_sensu_stricto_1.7,Proteiniborus.4,0.7660903943849869,0.7660903943849869,positive,0.030207564165407697,0.0008671959179741411,3,4,4,1,Firmicutes,Firmicutes,1
Acinetobacter.1,Aminiphilus.1,-0.7660595677007538,0.7660595677007538,negative,0.03021430237158503,0.0008678688433136906,7,5,1,0,Proteobacteria,Synergistota,0
XBB1006.1,Leucobacter.1,0.7659515544893429,0.7659515544893429,positive,0.030279776717987587,0.0008702300383450585,8,6,6,1,Firmicutes,Actinobacteriota,0
Synergistaceae.2,midas_g_2178.3,0.7658730158730159,0.7658730158730159,positive,0.030322885535677555,0.0008719501791768136,8,6,4,0,Synergistota,Chloroflexi,0
Reyranella.2,Christensenellaceae.7,0.7658227848101267,0.7658227848101267,positive,0.030327720314100474,0.0008730517765858104,4,4,4,1,Proteobacteria,Firmicutes,0
Devosia.9,Christensenellaceae.7,0.7658227848101267,0.7658227848101267,positive,0.030327720314100474,0.0008730517765858104,4,4,4,1,Proteobacteria,Firmicutes,0
Terrisporobacter.1,midas_g_97954.1,0.7657968432912251,0.7657968432912251,positive,0.030330777942772783,0.0008736211312745199,11,5,5,1,Firmicutes,Firmicutes,1
NK4A214_group.4,Syntrophomonadaceae.1,0.7656703482903606,0.7656703482903606,positive,0.030372804570958638,0.0008764017094344852,6,2,2,1,Firmicutes,Firmicutes,1
Rhodococcus.4,Leucobacter.1,0.7656703482903605,0.7656703482903605,positive,0.030372804570958638,0.0008764017094344884,6,6,6,1,Actinobacteriota,Actinobacteriota,1
Parapusillimonas.1,Devosia.9,0.7656601771419042,0.7656601771419042,positive,0.030372804570958638,0.0008766256000250482,5,4,4,1,Proteobacteria,Proteobacteria,1
midas_g_2178.3,Rhizobiaceae.1,0.7656186836719145,0.7656186836719145,positive,0.030372804570958638,0.0008775394480250037,7,4,4,1,Chloroflexi,Proteobacteria,0
Hydrogenophaga.7,Monoglobus.13,-0.7656186836719144,0.7656186836719144,negative,0.030372804570958638,0.0008775394480250075,1,5,1,0,Proteobacteria,Firmicutes,0
Parapusillimonas.1,Lachnoclostridium.2,0.765610324871715,0.765610324871715,positive,0.030372804570958638,0.0008777236348067997,4,4,4,1,Proteobacteria,Firmicutes,0
Desulfovibrio.2,Ca_Phosphitivorax.1,-0.7655318158241112,0.7655318158241112,negative,0.030387740000000652,0.0008794551172479712,6,9,1,0,Desulfobacterota,SAR324_cladeMarine_group_B,0
Christensenellaceae_R-7_group.1,Papillibacter.1,-0.7654545454545456,0.7654545454545456,negative,0.030387740000000652,0.0008811619834811821,7,1,-1,0,Firmicutes,Firmicutes,1
Christensenellaceae_R-7_group.2,Cryptanaerobacter.1,0.7654432450185562,0.7654432450185562,positive,0.030387740000000652,0.0008814118297012952,4,1,1,1,Firmicutes,Firmicutes,1
midas_g_15299.1,Afipia.3,-0.7654432450185562,0.7654432450185562,negative,0.030387740000000652,0.0008814118297012952,4,5,4,0,Bacteroidota,Proteobacteria,0
Methanosarcina.1,Bellilinea.1,-0.7654432450185562,0.7654432450185562,negative,0.030387740000000652,0.0008814118297012952,3,5,1,0,Halobacterota,Chloroflexi,0
Methanobacterium.1,midas_g_92370.1,0.7654432450185562,0.7654432450185562,positive,0.030387740000000652,0.0008814118297012952,4,1,1,1,Euryarchaeota,Firmicutes,0
Romboutsia.1,midas_g_84729.1,-0.765437860012612,0.765437860012612,negative,0.030387740000000652,0.0008815309093217569,5,5,1,0,Firmicutes,Chloroflexi,0
Ca_Phosphitivorax.1,Cryptanaerobacter.1,0.7652897811926284,0.7652897811926284,positive,0.0304841169266638,0.0008848105160578299,4,1,1,1,SAR324_cladeMarine_group_B,Firmicutes,0
midas_g_95534.1,Bacteria (unclassified).39,0.7651838531450622,0.7651838531450622,positive,0.030531767710905114,0.0008871626412966511,5,1,1,1,Firmicutes,Bacteria (unclassified),0
Anaerovorax.12,Dechlorobacter.1,0.7651838531450621,0.7651838531450621,positive,0.030531767710905114,0.0008871626412966525,5,6,6,1,Firmicutes,Proteobacteria,0
Fermentimonas.2,Christensenellaceae_R-7_group.2,-0.7649690275328731,0.7649690275328731,negative,0.0306629764682917,0.0008919483903002299,12,5,1,0,Bacteroidota,Firmicutes,0
Acinetobacter.1,EBM-39.1,0.7649690275328731,0.7649690275328731,positive,0.0306629764682917,0.0008919483903002299,13,5,5,1,Proteobacteria,Synergistota,0
Azoarcus.2,Oscillibacter.3,0.764858020947543,0.764858020947543,positive,0.03073150555335786,0.0008944295106620483,9,5,5,1,Proteobacteria,Firmicutes,0
Proteiniborus.5,Ruminiclostridium.13,0.7647830072173036,0.7647830072173036,positive,0.03077244272271709,0.0008961093153297023,6,4,4,1,Firmicutes,Firmicutes,1
Sphingopyxis.3,Dysgonomonadaceae.1,0.764705882352941,0.764705882352941,positive,0.030815049300426688,0.0008978390598213635,3,4,4,1,Proteobacteria,Bacteroidota,0
midas_g_8129.1,midas_g_97954.1,0.7646780216702322,0.7646780216702322,positive,0.030819731642203953,0.0008984645797240082,11,5,5,1,Chloroflexi,Firmicutes,0
Rhodococcus.4,Sphingopyxis.5,0.7644707871564383,0.7644707871564383,positive,0.030946022571971658,0.0009031284398682156,6,6,6,1,Actinobacteriota,Proteobacteria,0
Hydrogenophaga.5,Tissierella.5,0.7644707871564382,0.7644707871564382,positive,0.030946022571971658,0.0009031284398682178,6,6,6,1,Proteobacteria,Firmicutes,0
Acinetobacter.1,Brevundimonas.3,0.7644454613944875,0.7644454613944875,positive,0.030948769404200605,0.0009036997445604011,10,5,5,1,Proteobacteria,Proteobacteria,1
HN-HF0106.5,midas_g_97954.1,0.7643286904908372,0.7643286904908372,positive,0.031022250178287948,0.0009063376801699322,6,5,5,1,Firmicutes,Firmicutes,1
Clostridiaceae.1,Colidextribacter.6,0.7642590021602372,0.7642590021602372,positive,0.031042513938533415,0.0009079149584015788,5,4,4,1,Firmicutes,Firmicutes,1
Clostridiaceae.1,Propionicicella.4,0.7642590021602372,0.7642590021602372,positive,0.031042513938533415,0.0009079149584015788,5,4,4,1,Firmicutes,Actinobacteriota,0
midas_g_6187.2,Propionicicella.1,-0.7642136410315954,0.7642136410315954,negative,0.03106080435105737,0.0009089428257744278,7,5,7,0,Armatimonadota,Actinobacteriota,0
Ercella.1,midas_g_554.2,0.7641894617527041,0.7641894617527041,positive,0.031062695114357712,0.0009094911049289043,5,1,1,1,Firmicutes,Firmicutes,1
Clostridium_sensu_stricto_5.1,Pelotomaculum.2,0.7641528458552852,0.7641528458552852,positive,0.03107422769055731,0.0009103219017483225,7,10,10,1,Firmicutes,Firmicutes,1
Caproiciproducens.1,Christensenellaceae_R-7_group.42,0.7640469123613454,0.7640469123613454,positive,0.031122674082902858,0.0009127289444441629,4,4,10,0,Firmicutes,Firmicutes,1
Propionibacteriaceae.3,NK4A214_group.2,0.7640469123613454,0.7640469123613454,positive,0.031122674082902858,0.0009127289444441629,4,10,10,1,Actinobacteriota,Firmicutes,0
Hydrogenophaga.7,Aminiphilus.1,-0.7640075150109437,0.7640075150109437,negative,0.031136394988290576,0.000913625453603156,3,5,1,0,Proteobacteria,Synergistota,0
midas_g_669.2,Caproiciproducens.2,0.7637832068798205,0.7637832068798205,positive,0.031293887257946865,0.0009187433177897245,5,5,6,0,Firmicutes,Firmicutes,1
midas_g_35108.1,Petrimonas.4,0.7636363636363636,0.7636363636363636,positive,0.03139146709119089,0.0009221062872662318,5,1,1,1,Chloroflexi,Bacteroidota,0
midas_g_114295.1,Trichloromonas.1,0.7635917532535971,0.7635917532535971,positive,0.031403887928707304,0.0009231299164077094,4,5,2,0,Armatimonadota,Desulfobacterota,0
Romboutsia.3,Oscillibacter.4,0.7635770338487894,0.7635770338487894,positive,0.031403887928707304,0.0009234678695511257,7,6,6,1,Firmicutes,Firmicutes,1
Limnobacter.1,Anaerostignum.2,0.7635358622795744,0.7635358622795744,positive,0.03141909610903838,0.0009244136888018086,8,5,5,1,Proteobacteria,Firmicutes,0
midas_g_76603.1,midas_g_92370.1,0.7633651969423904,0.7633651969423904,positive,0.03153562613010342,0.0009283426932323269,4,1,1,1,Firmicutes,Firmicutes,1
Petrimonas.1,Monoglobus.13,-0.7631303605406297,0.7631303605406297,negative,0.03169280454552425,0.0009337711272535304,7,5,1,0,Bacteroidota,Firmicutes,0
Clostridium_sensu_stricto_13.1,Aquamicrobium.2,0.7631215368814602,0.7631215368814602,positive,0.03169280454552425,0.0009339755933766866,11,5,5,1,Firmicutes,Proteobacteria,0
Limnobacter.1,Comamonadaceae.3,0.7628745357700665,0.7628745357700665,positive,0.03187036346094916,0.0009397139573815904,11,5,5,1,Proteobacteria,Proteobacteria,1
Proteiniphilum.14,Caproiciproducens.1,0.7627851576806575,0.7627851576806575,positive,0.031906678969567295,0.0009417974241183733,5,10,4,0,Bacteroidota,Firmicutes,0
Ca_Phosphitivorax.1,midas_g_554.2,0.7627851576806575,0.7627851576806575,positive,0.031906678969567295,0.0009417974241183733,5,1,1,1,SAR324_cladeMarine_group_B,Firmicutes,0
Romboutsia.3,Anaerovorax.12,0.7625979129109683,0.7625979129109683,positive,0.032037738486918495,0.0009461743632233363,5,6,6,1,Firmicutes,Firmicutes,1
midas_g_114295.1,Azoarcus.2,0.7625707948759055,0.7625707948759055,positive,0.032042030966453514,0.0009468096242031364,9,5,5,1,Armatimonadota,Proteobacteria,0
Brevundimonas.3,Aminiphilus.1,-0.7625169498217284,0.7625169498217284,negative,0.03206753067773483,0.0009480720102297901,5,5,1,0,Proteobacteria,Synergistota,0
Thermovirga.2,midas_g_112760.1,-0.7623677143624369,0.7623677143624369,negative,0.03215159878459677,0.000951577930829228,7,5,1,0,Synergistota,Firmicutes,0
Fermentimonas.2,Azoarcus.2,0.7623677143624369,0.7623677143624369,positive,0.03215159878459677,0.000951577930829228,9,5,5,1,Bacteroidota,Proteobacteria,0
Ercella.1,Cryptanaerobacter.1,0.7621435200131529,0.7621435200131529,positive,0.03231289554510822,0.0009568645552920292,4,1,1,1,Firmicutes,Firmicutes,1
midas_g_21833.1,Phenylobacterium.4,0.7620634755325443,0.7620634755325443,positive,0.03235948793272204,0.0009587577993841376,8,2,2,1,Actinobacteriota,Proteobacteria,0
midas_g_110683.3,Devosia.9,0.7620177734148994,0.7620177734148994,positive,0.032361351293076185,0.0009598401238892848,5,4,4,1,Firmicutes,Proteobacteria,0
midas_g_110683.3,Methanobacterium.96,0.7620177734148994,0.7620177734148994,positive,0.032361351293076185,0.0009598401238892848,5,4,4,1,Firmicutes,Euryarchaeota,0
Ruminiclostridium.9,XBB1006.1,0.761904761904762,0.761904761904762,positive,0.03241703965251853,0.0009625207285660599,7,6,6,1,Firmicutes,Firmicutes,1
midas_g_112760.1,Aminiphilus.1,0.7619047619047616,0.7619047619047616,positive,0.03241703965251853,0.0009625207285660673,7,1,1,1,Firmicutes,Synergistota,0
midas_g_21833.1,midas_g_9269.1,-0.7616867247541252,0.7616867247541252,negative,0.032574388694610865,0.0009677096460518541,9,2,1,0,Actinobacteriota,Bacteroidota,0
Clostridiaceae.1,Lutispora.3,0.7615353840256643,0.7615353840256643,positive,0.03258315534393949,0.0009713246003577041,7,4,4,1,Firmicutes,Firmicutes,1
Alcaligenes.3,Hydrogenophaga.5,0.7615353840256642,0.7615353840256642,positive,0.03258315534393949,0.0009713246003577048,6,2,6,0,Proteobacteria,Proteobacteria,1
Bradyrhizobium.2,Sporanaerobacter.1,0.7615353840256642,0.7615353840256642,positive,0.03258315534393949,0.0009713246003577048,7,4,4,1,Proteobacteria,Firmicutes,0
midas_g_35108.1,midas_g_85764.2,0.7615090963974781,0.7615090963974781,positive,0.03258315534393949,0.0009719536248916642,6,1,1,1,Chloroflexi,Firmicutes,0
Acetobacterium.1,Acinetobacter.2,0.7615027010039843,0.7615027010039843,positive,0.03258315534393949,0.0009721067071858038,6,5,5,1,Firmicutes,Proteobacteria,0
Dysgonomonas.1,Petrimonas.4,-0.7615027010039843,0.7615027010039843,negative,0.03258315534393949,0.0009721067071858038,6,9,1,0,Bacteroidota,Bacteroidota,1
Romboutsia.1,Methanobacterium.5,-0.7615027010039843,0.7615027010039843,negative,0.03258315534393949,0.0009721067071858038,6,5,1,0,Firmicutes,Euryarchaeota,0
Christensenellaceae_R-7_group.63,EBM-39.1,0.7615027010039843,0.7615027010039843,positive,0.03258315534393949,0.0009721067071858038,6,5,5,1,Firmicutes,Synergistota,0
Christensenellaceae_R-7_group.1,Clostridium_sensu_stricto_13.1,-0.7613131920073335,0.7613131920073335,negative,0.03271809244323966,0.0009766517263740406,8,1,5,0,Firmicutes,Firmicutes,1
Thiobacillus.1,Bradyrhizobium.2,-0.7611934814529631,0.7611934814529631,negative,0.03277971602151931,0.000979531616284014,7,1,4,0,Proteobacteria,Proteobacteria,1
Alcaligenes.3,JGI-0000079-D21.1,0.7611934814529631,0.7611934814529631,positive,0.03277971602151931,0.000979531616284014,7,2,2,1,Proteobacteria,Synergistota,0
Fermentimonas.2,midas_g_669.2,0.7610710498699009,0.7610710498699009,positive,0.032827601543421694,0.000982484074080239,11,5,5,1,Bacteroidota,Firmicutes,0
Ercella.6,Propionibacteriaceae.3,0.7610477664362301,0.7610477664362301,positive,0.032827601543421694,0.0009830463724321062,5,10,10,1,Firmicutes,Actinobacteriota,0
Dehalobacterium.1,Lutispora.3,0.7610477664362301,0.7610477664362301,positive,0.032827601543421694,0.0009830463724321062,5,4,4,1,Firmicutes,Firmicutes,1
HN-HF0106.10,Christensenellaceae.7,0.7610477664362301,0.7610477664362301,positive,0.032827601543421694,0.0009830463724321062,5,4,4,1,Firmicutes,Firmicutes,1
Hungateiclostridiaceae.27,midas_g_3409.1,-0.7608597525334152,0.7608597525334152,negative,0.03294462952297172,0.0009875964891753195,4,9,1,0,Firmicutes,WS1,0
midas_g_9269.1,midas_g_92370.1,0.7608597525334152,0.7608597525334152,positive,0.03294462952297172,0.0009875964891753195,4,1,1,1,Bacteroidota,Firmicutes,0
Bacteroides.1,Erysipelothrix.1,0.7607142857142856,0.7607142857142856,positive,0.03299259289775871,0.0009911286119823727,15,3,3,1,Bacteroidota,Firmicutes,0
Petrimonas.1,EBM-39.1,0.7607142857142856,0.7607142857142856,positive,0.03299259289775871,0.0009911286119823727,15,5,5,1,Bacteroidota,Synergistota,0
Burkholderiales.1,Thiobacillus.1,-0.7607142857142856,0.7607142857142856,negative,0.03299259289775871,0.0009911286119823727,15,4,1,0,Proteobacteria,Proteobacteria,1
Methanobacterium.1,Burkholderiales.1,-0.7607142857142856,0.7607142857142856,negative,0.03299259289775871,0.0009911286119823727,15,1,4,0,Euryarchaeota,Proteobacteria,0
Phenylobacterium.4,Sphaerochaeta.1,-0.7604524849452531,0.7604524849452531,negative,0.03316726061734499,0.0009975112358367628,7,2,-1,0,Proteobacteria,Spirochaetota,0
Phenylobacterium.1,Clostridiaceae.6,0.7604128186046332,0.7604128186046332,positive,0.03316726061734499,0.0009984811849922787,6,4,4,1,Proteobacteria,Firmicutes,0
midas_g_49834.1,Clostridium_sensu_stricto_1.7,0.7604128186046332,0.7604128186046332,positive,0.03316726061734499,0.0009984811849922787,6,10,4,0,Firmicutes,Firmicutes,1
Ruminiclostridium.13,Syntrophomonas.2,0.7604128186046332,0.7604128186046332,positive,0.03316726061734499,0.0009984811849922787,6,4,4,1,Firmicutes,Firmicutes,1
Burkholderiales.1,Hydrogenophaga.1,-0.7603912185150518,0.7603912185150518,negative,0.03316733213101246,0.000999009686492869,11,4,-1,0,Proteobacteria,Proteobacteria,1
Acinetobacter.1,Thermovirga.2,0.7602862254025043,0.7602862254025043,positive,0.03318846443473737,0.0010015818382693173,13,5,5,1,Proteobacteria,Synergistota,0
Pseudarcobacter.1,Thauera.1,0.7602646196067664,0.7602646196067664,positive,0.03318846443473737,0.0010021118077948952,7,5,5,1,Campylobacterota,Proteobacteria,0
Christensenellaceae_R-7_group.63,Oscillibacter.3,0.7602631123499285,0.7602631123499285,positive,0.03318846443473737,0.0010021487878331984,6,5,5,1,Firmicutes,Firmicutes,1
midas_g_110683.3,Proteiniphilum.14,0.7602237272277915,0.7602237272277915,positive,0.03318846443473737,0.0010031154801379322,6,4,10,0,Firmicutes,Bacteroidota,0
XBB1006.1,Colidextribacter.4,0.7602237272277915,0.7602237272277915,positive,0.03318846443473737,0.0010031154801379322,6,6,6,1,Firmicutes,Firmicutes,1
midas_g_3064.1,Ercella.1,0.7602055998955507,0.7602055998955507,positive,0.03318846443473737,0.001003560661939903,8,1,1,1,Chloroflexi,Firmicutes,0
Christensenellaceae_R-7_group.63,Camelimonas.2,0.7601934282783859,0.7601934282783859,positive,0.03318846443473737,0.0010038596694799478,6,5,5,1,Firmicutes,Proteobacteria,0
NK4A214_group.4,Oscillibacter.2,0.7601934282783859,0.7601934282783859,positive,0.03318846443473737,0.0010038596694799478,6,2,5,0,Firmicutes,Firmicutes,1
Desulfosporosinus.1,Bradyrhizobium.2,0.7601520456152052,0.7601520456152052,positive,0.0332046709798679,0.0010048768140192353,7,4,4,1,Firmicutes,Proteobacteria,0
Methanobacterium.1,midas_g_97311.1,0.7601256509887068,0.7601256509887068,positive,0.0332087083671289,0.001005526003181546,10,1,1,1,Euryarchaeota,Firmicutes,0
midas_g_2901.1,midas_g_36215.1,-0.7596070950968951,0.7596070950968951,negative,0.033579410621156054,0.0010183491556960233,13,5,1,0,WPS-2,Bacteroidota,0
Syner-01.1,Desulfovibrio.1,0.7596070950968951,0.7596070950968951,positive,0.033579410621156054,0.0010183491556960233,13,5,5,1,Synergistota,Desulfobacterota,0
Methanobacterium.4,Romboutsia.1,-0.7596070950968951,0.7596070950968951,negative,0.033579410621156054,0.0010183491556960233,13,1,5,0,Euryarchaeota,Firmicutes,0
Oscillibacter.3,Camelimonas.2,0.759504847133207,0.759504847133207,positive,0.033603274671053895,0.001020893153763964,11,5,5,1,Firmicutes,Proteobacteria,0
midas_g_114295.1,Oscillibacter.3,0.759504847133207,0.759504847133207,positive,0.033603274671053895,0.001020893153763964,11,5,5,1,Armatimonadota,Firmicutes,0
Taibaiella.1,Camelimonas.2,0.759504847133207,0.759504847133207,positive,0.033603274671053895,0.001020893153763964,11,9,5,0,Bacteroidota,Proteobacteria,0
Desulfuromonadaceae.1,midas_g_669.2,0.7594922899872372,0.7594922899872372,positive,0.033603274671053895,0.0010212059382846384,5,5,5,1,Desulfobacterota,Firmicutes,0
Oscillibacter.3,midas_g_93128.1,0.7592751156851523,0.7592751156851523,positive,0.033744064618407295,0.001026627789625355,9,5,5,1,Firmicutes,Firmicutes,1
Christensenellaceae_R-7_group.1,midas_g_112760.1,0.7592751156851523,0.7592751156851523,positive,0.033744064618407295,0.001026627789625355,9,1,1,1,Firmicutes,Firmicutes,1
Alcaligenes.3,midas_g_94288.1,-0.7592566023652966,0.7592566023652966,negative,0.033744064618407295,0.0010270910581474783,7,2,-1,0,Proteobacteria,Firmicutes,0
midas_g_5574.1,Christensenellaceae_R-7_group.4,0.7590721152765898,0.7590721152765898,positive,0.03378552108464127,0.0010317168248399119,7,5,5,1,Actinobacteriota,Firmicutes,0
Brevundimonas.3,midas_g_76603.1,-0.7590721152765898,0.7590721152765898,negative,0.03378552108464127,0.0010317168248399119,4,5,1,0,Proteobacteria,Firmicutes,0
midas_g_9269.1,midas_g_84729.1,0.7590592111791736,0.7590592111791736,positive,0.03378552108464127,0.001032041007554309,5,1,1,1,Bacteroidota,Chloroflexi,0
midas_g_5574.1,Methanomethylophilaceae.1,0.7587607086896014,0.7587607086896014,positive,0.03378552108464127,0.001039563163827763,8,5,5,1,Actinobacteriota,Thermoplasmatota,0
Reyranella.2,Clostridiaceae.6,0.7587415610833931,0.7587415610833931,positive,0.03378552108464127,0.0010400471865747523,5,4,4,1,Proteobacteria,Firmicutes,0
Monoglobus.13,Bacteria (unclassified).39,0.7587415610833931,0.7587415610833931,positive,0.03378552108464127,0.0010400471865747523,5,1,1,1,Firmicutes,Bacteria (unclassified),0
Monoglobus.13,Azorhizobium.1,0.7587030065189146,0.7587030065189146,positive,0.03378552108464127,0.0010410223413408596,3,1,1,1,Firmicutes,Proteobacteria,0
Clostridium_sensu_stricto_5.1,Microvirga.1,0.7587030065189146,0.7587030065189146,positive,0.03378552108464127,0.0010410223413408596,3,10,10,1,Firmicutes,Proteobacteria,0
Thermovirga.1,Azorhizobium.1,0.7587030065189146,0.7587030065189146,positive,0.03378552108464127,0.0010410223413408596,3,1,1,1,Synergistota,Proteobacteria,0
Rhizobiaceae.1,Desulfosporosinus.3,0.7587030065189146,0.7587030065189146,positive,0.03378552108464127,0.0010410223413408596,3,4,4,1,Proteobacteria,Firmicutes,0
Parapusillimonas.1,Anaerovorax.13,0.7587030065189146,0.7587030065189146,positive,0.03378552108464127,0.0010410223413408596,3,4,4,1,Proteobacteria,Firmicutes,0
Lutispora.3,midas_g_103381.1,0.7587030065189146,0.7587030065189146,positive,0.03378552108464127,0.0010410223413408596,3,4,4,1,Firmicutes,Firmicutes,1
Rhizobiaceae.1,midas_g_82137.1,0.7587030065189146,0.7587030065189146,positive,0.03378552108464127,0.0010410223413408596,3,4,4,1,Proteobacteria,Firmicutes,0
Thermovirga.2,midas_g_93469.1,0.75867586102412,0.75867586102412,positive,0.03378552108464127,0.0010417093719358485,9,5,5,1,Synergistota,Firmicutes,0
Christensenellaceae_R-7_group.38,Veillonellales-Selenomonadales.2,0.7585894344159073,0.7585894344159073,positive,0.03378552108464127,0.0010438992035716342,4,4,10,0,Firmicutes,Firmicutes,1
Colidextribacter.6,NK4A214_group.2,0.7585894344159073,0.7585894344159073,positive,0.03378552108464127,0.0010438992035716342,4,4,10,0,Firmicutes,Firmicutes,1
Ruminiclostridium.10,Pseudomonas.2,0.7585894344159073,0.7585894344159073,positive,0.03378552108464127,0.0010438992035716342,4,6,6,1,Firmicutes,Proteobacteria,0
Desulfovibrio.3,midas_g_82137.3,0.7585894344159073,0.7585894344159073,positive,0.03378552108464127,0.0010438992035716342,4,4,4,1,Desulfobacterota,Firmicutes,0
Christensenellaceae_R-7_group.38,Oxobacteraceae.3,0.7585894344159073,0.7585894344159073,positive,0.03378552108464127,0.0010438992035716342,4,4,10,0,Firmicutes,Firmicutes,1
Colidextribacter.6,Oxobacteraceae.3,0.7585894344159073,0.7585894344159073,positive,0.03378552108464127,0.0010438992035716342,4,4,10,0,Firmicutes,Firmicutes,1
Lachnospiraceae.3,Pseudomonas.2,0.7585894344159072,0.7585894344159072,positive,0.03378552108464127,0.0010438992035716379,4,6,6,1,Firmicutes,Proteobacteria,0
Hungateiclostridiaceae.12,Stappia.1,0.7585894344159072,0.7585894344159072,positive,0.03378552108464127,0.0010438992035716379,4,10,4,0,Firmicutes,Proteobacteria,0
Proteiniphilum.5,Pseudomonas.2,0.7585894344159072,0.7585894344159072,positive,0.03378552108464127,0.0010438992035716379,4,6,6,1,Bacteroidota,Proteobacteria,0
Propionicicella.4,NK4A214_group.2,0.7585894344159072,0.7585894344159072,positive,0.03378552108464127,0.0010438992035716379,4,4,10,0,Actinobacteriota,Firmicutes,0
Hungateiclostridiaceae.28,Christensenellaceae_R-7_group.42,0.7585894344159072,0.7585894344159072,positive,0.03378552108464127,0.0010438992035716379,4,4,10,0,Firmicutes,Firmicutes,1
Propionicicella.4,Oxobacteraceae.3,0.7585894344159072,0.7585894344159072,positive,0.03378552108464127,0.0010438992035716379,4,4,10,0,Actinobacteriota,Firmicutes,0
Limnobacter.1,Terrisporobacter.1,0.7585893435896607,0.7585893435896607,positive,0.03378552108464127,0.0010439015068365214,11,5,5,1,Proteobacteria,Firmicutes,0
Methanosarcina.1,Aquamicrobium.2,0.7585893435896607,0.7585893435896607,positive,0.03378552108464127,0.0010439015068365214,11,5,5,1,Halobacterota,Proteobacteria,0
midas_g_97954.1,Christensenellaceae_R-7_group.2,-0.7585893435896607,0.7585893435896607,negative,0.03378552108464127,0.0010439015068365214,10,5,1,0,Firmicutes,Firmicutes,1
midas_g_5574.2,Trichloromonas.1,0.7585337716452867,0.7585337716452867,positive,0.03381047099622427,0.00104531152817566,4,5,2,0,Actinobacteriota,Desulfobacterota,0
Aquamicrobium.2,Trichloromonas.1,0.7584955557031237,0.7584955557031237,positive,0.03381047099622427,0.0010462820713275992,4,5,2,0,Proteobacteria,Desulfobacterota,0
midas_g_3064.1,Cryptanaerobacter.1,0.7584955557031237,0.7584955557031237,positive,0.03381047099622427,0.0010462820713275992,4,1,1,1,Chloroflexi,Firmicutes,0
midas_g_669.2,Petrimonas.4,-0.7582303232794741,0.7582303232794741,negative,0.03399392561123266,0.0010530380993608748,3,5,1,0,Firmicutes,Bacteroidota,0
midas_g_97954.1,Petrimonas.4,-0.7582303232794741,0.7582303232794741,negative,0.03399392561123266,0.0010530380993608748,3,5,1,0,Firmicutes,Bacteroidota,0
midas_g_85764.2,midas_g_76603.1,0.7581753965757455,0.7581753965757455,positive,0.03402180386349906,0.0010544415994130458,7,1,1,1,Firmicutes,Firmicutes,1
Proteiniphilum.14,Christensenellaceae_R-7_group.57,0.7579877667518483,0.7579877667518483,positive,0.03414189994617314,0.0010592473798642919,5,10,4,0,Bacteroidota,Firmicutes,0
Syntrophomonas.3,Christensenellaceae_R-7_group.38,0.7579877667518483,0.7579877667518483,positive,0.03414189994617314,0.0010592473798642919,5,10,4,0,Firmicutes,Firmicutes,1
Methanoculleus.1,Pseudomonas.2,0.757601621565181,0.757601621565181,positive,0.03444486719670037,0.001069193516309803,5,6,6,1,Halobacterota,Proteobacteria,0
midas_g_76603.1,midas_g_554.2,0.7575353159242235,0.7575353159242235,positive,0.03446036586604253,0.0010709089584124466,5,1,1,1,Firmicutes,Firmicutes,1
Monoglobus.2,midas_g_84729.1,-0.7575170450766379,0.7575170450766379,negative,0.03446036586604253,0.0010713820480201723,2,9,1,0,Firmicutes,Chloroflexi,0
Sulfurospirillum.1,Clostridium_sensu_stricto_1.7,-0.7574735861838574,0.7574735861838574,negative,0.03446036586604253,0.0010725080145017407,6,5,4,0,Campylobacterota,Firmicutes,0
midas_g_2178.1,Ca_Phosphitivorax.1,0.7574735861838574,0.7574735861838574,positive,0.03446036586604253,0.0010725080145017407,6,1,1,1,Chloroflexi,SAR324_cladeMarine_group_B,0
Methanosarcina.1,midas_g_35108.1,-0.7574735861838573,0.7574735861838573,negative,0.03446036586604253,0.0010725080145017444,5,5,1,0,Halobacterota,Chloroflexi,0
midas_g_3064.1,midas_g_85764.2,0.7574141472643553,0.7574141472643553,positive,0.03446036586604253,0.0010740495534469693,9,1,1,1,Chloroflexi,Firmicutes,0
midas_g_669.2,Methanoculleus.1,0.7574141472643552,0.7574141472643552,positive,0.03446036586604253,0.0010740495534469724,9,5,6,0,Firmicutes,Halobacterota,0
Limnobacter.1,Azoarcus.2,0.7574141472643552,0.7574141472643552,positive,0.03446036586604253,0.0010740495534469724,9,5,5,1,Proteobacteria,Proteobacteria,1
Desulfovibrio.1,Monoglobus.1,-0.7573643890406152,0.7573643890406152,negative,0.0344842560578508,0.0010753414027625102,6,5,4,0,Desulfobacterota,Firmicutes,0
EBM-39.1,Terrisporobacter.1,0.7571428571428571,0.7571428571428571,positive,0.03463393581516328,0.0010811081941858344,14,5,5,1,Synergistota,Firmicutes,0
Methanosarcina.1,Romboutsia.1,0.7571428571428571,0.7571428571428571,positive,0.03463393581516328,0.0010811081941858344,14,5,5,1,Halobacterota,Firmicutes,0
Methanobacterium.4,Clostridium_sensu_stricto_13.1,-0.7569534125331466,0.7569534125331466,negative,0.03475039227290105,0.0010860595253020854,10,1,5,0,Euryarchaeota,Firmicutes,0
midas_g_2178.1,midas_g_49937.1,0.7569329949013608,0.7569329949013608,positive,0.03475039227290105,0.0010865942542222246,5,1,1,1,Chloroflexi,Chloroflexi,1
Dysgonomonas.1,midas_g_2604.3,-0.7569329949013608,0.7569329949013608,negative,0.03475039227290105,0.0010865942542222246,5,9,1,0,Bacteroidota,Firmicutes,0
Aminiphilus.1,midas_g_30443.1,0.7568825881235381,0.7568825881235381,positive,0.03475039227290105,0.0010879152976469694,9,1,1,1,Synergistota,Desulfobacterota,0
Dechlorobacter.1,Symbiobacterium.2,0.7568773656126431,0.7568773656126431,positive,0.03475039227290105,0.0010880522416357279,3,6,6,1,Proteobacteria,Firmicutes,0
Dehalobacterium.1,NK4A214_group.3,0.7568773656126431,0.7568773656126431,positive,0.03475039227290105,0.0010880522416357279,3,4,4,1,Firmicutes,Firmicutes,1
Syntrophomonas.28,Ercella.1,0.7568299343549616,0.7568299343549616,positive,0.03477251113090804,0.001089296616187077,9,1,1,1,Firmicutes,Firmicutes,1
Reyranella.2,Bradyrhizobium.2,0.756435355730556,0.756435355730556,positive,0.035051121389074,0.0010996931949439697,5,4,4,1,Proteobacteria,Proteobacteria,1
HN-HF0106.10,Caproiciproducens.1,0.756435355730556,0.756435355730556,positive,0.035051121389074,0.0010996931949439697,5,4,4,1,Firmicutes,Firmicutes,1
Parapusillimonas.1,Methanobacterium.96,0.756435355730556,0.756435355730556,positive,0.035051121389074,0.0010996931949439697,5,4,4,1,Proteobacteria,Euryarchaeota,0
Christensenellaceae_R-7_group.1,Monoglobus.13,0.756355804081796,0.756355804081796,positive,0.03510048496115553,0.0011017989534574163,7,1,1,1,Firmicutes,Firmicutes,1
Petrimonas.1,midas_g_114295.1,0.7562772592829499,0.7562772592829499,positive,0.03511440897485359,0.0011038812581320235,12,5,5,1,Bacteroidota,Armatimonadota,0
Dysgonomonas.1,midas_g_92370.1,-0.7562762600482742,0.7562762600482742,negative,0.03511440897485359,0.001103907769371647,4,9,1,0,Bacteroidota,Firmicutes,0
Methanobacterium.3,Flavobacterium.3,-0.7562762600482742,0.7562762600482742,negative,0.03511440897485359,0.001103907769371647,4,9,10,0,Euryarchaeota,Bacteroidota,0
Desulfovibrio.2,Sedimentibacter.8,0.7561538914024003,0.7561538914024003,positive,0.03520003666923775,0.0011071582930528014,9,9,9,1,Desulfobacterota,Firmicutes,0
Lutispora.3,Clostridium_sensu_stricto_1.7,0.7560426299919629,0.7560426299919629,positive,0.035249466779487475,0.0011101204845416004,6,4,4,1,Firmicutes,Firmicutes,1
Thermovirga.1,Methanobacterium.5,0.7560426299919629,0.7560426299919629,positive,0.035249466779487475,0.0011101204845416004,5,1,1,1,Synergistota,Euryarchaeota,0
midas_g_2901.1,Lentimicrobium.1,-0.7560324734729097,0.7560324734729097,negative,0.035249466779487475,0.0011103912076250143,13,5,1,0,WPS-2,Bacteroidota,0
Dehalobacterium.1,Bacteria (unclassified).1,0.7556962025316455,0.7556962025316455,positive,0.03548805172646014,0.0011193847340694738,4,4,4,1,Firmicutes,Bacteria (unclassified),0
Thermovirga.1,Syntrophobotulaceae.7,0.7556673336396147,0.7556673336396147,positive,0.03548805172646014,0.001120159565873127,4,1,1,1,Synergistota,Firmicutes,0
HN-HF0106.10,Christensenellaceae_R-7_group.42,0.7556673336396147,0.7556673336396147,positive,0.03548805172646014,0.001120159565873127,4,4,10,0,Firmicutes,Firmicutes,1
Sphingopyxis.3,Lutispora.3,0.7556673336396147,0.7556673336396147,positive,0.03548805172646014,0.001120159565873127,4,4,4,1,Proteobacteria,Firmicutes,0
Brevundimonas.3,Camelimonas.2,0.755554967790245,0.755554967790245,positive,0.035549507696294884,0.0011231795589470486,10,5,5,1,Proteobacteria,Proteobacteria,1
midas_g_669.2,Methanomethylophilaceae.1,0.7555531788435583,0.7555531788435583,positive,0.035549507696294884,0.001123227692628989,9,5,5,1,Firmicutes,Thermoplasmatota,0
Syner-01.9,Thermovirga.1,0.755437288211795,0.755437288211795,positive,0.035612535035138344,0.00112634941957391,7,1,1,1,Synergistota,Synergistota,1
midas_g_5574.1,Monoglobus.13,-0.7554372882117949,0.7554372882117949,negative,0.035612535035138344,0.0011263494195739158,3,5,1,0,Actinobacteriota,Firmicutes,0
Romboutsia.3,midas_g_9269.1,-0.7553828441899634,0.7553828441899634,negative,0.035641097269669256,0.0011278183888615307,7,6,1,0,Firmicutes,Bacteroidota,0
midas_g_36376.1,midas_g_76603.1,-0.7552384177246878,0.7552384177246878,negative,0.03572864454849964,0.0011317227047768002,4,5,1,0,Planctomycetota,Firmicutes,0
Christensenellaceae_R-7_group.61,Proteiniphilum.15,0.7552384177246878,0.7552384177246878,positive,0.03572864454849964,0.0011317227047768002,8,4,4,1,Firmicutes,Bacteroidota,0
Petrimonas.2,midas_g_2604.3,0.755201373094654,0.755201373094654,positive,0.03574240854283625,0.0011327258999594375,5,1,1,1,Bacteroidota,Firmicutes,0
Syner-01.9,Ercella.1,0.7550044675574749,0.7550044675574749,positive,0.035833897503496484,0.001138070316490441,7,1,1,1,Synergistota,Firmicutes,0
Azoarcus.2,Alcaligenaceae.1,0.7550044675574747,0.7550044675574747,positive,0.035833897503496484,0.001138070316490445,9,5,5,1,Proteobacteria,Proteobacteria,1
Intestinimonas.1,Methanomethylophilaceae.1,0.7549840076858031,0.7549840076858031,positive,0.035833897503496484,0.0011386268059878017,9,5,5,1,Firmicutes,Thermoplasmatota,0
Christensenellaceae_R-7_group.65,Paracoccus.4,0.7549611446732408,0.7549611446732408,positive,0.035833897503496484,0.0011392489188970438,6,4,1,0,Firmicutes,Proteobacteria,0
Brevundimonas.3,Methanobacterium.5,-0.7549611446732408,0.7549611446732408,negative,0.035833897503496484,0.0011392489188970438,2,5,1,0,Proteobacteria,Euryarchaeota,0
Sporomusaceae.2,Dehalobacterium.3,0.754948027392728,0.754948027392728,positive,0.035833897503496484,0.001139605970054384,4,6,6,1,Firmicutes,Firmicutes,1
Proteiniphilum.14,Oxobacteraceae.3,0.754948027392728,0.754948027392728,positive,0.035833897503496484,0.001139605970054384,4,10,10,1,Bacteroidota,Firmicutes,0
Desulfuromonadaceae.1,Christensenellaceae_R-7_group.3,0.754806778623548,0.754806778623548,positive,0.03593704080922609,0.001143456483043424,5,5,5,1,Desulfobacterota,Firmicutes,0
Proteiniborus.5,Proteiniphilum.14,0.7545454545454545,0.7545454545454545,positive,0.03612576714729489,0.0011506080341609933,5,4,10,0,Firmicutes,Bacteroidota,0
Rhodococcus.4,Anaerovorax.12,0.7545454545454545,0.7545454545454545,positive,0.03612576714729489,0.0011506080341609933,5,6,6,1,Actinobacteriota,Firmicutes,0
Thauera.1,midas_g_3595.1,0.7544013963193107,0.7544013963193107,positive,0.036168170561641094,0.0011545658484600268,7,5,5,1,Proteobacteria,Firmicutes,0
midas_g_114295.1,midas_g_92370.1,-0.7543918526119874,0.7543918526119874,negative,0.036168170561641094,0.0011548284376491236,1,5,1,0,Armatimonadota,Firmicutes,0
Clostridium_sensu_stricto_13.1,midas_g_92370.1,-0.7543918526119874,0.7543918526119874,negative,0.036168170561641094,0.0011548284376491236,1,5,1,0,Firmicutes,Firmicutes,1
Camelimonas.2,midas_g_92370.1,-0.7543918526119874,0.7543918526119874,negative,0.036168170561641094,0.0011548284376491236,1,5,1,0,Proteobacteria,Firmicutes,0
Monoglobus.2,midas_g_92370.1,-0.7543918526119874,0.7543918526119874,negative,0.036168170561641094,0.0011548284376491236,1,9,1,0,Firmicutes,Firmicutes,1
midas_g_2178.1,Aminiphilus.1,0.7543096136184919,0.7543096136184919,positive,0.03622109810215765,0.001157093193252981,9,1,1,1,Chloroflexi,Synergistota,0
midas_g_82137.2,Sphingopyxis.5,0.7539682539682541,0.7539682539682541,positive,0.036413026037374285,0.0011665322041339808,7,4,6,0,Firmicutes,Proteobacteria,0
Petrimonas.2,midas_g_92370.1,0.753870582802495,0.753870582802495,positive,0.036413026037374285,0.0011692443491929183,4,1,1,1,Bacteroidota,Firmicutes,0
Christensenellaceae_R-7_group.1,midas_g_92370.1,0.753870582802495,0.753870582802495,positive,0.036413026037374285,0.0011692443491929183,4,1,1,1,Firmicutes,Firmicutes,1
midas_g_3064.1,Pelolinea.3,0.7538705828024949,0.7538705828024949,positive,0.036413026037374285,0.0011692443491929214,4,1,1,1,Chloroflexi,Chloroflexi,1
midas_g_3064.1,Methanothrix.1,0.7538705828024949,0.7538705828024949,positive,0.036413026037374285,0.0011692443491929214,4,1,1,1,Chloroflexi,Halobacterota,0
Shinella.1,Syntrophomonas.15,0.7538376974776525,0.7538376974776525,positive,0.036413026037374285,0.0011701586588009477,3,6,6,1,Proteobacteria,Firmicutes,0
Reyranella.2,midas_g_36215.9,0.7538376974776525,0.7538376974776525,positive,0.036413026037374285,0.0011701586588009477,3,4,4,1,Proteobacteria,Bacteroidota,0
Enterococcus.5,midas_g_103381.1,0.7538376974776525,0.7538376974776525,positive,0.036413026037374285,0.0011701586588009477,3,4,4,1,Firmicutes,Firmicutes,1
midas_g_95485.1,Clostridium_sensu_stricto_7.2,0.7538376974776525,0.7538376974776525,positive,0.036413026037374285,0.0011701586588009477,3,4,4,1,Firmicutes,Firmicutes,1
Christensenellaceae.7,Anaerovorax.13,0.7538376974776525,0.7538376974776525,positive,0.036413026037374285,0.0011701586588009477,3,4,4,1,Firmicutes,Firmicutes,1
Caproiciproducens.1,midas_g_36215.9,0.7538376974776525,0.7538376974776525,positive,0.036413026037374285,0.0011701586588009477,3,4,4,1,Firmicutes,Bacteroidota,0
Bacteria (unclassified).1,midas_g_36215.9,0.7538376974776525,0.7538376974776525,positive,0.036413026037374285,0.0011701586588009477,3,4,4,1,Bacteria (unclassified),Bacteroidota,0
midas_g_3595.1,Syntrophomonadaceae.1,0.7536922104227614,0.7536922104227614,positive,0.036521078272305794,0.0011742105655837042,9,5,2,0,Firmicutes,Firmicutes,1
Methanobacterium.1,Methanobacterium.2,-0.7535714285714286,0.7535714285714286,negative,0.036524134286762065,0.0011775830234888273,15,1,9,0,Euryarchaeota,Euryarchaeota,1
Petrimonas.1,Proteiniphilum.1,-0.7535714285714286,0.7535714285714286,negative,0.036524134286762065,0.0011775830234888273,15,5,1,0,Bacteroidota,Bacteroidota,1
Christensenellaceae_R-7_group.2,Lentimicrobium.1,0.7535714285714286,0.7535714285714286,positive,0.036524134286762065,0.0011775830234888273,14,1,1,1,Firmicutes,Bacteroidota,0
midas_g_98124.1,Desulfovibrio.1,-0.7535248119459949,0.7535248119459949,negative,0.036524134286762065,0.0011788867394106732,8,4,5,0,Firmicutes,Desulfobacterota,0
Brevundimonas.3,Monoglobus.13,-0.7534648670937486,0.7534648670937486,negative,0.036524134286762065,0.001180564916560448,3,5,1,0,Proteobacteria,Firmicutes,0
midas_g_15299.1,midas_g_49834.1,-0.7534459651022968,0.7534459651022968,negative,0.036524134286762065,0.0011810944845579018,7,5,10,0,Bacteroidota,Firmicutes,0
Methanobacterium.2,Clostridiaceae.6,0.7534459651022968,0.7534459651022968,positive,0.036524134286762065,0.0011810944845579018,7,9,4,0,Euryarchaeota,Firmicutes,0
Sphaerochaeta.1,Brevundimonas.5,-0.7534444713637305,0.7534444713637305,negative,0.036524134286762065,0.0011811363420948168,5,-1,6,0,Spirochaetota,Proteobacteria,0
Devosia.1,midas_g_94288.1,-0.7534444713637305,0.7534444713637305,negative,0.036524134286762065,0.0011811363420948168,6,2,-1,0,Proteobacteria,Firmicutes,0
midas_g_15299.1,Proteiniphilum.14,-0.7534444713637305,0.7534444713637305,negative,0.036524134286762065,0.0011811363420948168,6,5,10,0,Bacteroidota,Bacteroidota,1
Romboutsia.1,midas_g_95534.1,-0.7534444713637305,0.7534444713637305,negative,0.036524134286762065,0.0011811363420948168,6,5,1,0,Firmicutes,Firmicutes,1
Colidextribacter.1,midas_g_110683.3,0.7533687847331638,0.7533687847331638,positive,0.036524134286762065,0.0011832588022070308,7,4,4,1,Firmicutes,Firmicutes,1
Hydrogenophaga.5,Desulfovibrio.4,0.7533687847331638,0.7533687847331638,positive,0.036524134286762065,0.0011832588022070308,6,6,6,1,Proteobacteria,Desulfobacterota,0
Syntrophomonas.3,Christensenellaceae.7,0.7531903758230392,0.7531903758230392,positive,0.036524134286762065,0.0011882740717981623,5,10,4,0,Firmicutes,Firmicutes,1
Methanobacterium.5,Bacteria (unclassified).39,0.7531903758230392,0.7531903758230392,positive,0.036524134286762065,0.0011882740717981623,5,1,1,1,Euryarchaeota,Bacteria (unclassified),0
Proteiniphilum.14,Desulfovibrio.3,0.7531903758230392,0.7531903758230392,positive,0.036524134286762065,0.0011882740717981623,5,10,4,0,Bacteroidota,Desulfobacterota,0
Methanobacterium.5,midas_g_554.2,0.7531903758230392,0.7531903758230392,positive,0.036524134286762065,0.0011882740717981623,5,1,1,1,Euryarchaeota,Firmicutes,0
Alcaligenes.3,Pelotomaculum.1,0.7531650283691416,0.7531650283691416,positive,0.036524134286762065,0.0011889880077591319,3,2,6,0,Proteobacteria,Firmicutes,0
Monoglobus.13,Proteiniphilum.12,0.7531650283691416,0.7531650283691416,positive,0.036524134286762065,0.0011889880077591319,3,1,1,1,Firmicutes,Bacteroidota,0
Colidextribacter.1,Bacteria (unclassified).35,0.7531650283691415,0.7531650283691415,positive,0.036524134286762065,0.0011889880077591319,3,4,6,0,Firmicutes,Bacteria (unclassified),0
Sphaerochaeta.7,Erysipelothrix.3,0.7531650283691415,0.7531650283691415,positive,0.036524134286762065,0.0011889880077591319,3,10,10,1,Spirochaetota,Firmicutes,0
Methanobacterium.61,Thauera.1,0.7531650283691415,0.7531650283691415,positive,0.036524134286762065,0.0011889880077591319,3,5,5,1,Euryarchaeota,Proteobacteria,0
Thermovirga.1,Proteiniphilum.12,0.7531650283691415,0.7531650283691415,positive,0.036524134286762065,0.0011889880077591319,3,1,1,1,Synergistota,Bacteroidota,0
Veillonellales-Selenomonadales.6,Ralstonia.1,0.7531650283691415,0.7531650283691415,positive,0.036524134286762065,0.0011889880077591319,3,4,4,1,Firmicutes,Proteobacteria,0
Dehalobacterium.1,Devosia.9,0.7531645569620253,0.7531645569620253,positive,0.036524134286762065,0.001189001288686026,4,4,4,1,Firmicutes,Proteobacteria,0
Christensenellaceae_R-7_group.57,NK4A214_group.2,0.7531319564704689,0.7531319564704689,positive,0.036524134286762065,0.0011899200313593278,4,4,10,0,Firmicutes,Firmicutes,1
Fermentimonas.2,Comamonadaceae.3,0.7531305903398926,0.7531305903398926,positive,0.036524134286762065,0.001189958543985821,13,5,5,1,Bacteroidota,Proteobacteria,0
Sphingopyxis.5,Methanobacterium.96,0.7530528584335476,0.7530528584335476,positive,0.036573630728723196,0.0011921515459548265,5,6,4,0,Proteobacteria,Euryarchaeota,0
Thiobacillus.1,Monoglobus.1,-0.7529232524210427,0.7529232524210427,negative,0.036632525684286946,0.0011958153002916523,8,1,4,0,Proteobacteria,Firmicutes,0
Burkholderiales.1,Monoglobus.1,0.7529232524210426,0.7529232524210426,positive,0.036632525684286946,0.0011958153002916533,8,4,4,1,Proteobacteria,Firmicutes,0
Mesotoga.1,Monoglobus.1,-0.7529232524210426,0.7529232524210426,negative,0.036632525684286946,0.0011958153002916533,8,5,4,0,Thermotogota,Firmicutes,0
midas_g_5574.1,Syner-01.1,0.7528517213141737,0.7528517213141737,positive,0.03667675865813319,0.001197841262551784,10,5,5,1,Actinobacteriota,Synergistota,0
midas_g_2604.3,Rhodococcus.1,-0.7526805623457352,0.7526805623457352,negative,0.03677193203763606,0.0012027002242290274,4,1,5,0,Firmicutes,Actinobacteriota,0
midas_g_3409.1,midas_g_49937.1,0.7526805623457352,0.7526805623457352,positive,0.03677193203763606,0.0012027002242290274,5,1,1,1,WS1,Chloroflexi,0
Syner-01.1,Christensenellaceae_R-7_group.93,0.7526805623457352,0.7526805623457352,positive,0.03677193203763606,0.0012027002242290274,5,5,6,0,Synergistota,Firmicutes,0
Thermovirga.2,midas_g_77817.1,0.7523648220268876,0.7523648220268876,positive,0.0370279967727665,0.0012117054232613919,4,5,2,0,Synergistota,Firmicutes,0
Brevundimonas.3,Aquamicrobium.2,0.7523252395030132,0.7523252395030132,positive,0.0370279967727665,0.0012128381841970048,9,5,5,1,Proteobacteria,Proteobacteria,1
Brevundimonas.3,Hyphomonas.1,0.7523252395030132,0.7523252395030132,positive,0.0370279967727665,0.0012128381841970048,9,5,5,1,Proteobacteria,Proteobacteria,1
Monoglobus.2,Monoglobus.13,-0.7522636777300047,0.7522636777300047,negative,0.03706387785549898,0.0012146016404545876,4,9,1,0,Firmicutes,Firmicutes,1
midas_g_21833.1,Alcaligenes.3,0.752150445135045,0.752150445135045,positive,0.03711842415533406,0.0012178506318421575,7,2,2,1,Actinobacteriota,Proteobacteria,0
Methanoculleus.1,midas_g_515.2,0.752150445135045,0.752150445135045,positive,0.03711842415533406,0.0012178506318421575,7,6,6,1,Halobacterota,Firmicutes,0
Aquamicrobium.2,Phenylobacterium.4,0.7521398046336106,0.7521398046336106,positive,0.03711842415533406,0.0012181563010320061,8,5,2,0,Proteobacteria,Proteobacteria,1
Methanobacterium.4,HN-HF0106.5,-0.7521017334119124,0.7521017334119124,negative,0.037133808445114325,0.0012192504788291736,4,1,5,0,Euryarchaeota,Firmicutes,0
midas_g_114295.1,Syner-01.9,-0.7519049437912583,0.7519049437912583,negative,0.03722339716977737,0.001224918933507797,7,5,1,0,Armatimonadota,Synergistota,0
Ruminiclostridium.13,Christensenellaceae.7,0.7518229450248818,0.7518229450248818,positive,0.03722339716977737,0.0012272871522802401,5,4,4,1,Firmicutes,Firmicutes,1
midas_g_3595.1,midas_g_97954.1,0.7518181818181819,0.7518181818181819,positive,0.03722339716977737,0.0012274248327395442,10,5,5,1,Firmicutes,Firmicutes,1
midas_g_110683.3,Proteiniborus.5,0.7517296073704977,0.7517296073704977,positive,0.03722339716977737,0.0012299873503583577,6,4,4,1,Firmicutes,Firmicutes,1
EBM-39.1,Bellilinea.1,-0.7516927675631332,0.7516927675631332,negative,0.03722339716977737,0.0012310544219547176,4,5,1,0,Synergistota,Chloroflexi,0
Romboutsia.1,midas_g_92370.1,-0.7516927675631331,0.7516927675631331,negative,0.03722339716977737,0.0012310544219547187,4,5,1,0,Firmicutes,Firmicutes,1
Geobacteraceae.1,Hungateiclostridiaceae.27,-0.7516927675631331,0.7516927675631331,negative,0.03722339716977737,0.0012310544219547187,3,1,9,0,Desulfobacterota,Firmicutes,0
Desulfosporosinus.2,midas_g_82137.1,0.7516901990018106,0.7516901990018106,positive,0.03722339716977737,0.001231128848665449,3,4,4,1,Firmicutes,Firmicutes,1
Petrimonas.4,Proteiniphilum.12,0.7516901990018106,0.7516901990018106,positive,0.03722339716977737,0.001231128848665449,3,1,1,1,Bacteroidota,Bacteroidota,1
Syntrophomonas.15,Brevundimonas.5,0.7516901990018106,0.7516901990018106,positive,0.03722339716977737,0.001231128848665449,3,6,6,1,Firmicutes,Proteobacteria,0
Proteiniphilum.14,Proteiniphilum.17,0.7516901990018106,0.7516901990018106,positive,0.03722339716977737,0.001231128848665449,3,10,10,1,Bacteroidota,Bacteroidota,1
Desulfosporosinus.2,Desulfosporosinus.3,0.7516901990018106,0.7516901990018106,positive,0.03722339716977737,0.001231128848665449,3,4,4,1,Firmicutes,Firmicutes,1
Proteiniphilum.14,Methylobacter.1,0.7516901990018104,0.7516901990018104,positive,0.03722339716977737,0.0012311288486654512,3,10,10,1,Bacteroidota,Proteobacteria,0
Sporomusaceae.2,Peptococcaceae.4,0.7516901990018104,0.7516901990018104,positive,0.03722339716977737,0.0012311288486654512,3,6,6,1,Firmicutes,Firmicutes,1
Syntrophomonas.2,Anaerovorax.13,0.7516901990018104,0.7516901990018104,positive,0.03722339716977737,0.0012311288486654512,3,4,4,1,Firmicutes,Firmicutes,1
midas_g_49834.1,Syntrophomonas.2,0.7516724413792926,0.7516724413792926,positive,0.03722339716977737,0.0012316434934932844,6,10,4,0,Firmicutes,Firmicutes,1
Lachnoclostridium.1,Aminiphilus.1,-0.7514653949505282,0.7514653949505282,negative,0.037387205196922096,0.0012376568705490764,6,9,1,0,Firmicutes,Synergistota,0
Methanobacterium.1,Petrimonas.2,0.7513818438880961,0.7513818438880961,positive,0.03742482944316154,0.0012400902002304454,11,1,1,1,Euryarchaeota,Bacteroidota,0
midas_g_3595.1,Christensenellaceae_R-7_group.3,0.7513818438880961,0.7513818438880961,positive,0.03742482944316154,0.0012400902002304454,11,5,5,1,Firmicutes,Firmicutes,1
Lutispora.3,midas_g_2178.3,0.7513271349100388,0.7513271349100388,positive,0.037455039845541827,0.001241685629182989,7,4,4,1,Firmicutes,Chloroflexi,0
Thermovirga.2,Azoarcus.2,0.7512921543474862,0.7512921543474862,positive,0.03746790142426662,0.0012427066045119695,9,5,5,1,Synergistota,Proteobacteria,0
midas_g_93469.1,Monoglobus.13,-0.7511502450750251,0.7511502450750251,negative,0.037575011856535646,0.0012468554573906755,2,5,1,0,Firmicutes,Firmicutes,1
Comamonadaceae.1,Devosia.2,0.7510137813776575,0.7510137813776575,positive,0.03767754193090851,0.00125085564667313,5,5,6,0,Proteobacteria,Proteobacteria,1
Christensenellaceae_R-7_group.1,Ercella.1,0.750900757791566,0.750900757791566,positive,0.037748006696352324,0.0012541765714399855,8,1,1,1,Firmicutes,Firmicutes,1
Aquamicrobium.1,Dehalobacterium.1,0.7508116296882097,0.7508116296882097,positive,0.037748006696352324,0.001256800402981439,5,10,4,0,Proteobacteria,Firmicutes,0
midas_g_98017.1,Christensenellaceae_R-7_group.93,0.7508116296882097,0.7508116296882097,positive,0.037748006696352324,0.001256800402981439,5,5,6,0,Firmicutes,Firmicutes,1
Syntrophomonas.22,midas_g_82137.2,0.7508116296882097,0.7508116296882097,positive,0.037748006696352324,0.001256800402981439,5,4,4,1,Firmicutes,Firmicutes,1
Proteiniphilum.15,Christensenellaceae_R-7_group.57,0.7508116296882097,0.7508116296882097,positive,0.037748006696352324,0.001256800402981439,5,4,4,1,Bacteroidota,Firmicutes,0
midas_g_35108.1,midas_g_49937.1,0.7507916803586346,0.7507916803586346,positive,0.037748006696352324,0.001257388295547712,4,1,1,1,Chloroflexi,Chloroflexi,1
midas_g_2604.3,Methanobacterium.5,0.7507916803586346,0.7507916803586346,positive,0.037748006696352324,0.001257388295547712,4,1,1,1,Firmicutes,Euryarchaeota,0
Rummeliibacillus.2,Christensenellaceae_R-7_group.38,0.750632911392405,0.750632911392405,positive,0.03780916343556874,0.001262075024718863,4,4,4,1,Firmicutes,Firmicutes,1
Romboutsia.1,midas_g_4301.4,0.7506210580506754,0.7506210580506754,positive,0.03780916343556874,0.0012624254906597999,9,5,5,1,Firmicutes,Firmicutes,1
Methanosarcina.1,Christensenellaceae_R-7_group.44,-0.7506210580506754,0.7506210580506754,negative,0.03780916343556874,0.0012624254906597999,8,5,1,0,Halobacterota,Firmicutes,0
Petrimonas.1,midas_g_93469.1,0.7506210580506754,0.7506210580506754,positive,0.03780916343556874,0.0012624254906597999,9,5,5,1,Bacteroidota,Firmicutes,0
Christensenellaceae_R-7_group.2,Christensenellaceae_R-7_group.44,0.7506210580506754,0.7506210580506754,positive,0.03780916343556874,0.0012624254906597999,9,1,1,1,Firmicutes,Firmicutes,1
midas_g_93469.1,Syntrophomonas.1,0.7503992386621482,0.7503992386621482,positive,0.03791194691745039,0.0012689984990768128,8,5,5,1,Firmicutes,Firmicutes,1
Sphingosinicella.1,Syntrophomonadaceae.1,0.7503992386621482,0.7503992386621482,positive,0.03791194691745039,0.0012689984990768128,7,2,2,1,Proteobacteria,Firmicutes,0
Cryptanaerobacter.1,Family_XI.4,0.7502754610786493,0.7502754610786493,positive,0.03791194691745039,0.0012726783016873348,3,1,1,1,Firmicutes,Firmicutes,1
Bellilinea.1,Soehngenia.5,0.7502754610786493,0.7502754610786493,positive,0.03791194691745039,0.0012726783016873348,3,1,1,1,Chloroflexi,Firmicutes,0
midas_g_119665.1,midas_g_2424.1,0.7502754610786493,0.7502754610786493,positive,0.03791194691745039,0.0012726783016873348,3,6,10,0,Firmicutes,Firmicutes,1
Syntrophomonas.15,Trichloromonas.1,0.7502754610786492,0.7502754610786492,positive,0.03791194691745039,0.0012726783016873378,3,6,2,0,Firmicutes,Desulfobacterota,0
Pelotomaculum.1,Sedimentibacter.18,0.7502754610786492,0.7502754610786492,positive,0.03791194691745039,0.0012726783016873378,3,6,6,1,Firmicutes,Firmicutes,1
Acinetobacter.1,Limnobacter.1,0.7502501344689071,0.7502501344689071,positive,0.03791194691745039,0.0012734323009701237,11,5,5,1,Proteobacteria,Proteobacteria,1
Aquamicrobium.2,Intestinimonas.1,0.7502501344689071,0.7502501344689071,positive,0.03791194691745039,0.0012734323009701237,11,5,5,1,Proteobacteria,Firmicutes,0
Syntrophobacter.1,Parapusillimonas.1,0.7501500450150052,0.7501500450150052,positive,0.03791194691745039,0.00127641559704381,7,2,4,0,Desulfobacterota,Proteobacteria,0
Christensenellaceae_R-7_group.63,Fermentimonas.2,0.750085374877296,0.750085374877296,positive,0.03791194691745039,0.0012783461732928114,6,5,5,1,Firmicutes,Bacteroidota,0
Fermentimonas.2,Pelolinea.3,-0.7500710268377813,0.7500710268377813,negative,0.03791194691745039,0.0012787748199398136,2,5,1,0,Bacteroidota,Chloroflexi,0
Acinetobacter.1,Pelolinea.3,-0.7500710268377813,0.7500710268377813,negative,0.03791194691745039,0.0012787748199398136,2,5,1,0,Proteobacteria,Chloroflexi,0
Acinetobacter.1,Methanothrix.1,-0.7500710268377813,0.7500710268377813,negative,0.03791194691745039,0.0012787748199398136,2,5,1,0,Proteobacteria,Halobacterota,0
Acinetobacter.1,Cryptanaerobacter.1,-0.7500710268377813,0.7500710268377813,negative,0.03791194691745039,0.0012787748199398136,2,5,1,0,Proteobacteria,Firmicutes,0
Comamonadaceae.3,Syntrophobotulaceae.7,-0.7500710268377813,0.7500710268377813,negative,0.03791194691745039,0.0012787748199398136,2,5,1,0,Proteobacteria,Firmicutes,0
Thermovirga.2,Methanothrix.1,-0.7500710268377813,0.7500710268377813,negative,0.03791194691745039,0.0012787748199398136,2,5,1,0,Synergistota,Halobacterota,0
Thermovirga.2,Pelolinea.3,-0.7500710268377813,0.7500710268377813,negative,0.03791194691745039,0.0012787748199398136,2,5,1,0,Synergistota,Chloroflexi,0
Thermovirga.2,Cryptanaerobacter.1,-0.7500710268377813,0.7500710268377813,negative,0.03791194691745039,0.0012787748199398136,2,5,1,0,Synergistota,Firmicutes,0
Fermentimonas.2,Methanothrix.1,-0.7500710268377813,0.7500710268377813,negative,0.03791194691745039,0.0012787748199398136,2,5,1,0,Bacteroidota,Halobacterota,0
Fermentimonas.2,Cryptanaerobacter.1,-0.7500710268377813,0.7500710268377813,negative,0.03791194691745039,0.0012787748199398136,2,5,1,0,Bacteroidota,Firmicutes,0
Proteiniborus.5,Desulfosporosinus.2,0.7499999999999999,0.7499999999999999,positive,0.03791194691745039,0.0012808984509355362,5,4,4,1,Firmicutes,Firmicutes,1
midas_g_91392.1,Tissierella.5,0.7499999999999999,0.7499999999999999,positive,0.03791194691745039,0.0012808984509355362,5,6,6,1,Firmicutes,Firmicutes,1
Desulfobulbus.1,Mesotoga.1,0.7499999999999999,0.7499999999999999,positive,0.03791194691745039,0.0012808984509355362,15,5,5,1,Desulfobacterota,Thermotogota,0
Acinetobacter.2,HN-HF0106.5,0.7499999999999999,0.7499999999999999,positive,0.03791194691745039,0.0012808984509355362,5,5,5,1,Proteobacteria,Firmicutes,0
Dehalobacter.2,Methanobacterium.20,0.7497771504927777,0.7497771504927777,positive,0.03798481307889018,0.0012875799145667503,4,6,10,0,Firmicutes,Euryarchaeota,0
Ca_Phosphitivorax.1,Pelolinea.3,0.7497771504927777,0.7497771504927777,positive,0.03798481307889018,0.0012875799145667503,4,1,1,1,SAR324_cladeMarine_group_B,Chloroflexi,0
Ca_Phosphitivorax.1,Methanothrix.1,0.7497771504927777,0.7497771504927777,positive,0.03798481307889018,0.0012875799145667503,4,1,1,1,SAR324_cladeMarine_group_B,Halobacterota,0
Desulfosporosinus.2,midas_g_82137.3,0.7497771504927777,0.7497771504927777,positive,0.03798481307889018,0.0012875799145667503,4,4,4,1,Firmicutes,Firmicutes,1
Tissierella.5,Thermobrachium.2,0.7497771504927776,0.7497771504927776,positive,0.03798481307889018,0.0012875799145667538,4,6,6,1,Firmicutes,Firmicutes,1
Rhodococcus.4,Bosea.5,0.7497771504927776,0.7497771504927776,positive,0.03798481307889018,0.0012875799145667538,4,6,6,1,Actinobacteriota,Proteobacteria,0
Lachnospiraceae.3,Tissierella.5,0.7497771504927776,0.7497771504927776,positive,0.03798481307889018,0.0012875799145667538,4,6,6,1,Firmicutes,Firmicutes,1
Mesotoga.1,Clostridiaceae.6,-0.7495722069269637,0.7495722069269637,negative,0.038109147938689164,0.0012937493308991556,7,5,4,0,Thermotogota,Firmicutes,0
Methanobacterium.4,Comamonadaceae.3,-0.7495527728085868,0.7495527728085868,negative,0.038109147938689164,0.0012943355926289596,11,1,5,0,Euryarchaeota,Proteobacteria,0
Dehalobacterium.1,Parapusillimonas.1,0.7495167396720448,0.7495167396720448,positive,0.038109147938689164,0.00129542315810252,5,4,4,1,Firmicutes,Proteobacteria,0
Veillonellales-Selenomonadales.6,Hungateiclostridiaceae.28,0.7495167396720448,0.7495167396720448,positive,0.038109147938689164,0.00129542315810252,5,4,4,1,Firmicutes,Firmicutes,1
Monoglobus.13,midas_g_554.2,0.7495167396720448,0.7495167396720448,positive,0.038109147938689164,0.00129542315810252,5,1,1,1,Firmicutes,Firmicutes,1
Bradyrhizobium.2,Devosia.9,0.7495167396720448,0.7495167396720448,positive,0.038109147938689164,0.00129542315810252,5,4,4,1,Proteobacteria,Proteobacteria,1
midas_g_91392.1,Colidextribacter.1,0.7494873470729575,0.7494873470729575,positive,0.038117466838123545,0.0012963108425762331,5,6,4,0,Firmicutes,Firmicutes,1
Fermentimonas.2,midas_g_93469.1,0.7494462276783278,0.7494462276783278,positive,0.038128082980604466,0.0012975535113130398,9,5,5,1,Bacteroidota,Firmicutes,0
Dysgonomonas.1,Ca_Phosphitivorax.1,-0.7494153565436036,0.7494153565436036,negative,0.038128082980604466,0.0012984870993172498,6,9,1,0,Bacteroidota,SAR324_cladeMarine_group_B,0
Mesotoga.1,Clostridium_sensu_stricto_1.7,-0.7494153565436036,0.7494153565436036,negative,0.038128082980604466,0.0012984870993172498,6,5,4,0,Thermotogota,Firmicutes,0
Syner-01.9,midas_g_93469.1,-0.7493701058592848,0.7493701058592848,negative,0.03813275563491724,0.0012998565255943476,5,1,5,0,Synergistota,Firmicutes,0
midas_g_36376.1,Aminiphilus.1,-0.7493701058592848,0.7493701058592848,negative,0.03813275563491724,0.0012998565255943476,5,5,1,0,Planctomycetota,Synergistota,0
Aquamicrobium.2,midas_g_77817.1,0.7492456099018661,0.7492456099018661,positive,0.03819647613410161,0.0013036301767355531,4,5,2,0,Proteobacteria,Firmicutes,0
Proteiniphilum.2,Methanobacterium.2,-0.7492147564769073,0.7492147564769073,negative,0.03819647613410161,0.001304566754243727,10,1,9,0,Bacteroidota,Euryarchaeota,0
Christensenellaceae_R-7_group.4,Romboutsia.1,0.7491586361589375,0.7491586361589375,positive,0.03819647613410161,0.0013062717184909541,8,5,5,1,Firmicutes,Firmicutes,1
Romboutsia.1,Phenylobacterium.4,0.7491586361589375,0.7491586361589375,positive,0.03819647613410161,0.0013062717184909541,8,5,2,0,Firmicutes,Proteobacteria,0
EBM-39.1,Sphingosinicella.1,0.7491586361589375,0.7491586361589375,positive,0.03819647613410161,0.0013062717184909541,8,5,2,0,Synergistota,Proteobacteria,0
midas_g_9269.1,Synergistaceae.2,-0.7491586361589375,0.7491586361589375,negative,0.03819647613410161,0.0013062717184909541,8,1,6,0,Bacteroidota,Synergistota,0
Sphingosinicella.1,midas_g_9269.1,-0.7491586361589375,0.7491586361589375,negative,0.03819647613410161,0.0013062717184909541,8,2,1,0,Proteobacteria,Bacteroidota,0
NK4A214_group.4,Clostridia.9,0.749025340718831,0.749025340718831,positive,0.03826183544518094,0.0013103285125638823,6,2,2,1,Firmicutes,Firmicutes,1
midas_g_112760.1,midas_g_35108.1,0.749025340718831,0.749025340718831,positive,0.03826183544518094,0.0013103285125638823,6,1,1,1,Firmicutes,Chloroflexi,0
Pelotomaculum.2,Syntrophomonas.3,0.749025340718831,0.749025340718831,positive,0.03826183544518094,0.0013103285125638823,6,10,10,1,Firmicutes,Firmicutes,1
midas_g_5574.2,midas_g_77817.1,0.7488709210510792,0.7488709210510792,positive,0.03832839436792157,0.001315040921437243,4,5,2,0,Actinobacteriota,Firmicutes,0
XBB1006.1,midas_g_2604.2,0.7488709210510792,0.7488709210510792,positive,0.03832839436792157,0.001315040921437243,4,6,6,1,Firmicutes,Firmicutes,1
Lachnospiraceae.3,Oscillibacter.4,0.7488709210510792,0.7488709210510792,positive,0.03832839436792157,0.001315040921437243,4,6,6,1,Firmicutes,Firmicutes,1
Hydrogenophaga.5,Comamonadaceae.6,0.7488709210510792,0.7488709210510792,positive,0.03832839436792157,0.001315040921437243,4,6,6,1,Proteobacteria,Proteobacteria,1
Desulfosporosinus.1,Geobacteraceae.1,-0.7487767802667671,0.7487767802667671,negative,0.03839456451636383,0.0013179205105039353,8,4,1,0,Firmicutes,Desulfobacterota,0
Enterococcus.5,Proteiniphilum.15,0.7485704009428717,0.7485704009428717,positive,0.03854209860275911,0.0013242510732143042,5,4,4,1,Firmicutes,Bacteroidota,0
Proteiniclasticum.1,Sphingosinicella.1,0.7485704009428717,0.7485704009428717,positive,0.03854209860275911,0.0013242510732143042,5,2,2,1,Firmicutes,Proteobacteria,0
EBM-39.1,Bacteria (unclassified).39,-0.7484281297901096,0.7484281297901096,negative,0.03854209860275911,0.0013286294281263562,5,5,1,0,Synergistota,Bacteria (unclassified),0
midas_g_2178.1,midas_g_84729.1,0.7484281297901095,0.7484281297901095,positive,0.03854209860275911,0.001328629428126361,5,1,1,1,Chloroflexi,Chloroflexi,1
Pelotomaculum.4,Dehalobacterium.1,0.74839298489423,0.74839298489423,positive,0.03854209860275911,0.001329712799733366,5,6,4,0,Firmicutes,Firmicutes,1
Petrimonas.4,midas_g_554.2,0.74839298489423,0.74839298489423,positive,0.03854209860275911,0.001329712799733366,5,1,1,1,Bacteroidota,Firmicutes,0
Proteiniphilum.14,Propionicicella.4,0.74839298489423,0.74839298489423,positive,0.03854209860275911,0.001329712799733366,5,10,4,0,Bacteroidota,Actinobacteriota,0
Petrimonas.4,Bacteria (unclassified).39,0.74839298489423,0.74839298489423,positive,0.03854209860275911,0.001329712799733366,5,1,1,1,Bacteroidota,Bacteria (unclassified),0
Proteiniphilum.14,Colidextribacter.6,0.74839298489423,0.74839298489423,positive,0.03854209860275911,0.001329712799733366,5,10,4,0,Bacteroidota,Firmicutes,0
Sporomusaceae.2,Reyranella.2,0.74839298489423,0.74839298489423,positive,0.03854209860275911,0.001329712799733366,5,6,4,0,Firmicutes,Proteobacteria,0
Ca_Phosphitivorax.1,Bacteria (unclassified).39,0.74839298489423,0.74839298489423,positive,0.03854209860275911,0.001329712799733366,5,1,1,1,SAR324_cladeMarine_group_B,Bacteria (unclassified),0
midas_g_97954.1,Syntrophomonas.1,0.7483411187516227,0.7483411187516227,positive,0.038553011196040134,0.0013313129203444208,8,5,5,1,Firmicutes,Firmicutes,1
Limnobacter.1,midas_g_5574.2,0.7483411187516227,0.7483411187516227,positive,0.038553011196040134,0.0013313129203444208,8,5,5,1,Proteobacteria,Actinobacteriota,0
midas_g_77185.2,Colidextribacter.6,0.7481012658227849,0.7481012658227849,positive,0.038602659435176837,0.001338732835510858,4,4,4,1,Cyanobacteria,Firmicutes,0
midas_g_77185.2,Propionicicella.4,0.7481012658227849,0.7481012658227849,positive,0.038602659435176837,0.001338732835510858,4,4,4,1,Cyanobacteria,Actinobacteriota,0
Reyranella.2,Caproiciproducens.1,0.7481012658227849,0.7481012658227849,positive,0.038602659435176837,0.001338732835510858,4,4,4,1,Proteobacteria,Firmicutes,0
midas_g_3595.1,Devosia.1,0.7480663779272024,0.7480663779272024,positive,0.038602659435176837,0.001339814876213375,6,5,2,0,Firmicutes,Proteobacteria,0
Sedimentibacter.11,Desulfosporosinus.2,0.7480663779272024,0.7480663779272024,positive,0.038602659435176837,0.001339814876213375,6,9,4,0,Firmicutes,Firmicutes,1
midas_g_97954.1,Ca_Phosphitivorax.1,-0.7480663779272024,0.7480663779272024,negative,0.038602659435176837,0.001339814876213375,3,5,1,0,Firmicutes,SAR324_cladeMarine_group_B,0
midas_g_669.2,Ca_Phosphitivorax.1,-0.7480663779272024,0.7480663779272024,negative,0.038602659435176837,0.001339814876213375,3,5,1,0,Firmicutes,SAR324_cladeMarine_group_B,0
Christensenellaceae_R-7_group.63,midas_g_114295.1,0.7480626820824543,0.7480626820824543,positive,0.038602659435176837,0.001339929543382624,6,5,5,1,Firmicutes,Armatimonadota,0
midas_g_85764.2,Christensenellaceae_R-7_group.42,0.7479420879632183,0.7479420879632183,positive,0.038602659435176837,0.0013436754399416512,4,1,10,0,Firmicutes,Firmicutes,1
Methanosarcina.1,Oscillibacter.3,0.747778094037314,0.747778094037314,positive,0.038602659435176837,0.0013487829756054289,11,5,5,1,Halobacterota,Firmicutes,0
Methanobacterium.96,midas_g_82137.1,0.7477583612076715,0.7477583612076715,positive,0.038602659435176837,0.0013493986022988997,3,4,4,1,Euryarchaeota,Firmicutes,0
Bacteria (unclassified).39,Family_XI.4,0.7477583612076715,0.7477583612076715,positive,0.038602659435176837,0.0013493986022988997,3,1,1,1,Bacteria (unclassified),Firmicutes,0
midas_g_84729.1,Family_XI.4,0.7477583612076715,0.7477583612076715,positive,0.038602659435176837,0.0013493986022988997,3,1,1,1,Chloroflexi,Firmicutes,0
Rummeliibacillus.2,Proteiniborus.4,0.7477583612076715,0.7477583612076715,positive,0.038602659435176837,0.0013493986022988997,3,4,4,1,Firmicutes,Firmicutes,1
Syntrophomonas.15,Christensenellaceae_R-7_group.93,0.7477583612076715,0.7477583612076715,positive,0.038602659435176837,0.0013493986022988997,3,6,6,1,Firmicutes,Firmicutes,1
midas_g_84729.1,Christensenellaceae_R-7_group.56,0.7477583612076715,0.7477583612076715,positive,0.038602659435176837,0.0013493986022988997,3,1,1,1,Chloroflexi,Firmicutes,0
midas_g_76594.1,Christensenellaceae_R-7_group.19,0.7477583612076715,0.7477583612076715,positive,0.038602659435176837,0.0013493986022988997,3,6,6,1,Firmicutes,Firmicutes,1
Pseudoxanthomonas.2,Comamonadaceae.18,0.7477583612076715,0.7477583612076715,positive,0.038602659435176837,0.0013493986022988997,3,1,1,1,Proteobacteria,Proteobacteria,1
Stappia.1,Proteiniphilum.13,0.7477583612076715,0.7477583612076715,positive,0.038602659435176837,0.0013493986022988997,3,4,10,0,Proteobacteria,Bacteroidota,0
Methanobacterium.96,Desulfosporosinus.3,0.7477583612076715,0.7477583612076715,positive,0.038602659435176837,0.0013493986022988997,3,4,4,1,Euryarchaeota,Firmicutes,0
Methanobacterium.96,Ruminiclostridium.2,0.7477583612076715,0.7477583612076715,positive,0.038602659435176837,0.0013493986022988997,3,4,4,1,Euryarchaeota,Firmicutes,0
Christensenellaceae_R-7_group.57,midas_g_36215.9,0.7477583612076715,0.7477583612076715,positive,0.038602659435176837,0.0013493986022988997,3,4,4,1,Firmicutes,Bacteroidota,0
Christensenellaceae.7,midas_g_36215.9,0.7477583612076715,0.7477583612076715,positive,0.038602659435176837,0.0013493986022988997,3,4,4,1,Firmicutes,Bacteroidota,0
Caproiciproducens.1,Anaerovorax.13,0.7477583612076715,0.7477583612076715,positive,0.038602659435176837,0.0013493986022988997,3,4,4,1,Firmicutes,Firmicutes,1
HN-HF0106.17,Hungateiclostridiaceae.28,0.7477583612076715,0.7477583612076715,positive,0.038602659435176837,0.0013493986022988997,3,10,4,0,Firmicutes,Firmicutes,1
midas_g_91392.2,Soehngenia.5,0.7477583612076715,0.7477583612076715,positive,0.038602659435176837,0.0013493986022988997,3,1,1,1,Firmicutes,Firmicutes,1
Paludibacter.3,Pseudoxanthomonas.2,0.7476744785250308,0.7476744785250308,positive,0.038602659435176837,0.0013520181130135412,4,10,1,0,Bacteroidota,Proteobacteria,0
Propionibacteriaceae.3,Oxobacteraceae.3,0.7476744785250308,0.7476744785250308,positive,0.038602659435176837,0.0013520181130135412,4,10,10,1,Actinobacteriota,Firmicutes,0
Propionibacteriaceae.3,Veillonellales-Selenomonadales.2,0.7476744785250308,0.7476744785250308,positive,0.038602659435176837,0.0013520181130135412,4,10,10,1,Actinobacteriota,Firmicutes,0
Christensenellaceae_R-7_group.57,Oxobacteraceae.3,0.7476744785250308,0.7476744785250308,positive,0.038602659435176837,0.0013520181130135412,4,4,10,0,Firmicutes,Firmicutes,1
Proteiniclasticum.1,Comamonadaceae.6,0.7476744785250308,0.7476744785250308,positive,0.038602659435176837,0.0013520181130135412,4,2,6,0,Firmicutes,Proteobacteria,0
midas_g_98017.1,Alcaligenaceae.1,0.7475710226208838,0.7475710226208838,positive,0.03867753972702655,0.001355254510383004,8,5,5,1,Firmicutes,Proteobacteria,0
Dehalobacter.2,midas_g_2178.3,0.7474825474418508,0.7474825474418508,positive,0.03868658564852641,0.0013580272233875079,6,6,4,0,Firmicutes,Chloroflexi,0
midas_g_2178.3,Phenylobacterium.1,0.7474825474418508,0.7474825474418508,positive,0.03868658564852641,0.0013580272233875079,6,4,4,1,Chloroflexi,Proteobacteria,0
midas_g_110683.3,Syntrophomonas.2,0.7474825474418508,0.7474825474418508,positive,0.03868658564852641,0.0013580272233875079,6,4,4,1,Firmicutes,Firmicutes,1
Sphingosinicella.1,midas_g_91392.1,0.7474825474418508,0.7474825474418508,positive,0.03868658564852641,0.0013580272233875079,6,2,6,0,Proteobacteria,Firmicutes,0
Ruminiclostridium.13,Caproiciproducens.1,0.7472105343192078,0.7472105343192078,positive,0.0387932760525772,0.001366580488133874,5,4,4,1,Firmicutes,Firmicutes,1
HN-HF0106.10,Desulfovibrio.3,0.7472105343192078,0.7472105343192078,positive,0.0387932760525772,0.001366580488133874,5,4,4,1,Firmicutes,Desulfobacterota,0
Ruminiclostridium.13,Colidextribacter.6,0.7472105343192078,0.7472105343192078,positive,0.0387932760525772,0.001366580488133874,5,4,4,1,Firmicutes,Firmicutes,1
Ruminiclostridium.13,Propionicicella.4,0.7472105343192078,0.7472105343192078,positive,0.0387932760525772,0.001366580488133874,5,4,4,1,Firmicutes,Actinobacteriota,0
Rhizobiaceae.1,midas_g_95485.1,0.7472105343192077,0.7472105343192077,positive,0.0387932760525772,0.001366580488133877,5,4,4,1,Proteobacteria,Firmicutes,0
Parapusillimonas.1,midas_g_77185.2,0.7472105343192077,0.7472105343192077,positive,0.0387932760525772,0.001366580488133877,5,4,4,1,Proteobacteria,Cyanobacteria,0
EBM-39.1,Pelolinea.3,-0.7471092750779922,0.7471092750779922,negative,0.0387932760525772,0.0013697755929949543,4,5,1,0,Synergistota,Chloroflexi,0
EBM-39.1,Methanothrix.1,-0.7471092750779922,0.7471092750779922,negative,0.0387932760525772,0.0013697755929949543,4,5,1,0,Synergistota,Halobacterota,0
Christensenellaceae_R-7_group.2,Syntrophobotulaceae.7,0.7471092750779922,0.7471092750779922,positive,0.0387932760525772,0.0013697755929949543,4,1,1,1,Firmicutes,Firmicutes,1
Methanobacterium.1,Syntrophobotulaceae.7,0.7471092750779922,0.7471092750779922,positive,0.0387932760525772,0.0013697755929949543,4,1,1,1,Euryarchaeota,Firmicutes,0
Burkholderiales.1,Syntrophobotulaceae.7,-0.7471092750779922,0.7471092750779922,negative,0.0387932760525772,0.0013697755929949543,4,4,1,0,Proteobacteria,Firmicutes,0
Methanosarcina.1,Lachnoclostridium.9,0.7471092750779921,0.7471092750779921,positive,0.0387932760525772,0.0013697755929949578,4,5,5,1,Halobacterota,Firmicutes,0
midas_g_3409.1,Bellilinea.1,0.7471092750779921,0.7471092750779921,positive,0.0387932760525772,0.0013697755929949578,4,1,1,1,WS1,Chloroflexi,0
Comamonadaceae.6,Ruminiclostridium.10,0.7470588235294117,0.7470588235294117,positive,0.03880354510933943,0.0013713697743120402,3,6,6,1,Proteobacteria,Firmicutes,0
Comamonadaceae.6,Proteiniphilum.5,0.7470588235294117,0.7470588235294117,positive,0.03880354510933943,0.0013713697743120402,3,6,6,1,Proteobacteria,Bacteroidota,0
midas_g_30443.1,midas_g_91392.2,0.7470052728308757,0.7470052728308757,positive,0.03883403262072921,0.001373063520471398,5,1,1,1,Desulfobacterota,Firmicutes,0
Romboutsia.1,midas_g_21833.1,0.7469325024828588,0.7469325024828588,positive,0.038881754467467555,0.0013753678659977969,9,5,2,0,Firmicutes,Actinobacteriota,0
Hyphomonas.1,midas_g_36376.1,0.7468204206773814,0.7468204206773814,positive,0.03896478177511152,0.0013789231497524151,9,5,5,1,Proteobacteria,Planctomycetota,0
midas_g_36376.1,Ca_Phosphitivorax.1,-0.7467550452746187,0.7467550452746187,negative,0.038988509554355504,0.001381000306682983,2,5,1,0,Planctomycetota,SAR324_cladeMarine_group_B,0
midas_g_36376.1,Petrimonas.4,-0.7467550452746187,0.7467550452746187,negative,0.038988509554355504,0.001381000306682983,2,5,1,0,Planctomycetota,Bacteroidota,0
Clostridiaceae.1,Leucobacter.1,0.7465111597053495,0.7465111597053495,positive,0.03917918140473424,0.0013887715062394007,8,4,6,0,Firmicutes,Actinobacteriota,0
Thiobacillus.1,LNR_A2-18.1,0.7464285714285712,0.7464285714285712,positive,0.03917918140473424,0.001391411089063054,15,1,1,1,Proteobacteria,Cloacimonadota,0
Romboutsia.1,Aminivibrio.1,0.7464285714285712,0.7464285714285712,positive,0.03917918140473424,0.001391411089063054,15,5,5,1,Firmicutes,Synergistota,0
JGI-0000079-D21.1,Sphaerochaeta.1,-0.7464285714285712,0.7464285714285712,negative,0.03917918140473424,0.001391411089063054,14,2,-1,0,Synergistota,Spirochaetota,0
Aquamicrobium.1,Stenotrophomonas.4,0.7463291721975339,0.7463291721975339,positive,0.03917918140473424,0.0013945933267340376,5,10,10,1,Proteobacteria,Proteobacteria,1
Proteiniphilum.15,Propionicicella.4,0.7463291721975338,0.7463291721975338,positive,0.03917918140473424,0.0013945933267340417,5,4,4,1,Bacteroidota,Actinobacteriota,0
Proteiniphilum.15,Colidextribacter.6,0.7463291721975338,0.7463291721975338,positive,0.03917918140473424,0.0013945933267340417,5,4,4,1,Bacteroidota,Firmicutes,0
Dehalobacterium.1,Sphingopyxis.5,0.7463291721975338,0.7463291721975338,positive,0.03917918140473424,0.0013945933267340417,5,4,6,0,Firmicutes,Proteobacteria,0
Dehalobacterium.1,midas_g_110683.3,0.7463291721975338,0.7463291721975338,positive,0.03917918140473424,0.0013945933267340417,5,4,4,1,Firmicutes,Firmicutes,1
Christensenellaceae_R-7_group.4,Caproiciproducens.2,0.7463291721975338,0.7463291721975338,positive,0.03917918140473424,0.0013945933267340417,5,5,6,0,Firmicutes,Firmicutes,1
Clostridiaceae.1,Christensenellaceae_R-7_group.38,0.7463291721975338,0.7463291721975338,positive,0.03917918140473424,0.0013945933267340417,5,4,4,1,Firmicutes,Firmicutes,1
Thermovirga.1,midas_g_84729.1,0.7460574316427891,0.7460574316427891,positive,0.039362520154603176,0.0014033229918460923,4,1,1,1,Synergistota,Chloroflexi,0
Actinomyces.4,Petrimonas.4,-0.7460335888567481,0.7460335888567481,negative,0.039362520154603176,0.001404091039388868,3,9,1,0,Actinobacteriota,Bacteroidota,0
Oscillibacter.3,Petrimonas.4,-0.7460335888567481,0.7460335888567481,negative,0.039362520154603176,0.001404091039388868,3,5,1,0,Firmicutes,Bacteroidota,0
Hydrogenophaga.5,midas_g_2178.3,0.7460317460317462,0.7460317460317462,positive,0.039362520154603176,0.0014041504164117944,8,6,4,0,Proteobacteria,Chloroflexi,0
Petrimonas.2,Proteiniphilum.1,0.7459762191119229,0.7459762191119229,positive,0.039362520154603176,0.0014059404799679465,11,1,1,1,Bacteroidota,Bacteroidota,1
Petrimonas.4,Azorhizobium.1,0.7459301208485399,0.7459301208485399,positive,0.039362520154603176,0.0014074279825052592,3,1,1,1,Bacteroidota,Proteobacteria,0
Anaerovorax.12,midas_g_76594.1,0.7459301208485399,0.7459301208485399,positive,0.039362520154603176,0.0014074279825052592,3,6,6,1,Firmicutes,Firmicutes,1
Proteiniborus.5,Clostridium_sensu_stricto_7.2,0.7459301208485399,0.7459301208485399,positive,0.039362520154603176,0.0014074279825052592,3,4,4,1,Firmicutes,Firmicutes,1
Proteiniphilum.14,Oscillospiraceae.8,0.7459301208485399,0.7459301208485399,positive,0.039362520154603176,0.0014074279825052592,3,10,10,1,Bacteroidota,Firmicutes,0
Methanobacterium.5,Soehngenia.5,0.7459301208485399,0.7459301208485399,positive,0.039362520154603176,0.0014074279825052592,3,1,1,1,Euryarchaeota,Firmicutes,0
midas_g_114295.1,midas_g_112760.1,-0.7459126949878396,0.7459126949878396,negative,0.039362520154603176,0.001407990612062011,6,5,1,0,Armatimonadota,Firmicutes,0
Bradyrhizobium.2,Pseudomonas.1,0.7457243424075146,0.7457243424075146,positive,0.03950374256700936,0.001414083544324971,4,4,4,1,Proteobacteria,Proteobacteria,1
Pelotomaculum.3,midas_g_49834.1,-0.7456984487516305,0.7456984487516305,negative,0.03950374256700936,0.0014149228262567068,6,6,10,0,Firmicutes,Firmicutes,1
Clostridium_sensu_stricto_5.1,Methanobacterium.3,-0.7456984487516305,0.7456984487516305,negative,0.03950374256700936,0.0014149228262567068,7,10,9,0,Firmicutes,Euryarchaeota,0
Taibaiella.1,Thermovirga.1,-0.7456065613881271,0.7456065613881271,negative,0.03953291299580597,0.0014179043815138847,4,9,1,0,Bacteroidota,Synergistota,0
midas_g_36376.1,midas_g_9269.1,-0.7455777916396407,0.7455777916396407,negative,0.03953291299580597,0.001418838941193193,10,5,1,0,Planctomycetota,Bacteroidota,0
Pseudoxanthomonas.2,Bacteria (unclassified).39,0.7455696202531645,0.7455696202531645,positive,0.03953291299580597,0.001419104471966755,4,1,1,1,Proteobacteria,Bacteria (unclassified),0
Reyranella.2,Christensenellaceae_R-7_group.38,0.7455696202531645,0.7455696202531645,positive,0.03953291299580597,0.001419104471966755,4,4,4,1,Proteobacteria,Firmicutes,0
Stappia.1,Desulfovibrio.3,0.7455696202531645,0.7455696202531645,positive,0.03953291299580597,0.001419104471966755,4,4,4,1,Proteobacteria,Desulfobacterota,0
Lachnoclostridium.1,Methanosarcina.1,0.7455245020419601,0.7455245020419601,positive,0.03953881672312805,0.0014205713184556115,11,9,5,0,Firmicutes,Halobacterota,0
Proteiniphilum.1,midas_g_36215.2,0.7455245020419601,0.7455245020419601,positive,0.03953881672312805,0.0014205713184556115,12,1,1,1,Bacteroidota,Bacteroidota,1
Tissierella.5,Dehalobacter.2,0.7454545454545454,0.7454545454545454,positive,0.03956723328766537,0.001422848107243624,5,6,6,1,Firmicutes,Firmicutes,1
Devosia.1,NK4A214_group.4,0.7454545454545454,0.7454545454545454,positive,0.03956723328766537,0.001422848107243624,5,2,2,1,Proteobacteria,Firmicutes,0
midas_g_2178.1,midas_g_76603.1,0.7453940198968323,0.7453940198968323,positive,0.039576733934553396,0.00142482032952292,8,1,1,1,Chloroflexi,Firmicutes,0
Mesotoga.1,midas_g_110683.3,-0.7453940198968323,0.7453940198968323,negative,0.039576733934553396,0.00142482032952292,8,5,4,0,Thermotogota,Firmicutes,0
midas_g_3409.1,Methanobacterium.5,0.7453862417234767,0.7453862417234767,positive,0.039576733934553396,0.0014250739406719403,6,1,1,1,WS1,Euryarchaeota,0
Acetobacterium.1,Methanobacterium.4,-0.7453086086009535,0.7453086086009535,negative,0.039629621241450474,0.0014276072018613733,13,5,1,0,Firmicutes,Euryarchaeota,0
Synergistaceae.2,Lutispora.3,0.7452021854406634,0.7452021854406634,positive,0.03965630676381152,0.001431085815547456,7,6,4,0,Synergistota,Firmicutes,0
Romboutsia.3,Ruminiclostridium.9,0.7452021854406634,0.7452021854406634,positive,0.03965630676381152,0.001431085815547456,7,6,6,1,Firmicutes,Firmicutes,1
Clostridium_sensu_stricto_5.1,midas_g_110683.3,0.7452021854406634,0.7452021854406634,positive,0.03965630676381152,0.001431085815547456,7,10,4,0,Firmicutes,Firmicutes,1
midas_g_110683.3,Veillonellales-Selenomonadales.6,0.7452021854406634,0.7452021854406634,positive,0.03965630676381152,0.001431085815547456,7,4,4,1,Firmicutes,Firmicutes,1
Clostridium_sensu_stricto_5.1,Ruminococcaceae.9,0.7451490447149051,0.7451490447149051,positive,0.03968705820589921,0.0014328253629101583,6,10,10,1,Firmicutes,Firmicutes,1
Dehalobacter.2,Lutispora.3,0.7451171584602871,0.7451171584602871,positive,0.03969854227923575,0.001433869969015466,5,6,4,0,Firmicutes,Firmicutes,1
Christensenellaceae_R-7_group.63,midas_g_6187.2,0.7448640888259486,0.7448640888259486,positive,0.039880850994735664,0.0014421824236471297,6,5,5,1,Firmicutes,Armatimonadota,0
Ruminococcaceae.9,Proteiniphilum.14,0.7448640888259486,0.7448640888259486,positive,0.039880850994735664,0.0014421824236471297,6,10,10,1,Firmicutes,Bacteroidota,0
Christensenellaceae_R-7_group.61,Enterococcus.5,0.7448400401560035,0.7448400401560035,positive,0.039880850994735664,0.0014429743555720651,5,4,4,1,Firmicutes,Firmicutes,1
Methanobacterium.4,Petrimonas.2,0.7448396767684101,0.7448396767684101,positive,0.039880850994735664,0.0014429863247531869,11,1,1,1,Euryarchaeota,Bacteroidota,0
midas_g_3064.1,Bellilinea.1,0.7446206370012374,0.7446206370012374,positive,0.0400410956414901,0.0014502155885630214,4,1,1,1,Chloroflexi,Chloroflexi,1
Proteiniphilum.5,Tissierella.5,0.7446062735928275,0.7446062735928275,positive,0.0400410956414901,0.0014506906615914226,4,6,6,1,Bacteroidota,Firmicutes,0
Ruminiclostridium.10,Tissierella.5,0.7446062735928275,0.7446062735928275,positive,0.0400410956414901,0.0014506906615914226,4,6,6,1,Firmicutes,Firmicutes,1
Christensenellaceae_R-7_group.4,Hyphomonas.1,0.7445424328696347,0.7445424328696347,positive,0.04008186253116168,0.0014528037264921012,7,5,5,1,Firmicutes,Proteobacteria,0
Lachnoclostridium.1,Thermovirga.2,0.7443973132731181,0.7443973132731181,positive,0.04019703800833413,0.0014576162733526436,11,9,5,0,Firmicutes,Synergistota,0
Lachnoclostridium.1,midas_g_76603.1,-0.7442923544059982,0.7442923544059982,negative,0.040275621019814724,0.001461104987007593,5,9,1,0,Firmicutes,Firmicutes,1
Pannonibacter.1,Devosia.9,0.744175697234484,0.744175697234484,positive,0.040331039765641265,0.0014649904338731757,5,9,4,0,Proteobacteria,Proteobacteria,1
Pannonibacter.1,Sedimentibacter.11,0.7441743441865317,0.7441743441865317,positive,0.040331039765641265,0.0014650355480298482,11,9,9,1,Proteobacteria,Firmicutes,0
Hyphomonas.1,Syner-01.2,0.7441743441865317,0.7441743441865317,positive,0.040331039765641265,0.0014650355480298482,11,5,5,1,Proteobacteria,Synergistota,0
Leucobacter.1,Rhizobiaceae.1,0.7441488446548851,0.7441488446548851,positive,0.040336829280177046,0.001465885978538189,7,6,4,0,Actinobacteriota,Proteobacteria,0
midas_g_110683.3,midas_g_77185.2,0.7440879434521959,0.7440879434521959,positive,0.04037513251923722,0.001467918694283373,5,4,4,1,Firmicutes,Cyanobacteria,0
Thauera.1,Syner-01.2,0.7437615696639639,0.7437615696639639,positive,0.040481917864977936,0.0014788509104008932,7,5,5,1,Proteobacteria,Synergistota,0
Clostridiaceae.10,Dehalobacterium.2,0.7437357441610947,0.7437357441610947,positive,0.040481917864977936,0.0014797187552495832,9,6,6,1,Firmicutes,Firmicutes,1
Pelolinea.3,Soehngenia.5,0.7437228369644252,0.7437228369644252,positive,0.040481917864977936,0.0014801526448235181,3,1,1,1,Chloroflexi,Firmicutes,0
Allorhizobium-Neorhizobium-Pararhizobium-Rhizobium.1,Anaerovorax.8,0.7437228369644252,0.7437228369644252,positive,0.040481917864977936,0.0014801526448235181,3,10,10,1,Proteobacteria,Firmicutes,0
Syntrophomonas.15,midas_g_77817.1,0.7437228369644252,0.7437228369644252,positive,0.040481917864977936,0.0014801526448235181,3,6,2,0,Firmicutes,Firmicutes,1
Methanothrix.1,Soehngenia.5,0.7437228369644252,0.7437228369644252,positive,0.040481917864977936,0.0014801526448235181,3,1,1,1,Halobacterota,Firmicutes,0
Pseudomonas.10,Peptococcaceae.4,0.7437228369644252,0.7437228369644252,positive,0.040481917864977936,0.0014801526448235181,3,6,6,1,Proteobacteria,Firmicutes,0
Pseudomonas.1,Ruminiclostridium.2,0.7437228369644252,0.7437228369644252,positive,0.040481917864977936,0.0014801526448235181,3,4,4,1,Proteobacteria,Firmicutes,0
Dehalobacterium.3,midas_g_36215.3,0.7437228369644252,0.7437228369644252,positive,0.040481917864977936,0.0014801526448235181,3,6,4,0,Firmicutes,Bacteroidota,0
Bacteria (unclassified).35,Sphingopyxis.3,0.7437228369644252,0.7437228369644252,positive,0.040481917864977936,0.0014801526448235181,3,6,4,0,Bacteria (unclassified),Proteobacteria,0
Anaerovorax.8,HN-HF0106.17,0.7437228369644252,0.7437228369644252,positive,0.040481917864977936,0.0014801526448235181,3,10,10,1,Firmicutes,Firmicutes,1
Lachnoclostridium.2,Anaerovorax.13,0.7437228369644252,0.7437228369644252,positive,0.040481917864977936,0.0014801526448235181,3,4,4,1,Firmicutes,Firmicutes,1
Lachnoclostridium.2,Proteiniborus.4,0.7437228369644252,0.7437228369644252,positive,0.040481917864977936,0.0014801526448235181,3,4,4,1,Firmicutes,Firmicutes,1
Methanobacterium.89,Clostridium_sensu_stricto_1.7,0.7435955939654209,0.7435955939654209,positive,0.040581441068160674,0.0014844355486417359,5,4,4,1,Euryarchaeota,Firmicutes,0
EBM-39.1,Intestinimonas.1,0.7435212977889609,0.7435212977889609,positive,0.04061469221765022,0.0014869409170361993,13,5,5,1,Synergistota,Firmicutes,0
midas_g_2901.1,Christensenellaceae_R-7_group.2,-0.7435212977889609,0.7435212977889609,negative,0.04061469221765022,0.0014869409170361993,12,5,1,0,WPS-2,Firmicutes,0
midas_g_9269.1,midas_g_4301.4,-0.7432439469150423,0.7432439469150423,negative,0.04072711776273289,0.001496323690893645,9,1,5,0,Bacteroidota,Firmicutes,0
Romboutsia.1,Azoarcus.2,0.7432439469150423,0.7432439469150423,positive,0.04072711776273289,0.001496323690893645,9,5,5,1,Firmicutes,Proteobacteria,0
EBM-39.1,midas_g_112760.1,-0.7432439469150423,0.7432439469150423,negative,0.04072711776273289,0.001496323690893645,9,5,1,0,Synergistota,Firmicutes,0
Clostridiaceae.1,Phenylobacterium.1,0.743235487513204,0.743235487513204,positive,0.04072711776273289,0.0014966106202745875,6,4,4,1,Firmicutes,Proteobacteria,0
Christensenellaceae_R-7_group.4,HN-HF0106.5,0.743235487513204,0.743235487513204,positive,0.04072711776273289,0.0014966106202745875,6,5,5,1,Firmicutes,Firmicutes,1
Dehalobacter.2,Proteiniphilum.15,0.7432354875132039,0.7432354875132039,positive,0.04072711776273289,0.0014966106202745928,6,6,4,0,Firmicutes,Bacteroidota,0
Ercella.1,Syntrophobotulaceae.7,0.7432082772799068,0.7432082772799068,positive,0.04072711776273289,0.0014975338485707528,4,1,1,1,Firmicutes,Firmicutes,1
Fermentimonas.2,Bellilinea.1,-0.7431896412704623,0.7431896412704623,negative,0.04072711776273289,0.001498166422922126,2,5,1,0,Bacteroidota,Chloroflexi,0
Thermovirga.2,Bellilinea.1,-0.7431896412704623,0.7431896412704623,negative,0.04072711776273289,0.001498166422922126,2,5,1,0,Synergistota,Chloroflexi,0
Acinetobacter.1,Bellilinea.1,-0.7431896412704623,0.7431896412704623,negative,0.04072711776273289,0.001498166422922126,2,5,1,0,Proteobacteria,Chloroflexi,0
Thermovirga.2,Trichloromonas.1,0.7431896412704623,0.7431896412704623,positive,0.04072711776273289,0.001498166422922126,4,5,2,0,Synergistota,Desulfobacterota,0
Reyranella.2,Christensenellaceae_R-7_group.57,0.7430379746835442,0.7430379746835442,positive,0.04084966251522016,0.0015033225532865007,4,4,4,1,Proteobacteria,Firmicutes,0
Bradyrhizobium.2,Proteiniborus.5,0.7429320641539521,0.7429320641539521,positive,0.04093008125845049,0.0015069316107468999,6,4,4,1,Proteobacteria,Firmicutes,0
Dysgonomonas.1,midas_g_3409.1,-0.7428571428571428,0.7428571428571428,negative,0.040964225742076824,0.0015094888782350333,15,9,1,0,Bacteroidota,WS1,0
Acetobacterium.1,Petrimonas.1,0.7428571428571428,0.7428571428571428,positive,0.040964225742076824,0.0015094888782350333,15,5,5,1,Firmicutes,Bacteroidota,0
Christensenellaceae_R-7_group.65,Desulfosporosinus.2,0.7426519955753075,0.7426519955753075,positive,0.04113059202920363,0.0015165090138629582,6,4,4,1,Firmicutes,Firmicutes,1
midas_g_93469.1,midas_g_76603.1,-0.7426230807485508,0.7426230807485508,negative,0.04113059202920363,0.0015175005902300744,3,5,1,0,Firmicutes,Firmicutes,1
Thermovirga.1,Pseudoxanthomonas.2,0.7425981236135336,0.7425981236135336,positive,0.04113059202920363,0.0015183568654243717,5,1,1,1,Synergistota,Proteobacteria,0
Romboutsia.3,Hyphomicrobium.16,0.7425981236135336,0.7425981236135336,positive,0.04113059202920363,0.0015183568654243717,5,6,6,1,Firmicutes,Proteobacteria,0
Actinomyces.4,midas_g_21833.1,0.7425263998979797,0.7425263998979797,positive,0.04113059202920363,0.0015208198616031695,9,9,2,0,Actinobacteriota,Actinobacteriota,1
midas_g_97954.1,Methanomethylophilaceae.1,0.7425263998979797,0.7425263998979797,positive,0.04113059202920363,0.0015208198616031695,9,5,5,1,Firmicutes,Thermoplasmatota,0
Pelotomaculum.3,Flavobacterium.3,-0.7425257825928511,0.7425257825928511,negative,0.04113059202920363,0.001520841073857309,3,6,10,0,Firmicutes,Bacteroidota,0
Aminivibrio.1,Lachnoclostridium.9,0.7425257825928511,0.7425257825928511,positive,0.04113059202920363,0.001520841073857309,4,5,5,1,Synergistota,Firmicutes,0
midas_g_669.2,midas_g_2178.1,-0.7423724692611406,0.7423724692611406,negative,0.041255563609023174,0.0015261167164857497,11,5,1,0,Firmicutes,Chloroflexi,0
Oscillibacter.3,Caproiciproducens.2,0.7423286224169041,0.7423286224169041,positive,0.041278715874266084,0.001527628232119664,5,5,6,0,Firmicutes,Firmicutes,1
Paludibacter.3,Rummeliibacillus.2,0.7422170005795927,0.7422170005795927,positive,0.04132967018366018,0.0015314815736002512,4,10,4,0,Bacteroidota,Firmicutes,0
Christensenellaceae.7,Veillonellales-Selenomonadales.2,0.7422170005795926,0.7422170005795926,positive,0.04132967018366018,0.001531481573600256,4,4,10,0,Firmicutes,Firmicutes,1
Christensenellaceae_R-7_group.38,NK4A214_group.2,0.7422170005795926,0.7422170005795926,positive,0.04132967018366018,0.001531481573600256,4,4,10,0,Firmicutes,Firmicutes,1
Thermovirga.1,Desulfurispora.1,0.7420890720695954,0.7420890720695954,positive,0.04133232517882512,0.0015359074705229815,3,1,1,1,Synergistota,Firmicutes,0
Sphaerochaeta.7,midas_g_9269.3,0.7420890720695954,0.7420890720695954,positive,0.04133232517882512,0.0015359074705229815,3,10,10,1,Spirochaetota,Bacteroidota,0
Monoglobus.13,Desulfurispora.1,0.7420890720695954,0.7420890720695954,positive,0.04133232517882512,0.0015359074705229815,3,1,1,1,Firmicutes,Firmicutes,1
Parapusillimonas.1,Proteiniborus.4,0.7420890720695954,0.7420890720695954,positive,0.04133232517882512,0.0015359074705229815,3,4,4,1,Proteobacteria,Firmicutes,0
Sphaerochaeta.7,midas_g_9269.2,0.7420890720695954,0.7420890720695954,positive,0.04133232517882512,0.0015359074705229815,3,10,10,1,Spirochaetota,Bacteroidota,0
Christensenellaceae_R-7_group.4,midas_g_98017.1,0.7420634920634921,0.7420634920634921,positive,0.04133232517882512,0.0015367936878007877,6,5,5,1,Firmicutes,Firmicutes,1
Oscillibacter.4,XBB1006.1,0.7420634920634921,0.7420634920634921,positive,0.04133232517882512,0.0015367936878007877,7,6,6,1,Firmicutes,Firmicutes,1
Desulfovibrio.1,Desulfosporosinus.1,-0.7420625210016939,0.7420625210016939,negative,0.04133232517882512,0.001536827338273832,7,5,4,0,Desulfobacterota,Firmicutes,0
midas_g_5574.1,Terrisporobacter.1,0.741940826802374,0.741940826802374,positive,0.04137577068166381,0.0015410491421319306,10,5,5,1,Actinobacteriota,Firmicutes,0
EBM-39.1,Syner-01.9,-0.741940826802374,0.741940826802374,negative,0.04137577068166381,0.0015410491421319306,10,5,1,0,Synergistota,Synergistota,1
midas_g_114295.1,Terrisporobacter.1,0.7419402496282969,0.7419402496282969,positive,0.04137577068166381,0.0015410691876386986,12,5,5,1,Armatimonadota,Firmicutes,0
Camelimonas.2,Lentimicrobium.1,-0.7419402496282969,0.7419402496282969,negative,0.04137577068166381,0.0015410691876386986,12,5,1,0,Proteobacteria,Bacteroidota,0
Desulfitibacter.9,Christensenellaceae_R-7_group.25,0.7418576235950312,0.7418576235950312,positive,0.041408217567110286,0.0015439409939587828,9,5,5,1,Firmicutes,Firmicutes,1
Shinella.1,Oscillibacter.4,0.7418467147068579,0.7418467147068579,positive,0.041408217567110286,0.0015443204726081244,5,6,6,1,Proteobacteria,Firmicutes,0
Desulfobulbus.1,Thauera.1,0.7418246905762974,0.7418246905762974,positive,0.041408217567110286,0.0015450868371601947,7,5,5,1,Desulfobacterota,Proteobacteria,0
Acetobacterium.1,midas_g_8129.1,0.7417339869769682,0.7417339869769682,positive,0.041408217567110286,0.0015482462424173565,13,5,5,1,Firmicutes,Chloroflexi,0
Thermovirga.2,Lentimicrobium.1,-0.7417339869769682,0.7417339869769682,negative,0.041408217567110286,0.0015482462424173565,13,5,1,0,Synergistota,Bacteroidota,0
midas_g_70329.2,Symbiobacterium.2,0.7416790249376904,0.7416790249376904,positive,0.041408217567110286,0.0015501632215192366,3,6,6,1,Firmicutes,Firmicutes,1
Christensenellaceae_R-7_group.38,midas_g_82137.1,0.7416790249376904,0.7416790249376904,positive,0.041408217567110286,0.0015501632215192366,3,4,4,1,Firmicutes,Firmicutes,1
Christensenellaceae.7,midas_g_36215.3,0.7416790249376904,0.7416790249376904,positive,0.041408217567110286,0.0015501632215192366,3,4,4,1,Firmicutes,Bacteroidota,0
Christensenellaceae_R-7_group.38,Desulfosporosinus.3,0.7416790249376904,0.7416790249376904,positive,0.041408217567110286,0.0015501632215192366,3,4,4,1,Firmicutes,Firmicutes,1
Desulfuromonadaceae.1,Novosphingobium.1,0.7416790249376904,0.7416790249376904,positive,0.041408217567110286,0.0015501632215192366,3,5,2,0,Desulfobacterota,Proteobacteria,0
Ralstonia.1,Devosia.9,0.7416790249376904,0.7416790249376904,positive,0.041408217567110286,0.0015501632215192366,3,4,4,1,Proteobacteria,Proteobacteria,1
Rummeliibacillus.2,Proteiniphilum.13,0.7416790249376904,0.7416790249376904,positive,0.041408217567110286,0.0015501632215192366,3,4,10,0,Firmicutes,Bacteroidota,0
Firmicutes.26,Syner-01.2,0.7416294036347271,0.7416294036347271,positive,0.04141937622229217,0.001551895567030054,8,5,5,1,Firmicutes,Synergistota,0
Syner-01.1,midas_g_98017.1,0.7416294036347271,0.7416294036347271,positive,0.04141937622229217,0.001551895567030054,8,5,5,1,Synergistota,Firmicutes,0
midas_g_21833.1,JGI-0000079-D21.1,0.741399669131134,0.741399669131134,positive,0.041581143033736424,0.0015599362384827585,9,2,2,1,Actinobacteriota,Synergistota,0
Sphaerochaeta.1,Syntrophomonadaceae.1,-0.741399669131134,0.741399669131134,negative,0.041581143033736424,0.0015599362384827585,8,-1,2,0,Spirochaetota,Firmicutes,0
JGI-0000079-D21.1,Clostridia.9,0.7413996691311339,0.7413996691311339,positive,0.041581143033736424,0.0015599362384827642,9,2,2,1,Synergistota,Firmicutes,0
Acinetobacter.2,Desulfobulbus.1,0.7413571269033499,0.7413571269033499,positive,0.041603331830447135,0.0015614288853113194,6,5,5,1,Proteobacteria,Desulfobacterota,0
Paludibacter.3,Christensenellaceae_R-7_group.42,0.7411764705882353,0.7411764705882353,positive,0.04175490495483526,0.0015677802571355608,3,10,10,1,Bacteroidota,Firmicutes,0
midas_g_110683.3,Lutispora.3,0.7411188857944132,0.7411188857944132,positive,0.04177362900699314,0.0015698091454051442,7,4,4,1,Firmicutes,Firmicutes,1
Hydrogenophaga.5,Colidextribacter.1,0.7411188857944132,0.7411188857944132,positive,0.04177362900699314,0.0015698091454051442,7,6,4,0,Proteobacteria,Firmicutes,0
Hyphomonas.1,midas_g_3595.1,0.740909090909091,0.740909090909091,positive,0.041953086793864676,0.001577218754795211,10,5,5,1,Proteobacteria,Firmicutes,0
Anaerostignum.2,Oscillibacter.3,0.7407437469876468,0.7407437469876468,positive,0.042091178538356165,0.001583078254608565,8,5,5,1,Firmicutes,Firmicutes,1
Sedimentibacter.8,Desulfosporosinus.2,0.7407028369330663,0.7407028369330663,positive,0.042112028633325825,0.0015845307374490673,6,9,4,0,Firmicutes,Firmicutes,1
Comamonadaceae.3,Monoglobus.13,-0.7405493116757358,0.7405493116757358,negative,0.042191082724092284,0.001589991118335321,5,5,1,0,Proteobacteria,Firmicutes,0
Thauera.1,midas_g_515.2,0.7405462184873949,0.7405462184873949,positive,0.042191082724092284,0.0015901012882353239,6,5,6,0,Proteobacteria,Firmicutes,0
Brevundimonas.3,midas_g_49937.1,-0.7405095748062592,0.7405095748062592,negative,0.042191082724092284,0.0015914068918241125,1,5,1,0,Proteobacteria,Chloroflexi,0
midas_g_36376.1,midas_g_49937.1,-0.7405095748062592,0.7405095748062592,negative,0.042191082724092284,0.0015914068918241125,1,5,1,0,Planctomycetota,Chloroflexi,0
midas_g_95485.1,Christensenellaceae_R-7_group.38,0.7405063291139241,0.7405063291139241,positive,0.042191082724092284,0.0015915225764935943,4,4,4,1,Firmicutes,Firmicutes,1
Devosia.9,Desulfovibrio.3,0.7405063291139241,0.7405063291139241,positive,0.042191082724092284,0.0015915225764935943,4,4,4,1,Proteobacteria,Desulfobacterota,0
HN-HF0106.10,Methanobacterium.96,0.7402919182606966,0.7402919182606966,positive,0.04237624550186037,0.0015991797347164752,5,4,4,1,Firmicutes,Euryarchaeota,0
midas_g_669.2,Christensenellaceae_R-7_group.93,0.7401831639706126,0.7401831639706126,positive,0.042402774477536626,0.0016030749512787707,5,5,6,0,Firmicutes,Firmicutes,1
Aquamicrobium.2,Proteiniclasticum.1,0.7401831639706126,0.7401831639706126,positive,0.042402774477536626,0.0016030749512787707,5,5,2,0,Proteobacteria,Firmicutes,0
Colidextribacter.4,midas_g_112829.1,0.7401700426952694,0.7401700426952694,positive,0.042402774477536626,0.0016035454276822577,3,6,6,1,Firmicutes,Firmicutes,1
Petrimonas.4,Desulfurispora.1,0.7401700426952694,0.7401700426952694,positive,0.042402774477536626,0.0016035454276822577,3,1,1,1,Bacteroidota,Firmicutes,0
Ca_Phosphitivorax.1,Christensenellaceae_R-7_group.56,0.7401700426952694,0.7401700426952694,positive,0.042402774477536626,0.0016035454276822577,3,1,1,1,SAR324_cladeMarine_group_B,Firmicutes,0
midas_g_35108.1,Oscillibacter.2,-0.7399755179518331,0.7399755179518331,negative,0.04253021993724686,0.0016105333581885783,4,1,5,0,Chloroflexi,Firmicutes,0
Acinetobacter.1,Terrisporobacter.1,0.7399466761649756,0.7399466761649756,positive,0.04253021993724686,0.0016115715282842688,13,5,5,1,Proteobacteria,Firmicutes,0
Methanobacterium.1,Sphingopyxis.1,-0.7399466761649754,0.7399466761649754,negative,0.04253021993724686,0.00161157152828427,13,1,9,0,Euryarchaeota,Proteobacteria,0
Christensenellaceae_R-7_group.63,midas_g_3595.1,0.739935221645385,0.739935221645385,positive,0.04253021993724686,0.0016119839871420977,6,5,5,1,Firmicutes,Firmicutes,1
Desulfuromonadaceae.1,Syner-01.2,0.7399232646788582,0.7399232646788582,positive,0.04253021993724686,0.0016124146289726526,5,5,5,1,Desulfobacterota,Synergistota,0
EBM-39.1,midas_g_554.2,-0.7399232646788582,0.7399232646788582,negative,0.04253021993724686,0.0016124146289726526,5,5,1,0,Synergistota,Firmicutes,0
Syntrophomonas.1,midas_g_30443.1,-0.7399036275170798,0.7399036275170798,negative,0.04253107734099777,0.0016131220815213234,4,5,1,0,Firmicutes,Desulfobacterota,0
Sphingopyxis.5,midas_g_77185.2,0.73960548596152,0.73960548596152,positive,0.04276896383379884,0.0016238937292146747,5,6,4,0,Proteobacteria,Cyanobacteria,0
Synergistaceae.2,Christensenellaceae_R-7_group.19,0.73960548596152,0.73960548596152,positive,0.04276896383379884,0.0016238937292146747,5,6,6,1,Synergistota,Firmicutes,0
Dysgonomonas.1,Ercella.1,-0.7395553913472257,0.7395553913472257,negative,0.04276896383379884,0.0016257092816621735,9,9,1,0,Bacteroidota,Firmicutes,0
Sulfurospirillum.1,Aminiphilus.1,-0.7395553913472256,0.7395553913472256,negative,0.04276896383379884,0.001625709281662177,9,5,1,0,Campylobacterota,Synergistota,0
Anaerovorax.1,Aminiphilus.1,0.7395553913472256,0.7395553913472256,positive,0.04276896383379884,0.001625709281662177,9,1,1,1,Firmicutes,Synergistota,0
Ca_Phosphitivorax.1,Bellilinea.1,0.7394353966928773,0.7394353966928773,positive,0.04276896383379884,0.0016300648301601304,4,1,1,1,SAR324_cladeMarine_group_B,Chloroflexi,0
midas_g_95534.1,midas_g_92370.1,0.7394353966928773,0.7394353966928773,positive,0.04276896383379884,0.0016300648301601304,4,1,1,1,Firmicutes,Firmicutes,1
Clostridium_sensu_stricto_1.7,midas_g_82137.3,0.7394353966928773,0.7394353966928773,positive,0.04276896383379884,0.0016300648301601304,4,4,4,1,Firmicutes,Firmicutes,1
Christensenellaceae_R-7_group.63,Pseudomonas.10,0.7394353966928773,0.7394353966928773,positive,0.04276896383379884,0.0016300648301601304,4,5,6,0,Firmicutes,Proteobacteria,0
Clostridium_sensu_stricto_1.7,Lachnoclostridium.2,0.7394353966928773,0.7394353966928773,positive,0.04276896383379884,0.0016300648301601304,4,4,4,1,Firmicutes,Firmicutes,1
Sphingopyxis.1,Actinomyces.4,0.7394292190679133,0.7394292190679133,positive,0.04276896383379884,0.001630289318703539,11,9,9,1,Proteobacteria,Actinobacteriota,0
midas_g_669.2,Intestinimonas.1,0.7394292190679133,0.7394292190679133,positive,0.04276896383379884,0.001630289318703539,11,5,5,1,Firmicutes,Firmicutes,1
Anaerostignum.2,Trichloromonas.1,0.7392080704568718,0.7392080704568718,positive,0.04294446145887328,0.0016383420406121082,4,5,2,0,Firmicutes,Desulfobacterota,0
Clostridiaceae.1,midas_g_82137.3,0.7392080704568718,0.7392080704568718,positive,0.04294446145887328,0.0016383420406121082,4,4,4,1,Firmicutes,Firmicutes,1
midas_g_3595.1,Ercella.2,0.7390909090909092,0.7390909090909092,positive,0.04303872482090164,0.0016426212142423657,10,5,5,1,Firmicutes,Firmicutes,1
Monoglobus.1,Phenylobacterium.1,0.7389884275845571,0.7389884275845571,positive,0.043101146570213834,0.0016463715967008046,6,4,4,1,Firmicutes,Proteobacteria,0
Arenimonas.2,Synergistaceae.2,0.738988427584557,0.738988427584557,positive,0.043101146570213834,0.001646371596700808,6,6,6,1,Proteobacteria,Synergistota,0
midas_g_97954.1,Methanoculleus.1,0.7388044630563858,0.7388044630563858,positive,0.04324793555561476,0.00165312119782939,9,5,6,0,Firmicutes,Halobacterota,0
Devosia.1,Proteiniclasticum.1,0.7387982030366117,0.7387982030366117,positive,0.04324793555561476,0.0016533512672338838,4,2,2,1,Proteobacteria,Firmicutes,0
midas_g_669.2,Aminivibrio.1,0.7387687194103584,0.7387687194103584,positive,0.043254865523490706,0.0016544352014920788,11,5,5,1,Firmicutes,Synergistota,0
Synergistaceae.2,Leucobacter.1,0.7387350017917521,0.7387350017917521,positive,0.043254865523490706,0.0016556754950115783,8,6,6,1,Synergistota,Actinobacteriota,0
midas_g_98017.1,Methanomethylophilaceae.1,0.7387350017917521,0.7387350017917521,positive,0.043254865523490706,0.0016556754950115783,8,5,5,1,Firmicutes,Thermoplasmatota,0
Colidextribacter.4,Rhizobiaceae.1,0.7385618755412817,0.7385618755412817,positive,0.04340355460232043,0.001662055690091078,6,6,4,0,Firmicutes,Proteobacteria,0
Intestinimonas.1,midas_g_76603.1,-0.7385244788654756,0.7385244788654756,negative,0.04342161766984399,0.001663436459437639,6,5,1,0,Firmicutes,Firmicutes,1
Acetobacterium.1,midas_g_114295.1,0.7383559972146335,0.7383559972146335,positive,0.043566252324127,0.001669668634950435,12,5,5,1,Firmicutes,Armatimonadota,0
midas_g_2178.1,Christensenellaceae_R-7_group.25,-0.7383038619651076,0.7383038619651076,negative,0.043598618028736866,0.0016716009324503804,10,1,5,0,Chloroflexi,Firmicutes,0
Methanosarcina.1,Intestinimonas.1,0.7381593653529829,0.7381593653529829,positive,0.043681406704239874,0.0016769658428647054,13,5,5,1,Halobacterota,Firmicutes,0
Anaerovorax.1,midas_g_2901.1,-0.7381593653529828,0.7381593653529828,negative,0.043681406704239874,0.0016769658428647106,13,1,5,0,Firmicutes,WPS-2,0
Methanobacterium.1,Proteiniphilum.6,0.7381593653529828,0.7381593653529828,positive,0.043681406704239874,0.0016769658428647106,13,1,1,1,Euryarchaeota,Bacteroidota,0
midas_g_110683.3,midas_g_82137.2,0.7380952380952381,0.7380952380952381,positive,0.043681406704239874,0.0016793512126306877,7,4,4,1,Firmicutes,Firmicutes,1
Ruminiclostridium.13,Christensenellaceae_R-7_group.38,0.7379857129078595,0.7379857129078595,positive,0.043681406704239874,0.0016834315830752385,5,4,4,1,Firmicutes,Firmicutes,1
Ruminiclostridium.13,Christensenellaceae_R-7_group.57,0.7379857129078595,0.7379857129078595,positive,0.043681406704239874,0.0016834315830752385,5,4,4,1,Firmicutes,Firmicutes,1
Thiobacillus.1,Ruminiclostridium.13,-0.7379509324009642,0.7379509324009642,negative,0.043681406704239874,0.0016847290016327597,7,1,4,0,Proteobacteria,Firmicutes,0
Romboutsia.3,Sphaerochaeta.1,-0.7379509324009642,0.7379509324009642,negative,0.043681406704239874,0.0016847290016327597,6,6,-1,0,Firmicutes,Spirochaetota,0
Proteiniphilum.1,Christensenellaceae_R-7_group.42,0.7379422901077101,0.7379422901077101,positive,0.043681406704239874,0.0016850515102034224,4,1,10,0,Bacteroidota,Firmicutes,0
Pannonibacter.1,Lachnoclostridium.2,0.7379422901077101,0.7379422901077101,positive,0.043681406704239874,0.0016850515102034224,4,9,4,0,Proteobacteria,Firmicutes,0
EBM-39.1,Cryptanaerobacter.1,-0.7379422901077101,0.7379422901077101,negative,0.043681406704239874,0.0016850515102034224,4,5,1,0,Synergistota,Firmicutes,0
Sphaerochaeta.1,Comamonadaceae.6,-0.7379422901077101,0.7379422901077101,negative,0.043681406704239874,0.0016850515102034224,3,-1,6,0,Spirochaetota,Proteobacteria,0
midas_g_3409.1,Methanothrix.1,0.7379422901077101,0.7379422901077101,positive,0.043681406704239874,0.0016850515102034224,4,1,1,1,WS1,Halobacterota,0
midas_g_3409.1,Pelolinea.3,0.7379422901077101,0.7379422901077101,positive,0.043681406704239874,0.0016850515102034224,4,1,1,1,WS1,Chloroflexi,0
Acinetobacter.1,Sphingopyxis.1,0.7379248658318425,0.7379248658318425,positive,0.043681406704239874,0.001685701891260595,12,5,9,0,Proteobacteria,Proteobacteria,1
Aquamicrobium.2,Petrimonas.4,-0.7379024325749306,0.7379024325749306,negative,0.043681406704239874,0.001686539535721214,3,5,1,0,Proteobacteria,Bacteroidota,0
Terrisporobacter.1,Phenylobacterium.4,0.737864787372622,0.737864787372622,positive,0.043681406704239874,0.0016879459378046746,8,5,2,0,Firmicutes,Proteobacteria,0
Lentimicrobium.1,midas_g_76603.1,0.7378647873726218,0.7378647873726218,positive,0.043681406704239874,0.0016879459378046798,8,1,1,1,Bacteroidota,Firmicutes,0
Aminivibrio.1,midas_g_76603.1,-0.7378647873726218,0.7378647873726218,negative,0.043681406704239874,0.0016879459378046798,8,5,1,0,Synergistota,Firmicutes,0
Sulfurospirillum.1,Caproiciproducens.1,-0.7377970484010455,0.7377970484010455,negative,0.04372899992859748,0.0016904790019053456,5,5,4,0,Campylobacterota,Firmicutes,0
Aminivibrio.1,Methanomethylophilaceae.1,0.7377111135633173,0.7377111135633173,positive,0.04377629858432247,0.0016936968919379534,9,5,5,1,Synergistota,Thermoplasmatota,0
Proteiniphilum.1,Aminiphilus.1,0.7377111135633173,0.7377111135633173,positive,0.04377629858432247,0.0016936968919379534,9,1,1,1,Bacteroidota,Synergistota,0
Oscillibacter.3,midas_g_30443.1,-0.7376457226346618,0.7376457226346618,negative,0.04382169765966495,0.0016961488017253753,6,5,1,0,Firmicutes,Desulfobacterota,0
Clostridiaceae.1,Christensenellaceae.7,0.7373642572161822,0.7373642572161822,positive,0.04400542677534269,0.0017067353065397773,5,4,4,1,Firmicutes,Firmicutes,1
Clostridiaceae.1,Christensenellaceae_R-7_group.57,0.7373642572161822,0.7373642572161822,positive,0.04400542677534269,0.0017067353065397773,5,4,4,1,Firmicutes,Firmicutes,1
midas_g_2178.3,Rummeliibacillus.2,0.7373642572161822,0.7373642572161822,positive,0.04400542677534269,0.0017067353065397773,5,4,4,1,Chloroflexi,Firmicutes,0
Dysgonomonas.1,Methanobacterium.5,-0.737328012083223,0.737328012083223,negative,0.04400542677534269,0.0017081024170468777,6,9,1,0,Bacteroidota,Euryarchaeota,0
Pelotomaculum.1,Sphingosinicella.1,0.737326788914382,0.737326788914382,positive,0.04400542677534269,0.0017081485684528554,3,6,2,0,Firmicutes,Proteobacteria,0
Phenylobacterium.4,Novosphingobium.1,0.737326788914382,0.737326788914382,positive,0.04400542677534269,0.0017081485684528554,3,2,2,1,Proteobacteria,Proteobacteria,1
Methanomassiliicoccus.2,Novosphingobium.1,0.737326788914382,0.737326788914382,positive,0.04400542677534269,0.0017081485684528554,3,2,2,1,Thermoplasmatota,Proteobacteria,0
Lachnoclostridium.1,Syner-01.9,-0.7373048477953115,0.7373048477953115,negative,0.0440087664283931,0.0017089765996489337,7,9,1,0,Firmicutes,Synergistota,0
Phenylobacterium.4,Romboutsia.3,0.737035586148163,0.737035586148163,positive,0.04425303674261166,0.0017191645340069407,7,2,6,0,Proteobacteria,Firmicutes,0
Hyphomonas.1,Firmicutes.26,0.7369450611056588,0.7369450611056588,positive,0.04427067977997774,0.0017226006440563585,8,5,5,1,Proteobacteria,Firmicutes,0
Christensenellaceae_R-7_group.4,Aquamicrobium.2,0.7369450611056588,0.7369450611056588,positive,0.04427067977997774,0.0017226006440563585,7,5,5,1,Firmicutes,Proteobacteria,0
midas_g_3595.1,Phenylobacterium.4,0.7369450611056588,0.7369450611056588,positive,0.04427067977997774,0.0017226006440563585,8,5,2,0,Firmicutes,Proteobacteria,0
Aquamicrobium.2,Syntrophomonadaceae.1,0.736943494635589,0.736943494635589,positive,0.04427067977997774,0.0017226601520377285,9,5,2,0,Proteobacteria,Firmicutes,0
Anaerostignum.2,Syntrophomonadaceae.1,0.7367909623133527,0.7367909623133527,positive,0.04436498105953774,0.001728462565413744,7,5,2,0,Firmicutes,Firmicutes,1
Methanoculleus.1,Syntrophomonas.1,0.7367909623133526,0.7367909623133526,positive,0.04436498105953774,0.0017284625654137484,7,6,5,0,Halobacterota,Firmicutes,0
Christensenellaceae.7,Oxobacteraceae.3,0.7367595226341545,0.7367595226341545,positive,0.04436498105953774,0.001729660500145807,4,4,10,0,Firmicutes,Firmicutes,1
Devosia.2,Dehalobacterium.3,0.7367595226341545,0.7367595226341545,positive,0.04436498105953774,0.001729660500145807,4,6,6,1,Proteobacteria,Firmicutes,0
midas_g_114295.1,Sphingosinicella.1,0.7367360868485768,0.7367360868485768,positive,0.04436498105953774,0.001730553899837239,8,5,2,0,Armatimonadota,Proteobacteria,0
Camelimonas.2,midas_g_76603.1,-0.7367360868485768,0.7367360868485768,negative,0.04436498105953774,0.001730553899837239,5,5,1,0,Proteobacteria,Firmicutes,0
Alcaligenes.3,Syntrophomonas.15,0.7365510939198223,0.7365510939198223,positive,0.044501118528450255,0.001737619086165484,3,2,6,0,Proteobacteria,Firmicutes,0
midas_g_85764.2,Paracoccus.4,0.7365415850401837,0.7365415850401837,positive,0.044501118528450255,0.0017379828720366281,6,1,1,1,Firmicutes,Proteobacteria,0
Christensenellaceae_R-7_group.44,Methanobacterium.5,0.7365415850401837,0.7365415850401837,positive,0.044501118528450255,0.0017379828720366281,5,1,1,1,Firmicutes,Euryarchaeota,0
EBM-39.1,Comamonadaceae.3,0.7363720545409901,0.7363720545409901,positive,0.044649308706762834,0.0017444789734987478,13,5,5,1,Synergistota,Proteobacteria,0
Methanobacterium.4,Propionibacteriaceae.3,0.736328562100049,0.736328562100049,positive,0.04467389859074668,0.001746148669010205,5,1,10,0,Euryarchaeota,Actinobacteriota,0
midas_g_114295.1,Proteiniclasticum.1,0.7361785367646199,0.7361785367646199,positive,0.04480331410030982,0.0017519180807941631,5,5,2,0,Armatimonadota,Firmicutes,0
Anaerostignum.2,midas_g_30443.1,-0.736069929965178,0.736069929965178,negative,0.04485575729854414,0.0017561042507301297,4,5,1,0,Firmicutes,Desulfobacterota,0
midas_g_36376.1,midas_g_98017.1,0.736069929965178,0.736069929965178,positive,0.04485575729854414,0.0017561042507301297,7,5,5,1,Planctomycetota,Firmicutes,0
Brevundimonas.3,midas_g_98017.1,0.736069929965178,0.736069929965178,positive,0.04485575729854414,0.0017561042507301297,7,5,5,1,Proteobacteria,Firmicutes,0
Dysgonomonas.1,Thermovirga.1,-0.7360140533132976,0.7360140533132976,negative,0.04487373310638474,0.0017582611077949378,7,9,1,0,Bacteroidota,Synergistota,0
Romboutsia.1,Alcaligenes.3,0.7360140533132976,0.7360140533132976,positive,0.04487373310638474,0.0017582611077949378,7,5,2,0,Firmicutes,Proteobacteria,0
Limnobacter.1,Paraclostridium.1,0.73599636376956,0.73599636376956,positive,0.04487373310638474,0.0017589443738339147,11,5,5,1,Proteobacteria,Firmicutes,0
Proteiniphilum.1,midas_g_85764.2,0.7358668357794091,0.7358668357794091,positive,0.04493856308157182,0.0017639539563505853,9,1,1,1,Bacteroidota,Firmicutes,0
Burkholderiales.1,Ercella.1,-0.7358668357794091,0.7358668357794091,negative,0.04493856308157182,0.0017639539563505853,9,4,1,0,Proteobacteria,Firmicutes,0
Petrimonas.2,Intestinimonas.1,-0.7358222472675819,0.7358222472675819,negative,0.04493856308157182,0.0017656810996880324,9,1,5,0,Bacteroidota,Firmicutes,0
Paludibacter.3,Lutispora.3,0.7357813511754144,0.7357813511754144,positive,0.04493856308157182,0.0017672664121076733,4,10,4,0,Bacteroidota,Firmicutes,0
Burkholderiales.1,Christensenellaceae_R-7_group.29,-0.7357142857142855,0.7357142857142855,negative,0.04493856308157182,0.001769868642144271,15,4,-1,0,Proteobacteria,Firmicutes,0
Parapusillimonas.1,Christensenellaceae_R-7_group.61,0.7357130770313304,0.7357130770313304,positive,0.04493856308157182,0.0017699155689207594,7,4,4,1,Proteobacteria,Firmicutes,0
Pannonibacter.1,midas_g_77185.2,0.7356708321232326,0.7356708321232326,positive,0.04493856308157182,0.0017715563444144215,5,9,4,0,Proteobacteria,Cyanobacteria,0
Lentimicrobium.1,Caproiciproducens.2,-0.7356708321232326,0.7356708321232326,negative,0.04493856308157182,0.0017715563444144215,5,1,6,0,Bacteroidota,Firmicutes,0
Christensenellaceae_R-7_group.2,Bacteria (unclassified).39,0.7356708321232326,0.7356708321232326,positive,0.04493856308157182,0.0017715563444144215,5,1,1,1,Firmicutes,Bacteria (unclassified),0
Desulfovibrio.3,midas_g_36215.9,0.7355996886677094,0.7355996886677094,positive,0.04493856308157182,0.0017743222926167312,3,4,4,1,Desulfobacterota,Bacteroidota,0
midas_g_554.2,Family_XI.4,0.7355996886677094,0.7355996886677094,positive,0.04493856308157182,0.0017743222926167312,3,1,1,1,Firmicutes,Firmicutes,1
Hyphomicrobium.16,midas_g_110651.1,0.7355996886677094,0.7355996886677094,positive,0.04493856308157182,0.0017743222926167312,3,6,10,0,Proteobacteria,Firmicutes,0
midas_g_70329.2,midas_g_51070.2,0.7355996886677094,0.7355996886677094,positive,0.04493856308157182,0.0017743222926167312,3,6,6,1,Firmicutes,Firmicutes,1
Reyranella.2,midas_g_36215.3,0.7355996886677094,0.7355996886677094,positive,0.04493856308157182,0.0017743222926167312,3,4,4,1,Proteobacteria,Bacteroidota,0
Caproiciproducens.1,midas_g_36215.3,0.7355996886677094,0.7355996886677094,positive,0.04493856308157182,0.0017743222926167312,3,4,4,1,Firmicutes,Bacteroidota,0
midas_g_110557.1,Hungateiclostridiaceae.28,0.7355996886677094,0.7355996886677094,positive,0.04493856308157182,0.0017743222926167312,3,10,4,0,Firmicutes,Firmicutes,1
Rummeliibacillus.2,Anaerovorax.13,0.7355996886677094,0.7355996886677094,positive,0.04493856308157182,0.0017743222926167312,3,4,4,1,Firmicutes,Firmicutes,1
Bacteria (unclassified).1,midas_g_36215.3,0.7355996886677094,0.7355996886677094,positive,0.04493856308157182,0.0017743222926167312,3,4,4,1,Bacteria (unclassified),Bacteroidota,0
Methanobacterium.96,midas_g_95485.1,0.7354430379746836,0.7354430379746836,positive,0.045075007246979756,0.0017804248744363572,4,4,4,1,Euryarchaeota,Firmicutes,0
Methanobacterium.20,NK4A214_group.2,0.7352941176470589,0.7352941176470589,positive,0.04516783708616777,0.001786241946531407,3,10,10,1,Euryarchaeota,Firmicutes,0
midas_g_2604.2,Dehalobacterium.3,0.7352941176470589,0.7352941176470589,positive,0.04516783708616777,0.001786241946531407,3,6,6,1,Firmicutes,Firmicutes,1
midas_g_77817.1,Bacteria (unclassified).33,0.7352941176470589,0.7352941176470589,positive,0.04516783708616777,0.001786241946531407,3,2,2,1,Firmicutes,Bacteria (unclassified),0
Fermentimonas.2,Intestinimonas.1,0.7352415026833631,0.7352415026833631,positive,0.04520176015752738,0.0017883008231935088,13,5,5,1,Bacteroidota,Firmicutes,0
Taibaiella.1,Aminiphilus.1,-0.735082526214792,0.735082526214792,negative,0.04534110795452927,0.0017945333297139682,5,9,1,0,Bacteroidota,Synergistota,0
Clostridium_sensu_stricto_13.1,Methanomethylophilaceae.1,0.7348072950624622,0.7348072950624622,positive,0.04553446694673318,0.0018053647673814956,9,5,5,1,Firmicutes,Thermoplasmatota,0
midas_g_85764.2,midas_g_36215.2,0.7348072950624622,0.7348072950624622,positive,0.04553446694673318,0.0018053647673814956,8,1,1,1,Firmicutes,Bacteroidota,0
Lachnoclostridium.1,Methanobacterium.3,0.7347717448009703,0.7347717448009703,positive,0.04553446694673318,0.00180676763599208,12,9,9,1,Firmicutes,Euryarchaeota,0
Rhodococcus.4,midas_g_82137.2,0.7347413676559101,0.7347413676559101,positive,0.04553446694673318,0.0018079670597125467,6,6,4,0,Actinobacteriota,Firmicutes,0
Pelotomaculum.4,Sphingopyxis.5,0.7347413676559101,0.7347413676559101,positive,0.04553446694673318,0.0018079670597125467,6,6,6,1,Firmicutes,Proteobacteria,0
Arenimonas.2,XBB1006.1,0.7347413676559101,0.7347413676559101,positive,0.04553446694673318,0.0018079670597125467,6,6,6,1,Proteobacteria,Firmicutes,0
Pelotomaculum.4,midas_g_82137.2,0.7347413676559101,0.7347413676559101,positive,0.04553446694673318,0.0018079670597125467,6,6,4,0,Firmicutes,Firmicutes,1
midas_g_110683.3,Phenylobacterium.1,0.7347413676559101,0.7347413676559101,positive,0.04553446694673318,0.0018079670597125467,6,4,4,1,Firmicutes,Proteobacteria,0
Acetoanaerobium.1,midas_g_5574.1,0.734666897127841,0.734666897127841,positive,0.04557216251192805,0.0018109101934469772,10,5,5,1,Firmicutes,Actinobacteriota,0
Syner-01.9,Lentimicrobium.1,0.734666897127841,0.734666897127841,positive,0.04557216251192805,0.0018109101934469772,10,1,1,1,Synergistota,Bacteroidota,0
midas_g_36376.1,Methanobacterium.5,-0.7344458961766853,0.7344458961766853,negative,0.04577425027768232,0.0018196670096422098,2,5,1,0,Planctomycetota,Euryarchaeota,0
Methanomassiliicoccus.2,Bacteria (unclassified).33,0.734376645159768,0.734376645159768,positive,0.04580687903510993,0.0018224179664998348,4,2,2,1,Thermoplasmatota,Bacteria (unclassified),0
Sphingosinicella.1,Trichloromonas.1,0.734376645159768,0.734376645159768,positive,0.04580687903510993,0.0018224179664998348,4,2,2,1,Proteobacteria,Desulfobacterota,0
Brevundimonas.3,midas_g_4301.4,0.7343451413307777,0.7343451413307777,positive,0.045820085988586744,0.0018236705439961841,9,5,5,1,Proteobacteria,Firmicutes,0
Methanobacterium.20,Clostridium_sensu_stricto_1.7,0.7342645197929272,0.7342645197929272,positive,0.04586390822584553,0.0018268791708404301,4,10,4,0,Euryarchaeota,Firmicutes,0
Arenimonas.2,Bosea.5,0.7342645197929272,0.7342645197929272,positive,0.04586390822584553,0.0018268791708404301,4,6,6,1,Proteobacteria,Proteobacteria,1
Clostridium_sensu_stricto_1.7,Ruminiclostridium.13,0.7341916869286115,0.7341916869286115,positive,0.04586390822584553,0.0018297817196142958,6,4,4,1,Firmicutes,Firmicutes,1
Bradyrhizobium.2,Clostridium_sensu_stricto_1.7,0.7341916869286114,0.7341916869286114,positive,0.04586390822584553,0.0018297817196143028,6,4,4,1,Proteobacteria,Firmicutes,0
Bradyrhizobium.2,Syntrophomonas.2,0.7341916869286114,0.7341916869286114,positive,0.04586390822584553,0.0018297817196143028,6,4,4,1,Proteobacteria,Firmicutes,0
Lutispora.3,Proteiniborus.5,0.7341916869286114,0.7341916869286114,positive,0.04586390822584553,0.0018297817196143028,6,4,4,1,Firmicutes,Firmicutes,1
Hydrogenophaga.7,Anaerostignum.2,0.7341269841269843,0.7341269841269843,positive,0.04588245237558632,0.0018323633761842158,7,5,5,1,Proteobacteria,Firmicutes,0
Anaerostignum.2,Ruminiclostridium.9,0.7341269841269843,0.7341269841269843,positive,0.04588245237558632,0.0018323633761842158,7,5,6,0,Firmicutes,Firmicutes,1
Hydrogenophaga.5,midas_g_9269.1,-0.7341001711105166,0.7341001711105166,negative,0.04588245237558632,0.001833434079438321,8,6,1,0,Proteobacteria,Bacteroidota,0
Hydrogenophaga.7,Methanosarcina.1,0.7341001711105166,0.7341001711105166,positive,0.04588245237558632,0.001833434079438321,8,5,5,1,Proteobacteria,Halobacterota,0
midas_g_36215.1,Monoglobus.13,0.7340771742256311,0.7340771742256311,positive,0.04588721998078726,0.0018343527967055434,7,1,1,1,Bacteroidota,Firmicutes,0
EBM-39.1,Azoarcus.2,0.7340225579955009,0.7340225579955009,positive,0.0458974935724577,0.00183653617861562,9,5,5,1,Synergistota,Proteobacteria,0
Dehalobacter.2,Christensenellaceae_R-7_group.19,0.7340008121078025,0.7340008121078025,positive,0.0458974935724577,0.0018374060908148203,5,6,6,1,Firmicutes,Firmicutes,1
Syntrophomonas.3,Caproiciproducens.1,0.7340008121078025,0.7340008121078025,positive,0.0458974935724577,0.0018374060908148203,5,10,4,0,Firmicutes,Firmicutes,1
Limnobacter.1,Alcaligenaceae.1,0.7339758434175738,0.7339758434175738,positive,0.0458974935724577,0.001838405334955458,10,5,5,1,Proteobacteria,Proteobacteria,1
Taibaiella.1,midas_g_97311.1,-0.7339758434175738,0.7339758434175738,negative,0.0458974935724577,0.001838405334955458,6,9,1,0,Bacteroidota,Firmicutes,0
Christensenellaceae_R-7_group.63,midas_g_2901.1,0.7339545066003649,0.7339545066003649,positive,0.04590063487191,0.0018392595780552376,6,5,5,1,Firmicutes,WPS-2,0
Oscillibacter.3,Monoglobus.13,-0.7338801148132155,0.7338801148132155,negative,0.045938638130286785,0.0018422404315744855,4,5,1,0,Firmicutes,Firmicutes,1
Actinomyces.4,Monoglobus.13,-0.7338801148132154,0.7338801148132154,negative,0.045938638130286785,0.0018422404315744868,4,9,1,0,Actinobacteriota,Firmicutes,0
Methanobacterium.1,midas_g_2604.3,0.7335446158454199,0.7335446158454199,positive,0.046238473433196564,0.0018557320486329088,5,1,1,1,Euryarchaeota,Firmicutes,0
Geobacteraceae.1,midas_g_49937.1,0.7335446158454199,0.7335446158454199,positive,0.046238473433196564,0.0018557320486329088,5,1,1,1,Desulfobacterota,Chloroflexi,0
Veillonellales-Selenomonadales.6,Propionicicella.4,0.7333733022021853,0.7333733022021853,positive,0.04628461569295866,0.0018626517486011124,5,4,4,1,Firmicutes,Actinobacteriota,0
Veillonellales-Selenomonadales.6,Colidextribacter.6,0.7333733022021853,0.7333733022021853,positive,0.04628461569295866,0.0018626517486011124,5,4,4,1,Firmicutes,Firmicutes,1
Desulfovibrio.2,Hungateiclostridiaceae.27,0.733358797622569,0.733358797622569,positive,0.04628461569295866,0.001863238568425432,4,9,9,1,Desulfobacterota,Firmicutes,0
Mesotoga.1,midas_g_82137.3,-0.733358797622569,0.733358797622569,negative,0.04628461569295866,0.001863238568425432,4,5,4,0,Thermotogota,Firmicutes,0
midas_g_3409.1,Cryptanaerobacter.1,0.733358797622569,0.733358797622569,positive,0.04628461569295866,0.001863238568425432,4,1,1,1,WS1,Firmicutes,0
Terrisporobacter.1,Devosia.1,0.733298897263096,0.733298897263096,positive,0.04628461569295866,0.0018656635646065159,6,5,2,0,Firmicutes,Proteobacteria,0
Acetobacterium.1,Christensenellaceae_R-7_group.63,0.733298897263096,0.733298897263096,positive,0.04628461569295866,0.0018656635646065159,6,5,5,1,Firmicutes,Firmicutes,1
Acinetobacter.2,Syner-01.1,0.733298897263096,0.733298897263096,positive,0.04628461569295866,0.0018656635646065159,6,5,5,1,Proteobacteria,Synergistota,0
Rhodococcus.4,midas_g_9269.1,-0.733298897263096,0.733298897263096,negative,0.04628461569295866,0.0018656635646065159,6,6,1,0,Actinobacteriota,Bacteroidota,0
midas_g_91392.1,midas_g_9269.1,-0.733298897263096,0.733298897263096,negative,0.04628461569295866,0.0018656635646065159,6,6,1,0,Firmicutes,Bacteroidota,0
Proteiniphilum.1,Paracoccus.4,0.733298897263096,0.733298897263096,positive,0.04628461569295866,0.0018656635646065159,6,1,1,1,Bacteroidota,Proteobacteria,0
Synergistaceae.2,Colidextribacter.1,0.7329522865019128,0.7329522865019128,positive,0.0466156183317045,0.0018797455514784195,7,6,4,0,Synergistota,Firmicutes,0
Methanobacterium.96,Caproiciproducens.1,0.7329113924050632,0.7329113924050632,positive,0.04662026490010418,0.0018814126010246127,4,4,4,1,Euryarchaeota,Firmicutes,0
midas_g_95485.1,Christensenellaceae.7,0.7329113924050632,0.7329113924050632,positive,0.04662026490010418,0.0018814126010246127,4,4,4,1,Firmicutes,Firmicutes,1
Intestinimonas.1,Aminiphilus.1,-0.7328328876559018,0.7328328876559018,negative,0.0466812908663169,0.0018846161799585836,7,5,1,0,Firmicutes,Synergistota,0
Christensenellaceae_R-7_group.51,Cryptanaerobacter.1,0.7328132439746585,0.7328132439746585,positive,0.04668281324590238,0.0018854184738442497,4,1,1,1,Firmicutes,Firmicutes,1
Taibaiella.1,Bacteria (unclassified).39,-0.7326740594085918,0.7326740594085918,negative,0.04680536770720011,0.0018911109623660056,2,9,1,0,Bacteroidota,Bacteria (unclassified),0
midas_g_36376.1,midas_g_4301.4,0.7324670207647144,0.7324670207647144,positive,0.04699711653265706,0.0018996041484222164,9,5,5,1,Planctomycetota,Firmicutes,0
Pelotomaculum.2,Proteiniphilum.14,0.7323803331473014,0.7323803331473014,positive,0.047048377371168584,0.001903169357906318,6,10,10,1,Firmicutes,Bacteroidota,0
Rhodococcus.4,Syntrophobacter.1,0.7323803331473014,0.7323803331473014,positive,0.047048377371168584,0.001903169357906318,6,6,2,0,Actinobacteriota,Desulfobacterota,0
Petrimonas.2,midas_g_93469.1,-0.7322910735835965,0.7322910735835965,negative,0.04712078091513857,0.0019068459601612872,6,1,5,0,Bacteroidota,Firmicutes,0
Methanobacterium.1,midas_g_3409.1,0.7321428571428571,0.7321428571428571,positive,0.04721640750178734,0.0019129636009785618,15,1,1,1,Euryarchaeota,WS1,0
midas_g_36215.1,midas_g_2178.1,0.7321428571428571,0.7321428571428571,positive,0.04721640750178734,0.0019129636009785618,15,1,1,1,Bacteroidota,Chloroflexi,0
Rhizobiaceae.1,Stenotrophomonas.2,0.7321428571428571,0.7321428571428571,positive,0.04721640750178734,0.0019129636009785618,6,4,2,0,Proteobacteria,Proteobacteria,1
Oscillibacter.4,Peptococcaceae.4,0.7319448415500435,0.7319448415500435,positive,0.047305330197742634,0.001921161300941365,3,6,6,1,Firmicutes,Firmicutes,1
Proteiniphilum.15,Anaerovorax.13,0.7319448415500435,0.7319448415500435,positive,0.047305330197742634,0.001921161300941365,3,4,4,1,Bacteroidota,Firmicutes,0
midas_g_82137.2,midas_g_82137.1,0.7319448415500435,0.7319448415500435,positive,0.047305330197742634,0.001921161300941365,3,4,4,1,Firmicutes,Firmicutes,1
midas_g_2178.3,midas_g_110557.1,0.7319448415500435,0.7319448415500435,positive,0.047305330197742634,0.001921161300941365,3,4,10,0,Chloroflexi,Firmicutes,0
midas_g_76603.1,Azorhizobium.1,0.7319448415500435,0.7319448415500435,positive,0.047305330197742634,0.001921161300941365,3,1,1,1,Firmicutes,Proteobacteria,0
midas_g_82137.2,Desulfosporosinus.3,0.7319448415500435,0.7319448415500435,positive,0.047305330197742634,0.001921161300941365,3,4,4,1,Firmicutes,Firmicutes,1
midas_g_669.2,Monoglobus.13,-0.7319257070507302,0.7319257070507302,negative,0.047305330197742634,0.0019219549481674174,4,5,1,0,Firmicutes,Firmicutes,1
Lachnoclostridium.1,midas_g_49937.1,-0.7319108351022163,0.7319108351022163,negative,0.047305330197742634,0.0019225719782337083,2,9,1,0,Firmicutes,Chloroflexi,0
Monoglobus.2,midas_g_35108.1,-0.7318883538212119,0.7318883538212119,negative,0.04730981467769035,0.0019235050179998519,4,9,1,0,Firmicutes,Chloroflexi,0
Arenimonas.2,Colidextribacter.4,0.7318181818181817,0.7318181818181817,positive,0.04732608625358048,0.0019264197041996053,5,6,6,1,Proteobacteria,Firmicutes,0
Phenylobacterium.1,Desulfosporosinus.2,0.7318181818181817,0.7318181818181817,positive,0.04732608625358048,0.0019264197041996053,5,4,4,1,Proteobacteria,Firmicutes,0
Pelotomaculum.4,Tissierella.5,0.7318181818181817,0.7318181818181817,positive,0.04732608625358048,0.0019264197041996053,5,6,6,1,Firmicutes,Firmicutes,1
Comamonadaceae.3,midas_g_30443.1,-0.7316835130490096,0.7316835130490096,negative,0.04744525151973781,0.0019320232868830294,8,5,1,0,Proteobacteria,Desulfobacterota,0
Thermovirga.2,Intestinimonas.1,0.7316636851520572,0.7316636851520572,positive,0.04744704875298834,0.0019328494326486345,13,5,5,1,Synergistota,Firmicutes,0
Rummeliibacillus.2,Proteiniborus.5,0.7316021166433979,0.7316021166433979,positive,0.047491564695825335,0.001935416544559613,4,4,4,1,Firmicutes,Firmicutes,1
Christensenellaceae_R-7_group.57,Christensenellaceae_R-7_group.42,0.7313020446887163,0.7313020446887163,positive,0.04776234012925192,0.0019479673426885682,4,4,10,0,Firmicutes,Firmicutes,1
Caproiciproducens.1,Veillonellales-Selenomonadales.2,0.7313020446887163,0.7313020446887163,positive,0.04776234012925192,0.0019479673426885682,4,4,10,0,Firmicutes,Firmicutes,1
EBM-39.1,Lachnoclostridium.1,0.7311874923873071,0.7311874923873071,positive,0.0478616160624752,0.0019527758100838504,12,5,9,0,Synergistota,Firmicutes,0
midas_g_114295.1,midas_g_93469.1,0.7311054950873366,0.7311054950873366,positive,0.047927478058398545,0.0019562235942203487,9,5,5,1,Armatimonadota,Firmicutes,0
Stenotrophomonas.2,Christensenellaceae.7,0.7310670968493483,0.7310670968493483,positive,0.04793088360689189,0.0019578398254473267,5,2,4,0,Proteobacteria,Firmicutes,0
midas_g_36376.1,Lentimicrobium.1,-0.7310299322905746,0.7310299322905746,negative,0.04793088360689189,0.001959405150781628,10,5,1,0,Planctomycetota,Bacteroidota,0
Aminivibrio.1,midas_g_30443.1,-0.7310299322905746,0.7310299322905746,negative,0.04793088360689189,0.001959405150781628,10,5,1,0,Synergistota,Desulfobacterota,0
midas_g_98124.1,Christensenellaceae_R-7_group.3,-0.7310299322905746,0.7310299322905746,negative,0.04793088360689189,0.001959405150781628,9,4,5,0,Firmicutes,Firmicutes,1
midas_g_8129.1,Syner-01.1,0.7310101221050119,0.7310101221050119,positive,0.04793269681913665,0.0019602399419639312,13,5,5,1,Chloroflexi,Synergistota,0
Methanobacterium.6,midas_g_51070.3,0.7309588438781547,0.7309588438781547,positive,0.04796086918919172,0.001962402107258149,8,10,10,1,Euryarchaeota,Firmicutes,0
Romboutsia.3,Sphingopyxis.5,0.7309106366787878,0.7309106366787878,positive,0.04796086918919172,0.0019644365280303286,7,6,6,1,Firmicutes,Proteobacteria,0
Aquamicrobium.1,Colidextribacter.1,0.7309106366787876,0.7309106366787876,positive,0.04796086918919172,0.00196443652803034,7,10,4,0,Proteobacteria,Firmicutes,0
Romboutsia.3,Proteiniphilum.15,0.7309106366787876,0.7309106366787876,positive,0.04796086918919172,0.00196443652803034,7,6,4,0,Firmicutes,Bacteroidota,0
midas_g_49834.1,Christensenellaceae_R-7_group.42,0.7308098555593643,0.7308098555593643,positive,0.048046225635818035,0.0019686951247608812,4,10,10,1,Firmicutes,Firmicutes,1
Petrimonas.2,Syntrophobotulaceae.7,0.7307457182993509,0.7307457182993509,positive,0.04809383541146675,0.001971409160945482,4,1,1,1,Bacteroidota,Firmicutes,0
Acetomicrobium.1,midas_g_119665.1,0.7306175887359772,0.7306175887359772,positive,0.048114562339978045,0.0019768400974101495,3,10,6,0,Synergistota,Firmicutes,0
Dehalobacterium.3,midas_g_36215.9,0.7306175887359772,0.7306175887359772,positive,0.048114562339978045,0.0019768400974101495,3,6,4,0,Firmicutes,Bacteroidota,0
Methanobacterium.20,midas_g_110651.1,0.7306175887359772,0.7306175887359772,positive,0.048114562339978045,0.0019768400974101495,3,10,10,1,Euryarchaeota,Firmicutes,0
Syntrophomonas.15,Sedimentibacter.18,0.7306175887359772,0.7306175887359772,positive,0.048114562339978045,0.0019768400974101495,3,6,6,1,Firmicutes,Firmicutes,1
Pelotomaculum.1,Trichloromonas.1,0.7306175887359772,0.7306175887359772,positive,0.048114562339978045,0.0019768400974101495,3,6,2,0,Firmicutes,Desulfobacterota,0
Anaerovorax.8,midas_g_110557.1,0.7306175887359772,0.7306175887359772,positive,0.048114562339978045,0.0019768400974101495,3,10,10,1,Firmicutes,Firmicutes,1
Clostridiaceae.1,Syntrophomonas.2,0.7304943077272632,0.7304943077272632,positive,0.048195268991892845,0.0019820768576050587,6,4,4,1,Firmicutes,Firmicutes,1
Rhodococcus.4,Oscillibacter.4,0.7304943077272632,0.7304943077272632,positive,0.048195268991892845,0.0019820768576050587,6,6,6,1,Actinobacteriota,Firmicutes,0
Pelotomaculum.2,Ruminococcaceae.9,0.7304761904761903,0.7304761904761903,positive,0.048195268991892845,0.001982847384551676,8,10,10,1,Firmicutes,Firmicutes,1
Rummeliibacillus.2,midas_g_95485.1,0.730379746835443,0.730379746835443,positive,0.048195268991892845,0.001986953183675521,4,4,4,1,Firmicutes,Firmicutes,1
Brevundimonas.3,midas_g_95534.1,-0.7303428464773742,0.7303428464773742,negative,0.048195268991892845,0.0019885259105565695,2,5,1,0,Proteobacteria,Firmicutes,0
Syner-01.9,midas_g_35108.1,0.7303428464773742,0.7303428464773742,positive,0.048195268991892845,0.0019885259105565695,6,1,1,1,Synergistota,Chloroflexi,0
Desulfobulbus.1,midas_g_98017.1,0.7303355548484114,0.7303355548484114,positive,0.048195268991892845,0.0019888368046814485,8,5,5,1,Desulfobacterota,Firmicutes,0
Firmicutes.26,Christensenellaceae_R-7_group.3,0.7303355548484114,0.7303355548484114,positive,0.048195268991892845,0.0019888368046814485,8,5,5,1,Firmicutes,Firmicutes,1
Christensenellaceae_R-7_group.4,Methanosarcina.1,0.7303355548484114,0.7303355548484114,positive,0.048195268991892845,0.0019888368046814485,8,5,5,1,Firmicutes,Halobacterota,0
Aminivibrio.1,Aminiphilus.1,-0.7303340024276842,0.7303340024276842,negative,0.048195268991892845,0.0019889030004838974,9,5,1,0,Synergistota,Synergistota,1
Christensenellaceae_R-7_group.44,Sulfurospirillum.1,-0.7303340024276842,0.7303340024276842,negative,0.048195268991892845,0.0019889030004838974,9,1,5,0,Firmicutes,Campylobacterota,0
midas_g_5574.1,Oscillibacter.3,0.730305964200486,0.730305964200486,positive,0.048195268991892845,0.0019900988655997902,9,5,5,1,Actinobacteriota,Firmicutes,0
Stenotrophomonas.1,Christensenellaceae_R-7_group.25,0.730305964200486,0.730305964200486,positive,0.048195268991892845,0.0019900988655997902,10,4,5,0,Proteobacteria,Firmicutes,0
Clostridium_sensu_stricto_13.1,Camelimonas.2,0.7302158273381295,0.7302158273381295,positive,0.04826421308244733,0.0019939472268983593,12,5,5,1,Firmicutes,Proteobacteria,0
Syner-01.1,Thauera.1,0.7302034160502979,0.7302034160502979,positive,0.04826421308244733,0.0019944775901655637,7,5,5,1,Synergistota,Proteobacteria,0
Hydrogenophaga.7,midas_g_5574.2,0.7301587301587302,0.7301587301587302,positive,0.0482918991402928,0.0019963880607557485,7,5,5,1,Proteobacteria,Actinobacteriota,0
midas_g_91392.1,Parapusillimonas.1,0.729821498315941,0.729821498315941,positive,0.04862314234981147,0.0020108532859937265,6,6,4,0,Firmicutes,Proteobacteria,0
Christensenellaceae_R-7_group.51,Ercella.6,0.7297958136771909,0.7297958136771909,positive,0.04863120418039599,0.0020119584425412184,7,1,10,0,Firmicutes,Firmicutes,1
Petrimonas.2,Anaerovorax.1,0.7297593447834028,0.7297593447834028,positive,0.04865049173176335,0.0020135284609204118,11,1,1,1,Bacteroidota,Firmicutes,0
Propionibacteriaceae.3,Xanthobacter.1,0.7296834114318987,0.7296834114318987,positive,0.04871087543427397,0.0020168006158634713,5,10,10,1,Actinobacteriota,Proteobacteria,0
Monoglobus.1,Lachnoclostridium.2,0.7295452198626643,0.7295452198626643,positive,0.04881754638565061,0.0020227665854085403,4,4,4,1,Firmicutes,Firmicutes,1
Sphingosinicella.1,midas_g_77817.1,0.7295452198626643,0.7295452198626643,positive,0.04881754638565061,0.0020227665854085403,4,2,2,1,Proteobacteria,Firmicutes,0
Christensenellaceae_R-7_group.4,midas_g_669.2,0.729347689341683,0.729347689341683,positive,0.048990125908688995,0.0020313189141424283,7,5,5,1,Firmicutes,Firmicutes,1
Sulfurospirillum.1,Colidextribacter.6,-0.7292921832897943,0.7292921832897943,negative,0.048990125908688995,0.0020337273348319754,5,5,4,0,Campylobacterota,Firmicutes,0
Terrisporobacter.1,midas_g_84729.1,-0.7292921832897943,0.7292921832897943,negative,0.048990125908688995,0.0020337273348319754,4,5,1,0,Firmicutes,Chloroflexi,0
Sulfurospirillum.1,Propionicicella.4,-0.7292921832897943,0.7292921832897943,negative,0.048990125908688995,0.0020337273348319754,5,5,4,0,Campylobacterota,Actinobacteriota,0
midas_g_15299.1,Proteiniborus.5,-0.729269782442969,0.729269782442969,negative,0.048990125908688995,0.002034699961904628,6,5,4,0,Bacteroidota,Firmicutes,0
Monoglobus.2,Ercella.1,-0.7292545950997736,0.7292545950997736,negative,0.048990125908688995,0.0020353595967395784,6,9,1,0,Firmicutes,Firmicutes,1
Clostridium_sensu_stricto_13.1,Ercella.1,-0.7292545950997736,0.7292545950997736,negative,0.048990125908688995,0.0020353595967395784,6,5,1,0,Firmicutes,Firmicutes,1
Arenimonas.2,Bacteria (unclassified).1,0.7292034211789933,0.7292034211789933,positive,0.049024928272293745,0.002037583507556056,5,6,4,0,Proteobacteria,Bacteria (unclassified),0
Christensenellaceae_R-7_group.4,Camelimonas.2,0.7291798192911556,0.7291798192911556,positive,0.04903090125080768,0.0020386098530027633,8,5,5,1,Firmicutes,Proteobacteria,0
Pelotomaculum.4,Comamonadaceae.6,0.729093642892977,0.729093642892977,positive,0.049102374981026854,0.0020423608218058113,4,6,6,1,Firmicutes,Proteobacteria,0
Aminiphilus.1,Propionibacteriaceae.3,0.7290543140859131,0.7290543140859131,positive,0.04912483270241451,0.0020440745127389285,5,1,10,0,Synergistota,Actinobacteriota,0
Pelotomaculum.2,Flavobacterium.3,0.7290068452299723,0.7290068452299723,positive,0.049155831169107676,0.0020461444307069768,4,10,10,1,Firmicutes,Bacteroidota,0
JGI-0000079-D21.1,Trichloromonas.1,0.7287753051374278,0.7287753051374278,positive,0.04930135797625666,0.0020562650589071,4,2,2,1,Synergistota,Desulfobacterota,0
Sedimentibacter.18,Pelotomaculum.3,0.7287753051374278,0.7287753051374278,positive,0.04930135797625666,0.0020562650589071,4,6,6,1,Firmicutes,Firmicutes,1
Desulfobulbus.1,Lachnoclostridium.2,-0.7287753051374278,0.7287753051374278,negative,0.04930135797625666,0.0020562650589071,4,5,4,0,Desulfobacterota,Firmicutes,0
Pseudolabrys.2,Christensenellaceae_R-7_group.38,0.7287608914965112,0.7287608914965112,positive,0.04930135797625666,0.002056896405871374,5,10,4,0,Proteobacteria,Firmicutes,0
HN-HF0106.10,Christensenellaceae_R-7_group.57,0.7287608914965112,0.7287608914965112,positive,0.04930135797625666,0.002056896405871374,5,4,4,1,Firmicutes,Firmicutes,1
midas_g_515.2,Christensenellaceae_R-7_group.19,0.7287608914965112,0.7287608914965112,positive,0.04930135797625666,0.002056896405871374,5,6,6,1,Firmicutes,Firmicutes,1
Pelotomaculum.1,Brevundimonas.5,0.7286498863887282,0.7286498863887282,positive,0.04934295048990714,0.002061763872154206,3,6,6,1,Firmicutes,Proteobacteria,0
Ralstonia.1,Phenylobacterium.1,0.7286498863887282,0.7286498863887282,positive,0.04934295048990714,0.002061763872154206,3,4,4,1,Proteobacteria,Proteobacteria,1
Syntrophomonas.15,midas_g_91392.1,0.7286498863887281,0.7286498863887281,positive,0.04934295048990714,0.0020617638721542116,3,6,6,1,Firmicutes,Firmicutes,1
Proteiniphilum.14,Christensenellaceae.15,0.7286498863887281,0.7286498863887281,positive,0.04934295048990714,0.0020617638721542116,3,10,10,1,Bacteroidota,Firmicutes,0
Acinetobacter.1,Christensenellaceae_R-7_group.1,-0.7286083036669194,0.7286083036669194,negative,0.04935044628439349,0.0020635896127694387,9,5,1,0,Proteobacteria,Firmicutes,0
Syner-01.1,Ruminiclostridium.1,0.7285714285714285,0.7285714285714285,positive,0.04935044628439349,0.002065209744690793,15,5,5,1,Synergistota,Firmicutes,0
Petrimonas.1,Christensenellaceae_R-7_group.2,-0.7285714285714285,0.7285714285714285,negative,0.04935044628439349,0.002065209744690793,14,5,1,0,Bacteroidota,Firmicutes,0
Methanosarcina.1,Anaerovorax.1,-0.7285714285714285,0.7285714285714285,negative,0.04935044628439349,0.002065209744690793,14,5,1,0,Halobacterota,Firmicutes,0
Aminivibrio.1,midas_g_93128.1,0.7284897246437758,0.7284897246437758,positive,0.04941757333297093,0.0020688030985555163,9,5,5,1,Synergistota,Firmicutes,0
midas_g_110683.3,Syntrophomonas.22,0.7283993422348303,0.7283993422348303,positive,0.049436024172150386,0.0020727839780243554,5,4,4,1,Firmicutes,Firmicutes,1
XBB1006.1,Pseudomonas.2,0.7283993422348303,0.7283993422348303,positive,0.049436024172150386,0.0020727839780243554,5,6,6,1,Firmicutes,Proteobacteria,0
Clostridiaceae.1,Caproiciproducens.1,0.7283993422348303,0.7283993422348303,positive,0.049436024172150386,0.0020727839780243554,5,4,4,1,Firmicutes,Firmicutes,1
Taibaiella.1,midas_g_554.2,-0.7283831425160086,0.7283831425160086,negative,0.049436024172150386,0.0020734981414763935,2,9,1,0,Bacteroidota,Firmicutes,0
Taibaiella.1,midas_g_91392.2,-0.7283831425160086,0.7283831425160086,negative,0.049436024172150386,0.0020734981414763935,2,9,1,0,Bacteroidota,Firmicutes,0
Mesotoga.1,Rhizobiaceae.1,-0.7282665369626313,0.7282665369626313,negative,0.049539979446695234,0.002078644517996988,7,5,4,0,Thermotogota,Proteobacteria,0
midas_g_21833.1,Devosia.1,0.728219081254419,0.728219081254419,positive,0.049571217533111514,0.0020807419045780298,6,2,2,1,Actinobacteriota,Proteobacteria,0
midas_g_36376.1,Trichloromonas.1,0.7281456436945652,0.7281456436945652,positive,0.04959237379582917,0.002083990951397392,4,5,2,0,Planctomycetota,Desulfobacterota,0
Christensenellaceae_R-7_group.51,Methanothrix.1,0.7281456436945651,0.7281456436945651,positive,0.04959237379582917,0.002083990951397398,4,1,1,1,Firmicutes,Halobacterota,0
Christensenellaceae_R-7_group.51,Pelolinea.3,0.7281456436945651,0.7281456436945651,positive,0.04959237379582917,0.002083990951397398,4,1,1,1,Firmicutes,Chloroflexi,0
midas_g_8129.1,midas_g_30443.1,-0.7280432965661786,0.7280432965661786,negative,0.049681527242194504,0.002088525814336072,8,5,1,0,Chloroflexi,Desulfobacterota,0
Veillonellales-Selenomonadales.6,Clostridiaceae.6,0.7279411764705882,0.7279411764705882,positive,0.0497517875506423,0.002093058507581692,6,4,4,1,Firmicutes,Firmicutes,1
Parapusillimonas.1,HN-HF0106.10,0.7279411764705882,0.7279411764705882,positive,0.0497517875506423,0.002093058507581692,6,4,4,1,Proteobacteria,Firmicutes,0
Desulfuromonadaceae.1,Proteiniclasticum.1,0.7278481012658228,0.7278481012658228,positive,0.049812569579779115,0.0020971966086132288,4,5,2,0,Desulfobacterota,Firmicutes,0
midas_g_77185.2,Christensenellaceae.7,0.7278481012658228,0.7278481012658228,positive,0.049812569579779115,0.0020971966086132288,4,4,4,1,Cyanobacteria,Firmicutes,0
Aquamicrobium.2,Ca_Phosphitivorax.1,-0.7277384872226589,0.7277384872226589,negative,0.04987212753759373,0.0021020784387572435,3,5,1,0,Proteobacteria,SAR324_cladeMarine_group_B,0
Actinomyces.4,Ca_Phosphitivorax.1,-0.7277384872226589,0.7277384872226589,negative,0.04987212753759373,0.0021020784387572435,3,9,1,0,Actinobacteriota,SAR324_cladeMarine_group_B,0
Oscillibacter.3,Ca_Phosphitivorax.1,-0.7277384872226589,0.7277384872226589,negative,0.04987212753759373,0.0021020784387572435,3,5,1,0,Firmicutes,SAR324_cladeMarine_group_B,0
midas_g_114295.1,Christensenellaceae_R-7_group.2,-0.7276032399736437,0.7276032399736437,negative,0.04999650873409327,0.0021081144460990543,11,5,1,0,Armatimonadota,Firmicutes,0
