parameter,ASV,correlation,p_value,q_value,fdr_significant
$CH_4$ production rate (mol/min),midas_g_9269.1,0.8507599465085226,5.8123450162524985e-05,0.006684196768690373,True
$CH_4$ production rate (mol/min),midas_g_94288.1,0.748883230224939,0.001314664782706432,0.024414635159431687,True
$CH_4$ production rate (mol/min),Devosia.1,-0.7480690163426797,0.0013397330216573045,0.024414635159431687,True
$CH_4$ production rate (mol/min),EBM-39.1,-0.7417339869769682,0.0015482462424173565,0.024414635159431687,True
$CH_4$ production rate (mol/min),midas_g_84729.1,0.7299442104055401,0.0020055799655379317,0.024414635159431687,True
$CH_4$ production rate (mol/min),Fermentimonas.2,-0.7280858676207513,0.0020866385874696927,0.024414635159431687,True
$CH_4$ production rate (mol/min),midas_g_49937.1,0.725687975942534,0.002195094913177769,0.024414635159431687,True
$CH_4$ production rate (mol/min),JGI-0000079-D21.1,-0.7238608788570413,0.0022807312835138984,0.024414635159431687,True
$CH_4$ production rate (mol/min),Terrisporobacter.1,-0.7220735680450485,0.002367073842683312,0.024414635159431687,True
$CH_4$ production rate (mol/min),Methanobacterium.5,0.7218563553926666,0.0023777431078879177,0.024414635159431687,True
$CH_4$ production rate (mol/min),Thermovirga.2,-0.7191413237924865,0.002514383335719924,0.024414635159431687,True
$CH_4$ production rate (mol/min),Romboutsia.1,-0.718498946421063,0.0025476141035928714,0.024414635159431687,True
$CH_4$ production rate (mol/min),midas_g_114295.1,-0.7031415585615959,0.0034527409904842542,0.029216945642404454,True
$CH_4$ production rate (mol/min),Acinetobacter.1,-0.699463327370304,0.003703536964832616,0.029216945642404454,True
$CH_4$ production rate (mol/min),Taibaiella.1,-0.6979490433641035,0.0038109059533571027,0.029216945642404454,True
$CH_4$ production rate (mol/min),Methanobacterium.1,0.6827527301812093,0.005031565577979524,0.03522451638972695,True
$CH_4$ production rate (mol/min),Christensenellaceae_R-7_group.1,0.6808159273125298,0.005207102422829201,0.03522451638972695,True
$CH_4$ production rate (mol/min),Desulfovibrio.2,-0.6773907977452311,0.0055293639357559925,0.03532649181177439,True
$CH_4$ production rate (mol/min),Gordonia.1,-0.6708544461786654,0.0061879808728548666,0.03745356844096367,True
$CH_4$ production rate (mol/min),Ercella.1,0.6556288740948609,0.007962769969506294,0.0434508811332647,True
$CH_4$ production rate (mol/min),Proteiniclasticum.1,-0.6554601073029339,0.007984460097093677,0.0434508811332647,True
$CH_4$ production rate (mol/min),Comamonadaceae.3,-0.6529516994633273,0.00831234247766803,0.0434508811332647,True
$CH_4$ production rate (mol/min),Syntrophobacter.1,-0.6442284075362965,0.009535521959089303,0.04767760979544651,True
$CH_4$ production rate (mol/min),midas_g_76603.1,0.6405569459547492,0.010090518310122832,0.04835040023600524,True
$CH_4$ production rate (mol/min),Sphingopyxis.1,-0.6350626118067978,0.01096779491260459,0.04877141067388379,True
$CH_4$ production rate (mol/min),Dysgonomonas.1,-0.6344953382574064,0.011061646723750764,0.04877141067388379,True
$CH_4$ production rate (mol/min),Christensenellaceae_R-7_group.4,-0.6311369908671793,0.011630142353848533,0.04877141067388379,True
$CH_4$ production rate (mol/min),Aquamicrobium.2,-0.6276130932576435,0.012250822590446582,0.04877141067388379,True
$CH_4$ production rate (mol/min),Rhodococcus.1,-0.6273460950094357,0.012298877474283737,0.04877141067388379,True
$CH_4$ production rate (mol/min),Lachnoclostridium.1,-0.6189624329159212,0.013883728241837175,0.05322095826037584,False
$CH_4$ production rate (mol/min),Aminiphilus.1,0.6146935808297616,0.01474913924271451,0.05471454880361834,False
$CH_4$ production rate (mol/min),Methanobacterium.2,-0.6076856760775161,0.016259529477155404,0.05843268405852723,False
$CH_4$ production rate (mol/min),Sphaerochaeta.1,0.5987491220175526,0.01835527977050945,0.06208403451789961,False
$CH_4$ production rate (mol/min),Christensenellaceae_R-7_group.2,0.5987491220175526,0.01835527977050945,0.06208403451789961,False
$CH_4$ production rate (mol/min),Azoarcus.2,-0.5870046807923848,0.02141765483605432,0.07037229446132133,False
$CH_4$ production rate (mol/min),Hyphomonas.1,-0.5825259457535024,0.022682880465739078,0.07050084469081065,False
$CH_4$ production rate (mol/min),midas_g_97954.1,-0.5825259457535024,0.022682880465739078,0.07050084469081065,False
$CH_4$ production rate (mol/min),Clostridium_sensu_stricto_13.1,-0.5739931090298741,0.025250132742481123,0.07641487540487708,False
$CH_4$ production rate (mol/min),Methanobacterium.4,0.5697674418604651,0.026600329514086803,0.07779854612372333,False
$CH_4$ production rate (mol/min),midas_g_3409.1,0.5683648382136768,0.02706036386912116,0.07779854612372333,False
$CH_4$ production rate (mol/min),Ca_Caldatribacterium.1,0.5527684284007693,0.03259103253360904,0.08936765416258739,False
$CH_4$ production rate (mol/min),Lentimicrobium.1,0.5522790409057425,0.03277731267650454,0.08936765416258739,False
$CH_4$ production rate (mol/min),Methanosarcina.1,-0.5504917300937499,0.03346443330092277,0.08936765416258739,False
$CH_4$ production rate (mol/min),Thermovirga.1,0.5486268460843802,0.03419284159264213,0.08936765416258739,False
$CH_4$ production rate (mol/min),Petrimonas.2,0.5401440270996098,0.03765708358383178,0.09623476915868122,False
$CH_4$ production rate (mol/min),Thiobacillus.1,0.5344059327858157,0.04014462429532522,0.10036156073831304,False
$CH_4$ production rate (mol/min),Monoglobus.2,-0.527356168921197,0.04336578114473468,0.10610776237541464,False
$CH_4$ production rate (mol/min),Oscillibacter.2,-0.5237687119897602,0.04507663610599662,0.10799610733728357,False
$CH_4$ production rate (mol/min),Paraclostridium.1,-0.5157969674473736,0.04905649383912539,0.11513258758162082,False
$CH_4$ production rate (mol/min),Geobacteraceae.1,0.5111708922299105,0.05148146272291395,0.11840736426270208,False
$CH_4$ production rate (mol/min),Desulfovibrio.4,-0.4992576196412016,0.05813057229324892,0.12531474097314338,False
$CH_4$ production rate (mol/min),Proteiniphilum.2,0.4987096581478323,0.05845074676642055,0.12531474097314338,False
$CH_4$ production rate (mol/min),midas_g_30443.1,0.4987096581478323,0.05845074676642055,0.12531474097314338,False
$CH_4$ production rate (mol/min),Acinetobacter.2,-0.49804055805024766,0.05884344358738906,0.12531474097314338,False
$CH_4$ production rate (mol/min),midas_g_2178.1,0.49151047329799097,0.06277749900763559,0.13126204337960168,False
$CH_4$ production rate (mol/min),LNR_A2-18.2,0.48793585167400566,0.06501013115196268,0.13350294790135192,False
$CH_4$ production rate (mol/min),Desulfuromonadaceae.1,-0.4809544943196853,0.06953540517805747,0.13810776998775,False
$CH_4$ production rate (mol/min),Stenotrophomonas.2,-0.48077546936016347,0.06965435355903914,0.13810776998775,False
$CH_4$ production rate (mol/min),LNR_A2-18.1,0.45755156787012974,0.08636083975811196,0.16833045037598093,False
$CH_4$ production rate (mol/min),Aminivibrio.1,-0.43610383812621745,0.10414841004980793,0.19961778592879853,False
$CH_4$ production rate (mol/min),Bosea.1,-0.4307419056902393,0.10896656304601621,0.20542876639822727,False
$CH_4$ production rate (mol/min),Anaerovorax.1,0.42001804081828314,0.11906280640177314,0.22084230219683726,False
$CH_4$ production rate (mol/min),Pannonibacter.1,-0.40929417594632705,0.12978501570532924,0.23690915565258516,False
$CH_4$ production rate (mol/min),Burkholderiales.1,-0.3967830002623781,0.14310431142243465,0.2571405595871873,False
$CH_4$ production rate (mol/min),Proteiniphilum.1,0.3878464462024147,0.15316294231382446,0.2709805902475356,False
$CH_4$ production rate (mol/min),Hydrogenophaga.1,0.367911123633791,0.1772736832119625,0.30757936963193,False
$CH_4$ production rate (mol/min),Enterobacteriaceae.1,-0.36639871645850236,0.1791984153507766,0.30757936963193,False
$CH_4$ production rate (mol/min),Syner-01.2,-0.3577817531305903,0.19042471546507136,0.32204179821298834,False
$CH_4$ production rate (mol/min),Leucobacter.1,-0.35349495714384177,0.19617522854684585,0.3269587142447431,False
$CH_4$ production rate (mol/min),Comamonadaceae.1,-0.34888014047094573,0.20248938438196187,0.33266113148465165,False
$CH_4$ production rate (mol/min),Acetoanaerobium.1,-0.3378017434666193,0.21817294569292994,0.3533787148547457,False
$CH_4$ production rate (mol/min),Intestinimonas.1,-0.33452593917710194,0.22295318684506027,0.35610578454419345,False
$CH_4$ production rate (mol/min),Comamonadaceae.2,-0.33004603769217766,0.2295962872314292,0.3616927812549912,False
$CH_4$ production rate (mol/min),Ochrobactrum.1,-0.31456670291071426,0.253492710934586,0.39223944450024056,False
$CH_4$ production rate (mol/min),Methanobacteriaceae.1,-0.3127793920987215,0.25634615301096636,0.39223944450024056,False
$CH_4$ production rate (mol/min),midas_g_36215.1,0.31099208128672884,0.25921911114798507,0.39223944450024056,False
$CH_4$ production rate (mol/min),midas_g_36215.2,0.3085212961035574,0.26322283027685384,0.39312500625763885,False
$CH_4$ production rate (mol/min),Rhizobiaceae.1,-0.2995153629683277,0.27813166062203737,0.41006590989146535,False
$CH_4$ production rate (mol/min),Bacteria (unclassified).1,-0.2958082951789215,0.2844121164361123,0.41033794240736177,False
$CH_4$ production rate (mol/min),Syntrophomonas.1,-0.29442530373077164,0.2867765715219701,0.41033794240736177,False
$CH_4$ production rate (mol/min),Petrimonas.1,-0.29311897316680185,0.28902063769562003,0.41033794240736177,False
$CH_4$ production rate (mol/min),Bacteroides.1,0.2841824191068384,0.3046497643408738,0.42492862140613885,False
$CH_4$ production rate (mol/min),Thauera.1,-0.2830371714781608,0.3066876137105176,0.42492862140613885,False
$CH_4$ production rate (mol/min),Veillonellales-Selenomonadales.1,0.27623418372062697,0.31895571549098195,0.4366655628745586,False
$CH_4$ production rate (mol/min),Ruminiclostridium.1,-0.2627346893629261,0.34412012533422304,0.46557428721689004,False
$CH_4$ production rate (mol/min),Acetobacterium.1,-0.25379813530296264,0.36137235102793996,0.4832304693978267,False
$CH_4$ production rate (mol/min),Achromobacter.1,-0.24664889205499183,0.37551012322936567,0.4963639559928397,False
$CH_4$ production rate (mol/min),Stappia.1,-0.23622101269683657,0.3966594378919638,0.5180929290057569,False
$CH_4$ production rate (mol/min),Sulfurospirillum.1,-0.23413771637104297,0.40095887549141185,0.5180929290057569,False
$CH_4$ production rate (mol/min),Pseudarcobacter.1,-0.21641830801987705,0.4385059435656167,0.5603131501116213,False
$CH_4$ production rate (mol/min),midas_g_15299.1,-0.20375343256716716,0.4663881988754897,0.5893916798975969,False
$CH_4$ production rate (mol/min),Aquamicrobium.1,-0.18839910175139682,0.501312138418823,0.6240263365675183,False
$CH_4$ production rate (mol/min),Oscillibacter.1,-0.18485730476697831,0.5095366626163839,0.6240263365675183,False
$CH_4$ production rate (mol/min),Syner-01.1,-0.18409301363524752,0.5113195510598073,0.6240263365675183,False
$CH_4$ production rate (mol/min),Methanobacterium.3,-0.18230570282325484,0.5155000171644716,0.6240263365675183,False
$CH_4$ production rate (mol/min),Desulfosporosinus.1,-0.17536303357005206,0.5318850439603922,0.6371539589108864,False
$CH_4$ production rate (mol/min),Desulfobulbus.1,-0.17158183795129867,0.540905145360441,0.6412792960458836,False
$CH_4$ production rate (mol/min),Monoglobus.1,-0.16579120954122922,0.55484744624477,0.6510964930423322,False
$CH_4$ production rate (mol/min),Ercella.2,-0.15149281561391395,0.5899176936850867,0.6796163870364574,False
$CH_4$ production rate (mol/min),Achromobacter.2,-0.15106898403748206,0.5909707713360499,0.6796163870364574,False
$CH_4$ production rate (mol/min),Anaerovorax.2,-0.14669051878354203,0.6018939022755301,0.6853247402147125,False
$CH_4$ production rate (mol/min),Propionicicella.1,-0.1359570661896243,0.6290020027448027,0.7091689246632579,False
$CH_4$ production rate (mol/min),Xanthobacter.1,0.1292276851404967,0.6462273625439066,0.7215159873063034,False
$CH_4$ production rate (mol/min),Devosia.2,-0.12449485804292737,0.658443397086628,0.7263424618924105,False
$CH_4$ production rate (mol/min),Christensenellaceae_R-7_group.3,-0.12153713521550322,0.6661187954929533,0.7263424618924105,False
$CH_4$ production rate (mol/min),Pseudomonas.2,-0.12023862357992132,0.6694982692225696,0.7263424618924105,False
$CH_4$ production rate (mol/min),Desulfosporosinus.2,-0.09789339264913947,0.7285291611982742,0.7829986311944068,False
$CH_4$ production rate (mol/min),Methanobacterium.6,-0.08029781010839226,0.7760492805107594,0.8158426140077429,False
$CH_4$ production rate (mol/min),Stenotrophomonas.1,-0.08025512255737108,0.7761655394935282,0.8158426140077429,False
$CH_4$ production rate (mol/min),Desulfovibrio.1,-0.07871198568872988,0.7803711960074063,0.8158426140077429,False
$CH_4$ production rate (mol/min),Desulfovibrio.3,-0.055331048019078836,0.844724609942494,0.8751651364269082,False
$CH_4$ production rate (mol/min),Erysipelothrix.1,-0.04110814867583197,0.884348435803311,0.905392569758555,False
$CH_4$ production rate (mol/min),Sporomusaceae.1,-0.03753352705184659,0.8943507316442487,0.905392569758555,False
$CH_4$ production rate (mol/min),midas_g_98124.1,-0.03640216482830893,0.8975195908910893,0.905392569758555,False
$CH_4$ production rate (mol/min),Mesotoga.1,0.0321715946158685,0.909381478053083,0.909381478053083,False
$CO_2$ conversion efficiency (%),midas_g_15299.1,0.8214285714285712,0.00017314771750717045,0.0199119875133246,True
$CO_2$ conversion efficiency (%),Mesotoga.1,0.7928571428571427,0.0004220771851923509,0.024269438148560175,True
$CO_2$ conversion efficiency (%),Desulfobulbus.1,0.7571428571428571,0.0010811081941858348,0.028499700909860586,True
$CO_2$ conversion efficiency (%),Acetobacterium.1,0.7535714285714286,0.0011775830234888275,0.028499700909860586,True
$CO_2$ conversion efficiency (%),Sulfurospirillum.1,0.7499999999999999,0.0012808984509355365,0.028499700909860586,True
$CO_2$ conversion efficiency (%),Propionicicella.1,-0.7435212977889608,0.0014869409170362043,0.028499700909860586,True
$CO_2$ conversion efficiency (%),Petrimonas.1,0.7357142857142855,0.0017698686421442713,0.029076413406655885,True
$CO_2$ conversion efficiency (%),Pannonibacter.1,-0.7285714285714285,0.0020652097446907935,0.029687390079930157,True
$CO_2$ conversion efficiency (%),Desulfosporosinus.2,-0.7186611019007302,0.0025391926789453474,0.03244523978652388,True
$CO_2$ conversion efficiency (%),Thauera.1,0.703087108822966,0.0034563521410543837,0.039748049622125414,True
$CO_2$ conversion efficiency (%),Desulfuromonadaceae.1,0.6952727228447892,0.004006713447576035,0.04022255585032521,True
$CO_2$ conversion efficiency (%),Methanobacteriaceae.1,0.6857142857142856,0.004772245222691261,0.04022255585032521,True
$CO_2$ conversion efficiency (%),Pseudomonas.2,0.6846416414557253,0.004864914706119077,0.04022255585032521,True
$CO_2$ conversion efficiency (%),Christensenellaceae_R-7_group.3,0.682142857142857,0.0050863264689772515,0.04022255585032521,True
$CO_2$ conversion efficiency (%),Desulfovibrio.3,-0.6803892089000996,0.005246420328303288,0.04022255585032521,True
$CO_2$ conversion efficiency (%),Monoglobus.1,-0.670101694654728,0.006267635149572204,0.043597077230106314,True
$CO_2$ conversion efficiency (%),Intestinimonas.1,0.6684542436852677,0.00644478532966789,0.043597077230106314,True
$CO_2$ conversion efficiency (%),Desulfovibrio.1,0.6470065139413553,0.009131655394806046,0.05834113168903862,False
$CO_2$ conversion efficiency (%),Rhizobiaceae.1,-0.6372332198423024,0.010614393373925992,0.062449290470541374,False
$CO_2$ conversion efficiency (%),Methanobacterium.2,-0.6357142857142856,0.010860746168789804,0.062449290470541374,False
$CO_2$ conversion efficiency (%),Acinetobacter.2,0.608396337839162,0.016101153476788293,0.08817298332526922,False
$CO_2$ conversion efficiency (%),Syner-01.1,0.5714285714285713,0.026063193376362863,0.13623941992189678,False
$CO_2$ conversion efficiency (%),Pseudarcobacter.1,0.5639868516474199,0.028535082383484244,0.13751914568756354,False
$CO_2$ conversion efficiency (%),Aquamicrobium.2,0.5621849767220288,0.0291593627487384,0.13751914568756354,False
$CO_2$ conversion efficiency (%),Hydrogenophaga.1,0.5549774770204643,0.03176006340336771,0.13751914568756354,False
$CO_2$ conversion efficiency (%),Lentimicrobium.1,-0.5535714285714285,0.032287103770123615,0.13751914568756354,False
$CO_2$ conversion efficiency (%),Aminivibrio.1,0.5535714285714285,0.032287103770123615,0.13751914568756354,False
$CO_2$ conversion efficiency (%),Gordonia.1,-0.5448063668768169,0.03572213479985631,0.14574968234363914,False
$CO_2$ conversion efficiency (%),Methanobacterium.4,-0.5415551760337864,0.0370633711230766,0.14574968234363914,False
$CO_2$ conversion efficiency (%),midas_g_36215.1,-0.5392857142857141,0.03802165626355804,0.14574968234363914,False
$CO_2$ conversion efficiency (%),Syner-01.2,0.5344059327858156,0.04014462429532522,0.1459535391770179,False
$CO_2$ conversion efficiency (%),Ercella.2,0.533354977915771,0.04061315872751802,0.1459535391770179,False
$CO_2$ conversion efficiency (%),Methanosarcina.1,0.5178571428571428,0.04800407736655832,0.15772768277583446,False
$CO_2$ conversion efficiency (%),Proteiniphilum.1,-0.5178571428571428,0.04800407736655832,0.15772768277583446,False
$CO_2$ conversion efficiency (%),Christensenellaceae_R-7_group.2,-0.5178571428571428,0.04800407736655832,0.15772768277583446,False
$CO_2$ conversion efficiency (%),EBM-39.1,0.5142857142857142,0.04983923347142061,0.15920866247814916,False
$CO_2$ conversion efficiency (%),midas_g_76603.1,-0.5082231953842038,0.05307185662012689,0.16495306787336736,False
$CO_2$ conversion efficiency (%),Desulfosporosinus.1,-0.5053321127908724,0.05466640924643418,0.16543781745631397,False
$CO_2$ conversion efficiency (%),Clostridium_sensu_stricto_13.1,0.4982110854991945,0.05874317851166736,0.16688984900218942,False
$CO_2$ conversion efficiency (%),Aminiphilus.1,-0.4979550016552392,0.05889379515800294,0.16688984900218942,False
$CO_2$ conversion efficiency (%),Aquamicrobium.1,-0.4969293465978882,0.05949985920947622,0.16688984900218942,False
$CO_2$ conversion efficiency (%),Thermovirga.2,0.4932977841099836,0.06168229597887648,0.16889200089454273,False
$CO_2$ conversion efficiency (%),Bacteroides.1,-0.4892857142857142,0.06416038631454045,0.17159173084121282,False
$CO_2$ conversion efficiency (%),midas_g_36215.2,-0.4838740758445414,0.06761617160331293,0.17672408487229516,False
$CO_2$ conversion efficiency (%),Fermentimonas.2,0.4789992976140421,0.07084243920335835,0.17884065960877613,False
$CO_2$ conversion efficiency (%),midas_g_114295.1,0.47670557101721495,0.07239821072103589,0.17884065960877613,False
$CO_2$ conversion efficiency (%),midas_g_97954.1,0.47569498030325513,0.07309140001402155,0.17884065960877613,False
$CO_2$ conversion efficiency (%),Christensenellaceae_R-7_group.4,0.4705770327631517,0.07667526922241326,0.1823179621551419,False
$CO_2$ conversion efficiency (%),midas_g_30443.1,-0.46916846400738366,0.07768330561393003,0.1823179621551419,False
$CO_2$ conversion efficiency (%),Proteiniphilum.2,0.46553149917011705,0.080329845362175,0.1847586443330025,False
$CO_2$ conversion efficiency (%),LNR_A2-18.1,0.44999999999999996,0.0923573749481225,0.20825682586341349,False
$CO_2$ conversion efficiency (%),LNR_A2-18.2,0.4392857142857142,0.10136057119347246,0.22416280167787178,False
$CO_2$ conversion efficiency (%),Azoarcus.2,0.42971672365063235,0.10990509945891445,0.2384733290146257,False
$CO_2$ conversion efficiency (%),Ruminiclostridium.1,0.42499999999999993,0.11429547548052225,0.24340703111592701,False
$CO_2$ conversion efficiency (%),Stenotrophomonas.2,-0.41255524567298,0.12645734118590624,0.26441080429780395,False
$CO_2$ conversion efficiency (%),Hyphomonas.1,0.40001623343682813,0.13957757051750214,0.2822318790965071,False
$CO_2$ conversion efficiency (%),Proteiniclasticum.1,0.3997286602288085,0.139888844421747,0.2822318790965071,False
$CO_2$ conversion efficiency (%),Syntrophomonas.1,0.3928311679724665,0.14749581189338754,0.29244859254723393,False
$CO_2$ conversion efficiency (%),Anaerovorax.1,-0.3857142857142856,0.15563079458596027,0.3025835593529767,False
$CO_2$ conversion efficiency (%),Petrimonas.2,-0.3837993591083081,0.1578696831406835,0.3025835593529767,False
$CO_2$ conversion efficiency (%),midas_g_2178.1,-0.3714285714285714,0.17284974708034007,0.3258642772826083,False
$CO_2$ conversion efficiency (%),Erysipelothrix.1,-0.3428571428571428,0.2109237934147519,0.391229616817685,False
$CO_2$ conversion efficiency (%),midas_g_98124.1,-0.3382377298657882,0.2175416502808195,0.3970998378141944,False
$CO_2$ conversion efficiency (%),Oscillibacter.1,-0.3297431113465746,0.23004990187289787,0.4039108360410358,False
$CO_2$ conversion efficiency (%),Burkholderiales.1,-0.3285714285714285,0.23180969720615968,0.4039108360410358,False
$CO_2$ conversion efficiency (%),Acetoanaerobium.1,0.3285714285714285,0.23180969720615968,0.4039108360410358,False
$CO_2$ conversion efficiency (%),Dysgonomonas.1,-0.3178571428571428,0.24829056581701822,0.42617037416353876,False
$CO_2$ conversion efficiency (%),Sphingopyxis.1,-0.3109920812867288,0.259219111147985,0.433550936507471,False
$CO_2$ conversion efficiency (%),Stappia.1,-0.31042757656067044,0.2601305619044826,0.433550936507471,False
$CO_2$ conversion efficiency (%),Geobacteraceae.1,0.3071428571428571,0.2654726857102781,0.4361336979525997,False
$CO_2$ conversion efficiency (%),Xanthobacter.1,-0.276409327632257,0.318636382027113,0.5130456240517822,False
$CO_2$ conversion efficiency (%),Thiobacillus.1,0.27499999999999997,0.3212111733193767,0.5130456240517822,False
$CO_2$ conversion efficiency (%),Devosia.1,0.26592157812837547,0.3380816676769077,0.5325944079841697,False
$CO_2$ conversion efficiency (%),Romboutsia.1,0.2571428571428571,0.3548603636506091,0.551472186754325,False
$CO_2$ conversion efficiency (%),Comamonadaceae.3,0.25022351367897727,0.36840413955756574,0.5648863473216008,False
$CO_2$ conversion efficiency (%),Sporomusaceae.1,0.23928571428571427,0.3903793119202355,0.5907055377740406,False
$CO_2$ conversion efficiency (%),Rhodococcus.1,-0.2321428571428571,0.40509874069364893,0.6049051518821875,False
$CO_2$ conversion efficiency (%),Methanobacterium.5,-0.22965954474723335,0.4102834943200924,0.6049051518821875,False
$CO_2$ conversion efficiency (%),Desulfovibrio.4,0.22587697572631282,0.41824702596231944,0.608840607413503,False
$CO_2$ conversion efficiency (%),Bacteria (unclassified).1,-0.22325270917034518,0.42381856656916667,0.6092391894431771,False
$CO_2$ conversion efficiency (%),Terrisporobacter.1,0.21071428571428572,0.450957865215285,0.6402488209846638,False
$CO_2$ conversion efficiency (%),Leucobacter.1,-0.2028705562299123,0.46836350205270816,0.654672681956921,False
$CO_2$ conversion efficiency (%),Syntrophobacter.1,-0.201026278446004,0.47250289219499514,0.654672681956921,False
$CO_2$ conversion efficiency (%),Desulfovibrio.2,-0.1964285714285714,0.48289875627163353,0.6611113925147364,False
$CO_2$ conversion efficiency (%),Stenotrophomonas.1,-0.1928006170168496,0.49117821235198644,0.664535228476217,False
$CO_2$ conversion efficiency (%),Ercella.1,-0.17693696431894504,0.5281502806594471,0.7042073222511932,False
$CO_2$ conversion efficiency (%),midas_g_3409.1,0.175,0.5327481481378592,0.7042073222511932,False
$CO_2$ conversion efficiency (%),Methanobacterium.1,0.1714285714285714,0.5412721760996332,0.7044616231965042,False
$CO_2$ conversion efficiency (%),Anaerovorax.2,0.16979452713930596,0.5451920388216424,0.7044616231965042,False
$CO_2$ conversion efficiency (%),Monoglobus.2,-0.1577071062011839,0.5745655357752147,0.7341670734905521,False
$CO_2$ conversion efficiency (%),midas_g_84729.1,-0.1509613557247096,0.5912383121274408,0.7403620771107091,False
$CO_2$ conversion efficiency (%),Veillonellales-Selenomonadales.1,0.15053860137385736,0.5922896616885673,0.7403620771107091,False
$CO_2$ conversion efficiency (%),midas_g_49937.1,-0.12969919294658147,0.645014860418358,0.797599020947432,False
$CO_2$ conversion efficiency (%),Comamonadaceae.2,-0.12186458206455118,0.6652675276963462,0.8138911243093597,False
$CO_2$ conversion efficiency (%),Paraclostridium.1,-0.11531999522503153,0.6823523499552211,0.8260054762615834,False
$CO_2$ conversion efficiency (%),Christensenellaceae_R-7_group.1,0.09730124597112036,0.7301145511889637,0.8639827515446631,False
$CO_2$ conversion efficiency (%),Lachnoclostridium.1,0.09472747303561281,0.7370171856967315,0.8639827515446631,False
$CO_2$ conversion efficiency (%),Achromobacter.2,-0.09456108576893003,0.7374640705370318,0.8639827515446631,False
$CO_2$ conversion efficiency (%),Comamonadaceae.1,0.09221388919541466,0.7437764556775796,0.8639827515446631,False
$CO_2$ conversion efficiency (%),Methanobacterium.3,0.08928571428571427,0.7516725173502768,0.8644233949528184,False
$CO_2$ conversion efficiency (%),Sphaerochaeta.1,-0.07857142857142857,0.7807545523090464,0.8826091391053961,False
$CO_2$ conversion efficiency (%),Acinetobacter.1,0.07506705410369317,0.7903273484871345,0.8826091391053961,False
$CO_2$ conversion efficiency (%),Achromobacter.1,0.075,0.7905107941552678,0.8826091391053961,False
$CO_2$ conversion efficiency (%),Oscillibacter.2,0.0716850482732654,0.7995923414409911,0.8841646083241729,False
$CO_2$ conversion efficiency (%),Taibaiella.1,-0.06306562238868914,0.8233150636043319,0.8902213770703092,False
$CO_2$ conversion efficiency (%),Methanobacterium.6,0.06270544465288198,0.8243095988967314,0.8902213770703092,False
$CO_2$ conversion efficiency (%),Ca_Caldatribacterium.1,0.06126374746329801,0.8282929334480268,0.8902213770703092,False
$CO_2$ conversion efficiency (%),midas_g_94288.1,0.028571428571428564,0.9194899083821858,0.9790864765180682,False
$CO_2$ conversion efficiency (%),Enterobacteriaceae.1,-0.021428571428571425,0.9395779040128779,0.9826476830781448,False
$CO_2$ conversion efficiency (%),Thermovirga.1,-0.0213056699643323,0.9399238707703994,0.9826476830781448,False
$CO_2$ conversion efficiency (%),Ochrobactrum.1,0.014285714285714282,0.9596997645989475,0.9899214068809781,False
$CO_2$ conversion efficiency (%),midas_g_9269.1,-0.010714285714285713,0.9697698761545686,0.9899214068809781,False
$CO_2$ conversion efficiency (%),Devosia.2,0.0063786488334384335,0.9820003359954135,0.9899214068809781,False
$CO_2$ conversion efficiency (%),Bosea.1,0.0035714285714285704,0.9899214068809781,0.9899214068809781,False
$CO_2$ conversion efficiency (%),JGI-0000079-D21.1,-0.0035714285714285704,0.9899214068809781,0.9899214068809781,False
$CO_2$ delivery rate (mol/min),Christensenellaceae_R-7_group.2,0.9043453178618135,3.689555842322744e-06,0.00042429892186711556,True
$CO_2$ delivery rate (mol/min),Aminiphilus.1,0.8924925468318616,7.655120027749538e-06,0.00044016940159559843,True
$CO_2$ delivery rate (mol/min),Ercella.1,0.8800838283224205,1.5095866230215042e-05,0.0005786748721582432,True
$CO_2$ delivery rate (mol/min),Fermentimonas.2,-0.8694962760678924,2.547840250568288e-05,0.0007325040720383828,True
$CO_2$ delivery rate (mol/min),Clostridium_sensu_stricto_13.1,-0.8580874817109723,4.2685239790088355e-05,0.0009817605151720321,True
$CO_2$ delivery rate (mol/min),midas_g_76603.1,0.8454196950405747,7.206401413633493e-05,0.001186313327727033,True
$CO_2$ delivery rate (mol/min),Petrimonas.2,0.8424768274307959,8.08554874806276e-05,0.001186313327727033,True
$CO_2$ delivery rate (mol/min),midas_g_30443.1,0.8409393287601612,8.57889749998807e-05,0.001186313327727033,True
$CO_2$ delivery rate (mol/min),Methanobacterium.5,0.838863271805988,9.284191260472434e-05,0.001186313327727033,True
$CO_2$ delivery rate (mol/min),EBM-39.1,-0.834920828813836,0.0001075519440146746,0.0012096147233586034,True
$CO_2$ delivery rate (mol/min),Comamonadaceae.3,-0.8329244032574656,0.00011570227788647511,0.0012096147233586034,True
$CO_2$ delivery rate (mol/min),midas_g_49937.1,0.8266242806788247,0.00014482421041549413,0.0013815809575792,True
$CO_2$ delivery rate (mol/min),midas_g_84729.1,0.8244489536244066,0.00015617871694373567,0.0013815809575792,True
$CO_2$ delivery rate (mol/min),Thermovirga.2,-0.8182956541332951,0.0001923194142999878,0.0015797666174641855,True
$CO_2$ delivery rate (mol/min),Aquamicrobium.2,-0.7991547148605034,0.00035101407975874786,0.002691107944817067,True
$CO_2$ delivery rate (mol/min),midas_g_97954.1,-0.791780738252794,0.00043532119361054244,0.003128871079075774,True
$CO_2$ delivery rate (mol/min),Intestinimonas.1,-0.7817237813228685,0.0005762410246816958,0.0038981010493173538,True
$CO_2$ delivery rate (mol/min),Methanobacterium.4,0.7734951099405225,0.0007173558476506057,0.0045831068044344244,True
$CO_2$ delivery rate (mol/min),midas_g_114295.1,-0.7700785092277957,0.0007836339246799689,0.004743047438852444,True
$CO_2$ delivery rate (mol/min),Aminivibrio.1,-0.7654963397658585,0.0008802384336869047,0.005061370993699702,True
$CO_2$ delivery rate (mol/min),Methanosarcina.1,-0.7600154590515443,0.0010082398974900863,0.005270344918698178,True
$CO_2$ delivery rate (mol/min),midas_g_2178.1,0.7600154590515443,0.0010082398974900863,0.005270344918698178,True
$CO_2$ delivery rate (mol/min),Taibaiella.1,-0.7484586256825015,0.0013276899433433186,0.006638449716716593,True
$CO_2$ delivery rate (mol/min),Acinetobacter.1,-0.7378375339503566,0.0016889646980619176,0.008092955844880022,True
$CO_2$ delivery rate (mol/min),Christensenellaceae_R-7_group.4,-0.7086889470955159,0.0031002740783499217,0.01426126076040964,True
$CO_2$ delivery rate (mol/min),Petrimonas.1,-0.6978988109559855,0.0038145095996587218,0.0163603256397109,True
$CO_2$ delivery rate (mol/min),Thermovirga.1,0.6975290447286094,0.00384111993280169,0.0163603256397109,True
$CO_2$ delivery rate (mol/min),Terrisporobacter.1,-0.6887640097654621,0.004516390718144821,0.018549461878094798,True
$CO_2$ delivery rate (mol/min),Romboutsia.1,-0.6851100892892528,0.004824270132567913,0.01913072638776931,True
$CO_2$ delivery rate (mol/min),Syntrophomonas.1,-0.6792755113308038,0.005350143799100263,0.020508884563217675,True
$CO_2$ delivery rate (mol/min),Lentimicrobium.1,0.6631865664319967,0.007037837672119651,0.02587194976962446,True
$CO_2$ delivery rate (mol/min),Christensenellaceae_R-7_group.1,0.6618144005419163,0.007199151240243328,0.02587194976962446,True
$CO_2$ delivery rate (mol/min),Acinetobacter.2,-0.6471819836537597,0.00910660325371732,0.03173513255083308,True
$CO_2$ delivery rate (mol/min),Desulfovibrio.2,-0.6266473616699032,0.01242532973639935,0.041857177973016864,True
$CO_2$ delivery rate (mol/min),Desulfuromonadaceae.1,-0.6243188646179545,0.01285402485661817,0.041857177973016864,True
$CO_2$ delivery rate (mol/min),Sulfurospirillum.1,-0.6229934411936938,0.013103116582857453,0.041857177973016864,True
$CO_2$ delivery rate (mol/min),Azoarcus.2,-0.6085176455671784,0.016074238396342505,0.049960470691334816,True
$CO_2$ delivery rate (mol/min),Dysgonomonas.1,-0.6010699183364379,0.01779215199693636,0.053844670517044245,False
$CO_2$ delivery rate (mol/min),midas_g_9269.1,0.5974159978602284,0.018684881329768206,0.05509644494675241,False
$CO_2$ delivery rate (mol/min),Methanobacterium.1,0.5919351171459144,0.02008791461427528,0.05634415074735749,False
$CO_2$ delivery rate (mol/min),midas_g_15299.1,-0.5919351171459144,0.02008791461427528,0.05634415074735749,False
$CO_2$ delivery rate (mol/min),midas_g_36215.1,0.5700115942886583,0.026520860221721673,0.07261664108328553,False
$CO_2$ delivery rate (mol/min),Desulfovibrio.4,-0.5623292732388333,0.029108993234038736,0.0777954215865819,False
$CO_2$ delivery rate (mol/min),Lachnoclostridium.1,-0.5604639508197875,0.029765204780953076,0.0777954215865819,False
$CO_2$ delivery rate (mol/min),Acetobacterium.1,-0.5462611111932976,0.035133904743108714,0.08978664545461115,False
$CO_2$ delivery rate (mol/min),Hyphomonas.1,-0.5429090277426026,0.036500364484363286,0.09125091121090821,False
$CO_2$ delivery rate (mol/min),midas_g_3409.1,0.5407802304789835,0.03738854158492665,0.09148260175035244,False
$CO_2$ delivery rate (mol/min),midas_g_36215.2,0.5225532741188614,0.045667447067865664,0.10929578067400096,False
$CO_2$ delivery rate (mol/min),Oscillibacter.2,-0.5207197538587952,0.04656950654805258,0.10929578067400096,False
$CO_2$ delivery rate (mol/min),Anaerovorax.1,0.5078949461930994,0.05325116229413121,0.12247767327650179,False
$CO_2$ delivery rate (mol/min),Ca_Caldatribacterium.1,0.49405643271652805,0.06122164432300418,0.13638540099582655,False
$CO_2$ delivery rate (mol/min),Proteiniphilum.1,0.4914523040501573,0.06281337858747602,0.13638540099582655,False
$CO_2$ delivery rate (mol/min),Monoglobus.2,-0.4913834296977363,0.06285588045894615,0.13638540099582655,False
$CO_2$ delivery rate (mol/min),Comamonadaceae.2,-0.48771638917760396,0.06514905002934607,0.13874334728471846,False
$CO_2$ delivery rate (mol/min),Syner-01.2,-0.4717771592545031,0.07582381880172367,0.15351419260740296,False
$CO_2$ delivery rate (mol/min),Thauera.1,-0.470633943531377,0.07663473905074801,0.15351419260740296,False
$CO_2$ delivery rate (mol/min),Devosia.1,-0.46992831934094653,0.07713834842435618,0.15351419260740296,False
$CO_2$ delivery rate (mol/min),Enterobacteriaceae.1,-0.4695287811929013,0.077424549315038,0.15351419260740296,False
$CO_2$ delivery rate (mol/min),Geobacteraceae.1,0.4658748607166918,0.08007727801179491,0.1560828300229901,False
$CO_2$ delivery rate (mol/min),Xanthobacter.1,0.46326082491433657,0.08201440855915047,0.15719428307170508,False
$CO_2$ delivery rate (mol/min),Thiobacillus.1,0.4476052583356452,0.09431878583133022,0.1778141044361143,False
$CO_2$ delivery rate (mol/min),Acetoanaerobium.1,-0.4366434969070171,0.1036718580113866,0.1921984811089879,False
$CO_2$ delivery rate (mol/min),Syner-01.1,-0.43481653666891246,0.1052913418249238,0.1921984811089879,False
$CO_2$ delivery rate (mol/min),Proteiniclasticum.1,-0.41113681328499435,0.12789749267687062,0.22981580715375188,False
$CO_2$ delivery rate (mol/min),Methanobacteriaceae.1,-0.39827733190681897,0.14146694382185657,0.25028766983866935,False
$CO_2$ delivery rate (mol/min),Rhodococcus.1,-0.3927964511925049,0.1475347872197166,0.2570681898525365,False
$CO_2$ delivery rate (mol/min),Comamonadaceae.1,-0.38963998080503054,0.15110738612126948,0.2593634239394924,False
$CO_2$ delivery rate (mol/min),Burkholderiales.1,-0.3781807692876675,0.1645621197637071,0.27830358489450463,False
$CO_2$ delivery rate (mol/min),Bosea.1,-0.36904596809714413,0.17583836522237786,0.29306394203729647,False
$CO_2$ delivery rate (mol/min),Ochrobactrum.1,-0.3562572464304114,0.1924571146025122,0.31617954541841287,False
$CO_2$ delivery rate (mol/min),Mesotoga.1,-0.34894940547799275,0.20239366389024838,0.32326765760248,False
$CO_2$ delivery rate (mol/min),Ruminiclostridium.1,-0.34894940547799275,0.20239366389024838,0.32326765760248,False
$CO_2$ delivery rate (mol/min),Pseudomonas.2,-0.3382633569619927,0.21750457895498515,0.34264419972360677,False
$CO_2$ delivery rate (mol/min),LNR_A2-18.2,0.325198922382632,0.23692174358807902,0.36625257328501776,False
$CO_2$ delivery rate (mol/min),Sphingopyxis.1,-0.32366107437227537,0.23927586065992784,0.36625257328501776,False
$CO_2$ delivery rate (mol/min),Proteiniphilum.2,0.32186394662722984,0.24204517886662041,0.36625257328501776,False
$CO_2$ delivery rate (mol/min),Achromobacter.1,-0.3105832404777946,0.2598790321873061,0.38692675038752194,False
$CO_2$ delivery rate (mol/min),Pseudarcobacter.1,-0.3069417762959027,0.2658018546140368,0.38692675038752194,False
$CO_2$ delivery rate (mol/min),Paraclostridium.1,-0.3069417762959027,0.2658018546140368,0.38692675038752194,False
$CO_2$ delivery rate (mol/min),Devosia.2,-0.30345812409130535,0.27154375403040903,0.3898122914670736,False
$CO_2$ delivery rate (mol/min),Gordonia.1,-0.3006973226508536,0.27614679609377035,0.3898122914670736,False
$CO_2$ delivery rate (mol/min),Desulfobulbus.1,-0.29962147904916653,0.277953112176522,0.3898122914670736,False
$CO_2$ delivery rate (mol/min),LNR_A2-18.1,0.28500579714432916,0.30318954277346544,0.41458867240362296,False
$CO_2$ delivery rate (mol/min),Leucobacter.1,-0.2839749012646832,0.3050184334002871,0.41458867240362296,False
$CO_2$ delivery rate (mol/min),Christensenellaceae_R-7_group.3,-0.2831788369062245,0.30643510568963434,0.41458867240362296,False
$CO_2$ delivery rate (mol/min),Erysipelothrix.1,-0.27769795619191046,0.31629253404853047,0.42294931878582565,False
$CO_2$ delivery rate (mol/min),Stenotrophomonas.1,-0.24887171051019139,0.3710826857722007,0.48627287994230595,False
$CO_2$ delivery rate (mol/min),Oscillibacter.1,0.24702821635826402,0.37475255906248767,0.48627287994230595,False
$CO_2$ delivery rate (mol/min),Syntrophobacter.1,-0.24623737285741637,0.37633292447708894,0.48627287994230595,False
$CO_2$ delivery rate (mol/min),Propionicicella.1,0.2441172510095975,0.3805874125585156,0.4863061382692143,False
$CO_2$ delivery rate (mol/min),midas_g_94288.1,0.22106218881066556,0.4284982725460362,0.5378363887096503,False
$CO_2$ delivery rate (mol/min),Aquamicrobium.1,0.21953951078502396,0.4317667295622086,0.5378363887096503,False
$CO_2$ delivery rate (mol/min),Sphaerochaeta.1,0.21740826833445623,0.4363627176372777,0.5378363887096503,False
$CO_2$ delivery rate (mol/min),Methanobacterium.6,0.21510391192142117,0.44135975700859414,0.5378363887096503,False
$CO_2$ delivery rate (mol/min),JGI-0000079-D21.1,-0.21375434785824682,0.44429962545579815,0.5378363887096503,False
$CO_2$ delivery rate (mol/min),Desulfovibrio.1,-0.20845967501943158,0.4559276843127101,0.546163371832934,False
$CO_2$ delivery rate (mol/min),Stenotrophomonas.2,-0.19122600231906478,0.4947924048323528,0.5866095521208307,False
$CO_2$ delivery rate (mol/min),Desulfovibrio.3,0.17946448198948167,0.5221774652494434,0.6127592704457755,False
$CO_2$ delivery rate (mol/min),Bacteroides.1,0.16808034190563,0.5493174081571277,0.638095979172421,False
$CO_2$ delivery rate (mol/min),Methanobacterium.2,-0.1552916202388973,0.5805131277435579,0.6675900969050916,False
$CO_2$ delivery rate (mol/min),Achromobacter.2,-0.15069930449020588,0.5918899195919045,0.6739340668620695,False
$CO_2$ delivery rate (mol/min),Desulfosporosinus.2,0.14248392206437635,0.6124628443977733,0.6853239036616531,False
$CO_2$ delivery rate (mol/min),Hydrogenophaga.1,0.14194904969840544,0.6138118441491328,0.6853239036616531,False
$CO_2$ delivery rate (mol/min),Methanobacterium.3,-0.10596369381007109,0.7070261256283384,0.7818077350697973,False
$CO_2$ delivery rate (mol/min),Sporomusaceae.1,-0.10230977333386175,0.7167374845032172,0.782877049670808,False
$CO_2$ delivery rate (mol/min),Pannonibacter.1,-0.10048281309575707,0.7216084110009187,0.782877049670808,False
$CO_2$ delivery rate (mol/min),Desulfosporosinus.1,-0.08585287712653215,0.7609585811823569,0.8178526807100098,False
$CO_2$ delivery rate (mol/min),Rhizobiaceae.1,0.08025547247587694,0.7761645864771595,0.8264715504154939,False
$CO_2$ delivery rate (mol/min),Veillonellales-Selenomonadales.1,-0.06967376988251485,0.8051140956657552,0.8494323027666225,False
$CO_2$ delivery rate (mol/min),Ercella.2,-0.06452229531745703,0.8192954064339165,0.8565361067263673,False
$CO_2$ delivery rate (mol/min),Stappia.1,-0.038068223452314295,0.8928536008280852,0.9250285053624306,False
$CO_2$ delivery rate (mol/min),Monoglobus.1,-0.023109422187897258,0.9348473515384095,0.9589673576538614,False
$CO_2$ delivery rate (mol/min),midas_g_98124.1,0.020465337646818082,0.9422896644772725,0.9589673576538614,False
$CO_2$ delivery rate (mol/min),Bacteria (unclassified).1,0.009788971744880819,0.9723796687875995,0.9809093150050345,False
$CO_2$ delivery rate (mol/min),Anaerovorax.2,0.0036571872810426597,0.9896794070109796,0.9896794070109796,False
$H_2$ conversion efficiency (%),Proteiniphilum.1,-0.8321428571428571,0.00011902824493849783,0.01368824816792725,True
$H_2$ conversion efficiency (%),Petrimonas.1,0.7321428571428571,0.001912963600978562,0.05317523126658036,False
$H_2$ conversion efficiency (%),Anaerovorax.1,-0.7285714285714285,0.0020652097446907935,0.05317523126658036,False
$H_2$ conversion efficiency (%),Acetobacterium.1,0.7249999999999999,0.0022270323137542148,0.05317523126658036,False
$H_2$ conversion efficiency (%),Clostridium_sensu_stricto_13.1,0.716850482732654,0.0026345013177622653,0.05317523126658036,False
$H_2$ conversion efficiency (%),Methanosarcina.1,0.7142857142857142,0.0027743838176388104,0.05317523126658036,False
$H_2$ conversion efficiency (%),Desulfosporosinus.2,-0.6995251554004149,0.0036992048271594093,0.05317523126658036,False
$H_2$ conversion efficiency (%),midas_g_76603.1,-0.6926893922273594,0.004203221197278649,0.05317523126658036,False
$H_2$ conversion efficiency (%),Methanobacteriaceae.1,0.6857142857142856,0.004772245222691261,0.05317523126658036,False
$H_2$ conversion efficiency (%),Desulfovibrio.3,-0.6825154251779123,0.005052817586680207,0.05317523126658036,False
$H_2$ conversion efficiency (%),midas_g_15299.1,0.682142857142857,0.0050863264689772515,0.05317523126658036,False
$H_2$ conversion efficiency (%),Aminiphilus.1,-0.6547186132874442,0.008080307658207445,0.07743628172448802,False
$H_2$ conversion efficiency (%),Petrimonas.2,-0.6414674734392379,0.00995058669920179,0.08618581175572415,False
$H_2$ conversion efficiency (%),midas_g_114295.1,0.637996929632062,0.010492185778957722,0.08618581175572415,False
$H_2$ conversion efficiency (%),EBM-39.1,0.6142857142857142,0.014833955405976961,0.0988368214829913,False
$H_2$ conversion efficiency (%),Mesotoga.1,0.6107142857142855,0.015592831421175636,0.0988368214829913,False
$H_2$ conversion efficiency (%),Sulfurospirillum.1,0.6107142857142855,0.015592831421175636,0.0988368214829913,False
$H_2$ conversion efficiency (%),Anaerovorax.2,0.6094729868895088,0.0158634823833615,0.0988368214829913,False
$H_2$ conversion efficiency (%),Xanthobacter.1,-0.607373127823512,0.016329561810233345,0.0988368214829913,False
$H_2$ conversion efficiency (%),Thermovirga.2,0.5987491220175526,0.01835527977050945,0.10554285868042934,False
$H_2$ conversion efficiency (%),Lachnoclostridium.1,0.5665775274016842,0.02765527435585702,0.15144555004397892,False
$H_2$ conversion efficiency (%),Aminivibrio.1,0.5607142857142856,0.029676496094474744,0.15512713867566344,False
$H_2$ conversion efficiency (%),midas_g_36215.2,-0.5519748717041435,0.032893493734475546,0.1560974279085701,False
$H_2$ conversion efficiency (%),Rhizobiaceae.1,-0.5500736608973067,0.03362670551261857,0.1560974279085701,False
$H_2$ conversion efficiency (%),Fermentimonas.2,0.5487044192817572,0.03416230727940575,0.1560974279085701,False
$H_2$ conversion efficiency (%),Aquamicrobium.1,-0.5458693580052559,0.035291592396720195,0.1560974279085701,False
$H_2$ conversion efficiency (%),Intestinimonas.1,0.5379805544098011,0.0385810675749306,0.15777455814991523,False
$H_2$ conversion efficiency (%),Lentimicrobium.1,-0.5357142857142856,0.03956697222954946,0.15777455814991523,False
$H_2$ conversion efficiency (%),Methanobacterium.4,-0.5344059327858156,0.04014462429532522,0.15777455814991523,False
$H_2$ conversion efficiency (%),Desulfobulbus.1,0.532142857142857,0.04115858038693441,0.15777455814991523,False
$H_2$ conversion efficiency (%),midas_g_36215.1,-0.5142857142857142,0.04983923347142061,0.1848874790068829,False
$H_2$ conversion efficiency (%),Christensenellaceae_R-7_group.2,-0.4928571428571427,0.061951006714168644,0.22263643037904357,False
$H_2$ conversion efficiency (%),Methanobacterium.5,-0.4834937784152281,0.0678639738601673,0.23649566648240122,False
$H_2$ conversion efficiency (%),Achromobacter.2,-0.47280542884465016,0.07509970047687663,0.25401369278943564,False
$H_2$ conversion efficiency (%),Desulfuromonadaceae.1,0.46564136484100566,0.08024896946163217,0.26367518537393425,False
$H_2$ conversion efficiency (%),Christensenellaceae_R-7_group.4,0.45928318397683604,0.08502569975912148,0.26940498815620345,False
$H_2$ conversion efficiency (%),Pannonibacter.1,-0.457142857142857,0.08667812662416981,0.26940498815620345,False
$H_2$ conversion efficiency (%),Leucobacter.1,-0.45000377927362356,0.09235430246046528,0.2723358492060023,False
$H_2$ conversion efficiency (%),Romboutsia.1,0.44999999999999996,0.0923573749481225,0.2723358492060023,False
$H_2$ conversion efficiency (%),Sporomusaceae.1,0.4464285714285714,0.09529321315352629,0.2739679878163881,False
$H_2$ conversion efficiency (%),Stenotrophomonas.2,-0.4357977947249788,0.10441934317982428,0.29288352355316566,False
$H_2$ conversion efficiency (%),Acinetobacter.1,0.4271672840662539,0.1122633529775472,0.30738775220042686,False
$H_2$ conversion efficiency (%),Acetoanaerobium.1,0.41785714285714276,0.12117253602187847,0.32406608470967496,False
$H_2$ conversion efficiency (%),Methanobacterium.3,0.4071428571428571,0.1320126637798537,0.3450330985155267,False
$H_2$ conversion efficiency (%),Ercella.1,-0.40281394004525783,0.13657370368555732,0.34902168719642424,False
$H_2$ conversion efficiency (%),Acinetobacter.2,0.39485325237243635,0.14523760268936303,0.3630940067234076,False
$H_2$ conversion efficiency (%),Aquamicrobium.2,0.38740310895909036,0.1536739123728791,0.3760106366570446,False
$H_2$ conversion efficiency (%),Christensenellaceae_R-7_group.1,-0.3693843597051792,0.17541185554373534,0.42025757057353264,False
$H_2$ conversion efficiency (%),Thauera.1,0.36413326848131566,0.18210693744587744,0.42739383278114096,False
$H_2$ conversion efficiency (%),Stappia.1,-0.3593305509503651,0.18837420346601846,0.4332606679718425,False
$H_2$ conversion efficiency (%),Monoglobus.2,0.3548409889526637,0.19435770443162073,0.4382575688163997,False
$H_2$ conversion efficiency (%),midas_g_84729.1,-0.34869946956130105,0.20273919816359123,0.4463170367748709,False
$H_2$ conversion efficiency (%),Pseudomonas.2,0.3465732532834882,0.2056939386875492,0.4463170367748709,False
$H_2$ conversion efficiency (%),midas_g_49937.1,-0.3401946044500498,0.21472237978478573,0.4572791421342659,False
$H_2$ conversion efficiency (%),midas_g_2178.1,-0.33571428571428563,0.22121153763932597,0.4625332150640452,False
$H_2$ conversion efficiency (%),Achromobacter.1,-0.3321428571428571,0.22647175907072442,0.4650759338059519,False
$H_2$ conversion efficiency (%),midas_g_30443.1,-0.3273268353539886,0.2336881716050228,0.46631063218983526,False
$H_2$ conversion efficiency (%),Ca_Caldatribacterium.1,-0.3261393614957923,0.23548924635369536,0.46631063218983526,False
$H_2$ conversion efficiency (%),Methanobacterium.1,-0.3214285714285714,0.2427190468016684,0.46631063218983526,False
$H_2$ conversion efficiency (%),Proteiniclasticum.1,0.3210586579497344,0.2432925037512184,0.46631063218983526,False
$H_2$ conversion efficiency (%),Taibaiella.1,0.29010186298797,0.2942431482067916,0.554720689242312,False
$H_2$ conversion efficiency (%),LNR_A2-18.1,0.27499999999999997,0.3212111733193767,0.5881889186052671,False
$H_2$ conversion efficiency (%),Gordonia.1,-0.27240318343840847,0.3259866231853008,0.5881889186052671,False
$H_2$ conversion efficiency (%),Propionicicella.1,-0.27167124342288956,0.327339919919453,0.5881889186052671,False
$H_2$ conversion efficiency (%),Devosia.1,0.26592157812837547,0.3380816676769077,0.5981444889668368,False
$H_2$ conversion efficiency (%),Sphingopyxis.1,0.2591600677389407,0.3509646773841344,0.611529362108719,False
$H_2$ conversion efficiency (%),midas_g_97954.1,0.25406436448014763,0.3608516206571689,0.619372184710066,False
$H_2$ conversion efficiency (%),Stenotrophomonas.1,-0.24865873970397426,0.37150564529607627,0.628281606015423,False
$H_2$ conversion efficiency (%),Enterobacteriaceae.1,0.24285714285714283,0.3831283418393415,0.6385472363989025,False
$H_2$ conversion efficiency (%),Hydrogenophaga.1,0.23784749015162757,0.39331984825798755,0.6461683221381224,False
$H_2$ conversion efficiency (%),Ercella.2,0.22883811552467198,0.4120060971523127,0.6535855691172917,False
$H_2$ conversion efficiency (%),Azoarcus.2,0.22684616742072009,0.41619898422692464,0.6535855691172917,False
$H_2$ conversion efficiency (%),Paraclostridium.1,-0.2234324907484986,0.42343566248762554,0.6535855691172917,False
$H_2$ conversion efficiency (%),Comamonadaceae.2,-0.2222236496471227,0.42601371011627165,0.6535855691172917,False
$H_2$ conversion efficiency (%),Desulfovibrio.4,0.22211235946420763,0.4262514581199729,0.6535855691172917,False
$H_2$ conversion efficiency (%),Rhodococcus.1,-0.2178571428571428,0.43539267351553756,0.6588178612406161,False
$H_2$ conversion efficiency (%),Comamonadaceae.3,0.21268998662713062,0.4466251209310879,0.6670375182737027,False
$H_2$ conversion efficiency (%),LNR_A2-18.2,0.2071428571428571,0.45884280496347013,0.6764990073179368,False
$H_2$ conversion efficiency (%),Thermovirga.1,-0.20337230420499014,0.46724041724515425,0.6801601010530726,False
$H_2$ conversion efficiency (%),Christensenellaceae_R-7_group.3,0.19999999999999998,0.47481396452216845,0.6825450740006171,False
$H_2$ conversion efficiency (%),Syntrophobacter.1,-0.18996061174255421,0.4977058626289662,0.6951286152716463,False
$H_2$ conversion efficiency (%),Syntrophomonas.1,0.18996061174255421,0.4977058626289662,0.6951286152716463,False
$H_2$ conversion efficiency (%),Monoglobus.1,-0.18823081310526069,0.5017015223264926,0.6951286152716463,False
$H_2$ conversion efficiency (%),Terrisporobacter.1,0.17857142857142855,0.5242843600465524,0.7177702548256373,False
$H_2$ conversion efficiency (%),Pseudarcobacter.1,0.17297999283754734,0.537562011675458,0.7272897805020904,False
$H_2$ conversion efficiency (%),Devosia.2,-0.1700973022250249,0.5444647863711282,0.728063377124183,False
$H_2$ conversion efficiency (%),Methanobacterium.2,-0.14285714285714282,0.6115222287644656,0.8045150090597074,False
$H_2$ conversion efficiency (%),Methanobacterium.6,-0.1401651115770303,0.6183194046629753,0.8045150090597074,False
$H_2$ conversion efficiency (%),Ochrobactrum.1,0.1357142857142857,0.6296204418728145,0.8045150090597074,False
$H_2$ conversion efficiency (%),midas_g_3409.1,-0.1357142857142857,0.6296204418728145,0.8045150090597074,False
$H_2$ conversion efficiency (%),midas_g_9269.1,-0.12857142857142856,0.6479163294665075,0.8098954118331343,False
$H_2$ conversion efficiency (%),Syner-01.1,0.12857142857142856,0.6479163294665075,0.8098954118331343,False
$H_2$ conversion efficiency (%),Erysipelothrix.1,0.125,0.6571356681869506,0.8109145034078169,False
$H_2$ conversion efficiency (%),Desulfovibrio.1,0.11796251359151783,0.6754362035093059,0.8109145034078169,False
$H_2$ conversion efficiency (%),midas_g_94288.1,0.11785714285714284,0.6757115292213043,0.8109145034078169,False
$H_2$ conversion efficiency (%),Proteiniphilum.2,-0.11638287479252926,0.6795676661910118,0.8109145034078169,False
$H_2$ conversion efficiency (%),Oscillibacter.2,0.11469607723722462,0.6839887550483326,0.8109145034078169,False
$H_2$ conversion efficiency (%),Bosea.1,-0.11071428571428568,0.6944626472070964,0.8149306574368989,False
$H_2$ conversion efficiency (%),Oscillibacter.1,0.10090499582190261,0.7204819243002213,0.8311763413007869,False
$H_2$ conversion efficiency (%),Bacteria (unclassified).1,-0.0956797325015765,0.7344611040250806,0.8311763413007869,False
$H_2$ conversion efficiency (%),midas_g_98124.1,0.09456108576893003,0.7374640705370318,0.8311763413007869,False
$H_2$ conversion efficiency (%),Hyphomonas.1,0.0900937462695559,0.7494912736954712,0.8311763413007869,False
$H_2$ conversion efficiency (%),Bacteroides.1,-0.08928571428571427,0.7516725173502768,0.8311763413007869,False
$H_2$ conversion efficiency (%),Geobacteraceae.1,-0.08928571428571427,0.7516725173502768,0.8311763413007869,False
$H_2$ conversion efficiency (%),Comamonadaceae.1,-0.07930394470805661,0.7787571996053405,0.8529245519487063,False
$H_2$ conversion efficiency (%),JGI-0000079-D21.1,0.075,0.7905107941552678,0.8576296351684509,False
$H_2$ conversion efficiency (%),Sphaerochaeta.1,-0.06785714285714285,0.8101088187105132,0.8706777023524208,False
$H_2$ conversion efficiency (%),Veillonellales-Selenomonadales.1,0.032258271722969425,0.9091382619615933,0.9508013042352538,False
$H_2$ conversion efficiency (%),Syner-01.2,0.0321715946158685,0.909381478053083,0.9508013042352538,False
$H_2$ conversion efficiency (%),Burkholderiales.1,0.03214285714285714,0.9094621170945906,0.9508013042352538,False
$H_2$ conversion efficiency (%),Desulfosporosinus.1,-0.02213133340689952,0.9375998283076876,0.9713872095079646,False
$H_2$ conversion efficiency (%),Desulfovibrio.2,0.010714285714285713,0.9697698761545686,0.9782766294541699,False
$H_2$ conversion efficiency (%),Thiobacillus.1,-0.010714285714285713,0.9697698761545686,0.9782766294541699,False
$H_2$ conversion efficiency (%),Ruminiclostridium.1,-0.010714285714285713,0.9697698761545686,0.9782766294541699,False
$H_2$ conversion efficiency (%),Dysgonomonas.1,-0.007142857142857141,0.9798442277615982,0.9798442277615982,False
$H_2$ delivery rate (mol/min),Thermovirga.2,-0.9344209294231202,3.415982465578975e-07,2.128134449750405e-05,True
$H_2$ delivery rate (mol/min),EBM-39.1,-0.9335862522316046,3.7011033908702695e-07,2.128134449750405e-05,True
$H_2$ delivery rate (mol/min),midas_g_76603.1,0.9235271584903172,9.031001362255685e-07,2.979190038582809e-05,True
$H_2$ delivery rate (mol/min),Fermentimonas.2,-0.9218421861424243,1.0362400134201075e-06,2.979190038582809e-05,True
$H_2$ delivery rate (mol/min),midas_g_114295.1,-0.9153168010998199,1.7172855390855948e-06,3.949756739896868e-05,True
$H_2$ delivery rate (mol/min),Aminiphilus.1,0.8909613361186397,8.36024173466251e-06,0.00014953155008079084,True
$H_2$ delivery rate (mol/min),Christensenellaceae_R-7_group.4,-0.8894626321525597,9.101920439700312e-06,0.00014953155008079084,True
$H_2$ delivery rate (mol/min),Methanobacterium.4,0.8724256946825477,2.2145180555321398e-05,0.00030397741230072316,True
$H_2$ delivery rate (mol/min),Methanobacterium.5,0.8709379904805077,2.3789536614839205e-05,0.00030397741230072316,True
$H_2$ delivery rate (mol/min),Petrimonas.2,0.8686651220067534,2.6496382393291634e-05,0.0003047083975228538,True
$H_2$ delivery rate (mol/min),Christensenellaceae_R-7_group.2,0.854590492427392,4.9563178028736426e-05,0.0005181604975731535,True
$H_2$ delivery rate (mol/min),Methanosarcina.1,-0.850999776072655,5.7553939754417936e-05,0.0005515585893131719,True
$H_2$ delivery rate (mol/min),Aquamicrobium.2,-0.8387736214580329,9.315691817053221e-05,0.0007970301038189179,True
$H_2$ delivery rate (mol/min),midas_g_97954.1,-0.8369620153641711,9.971361966517955e-05,0.0007970301038189179,True
$H_2$ delivery rate (mol/min),midas_g_84729.1,0.8358403392970661,0.00010396044832420667,0.0007970301038189179,True
$H_2$ delivery rate (mol/min),midas_g_49937.1,0.8315649411420939,0.00012153789953977314,0.0008735536529421194,True
$H_2$ delivery rate (mol/min),Desulfuromonadaceae.1,-0.814463348522205,0.0002181051622578289,0.0014754172740970779,True
$H_2$ delivery rate (mol/min),Clostridium_sensu_stricto_13.1,-0.8090103222319274,0.00025962183547802804,0.0016586950599985124,True
$H_2$ delivery rate (mol/min),Acinetobacter.2,-0.8020731261169328,0.0003215752428582865,0.001946376469931734,True
$H_2$ delivery rate (mol/min),Lentimicrobium.1,0.7845715235100217,0.0005330337303044101,0.003064943949250358,True
$H_2$ delivery rate (mol/min),Romboutsia.1,-0.7755947326231792,0.0006789369079888873,0.0036128510440234024,True
$H_2$ delivery rate (mol/min),Acinetobacter.1,-0.7744911934257016,0.0006989152738751983,0.0036128510440234024,True
$H_2$ delivery rate (mol/min),Azoarcus.2,-0.7732172261425032,0.0007225702088046805,0.0036128510440234024,True
$H_2$ delivery rate (mol/min),Ercella.1,0.7702367899704081,0.0007804575821516188,0.0037396925811431737,True
$H_2$ delivery rate (mol/min),Comamonadaceae.3,-0.7673033401224468,0.0008410519060487374,0.003868838767824192,True
$H_2$ delivery rate (mol/min),midas_g_30443.1,0.7514326469245394,0.0012386101596253481,0.005478468013727501,True
$H_2$ delivery rate (mol/min),Aminivibrio.1,-0.7486643599626522,0.0013213659004125621,0.005628039946201653,True
$H_2$ delivery rate (mol/min),Intestinimonas.1,-0.7439428168868687,0.0014727717817642426,0.006048884103674568,True
$H_2$ delivery rate (mol/min),midas_g_2178.1,0.7414829272531784,0.001557018349726304,0.006174383110983619,True
$H_2$ delivery rate (mol/min),Petrimonas.1,-0.732506136366336,0.0018979971956191886,0.007275655916540223,True
$H_2$ delivery rate (mol/min),Hyphomonas.1,-0.7173960131692896,0.002605489087658053,0.009665524034860519,True
$H_2$ delivery rate (mol/min),Taibaiella.1,-0.7137728009815659,0.0028030574057258074,0.01007348755182712,True
$H_2$ delivery rate (mol/min),Lachnoclostridium.1,-0.7098005136964085,0.003033234272902708,0.010570361860115497,True
$H_2$ delivery rate (mol/min),midas_g_15299.1,-0.7073711218831774,0.0031812799947601796,0.01076021174698296,True
$H_2$ delivery rate (mol/min),Acetobacterium.1,-0.705575763705809,0.0032943474324412343,0.01082428442087834,True
$H_2$ delivery rate (mol/min),Terrisporobacter.1,-0.6876221819321242,0.004610876265470785,0.014729188070253895,True
$H_2$ delivery rate (mol/min),Desulfovibrio.4,-0.6737206320134281,0.005891966289693579,0.01831286819769626,True
$H_2$ delivery rate (mol/min),Syntrophomonas.1,-0.6693799008092173,0.006344770665222355,0.019201279644751865,True
$H_2$ delivery rate (mol/min),midas_g_9269.1,0.6624871674489656,0.007119700668720914,0.020993989151356543,True
$H_2$ delivery rate (mol/min),Proteiniphilum.1,0.6553057347394917,0.008004340822778427,0.02301247986548798,True
$H_2$ delivery rate (mol/min),Sulfurospirillum.1,-0.6517150183847549,0.008477828999603585,0.023683320328225295,True
$H_2$ delivery rate (mol/min),midas_g_36215.2,0.6504515062933759,0.008649560467699673,0.023683320328225295,True
$H_2$ delivery rate (mol/min),midas_g_36215.1,0.6481243020300178,0.008972984782716301,0.023997517442148248,True
$H_2$ delivery rate (mol/min),Methanobacterium.1,0.6355567947884386,0.010886541890958825,0.028453461760460565,True
$H_2$ delivery rate (mol/min),Desulfovibrio.2,-0.6301707202563331,0.011797846125108145,0.030013014631007855,True
$H_2$ delivery rate (mol/min),Thermovirga.1,0.6289906122544919,0.012005205852403143,0.030013014631007855,True
$H_2$ delivery rate (mol/min),Thauera.1,-0.6270432728976668,0.012353556995386044,0.030226788392965852,True
$H_2$ delivery rate (mol/min),Oscillibacter.2,-0.6144154117618869,0.014806943969536027,0.03494822209719043,True
$H_2$ delivery rate (mol/min),Anaerovorax.1,0.614012496660017,0.01489098158923766,0.03494822209719043,True
$H_2$ delivery rate (mol/min),Monoglobus.2,-0.6036045834024403,0.017192394651928976,0.039542507699436645,True
$H_2$ delivery rate (mol/min),Enterobacteriaceae.1,-0.579900691290016,0.023450516289471198,0.052878615162533095,False
$H_2$ delivery rate (mol/min),Proteiniclasticum.1,-0.5761099013825046,0.02459365235689163,0.05438980809697188,False
$H_2$ delivery rate (mol/min),Pseudomonas.2,-0.5686279546113033,0.02697360980710807,0.05852764392108355,False
$H_2$ delivery rate (mol/min),Dysgonomonas.1,-0.5637424676936997,0.02861915475312577,0.06094819993721229,False
$H_2$ delivery rate (mol/min),Devosia.1,-0.5488934777214364,0.03408797584504783,0.07043625732145584,False
$H_2$ delivery rate (mol/min),Syner-01.2,-0.5462768510473626,0.035127580214964316,0.07043625732145584,False
$H_2$ delivery rate (mol/min),Comamonadaceae.1,-0.5460730769759404,0.035209525890052974,0.07043625732145584,False
$H_2$ delivery rate (mol/min),Christensenellaceae_R-7_group.1,0.5452934342524145,0.03552437325777773,0.07043625732145584,False
$H_2$ delivery rate (mol/min),Methanobacteriaceae.1,-0.5188585132594881,0.04749859501805191,0.09258200723857575,False
$H_2$ delivery rate (mol/min),Desulfobulbus.1,-0.5009049314858033,0.057175748071854084,0.10958685047105367,False
$H_2$ delivery rate (mol/min),Syner-01.1,-0.4991095733084349,0.05821694952524027,0.10975326549840378,False
$H_2$ delivery rate (mol/min),Pseudarcobacter.1,-0.48188722096725006,0.06891804711932309,0.12783186159229282,False
$H_2$ delivery rate (mol/min),Acetoanaerobium.1,-0.4703838424705392,0.07681296808323103,0.1390906313993671,False
$H_2$ delivery rate (mol/min),Mesotoga.1,-0.46858848429317085,0.07810110689660815,0.1390906313993671,False
$H_2$ delivery rate (mol/min),Rhodococcus.1,-0.4667931261158023,0.07940461108192103,0.1390906313993671,False
$H_2$ delivery rate (mol/min),Xanthobacter.1,0.4662173356831083,0.07982592758572372,0.1390906313993671,False
$H_2$ delivery rate (mol/min),Comamonadaceae.2,-0.45225298637018657,0.0905384918754632,0.15540188903997415,False
$H_2$ delivery rate (mol/min),midas_g_3409.1,0.4380673952779068,0.10242177660100545,0.17321329866346508,False
$H_2$ delivery rate (mol/min),Ca_Caldatribacterium.1,0.42572743205753294,0.11361059662850262,0.18935099438083772,False
$H_2$ delivery rate (mol/min),Paraclostridium.1,-0.4076113711189145,0.13152532647029652,0.21607732205834426,False
$H_2$ delivery rate (mol/min),Christensenellaceae_R-7_group.3,-0.40395558990790587,0.13536061572436914,0.21924606772256974,False
$H_2$ delivery rate (mol/min),Sphaerochaeta.1,0.39856951537580043,0.14114827718544468,0.22544516494897412,False
$H_2$ delivery rate (mol/min),Geobacteraceae.1,0.39318344084369505,0.14710071825213814,0.2317340082054231,False
$H_2$ delivery rate (mol/min),Ruminiclostridium.1,-0.3877973663115896,0.15321945358349937,0.23811131300138416,False
$H_2$ delivery rate (mol/min),JGI-0000079-D21.1,-0.3770252172473788,0.16596142163348568,0.25447417983801135,False
$H_2$ delivery rate (mol/min),Methanobacterium.3,-0.35727627729632566,0.19109704630696603,0.28655779305825413,False
$H_2$ delivery rate (mol/min),Sphingopyxis.1,-0.356697220174018,0.19186913100422234,0.28655779305825413,False
$H_2$ delivery rate (mol/min),Bosea.1,-0.34650412823211485,0.20579045850705324,0.3034090093373221,False
$H_2$ delivery rate (mol/min),Devosia.2,-0.3227925607004014,0.2406117505442892,0.3502576115518134,False
$H_2$ delivery rate (mol/min),Desulfovibrio.3,0.3142417643904571,0.25401002372679166,0.365139409107263,False
$H_2$ delivery rate (mol/min),midas_g_94288.1,0.3088016065073769,0.2627667337402492,0.3730638812361563,False
$H_2$ delivery rate (mol/min),Syntrophobacter.1,-0.30502214316652704,0.2689567134770867,0.37719539085201187,False
$H_2$ delivery rate (mol/min),Thiobacillus.1,0.29623409926579763,0.28368647479050946,0.39010336031363657,False
$H_2$ delivery rate (mol/min),Gordonia.1,-0.2954959751582096,0.2849450631856128,0.39010336031363657,False
$H_2$ delivery rate (mol/min),Desulfosporosinus.2,0.29286477361559604,0.28945851655974375,0.391620345933771,False
$H_2$ delivery rate (mol/min),Burkholderiales.1,-0.2890526665563238,0.29607220869883805,0.3959105116321672,False
$H_2$ delivery rate (mol/min),Leucobacter.1,-0.2744272169522553,0.3222610301260324,0.425977223729813,False
$H_2$ delivery rate (mol/min),Desulfovibrio.1,-0.2659505722204265,0.33802700653134,0.44173983808072836,False
$H_2$ delivery rate (mol/min),Propionicicella.1,0.25966120058007863,0.35000058756155306,0.4522479502199843,False
$H_2$ delivery rate (mol/min),Proteiniphilum.2,0.22122469653982788,0.428150195799122,0.5470808057433225,False
$H_2$ delivery rate (mol/min),Ochrobactrum.1,-0.2154429812842165,0.4406226770530881,0.5568308556165399,False
$H_2$ delivery rate (mol/min),Ercella.2,-0.20108827641866447,0.4723634538913179,0.5834926715214226,False
$H_2$ delivery rate (mol/min),Methanobacterium.2,-0.1974893995105318,0.48049047926757543,0.5834926715214226,False
$H_2$ delivery rate (mol/min),Bacteroides.1,0.1974893995105318,0.48049047926757543,0.5834926715214226,False
$H_2$ delivery rate (mol/min),Aquamicrobium.1,0.19681726328482171,0.4820156851698708,0.5834926715214226,False
$H_2$ delivery rate (mol/min),Erysipelothrix.1,-0.1777404595594786,0.5262482172790564,0.6304015102822029,False
$H_2$ delivery rate (mol/min),Stenotrophomonas.1,-0.15942133625984214,0.570360083344373,0.6762000988103392,False
$H_2$ delivery rate (mol/min),Achromobacter.1,-0.14362865418947762,0.6095796011855544,0.7153230013912119,False
$H_2$ delivery rate (mol/min),Stappia.1,0.1293307941879092,0.6459621425795649,0.7503600646126258,False
$H_2$ delivery rate (mol/min),Pannonibacter.1,-0.12387971423842446,0.6600371434970556,0.7538534733978811,False
$H_2$ delivery rate (mol/min),Anaerovorax.2,-0.12309198781823795,0.6620800070711825,0.7538534733978811,False
$H_2$ delivery rate (mol/min),midas_g_98124.1,0.11883971301726291,0.6731456326369897,0.7578188000697664,False
$H_2$ delivery rate (mol/min),LNR_A2-18.1,0.11669828152895058,0.6787420557146604,0.7578188000697664,False
$H_2$ delivery rate (mol/min),Sporomusaceae.1,-0.11131220699684517,0.6928865175350317,0.7620041673306018,False
$H_2$ delivery rate (mol/min),Achromobacter.2,-0.10969819663131962,0.6971437366837231,0.7620041673306018,False
$H_2$ delivery rate (mol/min),LNR_A2-18.2,0.10772149064210824,0.7023690585829895,0.7620041673306018,False
$H_2$ delivery rate (mol/min),Methanobacterium.6,0.10476444430947585,0.7102089423074407,0.7633086763117354,False
$H_2$ delivery rate (mol/min),Monoglobus.1,0.09651615795697989,0.7322180782337682,0.7796766573785494,False
$H_2$ delivery rate (mol/min),Stenotrophomonas.2,-0.09055128009236493,0.7482569626660757,0.7894454193265936,False
$H_2$ delivery rate (mol/min),Veillonellales-Selenomonadales.1,-0.07747760324270128,0.7837394531399978,0.8193639737372704,False
$H_2$ delivery rate (mol/min),Desulfosporosinus.1,0.07046104219044393,0.8029516894151958,0.8318868854301579,False
$H_2$ delivery rate (mol/min),Bacteria (unclassified).1,-0.06413097232458308,0.8203748477171311,0.8423491739952685,False
$H_2$ delivery rate (mol/min),Oscillibacter.1,0.05706559195664803,0.8399140345786789,0.8547797697039652,False
$H_2$ delivery rate (mol/min),Hydrogenophaga.1,0.036232121877236845,0.8979959935911704,0.9013028736839251,False
$H_2$ delivery rate (mol/min),Rhizobiaceae.1,0.03505210842285094,0.9013028736839251,0.9013028736839251,False
Effluent COD (mg/L),Acinetobacter.1,-0.8114391086446832,0.00024039713579037403,0.027645670615893014,True
Effluent COD (mg/L),Monoglobus.2,-0.7670300165239397,0.0008468866287673406,0.0379932634593243,True
Effluent COD (mg/L),Dysgonomonas.1,-0.7607142857142856,0.000991128611982373,0.0379932634593243,True
Effluent COD (mg/L),Petrimonas.2,0.7261555949326206,0.0021735974596304836,0.042540855512333206,True
Effluent COD (mg/L),Enterobacteriaceae.1,-0.7214285714285712,0.002398868072673343,0.042540855512333206,True
Effluent COD (mg/L),Comamonadaceae.1,-0.7137355023725096,0.0028051517264036188,0.042540855512333206,True
Effluent COD (mg/L),Methanobacterium.1,0.7107142857142856,0.0029789948868027423,0.042540855512333206,True
Effluent COD (mg/L),midas_g_84729.1,0.7037775879560405,0.003410781220364465,0.042540855512333206,True
Effluent COD (mg/L),Methanobacterium.5,0.7010659787020806,0.003592539128356708,0.042540855512333206,True
Effluent COD (mg/L),midas_g_49937.1,0.6995251554004149,0.0036992048271594093,0.042540855512333206,True
Effluent COD (mg/L),Thermovirga.1,0.6837183179463001,0.004945820396470217,0.049644152865588896,True
Effluent COD (mg/L),Taibaiella.1,-0.6811087217978427,0.005180259429452754,0.049644152865588896,True
Effluent COD (mg/L),Lachnoclostridium.1,-0.6738161761212458,0.00588229488282649,0.05203568550192664,False
Effluent COD (mg/L),Desulfovibrio.2,-0.6535714285714285,0.008230371463638971,0.0675464931271736,False
Effluent COD (mg/L),midas_g_76603.1,0.6475139970820967,0.009059348187007283,0.0675464931271736,False
Effluent COD (mg/L),midas_g_114295.1,-0.6451654344593886,0.009397772956824153,0.0675464931271736,False
Effluent COD (mg/L),Oscillibacter.2,-0.6344126772183988,0.011075374493696591,0.07492165098677106,False
Effluent COD (mg/L),Devosia.2,-0.6272338019547793,0.012319131869271064,0.0787055647203429,False
Effluent COD (mg/L),Methanosarcina.1,-0.6071428571428571,0.01638130676830708,0.0991500146502797,False
Effluent COD (mg/L),Romboutsia.1,-0.5964285714285712,0.01893192468786518,0.10885856695522479,False
Effluent COD (mg/L),Sphingopyxis.1,-0.5898125679575892,0.02065238683192891,0.11114078017674762,False
Effluent COD (mg/L),Fermentimonas.2,-0.5826633247096183,0.022643244379079448,0.11114078017674762,False
Effluent COD (mg/L),Comamonadaceae.3,-0.579088703085633,0.023691902018994786,0.11114078017674762,False
Effluent COD (mg/L),Comamonadaceae.2,-0.5770646385997865,0.02430184012313682,0.11114078017674762,False
Effluent COD (mg/L),Christensenellaceae_R-7_group.4,-0.5759862881020977,0.02463162812478255,0.11114078017674762,False
Effluent COD (mg/L),Ercella.1,0.5722216718399924,0.025809659118706,0.11114078017674762,False
Effluent COD (mg/L),Aminiphilus.1,0.5698818352276627,0.026563073133627036,0.11114078017674762,False
Effluent COD (mg/L),Thermovirga.2,-0.5683648382136768,0.02706036386912116,0.11114078017674762,False
Effluent COD (mg/L),Azoarcus.2,-0.5643490018759378,0.028410839624829536,0.11266367437432402,False
Effluent COD (mg/L),Rhodococcus.1,-0.5607142857142856,0.029676496094474744,0.11375990169548653,False
Effluent COD (mg/L),EBM-39.1,-0.5535714285714285,0.032287103770123615,0.11977473979239406,False
Effluent COD (mg/L),Methanobacterium.4,0.5504917300937499,0.03346443330092277,0.1202628071751912,False
Effluent COD (mg/L),Syntrophomonas.1,-0.545906224036855,0.035276730617956394,0.12293406124439349,False
Effluent COD (mg/L),midas_g_97954.1,-0.5423643525427265,0.03672609658023366,0.12422062078608444,False
Effluent COD (mg/L),Desulfovibrio.4,-0.5383401254810455,0.03842634149310468,0.12625797919162965,False
Effluent COD (mg/L),midas_g_2178.1,0.5249999999999999,0.04448390580010634,0.1421013657503397,False
Effluent COD (mg/L),Christensenellaceae_R-7_group.2,0.5035714285714286,0.05565451716115846,0.1729802560414385,False
Effluent COD (mg/L),Clostridium_sensu_stricto_13.1,-0.48745832825820473,0.06531267632586316,0.1943964933595247,False
Effluent COD (mg/L),Terrisporobacter.1,-0.48571428571428565,0.06642631232518954,0.1943964933595247,False
Effluent COD (mg/L),Gordonia.1,-0.4838740758445414,0.06761617160331293,0.1943964933595247,False
Effluent COD (mg/L),Acinetobacter.2,-0.46737731913472047,0.07897877086390785,0.21763247553822096,False
Effluent COD (mg/L),Aquamicrobium.2,-0.4666856056762995,0.07948316497917635,0.21763247553822096,False
Effluent COD (mg/L),Hyphomonas.1,-0.4378556068700417,0.10260704168574404,0.2635042408050162,False
Effluent COD (mg/L),midas_g_9269.1,0.4357142857142856,0.10449335704406652,0.2635042408050162,False
Effluent COD (mg/L),Proteiniphilum.1,0.4357142857142856,0.10449335704406652,0.2635042408050162,False
Effluent COD (mg/L),Geobacteraceae.1,0.43214285714285705,0.10769303754639795,0.2635042408050162,False
Effluent COD (mg/L),midas_g_3409.1,0.43214285714285705,0.10769303754639795,0.2635042408050162,False
Effluent COD (mg/L),Lentimicrobium.1,0.42857142857142855,0.11096021426087672,0.2658421800000172,False
Effluent COD (mg/L),Paraclostridium.1,-0.4162331077653483,0.12277491958071168,0.2739178876828152,False
Effluent COD (mg/L),Methanobacterium.2,-0.4142857142857142,0.1247154422365709,0.2739178876828152,False
Effluent COD (mg/L),Intestinimonas.1,-0.4110814867583197,0.12795389231092122,0.2739178876828152,False
Effluent COD (mg/L),Leucobacter.1,-0.4094296680276411,0.12964558003651855,0.2739178876828152,False
Effluent COD (mg/L),Pannonibacter.1,-0.4071428571428571,0.1320126637798537,0.2739178876828152,False
Effluent COD (mg/L),Anaerovorax.1,0.4071428571428571,0.1320126637798537,0.2739178876828152,False
Effluent COD (mg/L),Ca_Caldatribacterium.1,0.40361998328761045,0.13571646119527245,0.2739178876828152,False
Effluent COD (mg/L),Christensenellaceae_R-7_group.1,0.40361998328761045,0.13571646119527245,0.2739178876828152,False
Effluent COD (mg/L),Burkholderiales.1,-0.4035714285714285,0.13576799650365626,0.2739178876828152,False
Effluent COD (mg/L),Pseudomonas.2,-0.3997286602288085,0.139888844421747,0.27736581221553286,False
Effluent COD (mg/L),Erysipelothrix.1,-0.39642857142857135,0.1434945314423537,0.27969273077746903,False
Effluent COD (mg/L),Desulfuromonadaceae.1,-0.3848451462841188,0.15664433310198753,0.3002349717788094,False
Effluent COD (mg/L),Petrimonas.1,-0.38214285714285706,0.15982362998696725,0.30130684341805297,False
Effluent COD (mg/L),Xanthobacter.1,0.37824434307572014,0.16448536311317036,0.30509381867765467,False
Effluent COD (mg/L),midas_g_30443.1,0.3673334485639205,0.1780072450778628,0.3249338600627655,False
Effluent COD (mg/L),Acetobacterium.1,-0.35357142857142854,0.19607167843419873,0.35231629718645086,False
Effluent COD (mg/L),Proteiniphilum.2,0.3491486243775878,0.20211851565211164,0.3575942969229668,False
Effluent COD (mg/L),Aminivibrio.1,-0.33928571428571425,0.2160289253419548,0.3649442223553558,False
Effluent COD (mg/L),Stenotrophomonas.1,-0.33695061104813906,0.21940869027256682,0.3649442223553558,False
Effluent COD (mg/L),midas_g_36215.2,0.33691972688434735,0.21945361328014215,0.3649442223553558,False
Effluent COD (mg/L),Methanobacterium.3,-0.33571428571428563,0.22121153763932597,0.3649442223553558,False
Effluent COD (mg/L),Rhizobiaceae.1,-0.3350800821663171,0.22213996143369483,0.3649442223553558,False
Effluent COD (mg/L),midas_g_36215.1,0.3107142857142856,0.2596673973372183,0.4147465374136125,False
Effluent COD (mg/L),Sporomusaceae.1,-0.3107142857142856,0.2596673973372183,0.4147465374136125,False
Effluent COD (mg/L),Stenotrophomonas.2,-0.307963774938985,0.2641314059664172,0.4160974203580545,False
Effluent COD (mg/L),Thauera.1,-0.3021531376759854,0.27371374683858934,0.42536595792483484,False
Effluent COD (mg/L),Thiobacillus.1,0.2964285714285714,0.2833554284342631,0.4344783235992034,False
Effluent COD (mg/L),Monoglobus.1,-0.2861108359199962,0.30123624846416336,0.4558180075444577,False
Effluent COD (mg/L),Syntrophobacter.1,-0.2729531120184275,0.3249719572029283,0.4853477282900877,False
Effluent COD (mg/L),midas_g_15299.1,-0.2607142857142857,0.3479794598627935,0.5130466395412981,False
Effluent COD (mg/L),Methanobacteriaceae.1,-0.2571428571428571,0.3548603636506091,0.5165688837951904,False
Effluent COD (mg/L),Desulfosporosinus.1,-0.2545103341793445,0.3599802549258624,0.5174716164559272,False
Effluent COD (mg/L),Devosia.1,-0.23771777438748717,0.3935856382314415,0.5587944246495774,False
Effluent COD (mg/L),Bacteroides.1,-0.2321428571428571,0.40509874069364893,0.5681262826801174,False
Effluent COD (mg/L),JGI-0000079-D21.1,-0.21071428571428572,0.450957865215285,0.6224999017183767,False
Effluent COD (mg/L),Hydrogenophaga.1,0.20901749134536968,0.4546955803855969,0.6224999017183767,False
Effluent COD (mg/L),Desulfobulbus.1,-0.19999999999999998,0.47481396452216845,0.6403445761201318,False
Effluent COD (mg/L),Pseudarcobacter.1,-0.19820624179302299,0.4788663786637508,0.6403445761201318,False
Effluent COD (mg/L),Acetoanaerobium.1,-0.18928571428571428,0.4992630332385452,0.6599453887635943,False
Effluent COD (mg/L),Achromobacter.2,-0.181848241863327,0.5165725044826929,0.6708792741299671,False
Effluent COD (mg/L),Bacteria (unclassified).1,-0.18072838361408894,0.5192022208484093,0.6708792741299671,False
Effluent COD (mg/L),Desulfovibrio.1,0.17336914876329135,0.5366331259536952,0.6856978831630549,False
Effluent COD (mg/L),Veillonellales-Selenomonadales.1,-0.16845986344217367,0.5484028840255789,0.6930366116806767,False
Effluent COD (mg/L),Sulfurospirillum.1,-0.16428571428571426,0.5584973732486012,0.6981217165607514,False
Effluent COD (mg/L),Bosea.1,-0.15,0.5936302027425882,0.7340588528537381,False
Effluent COD (mg/L),Sphaerochaeta.1,0.13214285714285715,0.6387442188840663,0.7757952404631375,False
Effluent COD (mg/L),Methanobacterium.6,0.12909944487358055,0.6465572808935471,0.7757952404631375,False
Effluent COD (mg/L),Syner-01.2,-0.128686378463474,0.6476203746474887,0.7757952404631375,False
Effluent COD (mg/L),Proteiniclasticum.1,-0.12544676039095587,0.6559798480470361,0.776226919667041,False
Effluent COD (mg/L),Ruminiclostridium.1,-0.12142857142857141,0.6664011137233892,0.776226919667041,False
Effluent COD (mg/L),Ercella.2,0.1207256200012049,0.6682301308438006,0.776226919667041,False
Effluent COD (mg/L),midas_g_98124.1,-0.10547198028072964,0.7083305955702678,0.814580184905808,False
Effluent COD (mg/L),LNR_A2-18.1,0.09999999999999999,0.7228973252791182,0.8231009149217682,False
Effluent COD (mg/L),Stappia.1,0.08292243483469965,0.768909709935496,0.8608571360013629,False
Effluent COD (mg/L),Ochrobactrum.1,-0.08214285714285713,0.7710285652881773,0.8608571360013629,False
Effluent COD (mg/L),LNR_A2-18.2,0.075,0.7905107941552678,0.8739227952277152,False
Effluent COD (mg/L),Desulfosporosinus.2,-0.07229135344563559,0.7979295086861747,0.8739227952277152,False
Effluent COD (mg/L),Mesotoga.1,-0.06785714285714285,0.8101088187105132,0.8788916429406511,False
Effluent COD (mg/L),Syner-01.1,-0.06428571428571428,0.8199479653196375,0.8812524860911992,False
Effluent COD (mg/L),Christensenellaceae_R-7_group.3,0.06071428571428571,0.8298120954425187,0.8835962127397189,False
Effluent COD (mg/L),Achromobacter.1,-0.04642857142857142,0.8694915255450947,0.9173534443824394,False
Effluent COD (mg/L),Oscillibacter.1,-0.0396412483586046,0.8884511510434624,0.9262528177107103,False
Effluent COD (mg/L),Aquamicrobium.1,0.03764616262105213,0.8940353283990334,0.9262528177107103,False
Effluent COD (mg/L),midas_g_94288.1,0.03214285714285714,0.9094621170945906,0.933822709516767,False
Effluent COD (mg/L),Desulfovibrio.3,-0.02126216277812811,0.9400463455858799,0.9566843340033291,False
Effluent COD (mg/L),Propionicicella.1,-0.017873108119926942,0.9495903280845187,0.9579200678045583,False
Effluent COD (mg/L),Anaerovorax.2,-0.005361932435978083,0.9848690378083186,0.9848690378083186,False
Effluent acetate (mol/L),Aminiphilus.1,-0.8575891695173564,4.3614038454753365e-05,0.002069576420325678,True
Effluent acetate (mol/L),midas_g_30443.1,-0.8546867367576368,4.9362343053855525e-05,0.002069576420325678,True
Effluent acetate (mol/L),Methanobacterium.4,-0.8525472573205152,5.3988950095452466e-05,0.002069576420325678,True
Effluent acetate (mol/L),Acetobacterium.1,0.8107142857142855,0.0002460079779722061,0.0070727293667009255,True
Effluent acetate (mol/L),Lentimicrobium.1,-0.7892857142857141,0.0004673267561781765,0.010525724954348826,True
Effluent acetate (mol/L),Petrimonas.2,-0.7802118426943541,0.0006003134348900573,0.010525724954348826,True
Effluent acetate (mol/L),Clostridium_sensu_stricto_13.1,0.7777827737649295,0.000640696301569059,0.010525724954348826,True
Effluent acetate (mol/L),midas_g_15299.1,0.7714285714285712,0.0007568751073803477,0.010880079668592498,True
Effluent acetate (mol/L),Petrimonas.1,0.7642857142857141,0.0009073101116849784,0.011593406982641389,True
Effluent acetate (mol/L),Christensenellaceae_R-7_group.4,0.7566878686831479,0.001093030643640103,0.011608635352443336,True
Effluent acetate (mol/L),Fermentimonas.2,0.7560324734729097,0.0011103912076250147,0.011608635352443336,True
Effluent acetate (mol/L),midas_g_76603.1,-0.7491586361589375,0.0013062717184909541,0.011629726923941514,True
Effluent acetate (mol/L),Thermovirga.2,0.748883230224939,0.001314664782706432,0.011629726923941514,True
Effluent acetate (mol/L),EBM-39.1,0.7428571428571428,0.0015094888782350335,0.011814710089678099,True
Effluent acetate (mol/L),Xanthobacter.1,-0.7419408268023742,0.0015410491421319259,0.011814710089678099,True
Effluent acetate (mol/L),midas_g_114295.1,0.7383559972146335,0.0016696686349504351,0.012000743313706253,True
Effluent acetate (mol/L),Christensenellaceae_R-7_group.2,-0.7285714285714285,0.0020652097446907935,0.013970536508202427,True
Effluent acetate (mol/L),Lachnoclostridium.1,0.7220735680450484,0.0023670738426833176,0.01458467700256808,True
Effluent acetate (mol/L),Methanobacterium.5,-0.7212115528027152,0.002409642287380813,0.01458467700256808,True
Effluent acetate (mol/L),Mesotoga.1,0.7107142857142856,0.0029789948868027423,0.016494430564240943,True
Effluent acetate (mol/L),Desulfuromonadaceae.1,0.7101562367894788,0.0030120264508613896,0.016494430564240943,True
Effluent acetate (mol/L),Methanosarcina.1,0.7071428571428571,0.0031954812582450608,0.016703652031735544,True
Effluent acetate (mol/L),Sulfurospirillum.1,0.6964285714285713,0.003921190506879552,0.019605952534397758,True
Effluent acetate (mol/L),Ercella.1,-0.6926893922273594,0.004203221197278649,0.020140434903626863,True
Effluent acetate (mol/L),Aminivibrio.1,0.6857142857142856,0.004772245222691261,0.0219523280243798,True
Effluent acetate (mol/L),Aquamicrobium.2,0.6811087217978427,0.005180259429452754,0.022912685937964104,True
Effluent acetate (mol/L),Taibaiella.1,0.6684955973201049,0.006440290842117209,0.027430868401610332,True
Effluent acetate (mol/L),midas_g_97954.1,0.6594862226931492,0.007479492316622754,0.030719343443272023,True
Effluent acetate (mol/L),Acinetobacter.2,0.6527166008605579,0.008343605630265143,0.03308671198208591,True
Effluent acetate (mol/L),Methanobacteriaceae.1,0.6499999999999999,0.008711583621912317,0.03339440388399722,True
Effluent acetate (mol/L),midas_g_36215.2,-0.6415811820457252,0.00993321869072843,0.036849037078508694,True
Effluent acetate (mol/L),Proteiniphilum.1,-0.6392857142857141,0.010288446619594212,0.0369741050391667,True
Effluent acetate (mol/L),midas_g_36215.1,-0.6321428571428571,0.011457541540078902,0.03992779627603253,True
Effluent acetate (mol/L),Acinetobacter.1,0.6273460950094357,0.012298877474283737,0.04159914439831264,True
Effluent acetate (mol/L),Methanobacterium.3,0.6214285714285712,0.013402006712181815,0.04403516491145453,True
Effluent acetate (mol/L),midas_g_49937.1,-0.6144765042879025,0.014794233709494089,0.047259357683106115,True
Effluent acetate (mol/L),Azoarcus.2,0.6086116686897368,0.016053400932890476,0.049895705602227156,True
Effluent acetate (mol/L),Aquamicrobium.1,-0.6061032181989394,0.016616501777148053,0.05028678169400069,False
Effluent acetate (mol/L),midas_g_84729.1,-0.5974667740653999,0.01867224486324757,0.05505918357111464,False
Effluent acetate (mol/L),Intestinimonas.1,0.5880252571455965,0.021137041758778702,0.06076899505648877,False
Effluent acetate (mol/L),Romboutsia.1,0.5857142857142856,0.02177651761904279,0.06108047624853466,False
Effluent acetate (mol/L),Comamonadaceae.3,0.5665775274016842,0.02765527435585702,0.07572277502198946,False
Effluent acetate (mol/L),Christensenellaceae_R-7_group.1,-0.5441662274681176,0.03598329877387339,0.09545476349559762,False
Effluent acetate (mol/L),Anaerovorax.1,-0.5428571428571428,0.03652182255483735,0.09545476349559762,False
Effluent acetate (mol/L),Desulfobulbus.1,0.5107142857142856,0.05172549836826936,0.1293137459206734,False
Effluent acetate (mol/L),midas_g_2178.1,-0.5107142857142856,0.05172549836826936,0.1293137459206734,False
Effluent acetate (mol/L),Thauera.1,0.493904167354976,0.061313898673407585,0.15002336909450792,False
Effluent acetate (mol/L),Methanobacterium.1,-0.47857142857142854,0.07113080825563314,0.17041756144578774,False
Effluent acetate (mol/L),Desulfovibrio.3,-0.47202001367444407,0.07565234892505832,0.1775514311506471,False
Effluent acetate (mol/L),Thermovirga.1,-0.46485098103997746,0.08083209370870273,0.1859138155300163,False
Effluent acetate (mol/L),Syntrophomonas.1,0.4610694459770734,0.08366385001096276,0.18865377943648465,False
Effluent acetate (mol/L),Desulfosporosinus.2,-0.45501028345194156,0.08834708151019832,0.19538296872447705,False
Effluent acetate (mol/L),Desulfovibrio.4,0.44422471892841525,0.09713725310156077,0.2093299544053743,False
Effluent acetate (mol/L),Syner-01.1,0.4428571428571427,0.09829406554687141,0.2093299544053743,False
Effluent acetate (mol/L),Monoglobus.2,0.42294178481226585,0.11624873682640696,0.24306554063703273,False
Effluent acetate (mol/L),Enterobacteriaceae.1,0.41785714285714276,0.12117253602187847,0.24883645790207184,False
Effluent acetate (mol/L),Pseudarcobacter.1,0.40722373313839266,0.13192845084318802,0.26174924714971,False
Effluent acetate (mol/L),Terrisporobacter.1,0.4071428571428571,0.1320126637798537,0.26174924714971,False
Effluent acetate (mol/L),Proteiniclasticum.1,0.4039810927844341,0.13533360079696444,0.26378583206187983,False
Effluent acetate (mol/L),Dysgonomonas.1,0.39999999999999997,0.1395951293721447,0.26755733129661063,False
Effluent acetate (mol/L),Christensenellaceae_R-7_group.3,0.3928571428571428,0.1474666553113262,0.27739720038876314,False
Effluent acetate (mol/L),Hyphomonas.1,0.3910068588098726,0.1495532732530723,0.27739720038876314,False
Effluent acetate (mol/L),midas_g_9269.1,-0.38214285714285706,0.15982362998696725,0.2871830851328318,False
Effluent acetate (mol/L),Desulfovibrio.2,0.38214285714285706,0.15982362998696725,0.2871830851328318,False
Effluent acetate (mol/L),Comamonadaceae.1,0.37438839013338354,0.16918382725475492,0.2951637183696793,False
Effluent acetate (mol/L),Pseudomonas.2,0.3742140648950548,0.1693983079339029,0.2951637183696793,False
Effluent acetate (mol/L),Acetoanaerobium.1,0.36785714285714277,0.17734214689349137,0.3043932372052464,False
Effluent acetate (mol/L),Devosia.1,0.3585912189912942,0.18935123998815367,0.31930194299480547,False
Effluent acetate (mol/L),Rhizobiaceae.1,-0.3563857521306494,0.19228525865531587,0.31930194299480547,False
Effluent acetate (mol/L),Oscillibacter.2,0.3548409889526637,0.19435770443162073,0.31930194299480547,False
Effluent acetate (mol/L),Sporomusaceae.1,0.3428571428571428,0.2109237934147519,0.3416371301788235,False
Effluent acetate (mol/L),midas_g_3409.1,-0.33571428571428563,0.22121153763932597,0.35332398372947893,False
Effluent acetate (mol/L),Ercella.2,0.3135262370180545,0.255151441129295,0.40195090040916337,False
Effluent acetate (mol/L),Achromobacter.2,-0.2982311166558563,0.280297940692164,0.43218373065033483,False
Effluent acetate (mol/L),Hydrogenophaga.1,0.29730936268953445,0.2818589547719575,0.43218373065033483,False
Effluent acetate (mol/L),midas_g_98124.1,-0.2945941518185897,0.28648727436863464,0.4335004809525393,False
Effluent acetate (mol/L),Ca_Caldatribacterium.1,-0.2810924883610144,0.3101661012170416,0.4632350862332439,False
Effluent acetate (mol/L),Propionicicella.1,-0.2770331758588676,0.3175004381366536,0.46810962032968156,False
Effluent acetate (mol/L),Methanobacterium.6,-0.2729531120184275,0.3249719572029283,0.4711971285841859,False
Effluent acetate (mol/L),Geobacteraceae.1,-0.2714285714285714,0.3277893068411728,0.4711971285841859,False
Effluent acetate (mol/L),Desulfovibrio.1,0.26630931098691146,0.33735110665567025,0.47895527488150713,False
Effluent acetate (mol/L),Syner-01.2,0.2609473785509334,0.34753298123611936,0.48739381514821617,False
Effluent acetate (mol/L),Anaerovorax.2,0.24843620286698453,0.3719478836037019,0.5153494772822376,False
Effluent acetate (mol/L),Devosia.2,0.24026243939284767,0.3883890551836799,0.5317231112633712,False
Effluent acetate (mol/L),Proteiniphilum.2,-0.23276574958505852,0.40380366847185617,0.5463226102854525,False
Effluent acetate (mol/L),Stappia.1,-0.22750514172597078,0.4148094542352821,0.552855264203066,False
Effluent acetate (mol/L),Monoglobus.1,-0.22587697572631282,0.41824702596231944,0.552855264203066,False
Effluent acetate (mol/L),Comamonadaceae.2,0.20788663999246962,0.4571951200330747,0.5928867704584165,False
Effluent acetate (mol/L),Ruminiclostridium.1,0.2071428571428571,0.45884280496347013,0.5928867704584165,False
Effluent acetate (mol/L),Sphaerochaeta.1,-0.20357142857142854,0.4667950724891123,0.5964603704027546,False
Effluent acetate (mol/L),Erysipelothrix.1,0.1964285714285714,0.48289875627163353,0.6102566700136028,False
Effluent acetate (mol/L),Achromobacter.1,-0.1928571428571428,0.49104870160522307,0.6138108770065288,False
Effluent acetate (mol/L),Pannonibacter.1,-0.18214285714285713,0.5158816817070392,0.6379182085624678,False
Effluent acetate (mol/L),Desulfosporosinus.1,-0.15860788941611323,0.5723540718988812,0.6967875429007103,False
Effluent acetate (mol/L),Sphingopyxis.1,0.15728335145535713,0.5756071006571085,0.6967875429007103,False
Effluent acetate (mol/L),Methanobacterium.2,-0.125,0.6571356681869506,0.7871937691822846,False
Effluent acetate (mol/L),Bacteria (unclassified).1,-0.11056324644626618,0.6948609731531739,0.8238042465218041,False
Effluent acetate (mol/L),Thiobacillus.1,-0.09285714285714285,0.7420450099073671,0.8619714761550223,False
Effluent acetate (mol/L),midas_g_94288.1,-0.09285714285714285,0.7420450099073671,0.8619714761550223,False
Effluent acetate (mol/L),Rhodococcus.1,0.07857142857142857,0.7807545523090464,0.8978677351554034,False
Effluent acetate (mol/L),Ochrobactrum.1,-0.06785714285714285,0.8101088187105132,0.9224011302149407,False
Effluent acetate (mol/L),JGI-0000079-D21.1,0.05357142857142857,0.8496099367776072,0.9578935561708317,False
Effluent acetate (mol/L),LNR_A2-18.1,0.049999999999999996,0.859540943467457,0.9596816359102674,False
Effluent acetate (mol/L),Stenotrophomonas.2,-0.04648509810399775,0.8693338876007015,0.9612826641738527,False
Effluent acetate (mol/L),Veillonellales-Selenomonadales.1,-0.04301102896395924,0.8790304199833251,0.96274760283888,False
Effluent acetate (mol/L),Bacteroides.1,-0.035714285714285705,0.8994469934720875,0.9758151344272646,False
Effluent acetate (mol/L),Burkholderiales.1,0.03214285714285714,0.9094621170945906,0.976413958755372,False
Effluent acetate (mol/L),Stenotrophomonas.1,-0.025226248955475653,0.9288926915570472,0.976413958755372,False
Effluent acetate (mol/L),Bosea.1,-0.024999999999999998,0.9295289708192378,0.976413958755372,False
Effluent acetate (mol/L),Paraclostridium.1,0.023424374030084533,0.9339611779399211,0.976413958755372,False
Effluent acetate (mol/L),Leucobacter.1,-0.01659850005517464,0.9531814879555479,0.9875303704043965,False
Effluent acetate (mol/L),Syntrophobacter.1,0.007377111135633173,0.9791833377477837,0.9970010013008497,False
Effluent acetate (mol/L),Oscillibacter.1,-0.007207499701564471,0.9796618534521392,0.9970010013008497,False
Effluent acetate (mol/L),Gordonia.1,0.0035842524136632694,0.989885219621927,0.998568423302821,False
Effluent acetate (mol/L),LNR_A2-18.2,0.0,1.0,1.0,False
Effluent propionate (mol/L),Aminiphilus.1,-0.8575891695173564,4.3614038454753365e-05,0.002069576420325678,True
Effluent propionate (mol/L),midas_g_30443.1,-0.8546867367576368,4.9362343053855525e-05,0.002069576420325678,True
Effluent propionate (mol/L),Methanobacterium.4,-0.8525472573205152,5.3988950095452466e-05,0.002069576420325678,True
Effluent propionate (mol/L),Acetobacterium.1,0.8107142857142855,0.0002460079779722061,0.0070727293667009255,True
Effluent propionate (mol/L),Lentimicrobium.1,-0.7892857142857141,0.0004673267561781765,0.010525724954348826,True
Effluent propionate (mol/L),Petrimonas.2,-0.7802118426943541,0.0006003134348900573,0.010525724954348826,True
Effluent propionate (mol/L),Clostridium_sensu_stricto_13.1,0.7777827737649295,0.000640696301569059,0.010525724954348826,True
Effluent propionate (mol/L),midas_g_15299.1,0.7714285714285712,0.0007568751073803477,0.010880079668592498,True
Effluent propionate (mol/L),Petrimonas.1,0.7642857142857141,0.0009073101116849784,0.011593406982641389,True
Effluent propionate (mol/L),Christensenellaceae_R-7_group.4,0.7566878686831479,0.001093030643640103,0.011608635352443336,True
Effluent propionate (mol/L),Fermentimonas.2,0.7560324734729097,0.0011103912076250147,0.011608635352443336,True
Effluent propionate (mol/L),midas_g_76603.1,-0.7491586361589375,0.0013062717184909541,0.011629726923941514,True
Effluent propionate (mol/L),Thermovirga.2,0.748883230224939,0.001314664782706432,0.011629726923941514,True
Effluent propionate (mol/L),EBM-39.1,0.7428571428571428,0.0015094888782350335,0.011814710089678099,True
Effluent propionate (mol/L),Xanthobacter.1,-0.7419408268023742,0.0015410491421319259,0.011814710089678099,True
Effluent propionate (mol/L),midas_g_114295.1,0.7383559972146335,0.0016696686349504351,0.012000743313706253,True
Effluent propionate (mol/L),Christensenellaceae_R-7_group.2,-0.7285714285714285,0.0020652097446907935,0.013970536508202427,True
Effluent propionate (mol/L),Lachnoclostridium.1,0.7220735680450484,0.0023670738426833176,0.01458467700256808,True
Effluent propionate (mol/L),Methanobacterium.5,-0.7212115528027152,0.002409642287380813,0.01458467700256808,True
Effluent propionate (mol/L),Mesotoga.1,0.7107142857142856,0.0029789948868027423,0.016494430564240943,True
Effluent propionate (mol/L),Desulfuromonadaceae.1,0.7101562367894788,0.0030120264508613896,0.016494430564240943,True
Effluent propionate (mol/L),Methanosarcina.1,0.7071428571428571,0.0031954812582450608,0.016703652031735544,True
Effluent propionate (mol/L),Sulfurospirillum.1,0.6964285714285713,0.003921190506879552,0.019605952534397758,True
Effluent propionate (mol/L),Ercella.1,-0.6926893922273594,0.004203221197278649,0.020140434903626863,True
Effluent propionate (mol/L),Aminivibrio.1,0.6857142857142856,0.004772245222691261,0.0219523280243798,True
Effluent propionate (mol/L),Aquamicrobium.2,0.6811087217978427,0.005180259429452754,0.022912685937964104,True
Effluent propionate (mol/L),Taibaiella.1,0.6684955973201049,0.006440290842117209,0.027430868401610332,True
Effluent propionate (mol/L),midas_g_97954.1,0.6594862226931492,0.007479492316622754,0.030719343443272023,True
Effluent propionate (mol/L),Acinetobacter.2,0.6527166008605579,0.008343605630265143,0.03308671198208591,True
Effluent propionate (mol/L),Methanobacteriaceae.1,0.6499999999999999,0.008711583621912317,0.03339440388399722,True
Effluent propionate (mol/L),midas_g_36215.2,-0.6415811820457252,0.00993321869072843,0.036849037078508694,True
Effluent propionate (mol/L),Proteiniphilum.1,-0.6392857142857141,0.010288446619594212,0.0369741050391667,True
Effluent propionate (mol/L),midas_g_36215.1,-0.6321428571428571,0.011457541540078902,0.03992779627603253,True
Effluent propionate (mol/L),Acinetobacter.1,0.6273460950094357,0.012298877474283737,0.04159914439831264,True
Effluent propionate (mol/L),Methanobacterium.3,0.6214285714285712,0.013402006712181815,0.04403516491145453,True
Effluent propionate (mol/L),midas_g_49937.1,-0.6144765042879025,0.014794233709494089,0.047259357683106115,True
Effluent propionate (mol/L),Azoarcus.2,0.6086116686897368,0.016053400932890476,0.049895705602227156,True
Effluent propionate (mol/L),Aquamicrobium.1,-0.6061032181989394,0.016616501777148053,0.05028678169400069,False
Effluent propionate (mol/L),midas_g_84729.1,-0.5974667740653999,0.01867224486324757,0.05505918357111464,False
Effluent propionate (mol/L),Intestinimonas.1,0.5880252571455965,0.021137041758778702,0.06076899505648877,False
Effluent propionate (mol/L),Romboutsia.1,0.5857142857142856,0.02177651761904279,0.06108047624853466,False
Effluent propionate (mol/L),Comamonadaceae.3,0.5665775274016842,0.02765527435585702,0.07572277502198946,False
Effluent propionate (mol/L),Christensenellaceae_R-7_group.1,-0.5441662274681176,0.03598329877387339,0.09545476349559762,False
Effluent propionate (mol/L),Anaerovorax.1,-0.5428571428571428,0.03652182255483735,0.09545476349559762,False
Effluent propionate (mol/L),Desulfobulbus.1,0.5107142857142856,0.05172549836826936,0.1293137459206734,False
Effluent propionate (mol/L),midas_g_2178.1,-0.5107142857142856,0.05172549836826936,0.1293137459206734,False
Effluent propionate (mol/L),Thauera.1,0.493904167354976,0.061313898673407585,0.15002336909450792,False
Effluent propionate (mol/L),Methanobacterium.1,-0.47857142857142854,0.07113080825563314,0.17041756144578774,False
Effluent propionate (mol/L),Desulfovibrio.3,-0.47202001367444407,0.07565234892505832,0.1775514311506471,False
Effluent propionate (mol/L),Thermovirga.1,-0.46485098103997746,0.08083209370870273,0.1859138155300163,False
Effluent propionate (mol/L),Syntrophomonas.1,0.4610694459770734,0.08366385001096276,0.18865377943648465,False
Effluent propionate (mol/L),Desulfosporosinus.2,-0.45501028345194156,0.08834708151019832,0.19538296872447705,False
Effluent propionate (mol/L),Desulfovibrio.4,0.44422471892841525,0.09713725310156077,0.2093299544053743,False
Effluent propionate (mol/L),Syner-01.1,0.4428571428571427,0.09829406554687141,0.2093299544053743,False
Effluent propionate (mol/L),Monoglobus.2,0.42294178481226585,0.11624873682640696,0.24306554063703273,False
Effluent propionate (mol/L),Enterobacteriaceae.1,0.41785714285714276,0.12117253602187847,0.24883645790207184,False
Effluent propionate (mol/L),Pseudarcobacter.1,0.40722373313839266,0.13192845084318802,0.26174924714971,False
Effluent propionate (mol/L),Terrisporobacter.1,0.4071428571428571,0.1320126637798537,0.26174924714971,False
Effluent propionate (mol/L),Proteiniclasticum.1,0.4039810927844341,0.13533360079696444,0.26378583206187983,False
Effluent propionate (mol/L),Dysgonomonas.1,0.39999999999999997,0.1395951293721447,0.26755733129661063,False
Effluent propionate (mol/L),Christensenellaceae_R-7_group.3,0.3928571428571428,0.1474666553113262,0.27739720038876314,False
Effluent propionate (mol/L),Hyphomonas.1,0.3910068588098726,0.1495532732530723,0.27739720038876314,False
Effluent propionate (mol/L),midas_g_9269.1,-0.38214285714285706,0.15982362998696725,0.2871830851328318,False
Effluent propionate (mol/L),Desulfovibrio.2,0.38214285714285706,0.15982362998696725,0.2871830851328318,False
Effluent propionate (mol/L),Comamonadaceae.1,0.37438839013338354,0.16918382725475492,0.2951637183696793,False
Effluent propionate (mol/L),Pseudomonas.2,0.3742140648950548,0.1693983079339029,0.2951637183696793,False
Effluent propionate (mol/L),Acetoanaerobium.1,0.36785714285714277,0.17734214689349137,0.3043932372052464,False
Effluent propionate (mol/L),Devosia.1,0.3585912189912942,0.18935123998815367,0.31930194299480547,False
Effluent propionate (mol/L),Rhizobiaceae.1,-0.3563857521306494,0.19228525865531587,0.31930194299480547,False
Effluent propionate (mol/L),Oscillibacter.2,0.3548409889526637,0.19435770443162073,0.31930194299480547,False
Effluent propionate (mol/L),Sporomusaceae.1,0.3428571428571428,0.2109237934147519,0.3416371301788235,False
Effluent propionate (mol/L),midas_g_3409.1,-0.33571428571428563,0.22121153763932597,0.35332398372947893,False
Effluent propionate (mol/L),Ercella.2,0.3135262370180545,0.255151441129295,0.40195090040916337,False
Effluent propionate (mol/L),Achromobacter.2,-0.2982311166558563,0.280297940692164,0.43218373065033483,False
Effluent propionate (mol/L),Hydrogenophaga.1,0.29730936268953445,0.2818589547719575,0.43218373065033483,False
Effluent propionate (mol/L),midas_g_98124.1,-0.2945941518185897,0.28648727436863464,0.4335004809525393,False
Effluent propionate (mol/L),Ca_Caldatribacterium.1,-0.2810924883610144,0.3101661012170416,0.4632350862332439,False
Effluent propionate (mol/L),Propionicicella.1,-0.2770331758588676,0.3175004381366536,0.46810962032968156,False
Effluent propionate (mol/L),Methanobacterium.6,-0.2729531120184275,0.3249719572029283,0.4711971285841859,False
Effluent propionate (mol/L),Geobacteraceae.1,-0.2714285714285714,0.3277893068411728,0.4711971285841859,False
Effluent propionate (mol/L),Desulfovibrio.1,0.26630931098691146,0.33735110665567025,0.47895527488150713,False
Effluent propionate (mol/L),Syner-01.2,0.2609473785509334,0.34753298123611936,0.48739381514821617,False
Effluent propionate (mol/L),Anaerovorax.2,0.24843620286698453,0.3719478836037019,0.5153494772822376,False
Effluent propionate (mol/L),Devosia.2,0.24026243939284767,0.3883890551836799,0.5317231112633712,False
Effluent propionate (mol/L),Proteiniphilum.2,-0.23276574958505852,0.40380366847185617,0.5463226102854525,False
Effluent propionate (mol/L),Stappia.1,-0.22750514172597078,0.4148094542352821,0.552855264203066,False
Effluent propionate (mol/L),Monoglobus.1,-0.22587697572631282,0.41824702596231944,0.552855264203066,False
Effluent propionate (mol/L),Comamonadaceae.2,0.20788663999246962,0.4571951200330747,0.5928867704584165,False
Effluent propionate (mol/L),Ruminiclostridium.1,0.2071428571428571,0.45884280496347013,0.5928867704584165,False
Effluent propionate (mol/L),Sphaerochaeta.1,-0.20357142857142854,0.4667950724891123,0.5964603704027546,False
Effluent propionate (mol/L),Erysipelothrix.1,0.1964285714285714,0.48289875627163353,0.6102566700136028,False
Effluent propionate (mol/L),Achromobacter.1,-0.1928571428571428,0.49104870160522307,0.6138108770065288,False
Effluent propionate (mol/L),Pannonibacter.1,-0.18214285714285713,0.5158816817070392,0.6379182085624678,False
Effluent propionate (mol/L),Desulfosporosinus.1,-0.15860788941611323,0.5723540718988812,0.6967875429007103,False
Effluent propionate (mol/L),Sphingopyxis.1,0.15728335145535713,0.5756071006571085,0.6967875429007103,False
Effluent propionate (mol/L),Methanobacterium.2,-0.125,0.6571356681869506,0.7871937691822846,False
Effluent propionate (mol/L),Bacteria (unclassified).1,-0.11056324644626618,0.6948609731531739,0.8238042465218041,False
Effluent propionate (mol/L),Thiobacillus.1,-0.09285714285714285,0.7420450099073671,0.8619714761550223,False
Effluent propionate (mol/L),midas_g_94288.1,-0.09285714285714285,0.7420450099073671,0.8619714761550223,False
Effluent propionate (mol/L),Rhodococcus.1,0.07857142857142857,0.7807545523090464,0.8978677351554034,False
Effluent propionate (mol/L),Ochrobactrum.1,-0.06785714285714285,0.8101088187105132,0.9224011302149407,False
Effluent propionate (mol/L),JGI-0000079-D21.1,0.05357142857142857,0.8496099367776072,0.9578935561708317,False
Effluent propionate (mol/L),LNR_A2-18.1,0.049999999999999996,0.859540943467457,0.9596816359102674,False
Effluent propionate (mol/L),Stenotrophomonas.2,-0.04648509810399775,0.8693338876007015,0.9612826641738527,False
Effluent propionate (mol/L),Veillonellales-Selenomonadales.1,-0.04301102896395924,0.8790304199833251,0.96274760283888,False
Effluent propionate (mol/L),Bacteroides.1,-0.035714285714285705,0.8994469934720875,0.9758151344272646,False
Effluent propionate (mol/L),Burkholderiales.1,0.03214285714285714,0.9094621170945906,0.976413958755372,False
Effluent propionate (mol/L),Stenotrophomonas.1,-0.025226248955475653,0.9288926915570472,0.976413958755372,False
Effluent propionate (mol/L),Bosea.1,-0.024999999999999998,0.9295289708192378,0.976413958755372,False
Effluent propionate (mol/L),Paraclostridium.1,0.023424374030084533,0.9339611779399211,0.976413958755372,False
Effluent propionate (mol/L),Leucobacter.1,-0.01659850005517464,0.9531814879555479,0.9875303704043965,False
Effluent propionate (mol/L),Syntrophobacter.1,0.007377111135633173,0.9791833377477837,0.9970010013008497,False
Effluent propionate (mol/L),Oscillibacter.1,-0.007207499701564471,0.9796618534521392,0.9970010013008497,False
Effluent propionate (mol/L),Gordonia.1,0.0035842524136632694,0.989885219621927,0.998568423302821,False
Effluent propionate (mol/L),LNR_A2-18.2,0.0,1.0,1.0,False
Effluent total VFA (mg COD/L),Taibaiella.1,0.8808032864794307,3.187723328528041e-05,0.0021050346297482,True
Effluent total VFA (mg COD/L),Lachnoclostridium.1,0.8778883200077127,3.660929790866435e-05,0.0021050346297482,True
Effluent total VFA (mg COD/L),Petrimonas.2,-0.8622754507448042,7.274632955431609e-05,0.0027886092995821165,True
Effluent total VFA (mg COD/L),Methanobacterium.3,0.8241758241758241,0.00028870384974594377,0.008300235680195884,True
Effluent total VFA (mg COD/L),Methanobacterium.1,-0.8021978021978022,0.0005563056127922433,0.011408769182514654,True
Effluent total VFA (mg COD/L),Ercella.1,-0.7956234080598041,0.0006666184956489696,0.011408769182514654,True
Effluent total VFA (mg COD/L),Methanobacterium.5,-0.7914625638620436,0.0007450496327540119,0.011408769182514654,True
Effluent total VFA (mg COD/L),Xanthobacter.1,-0.786715230834177,0.0008433899558764567,0.011408769182514654,True
Effluent total VFA (mg COD/L),Christensenellaceae_R-7_group.1,-0.7844928714250409,0.0008928601968924512,0.011408769182514654,True
Effluent total VFA (mg COD/L),Acinetobacter.1,0.7802197802197802,0.0009944938002309496,0.01143667870265592,True
Effluent total VFA (mg COD/L),Aminiphilus.1,-0.773190228373135,0.001181624076804231,0.012353342621135141,True
Effluent total VFA (mg COD/L),midas_g_76603.1,-0.7439900305455986,0.0022807315299478424,0.01974797432894769,True
Effluent total VFA (mg COD/L),Clostridium_sensu_stricto_13.1,0.7414745960967397,0.0024041012226545017,0.01974797432894769,True
Effluent total VFA (mg COD/L),Monoglobus.2,0.7414745960967397,0.0024041012226545017,0.01974797432894769,True
Effluent total VFA (mg COD/L),midas_g_49937.1,-0.7130090903100195,0.004202736351388151,0.032220978693975826,True
Effluent total VFA (mg COD/L),midas_g_84729.1,-0.7019973669075481,0.0051297151961125585,0.0352567119731705,True
Effluent total VFA (mg COD/L),Methanosarcina.1,0.7010989010989012,0.005211861769946944,0.0352567119731705,True
Effluent total VFA (mg COD/L),Proteiniphilum.1,-0.6923076923076923,0.006071048749990053,0.03878725590271422,True
Effluent total VFA (mg COD/L),Thermovirga.2,0.6879120879120879,0.0065400424918419155,0.03958446771378002,True
Effluent total VFA (mg COD/L),midas_g_114295.1,0.6754679554946562,0.008021707338133057,0.04445410646279163,True
Effluent total VFA (mg COD/L),EBM-39.1,0.6747252747252748,0.008117706397553255,0.04445410646279163,True
Effluent total VFA (mg COD/L),Proteiniphilum.2,-0.6496022432203168,0.011924252605232881,0.05819106649613166,False
Effluent total VFA (mg COD/L),Dysgonomonas.1,0.6483516483516484,0.012144222573105738,0.05819106649613166,False
Effluent total VFA (mg COD/L),Fermentimonas.2,0.6483516483516484,0.012144222573105738,0.05819106649613166,False
Effluent total VFA (mg COD/L),midas_g_30443.1,-0.6406112087120771,0.013575757893716817,0.06243171676437965,False
Effluent total VFA (mg COD/L),Lentimicrobium.1,-0.6351648351648352,0.014657881327289134,0.06243171676437965,False
Effluent total VFA (mg COD/L),Anaerovorax.1,-0.6351648351648352,0.014657881327289134,0.06243171676437965,False
Effluent total VFA (mg COD/L),Christensenellaceae_R-7_group.2,-0.6263736263736264,0.016541935428871193,0.06794009194000668,False
Effluent total VFA (mg COD/L),Methanobacterium.4,-0.6204624216595864,0.017908597027438616,0.0707231880438308,False
Effluent total VFA (mg COD/L),Thermovirga.1,-0.6182171710670726,0.01844952731578195,0.0707231880438308,False
Effluent total VFA (mg COD/L),Christensenellaceae_R-7_group.4,0.5833239888613888,0.028546764133325648,0.10369641769163292,False
Effluent total VFA (mg COD/L),Petrimonas.1,0.5824175824175825,0.028854655357671767,0.10369641769163292,False
Effluent total VFA (mg COD/L),Ca_Caldatribacterium.1,-0.5555898522840232,0.039137404593443,0.13638792509836195,False
Effluent total VFA (mg COD/L),Romboutsia.1,0.5428571428571429,0.04486396643924868,0.15174576883863522,False
Effluent total VFA (mg COD/L),Sphingopyxis.1,0.5296703296703297,0.051416598137870716,0.16705304603531204,False
Effluent total VFA (mg COD/L),midas_g_36215.2,-0.5275989610741453,0.05250567795004151,0.16705304603531204,False
Effluent total VFA (mg COD/L),Acetobacterium.1,0.5252747252747253,0.053747501767883,0.16705304603531204,False
Effluent total VFA (mg COD/L),Enterobacteriaceae.1,0.5208791208791209,0.05615392734370263,0.16993951696120532,False
Effluent total VFA (mg COD/L),Desulfovibrio.2,0.5164835164835165,0.058637163441278416,0.170064768500825,False
Effluent total VFA (mg COD/L),Achromobacter.2,-0.5155873829195736,0.05915296295680869,0.170064768500825,False
Effluent total VFA (mg COD/L),Aquamicrobium.1,-0.5101225471219204,0.06236930232510689,0.17493828700944614,False
Effluent total VFA (mg COD/L),Aminivibrio.1,0.49890109890109896,0.0693635273971548,0.18992394406363816,False
Effluent total VFA (mg COD/L),midas_g_36215.1,-0.4901098901098901,0.07522006672685848,0.20116994589741222,False
Effluent total VFA (mg COD/L),Achromobacter.1,-0.48571428571428577,0.07827588645863326,0.2045847032441551,False
Effluent total VFA (mg COD/L),Geobacteraceae.1,-0.47252747252747257,0.0879674246125423,0.21991856153135572,False
Effluent total VFA (mg COD/L),midas_g_3409.1,-0.47252747252747257,0.0879674246125423,0.21991856153135572,False
Effluent total VFA (mg COD/L),Erysipelothrix.1,0.4681318681318682,0.09137636506833101,0.22358046772038437,False
Effluent total VFA (mg COD/L),Comamonadaceae.3,0.4593406593406593,0.09846837616829024,0.23591381790319538,False
Effluent total VFA (mg COD/L),midas_g_9269.1,-0.45054945054945056,0.10593278527264065,0.2485271211615432,False
Effluent total VFA (mg COD/L),Aquamicrobium.2,0.448127987857956,0.10805527007023617,0.2485271211615432,False
Effluent total VFA (mg COD/L),Methanobacteriaceae.1,0.4241758241758242,0.13063731043811044,0.2889094365458212,False
Effluent total VFA (mg COD/L),Sulfurospirillum.1,0.4241758241758242,0.13063731043811044,0.2889094365458212,False
Effluent total VFA (mg COD/L),midas_g_97954.1,0.41722260938499356,0.13774482659668433,0.2964154527677381,False
Effluent total VFA (mg COD/L),Anaerovorax.2,0.4158418357931271,0.13918638651702486,0.2964154527677381,False
Effluent total VFA (mg COD/L),midas_g_15299.1,0.410989010989011,0.14433266812460488,0.3017864878969011,False
Effluent total VFA (mg COD/L),Oscillibacter.2,0.40264050767271037,0.15347900136732864,0.3151800920936213,False
Effluent total VFA (mg COD/L),Mesotoga.1,0.39780219780219783,0.1589507745108346,0.3169567965351627,False
Effluent total VFA (mg COD/L),Desulfuromonadaceae.1,0.39701196569131636,0.1598564712959951,0.3169567965351627,False
Effluent total VFA (mg COD/L),Azoarcus.2,0.3933577597354859,0.16408860817550172,0.3198337277997067,False
Effluent total VFA (mg COD/L),Methanobacterium.6,-0.3888622424813661,0.16939472034477318,0.3246732139941486,False
Effluent total VFA (mg COD/L),midas_g_2178.1,-0.38461538461538464,0.1745087507750955,0.3289919071989505,False
Effluent total VFA (mg COD/L),Sporomusaceae.1,0.3626373626373627,0.20256454381724168,0.3757245570803676,False
Effluent total VFA (mg COD/L),Intestinimonas.1,0.35824175824175825,0.20849812479076696,0.38059181509425716,False
Effluent total VFA (mg COD/L),Acinetobacter.2,0.326146066625936,0.2551123662540049,0.45840503311266506,False
Effluent total VFA (mg COD/L),Thiobacillus.1,-0.3186813186813187,0.26678496081136144,0.46485258323191764,False
Effluent total VFA (mg COD/L),Burkholderiales.1,0.3186813186813187,0.26678496081136144,0.46485258323191764,False
Effluent total VFA (mg COD/L),Methanobacterium.2,0.3142857142857143,0.27380490296286775,0.46809638089514144,False
Effluent total VFA (mg COD/L),Comamonadaceae.1,0.31243844916132885,0.2767874252249532,0.46809638089514144,False
Effluent total VFA (mg COD/L),Terrisporobacter.1,0.2967032967032967,0.302966723838702,0.50494453973117,False
Effluent total VFA (mg COD/L),Desulfovibrio.4,0.27679295157736494,0.3380606733882772,0.5553853919950268,False
Effluent total VFA (mg COD/L),Gordonia.1,0.2662267837617375,0.35756450285085106,0.5791537722232095,False
Effluent total VFA (mg COD/L),Acetoanaerobium.1,0.26153846153846155,0.3664111370667423,0.5852400105927134,False
Effluent total VFA (mg COD/L),Desulfovibrio.3,-0.2535753845383247,0.38170520278348635,0.6001998810123024,False
Effluent total VFA (mg COD/L),Devosia.1,0.24826043877496617,0.39209915466818557,0.6001998810123024,False
Effluent total VFA (mg COD/L),Bacteroides.1,0.24395604395604395,0.400624803916119,0.6001998810123024,False
Effluent total VFA (mg COD/L),Desulfosporosinus.2,-0.24332991445596813,0.4018729638082373,0.6001998810123024,False
Effluent total VFA (mg COD/L),Proteiniclasticum.1,0.24332991445596813,0.4018729638082373,0.6001998810123024,False
Effluent total VFA (mg COD/L),Comamonadaceae.2,0.21782191398687606,0.4544107943236178,0.6615789204648801,False
Effluent total VFA (mg COD/L),Oscillibacter.1,0.21779122209533713,0.4544759540584829,0.6615789204648801,False
Effluent total VFA (mg COD/L),Syntrophomonas.1,0.21353706957069238,0.46355170591432115,0.6663555772518367,False
Effluent total VFA (mg COD/L),Monoglobus.1,0.19215378456610455,0.5104625064471463,0.7188677634651164,False
Effluent total VFA (mg COD/L),Desulfobulbus.1,0.1912087912087912,0.5125839704707786,0.7188677634651164,False
Effluent total VFA (mg COD/L),Desulfovibrio.1,-0.18481859368583423,0.527033473063023,0.7295381648366732,False
Effluent total VFA (mg COD/L),Desulfosporosinus.1,0.18206844879185347,0.5333070705396187,0.7295381648366732,False
Effluent total VFA (mg COD/L),LNR_A2-18.2,-0.178021978021978,0.5425969526062154,0.7295381648366732,False
Effluent total VFA (mg COD/L),Stappia.1,-0.17673435892065056,0.5455676710952513,0.7295381648366732,False
Effluent total VFA (mg COD/L),Ruminiclostridium.1,-0.16043956043956045,0.583752752641341,0.7716272017672898,False
Effluent total VFA (mg COD/L),Hyphomonas.1,0.15673441939859545,0.5925832536171273,0.7743985700678367,False
Effluent total VFA (mg COD/L),Propionicicella.1,0.14741483067798686,0.6150255963918938,0.7826468452816551,False
Effluent total VFA (mg COD/L),Rhizobiaceae.1,-0.14316527401666093,0.6253652351775815,0.7826468452816551,False
Effluent total VFA (mg COD/L),Thauera.1,0.14316527401666093,0.6253652351775815,0.7826468452816551,False
Effluent total VFA (mg COD/L),midas_g_94288.1,-0.14285714285714285,0.6261174762253241,0.7826468452816551,False
Effluent total VFA (mg COD/L),Syner-01.2,-0.1384615384615385,0.6368849912650185,0.7840815338767162,False
Effluent total VFA (mg COD/L),Devosia.2,0.13575247859122433,0.6435546270076318,0.7840815338767162,False
Effluent total VFA (mg COD/L),Rhodococcus.1,0.13406593406593406,0.6477195279851133,0.7840815338767162,False
Effluent total VFA (mg COD/L),Leucobacter.1,-0.12362672448829558,0.6737086448156387,0.8070468141020672,False
Effluent total VFA (mg COD/L),Sphaerochaeta.1,-0.1164835164835165,0.6916912502331575,0.8200463275960114,False
Effluent total VFA (mg COD/L),Bosea.1,-0.1076923076923077,0.7140308087262492,0.8378932959542721,False
Effluent total VFA (mg COD/L),Pannonibacter.1,0.1032967032967033,0.725282211088945,0.8424995381336229,False
Effluent total VFA (mg COD/L),LNR_A2-18.1,-0.0945054945054945,0.7479382611415479,0.8601290003127802,False
Effluent total VFA (mg COD/L),JGI-0000079-D21.1,0.07692307692307693,0.7938058883554534,0.9038383877314569,False
Effluent total VFA (mg COD/L),Hydrogenophaga.1,0.060003704046674516,0.8385386093170226,0.9382009971789173,False
Effluent total VFA (mg COD/L),Ochrobactrum.1,-0.059340659340659345,0.8403017626906825,0.9382009971789173,False
Effluent total VFA (mg COD/L),Christensenellaceae_R-7_group.3,-0.054945054945054944,0.8520077036323678,0.942123903055022,False
Effluent total VFA (mg COD/L),Stenotrophomonas.2,0.049286405809014416,0.8671187487434974,0.9433002598340261,False
Effluent total VFA (mg COD/L),Veillonellales-Selenomonadales.1,-0.04840486977486136,0.8694767612383197,0.9433002598340261,False
Effluent total VFA (mg COD/L),midas_g_98124.1,0.04222482877358577,0.8860350042168245,0.9522806120087366,False
Effluent total VFA (mg COD/L),Syntrophobacter.1,0.029220862151778954,0.921010667324153,0.9682989583731432,False
Effluent total VFA (mg COD/L),Paraclostridium.1,-0.028697851439179446,0.9224205466669382,0.9682989583731432,False
Effluent total VFA (mg COD/L),Pseudarcobacter.1,-0.026668312909633115,0.9278935419776105,0.9682989583731432,False
Effluent total VFA (mg COD/L),Syner-01.1,0.02417582417582418,0.9346189946036425,0.9682989583731432,False
Effluent total VFA (mg COD/L),Pseudomonas.2,-0.007684102561767414,0.979200941109189,0.9879684034159789,False
Effluent total VFA (mg COD/L),Bacteria (unclassified).1,-0.007684102561767414,0.979200941109189,0.9879684034159789,False
Effluent total VFA (mg COD/L),Stenotrophomonas.1,-0.006622581101349103,0.9820737763943407,0.9879684034159789,False
Effluent total VFA (mg COD/L),Ercella.2,-0.004444718818272186,0.9879684034159789,0.9879684034159789,False
Media COD (mg/L),Acinetobacter.1,-0.8882934735603693,9.71781283566526e-06,0.001117548476101505,True
Media COD (mg/L),Methanobacterium.5,0.8702888011474106,2.453814096930286e-05,0.0014109431057349143,True
Media COD (mg/L),Romboutsia.1,-0.8571428571428571,4.4460044470047475e-05,0.0015199048636694867,True
Media COD (mg/L),midas_g_114295.1,-0.8530520744518582,5.2866256127634325e-05,0.0015199048636694867,True
Media COD (mg/L),midas_g_49937.1,0.8164670506801195,0.00020429160171202775,0.003694540885351052,True
Media COD (mg/L),EBM-39.1,-0.8142857142857142,0.000219365827727102,0.003694540885351052,True
Media COD (mg/L),midas_g_76603.1,0.8131571126147261,0.0002275157901009996,0.003694540885351052,True
Media COD (mg/L),midas_g_84729.1,0.8037097530132427,0.0003059706075736339,0.003694540885351052,True
Media COD (mg/L),Methanosarcina.1,-0.8035714285714284,0.0003072650318125094,0.003694540885351052,True
Media COD (mg/L),Fermentimonas.2,-0.7989279329607344,0.0003533908672944485,0.003694540885351052,True
Media COD (mg/L),Thermovirga.2,-0.7989279329607344,0.0003533908672944485,0.003694540885351052,True
Media COD (mg/L),Monoglobus.2,-0.7885355310059193,0.00047731622058098147,0.004574280447234406,True
Media COD (mg/L),Methanobacterium.1,0.7785714285714285,0.0006273501294803567,0.005305422100444751,True
Media COD (mg/L),Lachnoclostridium.1,-0.7774802032168221,0.000645877473097622,0.005305422100444751,True
Media COD (mg/L),Comamonadaceae.3,-0.7739055815928366,0.000709709481631827,0.005441106025844007,True
Media COD (mg/L),Petrimonas.2,0.763994968365834,0.0009139111093982569,0.006506119605835707,True
Media COD (mg/L),Oscillibacter.2,-0.7598615116966132,0.0010120413592254807,0.006506119605835707,True
Media COD (mg/L),Methanobacterium.4,0.7596070950968951,0.0010183491556960238,0.006506119605835707,True
Media COD (mg/L),Enterobacteriaceae.1,-0.7535714285714286,0.0011775830234888275,0.0071274761948007985,True
Media COD (mg/L),Aminiphilus.1,0.7358668357794091,0.0017639539563505857,0.010142735249015869,True
Media COD (mg/L),Terrisporobacter.1,-0.7249999999999999,0.0022270323137542148,0.012195653146749271,True
Media COD (mg/L),Christensenellaceae_R-7_group.4,-0.7190417060620957,0.0025195137918331994,0.013170185730037177,True
Media COD (mg/L),midas_g_97954.1,-0.7153443453802738,0.0027159440997236058,0.013568123677787612,True
Media COD (mg/L),Clostridium_sensu_stricto_13.1,-0.7132662303189907,0.002831608419712197,0.013568123677787612,True
Media COD (mg/L),Ercella.1,0.7077478572757802,0.003157951938985006,0.014526578919331028,True
Media COD (mg/L),Taibaiella.1,-0.6991274710517537,0.0037271401822520124,0.016422954131521075,True
Media COD (mg/L),Aquamicrobium.2,-0.6973255961263627,0.003855824013487557,0.016422954131521075,True
Media COD (mg/L),Acinetobacter.2,-0.6889786342417,0.004498803433238484,0.018477228386515204,True
Media COD (mg/L),Desulfovibrio.2,-0.6785714285714285,0.005416550219591711,0.02147942328458782,True
Media COD (mg/L),Christensenellaceae_R-7_group.2,0.6714285714285713,0.00612776678882011,0.023489772690477088,True
Media COD (mg/L),Dysgonomonas.1,-0.6535714285714285,0.008230371463638971,0.029909415979174576,True
Media COD (mg/L),Azoarcus.2,-0.6528743355035359,0.008322620098552926,0.029909415979174576,True
Media COD (mg/L),Sphingopyxis.1,-0.6470065139413553,0.009131655394806046,0.031822435466748344,True
Media COD (mg/L),Syntrophomonas.1,-0.628898724312728,0.012021469733325412,0.04029066558390569,True
Media COD (mg/L),Thermovirga.1,0.6275488244039695,0.012262376482058255,0.04029066558390569,True
Media COD (mg/L),Desulfovibrio.4,-0.6249262995094654,0.012741101998300487,0.04070074249457099,True
Media COD (mg/L),midas_g_2178.1,0.6071428571428571,0.01638130676830708,0.050914872387981466,False
Media COD (mg/L),Devosia.1,-0.6003381081989083,0.017968268513189407,0.05437765471096794,False
Media COD (mg/L),Hyphomonas.1,-0.5982224752298511,0.018484950273765285,0.05450690465341046,False
Media COD (mg/L),Rhodococcus.1,-0.5928571428571427,0.01984642197018115,0.05705846316427081,False
Media COD (mg/L),Christensenellaceae_R-7_group.1,0.5856093507521133,0.021805900793122144,0.06116289246851333,False
Media COD (mg/L),Aminivibrio.1,-0.5785714285714285,0.023846658762996617,0.06529442280344312,False
Media COD (mg/L),Desulfuromonadaceae.1,-0.5676997461760205,0.02728059810856112,0.07295973912754719,False
Media COD (mg/L),Paraclostridium.1,-0.5621849767220288,0.0291593627487384,0.07621197082056627,False
Media COD (mg/L),Intestinimonas.1,-0.5558536625297279,0.031434924726757525,0.08033369652393589,False
Media COD (mg/L),midas_g_9269.1,0.5535714285714285,0.032287103770123615,0.08071775942530904,False
Media COD (mg/L),Proteiniphilum.1,0.5428571428571428,0.03652182255483735,0.08936190625119778,False
Media COD (mg/L),Anaerovorax.1,0.5392857142857141,0.03802165626355804,0.09089450377904236,False
Media COD (mg/L),Comamonadaceae.2,-0.5376378620494904,0.03872896247976587,0.09089450377904236,False
Media COD (mg/L),midas_g_30443.1,0.5200859717291152,0.0468843555204104,0.10783401769694392,False
Media COD (mg/L),midas_g_3409.1,0.5178571428571428,0.04800407736655832,0.10824448817949425,False
Media COD (mg/L),Xanthobacter.1,0.5128120420545822,0.05061132081668602,0.1119288825753633,False
Media COD (mg/L),Comamonadaceae.1,-0.509020668358689,0.0526380826770221,0.11421470769542531,False
Media COD (mg/L),Lentimicrobium.1,0.5035714285714286,0.05565451716115846,0.11852350876913376,False
Media COD (mg/L),Ca_Caldatribacterium.1,0.4865062298556018,0.06591893817666716,0.13641117709637138,False
Media COD (mg/L),Burkholderiales.1,-0.48571428571428565,0.06642631232518954,0.13641117709637138,False
Media COD (mg/L),Petrimonas.1,-0.47857142857142854,0.07113080825563314,0.14350952542803178,False
Media COD (mg/L),Geobacteraceae.1,0.47142857142857136,0.07607042915033117,0.15082929917738078,False
Media COD (mg/L),Acetobacterium.1,-0.4642857142857142,0.081250980755495,0.15837055570986314,False
Media COD (mg/L),Gordonia.1,-0.4587843089488985,0.08540883778954544,0.1637002724299621,False
Media COD (mg/L),Syntrophobacter.1,-0.44631522370580695,0.09538744993917837,0.17982879906566412,False
Media COD (mg/L),JGI-0000079-D21.1,-0.4357142857142856,0.10449335704406652,0.19381832354947823,False
Media COD (mg/L),Methanobacterium.2,-0.42499999999999993,0.11429547548052225,0.20863459809936605,False
Media COD (mg/L),Pseudomonas.2,-0.4188646067291238,0.12018575734038837,0.21438217911563115,False
Media COD (mg/L),Thiobacillus.1,0.41785714285714276,0.12117253602187847,0.21438217911563115,False
Media COD (mg/L),Proteiniclasticum.1,-0.4124859578956853,0.1265274311127922,0.22046446330259245,False
Media COD (mg/L),Erysipelothrix.1,-0.4071428571428571,0.1320126637798537,0.22395891095638587,False
Media COD (mg/L),Thauera.1,-0.4067446084099803,0.13242787778290643,0.22395891095638587,False
Media COD (mg/L),Proteiniphilum.2,0.4000661320993194,0.1395236071074384,0.23253934517906402,False
Media COD (mg/L),midas_g_15299.1,-0.39642857142857135,0.1434945314423537,0.23574101594100963,False
Media COD (mg/L),Devosia.2,-0.39335001139537007,0.14691414784546353,0.2379595352426522,False
Media COD (mg/L),Pseudarcobacter.1,-0.38740310895909036,0.1536739123728791,0.24545138781779302,False
Media COD (mg/L),midas_g_36215.2,0.3835150082619698,0.15820395687973896,0.24922541152287644,False
Media COD (mg/L),Acetoanaerobium.1,-0.36428571428571427,0.18191025904581398,0.2826983755441704,False
Media COD (mg/L),Pannonibacter.1,-0.3607142857142856,0.1865543741541635,0.2860500403697174,False
Media COD (mg/L),midas_g_36215.1,0.35357142857142854,0.19607167843419873,0.2890800387170879,False
Media COD (mg/L),Ochrobactrum.1,-0.35357142857142854,0.19607167843419873,0.2890800387170879,False
Media COD (mg/L),Sulfurospirillum.1,-0.35357142857142854,0.19607167843419873,0.2890800387170879,False
Media COD (mg/L),Methanobacterium.3,-0.3428571428571428,0.2109237934147519,0.3070409650974236,False
Media COD (mg/L),Methanobacteriaceae.1,-0.33928571428571425,0.2160289253419548,0.31054158017906003,False
Media COD (mg/L),Sphaerochaeta.1,0.32499999999999996,0.237225438237234,0.33680154811459145,False
Media COD (mg/L),Leucobacter.1,-0.3153715010483181,0.25221422351201755,0.3537150695595368,False
Media COD (mg/L),Bacteria (unclassified).1,-0.3125537928384832,0.25670770948440214,0.35567935651453303,False
Media COD (mg/L),Bosea.1,-0.3,0.27731678036838414,0.3796598778852878,False
Media COD (mg/L),Hydrogenophaga.1,0.28829998806257884,0.2973884596717936,0.3991112689895767,False
Media COD (mg/L),Stenotrophomonas.1,-0.2864981131371877,0.30055343481941726,0.3991112689895767,False
Media COD (mg/L),Desulfobulbus.1,-0.28571428571428564,0.3019363513225493,0.3991112689895767,False
Media COD (mg/L),Syner-01.2,-0.27167124342288956,0.327339919919453,0.42354798074983,False
Media COD (mg/L),Sporomusaceae.1,-0.2714285714285714,0.3277893068411728,0.42354798074983,False
Media COD (mg/L),midas_g_94288.1,0.2678571428571428,0.33444360051235367,0.4273446006546741,False
Media COD (mg/L),Ruminiclostridium.1,-0.2571428571428571,0.3548603636506091,0.4484499101079126,False
Media COD (mg/L),Syner-01.1,-0.24642857142857136,0.375950515973805,0.4659858397781337,False
Media COD (mg/L),Rhizobiaceae.1,-0.24598364413365473,0.37684072260318635,0.4659858397781337,False
Media COD (mg/L),Desulfosporosinus.1,-0.23422327855635325,0.4007818124071699,0.4903181747534525,False
Media COD (mg/L),Achromobacter.2,-0.22912878474779202,0.4113961100076795,0.4980058173777173,False
Media COD (mg/L),Stenotrophomonas.2,-0.2188673369063227,0.4332135914795479,0.5189537814598751,False
Media COD (mg/L),Monoglobus.1,-0.20705389441578675,0.4590400776857892,0.5442227725140799,False
Media COD (mg/L),Mesotoga.1,-0.18928571428571428,0.4992630332385452,0.5858698859431908,False
Media COD (mg/L),Achromobacter.1,-0.1857142857142857,0.5075409629336735,0.5895677852259843,False
Media COD (mg/L),LNR_A2-18.1,0.16428571428571426,0.5584973732486012,0.6422719792358913,False
Media COD (mg/L),Methanobacterium.6,0.15860788941611323,0.5723540718988812,0.6516902798848647,False
Media COD (mg/L),LNR_A2-18.2,0.15357142857142855,0.5847640949410158,0.6592928521393805,False
Media COD (mg/L),Anaerovorax.2,-0.1322610000874594,0.6384416250817859,0.7128231736350037,False
Media COD (mg/L),Desulfovibrio.3,0.12969919294658147,0.645014860418358,0.7132375860395305,False
Media COD (mg/L),midas_g_98124.1,-0.12365680446706236,0.6606150050236869,0.7198840588918024,False
Media COD (mg/L),Oscillibacter.1,-0.12252749492659602,0.6635453064567918,0.7198840588918024,False
Media COD (mg/L),Christensenellaceae_R-7_group.3,-0.11428571428571425,0.6850657626568974,0.736285632762086,False
Media COD (mg/L),Bacteroides.1,-0.0857142857142857,0.7613341261907666,0.8106798565920199,False
Media COD (mg/L),Veillonellales-Selenomonadales.1,-0.08243780551425521,0.7702267320430024,0.8126245338068374,False
Media COD (mg/L),Aquamicrobium.1,-0.06776309271789384,0.8103675916335684,0.8472024821623669,False
Media COD (mg/L),Desulfosporosinus.2,0.06166027205657152,0.827196965348783,0.8570058650009914,False
Media COD (mg/L),Ercella.2,-0.025226248955475653,0.9288926915570472,0.9537737457951824,False
Media COD (mg/L),Stappia.1,-0.02126216277812811,0.9400463455858799,0.9566843340033291,False
Media COD (mg/L),Desulfovibrio.1,0.0017873108119926943,0.9949561096266831,0.9949561096266831,False
Media COD (mg/L),Propionicicella.1,-0.0017873108119926943,0.9949561096266831,0.9949561096266831,False
Media VFA (mg COD/L),Syntrophomonas.1,0.8022608360001077,0.0003197531459289787,0.036771611781832546,True
Media VFA (mg COD/L),Enterobacteriaceae.1,0.7678571428571428,0.0008293296291369943,0.047686453675377174,True
Media VFA (mg COD/L),Comamonadaceae.2,0.5519748717041435,0.032893493734475546,0.7727617389887145,False
Media VFA (mg COD/L),Comamonadaceae.3,0.5397678652217937,0.03781653759195555,0.7727617389887145,False
Media VFA (mg COD/L),Oscillibacter.2,0.5161323475675108,0.048884021557323756,0.7727617389887145,False
Media VFA (mg COD/L),midas_g_30443.1,-0.5091750772173157,0.05255439565933028,0.7727617389887145,False
Media VFA (mg COD/L),midas_g_97954.1,0.4865062298556018,0.06591893817666716,0.7727617389887145,False
Media VFA (mg COD/L),midas_g_2178.1,-0.4678571428571427,0.07863023115438064,0.7727617389887145,False
Media VFA (mg COD/L),Christensenellaceae_R-7_group.2,-0.46071428571428563,0.08393338135031418,0.7727617389887145,False
Media VFA (mg COD/L),Intestinimonas.1,0.4468277029981736,0.0949618981346005,0.7727617389887145,False
Media VFA (mg COD/L),Aquamicrobium.2,0.42884623224308605,0.1107064108402762,0.7727617389887145,False
Media VFA (mg COD/L),Devosia.2,0.42736947184037505,0.11207505943131159,0.7727617389887145,False
Media VFA (mg COD/L),Syner-01.1,0.42499999999999993,0.11429547548052225,0.7727617389887145,False
Media VFA (mg COD/L),Stenotrophomonas.1,0.4198368576161305,0.11923872130019854,0.7727617389887145,False
Media VFA (mg COD/L),Methanobacterium.5,-0.4149988264730708,0.1240024250448175,0.7727617389887145,False
Media VFA (mg COD/L),Terrisporobacter.1,0.4071428571428571,0.1320126637798537,0.7727617389887145,False
Media VFA (mg COD/L),Methanobacterium.4,-0.4057195543223416,0.13350068230193896,0.7727617389887145,False
Media VFA (mg COD/L),Achromobacter.2,0.4000661320993194,0.1395236071074384,0.7727617389887145,False
Media VFA (mg COD/L),midas_g_49937.1,-0.3976024439509957,0.14220485788705345,0.7727617389887145,False
Media VFA (mg COD/L),Leucobacter.1,0.3854540568368333,0.15593379819145334,0.7727617389887145,False
Media VFA (mg COD/L),Pseudarcobacter.1,0.3693843597051792,0.17541185554373534,0.7727617389887145,False
Media VFA (mg COD/L),Acinetobacter.2,0.366649448631548,0.1788783866973117,0.7727617389887145,False
Media VFA (mg COD/L),midas_g_84729.1,-0.3550781183947394,0.19403864130538187,0.7727617389887145,False
Media VFA (mg COD/L),Aminivibrio.1,0.35,0.20094535081629333,0.7727617389887145,False
Media VFA (mg COD/L),Rhodococcus.1,0.35,0.20094535081629333,0.7727617389887145,False
Media VFA (mg COD/L),Comamonadaceae.1,0.34672422337475917,0.20548323852872744,0.7727617389887145,False
Media VFA (mg COD/L),Paraclostridium.1,0.3405543608989213,0.21420660929731716,0.7727617389887145,False
Media VFA (mg COD/L),Aminiphilus.1,-0.33381427888740106,0.2240003167596322,0.7727617389887145,False
Media VFA (mg COD/L),Thermovirga.1,-0.3273325658156508,0.23367950091683995,0.7727617389887145,False
Media VFA (mg COD/L),Hyphomonas.1,0.3261393614957923,0.23548924635369536,0.7727617389887145,False
Media VFA (mg COD/L),Acinetobacter.1,0.3252905677826704,0.23678190990851963,0.7727617389887145,False
Media VFA (mg COD/L),Pseudomonas.2,0.3231848742275473,0.24000774956579896,0.7727617389887145,False
Media VFA (mg COD/L),Dysgonomonas.1,0.3214285714285714,0.2427190468016684,0.7727617389887145,False
Media VFA (mg COD/L),Desulfovibrio.4,0.31999238227894317,0.2449501708759153,0.7727617389887145,False
Media VFA (mg COD/L),Petrimonas.2,-0.3099224871672723,0.26094773037562136,0.7727617389887145,False
Media VFA (mg COD/L),midas_g_76603.1,-0.3086985334926275,0.262934389345851,0.7727617389887145,False
Media VFA (mg COD/L),Monoglobus.2,0.3082457075750412,0.26367171151720536,0.7727617389887145,False
Media VFA (mg COD/L),midas_g_15299.1,0.30357142857142855,0.27135583600386837,0.7727617389887145,False
Media VFA (mg COD/L),Burkholderiales.1,0.30357142857142855,0.27135583600386837,0.7727617389887145,False
Media VFA (mg COD/L),Erysipelothrix.1,0.30357142857142855,0.27135583600386837,0.7727617389887145,False
Media VFA (mg COD/L),midas_g_114295.1,0.29390869792038815,0.28766277800001666,0.7727617389887145,False
Media VFA (mg COD/L),Romboutsia.1,0.2928571428571428,0.28947166721240103,0.7727617389887145,False
Media VFA (mg COD/L),Achromobacter.1,0.28928571428571426,0.29566536100437774,0.7727617389887145,False
Media VFA (mg COD/L),EBM-39.1,0.28928571428571426,0.29566536100437774,0.7727617389887145,False
Media VFA (mg COD/L),Xanthobacter.1,-0.27277236279499045,0.3253052557293346,0.7784900427562652,False
Media VFA (mg COD/L),Veillonellales-Selenomonadales.1,0.27240318343840847,0.3259866231853008,0.7784900427562652,False
Media VFA (mg COD/L),Desulfovibrio.2,0.2714285714285714,0.3277893068411728,0.7784900427562652,False
Media VFA (mg COD/L),Rhizobiaceae.1,0.26535243501032046,0.33915565531473124,0.7784900427562652,False
Media VFA (mg COD/L),Methanosarcina.1,0.2642857142857143,0.34117375799008204,0.7784900427562652,False
Media VFA (mg COD/L),Azoarcus.2,0.2600431675310694,0.3492667445206175,0.7784900427562652,False
Media VFA (mg COD/L),Lachnoclostridium.1,0.2591600677389407,0.3509646773841344,0.7784900427562652,False
Media VFA (mg COD/L),Ercella.1,-0.2522292895610493,0.36444933075516583,0.7784900427562652,False
Media VFA (mg COD/L),Anaerovorax.2,-0.25201082449096995,0.36487894465715465,0.7784900427562652,False
Media VFA (mg COD/L),Fermentimonas.2,0.25022351367897727,0.36840413955756574,0.7784900427562652,False
Media VFA (mg COD/L),Methanobacterium.6,-0.24528894525980305,0.37823295221279674,0.7784900427562652,False
Media VFA (mg COD/L),Syner-01.2,0.24486158124299912,0.37909080342913787,0.7784900427562652,False
Media VFA (mg COD/L),Thermovirga.2,0.23949964880702104,0.3899429158666543,0.7867269355204428,False
Media VFA (mg COD/L),Christensenellaceae_R-7_group.3,0.23571428571428568,0.39770294590327276,0.7885489444633857,False
Media VFA (mg COD/L),Desulfuromonadaceae.1,0.2317575742815964,0.40590088348858966,0.7907518267846907,False
Media VFA (mg COD/L),Methanobacterium.1,-0.2285714285714285,0.41256617049636035,0.7907518267846907,False
Media VFA (mg COD/L),Mesotoga.1,0.21071428571428572,0.450957865215285,0.8273273624249905,False
Media VFA (mg COD/L),Christensenellaceae_R-7_group.4,0.20705389441578675,0.4590400776857892,0.8273273624249905,False
Media VFA (mg COD/L),Sulfurospirillum.1,0.20357142857142854,0.4667950724891123,0.8273273624249905,False
Media VFA (mg COD/L),Clostridium_sensu_stricto_13.1,0.2007181351651431,0.4731962261173436,0.8273273624249905,False
Media VFA (mg COD/L),Taibaiella.1,0.20000811671841406,0.47479566514443405,0.8273273624249905,False
Media VFA (mg COD/L),Pannonibacter.1,0.19999999999999998,0.47481396452216845,0.8273273624249905,False
Media VFA (mg COD/L),Thiobacillus.1,-0.18928571428571428,0.4992630332385452,0.8352512618797948,False
Media VFA (mg COD/L),midas_g_3409.1,-0.18928571428571428,0.4992630332385452,0.8352512618797948,False
Media VFA (mg COD/L),Ruminiclostridium.1,0.1857142857142857,0.5075409629336735,0.8352512618797948,False
Media VFA (mg COD/L),Devosia.1,0.18533928172583747,0.5084138115790056,0.8352512618797948,False
Media VFA (mg COD/L),Oscillibacter.1,-0.1801874925391118,0.5204745444425374,0.8430221494491803,False
Media VFA (mg COD/L),Hydrogenophaga.1,-0.17297999283754734,0.537562011675458,0.8431118498159629,False
Media VFA (mg COD/L),Petrimonas.1,0.16785714285714282,0.5498555542278019,0.8431118498159629,False
Media VFA (mg COD/L),Ochrobactrum.1,0.16785714285714282,0.5498555542278019,0.8431118498159629,False
Media VFA (mg COD/L),Geobacteraceae.1,-0.16785714285714282,0.5498555542278019,0.8431118498159629,False
Media VFA (mg COD/L),Methanobacteriaceae.1,-0.16428571428571426,0.5584973732486012,0.8450947095209097,False
Media VFA (mg COD/L),midas_g_94288.1,0.1607142857142857,0.5671967045803447,0.847111961386229,False
Media VFA (mg COD/L),Methanobacterium.3,0.14285714285714282,0.6115222287644656,0.8728343349156829,False
Media VFA (mg COD/L),Sphingopyxis.1,0.13941024333543017,0.6202305866883092,0.8728343349156829,False
Media VFA (mg COD/L),Sporomusaceae.1,0.13928571428571426,0.6205460876279013,0.8728343349156829,False
Media VFA (mg COD/L),Syntrophobacter.1,0.13647655600921374,0.6276794656402881,0.8728343349156829,False
Media VFA (mg COD/L),Bacteroides.1,0.1357142857142857,0.6296204418728145,0.8728343349156829,False
Media VFA (mg COD/L),Thauera.1,0.1355815361366601,0.6299586938956668,0.8728343349156829,False
Media VFA (mg COD/L),midas_g_9269.1,-0.13214285714285715,0.6387442188840663,0.8744712520436622,False
Media VFA (mg COD/L),Stappia.1,-0.11694189527970461,0.678104602840301,0.917435639136878,False
Media VFA (mg COD/L),Ercella.2,-0.1117162453742493,0.6918221271060776,0.9251109839209177,False
Media VFA (mg COD/L),Acetobacterium.1,0.10714285714285714,0.7039010016261618,0.9287143651250546,False
Media VFA (mg COD/L),Stenotrophomonas.2,0.10459147073399493,0.7106683837478679,0.9287143651250546,False
Media VFA (mg COD/L),Christensenellaceae_R-7_group.1,-0.10090499582190261,0.7204819243002213,0.9309597898261287,False
Media VFA (mg COD/L),Lentimicrobium.1,-0.08928571428571427,0.7516725173502768,0.9314194097014696,False
Media VFA (mg COD/L),Proteiniphilum.2,-0.08728715609439695,0.7570749968981557,0.9314194097014696,False
Media VFA (mg COD/L),midas_g_36215.2,-0.08602205792791848,0.7605002143751723,0.9314194097014696,False
Media VFA (mg COD/L),Propionicicella.1,-0.08579091897564933,0.7611264647933978,0.9314194097014696,False
Media VFA (mg COD/L),midas_g_36215.1,-0.0857142857142857,0.7613341261907666,0.9314194097014696,False
Media VFA (mg COD/L),JGI-0000079-D21.1,-0.08214285714285713,0.7710285652881773,0.9333503685067409,False
Media VFA (mg COD/L),Proteiniphilum.1,-0.075,0.7905107941552678,0.946966055498498,False
Media VFA (mg COD/L),LNR_A2-18.2,0.06428571428571428,0.8199479653196375,0.9537174065824481,False
Media VFA (mg COD/L),Desulfobulbus.1,-0.06071428571428571,0.8298120954425187,0.9537174065824481,False
Media VFA (mg COD/L),Acetoanaerobium.1,-0.06071428571428571,0.8298120954425187,0.9537174065824481,False
Media VFA (mg COD/L),Sphaerochaeta.1,-0.05714285714285713,0.8396998687415759,0.9537174065824481,False
Media VFA (mg COD/L),midas_g_98124.1,-0.0545544725589981,0.8468800214510516,0.9537174065824481,False
Media VFA (mg COD/L),Desulfosporosinus.1,-0.0534840557333405,0.8498526485260749,0.9537174065824481,False
Media VFA (mg COD/L),Methanobacterium.2,-0.049999999999999996,0.859540943467457,0.9537174065824481,False
Media VFA (mg COD/L),Monoglobus.1,0.04894001140736778,0.862492263344127,0.9537174065824481,False
Media VFA (mg COD/L),LNR_A2-18.1,-0.039285714285714285,0.8894459296739485,0.9626275438038848,False
Media VFA (mg COD/L),Anaerovorax.1,-0.035714285714285705,0.8994469934720875,0.9626275438038848,False
Media VFA (mg COD/L),Desulfovibrio.3,-0.03401946044500497,0.9041980134369716,0.9626275438038848,False
Media VFA (mg COD/L),Bosea.1,0.03214285714285714,0.9094621170945906,0.9626275438038848,False
Media VFA (mg COD/L),Desulfovibrio.1,0.026809662179890417,0.9244408019594368,0.9626275438038848,False
Media VFA (mg COD/L),Bacteria (unclassified).1,-0.025514595333753734,0.9280818338774722,0.9626275438038848,False
Media VFA (mg COD/L),Gordonia.1,0.02508976689564289,0.9292765148860092,0.9626275438038848,False
Media VFA (mg COD/L),Aquamicrobium.1,0.018823081310526065,0.946914396538727,0.9626275438038848,False
Media VFA (mg COD/L),Desulfosporosinus.2,0.017009730222502486,0.9520227681159599,0.9626275438038848,False
Media VFA (mg COD/L),Ca_Caldatribacterium.1,-0.01621687432852006,0.954256869509938,0.9626275438038848,False
Media VFA (mg COD/L),Proteiniclasticum.1,-0.008504865111251243,0.9760018402643753,0.9760018402643753,False
Media delivery rate (mL/min),Desulfuromonadaceae.1,-0.9140257315714276,1.8887411293962634e-06,0.0002172052298805703,True
Media delivery rate (mL/min),Acinetobacter.2,-0.8660254037844386,2.9955646522685313e-05,0.0017224496750544054,True
Media delivery rate (mL/min),Thauera.1,-0.8326327587384307,0.00011693434245153847,0.004482483127308975,True
Media delivery rate (mL/min),Christensenellaceae_R-7_group.4,-0.8091735937126872,0.0002582912418359311,0.0053264787058447775,True
Media delivery rate (mL/min),Azoarcus.2,-0.7928249671720917,0.0004224682475786737,0.0053264787058447775,True
Media delivery rate (mL/min),Hyphomonas.1,-0.7745966692414834,0.0006969853559912342,0.0053264787058447775,True
Media delivery rate (mL/min),Aquamicrobium.2,-0.7745966692414834,0.0006969853559912342,0.0053264787058447775,True
Media delivery rate (mL/min),Pseudarcobacter.1,-0.7745966692414834,0.0006969853559912342,0.0053264787058447775,True
Media delivery rate (mL/min),midas_g_97954.1,-0.7745966692414834,0.0006969853559912342,0.0053264787058447775,True
Media delivery rate (mL/min),Methanobacterium.4,0.7683357942107565,0.0008193051463540676,0.0053264787058447775,True
Media delivery rate (mL/min),Fermentimonas.2,-0.7683357942107565,0.0008193051463540676,0.0053264787058447775,True
Media delivery rate (mL/min),Desulfovibrio.1,-0.7683357942107565,0.0008193051463540676,0.0053264787058447775,True
Media delivery rate (mL/min),Syner-01.2,-0.7683357942107565,0.0008193051463540676,0.0053264787058447775,True
Media delivery rate (mL/min),midas_g_15299.1,-0.7676494735787384,0.0008337097104800523,0.0053264787058447775,True
Media delivery rate (mL/min),Desulfobulbus.1,-0.7676494735787384,0.0008337097104800523,0.0053264787058447775,True
Media delivery rate (mL/min),Syner-01.1,-0.7676494735787384,0.0008337097104800523,0.0053264787058447775,True
Media delivery rate (mL/min),Christensenellaceae_R-7_group.3,-0.7676494735787384,0.0008337097104800523,0.0053264787058447775,True
Media delivery rate (mL/min),Acetobacterium.1,-0.7676494735787384,0.0008337097104800523,0.0053264787058447775,True
Media delivery rate (mL/min),midas_g_30443.1,0.7106690545187015,0.002981661351927347,0.01755851732010806,True
Media delivery rate (mL/min),Thermovirga.2,-0.6984870856461424,0.0037724766790590376,0.01755851732010806,True
Media delivery rate (mL/min),Methanobacteriaceae.1,-0.6978631577988531,0.0038170689826321873,0.01755851732010806,True
Media delivery rate (mL/min),Lentimicrobium.1,0.6978631577988531,0.0038170689826321873,0.01755851732010806,True
Media delivery rate (mL/min),Mesotoga.1,-0.6978631577988531,0.0038170689826321873,0.01755851732010806,True
Media delivery rate (mL/min),Sulfurospirillum.1,-0.6978631577988531,0.0038170689826321873,0.01755851732010806,True
Media delivery rate (mL/min),EBM-39.1,-0.6978631577988531,0.0038170689826321873,0.01755851732010806,True
Media delivery rate (mL/min),midas_g_114295.1,-0.6653505102607582,0.0067892330402662855,0.030029299985793186,True
Media delivery rate (mL/min),Aminiphilus.1,0.6486749731408024,0.008895614175904365,0.03788872704551859,True
Media delivery rate (mL/min),Pseudomonas.2,-0.6439726745162332,0.00957338900072693,0.039319276252985605,True
Media delivery rate (mL/min),Ercella.2,-0.6337609111975774,0.011184080402146485,0.04435066366368434,True
Media delivery rate (mL/min),Intestinimonas.1,-0.6286383770815281,0.012067643352834103,0.04513825237880599,True
Media delivery rate (mL/min),Ruminiclostridium.1,-0.6280768420189679,0.012167702815156398,0.04513825237880599,True
Media delivery rate (mL/min),midas_g_98124.1,0.6040686963408963,0.017084280769876524,0.06087784840857642,False
Media delivery rate (mL/min),Proteiniclasticum.1,-0.6024260503538955,0.017469295630287148,0.06087784840857642,False
Media delivery rate (mL/min),Petrimonas.1,-0.5931836841290251,0.019761430933500756,0.061953223907588825,False
Media delivery rate (mL/min),Aminivibrio.1,-0.5931836841290251,0.019761430933500756,0.061953223907588825,False
Media delivery rate (mL/min),Christensenellaceae_R-7_group.2,0.5931836841290251,0.019761430933500756,0.061953223907588825,False
Media delivery rate (mL/min),Devosia.1,-0.5904718662166627,0.020475770490798826,0.061953223907588825,False
Media delivery rate (mL/min),midas_g_76603.1,0.5884898863364998,0.021010223759964905,0.061953223907588825,False
Media delivery rate (mL/min),Monoglobus.1,0.5884898863364998,0.021010223759964905,0.061953223907588825,False
Media delivery rate (mL/min),Propionicicella.1,0.5762518456580674,0.02455009993286278,0.0705815373069805,False
Media delivery rate (mL/min),Clostridium_sensu_stricto_13.1,-0.5602951665353753,0.029825127960415296,0.07983040901799443,False
Media delivery rate (mL/min),Comamonadaceae.3,-0.5587896685169139,0.030363654830845143,0.07983040901799443,False
Media delivery rate (mL/min),Romboutsia.1,-0.5582905262390825,0.030543808667754392,0.07983040901799443,False
Media delivery rate (mL/min),Terrisporobacter.1,-0.5582905262390825,0.030543808667754392,0.07983040901799443,False
Media delivery rate (mL/min),Methanosarcina.1,-0.5233973683491399,0.045256538759107554,0.10942276280837693,False
Media delivery rate (mL/min),midas_g_36215.1,0.5233973683491399,0.045256538759107554,0.10942276280837693,False
Media delivery rate (mL/min),Bacteroides.1,0.5233973683491399,0.045256538759107554,0.10942276280837693,False
Media delivery rate (mL/min),Desulfosporosinus.1,0.5225437283634241,0.045672109693931234,0.10942276280837693,False
Media delivery rate (mL/min),Desulfovibrio.4,-0.5149286505444374,0.04950511557636972,0.11618547533229628,False
Media delivery rate (mL/min),Petrimonas.2,0.49292515315367136,0.06190947746204987,0.1423917981627147,False
Media delivery rate (mL/min),midas_g_36215.2,0.4902582707184534,0.0635531665289423,0.1429789679945107,False
Media delivery rate (mL/min),Acetoanaerobium.1,-0.48850421045919723,0.06465135944099615,0.1429789679945107,False
Media delivery rate (mL/min),Comamonadaceae.1,-0.4865062298556018,0.06591893817666716,0.1430316583078627,False
Media delivery rate (mL/min),Methanobacterium.5,0.47237749297333015,0.07540045263901232,0.16057503802752623,False
Media delivery rate (mL/min),midas_g_2178.1,0.45361105256925455,0.08945440046484175,0.18704101915376,False
Media delivery rate (mL/min),Syntrophomonas.1,-0.4504687313477794,0.09197685365410026,0.18888103875395587,False
Media delivery rate (mL/min),Ercella.1,0.4413674147523748,0.09956516077704176,0.2008770787606983,False
Media delivery rate (mL/min),Acinetobacter.1,-0.41909225138768536,0.1199635543756421,0.22914045057306054,False
Media delivery rate (mL/min),Desulfovibrio.3,0.4154662416233762,0.12353659074373699,0.22914045057306054,False
Media delivery rate (mL/min),midas_g_49937.1,0.4154662416233762,0.12353659074373699,0.22914045057306054,False
Media delivery rate (mL/min),midas_g_84729.1,0.4154662416233762,0.12353659074373699,0.22914045057306054,False
Media delivery rate (mL/min),Desulfosporosinus.2,0.4154662416233762,0.12353659074373699,0.22914045057306054,False
Media delivery rate (mL/min),midas_g_9269.1,0.3838247367893692,0.1578398728137072,0.279255159593482,False
Media delivery rate (mL/min),Sphaerochaeta.1,0.3838247367893692,0.1578398728137072,0.279255159593482,False
Media delivery rate (mL/min),midas_g_94288.1,0.3838247367893692,0.1578398728137072,0.279255159593482,False
Media delivery rate (mL/min),Aquamicrobium.1,0.3678061789603123,0.17740680014796031,0.30911790934871874,False
Media delivery rate (mL/min),Taibaiella.1,-0.3520893951097652,0.19808477343297967,0.3349963080116568,False
Media delivery rate (mL/min),Hydrogenophaga.1,-0.3520893951097652,0.19808477343297967,0.3349963080116568,False
Media delivery rate (mL/min),JGI-0000079-D21.1,-0.34893157889942655,0.2024182964883223,0.33736382748053717,False
Media delivery rate (mL/min),Rhizobiaceae.1,0.32169902042166637,0.2423003132270356,0.3848476229224175,False
Media delivery rate (mL/min),Paraclostridium.1,-0.3168804555987887,0.24982779250854356,0.3848476229224175,False
Media delivery rate (mL/min),Lachnoclostridium.1,-0.31431918854076407,0.2538867033936194,0.3848476229224175,False
Media delivery rate (mL/min),Methanobacterium.2,0.3140384210094839,0.2543340812356846,0.3848476229224175,False
Media delivery rate (mL/min),Proteiniphilum.1,0.3140384210094839,0.2543340812356846,0.3848476229224175,False
Media delivery rate (mL/min),Bosea.1,-0.3140384210094839,0.2543340812356846,0.3848476229224175,False
Media delivery rate (mL/min),Achromobacter.1,-0.3140384210094839,0.2543340812356846,0.3848476229224175,False
Media delivery rate (mL/min),Devosia.2,-0.2908263691363634,0.2929840146783253,0.43757352841568065,False
Media delivery rate (mL/min),Xanthobacter.1,0.2842676218074806,0.3044984714639767,0.4399058050612607,False
Media delivery rate (mL/min),Thermovirga.1,0.28385207684264685,0.3052367615470897,0.4399058050612607,False
Media delivery rate (mL/min),Oscillibacter.2,-0.2801475832676876,0.31186449624986345,0.4399058050612607,False
Media delivery rate (mL/min),Desulfovibrio.2,-0.27914526311954124,0.3136719653480294,0.4399058050612607,False
Media delivery rate (mL/min),Erysipelothrix.1,0.27914526311954124,0.3136719653480294,0.4399058050612607,False
Media delivery rate (mL/min),Proteiniphilum.2,-0.24873416908154555,0.37135581267856044,0.4970038998361667,False
Media delivery rate (mL/min),Oscillibacter.1,0.24646257657683568,0.3758825257503057,0.4970038998361667,False
Media delivery rate (mL/min),Pannonibacter.1,0.24425210522959862,0.3803160277007189,0.4970038998361667,False
Media delivery rate (mL/min),Burkholderiales.1,0.24425210522959862,0.3803160277007189,0.4970038998361667,False
Media delivery rate (mL/min),Rhodococcus.1,-0.24425210522959862,0.3803160277007189,0.4970038998361667,False
Media delivery rate (mL/min),Anaerovorax.1,0.24425210522959862,0.3803160277007189,0.4970038998361667,False
Media delivery rate (mL/min),Methanobacterium.3,-0.20935894733965593,0.45394218746667236,0.5865545118951385,False
Media delivery rate (mL/min),Syntrophobacter.1,-0.19820624179302293,0.478866378663751,0.6051608082014436,False
Media delivery rate (mL/min),Leucobacter.1,-0.19820624179302293,0.478866378663751,0.6051608082014436,False
Media delivery rate (mL/min),Achromobacter.2,-0.1776672636296754,0.5264213618805044,0.6533215493447727,False
Media delivery rate (mL/min),Comamonadaceae.2,-0.17509223954230477,0.5325287916719251,0.6533215493447727,False
Media delivery rate (mL/min),Thiobacillus.1,-0.17446578944971328,0.5340193533774664,0.6533215493447727,False
Media delivery rate (mL/min),Stenotrophomonas.1,0.15844022779939435,0.5727654194616145,0.6933476130324807,False
Media delivery rate (mL/min),Bacteria (unclassified).1,0.1454131845681817,0.6050955172636832,0.7127921488021118,False
Media delivery rate (mL/min),Veillonellales-Selenomonadales.1,0.1400737916338438,0.6185504889261099,0.7127921488021118,False
Media delivery rate (mL/min),Dysgonomonas.1,-0.13957263155977062,0.6198192598279233,0.7127921488021118,False
Media delivery rate (mL/min),LNR_A2-18.1,-0.13957263155977062,0.6198192598279233,0.7127921488021118,False
Media delivery rate (mL/min),LNR_A2-18.2,-0.13957263155977062,0.6198192598279233,0.7127921488021118,False
Media delivery rate (mL/min),Christensenellaceae_R-7_group.1,0.12323128828841784,0.6617185883884595,0.748970625786371,False
Media delivery rate (mL/min),Sphingopyxis.1,0.12223523998807492,0.6643043811322594,0.748970625786371,False
Media delivery rate (mL/min),Methanobacterium.1,0.10467947366982797,0.7104346243695623,0.7804610246706517,False
Media delivery rate (mL/min),Sporomusaceae.1,-0.10467947366982797,0.7104346243695623,0.7804610246706517,False
Media delivery rate (mL/min),Stappia.1,0.10386656040584405,0.7125948486123341,0.7804610246706517,False
Media delivery rate (mL/min),Stenotrophomonas.2,-0.07569388715803915,0.7886129627081223,0.8491060707011916,False
Media delivery rate (mL/min),Ochrobactrum.1,0.06978631577988531,0.8048048844037381,0.8491060707011916,False
Media delivery rate (mL/min),Enterobacteriaceae.1,-0.06978631577988531,0.8048048844037381,0.8491060707011916,False
Media delivery rate (mL/min),Geobacteraceae.1,-0.06978631577988531,0.8048048844037381,0.8491060707011916,False
Media delivery rate (mL/min),Gordonia.1,-0.03501844790846095,0.9013972265477109,0.9342438733889269,False
Media delivery rate (mL/min),midas_g_3409.1,0.034893157889942655,0.9017484343145294,0.9342438733889269,False
Media delivery rate (mL/min),Ca_Caldatribacterium.1,0.01760446975548826,0.9503471337728306,0.9675754137952562,False
Media delivery rate (mL/min),Anaerovorax.2,0.01746217714115356,0.9507480152944692,0.9675754137952562,False
Media delivery rate (mL/min),Methanobacterium.6,0.0,1.0,1.0,False
Media delivery rate (mL/min),Monoglobus.2,0.0,1.0,1.0,False
Methanobacteriaceae.1,Methanobacteriaceae.1,1.0,0.0,0.0,True
Methanobacteriaceae.1,Acetobacterium.1,0.8499999999999999,5.995888525311021e-05,0.004047224754584939,True
Methanobacteriaceae.1,Desulfobulbus.1,0.8142857142857142,0.000219365827727102,0.00987146224771959,True
Methanobacteriaceae.1,Ercella.2,0.7279574698580116,0.002092334781953307,0.07061629889092412,False
Methanobacteriaceae.1,Desulfuromonadaceae.1,0.6910202902891636,0.004334202753958176,0.09392128843746862,False
Methanobacteriaceae.1,Lentimicrobium.1,-0.682142857142857,0.0050863264689772515,0.09392128843746862,False
Methanobacteriaceae.1,Thauera.1,0.6701601643326341,0.006261419229164575,0.09392128843746862,False
Methanobacteriaceae.1,Trichloromonas.1,0.6829403802860173,0.005014810605018407,0.09392128843746862,False
Methanobacteriaceae.1,midas_g_15299.1,0.6749999999999999,0.005763499218050835,0.09392128843746862,False
Methanobacteriaceae.1,Mesotoga.1,0.6464285714285712,0.009214550689979997,0.12439643431472996,False
Methanobacteriaceae.1,Christensenellaceae_R-7_group.4,0.6399847645578863,0.010179234723857592,0.12492697161097953,False
Methanobacteriaceae.1,Acinetobacter.2,0.616454567479416,0.014387232962015797,0.1331481033854468,False
Methanobacteriaceae.1,Pseudomonas.2,0.6144765042879025,0.014794233709494089,0.1331481033854468,False
Methanobacteriaceae.1,midas_g_114295.1,0.6236599199774089,0.01297739945989558,0.1331481033854468,False
Methanobacteriaceae.1,midas_g_76594.1,0.6280089197908013,0.012179849365745761,0.1331481033854468,False
Methanobacteriaceae.1,Azoarcus.2,0.6030788353380119,0.01731550103928796,0.14609954001899214,False
Methanobacteriaceae.1,Petrimonas.1,0.5964285714285712,0.01893192468786518,0.15034175487422352,False
Methanobacteriaceae.1,Fermentimonas.2,0.584450635521611,0.02213237161412691,0.16599278710595183,False
Methanobacteriaceae.1,Hydrogenophaga.1,0.5675906014982022,0.027316868740266585,0.1907551693086599,False
Methanobacteriaceae.1,Methanobacterium.4,-0.5647902165896914,0.02826002508276443,0.1907551693086599,False
Methanobacteriaceae.1,Proteiniclasticum.1,0.5549424485091438,0.03177311430154311,0.20425573479563428,False
Methanobacteriaceae.1,Aquamicrobium.1,-0.5458693580052559,0.035291592396720195,0.2089020649560337,False
Methanobacteriaceae.1,Thermovirga.2,0.5451297976577718,0.03559072217769463,0.2089020649560337,False
Methanobacteriaceae.1,Aminiphilus.1,-0.5145535017104138,0.04969987003981669,0.20938287624247479,False
Methanobacteriaceae.1,Christensenellaceae_R-7_group.3,0.532142857142857,0.04115858038693441,0.20938287624247479,False
Methanobacteriaceae.1,Clostridium_sensu_stricto_13.1,0.5125480951538475,0.0507505312010352,0.20938287624247479,False
Methanobacteriaceae.1,Desulfosporosinus.2,-0.52942785317539,0.04239999242379554,0.20938287624247479,False
Methanobacteriaceae.1,Desulfovibrio.1,0.5218947571018668,0.045989925930327795,0.20938287624247479,False
Methanobacteriaceae.1,Desulfovibrio.3,-0.5336802857310156,0.04046769834992436,0.20938287624247479,False
Methanobacteriaceae.1,EBM-39.1,0.5392857142857141,0.03802165626355804,0.20938287624247479,False
Methanobacteriaceae.1,Propionicicella.1,-0.514745513853896,0.04960011869913983,0.20938287624247479,False
Methanobacteriaceae.1,Proteiniphilum.1,-0.5249999999999999,0.04448390580010634,0.20938287624247479,False
Methanobacteriaceae.1,Pseudarcobacter.1,0.5117324788110775,0.051182480859271615,0.20938287624247479,False
Methanobacteriaceae.1,Aquamicrobium.2,0.5045249791095131,0.05511777088274757,0.21259711626202638,False
Methanobacteriaceae.1,Pannonibacter.1,-0.5071428571428571,0.05366366378080595,0.21259711626202638,False
Methanobacteriaceae.1,Monoglobus.1,-0.4931647303357829,0.06176334508214919,0.22993723497180998,False
Methanobacteriaceae.1,Romboutsia.1,0.48571428571428565,0.06642631232518954,0.22993723497180998,False
Methanobacteriaceae.1,Sporomusaceae.1,0.48571428571428565,0.06642631232518954,0.22993723497180998,False
Methanobacteriaceae.1,midas_g_76603.1,-0.48940011407367773,0.06408874299693001,0.22993723497180998,False
Methanobacteriaceae.1,midas_g_98124.1,-0.48007935851918326,0.07011825969789348,0.23664912648039052,False
Methanobacteriaceae.1,Methanosarcina.1,0.46071428571428563,0.08393338135031418,0.2763660117632296,False
Methanobacteriaceae.1,Desulfosporosinus.3,-0.4544129582226123,0.08881859748032035,0.2788490851126337,False
Methanobacteriaceae.1,Devosia.1,0.4552899746743398,0.08812690926904922,0.2788490851126337,False
Methanobacteriaceae.1,Acetoanaerobium.1,0.4428571428571427,0.09829406554687141,0.2967053075257902,False
Methanobacteriaceae.1,Azoarcus.1,-0.4330127018922193,0.10690753957629574,0.2967053075257902,False
Methanobacteriaceae.1,Burkholderiales.1,-0.43214285714285705,0.10769303754639795,0.2967053075257902,False
Methanobacteriaceae.1,Sulfurospirillum.1,0.4392857142857142,0.10136057119347246,0.2967053075257902,False
Methanobacteriaceae.1,midas_g_36215.1,-0.4357142857142856,0.10449335704406652,0.2967053075257902,False
Methanobacteriaceae.1,midas_g_36215.2,-0.43727879446691886,0.10311280363758152,0.2967053075257902,False
Methanobacteriaceae.1,Lachnoclostridium.1,0.42537997325426125,0.11393737480236175,0.29672863826674045,False
Methanobacteriaceae.1,Methanobacterium.3,0.42499999999999993,0.11429547548052225,0.29672863826674045,False
Methanobacteriaceae.1,midas_g_97954.1,0.4252424823923039,0.11406686152569771,0.29672863826674045,False
Methanobacteriaceae.1,Aminivibrio.1,0.39642857142857135,0.1434945314423537,0.3249881048355081,False
Methanobacteriaceae.1,Anaerovorax.1,-0.4071428571428571,0.1320126637798537,0.3249881048355081,False
Methanobacteriaceae.1,Anaerovorax.2,0.3896337570144074,0.1511144870635902,0.3249881048355081,False
Methanobacteriaceae.1,Desulfovibrio.4,0.40281394004525783,0.13657370368555732,0.3249881048355081,False
Methanobacteriaceae.1,Petrimonas.2,-0.4018181083622193,0.13763784796059947,0.3249881048355081,False
Methanobacteriaceae.1,Rhizobiaceae.1,-0.3970602129716474,0.14279960390331486,0.3249881048355081,False
Methanobacteriaceae.1,Sphaerochaeta.1,-0.38928571428571423,0.151511936790394,0.3249881048355081,False
Methanobacteriaceae.1,Syner-01.1,0.3928571428571428,0.1474666553113262,0.3249881048355081,False
Methanobacteriaceae.1,midas_g_30443.1,-0.38915523758751974,0.15166111558990378,0.3249881048355081,False
Methanobacteriaceae.1,midas_g_9269.2,-0.39569667710396017,0.1443026014858129,0.3249881048355081,False
Methanobacteriaceae.1,midas_g_9269.3,-0.39569667710396017,0.1443026014858129,0.3249881048355081,False
Methanobacteriaceae.1,Bacteroides.1,-0.37857142857142856,0.16409082655922078,0.3461290872733563,False
Methanobacteriaceae.1,Veillonellales-Selenomonadales.1,-0.3763465034346433,0.16678695552692277,0.34640367686360884,False
Methanobacteriaceae.1,Ruminiclostridium.1,0.3714285714285714,0.17284974708034007,0.35355630084615014,False
Methanobacteriaceae.1,Acinetobacter.1,0.3521002299625608,0.19807000809353748,0.3713812651753828,False
Methanobacteriaceae.1,Hyphomonas.1,0.35316748537665915,0.19661905679600508,0.3713812651753828,False
Methanobacteriaceae.1,Intestinimonas.1,0.3521002299625608,0.19807000809353748,0.3713812651753828,False
Methanobacteriaceae.1,JGI-0000079-D21.1,0.3571428571428571,0.19127476343157906,0.3713812651753828,False
Methanobacteriaceae.1,Pseudomonas.1,-0.35292892135586135,0.19694279325071892,0.3713812651753828,False
Methanobacteriaceae.1,Xanthobacter.1,-0.3564225540521209,0.19223606019800746,0.3713812651753828,False
Methanobacteriaceae.1,Syner-01.2,0.3467382975265827,0.20546360308006345,0.37996693720285707,False
Methanobacteriaceae.1,Erysipelothrix.1,-0.3428571428571428,0.2109237934147519,0.3847934069052906,False
Methanobacteriaceae.1,Erysipelothrix.3,-0.3395332777730755,0.21567255131536336,0.38821059236765404,False
Methanobacteriaceae.1,Stenotrophomonas.1,-0.32794123642118345,0.23275967010436455,0.4134546771590686,False
Methanobacteriaceae.1,Christensenellaceae_R-7_group.2,-0.3178571428571428,0.24829056581701822,0.43531462838048646,False
Methanobacteriaceae.1,Comamonadaceae.1,0.31168294548050157,0.25810628891287996,0.4394771038040419,False
Methanobacteriaceae.1,Methanobacterium.2,-0.3107142857142856,0.2596673973372183,0.4394771038040419,False
Methanobacteriaceae.1,Methanobacterium.5,-0.3102418411497714,0.2604308763283211,0.4394771038040419,False
Methanobacteriaceae.1,midas_g_9269.1,-0.30357142857142855,0.27135583600386837,0.452259726673114,False
Methanobacteriaceae.1,Desulfosporosinus.1,-0.2950844454253269,0.2856482082717089,0.4646085315262735,False
Methanobacteriaceae.1,Ochrobactrum.1,-0.2964285714285714,0.2833554284342631,0.4646085315262735,False
Methanobacteriaceae.1,Achromobacter.2,-0.2873202221440566,0.2991069709479363,0.48070763188061194,False
Methanobacteriaceae.1,Desulfomicrobium.1,0.2837303569445734,0.30545321619410876,0.4851315786612315,False
Methanobacteriaceae.1,Terrisporobacter.1,0.2678571428571428,0.33444360051235367,0.5249986752228807,False
Methanobacteriaceae.1,LNR_A2-18.1,0.2607142857142857,0.3479794598627935,0.5399681273733002,False
Methanobacteriaceae.1,Comamonadaceae.2,-0.2508976689564289,0.36707229065210906,0.5561540446054958,False
Methanobacteriaceae.1,Soehngenia.1,0.24743582965269673,0.3739394242339849,0.5561540446054958,False
Methanobacteriaceae.1,Thiobacillus.1,0.24285714285714283,0.3831283418393415,0.5561540446054958,False
Methanobacteriaceae.1,midas_g_2178.1,-0.24285714285714283,0.3831283418393415,0.5561540446054958,False
Methanobacteriaceae.1,midas_g_25828.1,0.24743582965269673,0.3739394242339849,0.5561540446054958,False
Methanobacteriaceae.1,midas_g_84729.1,-0.24664108822628608,0.37552571729831324,0.5561540446054958,False
Methanobacteriaceae.1,Methanobacterium.6,0.23975611190807813,0.38942011133787535,0.558087971274903,False
Methanobacteriaceae.1,midas_g_49937.1,-0.23813622311503488,0.39272857237863545,0.558087971274903,False
Methanobacteriaceae.1,Ercella.1,-0.22211235946420763,0.4262514581199729,0.5994161129812119,False
Methanobacteriaceae.1,Taibaiella.1,0.21802686597232526,0.4350261771084464,0.599775621679567,False
Methanobacteriaceae.1,midas_g_94288.1,-0.2178571428571428,0.43539267351553756,0.599775621679567,False
Methanobacteriaceae.1,LNR_A2-18.2,0.21071428571428572,0.450957865215285,0.6149425434753887,False
Methanobacteriaceae.1,Comamonadaceae.3,0.20554074337915984,0.46240184188835726,0.6180618678705766,False
Methanobacteriaceae.1,Proteiniphilum.2,0.20730699572419276,0.45847894123495225,0.6180618678705766,False
Methanobacteriaceae.1,Stappia.1,-0.19561189755877864,0.48475667504600334,0.6415897169726515,False
Methanobacteriaceae.1,Achromobacter.1,-0.18928571428571428,0.4992630332385452,0.6543738785165398,False
Methanobacteriaceae.1,Dethiobacter.2,-0.18557687223952254,0.507860722329454,0.6592422837930413,False
Methanobacteriaceae.1,Oscillibacter.1,0.15496124358363614,0.5813285720072792,0.7474224497236446,False
Methanobacteriaceae.1,Devosia.2,0.1509613557247096,0.5912383121274408,0.7529921899736275,False
Methanobacteriaceae.1,midas_g_36215.3,-0.14296138011497916,0.6112596236837525,0.77121541305894,False
Methanobacteriaceae.1,Bosea.1,-0.13214285714285715,0.6387442188840663,0.7984302736050828,False
Methanobacteriaceae.1,Syntrophomonas.1,0.12909944487358055,0.6465572808935471,0.8007819534002647,False
Methanobacteriaceae.1,Desulfurispora.1,0.11998544402507179,0.67015787636061,0.815056876654796,False
Methanobacteriaceae.1,Methylobacterium-Methylorubrum.1,-0.12073632210407377,0.6682022719066172,0.815056876654796,False
Methanobacteriaceae.1,Gordonia.1,-0.11469607723722462,0.6839887550483326,0.8244507315314723,False
Methanobacteriaceae.1,Methanothrix.1,-0.1054203271582443,0.7084676702125489,0.846399429014992,False
Methanobacteriaceae.1,midas_g_25828.2,-0.10262587378846272,0.7158957387633228,0.8477712695881454,False
Methanobacteriaceae.1,Syntrophobacter.1,0.09590244476323126,0.7338636654944485,0.8614921290587004,False
Methanobacteriaceae.1,Christensenellaceae_R-7_group.1,-0.08648999641877367,0.7592327994603398,0.871017856235199,False
Methanobacteriaceae.1,Methanobacterium.1,-0.0857142857142857,0.7613341261907666,0.871017856235199,False
Methanobacteriaceae.1,Rhodococcus.1,-0.0857142857142857,0.7613341261907666,0.871017856235199,False
Methanobacteriaceae.1,midas_g_2424.1,0.08169221720855951,0.7722540698234869,0.876086549799754,False
Methanobacteriaceae.1,Desulfovibrio.2,0.06428571428571428,0.8199479653196375,0.9068758582409019,False
Methanobacteriaceae.1,Enterobacteriaceae.1,-0.05714285714285713,0.8396998687415759,0.9068758582409019,False
Methanobacteriaceae.1,Geobacteraceae.1,0.06071428571428571,0.8298120954425187,0.9068758582409019,False
Methanobacteriaceae.1,Sphingopyxis.1,0.05898125679575891,0.8346072489884697,0.9068758582409019,False
Methanobacteriaceae.1,Syntrophobacter.2,-0.06185895741317418,0.8266479231312032,0.9068758582409019,False
Methanobacteriaceae.1,midas_g_92370.1,-0.05958540230683373,0.8329350037796474,0.9068758582409019,False
Methanobacteriaceae.1,Monoglobus.2,0.05017953379128578,0.8590412383989353,0.9204013268560021,False
Methanobacteriaceae.1,Leucobacter.1,-0.04426266681379904,0.8755350448203166,0.9306868586672656,False
Methanobacteriaceae.1,Ca_Caldatribacterium.1,0.041443123283995714,0.8834119373682859,0.9317235276931141,False
Methanobacteriaceae.1,Bacteria (unclassified).1,-0.0382718930006306,0.8922834213964013,0.9337849758799548,False
Methanobacteriaceae.1,Thermovirga.1,-0.03486382357799831,0.9018306654825539,0.936516460308806,False
Methanobacteriaceae.1,Paraclostridium.1,-0.025226248955475653,0.9288926915570472,0.9500038890924347,False
Methanobacteriaceae.1,Stenotrophomonas.2,-0.02711630722733202,0.9235788821307314,0.9500038890924347,False
Methanobacteriaceae.1,Dysgonomonas.1,0.021428571428571425,0.9395779040128779,0.9537068950506655,False
Methanobacteriaceae.1,midas_g_3409.1,0.0035714285714285704,0.9899214068809781,0.9973088800666571,False
Methanobacteriaceae.1,Oscillibacter.2,0.0,1.0,1.0,False
Methanobacterium.1,Methanobacterium.1,1.0,0.0,0.0,True
Methanobacterium.1,Monoglobus.2,-0.9498268896207664,6.221916441717202e-08,4.199793598159112e-06,True
Methanobacterium.1,Taibaiella.1,-0.9153524620986879,1.7127410064659401e-06,7.70733452909673e-05,True
Methanobacterium.1,Christensenellaceae_R-7_group.1,0.872107463889301,2.2488746321699918e-05,0.0006625298061711773,True
Methanobacterium.1,Methanobacterium.5,0.8702888011474106,2.453814096930286e-05,0.0006625298061711773,True
Methanobacterium.1,Dysgonomonas.1,-0.8392857142857142,9.136935846519938e-05,0.002055810565466986,True
Methanobacterium.1,Acinetobacter.1,-0.8275249059526175,0.0001403263638157374,0.0023832299013888765,True
Methanobacterium.1,Ercella.1,0.8244509614010418,0.0001561679097131943,0.0023832299013888765,True
Methanobacterium.1,Lachnoclostridium.1,-0.823950284328632,0.00015888199342592508,0.0023832299013888765,True
Methanobacterium.1,midas_g_49937.1,0.8164670506801195,0.00020429160171202775,0.002757936623112375,True
Methanobacterium.1,midas_g_84729.1,0.8037097530132427,0.0003059706075736339,0.00375509382022187,True
Methanobacterium.1,Desulfovibrio.2,-0.7892857142857141,0.0004673267561781765,0.0052574260070044855,True
Methanobacterium.1,midas_g_92370.1,0.7654432450185562,0.0008814118297012954,0.009153122846898069,True
Methanobacterium.1,Burkholderiales.1,-0.7607142857142856,0.000991128611982373,0.00955731161554431,True
Methanobacterium.1,Methanobacterium.2,-0.7535714285714286,0.0011775830234888275,0.010463261064444385,True
Methanobacterium.1,Petrimonas.2,0.7513818438880961,0.0012400902002304456,0.010463261064444385,True
Methanobacterium.1,Sphingopyxis.1,-0.7399466761649756,0.001611571528284269,0.012797773901080962,True
Methanobacterium.1,midas_g_3409.1,0.7321428571428571,0.001912963600978562,0.014347227007339215,True
Methanobacterium.1,Geobacteraceae.1,0.7249999999999999,0.0022270323137542148,0.01503246811784095,True
Methanobacterium.1,Proteiniphilum.2,0.727392967453308,0.0021175264020294603,0.01503246811784095,True
Methanobacterium.1,Methanothrix.1,0.7196083201671458,0.002490443731360103,0.016009995415886377,True
Methanobacterium.1,Thermovirga.1,0.716645262436632,0.0026454819386274426,0.016233639168850216,True
Methanobacterium.1,midas_g_76603.1,0.7115124735378854,0.002932252650353583,0.017211048165118856,True
Methanobacterium.1,Ca_Caldatribacterium.1,0.7045330958279271,0.003361468395734597,0.018908259726007105,True
Methanobacterium.1,Desulfurispora.1,0.694383846272756,0.004073485805375369,0.021996823349026993,True
Methanobacterium.1,Thiobacillus.1,0.6892857142857142,0.0044737344509062004,0.023229005802782195,True
Methanobacterium.1,Methanosarcina.1,-0.6749999999999999,0.005763499218050835,0.028817496090254174,True
Methanobacterium.1,Aminiphilus.1,0.6620957244230773,0.007165843874095855,0.03255523699159743,True
Methanobacterium.1,Comamonadaceae.3,-0.6630923112492897,0.007048826640506845,0.03255523699159743,True
Methanobacterium.1,Enterobacteriaceae.1,-0.6607142857142856,0.00733056983089171,0.03255523699159743,True
Methanobacterium.1,Thermovirga.2,-0.6595176896253041,0.007475647012885336,0.03255523699159743,True
Methanobacterium.1,Anaerovorax.1,0.6535714285714285,0.008230371463638971,0.03434190764370873,True
Methanobacterium.1,Oscillibacter.2,-0.6523339392867151,0.0083946885351288,0.03434190764370873,True
Methanobacterium.1,Clostridium_sensu_stricto_13.1,-0.637996929632062,0.010492185778957722,0.041660149416449785,True
Methanobacterium.1,EBM-39.1,-0.6321428571428571,0.011457541540078902,0.04180454345704464,True
Methanobacterium.1,Erysipelothrix.1,-0.6321428571428571,0.011457541540078902,0.04180454345704464,True
Methanobacterium.1,midas_g_114295.1,-0.6344126772183988,0.011075374493696591,0.04180454345704464,True
Methanobacterium.1,Romboutsia.1,-0.6214285714285712,0.013402006712181815,0.047612392266961706,True
Methanobacterium.1,Christensenellaceae_R-7_group.2,0.6071428571428571,0.01638130676830708,0.05341018428369017,False
Methanobacterium.1,Fermentimonas.2,-0.6094729868895088,0.0158634823833615,0.05341018428369017,False
Methanobacterium.1,Monoglobus.1,-0.6061032181989394,0.016616501777148053,0.05341018428369017,False
Methanobacterium.1,midas_g_9269.1,0.6071428571428571,0.01638130676830708,0.05341018428369017,False
Methanobacterium.1,Gordonia.1,-0.5914016482544395,0.020228661347898563,0.06350858795270478,False
Methanobacterium.1,Desulfosporosinus.1,-0.5846360574989291,0.022079879570531837,0.06774508504594995,False
Methanobacterium.1,Pannonibacter.1,-0.5785714285714285,0.023846658762996617,0.07153997628898985,False
Methanobacterium.1,Christensenellaceae_R-7_group.4,-0.5421047417431507,0.036834054580924466,0.10211336942072125,False
Methanobacterium.1,Methanobacterium.4,0.5415551760337864,0.0370633711230766,0.10211336942072125,False
Methanobacterium.1,Proteiniphilum.1,0.5428571428571428,0.03652182255483735,0.10211336942072125,False
Methanobacterium.1,midas_g_2178.1,0.5428571428571428,0.03652182255483735,0.10211336942072125,False
Methanobacterium.1,Xanthobacter.1,0.5055381123800491,0.05455164575769892,0.1472894435457871,False
Methanobacterium.1,Hydrogenophaga.1,0.488308104780993,0.06477498705952542,0.17146320103992024,False
Methanobacterium.1,Lentimicrobium.1,0.48214285714285704,0.06874953772064371,0.1784843767747481,False
Methanobacterium.1,Comamonadaceae.2,-0.47670557101721495,0.07239821072103589,0.1844105367422612,False
Methanobacterium.1,midas_g_98124.1,-0.46553149917011705,0.080329845362175,0.20082461340543747,False
Methanobacterium.1,midas_g_97954.1,-0.45227060627317056,0.09052436746546341,0.22219617468795566,False
Methanobacterium.1,Bacteria (unclassified).1,-0.4380005532294391,0.10248022242577401,0.23200380818455843,False
Methanobacterium.1,Desulfovibrio.4,-0.44422471892841525,0.09713725310156077,0.23200380818455843,False
Methanobacterium.1,LNR_A2-18.2,0.4392857142857142,0.10136057119347246,0.23200380818455843,False
Methanobacterium.1,Rhodococcus.1,-0.4428571428571427,0.09829406554687141,0.23200380818455843,False
Methanobacterium.1,midas_g_36215.2,0.43727879446691886,0.10311280363758152,0.23200380818455843,False
Methanobacterium.1,Erysipelothrix.3,0.43143702213270496,0.1083333716973458,0.23975418326461778,False
Methanobacterium.1,Terrisporobacter.1,-0.42857142857142855,0.11096021426087672,0.24160691814868318,False
Methanobacterium.1,Desulfovibrio.1,0.4164434191942978,0.12256659709733676,0.25136043633982796,False
Methanobacterium.1,midas_g_36215.1,0.41785714285714276,0.12117253602187847,0.25136043633982796,False
Methanobacterium.1,midas_g_9269.2,0.41611973140610004,0.12288732443280477,0.25136043633982796,False
Methanobacterium.1,midas_g_9269.3,0.41611973140610004,0.12288732443280477,0.25136043633982796,False
Methanobacterium.1,Aquamicrobium.2,-0.40902560806378374,0.13006170255751465,0.26206462455618623,False
Methanobacterium.1,Bacteroides.1,-0.4071428571428571,0.1320126637798537,0.26208396485706253,False
Methanobacterium.1,Methylobacterium-Methylorubrum.1,0.4044666790486472,0.13481992219459069,0.2637781086415905,False
Methanobacterium.1,Propionicicella.1,-0.4021449326983562,0.1372879870508461,0.26476968931234607,False
Methanobacterium.1,LNR_A2-18.1,0.3928571428571428,0.1474666553113262,0.27663667057291674,False
Methanobacterium.1,midas_g_30443.1,0.3927922024247863,0.14753955763888893,0.27663667057291674,False
Methanobacterium.1,Desulfosporosinus.3,-0.3854851499528902,0.15589757352544564,0.2883037318621255,False
Methanobacterium.1,Azoarcus.2,-0.38176550126901676,0.16027098054068653,0.29238624828368487,False
Methanobacterium.1,Methanobacterium.3,-0.37857142857142856,0.16409082655922078,0.2953634878065974,False
Methanobacterium.1,Syntrophobacter.2,0.3711537444790451,0.17319276220219593,0.3076450381223217,False
Methanobacterium.1,Aminivibrio.1,-0.3571428571428571,0.19127476343157906,0.33535185796445677,False
Methanobacterium.1,Comamonadaceae.1,-0.3504127789425757,0.20037813096897264,0.346808303600145,False
Methanobacterium.1,Ercella.2,0.33695061104813906,0.21940869027256682,0.35133597154481183,False
Methanobacterium.1,Ochrobactrum.1,-0.33571428571428563,0.22121153763932597,0.35133597154481183,False
Methanobacterium.1,Petrimonas.1,-0.33571428571428563,0.22121153763932597,0.35133597154481183,False
Methanobacterium.1,Pseudomonas.1,-0.33917844390043816,0.2161834594353642,0.35133597154481183,False
Methanobacterium.1,Rhizobiaceae.1,-0.3389538403416502,0.21650725052732955,0.35133597154481183,False
Methanobacterium.1,Stenotrophomonas.1,-0.3441581107497035,0.20908336566550428,0.35133597154481183,False
Methanobacterium.1,Syntrophomonas.1,-0.3411913900230343,0.21329524974914735,0.35133597154481183,False
Methanobacterium.1,midas_g_25828.2,0.3259880696809992,0.23571933294135677,0.37002453426840887,False
Methanobacterium.1,Devosia.1,-0.32232918561015206,0.241326367791155,0.3744719500207577,False
Methanobacterium.1,Christensenellaceae_R-7_group.3,0.3107142857142856,0.2596673973372183,0.3844058061302362,False
Methanobacterium.1,Dethiobacter.2,-0.3092947870658709,0.26196543825171653,0.3844058061302362,False
Methanobacterium.1,Soehngenia.1,0.3092947870658709,0.26196543825171653,0.3844058061302362,False
Methanobacterium.1,Syntrophobacter.1,-0.31168294548050157,0.25810628891287996,0.3844058061302362,False
Methanobacterium.1,midas_g_25828.1,0.3092947870658709,0.26196543825171653,0.3844058061302362,False
Methanobacterium.1,Bosea.1,-0.30357142857142855,0.27135583600386837,0.3939036329088412,False
Methanobacterium.1,Oscillibacter.1,-0.30091311254031666,0.2757853390761507,0.39607468909872706,False
Methanobacterium.1,Paraclostridium.1,-0.2937056128387522,0.28801160240212575,0.4092796455188103,False
Methanobacterium.1,Acinetobacter.2,-0.28606715222900997,0.30131332469525846,0.4112293287994533,False
Methanobacterium.1,Devosia.2,-0.28916541378254235,0.295875336897212,0.4112293287994533,False
Methanobacterium.1,midas_g_2424.1,0.28592276022995833,0.3015681744529324,0.4112293287994533,False
Methanobacterium.1,midas_g_94288.1,0.28928571428571426,0.29566536100437774,0.4112293287994533,False
Methanobacterium.1,Intestinimonas.1,-0.27345855423488225,0.32404096747829725,0.4374553060957013,False
Methanobacterium.1,Hyphomonas.1,-0.2612718641817121,0.3469119774618364,0.4636942273004744,False
Methanobacterium.1,Methanobacterium.6,0.25635461196325277,0.35638913312161646,0.46711197059629345,False
Methanobacterium.1,midas_g_36215.3,-0.25784106056451594,0.3535092710564188,0.46711197059629345,False
Methanobacterium.1,Stenotrophomonas.2,-0.2479205232213213,0.37297377444425184,0.48414864951898073,False
Methanobacterium.1,Stappia.1,-0.23813622311503488,0.39272857237863545,0.5049367359153885,False
Methanobacterium.1,Syner-01.1,0.2285714285714285,0.41256617049636035,0.5205274113739126,False
Methanobacterium.1,Trichloromonas.1,-0.2291746242570528,0.41129995602396524,0.5205274113739126,False
Methanobacterium.1,JGI-0000079-D21.1,-0.22499999999999998,0.42010468690763486,0.5251308586345436,False
Methanobacterium.1,Leucobacter.1,-0.213936222933362,0.4439028600885726,0.5497879459812596,False
Methanobacterium.1,Desulfuromonadaceae.1,-0.21049541150346832,0.451439142579944,0.5540389477117494,False
Methanobacterium.1,Sulfurospirillum.1,-0.1964285714285714,0.48289875627163353,0.587309298168203,False
Methanobacterium.1,Acetoanaerobium.1,-0.18928571428571428,0.4992630332385452,0.601035350842508,False
Methanobacterium.1,Desulfosporosinus.2,-0.1871070324475274,0.5043053126735509,0.601035350842508,False
Methanobacterium.1,Ruminiclostridium.1,0.1857142857142857,0.5075409629336735,0.601035350842508,False
Methanobacterium.1,Proteiniclasticum.1,-0.1700973022250249,0.5444647863711282,0.6391543144356722,False
Methanobacterium.1,Desulfovibrio.3,-0.16159243711377366,0.5650524111475512,0.6541271087864196,False
Methanobacterium.1,midas_g_76594.1,0.16083155262935156,0.5669101609482303,0.6541271087864196,False
Methanobacterium.1,Acetobacterium.1,-0.15714285714285714,0.5759526006037947,0.6589288227246803,False
Methanobacterium.1,Syner-01.2,0.1537087298313717,0.5844243269545992,0.6630023877216041,False
Methanobacterium.1,Mesotoga.1,0.14285714285714282,0.6115222287644656,0.6879625073600238,False
Methanobacterium.1,Anaerovorax.2,-0.13941024333543017,0.6202305866883092,0.6919928033299318,False
Methanobacterium.1,Aquamicrobium.1,-0.12423233664947204,0.6591233847021419,0.7132930928863329,False
Methanobacterium.1,Azoarcus.1,0.12371791482634836,0.6604565674873453,0.7132930928863329,False
Methanobacterium.1,Desulfobulbus.1,0.125,0.6571356681869506,0.7132930928863329,False
Methanobacterium.1,Sphaerochaeta.1,0.125,0.6571356681869506,0.7132930928863329,False
Methanobacterium.1,Desulfomicrobium.1,-0.12073632210407377,0.6682022719066172,0.7159310056142327,False
Methanobacterium.1,Pseudarcobacter.1,0.09730124597112036,0.7301145511889637,0.7761060189803946,False
Methanobacterium.1,Methanobacteriaceae.1,-0.0857142857142857,0.7613341261907666,0.8029695862168241,False
Methanobacterium.1,Achromobacter.1,0.07857142857142857,0.7807545523090464,0.8107835735517022,False
Methanobacterium.1,Sporomusaceae.1,-0.07857142857142857,0.7807545523090464,0.8107835735517022,False
Methanobacterium.1,Veillonellales-Selenomonadales.1,-0.05734803861861231,0.8391311915870928,0.8647535180477675,False
Methanobacterium.1,midas_g_15299.1,-0.049999999999999996,0.859540943467457,0.8790759649098993,False
Methanobacterium.1,Thauera.1,-0.030990065402665162,0.9126975871674029,0.9264223629142812,False
Methanobacterium.1,Achromobacter.2,0.007273929674533079,0.9794744373329012,0.9867839480592662,False
Methanobacterium.1,Pseudomonas.2,0.0021262162778128107,0.993999714170484,0.993999714170484,False
Methanobacterium.2,Methanobacterium.2,1.0,0.0,0.0,True
Methanobacterium.2,Gordonia.1,0.8064567930742356,0.00028117329953858297,0.012652798479236234,True
Methanobacterium.2,Pannonibacter.1,0.8178571428571428,0.00019513654706319864,0.012652798479236234,True
Methanobacterium.2,Hydrogenophaga.1,-0.7730043429927896,0.0007265856488888403,0.01689043592782251,True
Methanobacterium.2,Monoglobus.1,0.7717463337315688,0.000750686041236556,0.01689043592782251,True
Methanobacterium.2,Sphingopyxis.1,0.7739055815928366,0.000709709481631827,0.01689043592782251,True
Methanobacterium.2,Methanobacterium.1,-0.7535714285714286,0.0011775830234888275,0.02201456397786295,True
Methanobacterium.2,Proteiniphilum.2,-0.7492147564769072,0.0013045667542437305,0.02201456397786295,True
Methanobacterium.2,Burkholderiales.1,0.7142857142857142,0.0027743838176388104,0.03656039179257911,True
Methanobacterium.2,Monoglobus.2,0.7132662303189907,0.002831608419712197,0.03656039179257911,True
Methanobacterium.2,Thiobacillus.1,-0.7107142857142856,0.0029789948868027423,0.03656039179257911,True
Methanobacterium.2,Dysgonomonas.1,0.7035714285714285,0.00342433708908396,0.03852379225219455,True
Methanobacterium.2,Desulfosporosinus.1,0.6897598911817018,0.004435242066180298,0.04605828299494925,True
Methanobacterium.2,Propionicicella.1,0.666666932873275,0.0066414122759959875,0.06404218980424703,False
Methanobacterium.2,Geobacteraceae.1,-0.657142857142857,0.007770251358668455,0.0699322622280161,False
Methanobacterium.2,Christensenellaceae_R-7_group.1,-0.6522787229915846,0.008402079749389894,0.07089254788547722,False
Methanobacterium.2,Mesotoga.1,-0.6357142857142856,0.010860746168789804,0.08624710192862492,False
Methanobacterium.2,Ca_Caldatribacterium.1,-0.6288543489615002,0.01202933015954909,0.08712741184620339,False
Methanobacterium.2,Rhizobiaceae.1,0.6275488244039695,0.012262376482058255,0.08712741184620339,False
Methanobacterium.2,Desulfovibrio.2,0.6214285714285712,0.013402006712181815,0.09046354530722725,False
Methanobacterium.2,Desulfovibrio.1,-0.6058983652655234,0.016663150140974956,0.09780544647963561,False
Methanobacterium.2,LNR_A2-18.2,-0.6107142857142855,0.015592831421175636,0.09780544647963561,False
Methanobacterium.2,midas_g_98124.1,0.607373127823512,0.016329561810233345,0.09780544647963561,False
Methanobacterium.2,Desulfurispora.1,-0.6024801019131265,0.017456521487048453,0.09819293336464754,False
Methanobacterium.2,midas_g_92370.1,-0.5958540230683372,0.019076818348413564,0.10301481908143326,False
Methanobacterium.2,Desulfosporosinus.3,0.5846099293987541,0.02208727055286087,0.11396843563207142,False
Methanobacterium.2,LNR_A2-18.1,-0.5821428571428571,0.022793687126414285,0.11396843563207142,False
Methanobacterium.2,midas_g_3409.1,-0.5785714285714285,0.023846658762996617,0.11497496189301941,False
Methanobacterium.2,Taibaiella.1,0.5729962262743754,0.02556386325767887,0.11900419102712577,False
Methanobacterium.2,Christensenellaceae_R-7_group.3,-0.5678571428571427,0.02722835670886185,0.12252760518987833,False
Methanobacterium.2,Rhodococcus.1,0.5607142857142856,0.029676496094474744,0.12519771789856532,False
Methanobacterium.2,midas_g_9269.1,-0.5607142857142856,0.029676496094474744,0.12519771789856532,False
Methanobacterium.2,Methanothrix.1,-0.5454356057317856,0.035466802885040574,0.14509146634789327,False
Methanobacterium.2,midas_g_49937.1,-0.5358065020088284,0.039526492569069274,0.1524593284806958,False
Methanobacterium.2,midas_g_84729.1,-0.5358065020088284,0.039526492569069274,0.1524593284806958,False
Methanobacterium.2,Acinetobacter.1,0.5218947571018668,0.045989925930327795,0.16780108109714195,False
Methanobacterium.2,Aquamicrobium.1,0.5232816604326247,0.04531270345407757,0.16780108109714195,False
Methanobacterium.2,Desulfosporosinus.2,0.5124181229528875,0.05081918422732389,0.18054183870233487,False
Methanobacterium.2,Ercella.2,-0.5063268540349041,0.05411386351610327,0.18731721986343441,False
Methanobacterium.2,Syntrophobacter.1,0.48688933495178943,0.0656745032926889,0.22165144861282504,False
Methanobacterium.2,Thermovirga.1,-0.48034601374131,0.06994029161927232,0.2302912041122381,False
Methanobacterium.2,Desulfobulbus.1,-0.47142857142857136,0.07607042915033117,0.23339790762033427,False
Methanobacterium.2,Desulfovibrio.3,0.4741462299522569,0.0741629573683671,0.23339790762033427,False
Methanobacterium.2,Erysipelothrix.1,0.47142857142857136,0.07607042915033117,0.23339790762033427,False
Methanobacterium.2,Lachnoclostridium.1,0.45576425705813706,0.0877544436156364,0.25863332068090533,False
Methanobacterium.2,Methanobacterium.5,-0.4552899746743398,0.08812690926904922,0.25863332068090533,False
Methanobacterium.2,Syner-01.1,-0.44999999999999996,0.0923573749481225,0.2652818216595008,False
Methanobacterium.2,Stenotrophomonas.2,0.4357977947249788,0.10441934317982428,0.29367940269325576,False
Methanobacterium.2,Syntrophobacter.2,-0.4330127018922193,0.10690753957629574,0.2945411804653046,False
Methanobacterium.2,Ercella.1,-0.42916625387999435,0.11041135267290322,0.29811065221683875,False
Methanobacterium.2,midas_g_15299.1,-0.41785714285714276,0.12117253602187847,0.3207508306461489,False
Methanobacterium.2,JGI-0000079-D21.1,0.4142857142857142,0.1247154422365709,0.3208216150393723,False
Methanobacterium.2,Ochrobactrum.1,0.4107142857142856,0.12832864601574892,0.3208216150393723,False
Methanobacterium.2,Pseudarcobacter.1,-0.4108274829891749,0.12821304068770317,0.3208216150393723,False
Methanobacterium.2,Bacteria (unclassified).1,0.4061073090622469,0.133094172550814,0.3266856962610889,False
Methanobacterium.2,Oscillibacter.2,0.4014362703302862,0.1380473643764094,0.33279275340741554,False
Methanobacterium.2,Enterobacteriaceae.1,0.39642857142857135,0.1434945314423537,0.3398554692055745,False
Methanobacterium.2,Paraclostridium.1,0.3856012340336992,0.15576238070490747,0.36255036888211223,False
Methanobacterium.2,Comamonadaceae.2,0.36917799860731676,0.17567187287445393,0.4019610650517166,False
Methanobacterium.2,Pseudomonas.2,-0.3572043346725523,0.19119286141273792,0.43018393817866035,False
Methanobacterium.2,Acetobacterium.1,-0.34642857142857136,0.20589599209355114,0.45567145791195746,False
Methanobacterium.2,midas_g_94288.1,-0.3428571428571428,0.2109237934147519,0.4592695501772824,False
Methanobacterium.2,Romboutsia.1,0.33928571428571425,0.2160289253419548,0.4629191257327603,False
Methanobacterium.2,Bosea.1,0.3285714285714285,0.23180969720615968,0.4889735800442431,False
Methanobacterium.2,Oscillibacter.1,0.3225356116450101,0.2410078555063459,0.5005547768208722,False
Methanobacterium.2,Dethiobacter.2,0.3092947870658709,0.26196543825171653,0.5052190594854533,False
Methanobacterium.2,Methanobacteriaceae.1,-0.3107142857142856,0.2596673973372183,0.5052190594854533,False
Methanobacterium.2,Petrimonas.2,-0.3117243620926634,0.25803966897412,0.5052190594854533,False
Methanobacterium.2,Terrisporobacter.1,0.3107142857142856,0.2596673973372183,0.5052190594854533,False
Methanobacterium.2,Thauera.1,-0.31571129128965136,0.25167562719094605,0.5052190594854533,False
Methanobacterium.2,Stappia.1,0.29554406261598076,0.2848629675190067,0.5197963513431545,False
Methanobacterium.2,Stenotrophomonas.1,0.2955074877641434,0.28492540740291433,0.5197963513431545,False
Methanobacterium.2,Sulfurospirillum.1,-0.2964285714285714,0.2833554284342631,0.5197963513431545,False
Methanobacterium.2,midas_g_36215.3,0.29613428738102826,0.2838564720463409,0.5197963513431545,False
Methanobacterium.2,Anaerovorax.1,-0.2928571428571428,0.28947166721240103,0.5198090699255192,False
Methanobacterium.2,midas_g_76594.1,-0.29102852380549327,0.29263325418029235,0.5198090699255192,False
Methanobacterium.2,Pseudomonas.1,0.28417653407874544,0.30466021589633746,0.5341445343637085,False
Methanobacterium.2,Bacteroides.1,0.2785714285714285,0.3147094732307908,0.5446894728994457,False
Methanobacterium.2,Comamonadaceae.3,0.27167124342288956,0.327339919919453,0.5473032369253095,False
Methanobacterium.2,Leucobacter.1,0.27110883423451915,0.3283819421551857,0.5473032369253095,False
Methanobacterium.2,midas_g_76603.1,-0.2748169871336806,0.3215464048027404,0.5473032369253095,False
Methanobacterium.2,Thermovirga.2,0.2609473785509334,0.34753298123611936,0.5721579569131233,False
Methanobacterium.2,EBM-39.1,0.24285714285714283,0.3831283418393415,0.5811497320034956,False
Methanobacterium.2,Methanosarcina.1,0.24285714285714283,0.3831283418393415,0.5811497320034956,False
Methanobacterium.2,Ruminiclostridium.1,-0.24285714285714283,0.3831283418393415,0.5811497320034956,False
Methanobacterium.2,Soehngenia.1,-0.24743582965269673,0.3739394242339849,0.5811497320034956,False
Methanobacterium.2,Syner-01.2,-0.24843620286698453,0.3719478836037019,0.5811497320034956,False
Methanobacterium.2,midas_g_114295.1,0.2544819213700921,0.3600357351278041,0.5811497320034956,False
Methanobacterium.2,midas_g_25828.1,-0.24743582965269673,0.3739394242339849,0.5811497320034956,False
Methanobacterium.2,Fermentimonas.2,0.2180519190631087,0.4349720912704291,0.6524581369056437,False
Methanobacterium.2,Clostridium_sensu_stricto_13.1,0.20788663999246962,0.4571951200330747,0.6762328838501366,False
Methanobacterium.2,Desulfuromonadaceae.1,-0.20624297894784266,0.4608401875126857,0.6762328838501366,False
Methanobacterium.2,midas_g_2178.1,-0.1964285714285714,0.48289875627163353,0.7009820655555971,False
Methanobacterium.2,Devosia.1,0.18533928172583747,0.5084138115790056,0.7224827848754289,False
Methanobacterium.2,midas_g_2424.1,-0.18636037050702642,0.5060387786426352,0.7224827848754289,False
Methanobacterium.2,Desulfovibrio.4,0.18070158058105026,0.5192652356423509,0.730216737622056,False
Methanobacterium.2,Aminiphilus.1,-0.17520638947128786,0.5322573853901732,0.7338877550878672,False
Methanobacterium.2,Sphaerochaeta.1,-0.175,0.5327481481378592,0.7338877550878672,False
Methanobacterium.2,Methylobacterium-Methylorubrum.1,-0.1690308509457033,0.5470282358545143,0.745947594347065,False
Methanobacterium.2,Acinetobacter.2,-0.14907724834469535,0.5959296989086106,0.7965396965610142,False
Methanobacterium.2,Sporomusaceae.1,-0.15,0.5936302027425882,0.7965396965610142,False
Methanobacterium.2,Christensenellaceae_R-7_group.2,-0.1464285714285714,0.602549920983054,0.7974925424775715,False
Methanobacterium.2,Proteiniphilum.1,-0.13928571428571426,0.6205460876279013,0.8133371051433658,False
Methanobacterium.2,Azoarcus.1,0.12371791482634836,0.6604565674873453,0.8411475151961473,False
Methanobacterium.2,Comamonadaceae.1,0.12725516708967224,0.6513087100654722,0.8411475151961473,False
Methanobacterium.2,Petrimonas.1,-0.125,0.6571356681869506,0.8411475151961473,False
Methanobacterium.2,Achromobacter.2,0.10547198028072964,0.7083305955702678,0.8811846267319992,False
Methanobacterium.2,Proteiniclasticum.1,0.10205838133501494,0.7174071338312697,0.8811846267319992,False
Methanobacterium.2,midas_g_25828.2,-0.10866268989366641,0.6998794875259317,0.8811846267319992,False
Methanobacterium.2,midas_g_30443.1,0.10183501544346313,0.7180022884482956,0.8811846267319992,False
Methanobacterium.2,Anaerovorax.2,0.08936554059963472,0.7514569520899218,0.905774004751245,False
Methanobacterium.2,Christensenellaceae_R-7_group.4,0.09035079029052513,0.7487977640203206,0.905774004751245,False
Methanobacterium.2,Erysipelothrix.3,-0.0867979807840945,0.758398931465203,0.9060518207770124,False
Methanobacterium.2,Acetoanaerobium.1,0.08214285714285713,0.7710285652881773,0.9130601431044205,False
Methanobacterium.2,Intestinimonas.1,-0.07506705410369317,0.7903273484871345,0.9277755830066361,False
Methanobacterium.2,Methanobacterium.6,-0.07008255578851515,0.8039911160221963,0.9356793160603146,False
Methanobacterium.2,Veillonellales-Selenomonadales.1,-0.06451654344593885,0.8193112704551836,0.9453591582175195,False
Methanobacterium.2,midas_g_9269.2,-0.05616339933088468,0.8424155253943976,0.9556814783886022,False
Methanobacterium.2,midas_g_9269.3,-0.05616339933088468,0.8424155253943976,0.9556814783886022,False
Methanobacterium.2,Hyphomonas.1,0.050452497910951306,0.8582815793603772,0.9589919617198901,False
Methanobacterium.2,midas_g_36215.1,0.049999999999999996,0.859540943467457,0.9589919617198901,False
Methanobacterium.2,Achromobacter.1,0.021428571428571425,0.9395779040128779,0.9949561096266831,False
Methanobacterium.2,Aminivibrio.1,0.010714285714285713,0.9697698761545686,0.9949561096266831,False
Methanobacterium.2,Aquamicrobium.2,0.025226248955475653,0.9288926915570472,0.9949561096266831,False
Methanobacterium.2,Azoarcus.2,0.02581988897471611,0.9272233904479191,0.9949561096266831,False
Methanobacterium.2,Desulfomicrobium.1,0.024147264420814753,0.9319274696091625,0.9949561096266831,False
Methanobacterium.2,Devosia.2,0.0063786488334384335,0.9820003359954135,0.9949561096266831,False
Methanobacterium.2,Lentimicrobium.1,0.017857142857142853,0.9496353041738619,0.9949561096266831,False
Methanobacterium.2,Methanobacterium.3,0.0035714285714285704,0.9899214068809781,0.9949561096266831,False
Methanobacterium.2,Methanobacterium.4,0.0017873108119926943,0.9949561096266831,0.9949561096266831,False
Methanobacterium.2,Syntrophomonas.1,-0.02028705562299123,0.9427916413555465,0.9949561096266831,False
Methanobacterium.2,Trichloromonas.1,0.009166984970282111,0.9741340929049914,0.9949561096266831,False
Methanobacterium.2,Xanthobacter.1,0.007273929674533079,0.9794744373329012,0.9949561096266831,False
Methanobacterium.2,midas_g_36215.2,0.014337009654653078,0.959555168365072,0.9949561096266831,False
Methanobacterium.2,midas_g_97954.1,0.03243374865704012,0.908645896369574,0.9949561096266831,False
Total C delivery rate (mol/min),Fermentimonas.2,-0.8993801445697533,5.063846720619717e-06,0.00029252556893618004,True
Total C delivery rate (mol/min),Aminiphilus.1,0.8993054069043501,5.087401198890088e-06,0.00029252556893618004,True
Total C delivery rate (mol/min),Christensenellaceae_R-7_group.2,0.8833162232652875,1.2741795703343876e-05,0.0004884355019615153,True
Total C delivery rate (mol/min),midas_g_76603.1,0.8610755268710951,3.745237886931022e-05,0.0008717776957585929,True
Total C delivery rate (mol/min),Petrimonas.2,0.8559838793497205,4.6720527815495195e-05,0.0008717776957585929,True
Total C delivery rate (mol/min),Methanobacterium.5,0.8527090557960321,5.362699205120118e-05,0.0008717776957585929,True
Total C delivery rate (mol/min),EBM-39.1,-0.850999776072655,5.7553939754417936e-05,0.0008717776957585929,True
Total C delivery rate (mol/min),Ercella.1,0.8497206847585091,6.06454049223369e-05,0.0008717776957585929,True
Total C delivery rate (mol/min),Thermovirga.2,-0.8418773181437151,8.275056613700753e-05,0.0009595557996588924,True
Total C delivery rate (mol/min),midas_g_84729.1,0.8379780383745522,9.599115146038254e-05,0.0009595557996588924,True
Total C delivery rate (mol/min),midas_g_30443.1,0.8373629009524064,9.823092323957901e-05,0.0009595557996588924,True
Total C delivery rate (mol/min),midas_g_49937.1,0.8358403392970661,0.00010396044832420667,0.0009595557996588924,True
Total C delivery rate (mol/min),Comamonadaceae.3,-0.8346894648404601,0.00010847152517883132,0.0009595557996588924,True
Total C delivery rate (mol/min),midas_g_97954.1,-0.8306213940356547,0.00012572882327783233,0.0010327724769250513,True
Total C delivery rate (mol/min),Methanobacterium.4,0.8275016115372054,0.00014044123452898444,0.0010767161313888808,True
Total C delivery rate (mol/min),Clostridium_sensu_stricto_13.1,-0.8216229553179485,0.00017201195256680627,0.00123633590907392,True
Total C delivery rate (mol/min),Aquamicrobium.2,-0.8161285452847599,0.00020657348095322802,0.0013974088417424248,True
Total C delivery rate (mol/min),midas_g_114295.1,-0.8108121269585018,0.0002452443883990358,0.0015668391481049508,True
Total C delivery rate (mol/min),Christensenellaceae_R-7_group.4,-0.7929464741955797,0.0004209930025108195,0.002548115541512855,True
Total C delivery rate (mol/min),Acinetobacter.1,-0.7807805650660495,0.000591164352487179,0.0033991950268012793,True
Total C delivery rate (mol/min),Methanosarcina.1,-0.766617941736337,0.000855745319884815,0.004686224370797796,True
Total C delivery rate (mol/min),midas_g_2178.1,0.7630272253816,0.0009361632916411323,0.0048935808426695555,True
Total C delivery rate (mol/min),Taibaiella.1,-0.7590629533281119,0.0010319469870700253,0.005145754535939474,True
Total C delivery rate (mol/min),Intestinimonas.1,-0.7574200418304714,0.0010738965988047596,0.005145754535939474,True
Total C delivery rate (mol/min),Aminivibrio.1,-0.7289154200115991,0.0020501358427350226,0.009417865748732948,True
Total C delivery rate (mol/min),Acinetobacter.2,-0.7271319501918658,0.002129256604061362,0.009417865748732948,True
Total C delivery rate (mol/min),Thermovirga.1,0.7185682226684442,0.002544013562228902,0.010539602744615762,True
Total C delivery rate (mol/min),Romboutsia.1,-0.7181432709473882,0.002566164146515142,0.010539602744615762,True
Total C delivery rate (mol/min),Lentimicrobium.1,0.7127571964152828,0.0028605318935715305,0.01134348854347331,True
Total C delivery rate (mol/min),Terrisporobacter.1,-0.7091664800605458,0.0030713301668862953,0.011773432306397465,True
Total C delivery rate (mol/min),Azoarcus.2,-0.7055375408806294,0.003296788975113418,0.012230023617356228,True
Total C delivery rate (mol/min),Desulfuromonadaceae.1,-0.7011652974154416,0.003585748610780389,0.012886284069992024,True
Total C delivery rate (mol/min),Syntrophomonas.1,-0.699047708047299,0.003732763296315805,0.013008114517464168,True
Total C delivery rate (mol/min),Petrimonas.1,-0.6948036146415982,0.004041843523154178,0.013670941328315601,True
Total C delivery rate (mol/min),Desulfovibrio.2,-0.6660778838037026,0.006707239795185165,0.022038073612751258,True
Total C delivery rate (mol/min),Desulfovibrio.4,-0.6415485793611015,0.009938196047882876,0.031747015152959183,True
Total C delivery rate (mol/min),Dysgonomonas.1,-0.637352152965807,0.010595289324221813,0.032931304656365096,True
Total C delivery rate (mol/min),midas_g_15299.1,-0.6337614366110701,0.011183992437012378,0.03384629290148483,True
Total C delivery rate (mol/min),Hyphomonas.1,-0.6295331176169902,0.01190953217797082,0.035117851294016525,True
Total C delivery rate (mol/min),Sulfurospirillum.1,-0.6211939293694908,0.01344727483023789,0.038660915136933934,True
Total C delivery rate (mol/min),midas_g_9269.1,0.6158078548373854,0.014519334193187836,0.04072496176138052,True
Total C delivery rate (mol/min),Acetobacterium.1,-0.61042178030528,0.0156562856866473,0.04286840128486761,True
Total C delivery rate (mol/min),Lachnoclostridium.1,-0.6010842324846802,0.01778872044643269,0.047574484914878125,True
Total C delivery rate (mol/min),Methanobacterium.1,0.5978542730637008,0.01857602534027889,0.048550975321183465,True
Total C delivery rate (mol/min),Christensenellaceae_R-7_group.1,0.5923951926928224,0.019967134359284565,0.051027121140393886,False
Total C delivery rate (mol/min),midas_g_36215.1,0.5906728403542268,0.02042216286283767,0.051055407157094175,False
Total C delivery rate (mol/min),midas_g_36215.2,0.5585594652380791,0.030446641604455166,0.07449710179813497,False
Total C delivery rate (mol/min),Oscillibacter.2,-0.5549558557849302,0.03176811855176066,0.07611111736359326,False
Total C delivery rate (mol/min),Thauera.1,-0.538439332162127,0.03838373369199475,0.09008427295059993,False
Total C delivery rate (mol/min),midas_g_3409.1,0.5206538714368565,0.04660216255094594,0.10718497386717565,False
Total C delivery rate (mol/min),Syner-01.2,-0.5157284745085298,0.049091771991861904,0.10994883166792067,False
Total C delivery rate (mol/min),Comamonadaceae.2,-0.5135143470737179,0.050242279815539054,0.10994883166792067,False
Total C delivery rate (mol/min),Comamonadaceae.1,-0.5126967938330986,0.05067207024695475,0.10994883166792067,False
Total C delivery rate (mol/min),Monoglobus.2,-0.50630712816742,0.05412478066579406,0.11526573660307994,False
Total C delivery rate (mol/min),Proteiniphilum.1,0.5044956478405402,0.05513422455297933,0.11528065133804768,False
Total C delivery rate (mol/min),Enterobacteriaceae.1,-0.49551885695369785,0.06034072405964738,0.12391398690820445,False
Total C delivery rate (mol/min),Anaerovorax.1,0.49192814059896095,0.0625203128180923,0.12613747322948446,False
Total C delivery rate (mol/min),Devosia.1,-0.4881303621065171,0.06488718622565873,0.1286556278612199,False
Total C delivery rate (mol/min),Syner-01.1,-0.4775652751800132,0.07181224814844733,0.13997302605205836,False
Total C delivery rate (mol/min),Methanobacteriaceae.1,-0.46499776793843395,0.08072357054309055,0.15220449317672569,False
Total C delivery rate (mol/min),Xanthobacter.1,0.4643890324059197,0.08117430230770555,0.15220449317672569,False
Total C delivery rate (mol/min),Rhodococcus.1,-0.46320240976106536,0.08205807458223471,0.15220449317672569,False
Total C delivery rate (mol/min),Ca_Caldatribacterium.1,0.4547131295593224,0.08858142655306157,0.16169625481908068,False
Total C delivery rate (mol/min),Pseudomonas.2,-0.44357255857836625,0.09768770741140216,0.17553259925486325,False
Total C delivery rate (mol/min),Proteiniclasticum.1,-0.4414348595008802,0.09950736671330784,0.17605149495431388,False
Total C delivery rate (mol/min),Geobacteraceae.1,0.4380673952779068,0.10242177660100545,0.1784621865017519,False
Total C delivery rate (mol/min),Acetoanaerobium.1,-0.430885962568433,0.10883512898786166,0.18680656468065807,False
Total C delivery rate (mol/min),Ruminiclostridium.1,-0.4111370226173798,0.12789727931654202,0.2162968694323872,False
Total C delivery rate (mol/min),Pseudarcobacter.1,-0.4085171741658455,0.1305866072457961,0.21672601663966595,False
Total C delivery rate (mol/min),Devosia.2,-0.4072316742611025,0.1319201840415358,0.21672601663966595,False
Total C delivery rate (mol/min),Desulfobulbus.1,-0.396774157198432,0.14311403877447845,0.23175401688589023,False
Total C delivery rate (mol/min),Mesotoga.1,-0.3949787990210636,0.14509816709377477,0.23175401688589023,False
Total C delivery rate (mol/min),Bosea.1,-0.3680484263605365,0.17709962045670924,0.278992552774268,False
Total C delivery rate (mol/min),Paraclostridium.1,-0.36141541572543756,0.18563664930798643,0.2857431694718968,False
Total C delivery rate (mol/min),Thiobacillus.1,0.36086699365106256,0.1863542409599327,0.2857431694718968,False
Total C delivery rate (mol/min),Leucobacter.1,-0.3458153781188893,0.20675374438367788,0.3128510605805652,False
Total C delivery rate (mol/min),Gordonia.1,-0.3423428980491452,0.21165410446743174,0.316106779399411,False
Total C delivery rate (mol/min),Sphingopyxis.1,-0.3315397336126263,0.22736774454990522,0.33522167465691155,False
Total C delivery rate (mol/min),Christensenellaceae_R-7_group.3,-0.32675518828106165,0.2345541304950873,0.3414395570498106,False
Total C delivery rate (mol/min),Burkholderiales.1,-0.31598303921685084,0.25124539140642477,0.3611652501467356,False
Total C delivery rate (mol/min),Achromobacter.1,-0.2926433829110607,0.28984019928656257,0.4115015175056135,False
Total C delivery rate (mol/min),Ochrobactrum.1,-0.27109908478263905,0.3284000224265397,0.4541667129671255,False
Total C delivery rate (mol/min),Syntrophobacter.1,-0.2707187410474951,0.32910580923697524,0.4541667129671255,False
Total C delivery rate (mol/min),Sphaerochaeta.1,0.2693037266052706,0.3317391642542482,0.4541667129671255,False
Total C delivery rate (mol/min),JGI-0000079-D21.1,-0.2639176520731652,0.3418716501641621,0.4558235486209624,False
Total C delivery rate (mol/min),Proteiniphilum.2,0.2632756719151671,0.3430908443343094,0.4558235486209624,False
Total C delivery rate (mol/min),Propionicicella.1,0.2623566455687991,0.34484042373933677,0.4558235486209624,False
Total C delivery rate (mol/min),Desulfovibrio.1,-0.2461839756364759,0.3764397597661461,0.4908024844059401,False
Total C delivery rate (mol/min),LNR_A2-18.2,0.24237335394474355,0.3841062921437792,0.4908024844059401,False
Total C delivery rate (mol/min),midas_g_94288.1,0.24237335394474355,0.3841062921437792,0.4908024844059401,False
Total C delivery rate (mol/min),Erysipelothrix.1,-0.22801048852579578,0.41374550268243304,0.5195876507287789,False
Total C delivery rate (mol/min),Aquamicrobium.1,0.2270968422517174,0.41567012058302316,0.5195876507287789,False
Total C delivery rate (mol/min),Stenotrophomonas.1,-0.22282754954500658,0.42472479194712237,0.5213385118903797,False
Total C delivery rate (mol/min),LNR_A2-18.1,0.22082905581632187,0.42899787476010254,0.5213385118903797,False
Total C delivery rate (mol/min),Stenotrophomonas.2,-0.2200493473212309,0.4306709446050963,0.5213385118903797,False
Total C delivery rate (mol/min),Desulfovibrio.3,0.2127010582098672,0.446600899626314,0.5349906610106887,False
Total C delivery rate (mol/min),Oscillibacter.1,0.20561729165331907,0.4622314854187307,0.5480064002387014,False
Total C delivery rate (mol/min),Methanobacterium.3,-0.18671725044632095,0.5052098950578835,0.5914120187960011,False
Total C delivery rate (mol/min),Methanobacterium.6,0.18449667626182029,0.5103775565523788,0.5914120187960011,False
Total C delivery rate (mol/min),Achromobacter.2,-0.182830327718866,0.5142713206921748,0.5914120187960011,False
Total C delivery rate (mol/min),Bacteroides.1,0.17594510138211014,0.5305024921679626,0.6040374910823336,False
Total C delivery rate (mol/min),Desulfosporosinus.2,0.16780937758265904,0.549970748780509,0.6200650598995935,False
Total C delivery rate (mol/min),Methanobacterium.2,-0.1472193705442146,0.6005703143016732,0.6705396713076933,False
Total C delivery rate (mol/min),Sporomusaceae.1,-0.13644722148000377,0.6277541186537501,0.6941511888959736,False
Total C delivery rate (mol/min),Pannonibacter.1,-0.13106114694789836,0.6415172049479301,0.7026140816096378,False
Total C delivery rate (mol/min),Ercella.2,-0.1250008204764671,0.6571335448586655,0.712927902441005,False
Total C delivery rate (mol/min),midas_g_98124.1,0.11152649990850827,0.6923219221489018,0.7440843088516235,False
Total C delivery rate (mol/min),Hydrogenophaga.1,0.09239191078695395,0.7432971606057581,0.791473828422798,False
Total C delivery rate (mol/min),Rhizobiaceae.1,0.05063082327745136,0.8577853621987273,0.9050029050720517,False
Total C delivery rate (mol/min),Veillonellales-Selenomonadales.1,-0.046846922890935665,0.8683249623754217,0.9077942788470317,False
Total C delivery rate (mol/min),Monoglobus.1,0.04163442107948152,0.882877184642026,0.9146925786831801,False
Total C delivery rate (mol/min),Anaerovorax.2,0.03324382152755331,0.9063733392142701,0.9306511965146523,False
Total C delivery rate (mol/min),Stappia.1,0.01817044215863187,0.9487527278317138,0.9655448115101513,False
Total C delivery rate (mol/min),Desulfosporosinus.1,-0.012052546690470673,0.9659959011877619,0.9744695494437948,False
Total C delivery rate (mol/min),Bacteria (unclassified).1,0.005344247693715255,0.9849189375602043,0.9849189375602043,False
