"seq","5-10","A","B","C","Ca","Cb","D","E","Ea","F","Fa","Fb","G","Ga","H","Ha","I","Ia","J","Ja","Jb","K","L","M","N","Na","P","Q","Qa"
"0fd87e3cf3f118361bcb5de6a4bf2a71",0,0,0,0,0,0,0,0,0,0,0,0.105098996474098,0,0,0,0,0,0,0,0,0,0,0,0,0,0,0,0,0
"99e5f06a61d06cdb191e00e52948bac7",0,0,0,0,0,0,0,0,0,0,0,0,0,0,0,0,0,0,0,0,0,0,0,0,0,0.0487685930260912,0,0,0
"00adc7daa4b95b95372776a244ef7a2c",0,0,0,0.00670685670704833,0,0,0,0,0,0,0,0,0,0,0,0,0,0,0,0,0,0,0,0,0,0,0,0,0
"cab3a156d09c8a95a87cc88ccf7c4de5",0,0,0,0,0,0,0,0,0,0,0,0,0,0,0,0,0,0,0,0,0,0,0,0,0,0,0.00253212635310502,0,0
"955d34a1529b6fbcf425ced56e3b7fc1",0.0302384861658926,0,0,0,0,0,0,0,0,0,0,0,0,0,0,0,0,0,0,0,0,0,0,0,0,0,0,0,0
"ccd8c51003c6724304379157cbbb67a3",0.00291774866512999,0,0,0,0,0,0,0,0,0,0,0,0,0,0,0,0,0,0,0,0,0,0,0,0,0,0,0,0
"8a86fb52c58e6597a806872e474d6ac1",0.0108752450245754,0,0,0,0,0,0,0,0,0,0,0,0,0,0,0,0,0,0,0,0,0,0,0,0,0,0,0,0
"090b23760e2b4c99732ad0ce04fa8ac2",0.00424399805837089,0,0,0,0,0,0,0,0,0,0,0,0,0,0,0,0,0,0,0,0,0,0,0,0,0,0,0,0
"e9610e4b261eb260ad4e507e8c1d634e",0.0156497428402427,0,0,0,0,0,0,0,0,0,0,0,0,0,0,0,0,0,0,0,0,0,0,0,0,0,0,0,0
"057bcefe7d185d0daf7b610144b1fa59",0.0405832314331716,0,0,0,0,0,0,0,0,0,0,0,0,0,0,0,0,0,0,0,0,0,0,0,0,0,0,0,0
"feb42a0dac8ff0d17d64cdea8f2fcf1e",0.0100794953886309,0,0,0,0,0,0,0,0,0,0,0,0,0,0,0,0,0,0,0,0,0,0,0,0,0,0,0,0
"fcd440ee90ed7a838d67a52025c2c7d6",0.00663124696620451,0,0,0,0,0,0,0,0,0,0,0,0,0,0,0,0,0,0,0,0,0,0,0,0,0,0,0,0
"6175323e639f0195d56844920014159a",0.00212199902918544,0,0,0,0,0,0,0,0,0,0,0,0,0,0,0,0,0,0,0,0,0,0,0,0,0,0,0,0
"723bd8389de26603c3e8283a20c163c7",0.0307689859231889,0,0,0,0,0,0,0,0,0,0,0,0,0,0,0,0,0,0,0,0,0,0,0,0,0,0,0,0
"9105a12672d63787cb130b8396b7aa49",0,0,0,0,0,0.0154030991035396,0,0,0,0,0,0,0,0,0,0,0,0,0,0,0,0,0,0,0,0,0,0,0
"62cb0689453660fcfba1346b1152bc84",0.00265249878648181,0,0,0,0,0,0,0,0,0,0,0,0,0,0,0,0,0,0,0,0,0,0,0,0,0,0,0,0
"25fd077b762513468941fbac535c9506",0.032360485195078,0,0,0,0,0,0,0,0,0,0,0,0,0,0,0,0,0,0,0,0,0,0,0,0,0,0,0,0
"e843b0e0535e8033ed7c08faf28016ca",0.0848799611674178,0,0,0,0,0,0,0,0,0,0,0,0,0,0,0,0,0,0,0,0,0,0,0,0,0,0,0,0
"90a5e55fa876aa0bf69ffe16087cd920",0.0779834643225651,0,0.00130757697269779,0,0,0,0,0,0,0,0,0,0,0,0,0,0,0,0,0,0,0,0,0,0,0,0,0,0
"9f86297104372f6378c6bf3dc1a8e8ec",0.191775662262635,0.00297928583810019,0,0,0,0,0,0,0,0,0,0,0,0,0,0,0,0,0,0,0,0,0,0,0,0,0,0,0
"5d8d4162e9b3958c6bc4b820eac278dc",0.00185674915053726,0,0,0,0,0,0,0,0,0,0,0,0,0,0,0,0,0,0,0,0,0,0,0,0,0,0,0,0
"e1d4180c0091e155509f14fcbdb541ae",0.00344824842242635,0,0,0,0,0,0,0,0,0,0,0,0,0,0,0,0,0,0,0,0,0,0,0,0,0,0,0,0
"126253aad6ce532558563354e8c229f3",0.0013262493932409,0,0,0,0,0,0,0,0,0,0,0,0,0,0,0,0,0,0,0,0,0,0,0,0,0,0,0,0
"c7ee36f726ae061be7e613876b497945",0.00265249878648181,0,0,0,0,0,0,0,0,0,0,0,0,0,0,0,0,0,0,0,0,0,0,0,0,0,0,0,0
"8b78ca8c5e127e820c9561e10c9f19c2",0.00371349830107453,0,0,0,0,0,0,0,0,0,0,0,0,0,0,0,0,0,0,0,0,0,0,0,0,0,0,0,0
"83fe43c957bc1d62cad075e35f2b3e77",0.000530499757296361,0,0,0,0,0,0,0,0,0,0,0,0,0,0,0,0,0,0,0,0,0,0,0,0,0,0,0,0
"2af9958fd7f71a6e23c081bc5ea32141",0.0082227462380936,0,0,0,0,0,0,0,0,0,0,0,0,0,0,0,0,0,0,0,0,0,0,0,0,0,0,0,0
"516a6da55fdb8df7ed2cdc84291dbca2",0.000530499757296361,0,0,0,0,0,0,0,0,0,0,0,0,0,0,0,0,0,0,0,0,0,0,0,0,0,0,0,0
"e7891537521872e90b0e0f41517de633",0.00689649684485269,0,0,0,0,0,0,0,0,0,0,0,0,0,0,0,0,0,0,0,0,0,0,0,0,0,0,0,0
"c992cbee5926e44bc397f0234e0c255c",0.000795749635944542,0,0,0,0,0,0,0,0,0,0,0,0,0,0,0,0,0,0,0,0,0,0,0,0,0,0,0,0
"fc05fae4c5692849b84f3411043e8344",0.0095489956313345,0,0,0,0,0,0,0,0,0,0,0,0,0,0,0,0,0,0,0,0,0,0,0,0,0,0,0,0
"c883771c490f92035a893a246adf9767",0.0013262493932409,0,0,0,0,0,0,0,0,0,0,0,0,0,0,0,0,0,0,0,0,0,0,0,0,0,0,0,0
"873b71b30dcfcdbdf2e7080dd9db241f",0.0551719747588215,0,0,0,0,0,0,0,0,0,0,0,0,0,0,0,0,0,0,0,0,0,0,0,0,0,0,0,0
"9fb275ed81ecc69dd2c2cf775d20f252",0.00106099951459272,0,0,0,0,0,0,0,0,0,0,0,0,0,0,0,0,0,0,0,0,0,0,0,0,0,0,0,0
"fd7c9ad162f78a62dda5099c417becc6",0.0472144783993761,0,0,0,0,0,0,0,0,0,0,0,0,0,0,0,0,0,0,0,0,0,0,0,0,0,0,0,0
"c8e5908cbbf128920eb03bfbe95f95a9",0.0180369917480763,0,0,0,0,0,0,0,0,0,0,0,0,0,0,0,0,0,0,0,0,0,0,0,0,0,0,0,0
"344057b4eb641fc142588238344a8918",0,0,0,0,0,0.141708511752565,0,0,0,0,0,0,0,0,0,0,0,0,0,0,0,0,0,0,0,0,0,0,0
"2b10a074b0f59b702c22aff7e6b39787",0,0,0,0,0,0.0215643387449555,0,0,0,0,0,0,0,0,0,0,0,0,0,0,0,0,0,0,0,0,0,0,0
"21303e01cd67416ee96438f8033c47ec",0,0,0,0,0,0.117063553186901,0,0,0,0,0,0,0,0,0,0,0,0,0,0,0,0,0,0,0,0,0,0,0
"ab07f8f9d60701b64f9d82751d8be248",0.000530499757296361,0,0,0,0,0,0,0,0,0,0,0,0,0,0,0,0,0,0,0,0,0,0,0,0,0,0,0,0
"14ba1f19338b039eaa6ddedfb7c78f7e",0,0,0,0,0,0.0308061982070793,0,0,0,0,0,0,0,0,0,0,0,0,0,0,0,0,0,0,0,0,0,0,0
"8b2843ccdbc3d39c6d758b7f91388341",0.0095489956313345,0,0.000653788486348896,0,0,0.0277255783863713,0,0.00106469869787349,0,0.00190019740939753,0,0,0.00300134460238187,0,0.00356613032066644,0,0.00538926673636785,0.00553510641242078,0.00507538354391476,0,0,0.000667852475840437,0.00466473512079072,0.00724970397042121,0.00562343537606239,0,0.00933721592707476,0.0280355490762287,0.0126514217035139
"e8895eca419d323d988e5bdcf681d140",0.00159149927188908,0,0,0,0,0,0,0,0,0,0,0,0,0,0,0,0,0,0,0,0,0,0,0,0,0,0,0,0
"3e0e16864cf81719dbcaf7c5a411d935",0,0,0,0,0,0.0246449585656634,0,0,0,0,0,0,0,0,0,0,0,0,0,0,0,0,0,0,0,0,0,0,0
"26bcb031ea5e9e32c511c17dd4ce8c44",0.0013262493932409,0,0,0,0,0,0,0,0,0,0,0,0,0,0,0,0,0,0,0,0,0,0,0,0,0,0,0,0
"c6d1c8a43afe01b7401a3595ad0a5640",0,0,0,0,0,0.0154030991035396,0,0,0,0,0,0,0,0,0,0,0,0,0,0,0,0,0,0,0,0,0,0,0
"4a861d22b54efb0cebe9bfc1f9e23cc0",0.0013262493932409,0,0,0,0,0,0,0,0,0,0,0,0,0,0,0,0,0,0,0,0,0,0,0,0,0,0,0,0
"95d2aecfcf6ba465767aadd660dfaa23",0,0,0,0,0,0.0123224792828317,0,0,0,0,0,0,0,0,0,0,0,0,0,0,0,0,0,0,0,0,0,0,0
"7ee5506b56675190c1b39ceb2fef6b12",0.00318299854377817,0,0,0,0,0,0,0,0,0,0,0,0,0,0,0,0,0,0,0,0,0,0,0,0,0,0,0,0
"8ed2c27daaea55b50ad23f3ffa313d87",0.00291774866512999,0,0,0,0,0,0,0,0,0,0,0,0,0,0,0,0,0,0,0,0,0,0,0,0,0,0,0,0
"76861e4fd720b21d96693697fa6b48fc",0.0122014944178163,0,0,0,0,0,0,0,0,0,0,0,0,0,0,0,0,0,0,0,0,0,0,0,0,0,0,0,0
"55d6f196845f6c46a8c04acebb14b7b9",0.0013262493932409,0,0,0,0,0,0,0,0,0,0,0,0,0,0,0,0,0,0,0,0,0,0,0,0,0,0,0,0
"571f6e6cd40b8548c4d3acff7572c04d",0.00318299854377817,0,0,0,0,0,0,0,0,0,0,0,0,0,0,0,0,0,0,0,0,0,0,0,0,0,0,0,0
"d628016102970528d40c260b4400c593",0.00159149927188908,0,0,0,0,0,0,0,0,0,0,0,0,0,0,0,0,0,0,0,0,0,0,0,0,0,0,0,0
"2641fe1f99500e1a2d08cabe3073566b",0.0119362445391681,0,0,0,0,0,0,0,0,0,0,0,0,0,0,0,0,0,0,0,0,0,0,0,0.000775646258767227,0,0,0,0
"43bd75d8b401c403c3a5e8bd8c343540",0,0,0,0,0,0.0523705369520348,0,0,0,0,0,0,0,0,0,0,0,0,0,0,0,0,0,0,0,0,0,0,0
"4b322ffec8bcd2c849beaeaaab778b16",0.0217504900491508,0,0,0,0,0,0,0,0,0,0,0,0,0,0,0,0,0,0,0,0,0,0,0,0,0,0,0,0
"ba48df38cee6b17f2eda82b87095c240",0.00265249878648181,0,0,0,0,0,0,0,0,0,0,0,0,0,0,0,0,0,0,0,0,0,0,0,0,0,0,0,0
"86d8b22d008c02c166ab930218a92e10",0.00503974769431543,0,0,0,0,0,0,0,0,0,0,0,0,0,0,0,0,0,0,0,0,0,0,0.00169159759309828,0.00116346938815084,0,0.00284864214724315,0,0
"062cbfa9421131d2ab6418f8ee0385c6",0.00318299854377817,0,0,0,0,0,0,0,0,0,0,0,0,0,0,0,0,0,0,0,0,0,0,0,0,0,0,0,0
"c5e8440cde07de1b358a2744fa0626e9",0.000795749635944542,0,0,0,0,0,0,0,0,0,0,0,0,0,0,0,0,0,0,0,0,0,0,0,0,0,0,0,0
"116dc9851c69f16ec8c27a12ce358fa4",0.0135277438110572,0,0,0,0,0,0,0,0,0,0,0,0,0,0,0,0,0,0,0,0,0,0,0,0,0,0,0,0
"3e7c933c821c9f18e53e1dda439951cf",0,0,0,0,0,0.101660454083362,0,0,0,0,0,0,0,0,0,0,0,0,0,0,0,0,0,0,0.0127981632696592,0.0121921482565228,0.0242134582515668,0.0925173119515546,0.158142771293924
"b78b814af10f7643be0ef223f80cb573",0.0151192430829463,0,0,0.00172462029609814,0,0,0,0,0,0,0,0,0,0,0,0,0,0,0,0,0,0,0,0,0,0,0,0,0
"798933fd16ab772e1e547b6af3461e47",0.0259944881075217,0,0,0,0,0.043128677489911,0,0,0,0,0,0,0,0,0,0,0,0,0,0,0,0,0,0,0,0,0,0,0
"316c252396afd490a718db47b7e13385",0.00371349830107453,0,0,0,0,0,0.000810729190101807,0.00060839925592771,0,0,0,0,0,0,0.00142645212826658,0,0,0,0.000845897257319126,0,0,0,0,0,0.000969557823459033,0,0.00158257897069064,0,0
"f2fbdc2b912ea775653691981335232f",0.0265249878648181,0,0,0,0,0,0,0.00060839925592771,0,0.00105566522744307,0,0,0.000600268920476373,0,0.00142645212826658,0,0,0,0,0,0,0,0,0.000724970397042121,0.00523561224667878,0,0.0115528264860417,0.0224284392609829,0.0347914096846633
"c023b0699cefd63b6adc4f10e07249a5",0,0,0,0,0,0,0.000810729190101807,0,0,0,0,0,0,0,0,0,0,0,0,0,0,0,0,0,0,0,0,0,0
"98e48e291e82614b662dd427ed669231",0.0116709946605199,0,0,0,0,0.0308061982070793,0,0,0,0,0,0,0,0,0,0,0,0,0,0,0,0,0,0,0,0,0,0,0
"381bd0335293264d60f0d35fab6b5887",0.00795749635944542,0,0,0,0,0,0,0,0,0,0,0,0,0,0,0,0,0,0,0,0,0,0,0,0,0,0,0,0
"0ef7e12e6eb35a8fd9fac7badac0c381",0.00424399805837089,0,0.000653788486348896,0,0,0.0739348756969902,0.00162145838020361,0.00304199627963855,0,0.00126679827293169,0,0,0,0,0,0,0,0,0,0,0,0,0,0,0.0122164285755838,0.0335284077054377,0.07438121162246,0.263534161316549,0.243539867792643
"64cbb145bf7546cd909ccdfc390477a7",0.0119362445391681,0,0,0,0,0,0,0,0,0,0,0,0,0,0,0,0,0,0,0,0,0,0,0,0,0,0,0,0
"04d3fb492116659a0de3a6a9d16f50b1",0.000795749635944542,0,0,0,0,0,0,0,0,0,0,0,0,0,0,0,0,0,0,0,0,0,0,0,0,0,0,0,0
"38fdea0374be9c2a3549ac2be7678d6d",0.00212199902918544,0,0,0,0,0,0,0,0,0,0,0,0,0,0,0,0,0,0,0,0,0,0,0,0,0,0,0,0
"1e3f1ba7e9eb6d326f7f7ea4792b1680",0.00716174672350087,0,0,0,0,0,0,0,0,0,0,0,0,0,0,0,0,0,0,0,0,0,0,0,0,0,0,0,0
"be1d4c6accdb6c0d6ca7a1e0db1c63fb",0.000530499757296361,0,0,0,0,0,0,0,0,0,0,0,0,0,0,0,0,0,0,0,0,0,0,0,0,0,0,0,0
"bdd5dd02a4adbb00f8c1631abf8615af",0.00371349830107453,0,0,0,0,0,0,0,0,0,0,0,0,0,0,0,0,0,0,0,0,0,0,0,0,0,0,0,0
"da07a733c6038de701a8f72af131d730",0.00742699660214905,0,0,0,0,0,0,0,0,0,0,0,0,0,0,0,0,0,0,0,0,0,0,0,0,0,0,0,0
"aad81ac0351dcd619b00c97e690dfa5f",0.0641904706328597,0,0,0,0,0,0,0,0,0,0,0,0,0,0,0,0,0,0,0,0,0,0,0,0,0,0,0,0
"9a7f74e3ff43dde97ce79af735aa528c",0,0,0.000653788486348896,0,0,0,0,0,0,0,0,0,0,0,0,0,0,0,0,0,0,0,0,0,0,0,0,0,0
"26d527b73ea4ab711c0bf740b69fbfeb",0.00424399805837089,0,0,0,0,0,0,0,0,0,0,0,0,0,0,0,0,0,0,0,0,0,0,0,0,0,0,0,0
"f70d306dce5ac4969fdb6c1711131421",0.00318299854377817,0,0,0,0,0,0,0,0,0,0,0,0,0,0,0,0,0,0,0,0,0,0,0,0,0,0,0,0
"6c3396e9340561a2aa366046cad19f86",0.00742699660214905,0,0,0,0,0,0,0,0,0,0,0,0,0,0,0,0,0,0,0,0,0,0,0,0,0,0,0,0
"53355294f61e52a7101ac1349479e2c7",0.00583549733025997,0,0,0,0,0,0,0,0,0,0,0,0,0,0,0,0,0,0,0,0,0,0,0,0,0,0,0,0
"2b03838ca7687263d84571109aa7de49",0.0108752450245754,0,0,0,0,0,0,0,0,0,0,0,0,0,0,0,0,0,0,0,0,0,0,0,0,0,0,0,0
"40fca1aa386161b3788c78a2ea46b746",0.024933488592929,0,0,0,0,0,0,0,0,0,0,0,0,0,0,0,0,0,0,0,0,0,0,0,0,0,0,0,0
"8fa90e60ddaccabffcd68f6a481318a2",0.0811664628663432,0,0,0,0,0,0,0,0,0,0,0,0,0,0,0,0,0,0,0,0,0,0,0,0,0,0,0,0
"77e5e44634d0afe9cd0385ef1e17f3ea",0.0262597379861699,0.000812532501300052,0,0,0,0,0,0,0,0,0,0,0,0,0,0,0,0,0,0,0,0,0,0,0,0,0,0,0
"7460da842ed9a123301b3bdff0597d0a",0.000795749635944542,0,0,0,0,0,0,0,0,0,0,0,0,0,0,0,0,0,0,0,0,0,0,0,0,0,0,0,0
"da040f4409259c781d2e44bd12938078",0.000795749635944542,0,0,0,0,0,0,0,0,0,0,0,0,0,0,0,0,0,0,0,0,0,0,0,0,0,0,0,0
"c7710bd03585ff9fb13a73ad718dd629",0.00159149927188908,0,0,0,0,0,0,0,0,0,0,0,0,0,0,0,0,0,0,0,0,0,0,0,0,0,0,0,0
"a8a559b16166ead544ccc5288860baca",0.00159149927188908,0,0,0,0,0,0,0,0,0,0,0,0,0,0,0,0,0,0,0,0,0,0,0,0,0,0,0,0
"da42156b748b0af3ebc3c6268720755e",0.0347477341029116,0,0.000435858990899264,0,0,0.0523705369520348,0,0,0,0,0,0,0,0,0,0,0,0,0,0,0,0,0,0,0,0,0,0,0
"e0d953cdee5c868270edabd2f2937909",0.00530499757296361,0,0,0,0,0,0,0,0,0,0,0,0,0,0,0,0,0,0,0,0,0,0,0,0,0,0.00110780527948345,0.00560710981524573,0
"9cc5b63b74154fc7bcdf7e8796e5d2de",0.00185674915053726,0,0,0,0,0,0,0,0,0,0,0,0,0,0,0,0,0,0,0,0,0,0,0,0,0,0,0,0
"685a06c480c8512cad2bba3e5b066bdb",0.00344824842242635,0,0,0,0,0,0,0,0,0,0,0,0,0,0,0,0,0,0,0,0,0,0,0,0,0,0,0,0
"6504a13e2edb3328fffb344daf7b2ee3",0.0283817370153553,0,0,0,0,0.0554511567727427,0,0,0,0,0,0,0,0,0,0,0,0,0,0,0,0,0,0,0,0,0,0,0
"fdb931f5c3f0b1f62bb2d613cb86001e",0.0100794953886309,0,0,0,0,0,0,0,0,0,0,0,0,0,0,0,0,0,0,0,0,0,0,0,0,0,0,0,0
"9d4a17911618ba9db170b62ca50ac4a3",0.00238724890783362,0,0,0,0,0,0,0,0,0,0,0,0,0,0,0,0,0,0,0,0,0,0,0,0,0,0,0,0
"a41371aa833164c1e707004fdfb16b36",0.0233419893210399,0,0,0,0,0.083176735159114,0,0,0,0,0,0,0,0,0,0,0,0,0,0,0,0,0,0,0,0,0,0,0
"e8c47e7d73b07d777c7a56fc1318b432",0.00530499757296361,0,0,0,0,0,0,0,0,0,0,0,0,0,0,0,0,0,0,0,0,0,0,0,0,0,0,0,0
"2b21fc8c9a472bcf2441c9c063baaf0a",0.00106099951459272,0,0,0,0,0,0,0,0,0,0,0,0,0,0,0,0,0,0,0,0,0,0,0,0,0,0,0,0
"f99471f9f75bc3c8400f9611fa7ee14f",0.00848799611674178,0,0,0,0,0.0308061982070793,0,0,0,0,0,0,0,0,0,0,0,0,0,0,0,0,0,0,0,0,0,0,0
"ce264b1fd05f8dfc0dd2941a2b170a3a",0.00344824842242635,0,0,0,0,0,0,0,0,0,0,0,0,0,0,0,0,0,0,0,0,0,0,0,0.00135738095284265,0,0.0091789580300057,0.0224284392609829,0.0347914096846633
"47f95903f37498d9dd0eda1e5bcb3e28",0.00557024745161179,0,0,0,0,0,0,0,0,0,0,0,0,0,0,0,0,0,0,0,0,0,0,0,0,0,0,0,0
"5c331188779be5bb65a2e80544aa8dea",0.00530499757296361,0,0,0,0,0.0277255783863713,0,0,0,0,0,0,0,0,0,0,0,0,0,0,0,0,0,0,0.0029086734703771,0,0.0243717161486358,0.0224284392609829,0.0442799759622988
"86ce8e836244a989d26315bf84d75d99",0.0302384861658926,0,0,0,0,0,0,0,0,0,0,0,0,0,0,0,0,0,0,0,0,0,0,0,0,0,0,0,0
"ad552f09200febf499158c052101079b",0.010344745267279,0,0,0,0,0,0,0,0,0,0,0,0,0,0,0,0,0,0,0,0,0,0,0,0,0,0,0,0
"f7ad1b48418b30313d797a631bea1ba2",0,0,0,0,0,0.00308061982070793,0,0,0,0,0,0,0,0,0,0,0,0,0,0,0,0,0,0,0,0,0,0,0
"8dd05d46c0b97113078aba2427454051",0.0013262493932409,0,0,0,0,0,0,0,0,0,0,0,0,0,0,0,0,0,0,0,0,0,0,0,0,0,0,0,0
"78d38ebcda61982cfb9d7fccb6a94cf2",0.0013262493932409,0,0,0,0,0,0,0,0,0,0,0,0,0,0,0,0,0,0,0,0,0,0,0,0,0,0,0,0
"56db17221a9724cad62ae9a36c453a81",0.00238724890783362,0,0,0,0,0,0,0,0,0,0,0,0,0,0,0,0,0,0,0,0,0,0,0,0,0,0,0,0
"b1a12be5e88edf77bfaef78dd01159eb",0.00636599708755633,0,0,0,0,0,0,0,0,0,0,0,0,0,0,0,0,0,0,0,0,0,0,0,0,0,0,0,0
"1d4b9f3ddf33afdf5308213897846090",0.664981445770989,0.000812532501300052,0,0,0,0.813283632666893,0,0,0,0,0,0,0,0,0,0,0,0,0,0,0,0,0,0,0,0,0,0,0
"ade13a0239469e844de6acb3f220d4b2",0.00689649684485269,0,0.00108964747724816,0,0,0.0184837189242476,0,0,0,0,0,0,0,0,0,0,0,0,0,0,0,0,0,0,0,0,0,0,0
"6ed1f425cd7d234afdf0906b91293ae2",0.013262493932409,0,0,0,0,0,0,0,0,0,0,0,0,0,0,0,0,0,0,0,0,0,0,0,0,0,0,0,0
"d5ed9ff1b4b6861428e0eb93d8b2c3a1",0.00371349830107453,0,0,0,0,0,0,0,0,0,0,0,0,0,0,0,0,0,0,0,0,0,0,0,0,0,0,0,0
"3b54387c342aed1bbfc6586fdf74ffc6",0.00477449781566725,0,0,0,0,0,0,0,0,0,0,0,0,0,0,0,0,0,0,0,0,0,0,0,0,0,0,0,0
"5b3ae10206715c2976a983cb2eef902e",0.0100794953886309,0,0,0,0,0,0,0,0,0,0,0,0,0,0,0,0,0,0,0,0,0,0,0,0,0,0,0,0
"77da7e24d4e417e8a4fd692db80d26e1",0.0013262493932409,0,0,0,0,0,0,0,0,0,0,0,0,0,0,0,0,0,0,0,0,0,0,0,0,0,0,0,0
"edb1b7dc98830cdfb83ef9466ad4aaaa",0.0652514701474524,0,0,0,0,0.197159668525307,0,0,0,0,0,0,0,0,0,0,0,0,0,0,0,0,0,0,0,0,0,0,0
"597e0e7e460f5d0be7030d9da9e27e58",0.00503974769431543,0,0,0,0,0,0,0,0,0,0,0,0,0,0,0,0,0,0,0,0,0,0,0,0,0,0,0,0
"c010039c9d795c2923840493ddf8c086",0.00318299854377817,0,0,0,0,0,0,0,0,0,0,0,0,0,0,0,0,0,0,0,0,0,0,0,0,0,0,0,0
"0b359e0da05bbff15ce4ea980bfaa286",0.0206894905345581,0,0,0,0,0.0585317765934506,0,0,0,0,0,0,0,0,0,0,0,0,0,0,0,0,0,0,0,0,0,0,0
"e587cd60e62e6c08ac653bef4e935304",0.00424399805837089,0,0,0,0,0,0,0,0,0,0,0,0,0,0,0,0,0,0,0,0,0,0,0,0,0,0,0,0
"43c944338e9f3b7dbdf05108887a754a",0.0291774866512999,0,0,0,0,0.0800961153384061,0,0,0,0,0,0,0,0,0,0,0,0,0,0,0,0,0,0,0,0,0,0,0
"bfbc3acfb5c0b219aa6480a3323adf77",0.00397874817972271,0,0,0,0,0,0,0,0,0,0,0,0,0,0,0,0,0,0,0,0,0,0,0,0,0,0,0,0
"c9209e2a22c08ecdf2762a15fb6e44e1",0.024933488592929,0,0,0,0,0,0,0.000760499069909638,0,0,0,0,0,0,0,0,0,0,0,0,0,0,0,0,0,0,0,0,0
"43b083f9636dbce1742a5107ad053584",0.00663124696620451,0,0,0,0,0,0,0,0,0,0,0,0,0,0,0,0,0,0,0,0,0,0,0,0,0,0,0,0
"2e7754c7a78cb145c7bd423549590978",0,0,0,0,0,0.0184837189242476,0,0,0,0,0,0,0,0,0,0,0,0,0,0,0,0,0,0,0,0,0,0,0
"b5a5446f44972de9e63e53c102ae6009",0,0,0,0,0,0.043128677489911,0,0,0,0,0,0,0,0,0,0,0,0,0,0,0,0,0,0,0,0,0,0,0
"ab4d207ba005958298be140605c5a8fb",0.0169759922334836,0,0,0,0,0.110902313545485,0,0,0,0,0,0,0,0,0,0,0,0,0,0,0,0,0,0,0,0,0,0,0
"04bc2a095282907ef4df7a2a9447166f",0.0180369917480763,0,0,0,0,0.043128677489911,0,0,0,0,0,0,0,0,0,0,0,0,0,0,0,0,0,0,0,0,0,0,0
"7f95be53d89bc3a48bae7b78b974d701",0.0100794953886309,0,0,0,0,0.0554511567727427,0,0,0,0,0,0,0,0,0,0,0,0,0,0,0,0,0,0,0,0,0,0,0
"8a652928ef13cc45fe6fad624a6fa1d2",0.0119362445391681,0,0,0,0,0.120144173007609,0,0,0,0,0,0,0,0,0,0,0,0,0,0,0,0,0,0,0,0,0,0,0
"5bd95b851799d453c141b62c55e27ef4",0.00795749635944542,0,0,0,0,0,0,0,0,0,0,0,0,0,0,0,0,0,0,0,0,0,0,0,0,0,0,0,0
"768b30237305b76406c8c5c6a9fba498",0,0,0,0,0,0,0.00263486986783087,0.00288989646565662,0,0.00126679827293169,0,0,0,0,0,0,0,0,0,0,0,0,0,0,0,0,0,0,0
"758b8307071957eb86c89a180b187482",0.0848799611674178,0,0,0,0,0.452851113644065,0,0,0,0,0,0,0,0,0,0,0,0,0,0,0,0,0,0,0,0,0,0,0
"16d5a0178f3d79e81808ab413ec47dc9",0.00875324599538996,0,0,0,0,0,0,0,0,0,0,0,0,0,0,0,0,0,0,0,0,0,0,0,0,0,0,0,0
"c668608bc7be0382064b57d5505c7e23",0.181165667116707,0,0,0,0,0,0,0,0,0,0,0,0,0,0,0,0,0,0,0,0,0,0,0,0,0,0,0,0
"ae53fe95ad7f469e3187a126d6098100",0.102651703036846,0,0,0,0,0.0523705369520348,0,0,0,0,0,0,0,0,0,0,0,0,0,0,0,0,0,0,0,0,0,0,0
"2df9e7b11fe11f679f52c25fe8d3c27f",0.0992034546144195,0,0,0,0,0,0,0,0,0,0,0,0,0,0,0,0,0,0,0,0,0,0,0,0,0,0,0,0
"8967a8d6fe2dd175ae34bdac837af10a",0.00901849587403814,0,0,0,0,0,0,0,0,0,0,0,0,0,0,0,0,0,0,0,0,0,0,0,0,0,0,0,0
"1fe612d44adcd7a6a0efbc7ad770fb38",0.00477449781566725,0,0,0,0,0,0,0,0,0,0,0,0,0,0,0,0,0,0,0,0,0,0,0,0,0,0,0,0
"e3ef2cba7805de59638a581426ab70a9",0.00318299854377817,0,0,0,0,0,0,0,0,0,0,0,0,0,0,0,0,0,0,0,0,0,0,0,0,0,0,0,0
"58cd0f7f937effa7c5ed5dbe7e5cc864",0.00291774866512999,0,0,0,0,0,0,0,0,0,0,0,0,0,0,0,0,0,0,0,0,0,0,0,0,0,0,0,0
"1c4637de71fcd2eaffb3ce3dfac5900b",0.00238724890783362,0,0,0,0,0,0,0,0,0,0,0,0,0,0,0,0,0,0,0,0,0,0,0,0,0,0,0,0
"7095c313e9e1c5136c8dfaf1ccf4e5d5",0.0013262493932409,0,0,0,0,0,0,0,0,0,0,0,0,0,0,0,0,0,0,0,0,0,0,0,0,0,0,0,0
"ad871c6d75b2fb982388dfc27e0032c7",0.000530499757296361,0,0,0,0,0,0,0,0,0,0,0,0,0,0,0,0,0,0,0,0,0,0,0,0,0,0,0,0
"f22079a8db2be735754c3be1f019c806",0,0,0,0,0,0.0123224792828317,0,0,0,0,0,0,0,0,0,0,0,0,0,0,0,0,0,0,0,0,0,0,0
"25077ffdd305e287a33697d70d484327",0.00159149927188908,0,0,0,0,0,0,0,0,0,0,0,0,0,0,0,0,0,0,0,0,0,0,0,0,0,0,0,0
"4c9b3fff08afb1135eafe0f7c7438032",0.00530499757296361,0,0,0,0,0.0277255783863713,0,0,0,0,0,0,0,0,0,0,0,0,0,0,0,0,0,0,0,0,0,0,0
"2efff3ec5ec80431bec254de17da2fcd",0.0100794953886309,0,0,0,0,0,0,0,0,0,0,0,0,0,0,0,0,0,0,0,0,0,0,0,0,0,0,0,0
"6485c37d83d17b68e3abb2d6c2749df5",0,0,0,0,0,0,0,0,0,0,0,0,0,0,0.000356613032066644,0,0.000538926673636785,0,0,0,0,0,0,0,0,0,0,0,0
"f876e4d5cbaa6ac5f3c225bcaf146791",0.016180242597539,0.0016250650026001,0.00239722444994595,0.00114974686406543,0,0.298820122608669,0.0054724220331872,0.00152099813981928,0,0,0,0.0406834825061025,0.0312139838647714,0.0446884576098059,0.0413671117197307,0.0600240096038415,0.0538926673636785,0.177123405197465,0.10686502017465,0.0620674673369953,0.10156767498344,0.0681209525357245,0.109102971436272,0.112370411541529,0.138258945625258,0.146305779078274,0.162689118186998,0.294373265300401,0.281494132903185
"9413dd54243692b250670640c660758d",0,0,0,0,0,0.0677736360555744,0,0,0,0.00211133045488615,0,0,0.0118052887693687,0,0.0171174255391989,0,0.0215570669454714,0,0.0287605067488503,0,0,0.0146927544684896,0.0272109548712792,0.0253739638964742,0.0302502040919218,0,0.037348863708299,0,0
"2dbf2a077fcce4d00fd8aa9472955ceb",0.00238724890783362,0,0,0,0,0,0,0,0,0,0,0,0,0,0,0,0,0,0,0,0,0,0,0,0,0,0,0,0
"b8787a09e2e26dcf154557d3ad66ea8d",0,0,0,0,0,0,0,0,0,0,0,0,0,0,0,0,0,0,0.00253769177195738,0,0,0,0,0,0,0,0,0,0
"7cfaaff60469cc024becf6bcb47a479e",0,0,0,0,0,0,0,0,0,0,0,0,0.000800358560635165,0,0,0,0,0,0,0,0,0,0,0,0,0,0,0,0
"391d30262cc3dea9747cbbc8eddf9f07",0,0,0,0,0,0,0,0,0,0,0,0,0,0,0,0,0,0,0,0,0,0,0,0.0012082839950702,0,0,0,0,0
"1c9743174dcdb5dacbd049ba550f23f8",0,0,0,0,0,0,0,0,0,0,0,0,0,0,0,0,0,0,0,0,0,0,0,0,0,0,0.00158257897069064,0,0
"79f4b4c69c43f9fc726deee40b36d3f3",0.00106099951459272,0,0,0,0,0,0,0,0,0,0,0,0,0,0,0,0,0,0,0,0,0,0,0,0,0,0,0,0
"5bbe2a5a01c16cb8363953430baaea87",0.00503974769431543,0,0,0,0,0,0,0,0,0,0,0,0,0,0,0,0,0,0,0,0,0,0,0,0,0,0,0,0
"4d8b87bb1c80a21e5d80851c8f8c1a91",0,0,0,0,0,0,0,0,0,0,0,0,0,0,0,0,0,0,0,0,0,0,0,0,0.000387823129383613,0,0,0,0
"7b43b24e8c817bba9f0008696985ae06",0.00742699660214905,0.00541688334200035,0.00392273091809338,0.0180127008703584,0.0278368255896346,0.0215643387449555,0.0194575005624434,0.00866968939696987,0.00537071349928838,0.0183685749575095,0.0112634809787965,0.0406834825061025,0.0262117428608016,0.0319203268641471,0.0328083989501312,0.0388390650377798,0.0393416471754853,0.0747239365676805,0.0380653765793607,0.0124134934673991,0,0.011798727073181,0.0202138521900931,0.0135327807447863,0.00969557823459033,0,0.0110780527948345,0.0140177745381143,0.0158142771293924
"bfe8d502e380071034a7aa7c9e56de56",0,0,0,0,0,0,0,0.000304199627963855,0,0,0,0,0,0,0,0,0,0,0,0,0,0,0,0,0,0,0,0,0
"a4f5e4b88460bc4713747b9e266d3144",0.0106099951459272,0,0,0,0,0.0184837189242476,0,0,0,0,0,0,0,0,0,0,0,0,0,0,0,0,0,0,0,0,0,0,0
"4eb5a964054cfd611f6281b13f89c0d3",0.0082227462380936,0,0,0,0,0,0,0,0,0,0,0,0,0,0,0,0,0,0,0,0,0,0,0,0,0,0,0,0
"50d25efdb17b59f3ba7b1ad0c5db8989",0.00159149927188908,0,0,0,0,0,0,0,0,0,0,0,0,0,0,0,0,0,0,0,0,0,0,0,0,0,0,0,0
"72b9eebc7c1ea9214a61f6a785f39b8a",0,0,0,0,0,0.00616123964141585,0,0,0,0,0,0,0,0,0,0,0,0,0,0,0,0,0,0,0,0,0,0,0
"1209cd9553a668c3c0e9ea29050fd3a1",0.00557024745161179,0,0,0,0,0,0,0,0,0,0,0,0,0,0,0,0,0,0,0,0,0,0,0,0,0,0,0,0
"520d89ef4ce2ba808eed3e2d9a310649",0.00185674915053726,0,0,0,0,0,0,0,0,0,0,0,0,0,0,0,0,0,0,0,0,0,0,0,0,0,0,0,0
"57df148d69af94192dae9ab2a045e1c2",0.00159149927188908,0,0,0,0,0,0,0,0,0,0,0,0,0,0,0,0,0,0,0,0,0,0,0,0,0,0,0,0
"bd0dd34948cdbece22dc78b4556aa529",0.000795749635944542,0,0,0,0,0,0,0,0,0,0,0,0,0,0,0,0,0,0,0,0,0,0,0,0,0,0,0,0
"7aa00055f8c11d371a80cb12ffeb42ef",0,0,0,0,0,0.00924185946212378,0,0,0,0,0,0,0,0,0,0,0,0,0,0,0,0,0,0,0,0,0,0,0
"5b1e1cf5993a1b5ab7467ae5ebe4d8a4",0.00901849587403814,0,0,0,0,0,0,0,0,0,0,0,0,0,0,0,0,0,0,0,0,0,0,0,0,0,0,0,0
"e1c573f885ed4c9191a32116f583d78a",0,0,0,0,0,0.00924185946212378,0.0135797139342053,0.0267695672608192,0.013426783748221,0.0741076989665037,0.0703967561174781,0.169514510442094,0.193086502753233,0.150025536261491,0.0895098710487276,0.0812089541699033,0.102934994664626,0.168820745578834,0.161566376147953,0.0651708407038451,0.0706557739015235,0.0318343013483941,0.0458698953544421,0.0326236678668954,0.00736863945828865,0,0.00379818952965753,0,0
"93d4e77c702d14bae2ff583e94565370",0.00795749635944542,0,0,0,0,0,0,0,0,0,0,0,0,0,0,0,0,0,0,0,0,0,0,0,0,0,0,0,0
"495f0278f21e9c70f64f973cab973d03",0.00636599708755633,0,0,0,0,0,0,0,0,0,0,0,0,0,0,0,0,0,0,0,0,0,0,0,0,0,0,0,0
"4876b86f5480b63093b5ed493010d622",0.00689649684485269,0,0,0,0,0,0,0,0,0,0,0,0,0,0,0,0,0,0,0,0,0,0,0,0,0,0,0,0
"cd969c22db8f82239769a164e1e5ea93",0.00397874817972271,0,0,0,0,0,0,0,0,0,0,0,0,0,0,0,0,0,0,0,0,0,0,0,0,0,0,0,0
"549656e5dca3b5e4918c59545d94e8b0",0.0013262493932409,0,0,0,0,0,0,0,0,0,0,0,0,0,0,0,0,0,0,0,0,0,0,0,0,0,0,0,0
"592e037654532013ab7258e4ae16b0b5",0.0379307326466898,0,0,0,0,0,0,0,0,0,0,0,0,0,0,0,0,0,0,0,0,0,0,0,0,0,0,0,0
"ff0fc9ae659d05bff51228eb12dc2291",0.00212199902918544,0,0,0,0,0.0184837189242476,0,0,0,0,0,0,0,0,0,0,0,0,0,0,0,0,0,0,0,0,0,0,0
"2eedd8aa9855d2e9d4361aa9321ad4e2",0.000530499757296361,0,0,0,0,0,0,0,0,0,0,0,0,0,0,0,0,0,0,0,0,0,0,0,0,0,0,0,0
"8e9ba9236465c21499bc3f40d74cc796",0,0,0,0,0,0.0123224792828317,0,0,0,0,0,0,0,0,0,0,0,0,0,0,0,0,0,0,0,0,0,0,0
"3e5c0929aa7ec948ea82be82637549b1",0.0124667442964645,0,0,0,0,0,0,0,0,0,0,0,0,0,0,0,0,0,0,0,0,0,0,0,0,0,0,0,0
"9e4993b7e2e6e5d4b584c46aaac0bde5",0.00769224648079724,0,0,0,0,0.0123224792828317,0,0,0,0,0,0,0,0,0,0,0,0,0,0,0,0,0,0,0,0,0,0,0
"60c0c1f05c6aa0881583afbe565c5323",0.00424399805837089,0,0,0,0,0,0,0,0,0,0,0,0,0,0,0,0,0,0,0,0,0,0,0,0,0,0,0,0
"f8d30c1e3d25ad222894f3a1a7a3eb2a",0.00875324599538996,0,0,0,0,0,0,0,0,0,0,0,0,0,0,0,0,0,0,0,0,0,0,0,0,0,0,0,0
"6868203f42c3571c5d284d6fd8077b84",0.235276642360936,0,0.000653788486348896,0.00766497909376952,0,0,0.00121609378515271,0.0016730979538012,0.00537071349928838,0.00358926177330645,0,0,0.00140062748111154,0,0,0,0,0,0,0,0,0,0,0,0,0,0,0,0
"66575db7635d648549a9eb5a4eafb710",0.0198937408986135,0,0,0.000766497909376952,0,0.0554511567727427,0.00749924500844172,0.0101906875367891,0,0.046027003916518,0.022526961957593,0.0237320314618931,0.0386173005506467,0.0478804902962206,0.073105671573662,0.0988630746416213,0.0900007544973431,0.119004787867047,0.0910749380380259,0.0775843341712441,0.0441598586884522,0.0162510769121173,0.0155491170693024,0.089896329233223,0.197983707550335,0.115825408436967,0.190700765968222,0.131767080658275,0.151817060442167
"21fcd2fcaa0378a40f3a9db0b3bd948c",0,0,0,0,0,0,0,0,0,0,0,0,0,0,0,0,0,0,0,0,0,0,0,0,0.00058173469407542,0,0,0,0
"0a23a3ed1cbe71a195745b3c5ea25d68",0.00265249878648181,0,0,0,0,0,0,0,0,0,0,0,0,0,0,0,0,0,0,0,0,0,0,0,0,0,0,0,0
"713e9dcfb8f87d843735061fd6bfe1e1",0.0413789810691162,0,0,0,0,0,0,0,0,0,0,0,0,0,0,0,0,0,0,0,0,0,0,0,0,0,0,0,0
"0f6ba75546154e59b7668ab1ac86514b",0.00106099951459272,0,0,0,0,0,0,0,0,0,0,0,0,0,0,0,0,0,0,0,0,0,0,0,0,0,0,0,0
"8658443ac48e043652445ada8a1b38e9",0.00848799611674178,0,0,0,0,0,0,0,0,0,0,0,0,0,0,0,0,0,0,0,0,0,0,0,0,0,0,0,0
"ecd12a77d93a65ff85078c4d7ebb17e0",0.00689649684485269,0,0,0,0,0,0,0,0,0,0,0,0,0,0,0,0,0,0,0,0,0,0,0,0,0,0,0,0
"62464229dcef00e0856587086e1e2f9d",0.00318299854377817,0,0,0,0,0,0,0,0,0,0,0,0,0,0,0,0,0,0,0,0,0,0,0,0,0,0,0,0
"3e198207b81e382d6209c129373e9d60",0.00557024745161179,0,0,0,0,0,0,0,0,0,0,0,0,0,0,0,0,0,0,0,0,0,0,0,0,0,0,0,0
"15baec8488957bacb3136134000dc93a",0.00716174672350087,0,0,0,0,0,0,0,0,0,0,0,0,0,0,0,0,0,0,0,0,0,0,0,0,0,0,0,0
"626ceecfac444a7e053d5ae2c76833df",0.000530499757296361,0,0,0,0,0,0,0,0,0,0,0,0,0,0,0,0,0,0,0,0,0,0,0,0,0,0,0,0
"eb974a0919fa333be89d0a34096385d3",0,0,0,0,0,0.0215643387449555,0,0,0,0,0,0,0,0,0,0,0,0,0,0,0,0,0,0,0,0,0,0,0
"1dd54482446cd8882dfd4fc7d128da40",0.00450924793701907,0,0,0,0,0,0,0,0,0,0,0,0,0,0,0,0,0,0,0,0,0,0,0,0,0,0,0,0
"a216822e223bbb6baf68503a21bc5d0a",0.00212199902918544,0,0,0,0,0,0,0,0,0,0,0,0,0,0,0,0,0,0,0,0,0,0,0,0,0,0,0,0
"351fdba7f02fbaff27a231855c689a8a",0.0607422222104333,0,0,0,0,0.0308061982070793,0,0,0,0,0,0,0,0,0,0,0,0,0,0,0,0,0,0,0,0,0,0,0
"592ba0f920b7fbd354e218aaf08930ab",0.00212199902918544,0,0,0,0,0,0,0,0,0,0,0,0,0,0,0,0,0,0,0,0,0,0,0,0,0,0,0,0
"dce9d93a9449b78d7b3f809249923607",0.00238724890783362,0,0,0,0,0,0,0,0,0,0,0,0,0,0,0,0,0,0,0,0,0,0,0,0,0,0,0,0
"7adc00fdff504740098679e91cb6844d",0.00106099951459272,0,0,0,0,0,0,0,0,0,0,0,0,0,0,0,0,0,0,0,0,0,0,0,0,0,0,0,0
"06246fa4c1b00ea76b5539442f32c012",0.019097991262669,0,0,0.00900635043517919,0,0,0.00709388041339081,0.0133847836304096,0.013426783748221,0.00886758791052182,0,0.0339029020884188,0.00940421308746318,0.022344228804903,0.0324517859180646,0.0388390650377798,0.0285631137027496,0.0415132980931558,0.020301534175659,0.0217236135679484,0.0176639434753809,0,0.0012957597557752,0.00942461516154757,0.0029086734703771,0,0,0,0
"0c488eee4c6d02abb4e34df3ec16a09b",0.0713522173563606,0.406807938984226,0.117028139056452,0.0203121945984892,0.0607348921955664,0,0.00709388041339081,0.00304199627963855,0,0.000844532181954459,0,0,0.00600268920476373,0,0.016047586442999,0.0317774168490926,0.0366470138073014,0.0332106384745247,0.0318621300256871,0,0,0.00222617491946812,0.00596049487656593,0.00265822478915444,0,0,0,0,0
"496ed1835247fa310353bd53160fad4a",0.83686336713501,0,0.00196136545904669,0,0,0,0,0,0,0,0,0,0,0,0,0,0,0,0,0,0,0,0,0,0,0,0,0,0
"67551524f244fa1d912a5ae3dc5321ac",0.0222809898064472,0,0,0,0,0,0,0,0,0,0,0,0,0,0,0,0,0,0,0,0,0,0,0,0,0,0,0,0
"8d5c57433a03e4329c7e6b3aaf6668a1",0.0400527316758753,0,0,0,0,0,0,0,0,0,0,0,0,0,0,0,0,0,0,0,0,0,0,0,0,0,0,0,0
"a1f67bd15d480d23ca73f40a62f815bb",0.000530499757296361,0,0,0,0,0,0,0,0,0,0,0,0,0,0,0,0,0,0,0,0,0,0,0,0,0,0,0,0
"e0ef60d7b52825a7bb99db1975db2d1b",0.00106099951459272,0,0,0,0,0,0,0,0,0,0,0,0,0,0,0,0,0,0,0,0,0,0,0,0,0,0,0,0
"803eb52cfe3d77bdf9fe14c011e425fb",0.000795749635944542,0,0,0,0,0,0,0,0,0,0,0,0,0,0,0,0,0,0,0,0,0,0,0,0,0,0,0,0
"3f5533292a655d0f54a64560d65e823b",0.000795749635944542,0,0,0,0,0,0,0,0,0,0,0,0,0,0,0,0,0,0,0,0,0,0,0,0,0,0,0,0
"7d695607cd250aaa3167220d1f1b4cf0",0.00318299854377817,0,0,0,0,0,0,0,0,0,0,0,0,0,0,0,0,0,0,0,0,0,0,0,0,0,0,0,0
"6684f6190e4f3e23278528086ae25685",0.00291774866512999,0,0,0,0,0,0,0,0,0,0,0,0,0,0,0,0,0,0,0,0,0,0,0,0,0,0,0,0
"cf3e180e655c7a5654ae4ee643e35a6b",0,0,0,0,0,0.0646930162348665,0,0,0,0,0,0,0,0,0,0,0,0,0,0,0,0,0,0,0,0,0,0,0
"52fb28de37b20bccb60112277a3b7c8b",0,0,0,0,0,0.0523705369520348,0,0,0,0,0,0,0,0,0,0,0,0,0,0,0,0,0,0,0,0,0,0,0
"4dfa016cab7a5e01764efc33698696da",0,0,0,0,0,0.0246449585656634,0,0,0,0,0,0,0,0,0,0,0,0,0,0,0,0,0,0,0,0,0,0,0
"34bc76cd76ea83cf74430a3bbb56ac82",0.258618631681976,0,0.000871717981798529,0,0,0,0,0,0,0,0,0,0,0,0,0,0,0,0,0,0,0,0,0,0,0,0,0,0
"c3f093ce4164155c9b0f097a9ae7de70",0.0106099951459272,0,0,0,0,0,0,0,0,0,0,0,0,0,0,0,0,0,0,0,0,0,0,0,0,0,0,0,0
"e5092df44ebdb6698c9fde3cdfb19ceb",0.00663124696620451,0,0,0,0,0,0,0,0,0,0,0,0,0,0,0,0,0,0,0,0,0,0,0,0,0,0,0,0
"e3455df1e42e2473c73aabd6238e9d44",0.00503974769431543,0,0,0,0,0,0,0,0,0,0,0,0,0,0,0,0,0,0,0,0,0,0,0,0,0,0,0,0
"5195eee30ed1c509d010d20c3909e846",0,0,0,0,0,0.0369674378484951,0,0,0,0,0,0,0,0,0,0,0,0,0,0,0,0,0,0,0,0,0,0,0
"b83c05fb785fc037d554a6f40d8e7774",0.00265249878648181,0,0,0,0,0,0,0,0,0,0,0,0,0,0,0,0,0,0,0,0,0,0,0,0,0,0,0,0
"6cdd8825591e67630201b81f5e8cc990",0,0,0,0,0,0.150950371214688,0,0,0,0,0,0,0,0,0,0,0,0,0,0,0,0,0,0,0,0,0,0,0
"44092f8672409f8ec669976f0ba3f624",0,0,0,0,0,0.0246449585656634,0,0,0,0,0,0,0,0,0,0,0,0,0,0,0,0,0,0,0,0,0,0,0
"343639260e5a553a449c040a58953f9a",0.00397874817972271,0,0,0,0,0.0708542558762823,0,0,0,0,0,0,0,0,0,0,0,0,0,0,0,0,0,0,0,0,0,0,0
"42472e31acff294fdf22a25f46752c45",0,0,0,0,0,0.0308061982070793,0,0,0,0,0,0,0,0,0,0,0,0,0,0,0,0,0,0,0,0,0,0,0
"f12ed33e3dd474f54c82a7244a019879",0,0,0,0,0,0.0462092973106189,0,0,0,0,0,0,0,0,0,0,0,0,0,0,0,0,0,0,0,0,0,0,0
"eae7dab14a3fcdc218d112865f01940b",0.00583549733025997,0,0,0,0,0,0,0,0,0,0,0,0,0,0,0,0,0,0,0,0,0,0,0,0,0,0,0,0
"4920fa802d38be7393416667f565bb4a",0,0,0,0,0,0.0184837189242476,0,0,0,0,0,0,0,0,0,0,0,0,0,0,0,0,0,0,0,0,0,0,0
"f5e6f6570d4b64e72a67be50cd411508",0,0,0,0,0,0.0184837189242476,0,0,0,0,0,0,0,0,0,0,0,0,0,0,0,0,0,0,0,0,0,0,0
"f5bab5c7d812c2d3a64a5dcf3d257e8a",0.000795749635944542,0,0,0,0,0,0,0,0,0,0,0,0,0,0,0,0,0,0,0,0,0,0,0,0,0,0,0,0
"2d0678b27e5d621f7d924530fa929c26",0.00636599708755633,0,0,0,0,0,0,0,0,0,0,0,0,0,0,0,0,0,0,0,0,0,0,0,0,0,0,0,0
"2d6bab1b94570e4c69c5ef51945f774e",0.00397874817972271,0,0,0,0,0,0,0,0,0,0,0,0,0,0,0,0,0,0,0,0,0,0,0,0,0,0,0,0
"e4bf10681d4b03152f1aded69bd8e7ab",0.00689649684485269,0,0,0,0,0,0,0,0,0,0,0,0,0,0,0,0,0,0,0,0,0,0,0,0,0,0,0,0
"02e4c50e67865e5275d1bb983d11988c",0.000795749635944542,0,0,0,0,0,0,0,0,0,0,0,0,0,0,0,0,0,0,0,0,0,0,0,0,0,0,0,0
"c4867d600b0a9097a72003891fa4b874",0.0013262493932409,0,0,0,0,0,0,0,0,0,0,0,0,0,0,0,0,0,0,0,0,0,0,0,0,0,0,0,0
"377137e62970b518f66505eab179329e",0.00238724890783362,0,0,0,0,0,0,0,0,0,0,0,0,0,0,0,0,0,0,0,0,0,0,0,0,0,0,0,0
"b369899a050f5bdde428c77540050c80",0.0013262493932409,0,0,0,0,0,0,0,0,0,0,0,0,0,0,0,0,0,0,0,0,0,0,0,0,0,0,0,0
"be2708e1bdcddac994cdfd7ddf921d52",0.0129972440537608,0,0,0,0,0.0154030991035396,0,0,0,0,0,0,0,0,0,0,0,0,0,0,0,0,0,0,0,0,0,0,0
"e0242f522a0ad486d4a1822dc29289ca",0,0.00108337666840007,0,0,0,0,0,0,0,0,0,0,0,0,0,0,0,0,0,0,0,0,0,0,0,0,0,0,0
"4708a77110c6f82083fb0f0e64026556",0.00663124696620451,0,0,0,0,0,0,0,0,0,0,0,0,0,0,0,0,0,0,0,0,0,0,0,0,0,0,0,0
"1e12ac0d70169a9c084a739e040907b9",0.00291774866512999,0,0,0,0,0,0,0,0,0,0,0,0,0,0,0,0,0,0,0,0,0,0,0,0,0,0,0,0
"3a87ef2d0d0b72632e8f39d0320fcf93",0.00291774866512999,0,0,0,0,0,0,0,0,0,0,0,0,0,0,0,0,0,0,0,0,0,0,0,0,0,0,0,0
"5d31a7ba11fffdbcb915a4ba1aac75e6",0.0169759922334836,0,0,0,0,0,0,0,0,0,0,0,0,0,0,0,0,0,0,0,0,0,0,0,0,0,0,0,0
"3fbd0537ef4f3242fb50a2ddb91061ad",0.0114057447818718,0,0,0,0,0,0,0,0,0,0,0,0,0,0,0,0,0,0,0,0,0,0,0,0,0,0,0,0
"fc7c6eed68d83b0078b51ba3581a953b",0.0156497428402427,0,0,0,0,0,0,0,0,0,0,0,0,0,0,0,0,0,0,0,0,0,0,0,0,0,0,0,0
"9bc997e8ebea77d717faea18a7bf4708",0.0999992042503641,0,0,0,0,0.17867594960106,0,0,0,0,0,0,0,0,0,0,0,0,0,0,0,0,0,0,0,0,0,0,0
"9cef27fb5c42d04a7e949300061958c1",0.256496632652791,0,0.00152550646814742,0,0,0.083176735159114,0,0,0,0,0,0,0,0,0,0,0,0,0,0,0,0,0,0,0,0,0,0,0
"469c376c54706d2a04589d78e87c8780",0.0135277438110572,0,0,0,0,0,0,0,0,0,0,0,0,0,0,0,0,0,0,0,0,0,0,0,0,0,0,0,0
"bcfc5d3c9a3586094059acfae2f253f4",0.0474797282780243,0,0,0,0,0.0277255783863713,0,0,0,0,0,0,0,0,0,0,0,0,0,0,0,0,0,0,0,0,0.000633031588276255,0,0
"954d0e6f5e93a9f23198c807840314bd",0.00371349830107453,0,0,0,0,0,0,0,0,0,0,0,0,0,0,0,0,0,0,0,0,0,0,0,0,0,0,0,0
"9b0365b5a27348e323235f03eb91b153",0.00424399805837089,0,0,0,0,0,0,0,0,0,0,0,0,0,0,0,0,0,0,0,0,0,0,0,0,0,0,0,0
"df94cb7c1f51d6e7df4a969d561b0a4d",1.23606443450052,0.00541688334200035,0.00828132082708602,0,0,0,0,0,0,0,0,0,0,0,0,0,0,0,0,0,0,0,0,0,0,0,0,0,0
"9762cb79dea0ad8ac9b2c00da97ee1de",0.0172412421121317,0,0,0,0,0,0,0,0,0,0,0,0,0,0,0,0,0,0,0,0,0,0,0,0,0,0,0,0
"0138936a169c4a0914606cedbcd38fa6",0.511401766033692,0,0,0,0,0,0,0,0,0,0,0,0,0,0,0,0,0,0,0,0,0,0,0,0,0,0,0,0
"22958f01426d8f1fe3f4922e13710669",0.371349830107453,0,0.00239722444994595,0,0,0,0,0,0,0,0,0,0,0,0,0,0,0,0,0,0,0,0,0,0,0,0,0,0
"9a6c73fde0a30dc54868fac28b4fc86f",0.00583549733025997,0,0,0,0,0,0,0,0,0,0,0,0,0,0,0,0,0,0,0,0,0,0,0,0,0,0,0,0
"8d3f2463af90ed9f59bbda873534edc0",0.00318299854377817,0,0,0,0,0,0,0,0,0,0,0,0,0,0,0,0,0,0,0,0,0,0,0,0,0,0,0,0
"4343b6b7da6bae2055762dad082dd651",0.00689649684485269,0,0,0,0,0,0,0,0,0,0,0,0,0,0,0,0,0,0,0,0,0,0,0,0,0,0,0,0
"29ffed0e67cdfb55f16960a8f8428cb5",0.00450924793701907,0,0,0,0,0,0,0,0,0,0,0,0,0,0,0,0,0,0,0,0,0,0,0,0,0,0,0,0
"6589433bc08b7cdc5ea1e4928683ed00",0.0283817370153553,0,0,0,0,0,0,0,0,0,0,0,0,0,0,0,0,0,0,0,0,0,0,0,0,0,0,0,0
"add6ee5276913213598665852c4b08fb",0.00610074720890815,0,0,0,0,0,0,0,0,0,0,0,0,0,0,0,0,0,0,0,0,0,0,0,0,0,0,0,0
"720ef8366f0bd5fb2cb193ce02e53799",0.00901849587403814,0.0062294158433004,0.00588409637714007,0,0,0,0,0,0,0,0,0,0,0,0,0,0,0,0,0,0,0,0,0,0,0,0,0,0
"88dc9b1bf64124875974e6e8ce1bb2e0",0.0275859873794108,0.00812532501300052,0.00523030789079117,0,0,0,0,0,0,0,0,0,0,0,0,0,0,0,0,0,0,0,0,0,0,0,0,0,0
"61637c95fcfd388d16465d5d8ae30f0a",0.0145887433256499,0.00433350667360028,0.00305101293629485,0,0,0,0,0,0,0.00401152786428368,0,0,0,0,0,0,0,0,0,0,0,0,0,0,0,0,0,0,0
"5a53ad0b5b9bb5681456ed32f72110e7",0.00318299854377817,0,0,0,0,0,0,0,0,0,0,0,0,0,0,0,0,0,0,0,0,0,0,0,0,0,0,0,0
"bce4d231e12c8465556db9d2cf121551",0.00371349830107453,0,0,0,0,0,0,0,0,0,0,0,0,0,0,0,0,0,0,0,0,0,0,0,0,0,0,0,0
"2389f5000634184ae381b8e579934c4b",0.00344824842242635,0,0,0,0,0,0,0,0,0,0,0,0,0,0,0,0,0,0,0,0,0,0,0,0,0,0,0,0
"0c4b95d668645a2a85addfe2f084b6f2",0.00424399805837089,0,0,0,0,0,0,0,0,0,0,0,0,0,0,0,0,0,0,0,0,0,0,0,0,0,0,0,0
"495cc889a2e82868482b1feb2f71fbd0",0.333949597218059,0,0.00174343596359706,0,0,0.0184837189242476,0,0,0,0,0,0,0,0,0,0,0,0,0,0,0,0,0,0,0,0,0,0,0
"f4acc40b7b61bf7126ad84af26e93ed9",0.0816969626236396,0,0,0,0,0,0,0,0,0,0,0,0,0,0,0,0,0,0,0,0,0,0,0,0,0,0,0,0
"4ff2d0f9ff5860f0d61f045ebb308e0d",0.0588854730598961,0,0,0,0,0.0677736360555744,0,0,0,0,0,0,0,0,0,0,0,0,0,0,0,0,0,0,0,0,0,0,0
"09304de7bcdde93714df6d4800a79b4d",0.493364774285616,0,0,0,0,0,0,0,0,0,0,0,0,0,0,0,0,0,0,0,0,0,0,0,0,0,0,0,0
"6dfb10e6d92b2c7ec87175ad560bed2e",0.812990878056673,0.00893785751430057,0.00740960284528749,0,0,0,0,0,0,0,0,0,0,0,0,0,0,0,0,0,0,0,0,0,0,0,0,0,0
"beb160f1d174dc940a6dd9816c42ca01",0.0299732362872444,0,0,0,0,0,0,0,0,0,0,0,0,0,0,0,0,0,0,0,0,0,0,0,0,0,0,0,0
"d16302bbd739ffc628c49803b25c8f6e",0.00795749635944542,0,0,0,0,0,0,0,0,0,0,0,0,0,0,0,0,0,0,0,0,0,0,0,0,0,0,0,0
"6c7a1a940865cb8fc19e17d404be6951",0.0848799611674178,0,0,0,0,0,0,0,0,0,0,0,0,0,0,0,0,0,0,0,0,0,0,0,0,0,0,0,0
"5f50c109f3a9cdf90470d389e4797c67",0.073474216385546,0,0,0,0,0,0,0,0,0,0,0,0,0,0,0,0,0,0,0,0,0,0,0,0,0,0,0,0
"76822eb34ea3cf76c00fb31b39d43b12",0.0761267151720278,0,0,0,0,0,0,0,0,0,0,0,0,0,0,0,0,0,0,0,0,0,0,0,0,0,0,0,0
"84f0bed445af5694e5b98998ffde30a8",0,0,0,0,0,0,0,0,0,0,0,0,0,0,0,0,0,0,0,0,0,0,0,0,0.000969557823459033,0,0.00189909476482877,0,0
"68d8ed7c8b41a1f6e461674c4d220b5a",0.00716174672350087,0,0,0,0,0,0,0,0,0,0,0,0,0,0,0,0,0,0,0,0,0,0,0,0,0,0,0,0
"a5c80d4415d8b64a85a2b498d22ad570",0.00185674915053726,0,0,0,0,0,0,0,0,0,0,0,0,0,0,0,0,0,0,0,0,0,0,0,0,0,0,0,0
"8af31eef438d38bbb57e4b47d308116d",0,0,0.000653788486348896,0,0,0,0,0,0,0,0,0,0,0,0,0,0,0,0,0,0,0,0,0,0,0,0,0,0
"a53b7a494838590a5600a018277e55ea",0.00610074720890815,0,0,0,0,0,0,0,0,0,0,0,0.0022009860417467,0,0.0199703297957321,0.0211849445660617,0.0398805738491221,0.0553510641242078,0.0284785409964106,0,0.0618238021638331,0.0443008808974156,0.161192513618435,0.0884463884391387,0.0380066666795941,0.0365764447695684,0.00712160536810787,0,0
"f78abd34d9f99dfc6481d847ff918abb",0,0,0,0,0,0,0,0,0,0,0,0,0,0,0,0,0.00107785334727357,0,0,0,0,0,0,0,0,0,0,0,0
"5881e5969b9c5cced797ab5e237049b4",0.00397874817972271,0,0,0,0,0,0,0,0,0,0,0,0,0,0,0,0,0,0,0,0,0,0,0,0,0,0,0,0
"f8ec439cb9f26e97be2793df3c52b03d",0.174003920393206,0,0,0,0,0,0,0,0,0,0,0,0,0,0,0,0,0,0,0,0,0,0,0,0,0,0,0,0
"bbb8d866124b76dccef1a07447e2e183",0.0297079864085962,0,0,0,0,0,0,0,0,0,0,0,0,0,0,0,0,0,0,0,0,0,0,0,0,0,0,0,0
"689ea6538e35d0bf0beff8b8ef7ae765",0.00212199902918544,0,0,0,0,0,0,0,0,0,0,0,0,0,0,0,0,0,0,0,0,0,0,0,0,0,0,0,0
"c09305c29479546a081817c3df4019cc",0.00742699660214905,0,0,0,0,0,0,0,0,0,0,0,0,0,0,0,0,0,0,0,0,0,0,0,0,0,0,0,0
"5ef9c96b68ed0d81bec10c4b79e562a8",0.00238724890783362,0,0,0,0,0,0,0,0,0,0,0,0,0,0,0,0,0,0,0,0,0,0,0,0,0,0,0,0
"a0bbfb182e829dcd543eba20abe4bf13",0.00742699660214905,0,0,0,0,0,0,0,0,0,0,0,0,0,0,0,0,0,0,0,0,0,0,0,0,0,0,0,0
"5c7c7b73a2ec4b36eb0c3adfcc84d9aa",0.00291774866512999,0,0,0,0,0,0,0,0,0,0,0,0,0,0,0,0,0,0,0,0,0,0,0,0,0,0,0,0
"647927aceecdb8d63c0647ad64f33531",0.00557024745161179,0,0,0,0,0,0,0,0,0,0,0,0,0,0,0,0,0,0,0,0,0,0,0,0,0,0,0,0
"a594a2db0ceea408a3931a4465c05420",0.00291774866512999,0,0,0,0,0,0,0,0,0,0,0,0,0,0,0,0,0,0,0,0,0,0,0,0,0,0,0,0
"87ec65202e592d81d47b66d1484732df",0.00716174672350087,0.0170631825273011,0.0244081034903588,0.00134137134140967,0.00759186152444579,0,0.00283755216535633,0,0,0.0352592185965986,0,0,0.00880394416698681,0.0478804902962206,0.00998516489786603,0,0.0118563868200093,0,0.00507538354391476,0,0,0.00400711485504262,0.0217687638970234,0.00845798796549141,0,0,0,0,0
"04270fc1464453e2e7d9a43ae00168b6",0.000265249878648181,0,0,0,0,0,0,0,0,0,0,0.0305126118795769,0.000200089640158791,0,0,0,0,0.0138377660310519,0,0,0,0,0,0,0.00213302721160987,0,0,0,0
"2c2a5e52f212bdc4fe6cfe32717f2a01",0.0013262493932409,0,0,0,0,0,0,0,0,0,0,0,0,0,0,0,0,0,0,0,0,0,0,0,0,0,0,0,0
"19083703874fec5c0e976f6ca4fa6bc9",0.045622979127487,0,0,0,0,0.0277255783863713,0,0,0,0.0899426773781498,0.0197110917128939,0.0644155139679957,0.0300134460238187,0.130873340143003,0.047072920232797,0.0812089541699033,0.12071957489464,0.160518085960203,0.0843077599794729,0.040343853769047,0.0662397880326783,0.0810327670686397,0.495239378657282,0.16746816171673,0.071165544241893,0.0883930748597903,0.0257960372222574,0.0336426588914744,0
"16bd85d98b01823963164e514e5c1da4",0.00318299854377817,0,0,0,0,0,0,0,0,0,0,0,0,0,0,0,0,0,0,0,0,0,0,0,0,0,0,0,0
"eb03cc81c19a706d309616c7bc005cf6",0,0,0,0,0,0.00924185946212378,0,0,0,0,0,0,0,0,0,0,0,0,0,0,0,0,0,0,0,0,0,0,0
"fd932f10265b9729b3972ed5cdce8a0d",0,0,0.00239722444994595,0,0,0.0184837189242476,0,0,0,0,0,0,0,0,0,0,0,0,0,0,0,0,0,0,0,0,0.000791289485345319,0,0
"147f672fdb531def69cb4b3f1c5029da",0.0368697331320971,0,0,0,0,0,0,0,0,0,0,0,0,0,0,0,0,0,0,0,0,0,0,0,0,0,0,0,0
"99f9b204f31c6690c17496f44394b974",0.0437662299769498,0,0,0,0,0,0,0,0,0,0,0,0,0,0,0,0,0,0,0,0,0,0,0,0,0,0,0,0
"90fa6c0bf60713bfb45126d0e322b04b",0.00742699660214905,0,0,0,0,0,0,0,0,0.00168906436390892,0,0,0,0,0,0,0,0,0,0,0,0,0,0,0,0,0,0,0
"4c61879ca2f0594335aa69f539fa89c3",0.0209547404132063,0,0,0,0,0,0,0,0,0,0,0,0,0,0,0,0,0,0,0,0,0,0,0,0,0,0,0,0
"87aaf6c235f6de90e49dbd7cb8369b3a",0.00265249878648181,0,0,0,0,0,0,0,0,0,0,0,0,0,0,0,0,0,0,0,0,0,0,0,0,0,0,0,0
"1343e87d3913871b8120eddf9b9aedc6",0.0108752450245754,0,0,0,0,0,0,0,0,0,0,0,0,0,0,0,0,0,0,0,0,0,0,0,0,0,0,0,0
"5ec4e02584b8c58b33bde92395188ffa",0.266045628284125,0,0.00196136545904669,0,0,0.0246449585656634,0,0,0,0.0173129097300664,0,0.0203417412530513,0.00640286848508132,0.0383043922369765,0.00677564760926623,0.00706164818868724,0.00754497343091499,0,0.0033835890292765,0,0,0.0073463772342448,0.012957597557752,0.017882603127039,0.00523561224667878,0,0.0056972842944863,0,0
"0a4b2edd9bb1a0133befd0b4be2ae359",0,0,0,0,0,0,0,0,0.0107414269985768,0,0,0,0,0,0,0,0,0,0,0,0,0,0,0,0,0,0,0,0
"60aded12db04cbb8ba0091f3bb63d0a6",0.0238724890783362,0.0119171433524008,0.0224467380313121,0,0,0,0,0,0,0.0014779313184203,0,0,0,0,0,0,0,0,0,0,0,0,0,0,0,0,0,0,0
"04a65a3c8425eeeaa26b5be5e1f73ea6",0.00928374575268632,0,0,0,0,0,0,0,0,0,0,0,0,0,0,0,0,0,0,0,0,0,0,0,0,0,0,0,0
"beb16d17921d9d616810cfda4d470651",0.0371349830107453,0,0,0,0,0,0,0,0,0,0,0,0,0,0,0,0,0,0,0,0,0,0,0,0,0,0,0,0
"c41c5795922c324df06444964515a11f",0.0286469868940035,0,0,0,0,0,0,0,0,0,0,0,0,0,0,0,0,0,0,0,0,0,0,0,0,0,0,0,0
"01606679d848223557a0c8b91904ad43",0.0082227462380936,0,0,0,0,0,0,0,0,0,0,0,0,0,0,0,0,0,0,0,0,0,0,0,0,0,0,0,0
"c2229c40838cb5aa067cdcab26a4d0bd",0,0,0,0,0,0,0,0,0,0,0,0,0,0,0.00285290425653315,0,0.00269463336818392,0,0,0,0,0,0,0,0,0,0,0,0
"9e3e461620d3bc6fb82b614f65a5a69b",0.079309713715806,0,0,0,0,0,0,0,0,0,0,0,0,0,0,0,0,0,0,0,0,0,0,0,0.00252085034099349,0,0,0,0
"d0805d57a9a2267c7f9372624fa92147",0,0.00731279251170047,0.00653788486348896,0,0,0,0,0,0,0,0,0,0,0,0,0,0,0,0,0,0,0,0,0,0,0,0,0,0
"77b0fc3d2cdfed133689d19939bd753c",0.0188327413840208,0,0,0,0,0,0,0,0,0,0,0,0,0,0,0,0,0,0,0,0,0,0,0,0,0,0,0,0
"d40238b6e6c47b51c94b10008b551af4",0.00981424550998268,0,0,0,0,0,0,0,0,0.00190019740939753,0,0,0,0,0,0,0,0,0,0,0,0,0,0,0,0,0,0,0
"27af05757211c4e22e274f6521c2b033",0.0169759922334836,0,0,0,0,0,0,0,0,0,0,0,0,0,0,0,0,0,0,0,0,0,0,0,0,0,0,0,0
"de794e5f913a822d437c41f82c49a80e",0.123075943692756,0,0,0,0,0.123224792828317,0,0,0,0,0,0,0,0,0,0,0,0,0,0,0,0,0,0,0,0,0,0,0
"ce79d4435bd130dc3503269a9b397170",0.0124667442964645,0,0,0,0,0,0,0,0,0,0,0,0,0,0,0,0,0,0,0,0,0,0,0,0,0,0,0,0
"33428c03ea0cb71b8769c049e677faaa",0.00265249878648181,0,0,0,0,0,0,0,0,0,0,0,0,0,0,0,0,0,0,0,0,0,0,0,0,0,0,0,0
"7fd8ef977c4177cf2c4c536310a8f19f",0.00397874817972271,0,0,0,0,0,0,0,0,0,0,0,0,0,0,0,0,0,0,0,0,0,0,0,0,0,0,0,0
"5adea97be7d61a174324b19e19ba1dea",0.057293973788007,0,0,0,0,0.110902313545485,0,0,0,0,0,0,0,0,0,0,0,0,0,0,0,0,0,0,0,0,0,0,0
"dbda74fb9d5fd3c12eaab78face02172",0.0100794953886309,0,0,0,0,0,0,0,0,0,0,0,0,0,0,0,0,0,0,0,0,0,0,0,0,0,0,0,0
"e9b34224d98724dfed43123e7a893cec",0,0,0,0,0,0.043128677489911,0,0,0,0,0,0,0,0,0,0,0,0,0,0,0,0,0,0,0,0,0,0,0
"07246a1fc2c2fed9e54374f5ee46c333",0.0238724890783362,0,0,0,0,3.75219494162225,0,0,0,0,0,0,0,0,0,0,0,0,0,0,0,0,0,0,0,0,0,0,0
"32d1077d28b29a3f6b93e1c0cbad6fda",0.0464187287634316,0,0.00174343596359706,0,0,0,0,0,0,0,0,0,0,0,0,0,0,0,0,0,0,0,0,0,0,0,0,0,0
"4fdb441ce30cb8a04ddd4c7b24e39ae2",0.00477449781566725,0,0,0,0,0,0,0,0,0,0,0,0,0,0,0,0,0,0,0,0,0,0,0,0,0,0,0,0
"5fc9b3b833ee5fc9ddee11259db3940d",0.00318299854377817,0,0,0,0,0,0,0,0,0,0,0,0,0,0,0,0,0,0,0,0,0,0,0,0,0,0,0,0
"87b489a37616c28af2c28eda4b45fb8b",0.00371349830107453,0,0,0,0,0,0,0,0,0,0,0,0,0,0,0,0,0,0,0,0,0,0,0,0,0,0,0,0
"a1191cbfeb25ca6deb449da1e2baad3a",0.00344824842242635,0,0,0,0,0,0,0,0,0,0,0,0,0,0,0,0,0,0,0,0,0,0,0,0,0,0,0,0
"75ae184615957ea74819e0710296a493",0.00636599708755633,0,0,0,0,0.181756569421768,0,0,0,0,0,0,0,0,0,0,0,0,0,0,0,0,0,0,0,0,0,0,0
"38296582075fc96045a4147fb746fe4b",0.00636599708755633,0,0,0,0,0,0,0,0,0,0,0,0,0,0,0,0,0,0,0,0,0,0,0,0,0,0.00126606317655251,0,0
"97d46cb66b426e54414d29f5c60c740a",0.00424399805837089,0,0,0,0,0,0,0,0,0,0,0,0,0,0,0,0,0,0,0,0,0,0,0,0,0,0,0,0
"748512e38095cce946336f055623773b",0.00185674915053726,0,0,0,0,0,0,0,0,0,0,0,0,0,0,0,0,0,0,0,0,0,0,0,0,0,0,0,0
"e9bddfa0fc6471131e3412f81bdc6b6d",0.00212199902918544,0,0,0,0,0,0,0,0,0,0,0,0,0,0,0,0,0,0,0,0,0,0,0,0,0,0,0,0
"941c985cd594eddbaa7ba0e614bdf30f",0.0355434837388562,0,0,0,0,0.603801484858754,0,0,0,0,0,0,0,0,0,0,0,0,0,0,0,0,0,0,0,0,0,0,0
"a01649ff3a222398d49af46d04781535",0,0.0362931183914023,0.256503016144217,0.0134137134140967,0.0911023382933495,0,0.0283755216535633,0.0395459516353011,0,0.0014779313184203,0,0,0,0,0,0,0,0,0,0,0,0,0,0,0,0,0,0,0
"b94b3e9177961551c08f311f8515f346",0.0169759922334836,0,0,0,0,0,0,0,0,0,0,0,0,0,0,0,0,0,0,0,0,0,0,0,0,0,0,0,0
"1e2270e7a0c8c2e951edc6813b58451a",0.000795749635944542,0,0,0,0,0,0,0,0,0,0,0,0,0,0,0,0,0,0,0,0,0,0,0,0,0,0,0,0
"cb3f42ad378ddeda014d895db355586b",0.00477449781566725,0,0,0,0,0,0,0,0,0,0,0,0,0,0,0,0,0,0,0,0,0,0,0,0,0,0,0,0
"0c3ea3339f3a3be523e02cefed4aaa10",0.00291774866512999,0,0,0,0,0,0,0,0,0,0,0,0,0,0,0,0,0,0,0,0,0,0,0,0,0,0,0,0
"aa20c972229ba580ad2044118ab67181",0,0.0793573409603051,0.0211391610586143,0.0111142196859658,0.0303674460977832,0,0.00567510433071265,0.00638819218724096,0,0.00211133045488615,0.0112634809787965,0.0135611608353675,0.00320143424254066,0,0.00998516489786603,0,0.0177845802300139,0.0166053192372623,0.0205834999280987,0.0155168668342488,0.039743872819607,0.0204808092591067,0.00725625463234113,0.0012082839950702,0.00058173469407542,0,0.00205735266189783,0,0
"347f05aadc3de2fe5237432c42d041b5",0.00265249878648181,0,0,0,0,0,0,0,0,0,0,0,0,0,0,0,0,0,0,0,0,0,0,0,0,0,0,0,0
"520df833871a8a531033d90f108d61a3",0.00503974769431543,0,0,0,0,0,0,0,0,0,0,0,0,0,0,0,0,0,0,0,0,0,0,0,0,0,0,0,0
"7de13a55503e90292b953209386e0b7b",0.0108752450245754,0,0,0,0,0,0,0,0,0,0,0,0,0,0,0,0,0,0,0,0,0,0,0,0,0,0,0,0
"547b0919a99ed883fc7e366881d70e30",0.00212199902918544,0,0,0,0,0,0,0,0,0,0,0,0,0,0,0,0,0,0,0,0,0,0,0,0,0,0,0,0
"db0c288182530edd5066c0881c9665c7",0.00185674915053726,0,0,0,0,0,0,0,0,0,0,0,0,0,0,0,0,0,0,0,0,0,0,0,0,0,0,0,0
"7e112350867950f176b414f5f71178fd",0.0172412421121317,0,0,0,0,0,0,0,0,0,0,0,0,0,0,0,0,0,0,0,0,0,0,0,0,0,0,0,0
"349d6e0ff74f02b6d2d55d29a6084ea2",0.0437662299769498,0,0,0,0,0.0246449585656634,0,0,0,0,0,0,0,0,0,0,0,0,0,0,0,0,0,0,0,0,0,0,0
"b34dc27e49d5139cf1011ee1e6032115",0.000265249878648181,0,0,0,0,0,0,0,0,0,0,0,0,0,0,0,0,0,0,0,0,0,0,0,0,0,0,0,0
"421c4fde5e0b6d90aba4333ba1328d82",0.00928374575268632,0,0,0,0,0,0,0,0,0,0,0,0,0,0,0,0,0,0,0,0,0,0,0,0,0,0,0,0
"11e175aff64bc4cf4986007e12bfc628",0.00291774866512999,0,0,0,0,0,0,0,0,0,0,0,0,0,0,0,0,0,0,0,0,0,0,0,0,0,0,0,0
"36b46a254875314bef7628b94ef8d7b6",0.016180242597539,0,0,0,0,0,0,0,0,0,0,0,0,0,0,0,0,0,0,0,0,0,0,0,0,0,0,0,0
"37f3685c73e70deca8c822eb745ced49",0.00318299854377817,0,0,0,0,0,0,0,0,0,0,0,0,0,0,0,0,0,0,0,0,0,0,0,0,0,0,0,0
"0bd4b1e42bd92aa97b0e3256b8b9f685",0.0151192430829463,0,0,0,0,0,0,0,0,0,0,0,0,0,0,0,0,0,0,0,0,0,0,0,0,0,0,0,0
"dbecc9e8493f9f9f3816c44467a0b7d4",0.00530499757296361,0,0,0,0,0,0,0,0,0,0,0,0,0,0,0,0,0,0,0,0,0,0,0,0,0,0,0,0
"5b2c9996f39f03a22f551c353da1d3ed",0.00397874817972271,0,0,0,0,0,0,0,0,0,0,0,0,0,0,0,0,0,0,0,0,0,0,0,0,0,0,0,0
"ea5eeef4adcd29b79e56e455f9025517",0.133420688960035,0,0.00174343596359706,0,0,0,0,0,0,0,0,0,0,0,0,0,0,0,0,0,0,0,0,0,0,0,0,0,0
"3b10b8599b3b2c56df4a64cf9ebf1e9e",0,0,0,0,0,0.295739502787961,0,0,0,0,0,0,0,0,0,0,0,0,0,0,0,0,0,0,0,0,0,0,0
"5f438bcb87bf9d011daee383cbf8268b",0.0307689859231889,0,0,0,0,0,0,0,0,0,0,0,0,0,0,0,0,0,0,0,0,0,0,0,0,0,0,0,0
"2092628b1364caea9caa8bb32e494b85",0.00795749635944542,0,0,0,0,0,0,0,0,0,0,0,0,0,0,0,0,0,0,0,0,0,0,0,0,0,0,0,0
"28a57cdaa30629405422c8fde4881357",0.0137929936897054,0,0,0,0,0,0,0,0,0,0,0,0,0,0,0,0,0,0,0,0,0,0,0,0,0,0,0,0
"e685dc44525e8ec7783caa6ab7f5b4b8",0,0,0,0,0,0.166353470318228,0,0,0,0,0,0,0,0,0,0,0,0,0,0,0,0,0,0,0,0,0,0,0
"6dcd15bd555e89be1a5051024bf0c7e1",0,0,0,0,0,0.0616123964141585,0,0,0,0,0,0,0,0,0,0,0,0,0,0,0,0,0,0,0,0,0,0,0
"89da33616fecea01a2dd1f560e309cd0",0.00769224648079724,0,0,0,0,0,0,0,0,0,0,0,0,0,0,0,0,0,0,0,0,0,0,0,0,0,0,0,0
"2da3ff46bfa58a914368731cfd699785",0.163924425004576,0,0,0,0,0,0,0,0,0,0,0,0,0,0,0,0,0,0,0,0,0,0,0,0,0,0,0,0
"39514d7e0d952fb5735d67b878688bc8",0.0840842115314732,0,0.00261515394539559,0,0,0,0.00141877608267816,0.00106469869787349,0,0,0,0,0,0,0,0,0,0,0,0,0,0,0,0,0,0,0,0,0
"342c9bed5ce5e945deb98ec33fe023b6",0,0,0,0,0,0,0,0,0,0.000844532181954459,0,0,0,0,0,0,0,0,0,0,0,0,0,0,0,0,0,0,0
"87ca798d18d4f98d6e899ac8e8b8daa2",0.000530499757296361,0,0,0,0,0,0,0,0,0,0,0,0,0,0,0,0,0,0,0,0,0,0,0,0,0,0,0,0
"8489763884add5fd5b86c463d80a278d",0.000530499757296361,0,0,0,0,0,0,0,0,0,0,0,0,0,0,0,0,0,0,0,0,0,0,0,0,0,0,0,0
"4b847baea94497568fe03f94a68afb3c",0.0201589907772617,0,0,0,0,0,0,0,0,0,0,0,0,0,0,0,0,0,0,0,0,0,0,0,0,0,0,0,0
"6bb602f161cd434e740b0b0694a2fe7e",0.0145887433256499,0,0,0,0,0.360432519022827,0,0,0,0,0,0,0,0,0,0,0,0,0,0,0,0,0,0,0,0,0,0,0
"ed129574cd3b032d712d56b5aae6be05",0.00265249878648181,0,0,0,0,0,0,0,0,0,0,0,0,0,0,0,0,0,0,0,0,0,0,0,0,0,0,0,0
"230f936bbde428b48c67b563c84f874a",0.0169759922334836,0,0,0,0,0,0,0,0,0,0,0,0,0,0,0,0,0,0,0,0,0,0,0,0,0,0,0,0
"268ddc25aa0fd61d2ecd190573a66498",0.00371349830107453,0,0,0,0,0,0,0,0,0,0,0,0,0,0,0,0,0,0,0,0,0,0,0,0,0,0,0,0
"ddfc7fa44eb695c1a36fab946176dbdc",0.0127319941751127,0,0,0,0,0,0,0,0,0,0,0,0,0,0,0,0,0,0,0,0,0,0,0,0,0,0,0,0
"cae75e1117d316c3a8f12909f766135b",0,0,0,0,0,0.0492899171313268,0,0,0,0,0,0,0,0,0,0,0,0,0,0,0,0.0104630221215002,0,0.00749136076943525,0.012022517010892,0,0.0132936633538014,0.0448568785219659,0
"60d23b6a7047719eb79dc09d360c62cc",0.0151192430829463,0,0,0,0,0,0,0,0,0,0,0,0,0,0,0,0,0,0,0,0,0,0,0,0,0,0,0,0
"31d88ad972b0a11f159439daf1fe7367",0.00291774866512999,0,0,0,0,0,0,0,0,0,0,0,0,0,0,0,0,0,0,0,0,0,0,0,0,0,0,0,0
"6148c6e49d72c0f24a187a979ba7a5aa",0,0,0,0,0,0,0,0,0,0,0,0,0,0,0,0,0,0,0,0,0,0.0765804172297034,0.0326531458455351,0.0282738454846427,0.0127981632696592,0,0.0134519212508704,0,0
"44f513ba8d222b088ba2ad6e7ab85b8c",0,0,0,0,0,0,0,0,0,0,0,0,0.00280125496222308,0,0.00677564760926623,0,0.00916175345182534,0.0110702128248416,0.02904247250129,0.0186202402010986,0.141311547803047,0.0587710178739584,0.0396502485267212,0.0340736086609797,0.0191972449044889,0.0548646671543526,0.00807115275052225,0,0.0537685422399342
"227b3993622857f90f1b3be1adaf17cd",0.00238724890783362,0,0,0,0,0,0,0,0,0,0,0,0,0,0,0,0,0,0,0,0,0,0,0,0,0,0,0,0
"0c141cc6426851c4478ff79ed68247f5",0.00212199902918544,0,0,0,0,0,0,0,0,0,0,0,0,0,0,0,0,0,0,0,0,0,0,0,0,0,0,0,0
"df16556a6b657130b148c9926e0247a1",0,0.00270844167100017,0.00130757697269779,0,0,0,0,0,0,0,0,0,0,0,0,0,0,0,0,0,0,0,0,0,0,0,0,0,0
"8298bcdb584afbb1bdb72e7abb796243",0.000530499757296361,0,0,0,0,0,0,0,0,0,0,0,0,0,0,0,0,0,0,0,0,0,0,0,0,0,0,0,0
"fa3a634a3d5d11bab288b00d2d5369cc",0.00291774866512999,0,0,0,0,0,0,0,0,0,0,0,0,0,0,0,0,0,0,0,0,0,0,0,0,0,0,0,0
"3f36ab74340cc11784c5f0c58099e15e",0.00291774866512999,0,0,0,0,0,0,0,0,0,0,0,0,0,0,0,0,0,0,0,0,0,0,0,0,0,0,0,0
"9d4eef533118fb8ade7389906d38038e",0.00318299854377817,0,0,0,0,0,0,0,0,0,0,0,0,0,0,0,0,0,0,0,0,0,0,0,0,0,0,0,0
"a1919f68c3e5bd0c8c85ce6c4a407a81",0.00291774866512999,0,0,0,0,0,0,0,0,0,0,0,0,0,0,0,0,0,0,0,0,0,0,0,0,0,0,0,0
"61b47b9e51cba36e07b09f783d91532d",0.0185674915053726,0,0,0,0,0.0954992144419457,0,0,0,0,0,0,0,0,0,0,0,0,0,0,0,0,0,0,0,0,0,0,0
"eade9ffca2019fd37ceeefa62349cee5",0.00795749635944542,0,0,0,0,0,0,0,0,0,0,0,0,0,0,0,0,0,0,0,0,0,0,0,0,0,0,0,0
"2b574134383a97ed6d824d208c869f5f",0,0,0,0,0,0.837928591232556,0,0,0,0,0,0,0,0,0,0,0,0,0,0,0,0,0,0,0,0,0,0,0
"f50399c55cdc712751dd87413e3ad96a",0,0,0,0,0,0.0616123964141585,0,0,0,0,0,0,0,0,0,0,0,0,0,0,0,0,0,0,0,0,0,0,0
"7741e484f93c21c4e051f33fc7b64f88",0.0082227462380936,0,0,0,0,0,0,0,0,0,0,0,0,0,0,0,0,0,0,0,0,0,0,0,0,0,0,0,0
"41c2b1997c23cb128c7a5fe3586fe2cd",0.00238724890783362,0,0,0,0,0,0,0,0,0,0,0,0,0,0,0,0,0,0,0,0,0,0,0,0,0,0,0,0
"8bbcf048be9561d00c6ed8f597643925",0,0,0,0,0,0,0,0,0,0,0,0,0,0,0,0,0,0,0,0,0,0,0,0,0.0114407823168166,0,0,0,0
"92fb114641e27921122496428e2ef0dd",0.0013262493932409,0,0,0,0,0,0,0,0,0,0,0,0,0,0,0,0,0,0.000845897257319126,0,0,0,0,0,0,0,0,0,0
"744dbcf4af334c630605fa9000c112ce",0.00185674915053726,0,0,0,0,0,0,0,0,0,0,0,0,0,0,0,0,0,0,0,0,0,0,0,0,0,0,0,0
"9293b23be2addc4c8910fbe977237c46",0.00344824842242635,0,0,0,0,0,0,0,0,0,0,0,0,0,0,0,0,0,0,0,0,0,0,0,0,0,0,0,0
"e3b6d7ad6ee740d0b7d343c2c2ce53a0",0.00159149927188908,0,0,0,0,0,0,0,0,0,0,0,0,0,0,0,0,0,0,0,0,0,0,0,0,0,0,0,0
"4d472a0025391001536abf639f86372b",0.019097991262669,0,0,0,0,0,0,0,0,0,0,0,0,0,0,0,0,0,0,0,0,0,0,0,0,0,0,0,0
"5286cf541576f555afe0b5b79d1163d9",0.00397874817972271,0,0,0,0,0,0,0,0,0,0,0,0,0,0,0,0,0,0,0,0,0,0,0,0,0,0,0,0
"40e233849dcafd1ca1e5dd020826ec04",0.0753309655360833,0,0,0,0,0,0,0,0,0,0,0,0,0,0,0,0,0,0,0,0,0,0,0,0,0,0,0,0
"4a1539d5c420d910c842f2dfd2531a6d",0.0172412421121317,0,0,0,0,0,0,0,0,0,0,0,0,0,0,0,0,0,0,0,0,0,0,0,0,0,0,0,0
"7377692c0967c99c56f749e092acb30a",0.00185674915053726,0,0,0,0,0,0,0,0,0,0,0,0,0,0,0,0,0,0,0,0,0,0,0,0,0,0,0,0
"acb819d2b09f090ba6c3112028bbc54b",0.929435574783225,0.0046043508407003,0.00806339133163639,0,0,0.150950371214688,0,0,0,0,0,0,0,0,0,0,0,0,0,0,0,0,0,0,0,0,0,0,0
"856f4e976cd8cb16d80b01f36ee9721a",0.00291774866512999,0,0,0,0,0,0,0,0,0,0,0,0,0,0,0,0,0,0,0,0,0,0,0,0,0,0,0,0
"f07216e3758674127b729897fc2945ba",0.0498669771858579,0,0,0,0,0,0,0,0,0,0,0,0,0,0,0,0,0,0,0,0,0,0,0,0,0,0,0,0
"e98a78fb93f10ea212298a128d9cadc1",0.0262597379861699,0,0,0,0,0,0,0,0,0,0,0,0,0,0,0,0,0,0,0,0,0,0,0,0,0,0,0,0
"e8bb8d9f0ab19588ba970ec5b20a7319",0.00610074720890815,0,0,0,0,0,0,0,0,0,0,0,0,0,0,0,0,0,0,0,0,0,0,0,0,0,0,0,0
"a9aac800e685600e21278a2012556aa7",0.00901849587403814,0,0,0,0,0,0,0,0,0,0,0,0,0,0,0,0,0,0,0,0,0,0,0,0,0,0,0,0
"4a70dcab1da10b99743b8b5298cd2f6f",0.00663124696620451,0,0,0,0,0,0,0,0,0,0,0,0,0,0,0,0,0,0,0,0,0,0,0,0,0,0,0,0
"1a33b954694a3eddcd95ead6c562cfb2",0.0172412421121317,0,0,0,0,0,0,0,0,0,0,0,0,0,0,0,0,0,0,0,0,0,0,0,0,0,0.00110780527948345,0,0
"1f1ff56fd37c5c9b1a9ac7b1d99e10b0",0.409280562754143,0,0.00130757697269779,0,0,0.0800961153384061,0,0,0,0,0,0,0,0,0,0,0,0,0,0,0,0,0,0,0,0,0,0,0
"644c14744299b1aa46a195610c9f1a6f",0.00689649684485269,0,0,0,0,0,0,0,0,0,0,0,0,0,0,0,0,0,0,0,0,0,0,0,0,0,0,0,0
"44ed1a1eb3ed2fe963e32f2d9591f332",0.00557024745161179,0,0,0,0,0,0,0,0,0,0,0,0,0,0,0,0,0,0,0,0,0,0,0,0,0,0,0,0
"a42258463565d8531ac1fbcbcb5558fd",0.00238724890783362,0,0,0,0,0,0,0,0,0,0,0,0,0,0,0,0,0,0,0,0,0,0,0,0,0,0,0,0
"65c689dc4b8772012494d43535fd1102",0.0814317127449914,0.00352097417230023,0.00501237839534154,0,0,0,0,0,0,0.00126679827293169,0,0.0135611608353675,0.00360161352285824,0.0159601634320735,0.00855871276959945,0,0.0285631137027496,0.0110702128248416,0.0124064931073472,0,0.0176639434753809,0.00445234983893624,0.0196955482877831,0.0024165679901404,0.0029086734703771,0,0,0,0
"b4437357383387ed0937aeb891b767d2",0.00265249878648181,0,0,0,0,0,0,0,0,0,0,0,0,0,0,0,0,0,0,0,0,0,0,0,0,0,0,0,0
"80017052479e0a7748dc385488c63536",0.0013262493932409,0,0,0,0,0,0,0,0,0,0,0,0,0,0,0,0,0,0,0,0,0,0,0,0,0,0,0,0
"6a4bca8a699c143a04caf781f0c1763c",0.00106099951459272,0,0,0,0,0,0,0,0,0,0,0,0,0,0,0,0,0,0,0,0,0,0,0,0,0,0,0,0
"18ec5da6c765ede0c426af393f8ce656",0.175330169786447,0,0,0,0,0.0616123964141585,0,0,0,0,0,0,0,0,0,0,0,0,0,0,0,0,0,0,0,0,0,0,0
"07127b6c8fc6a9dc81dd0e8c7671be80",0,0,0.000435858990899264,0,0,0,0,0,0,0,0,0,0,0,0,0,0,0,0,0,0,0,0,0,0,0,0,0,0
"32d2ffd5aac26382d511eb7ab897fc06",0.00875324599538996,0,0,0,0,0,0,0,0,0,0,0,0,0,0,0,0,0,0,0,0,0,0,0,0,0,0,0,0
"33a48735e8b1a35f14da8e944eb0d73a",0.00742699660214905,0,0,0,0,0,0,0,0,0,0,0,0,0,0,0,0,0,0,0,0,0,0,0,0,0,0,0,0
"1f56ffc2734d7ef8efb20201a6700725",0.00742699660214905,0,0,0,0,0,0,0,0,0,0,0,0,0,0,0,0,0,0,0,0,0,0,0,0,0,0,0,0
"99974302fcd8d2101cbc28c8141e0ee9",0.013262493932409,0,0,0,0,0,0,0,0,0,0,0,0,0,0,0,0,0,0,0,0,0,0,0,0,0,0,0,0
"286e6b7f2a15a9ef97faca363e6a6800",0.0148539932042981,0,0,0,0,0,0,0,0,0,0,0,0,0,0,0,0,0,0,0,0,0,0,0,0,0,0,0,0
"c80287fd598d09df08b50511b22020e5",0.0259944881075217,0,0,0,0,0,0,0,0,0,0,0,0,0,0,0,0,0,0,0,0,0,0,0,0,0,0,0,0
"be49979e50fd98568304bc66173f624b",0.00981424550998268,0,0,0,0,0,0,0,0,0,0,0,0,0,0,0,0,0,0,0,0,0,0,0,0,0,0,0,0
"ed2edabe2a0c276357f7f1f210bdeda7",0.0167107423548354,0,0,0,0,0,0,0,0,0,0,0,0,0,0,0,0,0,0,0,0,0,0,0,0,0.0152401853206535,0.00712160536810787,0,0
"894d5f2608f2a0e9e3bf2499f1cc6130",0.695219931936881,0,0,0,0,0.289578263146545,0,0,0,0,0,0,0.00600268920476373,0.00638406537282942,0.0139079082505991,0.0141232963773745,0.00916175345182534,0,0.00817700682075155,0,0,0.00601067228256393,0.00751540658349617,0.0123244967497161,0.01609465986942,0,0.0283281635753624,0.0560710981524573,0.085397096498719
"9cc0bdcb1fb3a25451cc888c896d434b",0,0.000812532501300052,0,0,0,0,0,0,0,0,0,0,0,0,0,0,0,0,0,0,0,0,0,0,0,0,0,0,0
"3f9749b4bbd55e95797da2d7e27eb072",0.0143234934470017,0,0,0,0,0,0,0,0,0,0,0,0,0,0,0,0,0,0,0,0,0,0,0,0,0,0.00854592644172944,0,0
"1c259c84edfd90c28f17c1875a7c9747",0.000795749635944542,0,0,0,0,0.132466652290441,0,0,0,0,0,0,0,0,0,0,0,0,0,0,0,0,0,0,0,0,0,0,0
"1e37d3623e8679bea135824898326438",0.00424399805837089,0,0,0,0,0,0,0,0,0,0,0,0,0,0,0,0,0,0,0,0,0,0,0,0,0,0,0,0
"f89c5ae84b1033d896333c5ae7acb309",0.00159149927188908,0,0,0,0,0,0,0,0,0,0,0,0,0,0,0,0,0,0,0,0,0,0,0,0,0,0,0,0
"08d10673b70f3d8b078a149a25d94b19",0.00663124696620451,0,0,0,0,0,0,0,0,0,0,0,0,0,0,0,0,0,0,0,0,0,0,0,0,0,0,0,0
"a5ed688dfc70ccd795b56425b56b2865",0.000795749635944542,0,0,0,0,0,0,0,0,0,0,0,0,0,0,0,0,0,0,0,0,0,0,0,0,0,0,0,0
"deb262fd92af4fdcd3b6240303048b2a",0.00371349830107453,0,0.00130757697269779,0.251602938752985,0.131592266423727,0,0.28699813329604,0.241382404789319,0.179918902226161,0.275739757408131,0.140793512234956,0.101708706265256,0.16887565629402,0.111721144024515,0.0977119707862604,0.0564931855094979,0.0420362805436692,0.0442808512993662,0.0594947737647785,0.0434472271358967,0.0220799293442261,0.0627781327290011,0.0158082690204575,0.0195742007201373,0.0234632993277086,0.0213362594489149,0.0368740900170919,0,0
"959ee68dee7a677fe1541cf45d8d0ac6",0,0,0,0,0,0.0338868180277872,0,0,0,0,0,0,0,0,0,0,0,0,0,0,0,0,0,0,0,0,0,0,0
"18c8a1caa02afa9f20b6974f6da7568c",0.0710869674777124,0,0,0,0,0.040048057669203,0,0,0,0,0,0,0,0,0,0,0,0,0,0,0,0,0,0,0,0,0,0,0
"4a6f9dd6166c1d7f2c4af6440718c03b",0.0153844929615945,0,0,0,0,0,0,0,0,0,0,0,0,0,0,0,0,0,0,0,0,0,0,0,0,0,0,0,0
"c12f7e2e3fb92f37dd8a532d2710933e",0.0082227462380936,0,0,0,0,0,0,0,0,0,0,0,0,0,0,0,0,0,0,0,0,0,0,0,0,0,0,0,0
"00cb63b6f629510ea7cf65e0530b4027",0.00981424550998268,0,0,0,0,0,0,0,0,0,0,0,0,0,0,0,0,0,0,0,0,0,0,0,0,0,0,0,0
"05db5feb6a21f195981e6dce06cb45f2",0.00291774866512999,0,0,0,0,0,0,0,0,0,0,0,0,0,0,0,0,0,0,0,0,0,0,0,0,0,0,0,0
"5022c2e85eb7347a496e69b612b21ce1",0.00397874817972271,0,0,0,0,0,0,0,0,0,0,0,0,0,0,0,0,0,0,0,0,0,0,0,0,0,0,0,0
"07ab589574a5adeae211c91efb58a71f",0.016180242597539,0,0,0,0,0,0,0,0,0,0,0,0,0,0,0,0,0,0,0,0,0,0,0,0,0,0,0,0
"0eb9f7f362a0865f879c1fd8ba284def",0,0,0,0,0,0.00616123964141585,0,0,0,0,0,0,0,0,0,0,0,0,0,0,0,0,0,0,0,0,0,0,0
"3d01292536c84811794d53dbc82dea25",0,0,0,0,0,0.0184837189242476,0,0,0,0,0,0,0,0,0,0,0,0,0,0,0,0,0,0,0,0,0,0,0
"7141921d9117df050c7e3d64516ff8c7",0,0,0,0,0,0.00924185946212378,0,0,0,0,0,0,0,0,0,0,0,0,0,0,0,0,0,0,0,0,0,0,0
"8adc12dac7b8b4b0e4408ebdf6aab780",0.0013262493932409,0,0,0,0,0,0,0,0,0,0,0,0,0,0,0,0,0,0,0,0,0,0,0,0,0,0,0,0
"b4ba6792b3fa30ceb7375dc41eb1d65c",0.00159149927188908,0,0,0,0,0,0,0,0,0,0,0,0,0,0,0,0,0,0,0,0,0,0,0,0,0,0,0,0
"50420826a4434507209193c117f54130",0.00106099951459272,0,0,0,0,0,0,0,0,0,0,0,0,0,0,0,0,0,0,0,0,0,0,0,0,0,0,0,0
"c2b43f5fc401b8ae942e9f83213eef32",0.0111404949032236,0,0,0,0,0,0,0,0,0,0,0,0,0,0,0,0,0,0,0,0,0,0,0,0,0,0,0,0
"5efed3b185cd579740418a733b461740",0.00769224648079724,0,0,0,0,0,0,0,0,0,0,0,0,0,0,0,0,0,0,0,0,0,0,0,0,0,0,0,0
"a681fb02342fb54c83839d35541047fd",0.00106099951459272,0,0,0,0,0,0,0,0,0,0,0,0,0,0,0,0,0,0,0,0,0,0,0,0,0,0,0,0
"245b33b8928a2d472035cfcc336caddb",0.00424399805837089,0,0,0,0,0,0,0,0,0,0,0,0,0,0,0,0,0,0,0,0,0,0,0,0,0,0,0,0
"792040cc8d230edf3da4ec44c575fe75",0,0,0,0,0,0.0154030991035396,0,0,0,0,0,0,0,0,0,0,0,0,0,0,0,0,0,0,0,0,0,0,0
"82f3d62aabc8caf816ec2120e9c14bb5",0.00185674915053726,0,0,0,0,0.0123224792828317,0,0,0,0,0,0,0,0,0,0,0,0,0,0,0,0,0,0,0,0,0,0,0
"d2fd495f50fd9ee1bb779066a74086d7",0.0013262493932409,0,0,0,0,0,0,0,0,0,0,0,0,0,0,0,0,0,0,0,0,0,0,0,0,0,0,0,0
"b098523d1b3f58bbb80fe9308fb8912c",0,0,0,0,0,0.0277255783863713,0,0,0,0,0,0,0,0,0,0,0,0,0,0,0,0,0,0,0,0,0,0,0
"169d803cc0a2a89e75f8e82c2efae93a",0,0,0,0,0,0.00924185946212378,0,0,0,0,0,0,0,0,0,0,0,0,0,0,0,0,0,0,0,0,0,0,0
"26cbd70e0eb0b0a14e93c0970b305ef1",0.00291774866512999,0,0,0,0,0.117063553186901,0,0,0,0,0,0,0,0,0,0,0,0,0,0,0,0,0,0,0,0,0,0,0
"28d35817f6313b2677fe3ce645be7fa4",0,0,0,0,0,0.0338868180277872,0,0,0,0,0,0,0,0,0,0,0,0,0,0,0,0,0,0,0,0,0,0,0
"b6659ef305819aabacf82fa333d503b6",0.00106099951459272,0,0,0,0,0,0,0,0,0,0,0,0,0,0,0,0,0,0,0,0,0,0,0,0,0,0,0,0
"76612bcedbaf761367a3d047ebafd7b6",0.00106099951459272,0,0,0,0,0,0,0,0,0,0,0,0,0,0,0,0,0,0,0,0,0,0,0,0,0,0,0,0
"3aa84206bcf663e8de0f75e1bb5b2ba6",0.00106099951459272,0,0,0,0,0,0,0,0,0,0,0,0,0,0,0,0,0,0,0,0,0,0,0,0,0,0,0,0
"ee21cf356777ae26fe7089d75452abd7",0.000530499757296361,0,0,0,0,0,0,0,0,0,0,0,0,0,0,0,0,0,0,0,0,0,0,0,0,0,0,0,0
"f7d85e5a89d2a972052c5ff23f52397a",0.000530499757296361,0,0,0,0,0,0,0,0,0,0,0,0,0,0,0,0,0,0,0,0,0,0,0,0,0,0,0,0
"3e3e95a36c06e6967322d92057d2f4f7",0.000795749635944542,0,0,0,0,0,0,0,0,0,0,0,0,0,0,0,0,0,0,0,0,0,0,0,0,0,0,0,0
"28e3c3f751b7e166668665449ef80ec9",0.00106099951459272,0,0,0,0,0,0,0,0,0,0,0,0,0,0,0,0,0,0,0,0,0,0,0,0,0,0,0,0
"cc53782126bff6f2648754f297c70cff",0.000530499757296361,0,0,0,0,0,0,0,0,0,0,0,0,0,0,0,0,0,0,0,0,0,0,0,0,0,0,0,0
"f39790ad4b1a813000323022eb1e9567",0.00212199902918544,0,0,0,0,0,0,0,0,0,0,0,0,0,0,0,0,0,0,0,0,0,0,0,0,0,0,0,0
"0674e7934525d446c54c31dc9b8e33d5",0.00636599708755633,0,0,0,0,0,0,0,0,0,0,0,0,0,0,0,0,0,0,0,0,0,0,0,0,0,0,0,0
"e335570f65a3bc3a849f355ac1698181",0.00530499757296361,0,0,0,0,0.0154030991035396,0,0,0,0,0,0,0,0,0,0,0,0,0,0,0,0,0,0,0,0,0,0,0
"b488a23a21137febe962e32b948e87a9",0.0013262493932409,0,0,0,0,0,0,0,0,0,0,0,0,0,0,0,0,0,0,0,0,0,0,0,0,0,0,0,0
"4d36e0d0050d301d2a3d040d04521b20",0.00106099951459272,0,0,0,0,0,0,0,0,0,0,0,0,0,0,0,0,0,0,0,0,0,0,0,0,0,0,0,0
"5d2e53f69d1eed6f936e0e907907c765",0,0,0,0,0,0.00616123964141585,0,0,0,0,0,0,0,0,0,0,0,0,0,0,0,0,0,0,0,0,0,0,0
"ce2b62ffcd367da18eb61d300d1ca3e2",0,0,0,0,0,0.0462092973106189,0,0,0,0,0,0,0,0,0,0,0,0,0,0,0,0,0,0,0,0,0,0,0
"7b1b71e60ae0bb9f6a96df4e5b041edf",0,0,0,0,0,0.00924185946212378,0,0,0,0,0,0,0,0,0,0,0,0,0,0,0,0,0,0,0,0,0,0,0
"f5a0cba713d42e29e41a6df93519572a",0.000530499757296361,0,0,0,0,0,0,0,0,0,0,0,0,0,0,0,0,0,0,0,0,0,0,0,0,0,0,0,0
"00e6614407462b417669175bc85184ad",0.000530499757296361,0,0,0,0,0,0,0,0,0,0,0,0,0,0,0,0,0,0,0,0,0,0,0,0,0,0,0,0
"40862b63dd0defe1fb1cbc9991f5f089",0.00106099951459272,0,0,0,0,0,0,0,0,0,0,0,0,0,0,0,0,0,0,0,0,0,0,0,0,0,0,0,0
"e86d1d75253191d79a618ca4d38aca68",0,0,0,0,0,0.00924185946212378,0,0,0,0,0,0,0,0,0,0,0,0,0,0,0,0,0,0,0,0,0,0,0
"e0f5ac0f18cc28b90be53aa781a75e97",0.00159149927188908,0,0,0,0,0,0,0,0,0,0,0,0,0,0,0,0,0,0,0,0,0,0,0,0,0,0,0,0
"b63447503e05ba796eaeccc7f36cd857",0,0,0,0,0,0.00924185946212378,0,0,0,0,0,0,0,0,0,0,0,0,0,0,0,0,0,0,0,0,0,0,0
"00c193a1d13306dc0a3fa7b7b19327a9",0.00212199902918544,0,0,0,0,0,0,0,0,0,0,0,0,0,0,0,0,0,0,0,0,0,0,0,0,0,0,0,0
"0b898d4961772ab53a086c8154bac568",0.00159149927188908,0,0,0,0,0,0,0,0,0,0,0,0,0,0,0,0,0,0,0,0,0,0,0,0,0,0,0,0
"b488bf12e36de9f37c9b3da1febf2c3e",0.00477449781566725,0,0,0,0,0,0,0,0,0,0,0,0,0,0,0,0,0,0,0,0,0,0,0,0,0,0,0,0
"57e13b307e96897f55540c6759029343",0.00185674915053726,0,0,0,0,0,0,0,0,0,0,0,0,0,0,0,0,0,0,0,0,0,0,0,0,0,0,0,0
"4f3686ad1491f35d467e4d518b1a239a",0.00106099951459272,0,0,0,0,0,0,0,0,0,0,0,0,0,0,0,0,0,0,0,0,0,0,0,0,0,0,0,0
"8e3af97b4686b85e19d450d5c1c96fbe",0.00371349830107453,0,0,0,0,0,0,0,0,0,0,0,0,0,0,0,0,0,0,0,0,0,0,0,0,0,0,0,0
"e9ad9694aa9baa8ef6805db44808b3ce",0.00901849587403814,0,0,0,0,0,0,0,0,0,0,0,0,0,0,0,0,0,0,0,0,0,0,0,0,0,0,0,0
"6d6f4c93d09d73073c55fef2decc5e58",0.00238724890783362,0,0,0,0,0,0,0,0,0,0,0,0,0,0,0,0,0,0,0,0,0,0,0,0,0,0,0,0
"65f9a101f8ffe7049bd3d0baa83520c2",0.000795749635944542,0,0,0,0,0,0,0,0,0,0,0,0,0,0,0,0,0,0,0,0,0,0,0,0,0,0,0,0
"cbd22a346325bb16a23d31a6d4ba799e",0,0,0,0,0,0,0,0,0,0.000844532181954459,0,0,0,0,0,0,0,0,0,0,0,0,0,0,0,0,0,0,0
"0e9cc4c909306f5a9562d84888902e09",0.0429704803410052,0,0,0.0699429342306469,0.037959307622229,0.0338868180277872,0.0417525532902431,0.138410830723554,0.139638550981498,0.114434110654829,0.163320474192549,0,0.086238634908439,0,0.0271025904370649,0.0635548336981852,0.0328745270918439,0.0193728724434727,0.0126884588597869,0,0,0.0100177871376065,0.00958862219273649,0,0,0,0.012502373868456,0.0364462137990973,0
"a84e1039f9b157a2085d23b4114bc888",0,0,0,0.0310431653297666,0,0,0.0381042719347849,0.145863721608668,0.110099626735412,0.104299724471376,0,0.101708706265256,0.0836374695863747,0.118105209397344,0.0203269428277987,0,0.0161678002091035,0,0.013534356117106,0.040343853769047,0,0,0,0.0111162127546459,0.00891993197582311,0,0.0139266949420776,0,0.0189771325552709
"991143d1b16b7f958f686b23f0d983e9",0.000795749635944542,0,0,0,0,0,0,0,0,0,0,0,0,0,0,0,0,0,0,0,0,0,0,0,0,0,0,0,0
"3e2d1a7be6fbbcbc12428a01c86b7b8b",0.00212199902918544,0,0,0,0,0,0,0,0,0,0,0,0,0,0,0,0,0,0,0,0,0,0,0,0,0,0,0,0
"a42640f848385634aa76ce36a39e3707",0.00106099951459272,0,0,0,0,0,0,0,0,0,0,0,0,0,0,0,0,0,0,0,0,0,0,0,0,0,0,0,0
"f2126d67d457c75787258130f49ef2e0",0.000795749635944542,0,0,0,0,0,0,0,0,0,0,0,0,0,0,0,0,0,0,0,0,0,0,0,0,0,0,0,0
"ac55accdeaf5d678b973cc5061f19e64",0,0,0,0,0,0.0308061982070793,0,0,0,0,0,0,0,0,0,0,0,0,0,0,0,0,0,0,0,0,0,0,0
"835bb682be3fa7b086047fefbc88efb8",0,0,0,0,0,0.169434090138936,0,0,0,0,0,0,0,0,0,0,0,0,0,0,0,0,0,0,0,0,0,0,0
"664e1ee046659d47ded4a40ad1133a33",0.150661931072167,0,0,0,0,0,0,0,0,0,0,0,0,0,0,0,0,0,0,0,0,0,0,0,0,0,0,0,0
"1264d7f3ce202f7732de351912bfda5e",0,0,0,0,0,0.0308061982070793,0,0,0,0,0,0,0,0,0,0,0,0,0,0,0,0,0,0,0,0,0,0,0
"f28694e7921bddff0027e6ce67b8ffc1",0,0,0,0,0,0.0246449585656634,0,0,0,0,0,0,0,0,0,0,0,0,0,0,0,0,0,0,0,0,0,0,0
"33bd910369d558fc1d433d0cc22aabdc",0,0,0,0,0,0.083176735159114,0,0,0,0,0,0,0,0,0,0,0,0,0,0,0,0,0,0,0,0,0,0,0
"4cec2826da45c90930f69ae290165f1d",0.0392569820399307,0,0,0,0,0.335787560457164,0,0,0,0,0,0,0,0,0,0,0,0,0,0,0,0,0,0,0,0,0,0,0
"b751d80405d63e383de7ea09a7e2dcfd",0.00557024745161179,0,0,0,0,0,0,0,0,0,0,0,0,0,0,0,0,0,0,0,0,0,0,0,0,0,0,0,0
"0425278120412320bdcb2c4814278c6f",0.0302384861658926,0,0,0,0,0,0,0,0,0,0,0,0,0,0,0,0,0,0,0,0,0,0,0,0,0,0,0,0
"669b72740b8bed1bcedbdbaa4b8be1e7",0.267637127556014,0,0,0,0,0,0,0,0,0,0,0,0,0,0,0,0,0,0,0,0,0,0,0,0,0,0,0,0
"1b7d9b83e481aeaf938729029a2a4c19",0.00318299854377817,0,0,0,0,0.113982933366193,0,0,0,0,0,0,0,0,0,0,0,0,0,0,0,0,0,0,0,0,0,0,0
"52ecb4b1abf93593276cb066f1446900",0.0193632411413172,0,0,0,0,0,0,0,0,0,0,0,0,0,0,0,0,0,0,0,0,0,0,0,0,0,0,0,0
"3f8e2d5b849dc28defc6406bd5304ffc",0.00212199902918544,0,0,0,0,0,0,0,0,0,0,0,0,0,0,0,0,0,0,0,0,0,0,0,0,0,0,0,0
"817505ccf93a252d80ac6191376cc419",0.0217504900491508,0,0,0,0,0.0523705369520348,0,0,0,0,0,0,0,0,0,0,0,0,0,0,0,0,0,0,0,0,0,0,0
"f02dc9c964b8985575a3f2838bf1fbd8",0.0013262493932409,0,0,0,0,0,0,0,0,0,0,0,0,0,0,0,0,0,0,0,0,0,0,0,0,0,0,0,0
"d03ed14bb4de457c674f898a173d7a62",0,0,0,0,0,0.0154030991035396,0,0,0,0,0,0,0,0,0,0,0,0,0,0,0,0,0,0,0,0,0,0,0
"ad9e6759575ce82501bff0de8eec90d8",0,0,0,0,0,0.0215643387449555,0,0,0,0,0,0,0,0,0,0,0,0,0,0,0,0,0,0,0,0,0,0,0
"a77c9d2b8200bef0d694237279a593f8",0,0,0,0,0,0.0308061982070793,0,0,0,0,0,0,0,0,0,0,0,0,0,0,0,0,0,0,0,0,0,0,0
"0ead63cfa74c098675a1a5bb1d79a563",0,0,0,0,0,0.00616123964141585,0,0,0,0,0,0,0,0,0,0,0,0,0,0,0,0,0,0,0,0,0,0,0
"5784776f5c7488bbe777059e7f9d1c7c",0,0,0,0,0,0.141708511752565,0,0,0,0,0,0,0,0,0,0,0,0,0,0,0,0,0,0,0,0,0,0,0
"d32b216fc90bc092634d87dbc9e8baab",0,0,0,0,0,0.0338868180277872,0,0,0,0,0,0,0,0,0,0,0,0,0,0,0,0,0,0,0,0,0,0,0
"8971f68f77fe46e52214ac1aae718436",0,0,0,0,0,0.0462092973106189,0,0,0,0,0,0,0,0,0,0,0,0,0,0,0,0,0,0,0,0,0,0,0
"2f6bf9b76f83ec07580d82dc564de99d",0,0,0,0,0,0.0246449585656634,0,0,0,0,0,0,0,0,0,0,0,0,0,0,0,0,0,0,0,0,0,0,0
"0b5f1332724e9f07873bad86a8fbc029",0.00503974769431543,0,0,0,0,0,0,0,0,0,0,0,0,0,0,0,0,0,0,0,0,0,0,0,0,0,0,0,0
"4a116f83e81e1519640492c5bf55a3bf",0.0013262493932409,0,0,0,0,0,0,0,0,0,0,0,0,0,0,0,0,0,0,0,0,0,0,0,0,0,0,0,0
"7170942055c32bb7a709c4a92e29a258",0.00344824842242635,0,0,0,0,0,0,0,0,0,0,0,0,0,0,0,0,0,0,0,0,0,0,0,0,0,0,0,0
"cea48cb9e85cce1a4c9d90bff8f6ded5",0.0013262493932409,0,0,0,0,0,0,0,0,0,0,0,0,0,0,0,0,0,0,0,0,0,0,0,0,0,0,0,0
"d83c0d8fbc6ae1fe1c0dd12cbea1833a",0.00503974769431543,0,0,0,0,0.00924185946212378,0,0,0,0,0,0,0,0,0,0,0,0,0,0,0,0,0,0,0,0,0,0,0
"346f4cf3bc35393efe4260b2f0b1966d",0.00212199902918544,0,0,0,0,0.0277255783863713,0,0,0,0,0,0,0,0,0,0,0,0,0,0,0,0,0,0,0,0,0,0,0
"9a38fac836b824fbd5c99165b543ca0a",0.000795749635944542,0,0,0,0,0,0,0,0,0,0,0,0,0,0,0,0,0,0,0,0,0,0,0,0,0,0,0,0
"22fa460af93a84061844f0660d43797e",0.00636599708755633,0,0,0,0,0.261852684760174,0,0,0,0,0,0,0,0,0,0,0,0,0,0,0,0,0,0,0,0,0,0,0
"5f76a3b05585da3a513858cce5fa4aad",0,0,0,0,0,0.200240288346015,0,0,0,0,0,0,0,0,0,0,0,0,0,0,0,0,0,0,0,0,0,0,0
"9c7db0d5022a938bf5ea950826d34437",0.00159149927188908,0,0,0,0,0,0,0,0,0,0,0,0,0,0,0,0,0,0,0,0,0,0,0,0,0,0,0,0
"3f621680f877f8755d3bf38982001f7b",0.0525194759723397,0,0,0,0,0,0,0,0,0,0,0,0,0,0,0,0,0,0,0,0,0,0,0,0,0,0,0,0
"5009ec83dc7d2e70acc5d0426d8abceb",0.022015739927799,0,0,0,0,0.0369674378484951,0,0,0,0,0,0,0,0,0,0,0,0,0,0,0,0,0,0,0,0,0,0,0
"40435e518fea30a9f66dd28ace97dcd0",0.000795749635944542,0,0,0,0,0,0,0,0,0,0,0,0,0,0,0,0,0,0,0,0,0,0,0,0,0,0,0,0
"bc7d170b9edc9c345a358fc773c260e7",0.00106099951459272,0,0,0,0,0,0,0,0,0,0,0,0,0,0,0,0,0,0,0,0,0,0,0,0,0,0,0,0
"f0564317c39cac4721af4653f44d1e07",0,0,0,0,0,0.00616123964141585,0,0,0,0,0,0,0,0,0,0,0,0,0,0,0,0,0,0,0,0,0,0,0
"c343e0c3af2ce4246e8f16a366d9b244",0,0,0,0,0,0.0616123964141585,0,0,0,0,0,0,0,0,0,0,0,0,0,0,0,0,0,0,0,0,0,0,0
"134153c893d92731f1779897c269f055",0.00265249878648181,0.00270844167100017,0.00239722444994595,0.00344924059219628,0.0101224820325944,0,0.0162145838020361,0.0185561773057952,0.013426783748221,0.00274472959135199,0,0,0.000800358560635165,0,0,0,0,0,0,0.0155168668342488,0,0.000890469967787249,0.00103660780462016,0,0,0.0060960741282614,0,0,0
"b62a0f483de49257919f98dd32320443",0,0,0,0,0,0,0.0111475263638999,0.0632735226164818,0.0456510647439512,0,0,0,0,0,0,0,0,0,0,0,0,0,0,0,0,0,0,0,0
"e207e8f65f4dcf2a29cf07ae8ee8fd7e",0,0,0,0,0,0,0,0,0,0,0,0,0,0,0,0,0,0,0,0,0,0.000667852475840437,0,0,0,0,0,0,0
"e46ddfb99131631f2f2bba8eb3297ca3",0,0,0,0,0,0,0,0,0,0,0,0,0,0,0,0,0,0,0,0,0,0,0,0,0,0,0.0137684370450085,0,0
"8ebc39e79a930b5db089420489c40543",0.00530499757296361,0.062565002600104,0.340405871892325,0.0258693044414721,0.275837635388197,0,0.027362110165936,0.0285947650286024,0.099358199736835,0.00654512441014705,0,0,0.00120053784095275,0,0.00534919548099966,0.0564931855094979,0,0.0221404256496831,0.0064852123061133,0.148961921608789,0.0485758445572974,0.0298307439208728,0.0230645236527986,0.0115995263526739,0.0246267687158594,0.128017556693489,0.0974868645945433,0.0112142196304915,0.0537685422399342
"7ff6af46744a4c8214812c77e54fd485",0.00610074720890815,0,0,0,0,0,0,0,0,0,0,0,0,0,0,0,0,0,0,0,0,0,0,0,0,0,0,0,0
"fc7dec198c007a0622c9acba71b1edb1",0.00450924793701907,0.0715028601144046,0.387696572404896,0.00766497909376952,0.131592266423727,0,0.0156065369094598,0.0255527687489638,0,0,0,0,0,0,0,0,0.0177845802300139,0,0,0,0,0.00756899472619162,0.00621964682772097,0.00676639037239313,0.0188094217751052,0.0670568154108754,0.0935304171678167,0,0
"32327bc1b2d1a223d9a447241f2cfb82",0.00159149927188908,0,0,0,0,0.040048057669203,0,0,0,0,0,0,0,0,0,0,0,0,0,0,0,0,0,0,0,0,0,0,0
"b97547037e6bed020583b930bd3684cc",0.0392569820399307,0,0,0,0,0.138627891931857,0,0,0,0,0,0,0,0,0,0,0,0,0,0,0,0,0,0,0,0,0,0,0
"9a48d66f52c47289df8517641c188d9b",0.0188327413840208,0,0,0,0,0.0585317765934506,0,0,0,0,0,0,0,0,0,0,0,0,0,0,0,0,0,0,0,0,0,0,0
"f877e829ece2e97efc2208f33e765ce3",0.0111404949032236,0,0,0,0,0.0215643387449555,0,0,0,0,0,0,0,0,0,0,0,0,0,0,0,0,0,0,0,0,0,0,0
"54361a7cbec36835157cc4e00336e464",0.00371349830107453,0,0,0,0,0,0,0,0,0,0,0,0,0,0,0,0,0,0,0,0,0,0,0,0,0,0,0,0
"6014a554d33d3beabc7d7c46cfdcd41f",0.000795749635944542,0,0,0,0,0,0,0,0,0,0,0,0,0,0,0,0,0,0,0,0,0,0,0,0,0,0,0,0
"a6fbc7a35cdc513c4aae607786ee2a51",0.0013262493932409,0,0,0,0,0,0,0,0,0,0,0,0,0,0,0,0,0,0,0,0,0,0,0,0,0,0,0,0
"933c1a437592c012f7169968b9045854",0.0167107423548354,0,0,0,0,0,0,0,0,0,0,0,0,0,0,0,0,0,0,0,0,0,0,0,0,0,0,0,0
"08dcb60f335137ed59ea5006a3ca7d20",0.00159149927188908,0,0,0,0,0.0554511567727427,0,0,0,0,0,0,0,0,0,0,0,0,0,0,0,0,0,0,0,0,0,0,0
"eb8cd45ae934604fba18984990c55691",0.00238724890783362,0,0,0,0,0.0338868180277872,0,0,0,0,0,0,0,0,0,0,0,0,0,0,0,0,0,0,0,0,0,0,0
"8855fec4062970bb235780d6469a1d6d",0.102386453158198,0,0,0,0,0.144789131573273,0,0,0,0,0,0,0,0,0,0,0,0,0,0,0,0,0,0,0,0,0,0,0
"4a76bdc5b45d149d7aa31d04b9f46dbe",0.0684344686912306,0,0,0,0,0.138627891931857,0,0,0,0,0,0,0,0,0,0,0,0,0,0,0,0,0,0,0,0,0,0,0
"29b981c98faa891c7e4d3ed2e5ff9aab",0.0164454924761872,0,0,0,0,0.0924185946212378,0,0,0,0,0,0,0,0,0,0,0,0,0,0,0,0,0,0,0,0,0,0,0
"c4047091d558ea01dc3b6702ba3278c7",0.00265249878648181,0,0,0,0,0,0,0,0,0,0,0,0,0,0,0,0,0,0,0,0,0,0,0,0,0,0,0,0
"94826025b9642351b6818715fb42c3a5",0.0013262493932409,0,0,0,0,0,0,0,0,0,0,0,0,0,0,0,0,0,0,0,0,0,0,0,0,0,0,0,0
"5bf368734532c9983d05d3a115ea4595",0,0,0,0,0,0.0246449585656634,0,0,0,0,0,0,0,0,0,0,0,0,0,0,0,0,0,0,0,0,0,0,0
"a3d121638f6761b89b40dbd71e131004",0,0,0,0,0,0.0215643387449555,0,0,0,0,0,0,0,0,0,0,0,0,0,0,0,0,0,0,0,0,0,0,0
"d1d1e67424dd673fa61dc56b9c60bf9c",0,0,0,0,0,0.0246449585656634,0,0,0,0,0,0,0,0,0,0,0,0,0,0,0,0,0,0,0,0,0,0,0
"62b0ef9d072b7772ca3958f821bc1c49",0.00371349830107453,0,0,0,0,0,0,0,0,0,0,0,0,0,0,0,0,0,0,0,0,0,0,0,0,0,0,0,0
"824e4de27fdfadaea64e6f954c1448c6",0.00185674915053726,0,0,0,0,0,0,0,0,0,0,0,0,0,0,0,0,0,0,0,0,0,0,0,0,0,0,0,0
"6290092a789cefe170b21f8c022a1fda",0.00238724890783362,0,0,0,0,0.0338868180277872,0,0,0,0,0,0,0,0,0,0,0,0,0,0,0,0,0,0,0,0,0,0,0
"c1596a5db2591882d02a381ba7a01960",0.000795749635944542,0,0,0,0,0,0,0,0,0,0,0,0,0,0,0,0,0,0,0,0,0,0,0,0,0,0,0,0
"5ef194c523178b714e804757a3218c3a",0.00424399805837089,0,0,0,0,0,0,0,0,0,0,0,0,0,0,0,0,0,0,0,0,0,0,0,0,0,0,0,0
"a9135a4ec3c5575c45a925bfaa528201",0.00106099951459272,0,0,0,0,0,0,0,0,0,0,0,0,0,0,0,0,0,0,0,0,0,0,0,0,0,0,0,0
"effac6ec8d11ae5d2d4f029c5f18e3be",0.0413789810691162,0,0,0,0,0,0,0,0,0,0,0,0,0,0,0,0,0,0,0,0,0,0,0,0,0,0,0,0
"32b01957f98cbf2079bd6bdbb6342751",0.000530499757296361,0,0,0,0,0,0,0,0,0,0,0,0,0,0,0,0,0,0,0,0,0,0,0,0,0,0,0,0
"8b024b5e9fd085be8d302e0fe7eb1da6",0.000795749635944542,0,0,0,0,0,0,0,0,0,0,0,0,0,0,0,0,0,0,0,0,0,0,0,0,0,0.000316515794138128,0,0
"28f13b8e13ea61aafe5bc46d20dc15bf",0.000530499757296361,0,0,0,0,0,0,0,0,0,0,0,0,0,0,0,0,0,0,0,0,0,0,0,0,0,0,0,0
"7d1bda054163467e1cf195ab330ba64f",0.00185674915053726,0,0,0,0,0,0,0,0,0,0,0,0,0,0,0,0,0,0,0,0,0,0,0,0,0,0,0,0
"9a6b3fef0385b0cecd4738a2225f02b8",0.00689649684485269,0,0,0,0,0,0,0,0,0,0,0,0,0,0,0,0,0,0,0,0,0,0,0,0,0,0,0,0
"11ae08abc7f0e3333042f323fef11f46",0,0,0,0,0,0.00924185946212378,0,0,0,0,0,0,0,0,0,0,0,0,0,0,0,0,0,0,0,0,0,0,0
"a3d67e84fce8a7747f69e619a049f2b9",0.0082227462380936,0,0,0,0,0,0,0,0,0,0,0,0,0,0,0,0,0,0,0,0,0,0,0,0,0,0,0,0
"c232a779470ac2c086cf118bc1aa821d",0.000795749635944542,0,0,0,0,0,0,0,0,0,0,0,0,0,0,0,0,0,0,0,0,0,0,0,0,0,0,0,0
"493cc79d93c8003efb9369ab256e65f4",0.00689649684485269,0,0,0,0,0,0,0,0,0,0,0,0,0,0,0,0,0,0,0,0,0,0,0,0,0,0,0,0
"fd6e07eef3a5baacd89506ae84fb2ea6",0.00318299854377817,0,0,0,0,0,0,0,0,0,0,0,0,0,0,0,0,0,0,0,0,0,0,0,0,0,0,0,0
"3e06f2d2b9d0ba13808adb5c1dd498de",0.00185674915053726,0,0,0,0,0,0,0,0,0,0,0,0,0,0,0,0,0,0,0,0,0,0,0,0,0,0,0,0
"d4478251439a62fedcc7f87519fdd32a",0.00159149927188908,0,0,0,0,0,0,0,0,0,0,0,0,0,0,0,0,0,0,0,0,0,0,0,0,0,0,0,0
"da380d249b3dd800f5c3e279f7cf917a",0.00371349830107453,0,0,0,0,0,0,0,0,0,0,0,0,0,0,0,0,0,0,0,0,0,0,0,0,0,0,0,0
"f961e1550d2126dce30199dd80a47c66",0.0013262493932409,0,0,0,0,0,0,0,0,0,0,0,0,0,0,0,0,0,0,0,0,0,0,0,0,0,0,0,0
"db2655d106ea7194a3982bfbe1ef11c4",0.000795749635944542,0,0,0,0,0,0,0,0,0,0,0,0,0,0,0,0,0,0,0,0,0,0,0,0,0,0,0,0
"3be7e939ae2116634ae31372ce9f460d",0.00185674915053726,0,0,0,0,0,0,0,0,0,0,0,0,0,0,0,0,0,0,0,0,0,0,0,0,0,0,0,0
"609d275502076a9f8c77313c88d5cabd",0.0013262493932409,0,0,0,0,0,0,0,0,0,0,0,0,0,0,0,0,0,0,0,0,0,0,0,0,0,0,0,0
"39cabc06fe765618dfcb8000e03424ca",0.00318299854377817,0,0,0,0,0,0,0,0,0,0,0,0,0,0,0,0,0,0,0,0,0,0,0,0,0,0,0,0
"0a9e32a90e0c0e68cfe004e73a2ac7dd",0.00106099951459272,0,0,0,0,0,0,0,0,0,0,0,0,0,0,0,0,0,0,0,0,0,0,0,0,0,0,0,0
"0125f2eadef50a0a739c1537d792cf24",0.00265249878648181,0,0,0,0,0,0,0,0,0,0,0,0,0,0,0,0,0,0,0,0,0,0,0,0,0,0,0,0
"435c6084c75f643fca4a52a243e279ae",0.000795749635944542,0,0,0,0,0,0,0,0,0,0,0,0,0,0,0,0,0,0,0,0,0,0,0,0,0,0,0,0
"24b8bcda6b1b2ab72e632df74c10c98c",0.000795749635944542,0,0,0,0,0,0,0,0,0,0,0,0,0,0,0,0,0,0,0,0,0,0,0,0,0,0,0,0
"9b9174d78b183d58e02083b8044f64af",0.000795749635944542,0,0,0,0,0,0,0,0,0,0,0,0,0,0,0,0,0,0,0,0,0,0,0,0,0,0,0,0
"45338bb6feec3aca942618bba0a40ca5",0,0,0,0,0,0.0246449585656634,0,0,0,0,0,0,0,0,0,0,0,0,0,0,0,0,0,0,0,0,0,0,0
"0afdd7eddb9a71ce53cf6487747ec98c",0.00291774866512999,0,0,0,0,0.0277255783863713,0,0,0,0,0,0,0,0,0,0,0,0,0,0,0,0,0,0,0,0,0,0,0
"164212c0910ca9770a6bd13bcb2c5d05",0.146152683135147,0,0,0,0,0,0,0,0,0,0,0.0169514510442094,0.00720322704571648,0.0446884576098059,0.0199703297957321,0.0353082409434362,0.0247906269872921,0.0608861705366286,0.0183277739085811,0,0,0.003561879871149,0.00881116633927137,0.00289988158816848,0.00368431972914433,0.0121921482565228,0.0017408368677597,0,0
"36cf1853edbaec342c271909f87ca1b6",0.00689649684485269,0,0,0,0,0,0,0,0,0,0,0,0,0,0,0,0,0,0.00169179451463825,0,0,0.00222617491946812,0.00362812731617056,0.00169159759309828,0.00193911564691807,0,0.00126606317655251,0,0
"e1ad71679dace6d1d502a91df086f04b",0.0095489956313345,0,0,0,0,0,0,0,0,0,0,0,0,0,0,0,0,0,0,0,0,0,0,0,0,0,0,0,0
"febbb96bc35744a5fc6936e547e3041c",0.00742699660214905,0,0,0,0,0,0,0,0,0,0,0,0,0,0,0,0,0,0,0,0,0,0,0,0,0,0,0,0
"61bffb5ed48deb86adad74d3d45df340",0.0167107423548354,0,0,0,0,0,0,0,0,0.00443379395526091,0.0140793512234956,0,0.00340152388269945,0.0414964249233912,0.0153343603788657,0,0.0188624335772875,0.0221404256496831,0.0126884588597869,0,0,0.00623328977451074,0.00958862219273649,0.00314153838718252,0.00271476190568529,0,0,0,0
"a67c7071b283c3513d9aa4cf63879d6e",0.172942920878614,0,0,0,0,0,0,0,0,0,0,0,0,0,0,0,0,0,0,0,0,0,0,0,0,0,0,0,0
"9b6a7459b2c92cee0abfc36d503488b7",0,0,0,0,0,0.0215643387449555,0,0,0,0.00907872095601043,0,0,0.00360161352285824,0,0.00820209973753281,0,0.0382637938282117,0.0387457448869455,0.0146622191268649,0.0186202402010986,0,0.0120213445651279,0.012957597557752,0.0679055605229453,0.0523561224667878,0.0152401853206535,0.0115528264860417,0,0
"b3a9e61964951469555c029385db09e2",0,0,0.000871717981798529,0,0,0,0,0,0,0,0,0,0,0,0,0,0,0,0,0,0,0,0,0,0,0,0,0,0
"4b50be28c2cc7c6a4dbc6300155c5218",0.010344745267279,0.333680013867221,0.535452770319746,0.0582538411126484,0.923676485474238,0,0.687498353206333,0.604900960206126,0.341040307204812,0.260115912041973,0.0788443668515755,0.0983184160564144,0.0750336150595467,0.111721144024515,0.0481427593289969,0.0529623614151543,0.0334134537654807,0.0830265961863117,0.0129704246122266,0,0.0132479576065357,0.003561879871149,0.00544219097425584,0.00265822478915444,0.00174520408222626,0,0,0,0
"41f99c44465eb2939503fc0371a28a63",0,0,0,0,0,0,0,0,0,0,0,0,0,0,0.000713226064133288,0,0,0,0,0,0,0,0,0,0,0,0,0,0
"a954a29c70499c3c72ee396f69b71c51",0,0,0.00108964747724816,0.00095812238672119,0,0,0.0107421617688489,0.00380249534954819,0.0349096377453745,0.0111900514108966,0.0112634809787965,0.0305126118795769,0.0100044820079396,0.022344228804903,0.0121248430902659,0,0.00592819341000463,0,0.00253769177195738,0,0,0,0.00103660780462016,0.00386650878422464,0.00155129251753445,0,0,0,0
"3d462e8ce030e0c5bbd7564663c5561b",0.00530499757296361,0,0,0,0,0,0,0,0,0,0,0,0,0,0,0,0,0,0,0,0,0,0,0,0,0,0,0,0
"4a776a15babf55b56fb4bc95c435aaed",0.00291774866512999,0,0,0,0,0,0,0,0,0,0,0,0,0,0,0,0,0,0,0,0,0,0,0,0,0,0,0,0
"59a5570b657c148caf79a4d0bf8b4d0c",0.0100794953886309,0,0,0,0,0,0,0,0,0,0,0,0,0,0,0,0,0,0,0,0,0,0,0,0,0,0,0,0
"bc85938f61bfb977747f0b4d8a86f2b9",0,0,0,0,0,0.0277255783863713,0,0,0,0,0,0,0,0,0,0,0,0,0,0,0,0,0,0,0,0,0,0,0
"335d9330fb71ae0d90dd21af0c78d794",0,0,0,0,0,0,0,0,0,0,0,0,0.000800358560635165,0,0,0,0,0,0.00112786300975883,0,0,0,0,0,0.00310258503506891,0,0.000791289485345319,0,0
"643cecdf78d7a5f104fd135492479199",0.0177717418694281,0,0,0,0,0,0,0,0,0,0,0,0,0,0,0,0,0,0,0,0,0,0,0,0,0,0,0,0
"d23e07dc0f848e8921532df36254ce29",0.0201589907772617,0,0,0,0,0,0,0,0,0.00591172527368121,0,0.027122321670735,0.0090040338071456,0.0159601634320735,0.0135512952185325,0,0.0118563868200093,0.0276755320621039,0.0109966643451486,0.0186202402010986,0,0.0200355742752131,0.0269518029201242,0.0164326623329547,0.00795037415236407,0.0182882223847842,0.00474773691207191,0,0
"543dc760699879a2b12cd2e2525e6729",0.0013262493932409,0,0.00326894243174448,0,0,0,0,0,0,0.00527832613721537,0,0.0508543531326282,0.0238106671788961,0.0446884576098059,0.0146211343147324,0,0.0113174601463725,0,0.00281965752439709,0,0,0.00378449736309581,0.00466473512079072,0,0,0,0,0,0
"2579ccdb853bf0bbcbc589ee0badfa6b",0.00477449781566725,0,0,0,0,0,0,0,0,0,0,0,0,0,0,0,0,0,0,0,0,0,0,0.00144994079408424,0,0,0.00189909476482877,0,0
"1fe5ac555eb14e8844d872f1061c429f",0.00424399805837089,0,0,0,0,0,0,0,0,0,0,0,0,0,0,0,0,0,0,0,0,0,0,0,0,0,0,0,0
"82f01cb6b84420e18f1f7aed8630c878",0.0172412421121317,0,0,0,0,0,0,0,0,0,0,0,0,0,0,0,0,0,0,0,0,0,0,0,0,0,0,0,0
"913e8b6ddca7947f95db836301d8e9cd",0.0283817370153553,0,0,0,0,0.0616123964141585,0,0,0,0,0,0,0,0,0,0,0,0,0,0,0,0,0,0,0,0,0,0,0
"4c377ed4a13484a07dffc1121a98a02c",0.00477449781566725,0,0,0,0,0,0,0,0,0,0,0,0,0,0,0,0,0,0,0,0,0,0,0,0,0,0,0,0
"dec21d55511b3673e457876cc2797df6",0.00503974769431543,0,0,0,0,0,0,0,0,0,0,0,0,0,0,0,0,0,0,0,0,0,0,0,0,0,0,0,0
"29b313a5262947210e3e9de415abaead",0.0188327413840208,0.0249176633732016,0.069301579552983,0.00670685670704833,0.025306205081486,0.686978220017868,0.363003994868084,0.266022574654391,0.435027793442359,0.479905412395621,0.202742657618337,0.769595877407106,0.132659431425279,0.590526046986721,0.640833618623759,0.363674881717393,0.265690850102935,0.406830321312927,0.49372203252193,0.841014182416286,0.446014572753367,0.325689390718186,0.668352882028849,0.56644353688891,0.40139693891204,2.18544257498171,0.141482559979743,0.162606184642126,0.0822342410728406
"0ed43372f2f3ba933197e54d759f7dfa",0,0,0,0,0,0,0,0,0,0,0,0,0,0,0,0,0,0,0,0,0,0,0,0,0,0,0.000316515794138128,0,0
"caea068037af31671eecefe94eca01ca",0.00185674915053726,0,0,0,0,0,0,0,0,0,0,0,0,0,0,0,0,0,0,0,0,0,0,0,0,0,0,0,0
"9f320ec9d312f6f94fd8e600383871e2",0.0013262493932409,0,0,0,0,0,0,0,0,0,0,0,0,0,0,0,0,0,0,0,0,0,0,0,0,0,0,0,0
"5db86c73cb3a69940374cd84e1457a2f",0.0124667442964645,0,0,0,0,0,0,0,0,0,0,0,0,0,0,0,0,0,0,0,0,0,0,0,0,0,0,0,0
"450e10636606887dd168542a6fc0df36",0.00848799611674178,0,0,0,0,0,0,0,0,0,0,0,0,0,0,0,0,0,0,0,0,0,0,0,0,0,0,0,0
"fef34e7fa03c36381857511c7755324d",0.0212199902918544,0,0,0,0,0,0,0,0,0,0,0,0,0,0,0,0,0,0,0,0,0.0017809399355745,0.00103660780462016,0,0,0,0,0,0
"360597adbaef72569dbc31f72ed91c78",0.00371349830107453,0,0,0,0,0,0,0,0,0,0,0,0,0,0,0,0,0,0,0,0,0,0,0,0,0,0,0,0
"cadb4455b724f027fc10968f3b93c4f5",0.010344745267279,0,0.00762753234073712,0,0,0,0,0,0,0.00506719309172675,0.0112634809787965,0.0339029020884188,0.0116051991292099,0.0957609805924413,0,0,0,0,0,0,0,0,0,0.00434982238225272,0.00252085034099349,0,0,0,0
"d5004573c96ec6eedcc4348d1145db37",0.0761267151720278,0,0,0,0,0.0308061982070793,0,0,0,0,0,0,0,0,0,0,0,0,0,0,0,0,0,0,0,0,0,0,0
"a989e16b5beae59a0a6bc423abdd16e7",0.016180242597539,0,0,0,0,0,0,0,0,0,0,0,0,0,0,0,0,0,0,0,0,0,0,0,0,0,0,0,0
"a5f0eb48a3a77f5fe2faa3b9571dc6b6",0.00424399805837089,0,0,0,0,0,0,0,0,0,0,0,0,0,0,0,0,0,0,0,0,0,0,0,0,0,0,0,0
"943510d75dff81e8e8a61b414393ad22",0.0159149927188908,0,0,0,0,0,0,0,0,0,0,0,0,0,0,0,0,0,0,0,0,0,0,0,0,0,0,0,0
"6e72d85c5c29aaa1b7f043f60c8515fa",0.0140582435683536,0,0,0,0,0,0,0,0,0,0,0,0,0,0,0,0,0,0,0,0,0,0,0,0,0,0,0,0
"1a73a1f0fd4682636a6566496ba342c6",0.00663124696620451,0,0,0,0,0,0,0,0,0,0,0,0,0,0,0,0,0,0,0,0,0,0,0,0,0,0,0,0
"3e8c3a8b8d144e5a10adb57a7cc517da",0.00424399805837089,0,0,0,0,0,0,0,0,0,0,0,0,0,0,0,0,0,0,0,0,0,0,0,0,0,0,0,0
"99b6b856e4676df229a6e3c11b183293",0.00291774866512999,0,0,0,0,0,0,0,0,0,0,0,0,0,0,0,0,0,0,0,0,0,0,0,0,0,0,0,0
"2018829be0affbac011bf1b8e30981ad",0.0164454924761872,0,0,0,0,0,0,0,0,0,0,0,0,0,0,0,0,0,0,0,0,0,0,0,0,0,0,0,0
"3f0bc3f2b8d9b380ec319501754eca38",0.019097991262669,0,0,0,0,0,0,0,0,0,0,0,0,0,0,0,0,0,0,0,0,0,0,0,0,0,0,0,0
"21154dbe9d1fd27c98e5ee78bb11560c",0.0143234934470017,0,0,0,0,0,0,0,0,0,0,0,0,0,0,0,0,0,0,0,0,0,0,0,0,0,0,0,0
"ac70da28b0eb596f2cb37af26b06d10b",0.0100794953886309,0,0,0,0,0,0,0,0,0,0,0,0,0,0,0,0,0,0,0,0,0,0,0,0,0,0,0,0
"52c544d6ecca1fc0e2adc52b33f7a35b",0.00185674915053726,0,0,0,0,0,0,0,0,0,0,0,0,0,0,0,0,0,0,0,0,0,0,0,0,0,0,0,0
"44c8b9c58c1fcec63fc77db189334c81",0.00450924793701907,0,0,0,0,0,0,0,0,0,0,0,0,0,0,0,0,0,0,0,0,0,0,0,0,0,0,0,0
"50285c59a58cda2d889cb954c022a93a",0.225727646729602,0.00108337666840007,0,0,0,0,0,0,0,0,0,0,0,0,0,0,0,0,0,0,0,0,0,0,0,0,0,0,0
"daec04577d1843ad73efa35de1d48151",0,0,0,0,0,0,0,0,0,0,0,0.0203417412530513,0.00600268920476373,0.0255362614913177,0.00142645212826658,0,0.00377248671545749,0,0.00197376026707796,0,0,0,0,0.00386650878422464,0.00174520408222626,0,0,0,0
"6c68bf9a2ce53d1b172b227d83144566",0.00371349830107453,0,0,0,0,0,0,0,0,0,0,0,0,0,0,0,0,0,0,0,0,0,0,0,0,0,0,0,0
"564dff3148781f436e49ebbfb2590a6a",0.082227462380936,0,0,0,0,0,0,0,0,0,0,0,0,0,0,0,0,0,0,0,0,0,0,0,0,0,0,0,0
"db4543063a7cc4847ca4914a1f3f4611",0.00503974769431543,0,0,0,0,0,0,0,0,0,0,0,0,0,0,0,0,0,0,0,0,0,0,0,0,0,0,0,0
"8b07adb150b7469eafc89ddb46a9bef2",0.00663124696620451,0,0,0,0,0,0,0,0,0,0,0,0,0,0,0,0,0,0,0,0,0,0,0,0,0,0,0,0
"adae8a46239a2d87cf6b3187212b0c5d",0.00848799611674178,0,0,0,0,0,0,0,0,0,0,0,0,0,0,0,0,0,0,0,0,0,0,0,0,0,0,0,0
"599d7cf9f263b0f86ad741ce6f9f7619",0.00159149927188908,0,0,0,0,0,0,0,0,0,0,0,0,0,0,0,0,0,0,0,0,0,0,0,0,0,0,0,0
"d2e29353b6ede10f1607456fa86e6300",0.032360485195078,0,0,0,0,0,0,0,0,0,0,0,0,0,0,0,0,0,0,0,0,0,0,0,0,0,0,0,0
"9026ee9ce58d36be3646689861848080",0.117770946119792,0,0,0,0,0,0,0,0,0,0,0,0,0,0,0,0,0,0,0,0,0,0,0,0,0,0,0,0
"21d26093efc917ced0c94fc534aa8bcc",0.0254639883502253,0,0,0,0,0,0,0,0,0,0,0,0,0,0,0,0,0,0,0,0,0,0,0,0,0,0,0,0
"b6c19406cbfb8b024ef8d24181b1b819",0,0,0.000435858990899264,0,0,0,0,0,0,0,0,0,0,0,0,0,0,0,0,0,0,0,0,0,0,0,0,0,0
"328120c708098f9f55e4b6945d8cf31d",0.0124667442964645,0,0,0,0,0,0,0,0,0,0,0,0,0,0,0,0,0,0,0,0,0,0,0,0,0,0,0,0
"737ec3fec82dbe6919a55d6f88890343",0.0013262493932409,0,0,0,0,0,0,0,0,0,0,0,0,0,0,0,0,0,0,0,0,0,0,0,0,0,0,0,0
"28b5f35cfb5f0516e5e5f896428abdcd",0.359678835446933,0.047126885075403,0.102208933365877,0.0503972375415346,0.331511286567466,0,0.1568760982847,0.34404977922712,0.555868847176347,0.778658671762011,0.261875932757019,0.159343639815568,0.227501920860546,0.252170582226762,0.062050667579596,0.0459007132264671,0.0544315940373153,0.138377660310519,0.033835890292765,0.0248269869347981,0,0.0144701369765428,0.0235828275551087,0.0202991711171794,0.0118286054462002,0,0.00284864214724315,0,0
"ab2050607cb3fe172ea918d5a17a46c7",0.566308490913865,0.00947954584850061,0.0108964747724816,0.00325761611485205,0,0,0,0,0,0.0118234505473624,0,0,0.00800358560635164,0,0.00962855186579938,0,0,0,0.0107146985927089,0,0,0.0100177871376065,0.0178814846296978,0.0132911239457722,0.00853210884643949,0.0152401853206535,0.00269038425017408,0,0
"d173baa99a72cc768d97c17cf7f2424c",0,0,0.000435858990899264,0,0,0,0,0,0,0,0,0,0,0,0,0,0,0,0,0,0,0,0,0,0,0,0,0,0
"54c489de5ec8c0e9aa68974f8f39d713",0.0472144783993761,0,0,0,0,0,0,0,0,0,0,0,0,0,0,0,0,0,0,0,0,0,0,0,0,0,0,0,0
"c574f4c451bc5662da17b3af8d5ebf44",0.00716174672350087,0,0,0,0,0,0,0,0,0,0,0,0,0,0,0,0,0,0,0,0,0,0,0,0,0,0,0,0
"2214bdd7fed5c53d6959f3201478166e",0.00689649684485269,0,0,0,0,0,0,0,0,0,0,0,0,0,0,0,0,0,0,0,0,0,0,0,0,0,0,0,0
"1289562118919e6f9a67cdf153688a18",0.0169759922334836,0,0,0,0,0,0,0,0,0,0,0,0,0,0,0,0,0,0,0,0,0,0,0,0,0,0,0,0
"730dfe1f490b05a2a762cd36a3ac5c8d",0,0,0,0,0,0,0,0,0,0,0,0,0,0,0,0,0,0,0,0,0,0,0.00336897536501552,0,0,0,0,0,0
"d96a2ea1b09f080f66ce79b9ddfa768e",0.735537913491405,0.00487519500780031,0.00435858990899264,0,0,0,0,0,0,0,0,0,0,0,0,0,0.00485034006273106,0,0.00620324655367359,0,0,0.0126891970409683,0.0150308131669923,0.00918295836253353,0.00853210884643949,0,0.00427296322086472,0,0
"147d62339ee971ef76541998e68ae85f",0.000265249878648181,0.000541688334200035,0.000435858990899264,0,0,0,0,0,0,0,0,0,0.000400179280317582,0,0,0,0,0,0,0,0,0,0,0,0.000193911564691807,0.0060960741282614,0,0,0
"9c426d26d1334efd88b234484348abbf",0.0124667442964645,0,0,0,0,0,0,0,0,0,0,0,0,0,0,0,0,0,0,0,0,0,0,0,0,0,0,0,0
"3e0febfb4a6a1915ac7dbadd489360be",0.0389917321612825,0,0,0,0,0.0215643387449555,0,0,0,0,0,0,0,0,0,0,0,0,0,0,0,0,0,0,0,0,0,0,0
"ab35a6efdcbec8500e2fb023169fe78a",0.00291774866512999,0,0,0,0,0,0,0,0,0,0,0,0,0,0,0,0,0,0,0,0,0,0,0,0,0,0,0,0
"0ce72cb3f2222077b10a09aeab862462",0.0100794953886309,0,0,0,0,0,0,0,0,0,0,0,0,0,0,0,0,0,0,0,0,0,0,0,0,0,0,0,0
"fa4cca3abe5e2f19f3d66fd3eafc8011",0.00769224648079724,0,0,0,0,0,0,0,0,0,0,0,0,0,0,0,0,0,0,0,0,0,0,0,0,0,0,0,0
"1dd4ae4f0ee4d2ccf2cf15e82ce65b7b",0.00795749635944542,0,0,0,0,0.0215643387449555,0,0,0,0,0,0,0,0,0,0,0,0,0,0,0,0,0,0,0,0,0,0,0
"440cf59737156116c2e42f84552562b8",0.0376654827680416,0,0,0,0,0,0,0,0,0,0,0,0,0,0,0,0,0,0,0,0,0,0,0,0,0,0,0,0
"9a0ea06f99eb653b4104f7809547dc61",0.0198937408986135,0,0,0,0,0,0,0,0,0,0,0,0,0,0,0,0,0,0,0,0,0,0,0,0,0,0,0,0
"8207352f9586edf5c23e242fba24021c",0.0315647355591335,0,0,0,0,0,0,0,0,0,0,0,0,0,0,0,0,0,0,0,0,0,0,0,0,0,0,0,0
"4563e1bc4155a08102e2a8f74d500106",0.00875324599538996,0,0,0,0,0,0,0,0,0,0,0,0,0,0,0,0,0,0,0,0,0,0,0,0,0,0,0,0
"9364df2e1c464248c4210efd2a5a939e",0,0,0,0,0,0.00616123964141585,0,0,0,0,0,0,0,0,0,0,0,0,0,0,0,0,0,0,0,0,0,0,0
"f84aa5ec0c6a8702f634b0fed4bb56e0",0.00689649684485269,0,0,0,0,0,0,0,0,0,0,0,0,0,0,0,0,0,0,0,0,0,0,0,0,0,0,0,0
"2e380222b4128117ac8a61f1e8c13ada",0.000265249878648181,0,0,0,0,0,0,0,0,0,0,0,0,0,0,0,0,0,0,0,0,0,0,0,0,0,0,0,0
"2f94ec758afccdb570dcc9fd5080e5c4",0.00424399805837089,0,0,0,0,0,0,0,0,0,0,0,0,0,0,0,0,0,0,0,0,0,0,0,0,0,0,0,0
"3c2d4903b3df0132b4a1d9a9b20ea45d",0.0013262493932409,0,0,0,0,0,0,0,0,0,0,0,0,0,0,0,0,0,0,0,0,0,0,0,0,0,0,0,0
"36e38981bc99d5d7fdd5959ca41f6313",0.113792197940069,0,0,0,0,0,0,0,0,0.00105566522744307,0,0.0135611608353675,0.00180080676142912,0,0.00356613032066644,0,0.00485034006273106,0.0193728724434727,0.00197376026707796,0,0,0,0.00207321560924032,0,0.000775646258767227,0,0,0,0
"638fc32ab42e9e47ae41e2aad6572cc9",0.00689649684485269,0.00189590916970012,0,0,0,0,0,0,0,0,0,0,0,0,0,0,0,0,0,0,0,0,0,0,0,0,0,0,0
"930364fee1f4684984efec7eacc41f85",0.00610074720890815,0,0,0,0,0,0,0,0,0,0,0,0,0,0,0,0,0,0,0,0,0,0,0,0,0,0,0,0
"9556ed629add12bf69d350023ce028dd",0,0,0,0,0,0,0,0,0,0,0,0,0,0,0,0,0,0,0,0,0,0.00133570495168087,0.00233236756039536,0,0,0,0,0,0
"b1f59336f531943ed373eb155f8380ea",0.00875324599538996,0,0,0,0,0,0,0,0,0,0,0,0,0,0,0,0,0,0,0,0,0,0,0,0,0,0,0,0
"344b8fcfc08a17bb7443c1ad11ea3151",0.116709946605199,0,0,0,0,0.0924185946212378,0,0,0,0.00253359654586338,0,0,0.00160071712127033,0,0,0.0141232963773745,0.00323356004182071,0,0,0,0,0.00289402739530856,0.00621964682772097,0,0,0,0.00110780527948345,0,0
"85f6db727b9f9f28fa57d33177a6f386",0.0366044832534489,0,0,0,0,0.0523705369520348,0,0,0,0,0,0,0,0,0,0,0,0,0,0,0,0,0,0,0,0,0,0,0
"0f97c220b579e7f247036ed1adce5afc",0.00503974769431543,0,0,0,0,0,0,0,0,0,0,0,0,0,0,0,0,0,0,0,0,0,0,0,0,0,0,0,0
"45d5fa1bed1dc5a9ecf8c62ff7ebbdd1",0.00318299854377817,0,0,0,0,0,0,0,0,0,0,0,0,0,0,0,0,0,0,0,0,0,0,0,0,0,0,0,0
"c17efdeaa645dec7b8f314690d1b9160",0.00583549733025997,0,0,0,0,0,0,0,0,0,0,0,0,0,0,0,0,0,0,0,0,0,0,0,0,0,0,0,0
"aa994f6ce33aa806c707bdc34ef908ef",0.0273207375007626,0,0,0,0,0.0338868180277872,0,0,0,0,0,0,0,0,0,0,0,0,0,0,0,0,0,0,0,0,0,0,0
"a9d3a8d7e6ab34f69fa91fcce8bda39f",0,0,0,0,0,0,0,0,0,0,0,0,0,0,0,0,0,0,0.00281965752439709,0,0,0.00601067228256393,0.0051830390231008,0.00531644957830889,0.00155129251753445,0,0,0,0
"fa6189d828a79eb80234db2985c10e19",0.0198937408986135,0,0,0,0,0,0,0,0,0,0,0,0,0,0,0,0,0,0,0,0,0,0,0,0,0,0,0,0
"fab2c4c54cd5034675223cf06e3eb8c2",0.00424399805837089,0,0,0,0,0,0,0,0,0,0,0,0,0,0,0,0,0,0,0,0,0,0,0,0,0,0,0,0
"5c9352f85a03deadbc046bcced83740a",0.00689649684485269,0,0,0,0,0,0,0,0,0,0,0,0,0,0,0,0,0,0,0,0,0,0,0,0,0,0,0,0
"3f82999a4623343cbba40859d44329b0",0.0204242406559099,0,0,0,0,0.0369674378484951,0,0,0,0,0,0,0,0,0,0,0,0,0,0,0,0,0,0,0,0,0,0,0
"6b68ebbc9e9e8d26fa7018cf163d4848",0.0628642212396188,0,0,0,0,0,0,0,0,0,0,0,0,0,0,0,0,0,0,0,0,0,0,0,0,0,0,0,0
"e5fff5f0be6594cb84ed47a5b16ee2bd",0,0.000812532501300052,0,0,0,0,0,0,0,0,0,0,0,0,0,0,0,0,0,0,0,0,0,0,0,0,0,0,0
"84e4f817f54ee2f5785d8caa8c371879",0.00689649684485269,0,0,0,0,0,0,0,0,0,0,0,0,0,0,0,0,0,0,0,0,0,0,0,0,0,0,0,0
"46636732082e8b359502809c48875633",0.0270554876221144,0,0,0,0,0,0,0,0,0,0,0,0,0,0,0,0,0,0,0,0,0,0,0,0,0,0,0,0
"5d55d069c4109b5fc7cd290e947e5c8e",0.00291774866512999,0,0,0,0,0,0,0,0,0,0,0,0,0,0,0,0,0,0,0,0,0,0,0,0,0,0,0,0
"bc15f0e20879b79188fa5ea9e191428c",0.23474614260364,0,0,0,0,0.0462092973106189,0,0,0,0,0,0,0,0,0,0,0,0,0,0,0,0,0,0,0,0,0,0,0
"8ac7ad6e4b6501eb143d97f10bcc2b6d",0.0116709946605199,0,0,0,0,0,0,0,0,0,0,0,0,0,0,0,0,0,0,0,0,0,0,0,0,0,0,0,0
"15d96e4d97ef38ceedf0ad18f07e0240",0.0122014944178163,0,0.00130757697269779,0,0,0,0,0,0,0,0,0,0,0,0,0,0,0,0,0,0,0,0,0,0,0,0,0,0
"ad922999ec6a8228be4358e848e86bc2",0.101590703522253,0,0,0,0,0,0,0,0,0,0,0,0,0,0,0,0,0,0,0,0,0,0,0,0,0,0,0,0
"68bb557729fb17fa6cf8426461cb3d96",0.00265249878648181,0,0,0,0,0,0,0,0,0,0,0,0,0,0,0,0,0,0,0,0,0,0,0,0,0,0,0,0
"dcc3c223f6007f2b75ad31366a34a983",0.0129972440537608,0,0,0,0,0,0,0,0,0,0,0,0,0,0,0,0,0,0,0,0,0,0,0,0,0,0,0,0
"b9daacd0e5fb8ea4e35fc84e8a40253e",0,0,0,0,0,0,0,0,0,0.00443379395526091,0,0,0.00280125496222308,0.00957609805924413,0.00106983909619993,0,0,0,0,0,0,0,0,0,0,0,0.000474773691207191,0,0
"118852b957010ee00ae4dbb8665ad57e",0.0217504900491508,0,0,0,0,0,0,0,0,0,0,0,0,0,0,0,0,0,0,0,0,0,0,0,0,0,0,0,0
"8027ffc215349056379fe132f318a66a",0.0013262493932409,0,0,0,0,0,0,0,0,0,0,0,0,0,0,0,0,0,0,0,0,0,0,0,0,0,0,0,0
"fb9d8df11e01ae4c33acac6db5a518b8",0.0827579621382323,0,0,0,0,0.0215643387449555,0,0,0,0,0,0,0,0,0,0,0,0,0,0,0,0,0,0,0,0,0,0,0
"1533932a1509abc329353a9d98d3f519",0.00238724890783362,0,0,0,0,0,0,0,0,0,0,0,0,0,0,0,0,0,0,0,0,0,0,0,0,0,0,0,0
"655bd7b8d2c8ee0e717f8d77d47693b7",0.00848799611674178,0,0,0,0,0,0,0,0,0,0,0,0,0,0,0,0,0,0,0,0,0,0,0,0,0,0,0,0
"14816bf58b22a8172bb1d6a7f78f06f2",0.00344824842242635,0,0,0,0,0,0,0,0,0,0,0,0,0,0,0,0,0,0,0,0,0,0,0,0,0,0,0,0
"4e9f7176de6f2af840aa8a369a060705",0.0129972440537608,0,0.00501237839534154,0,0,0,0,0,0,0,0.0197110917128939,0,0.00500224100396978,0,0.0156909734109323,0,0.0070060467572782,0,0,0,0,0,0,0,0,0,0,0,0
"18ad5983778a83a204dd34420be14f74",0,0,0,0,0,0,0,0,0,0,0,0,0,0,0,0,0,0,0,0,0,0.0211486617349472,0.00829286243696129,0,0,0,0,0,0
"3679eb1918d142d7e468ea32c2f42595",0.0209547404132063,0.0046043508407003,0.0146012761951254,0.00095812238672119,0,0.0338868180277872,0,0,0,0.0215355706398387,0,0.155953349606726,0.157670636445127,0.210674157303371,0.160119251397923,0.120048019207683,0.0781443676773338,0.0802590429801013,0.0637242600513742,0.0496539738695963,0.119231618458821,0.0894922317626185,0.0953679180250548,0.0560643773712573,0.145821496648239,0.332236039990246,0.0514338165474457,0.0224284392609829,0.0189771325552709
"333f32bb3f9df5675182ceda88bba911",0,0,0,0,0,0,0,0,0,0,0,0,0,0,0,0,0,0,0.000563931504879417,0,0,0,0,0,0,0,0,0,0
"74316f0e658505498c0bd04393736a67",0.00848799611674178,0,0,0,0,0,0,0,0,0.00253359654586338,0,0,0.00700313740555769,0,0.0135512952185325,0,0.00485034006273106,0,0,0,0,0.00512020231477668,0.00310982341386048,0,0,0,0,0,0
"eb6a99a43cef2237af9b344c4df7f907",0.0140582435683536,0,0,0,0,0,0,0,0,0,0,0,0,0,0,0,0,0,0,0,0,0,0,0,0,0,0,0,0
"36a66f4e2ef60675b52417bd1ef5d23f",0,0,0,0,0,0,0,0,0,0,0,0,0,0,0,0,0,0,0,0,0,0,0,0,0,0.115825408436967,0.00284864214724315,0,0
"bc073931df610b4c23a592ffb53b2238",0,0,0,0.00114974686406543,0,0,0,0.000456299441945783,0,0.00190019740939753,0,0,0.000800358560635165,0,0,0,0,0,0,0,0,0,0,0,0,0,0,0,0
"882e0de9056d8d06c0973aa7b116e09e",0.00106099951459272,0,0.00174343596359706,0,0,0,0,0,0,0,0,0,0,0,0,0,0.00377248671545749,0,0,0,0,0,0,0,0,0,0,0,0
"b4900060b15cd3eab0697bdc00bfc33a",0,0,0.00152550646814742,0,0,0,0.000608046892576355,0,0,0.0014779313184203,0,0,0.0430192726341401,0.0510725229826353,0.00142645212826658,0,0,0,0,0,0,0,0,0,0,0.0274323335771763,0.000791289485345319,0,0
"799b0bb65eb8c35ce7d0cef4aec5004a",0,0,0,0,0,0,0,0,0,0,0.0168952214681947,0,0,0,0,0,0,0,0,0,0,0,0,0,0,0,0,0,0
"c74a800e896402acb88ee96173c56d80",0.00344824842242635,0,0,0,0,0,0,0,0,0,0,0,0,0,0,0,0,0,0,0,0,0,0,0,0,0,0,0,0
"d50903b75a954b0f707171e84a573a5f",0.00583549733025997,0,0,0,0,0,0,0,0,0.00506719309172675,0,0,0,0,0,0,0,0,0,0,0,0,0,0,0,0,0,0,0
"0f4c04cefd226f6854ad0fbc2a2de226",0,0,0,0,0,0,0,0.000912598883891565,0,0.180729886938254,0.0366063131810886,0.159343639815568,0.0548245614035088,0.191521961184883,0.0320951728859979,0.0317774168490926,0.0479644739536739,0.0387457448869455,0.020301534175659,0.0279303603016479,0.0176639434753809,0.0353961812195431,0.0277292587735893,0.0273072182885865,0.0127981632696592,0,0.00617205798569349,0,0
"f0d7520dbce45f569febe00205e8e9f7",0,0,0,0,0,0,0.000608046892576355,0,0,0,0,0,0,0,0,0,0,0,0,0,0,0,0,0,0,0,0,0,0
"405648482a348320fe4470fddebb64c6",0.26100588058981,0.000812532501300052,0,0,0,0,0,0,0,0,0,0,0,0,0,0,0,0,0,0,0,0,0,0,0,0,0,0,0
"c21569e136028113fff8cb7f4f825cd4",0.00212199902918544,0,0,0,0,0,0,0,0,0,0,0,0,0,0,0,0,0,0,0,0,0,0,0,0,0,0,0,0
"8b42e63e1fe8e14326fe559f8a2cce81",0.0151192430829463,0,0,0,0,0.0215643387449555,0,0,0,0,0,0,0,0,0,0,0,0,0,0,0,0,0,0,0,0,0,0,0
"ab3f4972f2d36d75c060ccd1bf1c534c",0,0,0,0,0,0.0123224792828317,0,0,0,0,0,0,0,0,0,0,0,0,0,0,0,0,0,0,0,0,0,0,0
"2e009092df813643f303457c87387ced",0.027851237258059,0,0,0,0,0,0,0,0,0,0,0,0,0,0,0,0,0,0,0,0,0,0,0,0,0,0,0,0
"0c293c4324023e0fc942ba2a40ef7f59",0.0233419893210399,0,0,0,0,0,0,0,0,0,0,0,0,0,0,0,0,0,0,0,0,0,0,0,0,0,0,0,0
"c99bcc4ed3b2887c914e9faf48d63e3f",0.0941637069201041,0,0,0,0,0,0,0,0,0,0,0,0,0,0,0,0,0,0,0,0,0,0,0,0,0,0,0,0
"4ffb03b5c0bfc3fffc60057381aa071c",0.0175064919907799,0,0,0,0,0,0,0,0,0,0,0,0,0,0,0,0,0,0,0,0,0,0,0,0,0,0,0,0
"7bc40a9c22f90b2ce6c97edc8248f810",0.0137929936897054,0,0,0,0,0,0,0,0,0,0,0,0,0,0,0,0,0,0,0,0,0,0,0,0,0,0,0,0
"9d39b90a86fcc29202f4775515a05146",0.00503974769431543,0,0,0,0,0,0,0,0,0,0,0,0,0,0,0,0,0,0,0,0,0,0,0,0,0,0,0,0
"66d2801e670d80e47a383b655213cf55",0.00477449781566725,0,0,0,0,0,0,0,0,0,0,0,0,0,0,0,0,0,0,0,0,0,0,0,0,0,0,0,0
"7fac8337427d00be93052bce23925621",0,0,0,0,0,0.0184837189242476,0,0,0,0,0,0,0,0,0,0,0,0,0,0,0,0,0,0,0,0,0,0,0
"d28d9cd054df9e29c622b1ec1944d013",0.0127319941751127,0,0,0,0,0,0,0,0,0,0,0,0,0,0,0,0,0,0,0,0,0,0,0,0,0,0,0,0
"a2ea5245d83eba89a777bfc3af4e28a7",0.0100794953886309,0,0.00108964747724816,0,0,0.0338868180277872,0,0,0,0,0,0,0,0,0,0,0,0,0,0,0,0,0,0,0,0,0,0,0
"1db7fb888012089960006f42143c48af",0.0251987384715772,0,0,0,0,0,0,0,0,0,0,0,0,0,0,0,0,0,0,0,0,0,0,0,0,0,0,0,0
"fc91b1d6efa2d63ad830349556a06220",0.0164454924761872,0,0,0,0,0,0,0,0,0,0,0,0,0,0,0,0,0,0,0,0,0,0,0,0,0,0,0,0
"8cb7080de6341945037ef5d1e8e8593a",0.00716174672350087,0,0,0,0,0,0,0,0,0,0,0,0,0,0,0,0,0,0,0,0,0,0,0,0,0,0,0,0
"07f46149c04b861915fa32dc8104b022",0.00371349830107453,0,0,0,0,0,0,0,0,0,0,0,0,0,0,0,0,0,0,0,0,0,0,0,0,0,0,0,0
"3c6c6b674785246a706fea426f2f4dd9",0.0148539932042981,0,0,0,0,0.0154030991035396,0,0,0,0,0,0,0,0,0,0,0,0,0,0,0,0,0,0,0,0,0,0,0
"5b6d589e4b8374ae05953faf3e0ec415",0.0143234934470017,0,0,0,0,0,0,0,0,0,0,0,0,0,0,0,0,0,0,0,0,0,0,0,0,0,0,0,0
"d7fb1f4207f140fa88ee72eda98f8f29",0.00185674915053726,0,0,0,0,0,0,0,0,0,0,0,0,0,0,0,0,0,0,0,0,0,0,0,0,0,0,0,0
"5081262c6f6941b26ee33cafbc0a2c31",0.00318299854377817,0,0,0,0,0,0,0,0,0,0,0,0,0,0,0,0,0,0,0,0,0,0,0,0,0,0,0,0
"1a3a64b0c16fb7daa275ec71dd81b701",0.00371349830107453,0,0,0,0,0,0,0,0,0,0,0,0,0,0,0,0,0,0,0,0,0,0,0,0,0,0,0,0
"8a4c692c01077fa5a93913725097b3bc",0.00371349830107453,0,0,0,0,0.0646930162348665,0,0,0,0.000844532181954459,0,0,0.00140062748111154,0,0.00178306516033322,0,0.00485034006273106,0,0.00112786300975883,0,0,0.00445234983893624,0.0012957597557752,0.0161910055339407,0.111499149697789,0.0762009266032675,0.0606127745774514,0.120552861027783,0
"b0aba9fc2245d2cb7e457364aa2205e4",0,0,0,0,0,0,0,0,0,0,0,0,0,0,0,0,0,0,0,0,0,0,0,0,0,0,0,0,0.0347914096846633
"d98dabbea4fe10de13ec5310782324e8",0,0,0,0,0,0,0,0,0,0,0,0,0,0,0,0,0,0,0,0,0,0,0,0,0,0,0.0307020320313984,0.0756959825058174,0.0759085302210836
"54211010aefd9707190f47101648a23c",0.00212199902918544,0,0,0,0,0,0,0,0,0,0,0,0,0,0,0,0,0,0,0,0,0,0,0,0.00426605442321975,0.0640087783467447,0,0,0
"5ed692eda11eb0a2b9db26ccfdc1eee7",0.00583549733025997,0,0,0,0,0,0,0,0,0,0,0,0,0,0,0,0,0,0,0,0,0,0,0,0,0,0,0,0
"3171ed747afcaa4f31b4048623c92223",0.00371349830107453,0,0,0,0,0,0,0,0,0,0,0,0,0,0,0,0,0,0,0,0,0,0,0,0,0,0,0,0
"05ced7360de47d5d168d5e800766013b",0.00503974769431543,0,0,0,0,0,0,0,0,0,0,0,0,0,0,0,0,0,0,0,0,0,0,0,0,0,0,0,0
"49c2b5d0aaf2ac8b0ee6cae5b6c5a8f4",0,0,0,0,0,0,0,0,0,0,0,0,0,0,0,0,0,0,0.00169179451463825,0,0,0.00578805479061712,0.00777455853465121,0.0036248519852106,0.00252085034099349,0.0091441111923921,0.00822941064759132,0,0
"717060b0d8c767aa2b031af9d99619dc",0.0013262493932409,0,0,0,0,0,0,0,0,0,0,0,0,0,0,0,0,0,0,0,0,0,0,0,0,0,0,0,0
"a3e5fd03d92b987205cf4bf9b1678aa4",0.00185674915053726,0,0,0,0,0,0,0,0,0,0,0,0,0,0,0,0,0,0,0,0,0,0,0,0,0,0,0,0
"114bc1da00dea879e58c42626058bb7e",0.0262597379861699,0,0.00108964747724816,0,0,0,0,0,0,0,0,0,0,0,0,0,0,0,0,0,0,0,0,0,0,0,0,0,0
"674620811839f7b3abae4475a2cbd1fd",0,0,0,0,0,0,0,0,0,0,0,0,0,0,0,0,0,0,0,0,0,0,0,0,0.00504170068198697,0,0,0,0
"c9a17300b01aca353abdbbc6283a4af0",0,0,0,0,0,0,0,0,0,0,0,0,0,0,0,0,0,0,0,0,0,0.00267140990336175,0.00181406365808528,0,0.00174520408222626,0,0.00189909476482877,0,0
"b6acd0e458ddc4258d7622929617346d",0.00318299854377817,0,0,0,0,0,0,0,0,0,0,0,0,0,0,0,0,0,0,0,0,0,0,0,0,0,0,0,0
"caafd6d1ef718ac1a2b7473f47d9340b",0.124136943207348,0,0,0,0,0.0616123964141585,0,0,0,0,0,0,0,0,0,0,0,0,0,0,0,0,0,0,0,0,0,0,0
"cc62bd14054a6830336f48d19ccb7fb7",0.00265249878648181,0,0,0,0,0,0,0,0,0,0,0,0,0,0,0,0,0,0,0,0,0,0,0,0,0,0,0,0
"749376b5f9975100a175a587f222e10e",0.0137929936897054,0,0,0,0,0,0,0,0,0,0,0,0,0,0,0,0,0,0,0,0,0,0,0,0,0,0,0,0
"96a7203e72563b1502356df04aa19f42",0.0095489956313345,0,0,0,0,0,0,0,0,0.0014779313184203,0,0,0,0,0,0,0,0,0,0,0,0,0,0,0,0,0,0,0
"e9300c9ad8d48efb516b90fddffeff2e",0.00503974769431543,0,0,0,0,0,0,0,0,0,0,0,0,0,0,0,0,0,0,0,0,0,0,0,0,0,0,0,0
"be2e14e36e0980340c6a5106d0ebf887",0.00238724890783362,0,0,0,0,0,0,0,0,0,0,0,0,0,0,0,0,0,0,0,0,0,0,0,0,0,0,0,0
"dbecddfdb4c39e60616c3958d43cfc8e",0.0198937408986135,0,0,0,0,0.0523705369520348,0,0,0,0,0,0,0,0,0,0,0,0,0,0,0,0,0,0,0,0,0,0,0
"f898c7a8c566d0beb46d5448dde2387c",0,0,0,0,0,0,0,0,0,0,0,0,0,0,0,0,0,0,0.00535734929635446,0.0124134934673991,0,0.011798727073181,0.0186589404831629,0.00507479277929485,0.00213302721160987,0,0.0017408368677597,0,0
"d184ddaaff75a83d4d9ce5566685f125",0.0082227462380936,0,0,0,0,0,0,0,0,0,0,0,0,0,0,0,0,0,0,0,0,0,0,0,0,0,0,0,0
"f453adbb26cf3d1efef5c3629bbf654d",0.00450924793701907,0,0,0,0,0,0,0,0,0,0,0,0,0,0,0,0,0,0,0,0,0,0,0,0,0,0,0,0
"39659b19934674c9db5c39d3b6a3b066",0.00371349830107453,0,0,0,0,0,0,0,0,0,0,0,0,0,0,0,0,0,0,0,0,0,0,0,0,0,0,0,0
"5168bf777455dc70f1c34ec41bad296e",0,0.00216675333680014,0,0,0,0,0,0,0,0,0,0,0,0,0,0,0,0,0,0,0,0,0,0,0,0,0,0,0
"96e13bb8e776c83458e2b282cd3e44e0",0.00424399805837089,0,0,0,0,0,0,0,0,0,0,0,0,0,0,0,0,0,0,0,0,0,0,0,0,0,0,0,0
"577b654e3e1b48fbee0cbfa7a210cbfa",0.00212199902918544,0,0,0,0,0,0,0,0,0,0,0,0,0,0,0,0,0,0,0,0,0,0,0,0,0,0,0,0
"68a7e86d20300d64c5acb88a9021e2f4",0.00636599708755633,0,0,0,0,0,0,0,0,0,0,0,0,0,0,0,0,0,0,0,0,0,0,0,0,0,0,0,0
"8924705b2ac86db54622adeba1d6bba1",0.00371349830107453,0,0,0,0,0,0,0,0,0,0,0,0,0,0,0,0,0,0,0,0,0,0,0,0,0,0,0,0
"09383f3babfd32418e7ba07634680e12",0.089654458983085,0,0,0,0,0.0708542558762823,0,0,0,0,0.0563174048939825,0.027122321670735,0.0228102189781022,0.0287282941777324,0.0124814561223325,0.028246592754749,0.0220959936191082,0.0276755320621039,0.0332719587878856,0.0124134934673991,0.0706557739015235,0.234861454003887,0.528151676453972,0.137986032237017,0.0703898979831258,0.0396244818336991,0.00585554219155536,0,0.0126514217035139
"7ad290ae94d2ece8c7e76f06f4c89d34",0,0.000812532501300052,0,0.000191624477344238,0,0,0,0,0,0,0,0,0,0,0,0,0,0,0,0,0,0,0,0,0,0,0,0,0
"cb796d5e697b4835a8402bb23c894c15",0.000265249878648181,0,0,0,0,0,0,0,0,0,0,0,0,0,0,0,0,0,0.000845897257319126,0,0,0,0,0.000966627196056161,0,0,0,0,0
"52708c2cfa926ba9b2f69878c97cee2c",1.77054293997661,0.00650026001040042,0.00457651940444228,0.00249111820547509,0.025306205081486,0,0,0,0,0.00253359654586338,0,0,0.00260116532206428,0,0.00534919548099966,0,0,0,0,0,0,0.00645590726645755,0.00647879877887601,0,0.00232693877630168,0,0.00253212635310502,0,0
"dba7c05b3998a0053a7ebd17f124a3c0",0.00106099951459272,0,0,0,0,0,0,0,0,0,0,0,0,0,0,0,0,0,0,0,0,0,0,0,0,0,0,0,0
"0e4fb8a4429348304afe0d042e3cb39a",0.00106099951459272,0,0,0,0,0,0,0,0,0,0,0,0,0,0,0,0,0,0,0,0,0,0,0,0,0,0,0,0
"197c1736a92b42d2671a7ea927a9d7d8",0.24349938859903,0,0.00130757697269779,0,0,0,0,0,0,0,0,0,0,0,0,0,0,0,0,0,0,0,0,0,0,0,0,0,0
"626c469cde244cf9b780fe8a6e952018",0.0137929936897054,0,0,0,0,0,0,0,0,0,0,0,0,0,0,0,0,0,0,0,0,0,0,0,0,0,0,0,0
"82243ab47000b0bb9500a7f65bf04630",0.0167107423548354,0,0,0,0,0,0,0,0,0,0,0,0,0,0,0,0,0,0,0,0,0,0,0,0,0,0,0,0
"42ae4d6693b650ebbaac42e57113910e",0.00742699660214905,0,0,0,0,0,0,0,0,0,0,0,0,0,0,0,0,0,0,0,0,0,0,0,0,0,0,0,0
"831cff0214f7446fab90ddfedf7bfcee",0.00424399805837089,0,0,0,0,0,0,0,0,0,0,0,0,0,0,0,0,0,0,0,0,0,0,0,0,0,0,0,0
"8d8be8b2507c837431e2e91d5b78faa9",0.0127319941751127,0,0,0,0,0,0,0,0,0,0,0,0,0,0,0,0,0,0,0,0,0,0,0,0,0,0,0,0
"d940283de678b9ef93da553438afcd90",0.00424399805837089,0,0,0,0,0,0,0,0,0,0,0,0,0,0,0,0,0,0,0,0,0,0,0,0,0,0,0,0
"6b34b89a4a40e33a8f93fef4209c4a96",0.00212199902918544,0,0,0,0,0,0,0,0,0,0,0,0,0,0,0,0,0,0,0,0,0,0,0,0,0,0,0,0
"d4f7bcef485c713df58bef5a1ceac4b0",0.00291774866512999,0,0,0,0,0.0246449585656634,0,0,0,0,0,0,0,0,0,0,0,0,0,0,0,0,0,0,0,0,0,0,0
"7598baa4df34dca336e545f5477e2bdd",0.0013262493932409,0,0,0,0,0,0,0,0,0,0,0,0,0,0,0,0,0,0,0,0,0,0,0,0,0,0,0,0
"317bf3e8560b9ad24f7cb75c8fe0cd3e",0.0013262493932409,0,0,0,0,0,0,0,0,0,0,0,0,0,0,0,0,0,0,0,0,0,0,0,0,0,0,0,0
"c8222ef3d31112ff4823bdb94a7eae2b",0.00291774866512999,0,0,0,0,0,0,0,0,0,0,0,0,0,0,0,0,0,0,0,0,0,0,0,0,0,0,0,0
"c97b49b5849b709da91fb5f6f48cd9eb",0,0,0,0,0,0,0,0,0,0.000633399136465844,0,0,0.00280125496222308,0.0127681307456588,0.0106983909619993,0,0.0183235069036507,0.00830265961863117,0.0149441848793046,0.0093101201005493,0,0.00155832244362769,0.00181406365808528,0.00169159759309828,0,0,0,0,0
"cad52ca14fa05a300867ec1db2173600",0,0,0,0,0,0,0,0,0,0,0,0,0,0,0,0.0141232963773745,0,0,0,0,0,0,0,0,0,0,0,0,0
"a65a5fa6d26c4133ed7fb665dbaba532",0,0.000541688334200035,0.000435858990899264,0,0,0,0,0,0,0,0,0,0,0,0,0,0,0,0,0,0,0,0,0,0,0,0,0,0
"4ef65f8d7f7fe58651a459fc49390ba8",0.00185674915053726,0,0,0,0,0,0,0,0,0,0,0,0,0,0,0,0,0,0,0,0,0,0,0,0,0,0,0,0
"8a08f279c5533390e6b47c6969ed7d82",0.00397874817972271,0,0,0,0,0,0,0,0,0,0,0,0,0,0,0,0,0,0,0,0,0,0,0,0,0,0,0,0
"36a65735bd9508c5f7a66dc84dd3f8c6",0.00344824842242635,0,0,0,0,0,0,0,0,0,0,0,0,0,0,0,0,0,0,0,0,0,0,0,0,0,0,0,0
"1eb531d7f3ea89a9ead56eda443560cd",0,0,0,0,0,0,0,0,0,0,0,0,0,0,0,0,0.00215570669454714,0,0,0,0,0.00111308745973406,0,0,0.000193911564691807,0,0,0,0
"e8b184a091b069447aaa71429105e326",0.0127319941751127,0,0,0,0,0,0,0,0,0.0114011844563852,0,0,0.00280125496222308,0,0.00820209973753281,0,0,0,0.00253769177195738,0,0,0,0.0103660780462016,0.00410816558323868,0,0,0,0,0
"73bb9b389101bfbeafe2f0663fd53b50",0.00875324599538996,0,0,0,0,0,0,0,0,0,0,0,0,0,0,0,0,0,0,0,0,0,0,0,0,0,0,0,0
"b26eb5a5ca6820d220d5433b1cffa5e6",0,0,0,0,0,0.0862573549798219,0,0,0,0.0660846432379364,0.0591332751386816,0.0237320314618931,0.0128057369701626,0.0255362614913177,0.0217533949560653,0,0.0889229011500695,0.0802590429801013,0.0817700682075155,0.0651708407038451,0.114815632589976,0.0574353129222776,0.252154848473854,0.0548560933761871,0.0407214285852794,0.0396244818336991,0.0311768057226056,0.0364462137990973,0
"7b29e948451d2fdcce6d39ddc6c25520",0,0,0,0,0,0,0,0,0,0.00105566522744307,0,0,0.00880394416698681,0,0.00748887367339952,0.0423698891321234,0.0388027205018485,0,0.0473702464098711,0,0,0.0427425584537879,0.0787821931511322,0.017882603127039,0.00736863945828865,0,0,0,0
"1eac8ec4812f4ed7bfd8387a38bdba1f",0,0,0,0,0,0,0,0,0,0,0,0,0,0,0.000713226064133288,0,0.00215570669454714,0.00553510641242078,0,0,0,0,0,0,0,0,0,0,0
"121322a4bdcd6f088390c57de15de7ae",0.00530499757296361,0,0,0,0,0,0,0,0,0,0,0,0,0,0,0,0,0,0,0,0,0,0,0,0,0,0.00110780527948345,0,0
"322e95dcad281978b9f9a97b4bf2b743",0,0,0,0,0,0.0154030991035396,0,0,0,0,0,0,0,0,0,0,0,0,0,0,0,0,0,0,0,0,0,0,0
"75c43bd66f718ca75507ff5efd6e4ccb",0.00265249878648181,0,0,0,0,0,0,0,0,0,0,0,0,0,0,0,0,0,0,0,0,0,0,0,0,0,0,0,0
"7fc688c9e9ca5c649f8b9ef5ea7202e7",0,0,0,0,0,0.043128677489911,0,0,0,0,0,0,0,0,0,0,0,0,0,0,0,0,0,0,0,0,0,0,0
"a5a1519fb2b6c41d9cbc7937a35a9e32",0.00450924793701907,0,0,0,0,0,0,0,0,0,0,0,0,0,0,0,0,0,0,0,0,0,0,0,0,0,0,0,0
"e4738ae451a15c8bfd5229711b6b5361",0.00291774866512999,0,0,0,0,0,0,0,0,0,0,0,0,0,0,0,0,0,0,0,0,0,0,0,0,0,0,0,0
"ed541c87d5df87ae71fac96b59bc34aa",0.00265249878648181,0,0,0,0,0,0,0,0,0,0,0,0,0,0,0,0,0,0,0,0,0,0,0,0,0,0,0,0
"01b7b2f1ca2a80d06d14877e3b3a0182",0,0,0,0,0,0,0,0,0,0,0,0,0,0,0,0,0,0,0,0,0,0,0,0,0.000387823129383613,0,0,0,0
"14d87a227e9cbf80d583db1f6eaf48b4",0.0167107423548354,0,0,0,0,0,0,0,0,0,0,0,0,0,0,0,0,0,0,0,0,0,0,0,0,0,0,0,0
"83d1208a372f046a842442d3a156c435",0.0289122367726517,0,0,0,0,0,0,0,0,0,0,0,0,0,0,0,0,0,0,0,0,0,0,0,0,0,0,0,0
"7a8d2549f0a2623a5f45a138e85aedd0",0.0156497428402427,0,0,0,0,0,0,0,0,0,0,0,0,0,0,0,0,0,0,0,0,0,0,0,0,0,0,0,0
"9335b7a207b486ae9975e735cd30a814",0.125197942721941,0,0,0,0,0.135547272111149,0,0,0,0,0,0,0,0,0,0,0,0,0,0,0,0,0,0,0,0,0,0,0
"455b517d5e3be97a7c74805de5f26850",0.013262493932409,0,0,0,0,0,0,0,0,0,0,0,0,0,0,0,0,0,0,0,0,0,0,0,0,0,0,0,0
"9764c052d988e3b900a8df7208a2a245",0,0.000812532501300052,0,0,0,0,0,0,0,0,0,0,0,0,0,0,0,0,0,0,0,0,0,0,0,0,0,0,0
"26ef86afa44dbbdebbae8f35e590f52e",0.168964172698891,0,0.00174343596359706,0,0,0.0554511567727427,0,0,0,0,0,0,0,0,0,0,0,0,0,0,0,0,0,0,0,0,0,0,0
"0f645d7ab83eb9dd659b573e9abc0069",0.00371349830107453,0,0,0,0,0,0,0,0,0,0,0,0,0,0,0,0,0,0,0,0,0,0,0,0,0,0,0,0
"fd66678cf39f676cb57820da4a793b6f",0.0254639883502253,0,0,0,0,0.0338868180277872,0,0,0,0,0,0,0,0,0,0,0,0,0,0,0,0,0,0,0,0,0,0,0
"e57525faafab45f4f99be57ab69faabd",0.00371349830107453,0,0,0,0,0,0,0,0,0,0,0,0,0,0,0,0,0,0,0,0,0,0,0,0,0,0,0,0
"af652e408f0db93cc4846d6901a6ce37",0.00875324599538996,0,0,0,0,0,0,0,0,0,0,0,0,0,0,0,0,0,0,0,0,0,0,0,0,0,0,0,0
"b53ee4129079a6b4885428c4e2a408f9",0.00291774866512999,0,0,0,0,0,0,0,0,0,0,0,0,0,0,0,0,0,0,0,0,0,0,0,0,0,0,0,0
"ae89ff1c2542cc18bae68e862b05609c",0.00689649684485269,0,0,0,0,0,0,0,0,0,0,0,0,0,0,0,0,0,0,0,0,0,0,0,0,0,0,0,0
"d6ff6bbe079674401094c1a932da80ab",0.013262493932409,0,0,0,0,0,0,0,0,0,0,0,0,0,0,0,0,0,0,0,0,0,0,0,0,0,0,0,0
"6406af9ddc919e08f4d05e707fd141d4",0.00265249878648181,0,0,0,0,0,0,0,0,0,0,0,0,0,0,0,0,0,0,0,0,0,0,0,0,0,0,0,0
"a038f6f43c43cea3001e6db131286ab7",0.00212199902918544,0,0,0,0,0,0,0,0,0,0,0,0,0,0,0,0,0,0,0,0,0,0,0,0,0,0,0,0
"87e2bfb52174f1764d735f93e86017d3",0.0978772052211786,0,0,0,0,0,0,0,0,0,0,0,0,0,0,0,0,0,0,0,0,0,0,0,0,0,0,0,0
"46955cdee4a523b064ae2ab0d337deb8",0.00106099951459272,0,0,0,0,0,0,0,0,0,0,0,0,0,0,0,0,0,0,0,0,0,0,0,0,0,0,0,0
"499282a32d639ab44b7dc14af1e71965",0.00848799611674178,0,0,0,0,0,0,0,0,0,0,0,0,0,0,0,0,0,0,0,0,0,0,0,0,0,0,0,0
"af1a97638ae7817e6dc243cfe90ba23b",0.0795749635944542,0,0,0,0,0,0,0,0,0,0,0,0.00280125496222308,0,0.00106983909619993,0,0,0,0,0,0,0,0.00103660780462016,0.00193325439211232,0.0029086734703771,0,0.000633031588276255,0,0.00632571085175697
"076f9a4680cc7c0f8cee8a887ae40f4a",0.00424399805837089,0,0,0,0,0,0,0,0,0,0,0,0,0,0,0,0,0,0,0,0,0,0,0,0,0,0,0,0
"ea356eadfcbbc83181a30eade6da43f4",0.00291774866512999,0,0,0,0,0,0,0,0,0,0,0,0,0,0,0,0,0,0,0,0,0,0,0,0,0,0,0,0
"065a98742b20d730265fb45221fd34c4",0,0,0,0,0,0.0646930162348665,0,0,0,0,0,0,0,0,0,0,0,0,0,0,0,0,0,0,0,0,0,0,0
"1a5546dc8d08ba22cbc75f508edd0828",0.00557024745161179,0,0,0,0,0,0,0,0,0,0,0,0,0,0,0,0,0,0,0,0,0,0,0,0,0,0,0,0
"b923bc5d99ffa071df805bfb578547c4",0.0148539932042981,0,0,0,0,0,0,0,0,0,0,0,0,0,0,0,0,0,0,0,0,0,0,0,0,0,0,0,0
"c2a63e5593cc5d91688af8f3abd60f16",0.0270554876221144,0,0,0,0,0.0677736360555744,0,0,0,0,0,0,0,0,0,0,0,0,0,0,0,0,0,0,0,0,0,0,0
"a3cb77034e3171f38574be30d580d64e",0.00238724890783362,0,0,0,0,0,0,0,0,0,0,0,0,0,0,0,0,0,0,0,0,0,0,0,0,0,0,0,0
"316a647c6d79dda84bd598e67148ca47",0.00265249878648181,0,0,0,0,0,0,0,0,0,0,0,0,0,0,0,0,0,0,0,0,0,0,0,0,0,0,0,0
"8e6aad6b74b9b6601b06801e804b3ab3",0.0347477341029116,0,0,0,0,0,0,0,0,0,0,0,0,0,0,0,0,0,0,0,0,0,0,0,0,0,0,0,0
"0ce454899698457894ff03330870f380",0.0265249878648181,0,0,0,0,0,0,0,0,0,0,0,0,0,0,0,0,0,0,0,0,0,0,0,0,0,0,0,0
"5bfd0607c1130b2ea95261361ed0aaf1",0,0,0,0,0,0,0,0,0,0.00337812872781783,0,0,0,0,0,0,0,0,0,0,0,0,0,0,0,0,0,0,0
"1b928ac12dc87878c3c36113baa33d56",0.0450924793701907,0,0,0,0,0.0369674378484951,0,0,0,0,0,0,0,0,0,0,0,0,0,0,0,0,0,0,0,0,0,0,0
"48ca5b4f7cb58d4a146837de341a2604",0.175330169786447,0,0.00217929495449632,0,0,0.351190659560704,0,0,0,0,0,0,0,0,0,0,0,0,0,0,0,0,0,0,0,0,0,0,0
"0ea9d792852d38833646e0b5bf48cc0f",0,0,0,0,0,0.0338868180277872,0,0,0,0,0,0,0,0,0,0,0,0,0,0,0,0,0,0,0,0,0,0,0
"7f52ee67403fedcc4a7ddae34cd0e7a4",0.00424399805837089,0,0,0,0,0,0,0,0,0,0,0,0,0,0,0,0,0,0,0,0,0,0,0,0,0,0,0,0
"ad093ee4a3c24932837db32cf7007813",0.0106099951459272,0,0,0,0,0.107821693724777,0,0,0,0,0,0,0,0,0,0,0,0,0,0,0,0,0,0,0,0,0,0,0
"518fef19dd285b8a7bfa02d31a2290a5",0.00689649684485269,0,0,0,0,0,0,0,0,0,0,0,0,0,0,0,0,0,0,0,0,0,0,0,0,0,0,0,0
"8e9415fb1edc2f6f3ccda52f97761c01",0.0432357302196534,0,0,0,0,0,0,0,0,0,0,0,0,0,0,0,0,0,0,0,0,0,0,0,0,0,0,0,0
"b0ec891a9cead40f58935f40fa9a1b9a",0.00344824842242635,0,0,0,0,0,0,0,0,0,0,0,0,0,0,0,0,0,0,0,0,0,0,0,0,0,0,0,0
"70587a5848f80e8639f9bb824c9236fa",0.00875324599538996,0,0,0,0,0,0,0,0,0,0,0,0,0,0,0,0,0,0,0,0,0,0,0,0,0,0,0,0
"65c647ffd0330aa88c24b8bf7674e6c7",0.0180369917480763,0,0,0,0,0,0,0,0,0,0,0,0,0,0,0,0,0,0,0,0,0,0,0,0,0,0,0,0
"a7c8ce74f4fdc4ec58c5c54c9b1fda2a",0.00291774866512999,0,0,0,0,0,0,0,0,0,0,0,0,0,0,0,0,0,0,0,0,0,0,0,0,0,0,0,0
"dc8f5ffb4f5fe578b41f078fe854247c",0.00265249878648181,0,0,0,0,0,0,0,0,0,0,0,0,0,0,0,0,0,0,0,0,0,0,0,0,0,0,0,0
"62582dc1dc0a4de7a816d608c479fb4a",0,0,0,0,0,0.0277255783863713,0,0,0,0,0,0,0,0,0,0,0,0,0,0,0,0,0,0,0,0,0,0,0
"3b57ddd9849252e883213b71bb3c2f17",0.00159149927188908,0,0,0,0,0,0,0,0,0,0,0,0,0,0,0,0,0,0,0,0,0,0,0,0,0,0,0,0
"e35f22c3fc20c83f43ae3892a6f974b2",0.00212199902918544,0,0,0,0,0,0,0,0,0,0,0,0,0,0,0,0,0,0,0,0,0,0,0,0,0,0,0,0
"64726048843aad3c93d620cd9e0479ad",0.00106099951459272,0,0,0,0,0,0,0,0,0,0,0,0,0,0,0,0,0,0,0,0,0,0,0,0,0,0,0,0
"8afde037c611bdd1b53997b0f6b4dd7a",0.0286469868940035,0,0,0,0,0,0,0,0,0,0,0,0,0,0,0,0,0,0,0,0,0,0,0,0,0,0,0,0
"be817fedc78d38052d17146829adb06d",0.0217504900491508,0,0,0,0,0,0,0,0,0,0,0,0,0,0,0,0,0,0,0,0,0,0,0,0,0,0,0,0
"92862fbe6ff344c8964156b2a0b424cc",0.00424399805837089,0,0,0,0,0,0,0,0,0,0,0,0,0,0,0,0,0,0,0,0,0,0,0,0,0,0,0,0
"e61e6021af25969dd347b921fc6389a4",0.000530499757296361,0.0016250650026001,0.00762753234073712,0.00229949372813086,0.012653102540743,0,0.000810729190101807,0.000912598883891565,0,0,0,0,0.00120053784095275,0,0,0,0,0,0,0,0,0,0,0.000724970397042121,0,0,0,0,0
"26c822a9da99f48bc5eabddbeda2a1e8",0.00318299854377817,0,0,0,0,0,0,0,0,0,0,0,0,0,0,0,0,0,0,0,0,0,0,0,0,0,0,0,0
"36f3b6d6951a802a6906a07bed8168bb",0.00610074720890815,0,0,0,0,0,0,0,0,0,0,0,0,0,0,0,0,0,0,0,0,0,0,0,0,0,0,0,0
"ad7b37d7259f65ae5d2d898c539a6297",0.0143234934470017,0.00108337666840007,0,0,0,0,0,0,0,0,0,0,0,0,0,0,0,0,0,0,0,0,0,0,0,0,0,0,0
"bf5493457f0a16552a432f4bbf9330f3",0.000530499757296361,0,0,0,0,0,0,0,0,0,0,0,0,0,0,0,0,0,0,0,0,0,0,0,0,0,0,0,0
"44d199fe6af5278159ea5f9943993fd3",0.000795749635944542,0,0,0,0,0,0,0,0,0,0,0,0,0,0,0,0,0,0,0,0,0,0,0,0,0,0,0,0
"94fc0eb5f4d613c2766734c28a5f1a9f",0.000530499757296361,0,0,0,0,0,0,0,0,0,0,0,0,0,0,0,0,0,0,0,0,0,0,0,0,0,0,0,0
"bfc04a7e7b744ab56306075ef236d753",0.000530499757296361,0,0,0,0,0,0,0,0,0,0,0,0,0,0,0,0,0,0,0,0,0,0,0,0,0,0,0,0
"b2fb53987643b4f865fb0a5912ee1071",0.00106099951459272,0,0,0,0,0,0,0,0,0,0,0,0,0,0,0,0,0,0,0,0,0,0,0,0,0,0,0,0
"2c76f558846fa9aa57c59ddacefeacb2",0.0196284910199654,0,0,0,0,0,0,0,0,0,0,0,0,0,0,0,0,0,0,0,0,0,0,0,0,0,0,0,0
"df24931eef177828ec0d0b347ec6cf02",0.00450924793701907,0,0,0,0,0,0,0,0,0,0,0,0,0,0,0,0,0,0,0,0,0,0,0,0,0,0,0,0
"eca00dcc9a01255b6cb66fbd5b3bd285",0.14137818531948,0,0,0,0,0,0,0,0,0,0,0,0,0,0,0,0,0,0,0,0,0,0,0,0,0,0,0,0
"9b07d0a34ae911d20d9f7d8d4f7ee676",0.000530499757296361,0,0,0,0,0,0,0,0,0,0,0,0,0,0,0,0,0,0,0,0,0,0,0,0,0,0,0,0
"6a639263c07c310881a6085392276536",0.0108752450245754,0,0,0,0,0,0,0,0,0,0,0,0,0,0,0,0,0,0,0,0,0,0,0,0,0,0,0,0
"1f42391a983ba3af940e541d110a8432",0.00344824842242635,0,0,0,0,0,0,0,0,0,0,0,0,0,0,0,0,0,0,0,0,0,0,0,0,0,0,0,0
"608bdffdf9263f1b123d069d10e69f9a",0.00397874817972271,0,0,0,0,0,0,0,0,0,0,0,0,0,0,0,0,0,0,0,0,0,0,0,0,0,0,0,0
"c2baae149e8c7b36f47fe4bf2356f1f7",0.00716174672350087,0,0,0,0,0,0,0,0,0,0,0,0,0,0,0,0,0,0,0,0,0,0,0,0,0,0,0,0
"a012a92141e089dd0e178bc46889f8bd",0.00689649684485269,0,0,0,0,0,0,0,0,0,0,0,0,0,0,0,0,0,0,0,0,0,0,0,0,0,0,0,0
"9f4c3d76158212d20d1239263d545546",0.000795749635944542,0,0,0,0,0,0,0,0,0,0,0,0,0,0,0,0,0,0,0,0,0,0,0,0,0,0,0,0
"46bd23bd0fd9dba10f345fa125cfcb81",0.00981424550998268,0,0,0,0,0,0,0,0,0,0,0,0,0,0,0,0,0,0,0,0,0,0,0,0,0,0,0,0
"f91fb95263a6d30aad8042fa60f3d62e",0.00185674915053726,0,0,0,0,0,0,0,0,0,0,0,0,0,0,0,0,0,0,0,0,0,0,0,0,0,0,0,0
"72c6706063e2325bd12c28ea8b23e872",0.0114057447818718,0,0,0,0,0,0,0,0,0,0,0,0,0,0,0,0,0,0,0,0,0,0,0,0,0,0,0,0
"03a6a6d84a7be4b11b6467c91ca79d57",0,0,0,0,0,0,0,0,0,0,0,0.105098996474098,0.00380170316301703,0.11491317671093,0.00855871276959945,0,0.0123953134936461,0.0166053192372623,0,0,0,0,0,0,0.00155129251753445,0,0,0,0
"00b31ea747aed535c930a3fb84d039e0",0,0,0,0,0,0,0,0,0,0,0,0,0,0,0,0.0105924722830309,0,0,0,0,0,0,0,0,0,0,0,0,0
"02541e05438ebd6cd913200972ef5e4b",0.0095489956313345,0,0,0,0,0,0,0,0,0.00168906436390892,0,0,0.000600268920476373,0.0127681307456588,0.00320951728859979,0,0,0,0.00225572601951767,0,0,0,0,0.00193325439211232,0,0,0,0,0
"6e252cae9e8ff5755e0cfa5c52a78beb",0,0,0,0,0,0,0,0,0,0,0,0,0,0,0,0,0.00161678002091035,0,0,0,0,0,0,0,0,0,0,0,0
"76ef356d895e6434580f18ab74a63e6c",0.430235303167349,0.000812532501300052,0.00174343596359706,0,0.0101224820325944,0,0,0,0,0.000633399136465844,0,0,0.00100044820079396,0,0.00178306516033322,0,0,0,0.00197376026707796,0,0,0.00222617491946812,0.0025915195115504,0,0,0,0.000474773691207191,0,0
"54e2ac902f306ae27ca844f44be5b425",0,0,0,0,0,0,0,0,0,0,0,0,0,0,0,0,0,0,0,0,0,0,0,0.000966627196056161,0,0,0,0,0
"822e596ebee53d4dcd5ffe3e26ec43d4",0.00344824842242635,0,0,0,0,0,0,0,0,0,0,0,0,0,0,0,0,0,0,0,0,0,0,0,0,0,0,0,0
"b8299c90e4c775b18c1c5ff6d23ad616",0,0,0,0,0,0,0,0,0,0,0,0,0,0,0,0,0,0,0,0,0,0,0,0.00144994079408424,0.000969557823459033,0.0060960741282614,0.00712160536810787,0,0.00632571085175697
"8f9f1230951b3b3b3d3fb12aa4ed0e8e",0.000795749635944542,0,0,0,0,0,0,0,0,0,0,0,0,0,0,0,0,0,0,0,0,0,0,0,0,0,0,0,0
"3faa67bb59d09a9a52decfdd672ebd37",0,0.0016250650026001,0,0,0,0,0.00101341148762726,0,0,0,0,0,0,0,0,0,0,0,0,0,0,0,0,0,0,0,0,0,0
"065262b748557031f638872e76923c72",0,0,0,0,0,0,0,0,0,0,0,0,0,0,0,0,0,0,0.000845897257319126,0,0,0.00133570495168087,0.00207321560924032,0.000724970397042121,0,0,0.000633031588276255,0,0
"848451a3853d056f1b0b123b39ebf894",0.0106099951459272,0,0,0,0,0,0,0,0,0,0,0,0,0,0,0,0,0,0,0,0,0,0,0,0,0,0,0,0
"8933321e7dbdf47e55a1ec83a6517e09",0.00238724890783362,0,0,0,0,0,0,0,0,0,0,0,0,0,0,0,0,0,0,0,0,0,0,0,0,0,0,0,0
"06894625cc4725640c9c1bba0d9aefc8",0.0201589907772617,0,0,0,0,0,0,0,0,0,0,0,0,0,0,0,0,0,0,0,0,0,0,0,0,0,0,0,0
"c1e12e70c3095cd1b1091f534242abd3",0.00503974769431543,0,0,0,0,0,0,0,0,0,0,0,0,0,0,0,0,0,0,0,0,0,0,0,0,0,0,0,0
"2fed8fd06ed0e104347eb07daed78c31",0.00371349830107453,0,0,0,0,0,0,0,0,0,0,0,0,0,0,0,0,0,0,0,0,0,0,0,0,0,0,0,0
"d2a551b8b71579fa1fd9e5d22100b8ee",0.00185674915053726,0,0,0,0,0,0,0,0,0,0,0,0,0,0,0,0,0,0,0,0,0,0,0,0,0,0,0,0
"8eb15ec6f1ac1ddc6a0ded81065b9e3d",0.0013262493932409,0,0,0,0,0,0,0,0,0,0,0,0,0,0,0,0,0,0,0,0,0,0,0,0,0,0,0,0
"4494286141014de25140c094cc5626ec",0.00159149927188908,0,0,0,0,0,0,0,0,0,0,0,0,0,0,0,0,0,0,0,0,0,0,0,0,0,0,0,0
"5d022d2abb20ba3874d08d23862090fd",0,0,0,0,0,0.00924185946212378,0,0,0,0,0,0,0,0,0,0,0,0,0,0,0,0,0,0,0,0,0,0,0
"a8a9d607d1fd5c585c10030c8d307947",0.00159149927188908,0,0,0,0,0,0,0,0,0,0,0,0,0,0,0,0,0,0,0,0,0,0,0,0,0,0,0,0
"961f6d44b23ea979c84941c71bf7da7c",0.00185674915053726,0,0,0,0,0,0,0,0,0,0,0,0,0,0,0,0,0,0,0,0,0,0,0,0,0,0,0,0
"d0282de15fd06b64876273663703c3b5",0.00106099951459272,0,0,0,0,0,0,0,0,0,0,0,0,0,0,0,0,0,0,0,0,0,0,0,0,0,0,0,0
"d01bebdf4a5ff05dd53dc30d65556f60",0.00106099951459272,0,0,0,0,0,0,0,0,0,0,0,0,0,0,0,0,0,0,0,0,0,0,0,0,0,0,0,0
"12d48d4e5b03a44eb1e1c7c2bb216348",0.00397874817972271,0,0,0,0,0,0,0,0,0,0,0,0,0,0,0,0,0,0,0,0,0,0,0,0,0,0,0,0
"725fa7e245b8733a5fc9a4224886b669",0.00689649684485269,0,0,0,0,0,0,0,0,0,0,0,0,0,0,0,0,0,0,0,0,0,0,0,0,0,0,0,0
"3d20b16bfe9d7734e33948f1f8eacf77",0,0,0,0,0,0.0369674378484951,0,0,0,0,0,0,0,0,0,0,0,0,0,0,0,0,0,0,0,0,0,0,0
"a0ecf69202e62fe969206ad4b1445b61",0.0177717418694281,0,0,0,0,0,0,0,0,0,0,0,0,0,0,0,0,0,0,0,0,0,0,0,0,0,0,0,0
"f4dd561d786dd46b9cb84eab6594d632",0.00530499757296361,0,0,0,0,0,0,0,0,0,0,0,0,0,0,0,0,0,0,0,0,0,0,0,0,0,0,0,0
"e94618b44f9856c9a2151cab1800a460",0.244560388113622,0,0,0,0,0,0,0,0,0,0,0,0,0,0,0,0,0,0,0,0,0,0,0,0,0,0,0,0
"ec3fc3f61c2e9c1a7f32bc622801ac2c",0.0169759922334836,0,0,0,0,0,0,0,0,0,0,0,0,0,0,0,0,0,0,0,0,0,0,0,0,0,0,0,0
"5a6b977c954ab18d6904d6b9d48b871f",0.000530499757296361,0,0,0,0,0,0,0,0,0,0,0,0,0,0,0,0,0,0,0,0,0,0,0,0,0,0,0,0
"781af70eed8b17d285d44f49d836a48e",0.00424399805837089,0,0,0,0,0,0,0,0,0,0,0,0,0,0,0,0,0,0,0,0,0,0,0,0,0,0,0,0
"b87169030deed04dc4b504c53964ffbe",0.00503974769431543,0,0,0,0,0.0154030991035396,0,0,0,0,0,0,0,0,0,0,0,0,0,0,0,0,0,0,0,0,0,0,0
"5e08663561b972be66344edb87da4e3d",0.00318299854377817,0,0,0,0,0,0,0,0,0,0,0,0,0,0,0,0,0,0,0,0,0,0,0,0,0,0,0,0
"87046e29904457e4619c87f36ff133f0",0.00769224648079724,0,0,0,0,0,0,0,0,0.000422266090977229,0,0,0,0,0,0,0,0,0,0,0,0,0,0,0,0,0,0,0
"02304f5597c8b1982e18acf4d3756043",0.00159149927188908,0,0,0,0,0,0,0,0,0,0,0,0,0,0,0,0,0,0,0,0,0,0,0,0,0,0,0,0
"83ac555e466ac754139554eca9aec78b",0.000795749635944542,0,0,0,0,0,0,0,0,0,0,0,0,0,0,0,0,0,0,0,0,0,0,0,0,0,0,0,0
"110f5c1e92f18f2cdc7af78a035555a7",0.00424399805837089,0,0,0,0,0,0,0,0,0,0,0,0,0,0,0,0,0,0,0,0,0,0,0,0,0,0,0,0
"9e5f7d2247ac749d50a226417b3cd59b",0.00291774866512999,0,0,0,0,0,0,0,0,0,0,0,0,0,0,0,0,0,0,0,0,0,0,0,0,0,0,0,0
"e8a98ce984ee0d66515ea055e525930b",0.00450924793701907,0,0,0,0,0,0,0,0,0,0,0,0,0,0,0,0,0,0,0,0,0,0,0,0,0,0,0,0
"dc9abde9045aad6d17421519c6db9ca4",0.000530499757296361,0,0,0,0,0,0,0,0,0,0,0,0,0,0,0,0,0,0,0,0,0,0,0,0,0,0,0,0
"fd29bda0b56df34282a38393c8fbcbca",0.00742699660214905,0,0,0,0,0,0,0,0,0,0,0,0,0,0,0,0,0,0,0,0,0,0,0,0,0,0,0,0
"522ab1474c600e24c4f7e20404fa648c",0.00159149927188908,0,0,0,0,0,0,0,0,0,0,0,0,0,0,0,0,0,0,0,0,0,0,0,0,0,0,0,0
"772c51fc3d0fb2e1bcaeda2b528c17cc",0.00716174672350087,0,0,0,0,0,0,0,0,0,0,0,0,0,0,0,0,0,0,0,0,0,0,0,0,0,0,0,0
"341ffe203147e821ef8fc61a221e53eb",0.00450924793701907,0,0,0,0,0,0,0,0,0,0,0,0,0,0,0,0,0,0,0,0,0,0,0,0,0,0,0,0
"6e6058d4bc7844a5a6e5a8bddd480300",0.000795749635944542,0,0,0,0,0,0,0,0,0,0,0,0,0,0,0,0,0,0,0,0,0,0,0,0,0,0,0,0
"8b38bd6899a343b0bfa0c810e124a2c4",0,0,0,0,0,0.00616123964141585,0,0,0,0,0,0,0,0,0,0,0,0,0,0,0,0,0,0,0,0,0,0,0
"c68beead78f4f3b46f10ea9998c1bff7",0.00636599708755633,0,0,0,0,0,0,0,0,0,0,0,0,0,0,0,0,0,0,0,0,0,0,0,0,0,0,0,0
"89bd7c45f05c79d6fbb1fbda696d5bae",0.0262597379861699,0,0,0,0,0,0,0,0,0,0,0,0,0,0,0,0,0,0,0,0,0,0,0,0,0,0,0,0
"bdc8fef92da036b174e440badf20ae19",0.00583549733025997,0,0,0,0,0,0,0,0,0,0,0,0,0,0,0,0,0,0,0,0,0,0,0,0,0,0,0,0
"842ba3e9826daf645e7765f4bb0525be",0.00318299854377817,0,0,0,0,0,0,0,0,0,0,0,0,0,0,0,0,0,0,0,0,0,0,0,0,0,0,0,0
"eb39035aa8ec3916e81ca8fc6b2cbc00",0.00106099951459272,0,0,0,0,0,0,0,0,0,0,0,0,0,0,0,0,0,0,0,0,0,0,0,0,0,0,0,0
"7ede4b72fe5210d181d31d0161d8f153",0.013262493932409,0,0,0,0,0,0,0,0,0,0,0,0,0,0,0,0,0,0,0,0,0,0,0,0,0,0,0,0
"912c0c0d10313d835d3cd85636e51854",0.00583549733025997,0,0,0,0,0,0,0,0,0,0,0,0,0,0,0,0,0,0,0,0,0,0,0,0,0,0,0,0
"1ed95763454163d1938e3d2d3c082d23",0.00159149927188908,0,0,0,0,0,0,0,0,0,0,0,0,0,0,0,0,0,0,0,0,0,0,0,0,0,0,0,0
"1af6c9627463cd82e97a6b4ea183b12a",0,0,0,0,0,0.0338868180277872,0,0,0,0,0,0,0,0,0,0,0,0,0,0,0,0,0,0,0,0,0,0,0
"721bd76a3ab9dec41984c4ec32be845a",0.00185674915053726,0,0,0,0,0,0,0,0,0,0,0,0,0,0,0,0,0,0,0,0,0,0,0,0,0,0,0,0
"94979f1f99a94f739e3e4f3b449026c2",0,0,0,0,0,0.0123224792828317,0,0,0,0,0,0,0,0,0,0,0,0,0,0,0,0,0,0,0,0,0,0,0
"34f74c82bbd5954315b8ed382098d1c8",0.00159149927188908,0,0,0,0,0.0154030991035396,0,0,0,0,0,0,0,0,0,0,0,0,0,0,0,0,0,0,0,0,0,0,0
"e9e94fc2ed8a07e91e51f4bac68316c2",0.00106099951459272,0,0,0,0,0,0,0,0,0,0,0,0,0,0,0,0,0,0,0,0,0,0,0,0,0,0,0,0
"2c452b25c7f3c62be462d8f47ed179e3",0.0312994856804853,0,0,0,0,0.043128677489911,0,0,0,0.00274472959135199,0,0.0576349335503119,0.0374167627096939,0.0351123595505618,0.0980685838183271,0.123578843302027,0.121258501568277,0.146680319929151,0.0524456299537858,0.0093101201005493,0.0264959152130713,0.00422973234698943,0.0119209897531319,0.00894130156351949,0.00678690476421323,0.0274323335771763,0.0444704690764069,0.0532675432448345,0.0126514217035139
"9f9dc639a87edbd78a80205416ee2fd2",0,0,0,0,0,0.0369674378484951,0,0,0,0,0,0,0,0,0,0,0,0,0,0,0,0,0,0,0,0,0,0,0
"38907b8ef0546ef8dd587afd52a16f9c",0.00185674915053726,0,0,0,0,0,0,0,0,0,0,0,0,0,0,0,0,0,0,0,0,0,0,0,0,0,0,0,0
"0b3409f24cff7c6aaaf882bfd4dff493",0,0,0,0,0,0.0554511567727427,0,0,0,0,0,0,0,0,0,0,0,0,0,0,0,0,0,0,0,0,0,0,0
"f28f33c94ad752ce04971fe370f2538e",0,0,0,0,0,0.0277255783863713,0,0,0,0,0,0,0,0,0,0,0,0,0,0,0,0,0,0,0,0,0,0,0
"a50b9465cd3e7850eae2011497a4f41b",0.00742699660214905,0,0,0,0,0,0,0,0,0,0,0,0,0,0,0,0,0,0,0,0,0,0,0,0,0,0,0,0
"933438389be903228499f1cd1abecd6e",0,0,0,0,0,0.351190659560704,0,0,0,0,0,0,0,0,0,0,0,0,0,0,0,0,0,0,0,0,0,0,0
"7891e93dd8c7f251fd4a83d156f8369b",0,0,0,0,0,0.0646930162348665,0,0,0,0,0,0,0,0,0,0,0,0,0,0,0,0,0,0,0,0,0,0,0
"a8615f5ca1d297895cc840a75212b907",0.00477449781566725,0,0,0,0,0,0,0,0,0,0,0,0,0,0,0,0,0,0,0,0,0,0,0,0,0,0,0,0
"6aa17fb5060d844f7e31b800f4350796",0,0,0,0,0,0.043128677489911,0,0,0,0,0,0,0,0,0,0,0,0,0,0,0,0,0,0,0,0,0,0,0
"b3065350a824fd28f7678de276da8e24",0,0,0,0,0,0.0739348756969902,0,0,0,0,0,0,0,0,0,0,0,0,0,0,0,0,0,0,0,0,0,0,0
"0b291123c105140e6524bb2a3cf8e278",0.141643435198128,0,0,0,0,0,0,0,0,0,0,0,0,0,0,0,0,0,0,0,0,0,0,0,0,0,0,0,0
"46fee31d0f6a84fb0a222d0bfd33112c",0,0,0,0,0,0.0800961153384061,0,0,0,0,0,0,0,0,0,0,0,0,0,0,0,0,0,0,0,0,0,0,0
"78123af13d385db4ee6a9342283a042b",0.00212199902918544,0,0,0,0,0,0,0,0,0,0,0,0,0,0,0,0,0,0,0,0,0,0,0,0,0,0,0,0
"bab16dfe7bab8f56e30de9733e5a5964",0.0312994856804853,0,0,0,0,0.437448014540526,0,0,0,0,0,0,0,0,0,0,0,0,0,0,0,0,0,0,0,0,0,0,0
"52b9510cbb34f48661b26bc88b568e98",0.010344745267279,0,0,0,0,0,0,0,0,0,0,0,0,0,0,0,0,0,0,0,0,0,0,0,0,0,0,0,0
"bcfda59a5b9e3036c018e4bbde623d42",0.00610074720890815,0,0,0,0,0,0,0,0,0,0,0,0,0,0,0,0,0,0,0,0,0,0,0,0,0,0,0,0
"1e2c02998bd1e6ff2aad5bd96b138e35",0.0259944881075217,0,0,0,0,0,0,0,0,0,0,0,0,0,0,0,0,0,0,0,0,0,0,0,0,0,0,0,0
"b7b7b13db34b15898a31873237c7932a",0.00450924793701907,0,0,0,0,0,0,0,0,0,0,0,0,0,0,0,0,0,0,0,0,0,0,0,0,0,0,0,0
"6f9a6eeef90b44801aebd3df2c42e61b",0.00530499757296361,0,0,0,0,0,0,0,0,0,0,0,0,0,0,0,0,0,0,0,0,0,0,0,0,0,0,0,0
"9e54e8d50785a84f97b38e3eb665dda0",0.203711906801803,0,0,0,0,0,0,0,0,0,0,0.0135611608353675,0.00140062748111154,0,0.00320951728859979,0,0.00323356004182071,0.00553510641242078,0.0033835890292765,0,0,0.0017809399355745,0.00596049487656593,0.00676639037239313,0.00252085034099349,0,0.00142432107362157,0,0
"49e3be6db5eee89cd85b7d6f4210ec90",0.00238724890783362,0,0,0,0,0,0,0,0,0,0,0,0,0,0,0,0,0,0,0,0,0,0,0,0,0,0,0,0
"92fdfef3564a875350627fe95d5fa6e2",0.00106099951459272,0,0,0,0,0,0,0,0,0,0,0,0,0,0,0,0,0,0,0,0,0,0,0,0,0,0,0,0
"c99dd2353697161faecee673e0eda7b2",0.133685938838683,0,0.000871717981798529,0,0,0.0338868180277872,0,0,0,0,0,0,0,0,0,0,0,0,0,0,0,0,0,0,0,0,0,0,0.00948856627763545
"2e707ae206fd30644537a8329e2b9476",0.403975565181179,0,0,0,0,0,0,0,0,0,0,0,0,0,0,0,0,0,0,0,0,0,0,0,0,0,0,0,0
"96968f641dd4ea2ff01bfbd9ff3a838a",0,0,0,0,0,1.43248821662919,0,0,0,0,0,0,0,0,0,0,0,0,0,0,0,0,0,0,0,0,0,0,0
"1ad05a58bf23396d80f11695ad750b75",0,0.00216675333680014,0.00174343596359706,0,0,0.197159668525307,0,0.00182519776778313,0.0698192754907489,0.0187908410484867,0.022526961957593,0,0.00760340632603406,0.0191521961184883,0.0174740385712655,0.0494315373208107,0.0458087672591267,0.0857941493925221,0.0315801642732474,0.0217236135679484,0,0.00267140990336175,0.0111435338996667,0.0152243783378845,0.0575917347134666,0.161545964398927,0.146388554788884,0.0588746530600802,0.132839927886896
"a19152d55f42fc72a3a0f985d2615aab",0.161271926218094,0.00352097417230023,0,0,0,0,0,0,0,0.00548945918270398,0.143609382479655,0.0881475454298888,0.0118052887693687,0.0542645556690501,0.130876982768458,0.218911093849304,0.128803474999192,0.28229042703346,0.0312981985208077,0,0,0,0,0,0,0,0,0,0
"d801b2110a503327da848c95357ca4a5",0.0888587093471405,0,0,0,0,0,0,0,0,0,0,0,0,0,0.0763151888622618,0,0.0641322741627774,0.152215426341571,0.0188917054134605,0,0,0,0,0,0,0,0,0,0
"6e868cfa7b0e75b04f31fbeedfc29c64",0,0,0,0,0,0,0,0,0,0,0,0,0.000200089640158791,0,0.00213967819239986,0,0,0,0,0.0279303603016479,0,0,0,0,0,0,0,0,0
"15c0fe41b25c6504b8dbe48ae72283d0",0.013262493932409,0,0.00370480142264375,0,0,0.0739348756969902,0.00162145838020361,0.00152099813981928,0,0,0,0,0,0,0,0,0,0,0.0352457190549636,0,0.0485758445572974,0.00267140990336175,0.0106252299973567,0.0265822478915444,0.120612993238304,0.13106559375762,0.141799075773881,0.0364462137990973,0.0347914096846633
"3f9bbc037aa14387f62bff9e2cc84700",0.0289122367726517,0,0,0,0,0,0,0,0,0,0,0,0,0,0,0,0,0,0,0,0,0,0,0,0,0,0,0,0
"c5aceb1c0837567d8fd6258bde60c07e",0.00238724890783362,0,0,0,0,0.00924185946212378,0,0,0,0,0,0,0,0,0,0,0,0,0,0,0,0,0,0,0,0,0,0,0
"a5687ae218d670b18de3577539a459e3",0.00265249878648181,0,0,0,0,0,0,0,0,0,0,0,0,0,0,0,0,0,0,0,0,0,0,0,0,0,0,0,0
"2481a293c5dffa73e03136fa6efdff28",0.00106099951459272,0,0,0,0,0,0,0,0,0,0,0,0,0,0,0,0,0,0,0,0,0,0,0,0,0,0,0,0
"d4b8f75d0e42420455e41ded33426aae",0.0013262493932409,0,0,0,0,0,0,0,0,0,0,0,0,0,0,0,0,0,0,0,0,0,0,0,0,0,0,0,0
"4a19bdfb366f7b08e08a1e91c6074b30",0.000795749635944542,0,0,0,0,0,0,0,0,0,0,0,0,0,0,0,0,0,0,0,0,0,0,0,0,0,0,0,0
"248cd8f8ef49066c9ede7752a044b0ee",0,0,0,0,0,0,0,0,0,0,0,0,0,0,0,0,0,0,0,0,0,0,0.00103660780462016,0,0,0,0,0,0
"430c875622713c0d7662add2d8e7db60",0,0.015979805858901,0.0222288085358625,0.253327559049083,0.0582042716874178,0.0924185946212378,0.225585397145828,0.275300663307289,0.545127420177771,1.09071331299418,1.08692591445386,0.922158936804991,3.31568542707133,1.12359550561798,0.400119821978774,0.413106419038203,0.357308384621188,0.127307447485678,0.171999108988222,0.105514694472892,0.485758445572974,0.506009559195104,0.621446378869786,0.270897271694739,0.112274795956556,0.0365764447695684,0.022314363486738,0.0280355490762287,0.00948856627763545
"295de38d6dd13acd267eae051374671f",0,0,0,0,0,0,0,0,0,0.00105566522744307,0,0,0,0,0,0,0,0,0,0,0,0,0,0,0,0,0,0,0
"0e81a770249139559c5cb218c03695f9",0,0,0,0,0,0,0,0,0,0,0,0,0,0,0,0,0,0,0,0,0,0.000890469967787249,0,0,0,0,0,0,0
"ae5409ee7901af22321eee08a4cbda3e",0,0,0,0,0,0.00924185946212378,0,0,0,0,0,0,0,0,0,0,0,0,0,0,0,0,0,0,0,0,0,0,0
"4a5aca254f681087750ca99527486cde",0,0,0,0,0,0,0.000810729190101807,0,0,0,0,0,0,0,0,0,0,0,0,0,0,0,0,0,0,0,0,0,0
"bb617d32673d5f60d6216a07ad7a42bc",0.230767394423917,0,0,0,0,0,0,0,0,0,0,0,0,0,0,0,0,0,0,0,0,1.25845668197533,0.0176223326785427,0.00434982238225272,0.0263719727980857,0,0.00553902639741723,0,0
"242a3a783392eec5c227518358c4dc88",0,0,0,0,0,0,0,0,0,0,0,0,0.00100044820079396,0,0,0,0,0,0,0,0,0,0,0,0,0,0,0,0
"b3d8bf326297fb9b18ea4fef1ce8d4a6",0,0.427662939850927,1.11623487569302,0.462581488308991,3.70482842392955,0.74242937679061,1.23778079098793,0.795025727683535,0.792180241145036,1.76633905855775,1.25024638864641,1.74599945755357,2.34485049302087,2.21527068437181,2.22954467648066,1.76541204717181,1.69815794862951,1.84042288212991,0.586770730827034,0.487229618595413,0,0,0.496794290364212,0.563785312099756,1.24665744940362,0.688856376493538,0.909033360764702,0.723317166166699,0.907739507227125
"57568ab86419e6655ce098557e7735c9",0,0,0,0,0,0,0,0,0,0,0,0,0,0,0,0,0.00107785334727357,0,0,0,0,0,0,0,0,0,0,0,0
"3ebc45cb057728ffa06e667125c116fd",0,0,0,0,0,0,0,0,0,0,0,0,0.00200089640158791,0,0,0,0,0,0,0,0,0,0,0,0,0,0,0,0
"5cb2b4186e2e95521540e2ccbafcb4c9",0,0,0,0,0,0,0.0308077092238687,0.0319409609362048,0,0.228234822173192,0,0.206807702739354,0.436595594826482,0.328779366700715,0.188291680931188,0,0.123953134936461,0,0.0329899930354459,0,0.0750717597703687,0.0115761095812342,0.0619373163260546,0.0183659167250671,0,0,0,0,0
"72950b26cbd1bf74be7b6605ca95ec34",0,0,0,0,0,0,0,0,0,0,0,0,0.000400179280317582,0,0,0,0,0,0,0,0,0,0,0,0,0,0,0,0
"e1382120e151d51cb3b3b6900845f1c8",1.45330408511338,0.0140838966892009,0.0241901739949092,0.00134137134140967,0,0,0.00141877608267816,0.0016730979538012,0,0.00168906436390892,0,0,0.00240107568190549,0,0.00285290425653315,0,0,0,0.000845897257319126,0,0,0,0,0,0,0,0,0,0
"4ced6b735a53af484d0cf4f620846dcd",0.717766171621977,0,0.00108964747724816,0,0,0,0,0,0,0,0,0,0,0,0,0,0,0,0,0,0,0,0,0,0,0,0,0,0
"18ca89dadf6219af5e55c04d2e77d221",0.000530499757296361,0,0,0,0,0,0,0,0,0,0,0,0,0,0,0,0,0,0,0,0,0,0,0,0,0,0,0,0
"c86ca8792c7be96d7699dead5edccd91",0.010344745267279,0,0,0,0,0.166353470318228,0,0,0,0,0,0,0,0,0,0,0,0,0,0,0,0,0,0,0,0,0,0,0
"4e7f3c01d114c6dede84c8b3a31886db",0,0,0,0,0,0.0462092973106189,0,0,0,0,0,0,0,0,0,0,0,0,0,0,0,0,0,0,0,0,0,0,0
"0092fa9cfbb787e7d34b4a3417ab24e3",0.00212199902918544,0,0,0,0,0,0,0,0,0,0,0,0,0,0,0,0,0,0,0,0,0,0,0,0,0,0,0,0
"d232fae99923ef2ca92f6afbc004f379",0.00106099951459272,0,0,0,0,0,0,0,0,0,0,0,0,0,0,0,0,0,0,0,0,0,0,0,0,0,0,0,0
"dd07e924156039f8e953d5ea58ab5023",0.00159149927188908,0,0,0,0,0.113982933366193,0,0,0,0,0,0,0,0,0,0,0,0,0,0,0,0,0,0.00169159759309828,0.0286989115743874,0.0396244818336991,0.0382984110907134,0.0504639883372116,0.0347914096846633
"211c2bf941e5c4e05078cf20a194b0be",0.00371349830107453,0,0,0,0,0.101660454083362,0,0,0,0,0,0,0,0,0,0,0,0,0,0,0,0,0,0,0,0,0,0,0
"306362657db7872818a69eab489f7c76",0.000795749635944542,0,0,0,0,0,0,0,0,0,0,0,0,0,0,0,0,0,0,0,0,0,0,0,0,0,0,0,0
"77068cd389b8838d8071084c1fcbd2a7",0,0,0,0,0,0.00616123964141585,0,0,0,0,0,0,0,0,0,0,0,0,0,0,0,0,0,0,0,0,0,0,0
"23504ce886d58d2a61607ff263c8d494",0.00159149927188908,0,0,0,0,0,0,0,0,0,0,0,0,0,0,0,0,0,0,0,0,0,0,0,0,0,0,0,0
"3487ee381e9bba57861b67ac3936d665",0.98699479844988,0,0,0,0,0,0,0,0,0,0,0,0,0,0,0,0,0,0,0,0,0,0,0,0,0,0,0,0
"94f099e252b40a7a42a638b2c028b7db",0.00981424550998268,0,0,0,0,0,0,0,0,0,0,0,0,0,0,0,0,0,0,0,0,0,0,0,0,0,0,0,0
"645dd8b575c7e7c0952933bbe90b4bb9",0,0,0.00152550646814742,0,0,0,0,0,0,0,0,0,0,0,0,0,0,0,0.00281965752439709,0.114824814573441,0,0,0.00855201438811633,0,0.000775646258767227,0,0,0,0
"00a1a32589b4628bbc46f04b83b89d22",0,0,0,0,0,0,0,0,0,0,0,0,0,0,0,0,0,0,0,0.0155168668342488,0,0,0.00025915195115504,0,0,0,0,0,0
"7a777474146ffbe89e17716b8660dcfb",0.00212199902918544,0,0,0,0,0,0,0,0,0,0,0,0,0,0,0,0,0,0,0,0,0,0,0,0,0,0,0,0
"3d34374d81a96ce4972b93ef5dae9b82",0.562064492855495,0.00189590916970012,0.00130757697269779,0,0,0,0,0,0,0,0,0,0,0,0,0,0,0,0,0,0,0,0,0,0,0,0,0,0
"dcc552ee0bfe584a9f79fd3d7893047f",1.14375747673095,0,0,0,0,0,0,0,0,0,0,0,0,0,0,0,0,0,0,0,0,0,0,0,0,0,0,0,0
"2f5695c1563063d2b821ab2eecfa3bd3",0.938188820778615,0,0,0,0,0,0,0,0,0,0,0,0,0,0,0,0,0,0,0,0,0,0,0,0,0,0,0,0
"94ef08db649a5339b6de95109a8bad0f",0,0.0338555208875022,0.0342149307855922,0,0.0354286871140804,0,0.050670574381363,0.0244880700510903,0.0859314159886141,0.0149904462296916,0.045053923915186,0.0678058041768375,0.00860385452682802,0.0414964249233912,0.0124814561223325,0.102393898735965,0.0398805738491221,0,0.00451145203903534,0,0,0,0,0,0,0,0.00142432107362157,0,0
"16530de0912f9d1b84d979205b00a1a2",0,0,0,0,0,0.0123224792828317,0,0,0,0,0,0,0,0,0,0,0,0,0,0,0,0,0,0,0,0,0,0,0
"717e65e6ba1d91587e9c1fc36b2b0c44",0,0,0,0.00229949372813086,0.012653102540743,0,0.00121609378515271,0.00395459516353011,0.0241682107467977,0.00654512441014705,0.0168952214681947,0,0.00180080676142912,0,0,0.0953322505472777,0.027485260355476,0,0.0138163218695457,0,0,0.0182546343396386,0,0,0,0,0,0,0
"f57128992ee22ab49d1a992eb1594104",0.0095489956313345,0,0,0,0,0,0,0,0,0,0,0,0,0,0,0,0,0,0,0,0,0,0,0,0,0,0,0,0
"d73a01cf4394c6ce1b6f91249a590671",0.00742699660214905,0,0,0,0,0,0,0,0,0,0,0,0,0,0,0,0,0,0,0,0,0,0,0,0,0,0,0,0
"582cd22fb94ea0fd36f9915ef32c1333",0.000530499757296361,0,0,0,0,0,0,0,0,0,0,0,0,0,0,0,0,0,0,0,0,0,0,0,0,0,0,0,0
"494686a85ca80380a18f37e6e723f6ff",0.0525194759723397,0,0,0,0,0,0,0,0,0,0,0,0,0,0,0,0,0,0,0,0,0,0,0,0,0,0,0,0
"e1859f895760d01bd129aad5091fa054",0.00557024745161179,0,0,0,0,0,0,0,0,0,0,0,0,0,0,0,0,0,0,0,0,0,0,0,0,0,0,0,0
"fca33d821d9ddce59d2b26b63bf7c4a1",0.000530499757296361,0,0,0,0,0,0,0,0,0,0,0,0,0,0,0,0,0,0,0,0,0,0,0,0,0,0,0,0
"9e2b122adf540f378ae4674b70ffa70d",0.00424399805837089,0,0,0,0,0,0,0,0,0,0,0,0,0,0,0,0,0,0,0,0,0,0,0,0,0,0,0,0
"639ec09a97e00f6cd8d780f549ca17af",0.00185674915053726,0,0,0,0,0,0,0,0,0,0,0,0,0,0,0,0,0,0,0,0,0,0,0,0,0,0,0,0
"14a2bb3f27bd325f767bee3f35dec36e",0.00106099951459272,0,0,0,0,0,0,0,0,0,0,0,0,0,0,0,0,0,0,0,0,0,0,0,0,0,0,0,0
"8a7a133e5daf52fb66404c67a0c7dc48",0.000795749635944542,0,0,0,0,0,0,0,0,0,0,0,0,0,0,0,0,0,0,0,0,0,0,0,0,0,0,0,0
"accdbd296b05fdc99bac47d0e4349aa9",0.00159149927188908,0,0,0,0,0,0,0,0,0,0,0,0,0,0,0,0,0,0,0,0,0,0,0,0,0,0,0,0
"b7e9487c90de08851f8c120abc9ac7f8",0.0013262493932409,0,0,0,0,0,0,0,0,0,0,0,0,0,0,0,0,0,0,0,0,0,0,0,0,0,0,0,0
"e3a2d60faa8d0d3ec2805ea4a4f69cc5",0.000795749635944542,0,0,0,0,0,0,0,0,0,0,0,0,0,0,0,0,0,0,0,0,0,0,0,0,0,0,0,0
"c24ddb60bb99f2f3faf3f86c7141b3dc",0.0013262493932409,0,0,0,0,0,0,0,0,0,0,0,0,0,0,0,0,0,0,0,0,0,0,0,0,0,0,0,0
"2780b1a1535644ef954b37c0be366f13",0.00397874817972271,0,0,0,0,0,0,0,0,0,0,0,0,0,0,0,0,0,0,0,0,0,0,0,0,0,0,0,0
"98f50fc2653bd578543391ef42ece23e",0.00371349830107453,0,0,0,0,0,0,0,0,0,0,0,0,0,0,0,0,0,0,0,0,0,0,0,0,0,0,0,0
"957bec6b470f89f1cc58693a77364ea7",0.000530499757296361,0,0,0,0,0,0,0,0,0,0,0,0,0,0,0,0,0,0,0,0,0,0,0,0,0,0,0,0
"2fc4dfc7b010149d63567c2ee818550a",0.0013262493932409,0,0,0,0,0,0,0,0,0,0,0,0,0,0,0,0,0,0,0,0,0,0,0,0,0,0,0,0
"8bbe4e6022a5ec46e3ba035b8b3e5036",0.00265249878648181,0,0,0,0,0,0,0,0,0,0,0,0,0,0,0,0,0,0,0,0,0,0,0,0,0,0,0,0
"b0b69224e197ce8061ddd3ea7ceff3d9",0.00848799611674178,0,0,0,0,0,0,0,0,0,0,0,0,0,0,0,0,0,0,0,0,0,0,0,0,0,0,0,0
"29924e75bce2dffe324f99988900e268",0.00238724890783362,0,0,0,0,0,0,0,0,0,0,0,0,0,0,0,0,0,0,0,0,0,0,0,0,0,0,0,0
"dcc1b2524bf00a7d6decf739df2f1f19",0.000795749635944542,0,0,0,0,0,0,0,0,0,0,0,0,0,0,0,0,0,0,0,0,0,0,0,0,0,0,0,0
"a8aafb51e2d0f2e6d62cf2c4393df334",0.00159149927188908,0,0,0,0,0,0,0,0,0,0,0,0,0,0,0,0,0,0,0,0,0,0,0,0,0,0,0,0
"ecc87bcfc432d272b961cd36e4246127",0.00875324599538996,0,0,0,0,0,0,0,0,0,0,0,0,0,0,0,0,0,0,0,0,0,0,0,0,0,0,0,0
"46a7a599e8da21433062d78516158149",0.00106099951459272,0,0,0,0,0,0,0,0,0,0,0,0,0,0,0,0,0,0,0,0,0,0,0,0,0,0,0,0
"527d5108a6ce397729d5a554b1bf5e44",0.00265249878648181,0,0,0,0,0,0,0,0,0,0,0,0,0,0,0,0,0,0,0,0,0,0,0,0,0,0,0,0
"8466c6dfab56e8746ea47bc3c0e571e0",0.0156497428402427,0,0,0,0,0,0,0,0,0,0,0,0,0,0,0,0,0,0,0,0,0,0,0,0,0,0,0,0
"c6c062c6e4918cff367f7b7327090845",0.0013262493932409,0,0,0,0,0,0,0,0,0,0,0,0,0,0,0,0,0,0,0,0,0,0,0,0,0,0,0,0
"0c9b81e16ab4e3c0b202044ce6d7ba57",0.0145887433256499,0,0,0,0,0,0,0,0,0,0,0,0,0,0,0,0,0,0,0,0,0,0,0,0,0,0,0,0
"10378c24fd183ece5224eb4bb5980766",0.00848799611674178,0,0,0,0,0,0,0,0,0,0,0,0,0,0,0,0,0,0,0,0,0,0,0,0,0,0,0,0
"a6a36906813434ce2d18626305b1564a",0.00265249878648181,0,0,0,0,0,0,0,0,0,0,0,0,0,0,0,0,0,0,0,0,0,0,0,0,0,0,0,0
"248422358abb94560c1fc2271904e71f",0.00238724890783362,0,0,0,0,0,0,0,0,0,0,0,0,0,0,0,0,0,0,0,0,0,0,0,0,0,0,0,0
"0b54d74d2257842cdb59920d0557c940",0.00583549733025997,0,0,0,0,0,0,0,0,0,0,0,0,0,0,0,0,0,0,0,0,0,0,0,0,0,0,0,0
"38f1741fa5bc42ca4fda255fde5fde58",0.000265249878648181,0,0,0,0,0,0,0,0,0,0,0,0,0,0,0,0,0,0,0,0,0,0,0,0,0,0,0,0
"f4a24bc6456b7cb91afeb18832b4c18d",0.00265249878648181,0,0,0,0,0,0,0,0,0,0,0,0,0,0,0,0,0,0,0,0,0,0,0,0,0,0,0,0
"e7a9beba4bfa0731ea9d0fa90bb065e3",0.00716174672350087,0,0,0,0,0,0,0,0,0,0,0,0,0,0,0,0,0,0,0,0,0,0,0,0,0,0,0,0
"c5818942f7219725c098917e39a7e7bb",0.0164454924761872,0,0,0,0,0,0,0,0,0,0,0,0,0,0,0,0,0,0,0,0,0,0,0,0,0,0,0,0
"8d741499ee8a83b6ede29efd8892e70b",0.00318299854377817,0,0,0,0,0,0,0,0,0,0,0,0,0,0,0,0,0,0,0,0,0,0,0,0,0,0,0,0
"de1f954072ef273959e798b81a39a1f1",0.0193632411413172,0,0,0,0,0.0492899171313268,0,0,0,0,0,0,0,0,0,0,0,0,0,0,0,0,0,0,0,0,0,0,0
"3746a611252a01f39ad4eba5428d1daa",0.00716174672350087,0,0,0,0,0,0,0,0,0,0,0,0,0,0,0,0,0,0,0,0,0,0,0,0,0,0,0,0
"4f6902842e157d5e737fa919e5d89f4a",0.0013262493932409,0,0,0,0,0,0,0,0,0,0,0,0,0,0,0,0,0,0,0,0,0,0,0,0,0,0,0,0
"296a64ff9ac191c4f1c886ba988e1706",0.0140582435683536,0,0,0,0,0,0,0,0,0,0,0,0,0,0,0,0,0,0,0,0,0,0,0,0,0,0,0,0
"01e6c47ea1eccbd286858fc97fa25654",0.000795749635944542,0,0,0,0,0,0,0,0,0,0,0,0,0,0,0,0,0,0,0,0,0,0,0,0,0,0,0,0
"79e2b6d098bc24e051a82e3d618d416f",0.00424399805837089,0.000541688334200035,0,0,0,0,0,0,0,0,0,0,0,0,0,0,0,0,0,0,0,0,0,0,0,0,0,0,0
"bcebf60c83721eb2fd57f1ddb53c6058",0,0,0,0,0,0,0,0,0,0,0,0,0,0,0,0,0,0,0,0,0,0,0,0,0.00058173469407542,0,0.00221561055896689,0,0
"5a282585ef16397041df72979907593f",0.0116709946605199,0,0,0,0,0,0,0,0,0,0,0,0,0,0,0,0,0,0,0,0,0,0,0,0,0,0,0,0
"6cd5cb3562f8ff28e2e21339a4fc55c1",0.0286469868940035,0,0,0,0,0,0,0,0,0,0,0,0,0,0,0,0,0,0,0,0,0,0,0,0,0,0,0,0
"cb886014283a43df6af104cecc83cfc9",0.0246682387142808,0,0,0,0,0,0,0,0,0,0,0,0,0,0,0,0,0,0,0,0,0,0,0,0,0,0,0,0
"86648abd0094f1568a386360dcba7034",0.00238724890783362,0,0,0,0,0,0,0,0,0,0,0,0,0,0,0,0,0,0,0,0,0,0,0,0,0,0,0,0
"d2340f2964ea2cff3448b5ce82aa29af",0.00742699660214905,0,0,0,0,0,0,0,0,0,0,0,0,0,0,0,0,0,0,0,0,0,0,0,0,0,0,0,0
"2bef39c50999d97de887d34b376fbd38",0.00185674915053726,0,0,0,0,0,0,0,0,0,0,0,0,0,0,0,0,0,0,0,0,0,0,0,0,0,0,0,0
"0ca4dd10576aed42007187bfd0cb11c5",0.00238724890783362,0,0,0,0,0,0,0,0,0,0,0,0,0,0,0,0,0,0,0,0,0,0,0,0,0,0,0,0
"a4d4e17dbb14f15384261ddd56409439",0.0116709946605199,0,0,0,0,0,0,0,0,0,0,0,0,0,0,0,0,0,0,0,0,0,0,0,0,0,0,0,0
"7a40f4cd070ab0fbebfa8749c02f9a24",0.00212199902918544,0,0,0,0,0,0,0,0,0,0,0,0,0,0,0,0,0,0,0,0,0,0,0,0,0,0,0,0
"8a9c97139a7d864eda93a0dc3e73ecb9",0,0,0,0,0,0.249530205477342,0,0,0,0,0,0,0,0,0,0,0,0,0,0,0,0,0,0,0,0,0,0,0
"6552ab56103eaf5a3eb1e9b2f45e8ee7",0.00583549733025997,0,0,0,0,0,0,0,0,0,0,0,0,0,0,0,0,0,0,0,0,0,0,0,0,0,0,0,0
"d93e8e8eb65bc1de981f3ef962af0956",0.00212199902918544,0,0,0,0,0,0,0,0,0,0,0,0,0,0,0,0,0,0,0,0,0,0,0,0,0,0,0,0
"baa4a4f4c8d40a784e35ff0313bf0ccb",0.291244366755702,0,0,0,0,0,0,0,0,0,0.0647650156280799,0,0.0196087847355615,0,0,0,0,0,0,0,0,0,0,0,0.00271476190568529,0,0,0,0
"cd05a4b1cda569ae366c6980823f4c72",2.38777940759092,0.0124588316866008,0.0113323337633809,0,0.0809798562607551,0,0.00364828135545813,0.0100385877228072,0.0322242809957303,0.0301920255048719,0,0.118660157309466,0.476013253937764,0.178753830439224,0.0285290425653315,0.0494315373208107,0.03017989372366,0.0553510641242078,0.0180458081561414,0,0,0.00222617491946812,0.00310982341386048,0.000966627196056161,0,0,0.00221561055896689,0,0
"d8f2eba07489316f7c8a27d0e18fed13",0.00185674915053726,0,0,0,0,0,0,0,0,0,0,0,0,0,0,0,0,0,0,0,0,0,0,0,0,0,0,0,0
"a5e4214d6e45488b57daf5cc70b89f40",0.00159149927188908,0,0,0,0,0,0,0,0,0,0,0,0,0,0,0,0,0,0,0,0,0,0,0,0,0,0,0,0
"a6a4ec1b84af5b137949eecef0fa36f4",0.0257292382288735,0,0,0,0,0,0,0,0,0,0,0,0,0,0,0,0,0,0,0,0,0,0,0,0,0,0,0,0
"08ea1c9b9d368cd6d9bfeb8857e90315",0.793362387036708,0,0,0,0,0,0,0,0,0,0,0,0,0,0,0,0,0,0,0,0,0,0,0,0,0,0,0,0
"1da23dee00520d2c9e0e21bac4a70bca",0.484876778168874,0,0,0,0,0,0,0,0,0,0,0,0,0,0,0,0,0,0,0,0,0,0,0,0,0,0,0,0
"6aa82af5289e004d50046c31ef22b2ae",0.000530499757296361,0,0,0,0,0,0,0,0,0,0,0,0,0,0,0,0,0,0,0,0,0,0,0,0,0,0,0,0
"dd6407a912c6fe0b5bedd40ec79da041",0,0,0,0,0,0.0616123964141585,0,0,0,0,0,0,0,0,0,0,0,0,0,0,0,0,0,0,0,0,0,0,0
"86399b4152e937777cee90ee980e53c7",0.00769224648079724,0,0,0,0,0,0,0,0,0,0,0,0,0,0,0,0,0,0,0,0,0,0,0,0,0,0,0,0
"a6efdb52a04e05a2a1be52f5516784fa",0.283021620517609,0.00568772750910036,0.00980682729523345,0.00325761611485205,0.0733879947363093,0.0616123964141585,0.00141877608267816,0.00258569683769277,0,0.0057005922281926,0,0.0203417412530513,0.00660295812524011,0.0798008171603677,0.014977747346799,0.028246592754749,0.0123953134936461,0.0276755320621039,0.0031016232768368,0,0,0,0,0,0.00232693877630168,0,0.00363993163258847,0,0
"58bcdde420158eabe69c67e4c9eb9245",0.0320952353164298,0,0,0,0,0,0,0,0,0,0,0,0,0,0,0,0,0,0,0,0,0,0,0,0,0,0,0,0
"315154928c5be44de373e19d66bd739a",0.00344824842242635,0,0,0,0,0,0,0,0,0,0,0,0,0,0,0,0,0,0,0,0,0,0,0,0,0,0,0,0
"02f995222d6154a9ec64914f39f11fda",0,0,0,0.000574873432032714,0,0,0,0,0,0,0,0,0,0,0,0,0,0,0,0,0,0,0,0,0,0,0,0,0
"ddb21bd22519316c9c3bf922a9a8e816",0.00397874817972271,0,0,0,0,0,0,0,0,0,0,0,0,0,0,0,0,0,0,0,0,0,0,0,0,0,0,0,0
"935d8a963dc7baf559b479ba9f5a82b3",0.00185674915053726,0,0,0,0,0,0,0,0,0,0,0,0,0,0,0,0,0,0,0,0,0,0,0,0,0,0,0,0
"1d33e98c9d94c262ab0d8b56d0936eb4",0,0.0138130525221009,0.00239722444994595,0.00268274268281933,0.0177143435570402,0.194079048704599,0.00729656271091627,0.0214460737714518,0.0617632052418164,0.0760078963759013,0.0366063131810886,0.0406834825061025,0.0292130874631835,0.0383043922369765,0.0502824375213968,0.074147305981216,0.0393416471754853,0.0581186173304182,0.0217113629378576,0.0186202402010986,0,0.00957255215371293,0,0.0036248519852106,0,0,0.154617965436475,0.252319941686058,0.129677072461018
"261f84006c5eb28858f3f27bbaadc045",0,0,0,0,0,0,0,0,0,0,0,0,0,0,0,0,0,0,0,0,0,0,0.00155491170693024,0,0,0,0,0,0
"1b350d18d59a97b3af2257944c908b17",0.0095489956313345,0,0,0,0,0,0,0,0,0,0,0,0,0,0,0,0,0,0,0,0,0,0,0,0,0,0,0,0
"fc71dd6489bc96ddac257967a984ed99",0,0,0,0,0,0,0,0,0,0,0,0,0,0,0,0,0,0,0,0.00620674673369953,0,0,0,0,0,0,0,0,0
"b5a22689fdda6393715cd10a326927d3",0,0,0,0,0,0,0,0,0,0.00422266090977229,0,0.0440737727149444,0.0132059162504802,0.0446884576098059,0.016047586442999,0,0.0285631137027496,0,0.0098688013353898,0,0,0.00578805479061712,0.0108843819485117,0.00918295836253353,0.00484778911729517,0,0.0052225106032791,0,0
"357ad9f4f9251dd5f1a70dec188b23a3",0,0,0,0,0,0,0,0,0,0.00253359654586338,0,0.0339029020884188,0.00160071712127033,0.0287282941777324,0,0,0,0,0,0,0,0,0,0.00434982238225272,0.00213302721160987,0,0,0,0
"213ec0ef843de45b3db9302876229bed",0,0,0,0,0,0,0,0,0,0,0,0,0,0,0.0402972726235308,0.0388390650377798,0.0420362805436692,0.0968643622173636,0.0420128971135166,0,0.0574078162949879,0.022484366686628,0.0347263614547754,0,0,0,0,0,0
"534aa0050da6044b57409f3606d33c40",0.00318299854377817,0,0,0,0,0,0,0,0,0,0,0,0,0,0,0,0,0,0,0,0,0,0,0,0,0,0,0,0
"fe2c23e02d96027ea381e1da7283d3ff",0.00265249878648181,0,0,0,0,0,0,0,0,0,0,0,0,0,0,0,0,0,0,0,0,0,0,0,0,0,0,0,0
"3d89b82f7dc8f2f24e7c65124529a879",0,0,0,0,0,0,0,0,0,0,0,0,0,0,0,0,0,0,0,0,0,0.011798727073181,0.0116618378019768,0,0,0,0,0,0
"fcfaeb95003823a7ffde76ba3c4c790b",0,0,0,0,0,0,0,0,0,0,0,0,0,0,0.00392274335273308,0,0.00377248671545749,0,0.000845897257319126,0,0,0,0,0.00217491119112636,0,0,0,0,0
"cf80116cb789ecdda4cb662ab3fd1b4c",0.0106099951459272,0,0,0,0,0,0,0,0,0,0,0,0,0,0,0,0,0,0,0,0,0,0,0,0,0,0,0,0
"22b437d42a93adf1a1f4912a2f2bc487",0.0721479669923051,0,0,0,0,0,0,0,0,0,0,0,0,0,0,0,0,0,0,0,0,0,0,0,0,0,0,0,0
"f1aa0ea145fc7098b3403eb2badbe65b",0.0196284910199654,0,0,0,0,0,0,0,0,0,0,0,0,0,0,0,0,0,0,0,0,0,0,0,0,0,0,0,0
"ff1bd8113a59e63cbb44713fe3645ed6",0,0,0,0,0,0.206401527987431,0,0,0,0,0,0,0,0,0,0,0,0,0,0,0,0,0,0,0,0,0,0,0
"25668c0238f943ae425391ec3054a4d0",0.00450924793701907,0,0,0,0,0,0,0,0,0,0,0,0,0,0,0,0,0,0,0,0,0,0,0,0,0,0,0,0
"a017db3bfdae612d959f9edcc112104c",0.0342172343456153,0,0,0,0,0.224885246911679,0,0,0,0,0,0,0,0,0,0,0,0,0,0,0,0,0,0,0,0,0,0,0
"9feda0d620fa50b57ce3f848e1b48975",0,0.00216675333680014,0.00326894243174448,1.52015697877184,0.0177143435570402,0,0.0133770316366798,0.0816776001082951,0.131582480732565,0.00443379395526091,0,0.335638730675346,0.00840376488666923,0.165985699693565,0.177236676937122,0.141232963773745,0.0964678745809845,0.063653723742839,0.0515997326964667,0.0713775874375446,0.0441598586884522,0.0761351822458098,0.509233584019654,0.0198158575191513,0.04615095239665,0.0152401853206535,0.00205735266189783,0,0
"f0edde70fa1e568fe1079e75617d91cc",0,0,0,0.00114974686406543,0,0,0,0,0,0,0,0,0,0,0,0,0,0,0,0,0,0,0,0,0,0,0,0,0
"bb50ac888e677e82816ea70b2ab33eca",0.0167107423548354,0,0,0,0,0,0,0,0,0,0,0,0,0,0,0,0,0,0,0,0,0,0,0,0,0,0,0,0
"a0cda4ca07d855686d23956f06d0d76e",0.0100794953886309,0,0,0,0,0,0,0,0,0,0,0,0,0,0,0,0,0,0,0,0,0,0,0,0,0,0,0,0
"888e2ada2610807488d3dee136938241",0,0,0,0,0,0.0492899171313268,0,0,0,0,0,0,0,0,0,0,0,0,0,0,0,0,0,0,0,0,0,0,0
"a74a7a8b9015b0732f8101e2f67c8f32",0.00291774866512999,0,0,0,0,0,0,0,0,0,0,0,0,0,0,0,0,0,0,0,0,0,0,0,0,0,0,0,0
"3ede9a0384a29cd63d3cebf0f09b96c1",0.0172412421121317,0,0,0,0,0,0,0,0,0,0,0,0,0,0,0,0,0,0,0,0,0,0,0,0,0,0,0,0
"ecb869631711bf81e94c27a768dfdd0b",0.0135277438110572,0,0,0,0,0,0,0,0,0,0,0,0,0,0,0,0,0,0,0,0,0,0,0,0,0,0,0,0
"01a7c19fe64d4300e6e5a8a7280a10bb",0,0,0,0.616647568093758,0,0,0.00425632824803449,0.00197729758176506,0.0510217782432396,0.01372364795676,0.0366063131810886,0.0610252237591538,0.00440197208349341,0.0383043922369765,0.0231798470843319,0,0.0070060467572782,0,0,0,0,0,0,0,0,0,0,0,0
"0789f0701b19d9a2a240b29e42e64d0d",0.00689649684485269,0,0,0,0,0,0,0,0,0,0,0,0,0,0,0,0,0,0,0,0,0,0,0,0,0,0,0,0
"55f0a15d367f1f98823a8accf53c1ab4",0,0,0,0,0,0.0677736360555744,0,0,0,0,0,0,0,0,0,0,0,0,0,0,0,0,0,0,0,0,0.0338671899727796,0.042053323614343,0
"d0d582d9d9b71467f236f9bace54eea5",0,0,0,0,0,0,0,0,0,0,0,0,0,0,0,0,0,0,0,0,0,0,0,0.00483313598028081,0,0,0.0169335949863898,0,0.0506056868140557
"53d778933f79cf1ec135398e25b5e962",0.00716174672350087,0,0,0,0,0,0,0,0,0,0,0,0,0,0,0,0,0,0,0,0,0,0,0,0,0,0,0,0
"30e37ad8c5069c7422d918c06234c077",0,0,0,0,0,0.0308061982070793,0,0,0,0,0,0,0,0,0,0,0,0,0,0,0,0,0,0,0,0,0,0,0
"d9975f13b5075673dd9bb396688bd678",0.00291774866512999,0,0,0,0,0,0,0,0,0,0,0,0,0,0,0,0,0,0,0,0,0,0,0,0,0,0,0,0
"f42aeaf1c13130f1fdfc8bafa43ded29",0.0153844929615945,0.00433350667360028,0.00457651940444228,0.00689848118439257,0.0151837230488916,0,0,0,0,0.00443379395526091,0,0,0.0150067230119093,0.0414964249233912,0.0246062992125984,0.0847397782642469,0.0291020403763864,0.0553510641242078,0.0366555478171621,0.0341371070353474,0,0.0607745753014797,0.103401628510861,0.0732220101012542,0.0269537074921611,0.030480370641307,0.0052225106032791,0,0
"00f898781984ce51010f520e28aca483",0,0,0,0,0,0,0,0,0,0,0,0,0,0,0,0,0,0,0,0,0,0,0,0.00845798796549141,0.00484778911729517,0,0,0,0
"a7d0101041a4ff2c176cc0616423387a",0,0,0,0,0,0,0,0,0,0,0,0,0,0,0,0.254219334792741,0.0765275876564235,0.0276755320621039,0.00704914381099272,0,0,0.0140249019926492,0.0124392936554419,0.00459147918126677,0.00349040816445252,0,0.0126606317655251,0,0
"618e77ab00abd20cfb2694d45fe07df1",0.0251987384715772,0,0,0,0,0,0,0,0,0,0,0,0,0,0,0,0,0,0,0,0,0,0,0,0,0,0,0,0
"482bb3761a6b11b4cfb4e1b618231157",0.137399437139757,0,0,0,0,0,0,0,0,0,0,0,0,0,0,0,0,0,0,0,0,0,0,0,0,0,0,0,0
"4c6fec9eef4f5c3e8e6b7fee60a68994",0.0326257350737262,0,0,0,0,0,0,0,0,0,0,0,0,0,0,0,0,0,0,0,0,0,0,0,0,0,0,0,0
"cfd8b4faf14870a6bdb89a001e770060",0.0461534788847834,0,0,0,0,0,0,0,0,0,0,0,0,0,0,0,0,0,0,0,0,0,0,0,0,0,0,0,0
"818bf774013469de4ea8f71bc2c537b9",0,0,0,0,0,0.00308061982070793,0,0,0,0,0,0,0,0,0,0,0,0,0,0,0,0,0,0,0,0,0,0,0
"8602056eba9f104692f2ddf8938871c5",0.0127319941751127,0,0,0,0,0,0,0,0,0,0,0,0,0,0,0,0,0,0,0,0,0,0,0,0,0,0,0,0
"7fc9d702ba352d52e7931c790a577f39",0,0,0.00152550646814742,0,0,0,0,0,0,0,0,0,0,0,0,0,0,0,0,0,0,0,0,0,0,0,0,0,0
"8b541735f380a800e25b1e0a7f433262",0,0,0,0,0,0.0585317765934506,0,0,0,0,0,0,0,0,0,0,0,0,0,0,0,0,0,0,0,0,0,0,0
"8717744be592c8beffade9c24a1887b2",0,0,0,0,0,0.040048057669203,0,0,0,0,0,0,0,0,0,0,0,0,0,0,0,0,0,0,0,0,0,0,0
"6f6f54809f824a18f2aedc481825fb7b",0,0,0,0,0,0.0677736360555744,0,0,0,0,0,0,0,0,0,0,0,0,0,0,0,0,0,0,0,0,0,0,0
"89c962e2643e3c9af6fa5614a3e57003",0.00477449781566725,0,0,0,0,0,0,0,0,0,0,0,0,0,0,0,0,0,0,0,0,0,0,0,0,0,0,0,0
"0528c8d6cf081ba719cf96cb550150fb",0,0,0,0,0,0.043128677489911,0,0,0,0,0,0,0,0,0,0,0,0,0,0,0,0,0,0,0,0,0,0,0
"e6141036b0768b50c8079ce8ba7222f9",0.0482754779139689,0.00677110417750043,0.3258045956972,0.00306599163750781,0.0455511691466748,0.511382890237516,0.0105394794713235,0.0529307352657108,0.0483364214935954,0.0333590211872011,0.045053923915186,0.0339029020884188,0.0150067230119093,0.0478804902962206,0.00606242154513294,0,0,0,0.00563931504879417,0,0,0,0.00103660780462016,0.00869964476450545,0,0,0.0215230740013927,0,0
"1b2f4342857d36d36a40ca1bdeb10c3c",0.00689649684485269,0,0,0,0,0.040048057669203,0,0,0,0,0,0,0,0,0,0,0,0,0,0,0,0,0,0,0,0,0,0,0
"fbc7e405b4d16da23a87995ad9f0c945",0,0,0,0,0,0,0,0,0,0,0,0,0,0,0,0,0,0,0,0,0,0.00133570495168087,0,0,0,0,0,0,0
"b5bf6ec98f96b1d92a5739d745b87ec8",0,0,0,0,0,0,0,0,0,0,0,0,0,0,0,0,0,0,0,0,0,0,0,0,0.00058173469407542,0,0,0,0
"b5025b678a3f3dfd092ec583dfd7f3d6",0,0,0,0,0,0.0646930162348665,0,0,0,0,0,0,0,0,0,0,0,0,0,0,0,0,0,0,0,0,0,0,0
"55eea1d4d02e89a3fec4e0d929946361",0.00318299854377817,0,0,0,0,0,0,0,0,0,0,0,0,0,0,0,0,0,0,0,0,0,0,0,0,0,0,0,0
"026600da36b900cf6ff6ee481b90793a",0.0275859873794108,0,0,0,0,0.14786975139398,0,0,0,0,0,0,0,0,0,0,0,0,0,0,0,0,0,0,0,0,0,0,0
"4afc7e5bf81aaf214149bfaa2ffa5edf",0.00265249878648181,0,0,0,0,0,0,0,0,0,0,0,0,0,0,0,0,0,0,0,0,0,0,0,0,0,0,0,0
"8b35589e4e1ef82328d78d533f5fa1a1",0,0,0,0,0,0,0,0,0,0.0135125149112713,0,0,0.00960430272762198,0.0287282941777324,0.00998516489786603,0.0247157686604053,0.0172456535563771,0.0138377660310519,0.0118425616024678,0,0,0.00489758482282987,0.0111435338996667,0.0108745559556318,0.0155129251753445,0,0.00221561055896689,0,0
"f816f5de71e4c19785cd5dfa8ee073db",0.00318299854377817,0,0,0,0,0.0123224792828317,0,0.00121679851185542,0,0.00358926177330645,0,0,0.00280125496222308,0,0.00641903457719959,0,0.00431141338909428,0,0.00197376026707796,0,0,0.00578805479061712,0.0285067146270544,0.0137744375438003,0.012992074834351,0,0,0,0
"71f6d6badec9a36484ea0f6bea464bc2",0.00901849587403814,0,0,0,0,0,0,0,0,0,0,0,0,0,0,0,0,0,0,0,0,0,0,0,0,0,0,0,0
"18e8b2bd0c2318ff13208d8febed727a",0.00742699660214905,0,0,0,0,0,0,0,0,0,0,0,0,0,0,0,0,0,0,0,0,0,0,0,0,0,0,0,0
"b6bae6e1c31423a1dfd8b925ac173939",0.00557024745161179,0,0,0,0,0,0,0,0,0,0,0,0,0,0,0,0,0,0,0,0,0,0,0,0,0,0,0,0
"4afdd249d06748b671d75d9cb109989d",0.00610074720890815,0,0,0,0,0,0,0,0,0,0,0,0,0,0,0,0,0,0,0,0,0,0,0,0,0,0,0,0
"fff6f2b1de224120c999dde9f25fcd0a",0.0610074720890815,0,0,0,0,0,0,0,0,0,0,0,0,0,0,0,0,0,0,0,0,0,0,0,0,0,0,0,0
"65f35a04bab9de1b0fa33126b4db52e7",0.0575592236666552,0,0,0,0,0,0,0,0,0,0,0,0,0,0,0,0,0,0,0,0,0,0,0,0,0,0,0,0
"36bf04a857c2cb66cc9cb9d09ff71ad4",0.00265249878648181,0,0,0,0,0,0,0,0,0,0,0,0,0,0,0,0,0,0,0,0,0,0,0,0,0,0,0,0
"63127b43a7584c83207f3213ebd51a60",0.00238724890783362,0,0,0,0,0,0,0,0,0,0,0,0,0,0,0,0,0,0,0,0,0,0,0,0,0,0,0,0
"16bc6160df59f42ec2c49c8ee41d95fc",0.0241377389569844,0,0,0,0,0,0,0,0,0,0,0,0,0,0,0,0,0,0,0,0,0,0,0,0,0,0,0,0
"d672caef391233490da769c3f156fc0a",0.022015739927799,0,0,0,0,0,0,0,0,0,0,0,0,0,0,0,0,0,0,0,0,0,0,0,0,0,0,0,0
"ae47cfe63095fcaf0afb228c7502cb66",0.00557024745161179,0,0,0,0,0,0,0,0,0,0,0,0,0,0,0,0,0,0,0,0,0,0,0,0,0,0,0,0
"ec716420b2bb28ff5cfc5b19edbe2dfa",0,0.0520020800832033,0.0581871752850518,0,0.0227755845733374,0.154030991035396,0.00304023446288178,0.00714869125715059,0.0483364214935954,0.0513053300537334,0.0732126263621772,0.0711960943856794,0.0380170316301703,0.0893769152196118,0.0823776104073947,0.130640491490714,0.0657490541836878,0,0.0157900821366237,0,0,0.0298307439208728,0.285585450172854,0.053889466180131,0.208454932043692,0.106681297244574,0.0400392479584731,0,0
"21ceeb224e15175f0c85797abce40d0a",0,0.0541688334200035,0.0658147076257889,0.00440736297891747,0.0227755845733374,0.107821693724777,0.00385096365298358,0.0124721847465181,0.0751899889900373,0.0622842484191413,0.107003069298567,0.0881475454298888,0.0482216032782687,0.0861848825331971,0.0977119707862604,0.0918014264529341,0.070060467572782,0.0525835109179974,0.0177638424037016,0.0434472271358967,0.0176639434753809,0.029608126428926,0.293360008707506,0.0664556197288611,0.236766020488696,0.158497927334796,0.0414635690320947,0.0364462137990973,0
"132a867d0cff8733fee3f3f6603f7dc6",0,0,0,0,0,0,0,0,0,0,0,0,0,0,0,0,0.00107785334727357,0,0,0,0,0,0,0,0,0,0,0,0
"efbf6366dde7be4e10d52c16b61604d2",0.00795749635944542,0,0,0,0,0,0,0,0,0,0,0,0,0,0,0,0,0,0,0,0,0,0,0,0,0,0,0,0
"acf08b911fd8cbbc0d6ddfb595496383",0.00795749635944542,0,0,0,0,0,0,0,0,0,0,0,0,0,0,0,0,0,0,0,0,0,0,0,0,0,0,0,0
"f3faa99f0acc0df8ae5f557d0ca39c08",0.0180369917480763,0,0,0,0,0,0,0,0,0,0,0,0,0,0,0,0,0,0,0,0,0,0,0,0,0,0,0,0
"492422c8881f2e782fccb0225f1c68ab",0.941637069201041,0,0,0,0,0,0,0,0,0,0,0,0,0,0,0,0,0,0,0,0,0,0,0,0,0,0,0,0
"4b609ca4250617d6e2827bb31e7fd2b0",0.00530499757296361,0,0,0,0,0,0,0,0,0,0,0,0,0,0,0,0,0,0,0,0,0,0,0,0,0,0,0,0
"fa7b14c7182ca146fc0261039890966f",0,0,0.0185240071132187,0,0,0,0,0,0,0,0,0,0,0,0,0,0,0,0,0,0,0,0,0,0,0,0,0,0
"91fa6ee5c19d623255d7e4df9204f876",0,0.015708961691801,0.00849925032253565,0,0,0,0,0,0,0,0,0,0,0,0,0,0,0,0,0,0,0,0,0,0,0,0,0,0
"8466f2635d9fbf9c51a04877474f3d09",0.0180369917480763,25.549813659213,19.9937236305311,3.25205900500906,2.74066201032493,0,2.62595184673975,1.39049649942278,2.23690217245361,0.463859300938486,0.275955283980514,0.200027122321671,0.134660327826866,0.210674157303371,0.0185438776674655,0,0.0210181402718346,0.0138377660310519,0.0465243491525519,0,0,0.00244879241141493,0.00544219097425584,0.000966627196056161,0,0,0,0,0
"7a276d152ba39f364356c6dc26a0f630",0,0.00541688334200035,0,0,0,0,0,0,0,0,0,0,0,0,0,0,0,0,0,0,0,0,0,0,0,0,0,0,0
"b9c18a25d45d96085a8dc107c559846e",0,0,0,0.00306599163750781,0,0,0,0,0,0,0,0,0,0,0,0,0,0,0,0,0,0,0,0,0,0,0,0,0
"32fde07abf6b53007080027dbf4cf88f",0,0,0.0113323337633809,0,0,0,0,0,0,0,0,0,0,0,0,0,0,0,0,0,0,0,0,0,0,0,0,0,0
"ae6befdc531c744b9165106d3c3f6739",0,0.0130005200208008,0,0,0,0,0,0,0,0,0,0,0,0,0,0,0,0,0,0,0,0,0,0,0,0,0,0,0
"78d8d3ec2ebd5e2a83e44647db0ce1a9",0,0,0,0,0,0,0,0.00060839925592771,0,0,0,0,0,0,0,0,0,0,0,0,0,0,0,0,0,0,0,0,0
"b6b5e5891c1c9819c1c42c0699647fdc",0,0,0,0.000766497909376952,0,0,0,0,0,0,0,0,0,0,0,0,0,0,0,0,0,0,0,0,0,0,0,0,0
"173a7aab3bd6f1f6811b232f07dc1c3c",0,0,0.00217929495449632,0,0,0,0,0,0,0,0,0,0,0,0,0,0,0,0,0,0,0,0,0,0,0,0,0,0
"7e03bedb15626308fa00007db009033d",0,0.00243759750390016,0,0,0,0,0,0,0,0,0,0,0,0,0,0,0,0,0,0,0,0,0,0,0,0,0,0,0
"f47e716aa12f00e50b727000440e1256",0,0.00866701334720055,0.0100247567906831,0,0,0,0,0,0,0,0,0,0,0,0,0,0,0,0,0,0,0,0,0,0,0,0,0,0
"7578a180cda060d7cd1d0948563f9f6d",0,0.0108337666840007,0,0,0,0,0,0,0,0,0,0,0,0,0,0,0,0,0,0,0,0,0,0,0,0,0,0,0
"54f9550f07f9d5c730eb5449e856d30a",0,0,0.00326894243174448,0,0,0,0,0,0,0,0,0,0,0,0,0,0,0,0,0,0,0,0,0,0,0,0,0,0
"36d76dffedbcada31ceaa357ebb4456f",0,0.0235634425377015,0,0,0,0,0,0,0,0,0,0,0,0,0,0,0,0,0,0,0,0,0,0,0,0,0,0,0
"5ab25dcdb272bc212f8833c23f30c16e",0,0,0.0725705219847275,0.0385165199461918,0,0,0.0168226306946125,0.0156662808401385,0,0,0,0,0.0362162248687412,0,0.00820209973753281,0,0,0,0,0,0,0,0,0,0,0,0,0,0
"d7df91c0a9354c5b73ddf9b28799ae43",0,0.00812532501300052,0.00326894243174448,0.00306599163750781,0,0,0.00121609378515271,0.0016730979538012,0,0.00316699568232922,0,0,0.00500224100396978,0,0,0,0,0,0.00563931504879417,0,0,0.0120213445651279,0.0038872792673256,0,0,0,0,0,0
"80696a8e4c14013684c162880b99abc9",0,0,0,0,0,0,0,0,0,0,0,0,0,0,0,0,0,0,0,0,0,0,0.0145125092646823,0,0,0,0,0,0
"506750e38fe1cebfe10a707f61a69479",0,0,0,0,0,0,0,0,0,0,0,0,0,0,0,0,0,0,0,0,0,0,0,0,0.00349040816445252,0,0,0,0
"14714ae799409c7a3851511d8e0e2b63",0,0,0,0,0,0,0,0,0,0,0,0,0,0,0,0,0,0,0,0,0,0.0218165142107876,0,0,0,0,0,0,0
"baeffa790bb6f528c4085a869a0d213e",0,0,0,0,0,0,0,0,0,0,0,0,0,0,0,0,0,0,0,0,0,0.0091273171698193,0,0,0,0,0,0,0
"4bc93160ffc2b1df098c42d0b0ad5ebc",0,0,0,0,0,0,0,0,0,0,0,0,0,0,0,0,0,0,0,0,0,0.00489758482282987,0,0,0,0,0,0,0
"5aed6ebc9b353e618d72d5595e755164",0,0,0,0,0,0,0,0,0,0,0,0,0,0,0,0,0,0,0,0,0,0,0.00596049487656593,0,0,0,0,0,0
"6ff49eba1a73bddf6f1013fcc786e610",0,0,0,0,0,0,0,0,0,0,0,0,0,0,0,0,0,0,0.0118425616024678,0,0,0,0,0,0,0,0,0,0
"9e188c20ff4d59650dfc2cb435a88512",0,0,0,0,0,0,0,0,0,0,0,0,0,0,0,0,0,0,0,0,0,0.0113534920892874,0,0,0,0,0,0,0
"0cfcb3be22238be1393c01bbede5d1d9",0,0,0,0,0,0,0,0,0,0,0,0,0,0,0,0,0,0,0,0,0,0,0.0228053717016435,0,0.0100834013639739,0,0,0,0
"5dfc291183ca333ed56e93c1c38c393c",0,0,0,0,0,0,0,0,0,0,0,0,0,0,0,0,0,0,0,0,0,0.0193677217993727,0,0,0,0,0,0,0
"b64cf0e9dea8cef6b9500b364c179b98",0,0,0,0,0,2.16259511413696,0,0,0.0214828539971535,0.240480538811532,0.0478697941598851,2.52915649579604,0.00520233064412857,2.03013278855975,5.29819981741413,4.60066379492974,2.07109520678616,1.03506489912269,8.95607819474247,20.8267386649288,20.1015676749834,33.923343892823,23.152117012289,1.3614944056451,9.79214619380685,7.93099244086808,0.653605114895233,0.944798003868906,0.170794192997438
"6eca1e8c47d098b26976cba1c2bfdfb8",0,0,0,0,0,0,0,0,0,0,0,0,0,0,0,0,0,0,0,0,0,0.00645590726645755,0,0,0,0,0,0,0
"fd0ef899d0206dcd4a78995587f93375",0,0,0,0,0,0,0,0,0,0,0,0,0,0,0,0,0.00161678002091035,0,0,0,0,0,0,0,0,0,0,0,0
"57f1eccafbbc205af5c052d2942967e6",0,0,0,0,0,0,0,0,0,0,0,0,0,0,0,0,0,0,0,0,0,0,0.00103660780462016,0,0,0,0,0,0
"d760d5214a39254043ef78c083b92a9e",0.000795749635944542,0,0,0,0,0,0,0,0,0,0,0,0,0,0,0,0,0,0,0,0,0,0,0,0,0,0,0,0
"6e01e4385cee37baa2cba8e4af01c030",0.0265249878648181,0,0,0,0,0.0985798342626536,0,0,0,0,0,0,0,0,0,0,0,0,0,0,0,0,0,0,0,0,0,0,0
"cd991e2f230049eb76c8e3b3fcece79f",0.0143234934470017,0,0,0,0,0,0,0,0,0,0,0,0,0,0.00213967819239986,0.028246592754749,0.0242517003136553,0.0304430852683143,0.0140982876219854,0.0155168668342488,0,0.0211486617349472,0.0290250185293645,0.0132911239457722,0.00756255102298046,0,0.0017408368677597,0,0
"84dfcd7f87afea16bd5fe5b6d98babb9",0.00636599708755633,0,0,0,0,0,0,0,0,0,0,0,0,0,0,0,0,0,0,0,0,0,0,0,0,0,0,0,0
"e808c9a57b23d000151dd0526336e8de",0.0177717418694281,0,0,0,0,0,0,0,0,0,0,0,0,0,0,0,0,0,0,0,0,0,0,0,0,0,0,0,0
"e12d0786351086c693d56af70d0e9234",0.00689649684485269,0,0,0,0,0,0,0,0,0,0,0,0,0,0,0,0,0,0,0,0,0,0,0,0,0,0,0,0
"78571689def5620061b622ab87a928ff",0.0230767394423917,0,0,0,0,0,0,0,0,0,0,0,0,0,0,0,0,0,0,0,0,0,0,0,0,0,0,0,0
"aca560400c046d00c063af6e4596f8d5",0.00742699660214905,0,0,0,0,0,0,0,0,0,0,0,0,0,0,0,0,0,0,0,0,0,0,0,0,0,0,0,0
"bbb066ff0d8c41323c27c93a1a3c35a7",0.0148539932042981,0,0,0,0,0,0,0,0,0,0,0,0,0,0,0,0,0,0,0,0,0,0,0,0,0,0,0,0
"b61c32f858381149fccfdf2f413f8f5b",0.00212199902918544,0,0,0,0,0,0,0,0,0,0,0,0,0,0,0,0,0,0,0,0,0,0,0,0,0,0,0,0
"2b9113180a7e1a8f4e25512f0191ff42",0.00928374575268632,0,0,0,0,0,0,0,0,0,0,0,0,0,0,0,0,0,0,0,0,0,0,0,0,0,0,0,0
"8dddc010930174c81129a400de4404f2",0,0,0,0,0,0.0338868180277872,0,0,0,0,0,0,0,0,0,0,0,0,0,0,0,0,0,0,0,0,0,0,0
"c8b7afd58453fa7f61cb3486e65de8f0",0.0153844929615945,0,0,0,0,0,0,0,0,0,0,0,0,0,0,0,0,0,0,0,0,0,0,0,0,0,0,0,0
"e79a45f432d0ccc86adbf9bbe7cef2a7",0.0114057447818718,0,0.000871717981798529,0,0,0.468254212747605,0,0,0,0,0,0.0169514510442094,0.00720322704571648,0.0191521961184883,0.0185438776674655,0.250688510698397,0.143354495187385,0.166053192372623,0.0214293971854179,0.0124134934673991,0.0309119010819165,0.00422973234698943,0.012957597557752,0.0130494671467582,0.082218503429326,0.21945866861741,0.171868076217003,0.266337716224172,0.29098269918082
"48ba7ddef24819311ff90ffc578df02e",0.0259944881075217,0,0,0,0,0,0,0,0,0,0,0,0,0,0,0,0,0,0,0,0,0,0,0,0,0,0,0,0
"3b04ef795d02d4d5ddc42f2c2598e1d7",0.0594159728171924,0,0,0,0,0,0,0,0,0,0,0,0,0,0,0,0,0,0,0,0,0,0,0,0,0,0,0,0
"1124da2808084f121dfa80f2ff96ad56",0.0095489956313345,0,0,0,0,0,0,0,0,0,0,0,0,0,0,0,0,0,0,0,0,0,0,0,0,0,0,0,0
"9f73559d08e3d2aebe9872ed20eb92cb",0.0164454924761872,0,0,0,0,0,0,0,0,0,0,0,0,0,0,0,0,0,0,0,0,0,0,0,0,0,0,0,0
"a5101276605bf3210b0c5801215f4c48",0.00689649684485269,0,0,0,0,0,0,0,0,0,0,0,0,0,0,0,0,0,0,0,0,0,0,0,0,0,0,0,0
"a69686fca845cb2a7dc332e3232d3b85",0,0,0,0,0,0,0,0,0,0,0,0,0,0,0,0,0,0,0,0,0,0,0,0.000724970397042121,0,0,0,0,0
"43dffb075674335d54d49850882a7c5e",0,0,0,0,0,0,0,0,0,0,0,0,0,0,0,0,0,0,0,0,0,0,0.000518303902310081,0,0,0,0,0,0
"9ab99324a368b3af929987cc1e2bb956",0,0,0,0,0,0,0,0,0,0,0,0,0,0,0,0,0,0,0,0,0,0.000445234983893624,0,0,0,0,0,0,0
"2ee31d39fe1412553e3cbaea7c8a4d67",0,0.000541688334200035,0,0,0,0,0,0,0,0,0,0,0,0,0,0,0,0,0,0,0,0,0,0,0,0,0,0,0
"d4967db74f90dc58ab34ae78957b3f4c",0.00185674915053726,0,0,0,0,0,0,0,0,0,0,0,0,0,0,0,0,0,0,0,0,0,0,0,0,0,0,0,0
"793ecb5ed65cd96425a35698e8ab9e78",0,0,0,0,0,0.0739348756969902,0,0.0717911121994698,0.112784983485056,0.0776969607398102,0.309745726916904,0.240710604827773,0.436395505186323,0.210674157303371,0.651888622617825,0.896829319963279,0.330900977612986,0.534137768798605,0.243336444355469,0.456195884926916,0.256127180393023,0.132902642692247,0.038613640722101,0.0147410647398565,0.0661238435599061,0.411485003657644,0.0544407165917579,0.061678207967703,0.227725590663251
"f4eb19fb222b9761a2b3e01340472691",0,0,0,0,0,0,0.000608046892576355,0,0,0,0,0,0,0,0,0,0,0,0,0,0,0,0,0,0,0,0,0,0
"a49becf5a5dbcb201f091757c62fc6bb",0,0,0,0,0,0.264933304580882,0.0117555732564762,0.102819474251783,0.255108891216198,0.0958544026518311,0.214006138597133,0.139001898562517,0.467209309770777,0.146833503575077,0.0599109893871962,0.469599604547701,0.435991678972159,0.0525835109179974,0.0197376026707796,0,0,0,0.00777455853465121,0.00434982238225272,0.00562343537606239,0.0182882223847842,0.00601380008862442,0,0.0442799759622988
"cefc5e0aafd4478065e1ffd5c5ad5f28",0.00106099951459272,0,0,0,0,0,0,0,0,0,0,0,0,0,0,0,0,0,0,0,0,0,0,0,0,0,0,0,0
"eb41af02b18dc957ef593cfd11261be5",0,0,0,0,0,0,0,0,0,0.00316699568232922,0,0,0,0,0,0,0,0,0,0,0,0,0,0,0,0,0,0,0
"ff6f97ce50ea01298f8e58b53b97d489",0,0.00920870168140059,0.0634174831758429,0.000574873432032714,0,0.0523705369520348,0.00121609378515271,0,0,0.0734742998300379,0.0957395883197702,0.186465961486303,0.0180080676142912,0.210674157303371,0.249985735478717,0.504907845491138,0.634316694870496,1.79060692441812,0.461295970991363,0.434472271358967,0.892029145506734,0.384683026084092,0.956011547810943,0.358618689736836,0.104712244933576,0.0640087783467447,0.0163005633981136,0,0
"201b998d07e1a35d39e59a0c3447f1e4",0,0,0,0,0,0,0,0,0,0,0,0,0,0,0,0,0,0,0,0,0,0,0.000518303902310081,0,0,0,0,0,0
"e598afcbd515415253ea79ca19ae57d7",0,0,0,0,0,0,0,0,0,0,0,0,0,0,0,0,0,0,0.00112786300975883,0,0,0,0,0,0,0,0,0,0
"487184f5513359baac0176c9a150e1ea",0,0,0,0,0,0,0,0,0,0,0,0,0,0,0,0,0,0,0,0,0,0,0,0.000483313598028081,0,0,0,0,0
"51eeae8786b6b3388d60ae581c58d45e",0,0,0.00414066041354301,0,0,0,0,0,0,0,0,0,0,0,0,0,0,0,0,0,0,0,0,0,0,0,0,0,0
"efbade8cc54695abfc5c07f21eecb6e7",0,0,0,0,0,0,0.273418419361835,0.215373336598409,0.2309406804694,0.191497672258173,0.107003069298567,0.135611608353675,0.390174798309643,0.242594484167518,0.0895098710487276,0.109455546924652,0.0625154941418671,0.0885617025987325,0.0101507670878295,0,0,0,0.00181406365808528,0,0,0,0,0,0
"7e614d8925e124b39916f22fdeb64c3f",0,0,0,0,0,0,0.0275647924634614,0,0,0.046027003916518,0,0,0,0,0,0,0,0,0,0,0,0,0,0,0,0,0,0,0
"f3ad21d8c8b2444a5dcf953349c6b70c",0.00344824842242635,0,0,0,0,0,0,0,0,0,0,0,0,0,0,0,0,0,0,0,0,0,0,0,0,0,0,0,0
"331b2c7da556a639972cc9b2d8a31aa8",0.00477449781566725,0,0,0,0,0,0,0,0,0,0,0,0,0,0,0,0,0,0,0,0,0,0,0,0,0,0,0,0
"535887d75db6f21831a65b42a9d5752f",0.101325453643605,0,0,0,0,0,0,0,0,0,0,0,0,0,0,0,0,0,0,0,0,0,0,0,0,0,0,0,0
"102a50cfda4d5e455c29fbee9573d838",0.00265249878648181,0,0,0,0,0,0,0,0,0,0,0,0,0,0,0,0,0,0,0,0,0,0,0,0,0,0,0,0
"2b62bf55e8226888eabfb4f4da82a02f",0.022015739927799,0,0,0,0,0,0,0,0,0,0,0,0,0,0,0,0,0,0,0,0,0,0,0.00676639037239313,0.00135738095284265,0,0.000949547382414383,0,0
"2c4a6ac5c683c0ac2ff669e92f2b02f2",0,0,0,0,0,0.00924185946212378,0,0,0,0,0,0,0,0,0,0,0,0,0,0,0,0,0,0,0,0,0,0,0
"a5ad9574a1f8aea06b6dfaff6eddfff7",0.0427052304623571,0,0,0,0,0,0,0,0,0,0,0,0,0,0,0,0,0,0,0,0,0,0,0,0,0,0,0,0
"dcf22aafce62a2d9046206ed47c5479e",0.00716174672350087,0,0,0,0,0,0,0,0,0,0,0,0,0,0,0,0,0,0,0,0,0,0,0,0,0,0,0,0
"d9b00c82e52301fcc6aeb62bd47aa2de",0,0,0,0,0,0.0369674378484951,0,0,0,0,0,0,0,0,0,0,0,0,0,0,0,0,0,0,0,0,0,0,0
"92392a51132c9a52e6656c5819c880c1",0.00159149927188908,0,0,0,0,0,0,0,0,0,0,0,0,0,0,0,0,0,0,0,0,0,0,0,0,0,0,0,0
"a0f6c74268278bbabab6228c59ca7f29",0,0,0,0.000766497909376952,0,0,0,0,0,0,0,0,0,0,0,0,0,0,0,0,0,0,0,0,0,0,0,0,0
"3a498beaed6b9c03eb1ecf8e82c1d4a4",0,0.000541688334200035,0,0,0,0,0,0,0,0,0,0,0,0,0,0,0,0,0,0,0,0,0,0,0,0,0,0,0
"91bb0084d37461aa2ed60cba5a003fc4",0,0,0,0,0,0,0,0,0,0,0,0,0,0,0,0,0,0,0,0,0,0.000890469967787249,0,0,0,0,0,0,0
"87671eb172dd57036886a3c5e0c4da8d",0,0,0,0,0,0,0,0,0,0,0,0,0,0,0,0,0,0,0,0,0,0,0,0,0.000387823129383613,0,0,0,0
"fce23542da16aacb812dcdafbecf051c",0,0,0,0,0,0,0,0,0,0,0,0,0,0,0,0,0,0,0.000563931504879417,0,0,0,0,0,0,0,0,0,0
"197e3a5e450911182da7403a01b477d5",0,0,0,0,0,0,0,0,0,0,0,0,0,0,0,0,0,0,0,0,0,0,0,0,0.000387823129383613,0,0,0,0
"3ce149b2036b09491c253ded0e4d44a0",0,0,0.00217929495449632,0,0,0,0,0,0,0,0,0,0,0,0,0,0,0,0,0,0,0,0,0,0,0,0,0,0
"c571cb007a7d9e2dfc56e8c0b4e24104",0,0.273552608771018,2.40833885421388,0.162497556787914,0.0759186152444579,1.50334247250547,0.327331910503605,0.128828542442693,0.657912403662827,0.138081011749554,0.273139413735815,0.294955248169243,0.181281213983865,0.3255873340143,0.0834474495035947,1.11927123790693,3.57308384621188,0.384689895663244,7.00318339334504,3.61232659901313,0.331198940163391,1.14714793600192,2.0410807672971,0.334694666634446,0.667249694104507,0.0579127042184833,0.0569728429448629,0.106535086489669,0.183445614700952
"731b491457472e36422564468f57fa8c",0.00106099951459272,0,0,0,0,0,0,0,0,0,0,0,0,0,0,0,0,0,0,0,0,0,0,0,0,0,0,0,0
"16e2e2408cedf8f9faae33004fb5eaa2",0,0,0,0,0,0.0215643387449555,0,0,0,0,0,0,0,0,0,0,0,0,0,0,0,0,0,0,0,0,0,0,0
"fb282bece926443e2ce880ef4c696c6e",0,0,0,0,0,0,0,0,0,0,0,0,0,0,0,0,0,0,0.00535734929635446,0,0,0,0,0,0,0,0,0,0
"e8279b17fcbd61e4b105b0a3d872b567",0,0,0,0,0,0,0,0,0,0,0,0,0,0,0,0,0,0,0.00563931504879417,0,0,0,0,0,0,0,0,0,0
"047ab7f37ccc35c6144cc1896bc32a69",0,0,0,0,0,0,0,0,0,0,0,0,0,0,0,0,0,0,0.00197376026707796,0,0,0,0,0,0,0,0,0,0
"e8c1e783e60161fe039cc419a3717b1f",0.154905929130537,0,0,0,0,0,0,0,0,0,0,0,0,0,0,0,0,0,0,0,0,0,0,0,0,0,0,0,0
"89078346e4907efe681d45f299ac15a4",0.00159149927188908,0,0,0,0,0,0,0,0,0,0,0,0,0,0,0,0,0,0,0,0,0,0,0,0,0,0,0,0
"9cb41b1fe78219846cde88d8c68f0dbe",0,0,0,0,0,0,0,0,0,0,0,0,0,0,0,0,0,0,0,0,0,0,0,0,0.000387823129383613,0,0,0,0
"8e7bd1c2bef6cba75457c867bea7fec1",0.00583549733025997,0,0,0,0,0,0,0,0,0,0,0,0,0,0,0,0,0,0,0,0,0,0,0,0,0,0,0,0
"7aaabccf2857ac0f0872b94bd0f656d3",0.00238724890783362,0,0,0,0,0,0,0,0,0,0,0,0,0,0,0,0,0,0,0,0,0,0,0,0,0,0,0,0
"b61513eef1a69690c5d43ca0cb8f5c1b",0.162598175611335,0,0,0,0,0,0,0,0,0,0,0,0,0,0,0,0,0,0,0,0,0,0,0,0,0,0,0,0
"e5f056df23811f3fe0e48de4aafd0d9b",0.0289122367726517,0,0,0,0,0,0,0,0,0,0,0,0,0,0,0,0,0,0,0,0,0,0,0,0,0,0,0,0
"f213ec50ee3f0c0c4a7b47b321d081a9",0.0206894905345581,0,0,0,0,0,0,0,0,0,0,0,0,0,0,0,0,0,0,0,0,0,0,0,0,0,0,0,0
"e1d678e0c2f5463421eec27874b0fab3",0.082227462380936,0,0,0,0,0,0,0,0,0,0,0,0,0,0,0,0,0,0,0,0,0,0,0,0,0,0,0,0
"cb6ed263fa824af0ae08633dc7c0583e",0.0230767394423917,0,0,0,0,0,0,0,0,0,0,0,0,0,0,0,0,0,0,0,0,0,0,0,0,0,0,0,0
"9cbf0954f06d3ad4ffa822ec80a7f4af",0.00663124696620451,0,0,0,0,0.0338868180277872,0,0,0,0,0,0,0,0,0,0,0,0,0,0,0,0,0,0,0,0,0,0,0
"922daae168c740d829141c432a8cdcd1",0.00291774866512999,0,0,0,0,0,0,0,0,0,0,0,0,0,0,0,0,0,0,0,0,0,0,0,0,0,0,0,0
"48b26cded54a8218c60048b74bfa5256",0.00610074720890815,0,0,0,0,0,0,0,0,0,0,0,0,0,0,0,0,0,0,0,0,0,0,0,0,0,0,0,0
"703b123d3cbe4a7e8c02253f1f55d261",0.0122014944178163,0,0,0,0,0,0,0,0,0,0,0,0,0,0,0,0,0,0,0,0,0,0,0,0,0,0,0,0
"acfe0924c0f9c6ca3720854b5b458d54",0.00583549733025997,0.0793573409603051,0.200713065309111,0.0122639665500312,0.0354286871140804,0,0,0.00638819218724096,0,0.110000316699568,0.0788443668515755,0,0.00540242028428736,0,0.0424369508159306,0.0459007132264671,0.0328745270918439,0,0.00479341779147505,0,0,0.0151379894523832,0.0621964682772097,0.00604141997535101,0.045181394573191,0.0365764447695684,0.00902070013293663,0.0196248843533601,0
"20823322077cf511c8eff4f0840466fd",0,0,0,0.0507804864962231,0,0.0338868180277872,0.0168226306946125,0.0573416298711867,0.0913021294879025,0.0101343861834535,0,0.0406834825061025,0.00760340632603406,0.0734167517875383,0,0,0.0247906269872921,0.0221404256496831,0,0,0,0.0151379894523832,0.119728201433629,0.0321403542688674,0.0108590476227412,0,0.0118693422801798,0,0
"ef7c28bb28866912b76003ee110bdf6b",0.00159149927188908,0,0,0,0,0.0338868180277872,0,0,0,0,0,0,0.00100044820079396,0,0.00249629122446651,0,0,0,0,0,0,0,0,0.00314153838718252,0.00756255102298046,0,0.00680508957396974,0,0.0126514217035139
"d863bc6a2fa6a8a93787e45a6abe3304",0.00265249878648181,0,0,0,0,0.0184837189242476,0.00567510433071265,0.0745289088511445,0.319557453207659,0.278484486999483,0.137977641990257,0.115269867100624,0.0736329875784351,0.0734167517875383,0.042080337783864,0.0529623614151543,0.0140120935145564,0,0.0448325546379137,0.0962045743723427,0,0.206811650018589,0.551216200106771,0.193083782412218,0.0238511224570922,0,0.0395644742672659,0.0196248843533601,0
"41f01f3e3cbf6beb908ae1ebb553208e",0,0,0,0,0,0,0,0,0,0,0,0,0,0,0,0,0,0,0.0138163218695457,0,0,0.0131344320248619,0.0419826160871165,0,0.035097993209217,0.0975371860521824,0,0,0
"6cec0bfed5ae5027a2002e200c4f71eb",0.00477449781566725,0,0,0,0,0,0,0,0,0,0,0,0,0,0,0,0,0,0,0,0,0,0,0,0,0,0,0,0
"c19a1c0bb75e671f02df2cbb306949d9",0.00583549733025997,0,0,0,0,0,0,0,0,0,0,0,0,0,0,0,0,0,0,0,0,0,0,0,0,0,0,0,0
"443d26a763fcf25a1b45a2fc51d1d322",0.010344745267279,0,0,0,0,0,0,0,0,0,0,0,0,0,0,0,0,0,0,0,0,0,0,0,0,0,0,0,0
"99d585f7c8f524fa04880f847f0a31da",0.00875324599538996,0,0,0,0,0,0,0,0,0,0,0,0,0,0,0,0,0,0,0,0,0,0,0,0,0,0,0,0
"4561fef494acf771179203cc14f5d372",0.0129972440537608,0,0,0,0,0,0,0,0,0,0,0,0,0,0,0,0,0,0,0,0,0,0,0,0,0,0,0,0
"d70d68ad9dc93090cde7d27dd19cbd6c",0,0,0,0,0,0.231046486553094,0,0,0,0,0,0,0,0,0,0,0,0,0,0,0,0,0,0,0,0,0,0,0
"91b0e901cfecbf218fbaa882071bc0ff",0.00689649684485269,0,0,0,0,0,0,0,0,0,0,0,0,0,0,0,0,0,0,0,0,0,0,0,0,0,0,0,0
"140e40cb48f1dfbda216a1267bb28fc5",0,0,0,0,0,0.0154030991035396,0,0,0,0,0,0,0,0,0,0,0,0,0,0,0,0,0,0,0,0,0,0,0
"573471302da724edb5d0fa958385fb6d",0,0.000812532501300052,0.00196136545904669,0,0,0,0,0,0,0,0,0.0135611608353675,0.00120053784095275,0,0.00213967819239986,0,0.00754497343091499,0,0.00733110956343243,0,0,0.000667852475840437,0.00181406365808528,0,0,0,0.000474773691207191,0,0
"393ff3cc732c5e98dfc18b434623f9e9",0,0,0,0,0,0,0,0,0,0,0,0,0,0,0,0,0,0.0110702128248416,0,0,0,0,0,0,0,0,0,0,0
"f988ea53dbaa37384a49d4315240db30",0.051458476457747,0.00108337666840007,0.000653788486348896,0,0,0,0,0,0,0,0,0,0,0,0,0,0,0,0,0,0,0,0,0,0,0,0,0,0
"5f452e591d65c3a4fee53f0cc354ea72",0.00371349830107453,0,0,0,0,0,0,0,0,0,0,0,0,0,0,0,0,0,0,0,0,0,0,0,0,0,0,0,0
"c8feb8ca9cb7d65e44118c2b9afc7324",0,0,0,0,0,0.0338868180277872,0,0,0,0,0,0,0,0,0,0,0,0,0,0,0,0,0,0,0,0,0,0,0
"8a5b1b1f58eaa67ae9c35c6521b3eb71",0.00848799611674178,0,0,0,0,0,0,0,0,0,0,0,0,0,0,0,0,0,0,0,0,0,0,0,0,0,0,0,0
"99b459540b7b4682716095be1962981e",0.0379307326466898,0,0,0,0,0.175595329780352,0,0,0,0,0,0,0,0,0,0,0,0,0,0,0,0,0,0,0,0,0,0,0
"9e1c950d882ef8c3e0f61aa7ec52060e",0.0114057447818718,0,0,0,0,0,0,0,0,0,0,0,0,0,0,0,0,0,0,0,0,0,0,0,0,0,0,0,0
"d2e381c85060771ec94f8f66bf491409",0.0111404949032236,0,0,0,0,0,0,0,0,0,0,0,0,0,0,0,0,0,0,0,0,0,0,0,0,0,0,0,0
"3ade0fa13e56aac194bb3373200d6def",0.22307514794312,0,0,0,0,2.70170358276085,0,0,0,0,0,0,0,0,0,0,0,0,0,0,0,0,0,0,0,0,0,0,0
"bfc10ae6c8d6d83371b3bd138d881468",0.00557024745161179,0,0,0,0,0,0,0,0,0,0,0,0,0,0,0,0,0,0,0,0,0,0,0,0,0,0,0,0
"9b38c83e9f4e2a1c9ccca312a8701603",0.0694954682058233,0,0,0,0,0.545269708265303,0,0,0,0,0,0,0,0,0,0,0,0,0,0,0,0,0,0,0,0,0,0,0
"614e12aec73ab6030db3c1a7f5141bba",0.022015739927799,0,0,0,0,0.200240288346015,0,0,0,0,0,0,0,0,0,0,0,0,0,0,0,0,0,0,0,0,0,0,0
"60ac965b34c1883a7fe6e2307252fd16",0.00583549733025997,0,0,0,0,0,0,0,0,0,0,0,0,0,0,0,0,0,0,0,0,0,0,0,0,0,0,0,0
"84444bac9dbd64e8d26d1a9dcfc67902",0.00530499757296361,0,0,0,0,0,0,0,0,0,0,0,0,0,0,0,0,0,0,0,0,0,0,0,0,0,0,0,0
"ef9fddde19882aba901f1b0419ec09d8",0.0893892091044368,0,0,0,0,0.329626320815748,0,0,0,0,0,0,0,0,0,0,0,0,0,0,0,0,0,0,0,0,0,0,0
"c487c317433b2236a0872af25cb3b3de",0.0111404949032236,0,0,0,0,0,0,0,0,0,0,0,0,0,0,0,0,0,0,0,0,0,0,0,0,0,0,0,0
"6ec0be7c85b5b47c579ebdb9c3cba2b3",0,0,0,0,0,0.0184837189242476,0,0,0,0,0,0,0,0,0,0,0,0,0,0,0,0,0,0,0,0,0,0,0
"a061d8883eca2028db1d268500722130",0.695750431694177,0.030876235049402,0.130975626765229,0.1446764803949,0.394776799271181,0.616123964141585,0.0903963046963515,0.0584063285690602,0.341040307204812,0.504607978717789,1.40511925210486,0.474640629237863,0.258915994365476,0.501149131767109,0.184012324546388,0.48725372501942,0.356230531273915,0.318268618714195,0.363735820647224,0.251373242714831,0.19430337822919,0.0525377280994477,0.0243602834085738,0.0198158575191513,0.240838163347224,0.789441599609851,0.483636133443059,0.269141271131795,0.762248157636714
"3343d19c0bc1759a66023cbc86c92592",0.712461174049013,0.0408974692321026,0.114195055615607,0.150425214715227,0.369470594189695,0.807122393025477,0.0893828932087243,0.0695096149897409,0.338354950455168,0.58821666473128,1.43046208430716,0.535665852997017,0.300334549878346,0.593718079673136,0.232868309939518,0.515500317774168,0.356230531273915,0.401295214900506,0.361480094627707,0.353784563820873,0.264959152130713,0.0592162528578521,0.0409460082824964,0.0248906502984461,0.243165102123526,0.832114118507681,0.523358865607394,0.294373265300401,0.736945314229687
"71f4b4a0a56c9a9b81c740f6e3a18596",0,0,0,0,0,0,0,0,0,0,0,0,0,0,0,0,0,0,0,0,0,0,0,0,0,0,0.000791289485345319,0,0
"ed2d2e8b1f87bc9682f5032af247e55d",0,0,0,0,0,0,0,0,0,0,0,0,0,0,0,0,0,0,0,0,0,0,0,0,0,0,0.00142432107362157,0,0
"f9ceb4443de3c6d51433fa57c3ade975",0.00159149927188908,0,0,0,0,0,0,0,0,0,0,0,0,0,0,0,0,0,0,0,0,0,0,0,0,0,0,0,0
"639e75a54d67c9dc93cfa31100bdc6d9",0.000530499757296361,0,0,0,0,0.0215643387449555,0,0,0,0,0,0,0,0,0,0,0,0,0,0,0,0,0,0,0,0,0,0,0
"e96b5191533b55b247369d8649d8458d",0.000795749635944542,0,0,0,0,0.0215643387449555,0,0,0,0,0,0,0,0,0,0,0,0,0,0,0,0,0,0,0,0,0,0,0
"ca532c83e87eb3e76511a71e9abf28c2",0.00371349830107453,0,0,0,0,0,0,0,0,0,0,0,0,0,0,0,0,0,0,0,0,0,0,0,0,0,0,0,0
"a5430f5f1cd228c78aa55db13ff1fa92",0,0,0,0,0,0.0154030991035396,0,0,0,0,0,0,0,0,0,0,0,0,0,0,0,0,0,0,0,0,0,0,0
"022ced45e53557d101111cdb41f49f4e",0.00212199902918544,0,0,0,0,0,0,0,0,0,0,0,0,0,0,0,0,0,0,0,0,0,0,0,0,0,0,0,0
"b0e58cfa126744dd348459cfe85bb1eb",0,0,0,0,0,0.0123224792828317,0,0,0,0,0,0,0,0,0,0,0,0,0,0,0,0,0,0,0,0,0,0,0
"8a2c442a314a7a38b0dd2f26401b5bbb",0,0,0,0,0,0,0,0,0,0,0,0,0,0,0,0,0,0,0,0,0,0,0,0,0.000387823129383613,0,0,0,0
"66e3776391b519ba25ba547c36135f4e",0,0,0,0,0,0,0,0.000304199627963855,0,0,0,0,0,0,0,0,0,0,0,0,0,0,0,0,0,0,0,0,0
"021829170463632e041095dab11c0e95",0.000530499757296361,0,0,0,0,0,0,0,0,0,0,0,0,0,0,0,0,0,0,0,0,0,0,0,0,0,0,0,0
"d2c4d0b9b096e695d6d16b4f00ac4eea",0,0,0,0,0,0.00616123964141585,0,0,0,0,0,0,0,0,0,0,0,0,0,0,0,0,0,0,0,0,0,0,0
"8b36978991475cb71d3317e4daaf9e1a",0.00291774866512999,0,0,0,0,0,0,0,0,0,0,0,0,0,0,0,0,0,0,0,0,0,0,0,0,0,0,0,0
"690ef1f68aa77e7be7d8be58f2815e17",0.000795749635944542,0,0,0,0,0,0,0,0,0,0,0,0,0,0,0,0,0,0,0,0,0,0,0,0,0,0,0,0
"d21206f5365da44b1152796d3281ae34",0.00106099951459272,0,0,0,0,0,0,0,0,0,0,0,0,0,0,0,0,0,0,0,0,0,0,0,0,0,0,0,0
"cdf9c0d20f5126703fb280903f147bf1",0,0,0,0,0,0.0123224792828317,0,0,0,0,0,0,0,0,0,0,0,0,0,0,0,0,0,0,0,0,0,0,0
"a5ea8c2ae0dc9882cf9358924dd4f453",0.836067617499065,0.0270844167100017,0.00392273091809338,0.0611282082728119,0,0,0.00466169284308539,0.0033461959076024,0.0456510647439512,0.00506719309172675,0,0,0.000800358560635165,0,0,0,0,0,0,0,0,0,0,0,0.00058173469407542,0,0.00633031588276255,0,0
"d48429274cd09a4257ad8b24c009e8fd",1.53447054797972,0.0947954584850061,0.0128578402315283,0.0182043253477026,0.0101224820325944,0,0.00182414067772907,0.00395459516353011,0,0,0,0,0,0,0,0,0,0,0,0,0,0,0,0,0,0,0.0034816737355194,0,0
"3a3ec4d864ef71a4f7170d7d7610bfb4",0,0,0,0,0,0,0,0,0.0161121404978651,0,0,0,0,0,0,0,0,0,0,0,0,0,0,0,0,0,0,0,0
"2096bed8d8d3c009cd128c5f66954ed4",0.0689649684485269,0,0,0,0,0.844089830873972,0,0,0,0,0,0,0,0,0,0,0,0,0,0,0,0,0,0,0,0,0,0,0
"f58368d26234da28cbe5f17910c56a6c",0.00610074720890815,0,0,0,0,0.0646930162348665,0,0,0,0,0,0,0,0,0,0,0,0,0,0,0,0,0,0,0,0,0,0,0
"051d14c7d7e9a5358e8da8a52b48bca3",0.154110179494593,0,0,0,0,0,0,0,0,0,0,0,0,0,0,0,0,0,0,0,0,0,0,0,0,0,0,0,0
"8d5944568187ed9a8816af5b209b8838",0,0,0,0,0,0.00616123964141585,0,0,0,0,0,0,0,0,0,0,0,0,0,0,0,0,0,0,0,0,0,0,0
"c5f63d06bc0e136c998bf43f719776c3",0.0742699660214905,0,0,0,0,0,0,0,0,0,0,0,0,0,0,0,0,0,0,0,0,0,0,0,0,0,0,0,0
"1cb61b915d95b3ecc06c6a25f791670e",0.0376654827680416,0,0,0,0,0,0,0,0,0.000844532181954459,0,0,0,0,0,0,0,0,0,0,0,0,0,0,0,0,0,0,0
"064e7947486f134d07b9324e84d0c253",0,0,0,0,0,0.0215643387449555,0,0,0,0,0,0,0,0,0,0,0,0,0,0,0,0,0,0,0,0,0,0,0
"1541d3f52b75573d379c2d7efdd61f0e",0.0143234934470017,0,0,0,0,0,0,0,0,0,0,0,0,0,0,0,0,0,0,0,0,0,0,0,0,0,0,0,0
"96398d60ccf2d88da5d9684892c6a610",0,0,0,0,0,0.10474107390407,0,0,0,0,0,0,0,0,0,0,0,0,0,0,0,0,0,0,0,0,0,0,0
"39cb04a51e62389c21d35e2d695d65ee",0,0,0,0,0,0.0277255783863713,0,0,0,0,0,0,0,0,0,0,0,0,0,0,0,0,0,0,0,0,0,0,0
"8102b0f64f0661286e71a73878df9ce7",0.00371349830107453,0,0,0,0,0,0,0,0,0,0,0,0,0,0,0,0,0,0,0,0,0,0,0,0,0,0,0,0
"ebd4d8e08540f7586c3a30987c6ef7b0",0.00185674915053726,0,0,0,0,0,0,0,0,0,0,0,0,0,0,0,0,0,0,0,0,0,0,0,0,0,0,0,0
"8442bd30ea2bf39ad3c2136197a0b861",0,0,0,0,0,0.141708511752565,0,0,0,0,0,0,0,0,0,0,0,0,0,0,0,0,0,0,0,0,0,0,0
"b4047348b90c6f16b7fba7f7330bf87e",0.00106099951459272,0,0,0,0,0.388158097409199,0,0,0,0,0,0,0,0,0,0,0,0,0,0,0,0,0,0,0,0,0,0,0
"b800c963feb00fb8c515a42b85eb4ceb",0,0,0,0,0,0.0585317765934506,0,0,0,0,0,0,0,0,0,0,0,0,0,0,0,0,0,0,0,0,0,0,0
"64b0ba388dd3728a36854c2f014b3129",0.00265249878648181,0,0,0,0,0.194079048704599,0,0,0,0,0,0,0,0,0,0,0,0,0,0,0,0,0,0,0,0,0,0,0
"16a50c451d24ff31bdf03c837c1f2532",0,0,0,0,0,0.141708511752565,0,0,0,0,0,0,0,0,0,0,0,0,0,0,0,0,0,0,0,0,0,0,0
"3ffbac564ae83148bbb18197b7093464",0,0,0,0,0,0.0277255783863713,0,0,0,0,0,0,0,0,0,0,0,0,0,0,0,0,0,0,0,0,0,0,0
"951e9b0abcfa75745329f789c2130b9d",0,0,0,0,0,0.0585317765934506,0,0,0,0,0,0,0,0,0,0,0,0,0,0,0,0,0,0,0,0,0,0,0
"17f8b49438a29eaf0a8f6cbcb54e1748",0,0,0,0,0,0.301900742429377,0,0,0,0,0,0,0,0,0,0,0,0,0,0,0,0,0,0,0,0,0,0,0
"528c8b62a54ebc17e9ffc1c72eb8e546",0,0,0,0,0,0.0462092973106189,0,0,0,0,0,0,0,0,0,0,0,0,0,0,0,0,0,0,0,0,0,0,0
"65060a69d6f289e1ed088bae5510fc9f",0,0,0,0,0,0.295739502787961,0,0,0,0,0,0,0,0,0,0,0,0,0,0,0,0,0,0,0,0,0,0,0
"a8344a3e067f4d413618e226f05fa43b",0,0,0,0,0,0.0123224792828317,0,0,0,0,0,0,0,0,0,0,0,0,0,0,0,0,0,0,0,0,0,0,0
"4767afde4b029b318194cf99b257de2d",0,0,0,0,0,0,0,0,0,0.00485606004623814,0,0,0.00520233064412857,0.00957609805924413,0.00106983909619993,0,0,0,0,0,0,0,0.00155491170693024,0,0,0,0,0,0
"e4584b51fe909644e9845c5dc09526e9",0,0.00352097417230023,0.00719167334983786,0,0,0,0,0,0,0,0,0,0,0,0,0,0,0,0,0,0,0,0,0,0,0,0,0,0
"f34375ad68967fbbb5c6ca6b32bea110",0.000795749635944542,0,0,0,0,0,0,0,0,0,0,0,0,0,0,0,0,0,0,0,0,0,0,0,0,0,0,0,0
"eb689bb0db80cb3fc1f81366f262fd18",0.0331562348310226,0,0,0,0,0,0,0,0,0,0,0,0,0,0,0,0,0,0,0,0,0,0,0,0,0,0,0,0
"bbb265fb3e7a0752ebf597a8844bfc16",0.00265249878648181,0,0,0,0,0,0,0,0,0,0,0,0,0,0,0,0,0,0,0,0,0,0,0,0,0,0,0,0
"800e0527da5f9218e61c70f7d0ec8715",0,0,0,0,0,0,0,0,0,0,0,0,0,0,0,0,0,0,0,0,0,0,0,0.00217491119112636,0.0236572108924004,0.0152401853206535,0.0175666265746661,0,0
"1581160c6777728d48e08fa9b5537a7f",0,0,0,0,0,0.0123224792828317,0,0,0,0,0,0,0,0,0,0,0,0,0,0,0,0,0,0,0,0,0,0,0
"e7a13ec86ee02e4891bd50da7bb8f534",0.000795749635944542,0,0,0,0,0,0,0,0,0,0,0,0,0,0,0,0,0,0,0,0,0,0,0,0,0,0,0,0
"70695a2dd2306734e7c9ea68f7ce51b0",0,0,0,0,0,0.0215643387449555,0,0,0,0,0,0,0,0,0,0,0,0,0,0,0,0,0,0,0,0,0,0,0
"9b29795b6a07b073b71d5196ded69d85",0,0,0,0,0,0.0308061982070793,0,0,0,0,0,0,0,0,0,0,0,0,0,0,0,0,0,0,0,0,0,0,0
"281228d4a8faf2330f12bda44eeeb6af",0.0448272294915425,0,0,0,0,0.0708542558762823,0,0,0,0,0,0,0,0,0,0,0,0,0,0,0,0,0,0,0,0,0,0,0
"0cdf6b354c008cd74c18af9f484f8bf7",0.0387264822826344,0,0,0,0,0,0,0,0,0,0,0,0,0,0,0,0,0,0,0,0,0,0,0,0,0,0,0,0
"1f003e944f4c451188139f78a4dbead3",0.0013262493932409,0,0,0,0,0,0,0,0,0,0,0,0,0,0,0,0,0,0,0,0,0,0,0,0,0,0,0,0
"e561c5c5f92aa66e6b1befb81385d1fc",0.073474216385546,0,0,0,0,3.33323064600598,0,0,0,0,0,0,0,0,0,0,0,0,0,0,0,0,0,0,0,0,0,0,0
"fa7645eda32b4e6cfa5a7641e34be6b8",0.00795749635944542,0,0,0,0,0.0338868180277872,0,0,0,0,0,0,0,0,0,0,0,0,0,0,0,0,0,0,0,0,0,0,0
"cd26adf889179ccd2d1b553ce33b5276",0,0,0,0,0,0,0,0,0,0,0,0,0,0,0,0,0,0,0,0,0,0,0,0,0.00058173469407542,0,0,0,0
"6ccc148642fc55d9ec07d0d348c37148",0,0,0,0,0,0,0,0,0,0,0,0,0,0,0,0,0,0,0,0,0,0,0.0012957597557752,0,0,0,0,0,0
"a5723c72b7103b8c043b31cab7252af4",0.000530499757296361,0,0,0,0,0,0,0,0,0,0,0,0,0,0,0,0,0,0,0,0,0,0,0,0,0,0,0,0
"43a52ec4605b37f3671b33e61ff6fedd",0.0482754779139689,0,0,0,0,0.0893379748005299,0,0,0,0,0,0,0,0,0,0,0.0485034006273106,0.163285639166413,0.111940403718564,0.114824814573441,0,0.0227069841785748,0.431228846721987,0.431599043039076,0.323444489905933,0.134113630821751,0.226941824397037,0.224284392609829,0.189771325552709
"5976a56adfe903f7348b5eb5689e3c55",0.086736710317955,0,0,0.00191624477344238,0,0.221804627090971,0.00425632824803449,0.00486719404742168,0,0,0,0,0,0,0.0146211343147324,0.0317774168490926,0.139582008471927,0.404062768106717,0.228956190981043,0.173788908543587,0.0927357032457496,0.0454139683571497,0.786785323706702,0.842898914960972,0.61819006823748,0.283467446964155,0.43774134329303,0.476604334295887,0.471265458455894
"a5f80c6cfc12861f45f935186dc8a472",0,0,0,0,0,0,0,0,0,0,0,0,0,0,0,0,0,0,0,0,0,0,0,0.000724970397042121,0,0,0,0,0
"ec92f6331d8ecb50e3f0dee8fbf3bcb0",0.0387264822826344,0.0956079909863061,0.014819205690575,3.04663756529604,1.03755440834093,0.0492899171313268,1.19501482621006,1.4029686841693,2.39265286393297,0.210077380261172,0.295666375693408,0.115269867100624,0.0396177487514406,0.194713993871297,0.113046331165126,0.727349763434786,0.160600148743762,0.107934575042205,0.0420128971135166,0.0775843341712441,0.0264959152130713,0.00690114225035118,0.00466473512079072,0.0171576327299969,0.0145433673518855,0.0152401853206535,0.0113945685889726,0.0252319941686058,0.0253028434070279
"27bf144e99719b4fc317b863187fbb02",0,0,0,0.00344924059219628,0,0,0,0,0,0,0,0,0,0,0,0,0,0,0,0,0,0,0,0,0,0,0,0,0
"ea156f972cd3802c3fac147e4200ba7a",0.173208170757262,1.28596810539088,3.01658007601381,0.17859401288483,0.642777609069744,0,0.0454008346457012,0.0416753490310481,0.0510217782432396,0.00928985400149904,0,0,0,0,0,0,0,0,0,0,0,0.00489758482282987,0.0150308131669923,0,0,0,0.0102867633094891,0,0
"f72ad3c33ad74ea254f94c0bc91ae25c",0,0,0.00283308344084522,0,0,0,0,0,0,0,0,0,0,0,0,0,0,0,0,0,0,0,0,0,0,0,0,0,0
"07c98191a29a6be9185f213be81a429f",0.0875324599538996,0,0,0,0,0,0,0,0,0,0,0,0,0,0,0,0,0,0,0,0,0.00467496733088306,0.0152899651181474,0,0,0,0.00395644742672659,0,0
"9d169a06854ffc97e3fa36d6dad78813",0.0153844929615945,0.031688767550702,0.109400606715715,0.0103477217765889,0,0,0.018849453669867,0.00851758958298794,0,0.00380039481879506,0,0,0,0,0,0,0,0,0,0,0,0,0.0165857248739226,0,0,0,0.00759637905931506,0,0
"67eb9981d1bfffccac7b787cebaaa01b",0.0442967297342461,0,0,0,0,0,0,0,0,0,0,0,0,0,0,0,0,0,0,0,0,0,0,0,0,0,0,0,0
"c3764288be8ac8815185c4ee6d913e81",0.0297079864085962,0,0,0,0,0.74242937679061,0,0,0,0,0,0,0,0,0,0,0,0,0,0,0,0,0,0,0,0,0,0,0
"52bbb433f19eef3b3b7f88453db7aeb4",0.00265249878648181,0,0,0,0,0,0,0,0,0,0,0,0,0,0,0,0,0,0,0,0,0,0,0,0,0,0,0,0
"e483374dd89381965dff8470a89a4e50",0,0,0,0,0,0.0246449585656634,0,0,0,0,0,0,0,0,0,0,0,0,0,0,0,0,0,0,0,0,0,0,0
"85dbf4fc6f45d7715479fc3c5cb4f1ff",0,0,0,0,0,0.0184837189242476,0,0,0,0,0,0,0,0,0,0,0,0,0,0,0,0,0,0,0,0,0,0,0
"58170f812d875827788d594fb6ddd4ce",0.00928374575268632,0,0,0,0,0,0,0,0,0,0,0,0,0,0,0,0,0,0,0,0,0,0,0,0,0,0,0,0
"65db89cb7753aa9ae2885315cf5ffe04",0.102651703036846,0,0,0,0,0.160192230676812,0,0,0,0,0,0,0,0,0,0,0,0,0,0,0,0,0,0,0,0,0,0,0
"b65ddb808f41ed58f0a87829f790124c",0.434214051347072,0,0,0,0,0.628446443424417,0,0,0,0,0,0,0,0,0,0,0,0,0,0,0,0,0,0,0,0,0,0,0
"089e886fa6644f9380d46e458a8bf9d6",0.00238724890783362,0,0,0,0,0,0,0,0,0,0,0,0,0,0,0,0,0,0,0,0,0,0,0,0,0,0,0,0
"fd7a5cc9867e21d1dade60af858d894d",0,0,0,0,0,0.043128677489911,0,0,0,0,0,0,0,0,0,0,0,0,0,0,0,0,0,0,0,0,0,0,0
"5e50cb741e9eab308f75b6cb95a3ec92",0,0,0,0,0,0.26801392440159,0,0,0,0,0,0,0,0,0,0,0,0,0,0,0,0,0,0,0,0,0,0,0
"432a02504adb954775f641117e6d7b14",0.00530499757296361,0,0,0,0,0.844089830873972,0,0,0,0,0,0,0,0,0,0,0,0,0,0,0,0,0,0,0,0,0,0,0
"155e05f619ce3d99d02490b7cf22ffb5",0,0,0,0,0,0.243368965835926,0,0,0,0,0,0,0,0,0,0,0,0,0,0,0,0,0,0,0,0,0,0,0
"dd6cd878e1ac746a5df199e3ea0152a2",0.00344824842242635,0,0,0,0,0,0,0,0,0,0,0,0,0,0,0,0,0,0,0,0,0,0,0,0,0,0,0,0
"24d1b9eb90c847a42a0dc2c748b53fd5",0.00291774866512999,0,0,0,0,0,0,0,0,0,0,0,0,0,0,0,0,0,0,0,0,0,0,0,0,0,0,0,0
"4c4c77a6783079489f146bf3f51d11e6",0.0108752450245754,0,0,0,0,0,0,0,0,0,0,0,0,0,0,0,0,0,0,0,0,0,0,0,0,0,0,0,0
"5e8cb8936e86bcb9e20967ca9886dde2",0,0,0,0,0,0.0246449585656634,0,0,0,0,0,0,0,0,0,0,0,0,0,0,0,0,0,0,0,0,0,0,0
"10b6b184facb45c5d65fdd366d251c34",0,0,0,0,0,0.0308061982070793,0,0,0,0,0,0,0,0,0,0,0,0,0,0,0,0,0,0,0,0,0,0,0
"06e148ad8b35489ea97e51ef733e9550",0.00212199902918544,0,0,0,0,0,0,0,0,0,0,0,0,0,0,0,0,0,0,0,0,0,0,0,0,0,0,0,0
"899bfc3202ef1effff6e234fa8517ff3",0.0119362445391681,0.031147079216502,0.00740960284528749,0.00172462029609814,0,0,0.000810729190101807,0.000456299441945783,0,0,0,0,0,0,0,0,0,0,0,0,0,0,0,0,0,0,0,0,0
"fc61be973c788fb9d6ed4f5f00e19a35",0,0,0,0,0,0.0585317765934506,0,0,0,0,0,0,0,0,0,0,0,0,0,0,0,0,0,0,0,0,0,0,0
"2d7ac92616f87949dfaf73e74e7d61ef",0.00106099951459272,0,0,0,0,0,0,0,0,0,0,0,0,0,0,0,0,0,0,0,0,0,0,0,0,0,0,0,0
"922a7f47672abd882604d821f25fb3ad",0,0,0,0,0,0,0,0,0,0,0,0,0,0,0,0,0,0,0,0,0,0,0.000777455853465121,0,0,0,0,0,0
"6d895cdfe89d25dc579a9c3905c1ad68",0,0,0.000435858990899264,0,0,0,0,0,0,0,0,0,0,0,0,0,0,0,0,0,0,0,0,0,0,0,0,0,0
"4adbf4beb8d2b17f63b543e4d9aa39b6",0.206894905345581,0.205841566996013,0.166498134523519,0.512020603463804,0.822451665148294,0,0.0381042719347849,0.0342224581459337,1.05265984586052,0.0177351758210436,0.219637879086532,0,0.0760340632603406,0.140449438202247,0,0,0,0,0,0,0,0,0,0,0.0911384354051491,0.460253596683736,0.0856175223143635,0,0
"d10ef1cc3876e7ca96d49bab29ceec47",0,0,0,0,0,0,0,0,0,0,0,0,0,0,0,0,0,0,0,0,0,0,0,0,0,0,0.000474773691207191,0,0
"93fadef301b62aa732e42bf1142b3afa",0,0.062565002600104,0.0749677464346735,0.134520383095655,0.301143840469683,0.767074335356274,0.0703307572413318,0.0879136924815541,0.247052820967265,0.0510941970082447,0,0.206807702739354,0.0538241132027148,0.121297242083759,0.258901061280383,1.16517195113339,0.216648522801988,0.49815957711787,0.443814094340101,0.92480526332123,0.49900640317951,0.29608126428926,0.531520651818988,0.425799279862739,0.806672109117916,1.469153864911,1.2875862505539,1.44943788724102,2.74219565423665
"ee983542287b2fabba9e4ee88472a44a",0,0,0,0,0,0,0,0,0,0,0,0,0,0,0,0,0,0,0,0,0,0,0,0,0.000969557823459033,0,0,0,0
"92f305372628ccbd74b7b28b933d306b",0.0779834643225651,0.102920783498007,0.0771470413891698,0.163838928129324,0.0683267537200122,0,0.0113502086614253,0.0135368834443915,0.48067885818631,0,0,0,0,0,0,0,0,0,0,0,0,0,0,0,0.0244328571511676,0.134113630821751,0.0229473950750142,0,0
"2386e7f0ed5d187b06bed4a743e7db83",0,0,0,0,0,0,0,0,0,0,0,0,0,0,0,0,0,0,0,0,0,0,0,0,0,0,0.000316515794138128,0,0
"08f0179cb02459891d87167ee734be6a",0,0,0,0,0,0,0,0,0,0,0,0,0,0,0,0,0,0,0,0,0,0,0,0,0,0,0.000316515794138128,0,0
"566e2121e9bd3188a5c29f9c55607760",0.00477449781566725,0,0,0,0,0.0369674378484951,0,0,0,0,0,0,0,0,0,0,0,0,0,0,0,0,0,0,0,0,0,0,0
"49eb7db9bbd667a245fcb40e7be64a28",0,0.00866701334720055,0.00806339133163639,0.00996447282190038,0,0,0.0160119015045107,0.0243359702371084,0.0375949944950187,0,0,0,0.00200089640158791,0,0.00178306516033322,0,0,0,0,0,0,0,0,0.00386650878422464,0.00814428571705588,0,0.000949547382414383,0,0
"ddd4b60fc546f62f90bcf9ae38f1a723",0.00159149927188908,0,0,0,0,0,0,0,0,0,0,0,0,0,0,0,0,0,0,0,0,0,0,0,0,0,0,0,0
"499a635c6e7dcd5c8ef518302aa50011",0,0.0490227942451031,0.0712629450120297,0.200247578824729,0.336572527583764,0,0.467182695796166,0.433788669476457,0.177233545476517,0.348791791147191,0.295666375693408,0.457689178193653,0.39057497758996,0.446884576098059,0.25604815702385,0.225972742037992,0.203714282634705,0.379154789250823,0.0727471641294448,0.0434472271358967,0.11039964672113,0.0362866511873304,0.0484614148659925,0.0386650878422464,0.0211363605514069,0.0152401853206535,0.00886244223586757,0,0
"7bc28b86485f80b7996a6a115aa31176",0,0.015167273357601,0,0.00536548536563866,0,0,0.0227004173228506,0.0290510644705482,0,0.0363148838240417,0,0,0.0190085158150852,0,0.0117682300581992,0,0,0,0,0,0,0,0,0,0,0,0,0,0
"ce21e0d8c29a8e91b8f8ed03fb21d296",0.112996448304125,0,0,0,0,0,0,0,0,0,0,0,0,0,0,0,0,0,0,0,0,0,0,0,0,0,0,0,0
"021d1583edfe105a9c99264ea9f3d2d6",0.143500184348666,0,0,0,0,0,0,0,0,0,0,0,0,0,0,0,0,0,0,0,0,0,0,0,0,0,0,0,0
"d5e86e0fe7c13c5751606c96f3788345",0.235011392482288,0,0,0,0,0,0,0,0,0,0,0,0,0,0,0,0,0,0,0,0,0,0,0,0,0,0,0,0
"f44234fea5a65dfa65edd4c8b6babf37",0.00742699660214905,0,0,0,0,0,0,0,0,0,0,0,0,0,0,0,0,0,0,0,0,0,0,0,0,0,0,0,0
"01a80919b32734264f4c21669d8f2713",0.0299732362872444,0.00243759750390016,0,0,0,0,0,0,0,0,0,0,0,0,0,0,0,0,0,0,0,0,0,0,0,0,0,0,0
"41394ade15d1e8762a8d0b3599068bf2",0.0320952353164298,0,0,0,0,0,0,0,0,0,0,0,0,0,0,0,0,0,0,0,0,0,0,0,0,0,0,0,0
"f397a6809dc09fd4f5cc5f425c5eb0ba",0,0,0,0.0323845366711762,0,0,0,0,0,0,0,0,0.0440197208349341,0,0,0,0,0,0,0,0,0,0.00310982341386048,0,0,0,0,0,0
"eefd58e34806834774cf090051744fd6",0,0.00514603917490033,0.00697374385438823,0,0,0,0.00283755216535633,0.00212939739574698,0,0.0118234505473624,0.0309745726916904,0.0305126118795769,0.000200089640158791,0,0.0114116170261326,0,0.00377248671545749,0,0.00281965752439709,0,0,0,0,0,0,0,0.00110780527948345,0,0
"4f3989d95e7611bb6b5307454d75d3ce",0.010344745267279,0.0121879875195008,0.0108964747724816,0.0471396214266826,0,0.0308061982070793,0.0054724220331872,0.00319409609362048,0,0.0156238453661575,0.0309745726916904,0.0440737727149444,0.127056921500832,0.0510725229826353,0.0363745292707977,0.0529623614151543,0.0140120935145564,0,0.0138163218695457,0.0186202402010986,0,0.00578805479061712,0.0274701068224343,0.0708054421111138,0.0469265986554172,0.0822970007315289,0.0474773691207191,0.0308391039838515,0.0411171205364203
"5e2e0a4cfc3ab5f1a074ef61d2d6f68b",0,0,0,0.0143718358008179,0,0,0,0.00425879479149397,0.102043556486479,0.0101343861834535,0,0,0.00800358560635164,0,0.00677564760926623,0,0,0,0,0,0,0,0.00207321560924032,0.0115995263526739,0.00155129251753445,0,0,0,0
"27b310dd4ffe5fc8db8b41f66bdb3175",0.0164454924761872,0,0,0,0,0,0,0,0,0,0,0,0,0,0,0,0,0,0,0,0,0,0,0,0,0,0,0,0
"cb13db7c2341f7fb498c476454c50a21",0.0177717418694281,0,0,0,0,0,0,0,0,0,0,0,0,0,0,0,0,0,0,0,0,0,0,0,0,0,0,0,0
"af9554a6cc07a34c1cb6004e3dbb865a",0,0,0,0.00249111820547509,0,0.0616123964141585,0,0,0,0.00105566522744307,0,0,0,0,0,0,0,0,0,0,0,0,0,0.00894130156351949,0.0182276870810298,0.0335284077054377,0.0307020320313984,0.0700888726905716,0.0506056868140557
"9cf7d9633bfa9472ea4578871edcdd08",0.00344824842242635,0.0078544808459005,0.00523030789079117,0,0,0,0,0,0,0,0,0,0,0,0,0,0,0,0,0,0,0,0,0,0,0,0,0,0
"b9572caf5beca64d204f56f150f96a8d",0,0,0,0,0,0,0,0,0,0,0,0,0,0,0,0,0,0,0.00169179451463825,0,0,0,0,0,0,0,0,0,0
"1b6a74219c50e2431e29f79c7759fe5c",0,0,0,0,0,0,0.000810729190101807,0,0,0,0,0,0,0,0,0,0,0,0,0,0,0,0,0,0,0,0,0,0
"05cd3e6e3d718a12823c6bbb39645689",0,0.0046043508407003,0,0,0,0,0,0,0,0,0,0,0,0,0,0,0,0,0,0,0,0,0,0,0,0,0,0,0
"04749d839f517a8461ff731c4a0a4b60",0,0,0,0,0,0,0,0.000912598883891565,0,0,0,0,0,0,0,0,0,0,0,0,0,0,0,0,0,0,0,0,0
"83adaf3a09d08c93f2abea6a4c815592",0.086736710317955,4.31996446524528,1.59110324627776,3.35361997800151,3.89209434153254,1.70358276085148,5.5409286497508,4.84696477216208,3.12038454308655,6.3643945232088,5.04322360825613,3.32587469487388,3.36230631322833,3.56230847803882,1.98169861919434,2.29503566132335,1.69546331526133,3.196523953173,1.90862617826439,3.40129721006734,1.58975491278428,1.49509907591479,1.31701021576991,1.57004422319422,1.27748938818962,1.47829797610339,1.55535861239476,1.35131346547422,1.44542492962647
"fc410ccd704831af6715f039dc5b4ad6",0,0,0,0,0,0,0,0.0033461959076024,0,0,0,0,0,0,0,0,0,0,0,0,0,0,0,0,0,0,0,0,0
"a402fc6f0fd057decbe746f48bf12862",0,0.0603982492633039,0.0244081034903588,0.052313482314977,0,0.403561196512738,0.123636201490526,0.122440350255452,0,0.355548048602827,0.244980711288824,0.213588283157038,0.127056921500832,0,0.115899235421659,0,0.0571262274054992,0,0.0578029792501403,0,0,0.0681209525357245,0.140978661428342,0.195500350402359,0.266628401451234,0.228602779809802,0.291669304298284,0.451372340127281,0.506056868140557
"f0334c3272bbee3d861fa082350b5374",0,0,0,0,0,0,0,0,0,0,0,0,0,0,0,0,0,0,0,0,0,0,0.000518303902310081,0,0,0,0,0,0
"efef0fd59127f1abb17a8e0847606057",0,0,0,0,0,0,0,0,0,0,0,0,0.00120053784095275,0,0,0,0,0,0,0,0,0,0,0,0,0,0,0,0
"ca260e01990acd1b27aa3f46c03d1814",0,0,0,0,0,0,0,0,0,0,0,0,0,0,0,0,0,0,0,0,0,0,0,0,0,0,0.000316515794138128,0,0
"c1780feec5ab45ac27fab43e831dc384",0,0,0,0,0,0,0,0.000304199627963855,0,0,0,0,0,0,0,0,0,0,0,0,0,0,0,0,0,0,0,0,0
"78a0364df0e0d26085d92c0946f18d33",0,0,0,0,0,0,0,0.00152099813981928,0,0,0,0,0,0,0,0,0,0,0,0,0,0,0,0,0,0,0,0,0
"55e55fef9eb6e14a254537eba4947311",0,0,0,0,0,0,0,0.000304199627963855,0,0,0,0,0,0,0,0,0,0,0,0,0,0,0,0,0,0,0,0,0
"5b471f2048077b60e75a72008f312bff",0,0,0,0,0,0,0,0.000304199627963855,0,0,0,0,0,0,0,0,0,0,0,0,0,0,0,0,0,0,0,0,0
"e55e48fe52d8325396d7b7a722adba80",0,0,0,0,0,0,0,0,0,0,0,0,0,0,0,0,0,0,0,0,0,0,0,0.0012082839950702,0,0,0,0,0
"c505e41b90e3118dfaa54d8f1a81366a",0,0,0,0,0,0,0.000810729190101807,0,0,0,0,0,0,0,0,0,0,0,0,0,0,0,0,0,0,0,0,0,0
"84f15f87dd256dbeaf017a4e75dd5cad",0,0,0,0,0,0,0,0,0,0,0,0,0,0,0,0,0,0,0,0,0,0,0.00103660780462016,0,0,0,0,0,0
"816049bb0d04d104e9bc79d797b7b2e9",0,0,0,0.00095812238672119,0,0,0,0,0,0,0,0,0,0,0,0,0,0,0,0,0,0,0,0,0,0,0,0,0
"817de57245c782e0e938fdb195cd7aa1",0,0,0,0,0,0,0,0,0,0,0,0,0,0,0,0,0,0,0,0,0,0,0,0,0.000969557823459033,0,0,0,0
"0709277372b3816e3986842fb10c8e96",0.0527847258509879,1.03218712081817,0.114412985111057,0.670494046227489,0.374531835205993,0.0523705369520348,0.109448440663744,0.365647952812554,1.04997448911088,0.3078319803224,0.278771154225213,0.210197992948196,0.382171212703291,0.191521961184883,0.186152002738788,0.222441917943648,0.0792222210246074,0,0.00874093832563097,0,0,0,0,0.00531644957830889,0.0279232653156202,0.176786149719581,0.239602456162563,0.123356415935406,0.161305626719803
"a56e9b9fb128fed11f629c8a133ea087",0,0,0,0,0,0,0,0,0,0,0,0,0,0,0.000713226064133288,0,0,0,0,0,0,0,0,0,0,0,0,0,0
"e6485d233ed2b8b9a2f3f50f0747b9d2",0.127054691872478,0.810365747963252,0.974144844659856,0.399345410785392,0.842696629213483,0.440528634361233,0.849644191226694,0.823468392898155,0.236311393968689,0.597506518732779,0.211190268352434,0.308516409004611,0.106247598924318,0.236210418794688,0.324874472212713,0.444883835887296,0.174073315584682,0.2131015968782,0.0758487874062816,0.093101201005493,0.105983660852285,0.402715042931783,1.02961070193897,1.15221961769894,1.15435554461033,0.765057303096806,0.89241628157245,0.846673582102105,0.967833760318816
"47515cfa358287ae00ead27b78b2285b",0.0238724890783362,0,0,0,0,0,0,0,0,0,0,0,0,0,0,0,0,0,0,0,0,0,0,0,0,0,0.0318098373108818,0.0588746530600802,0.0347914096846633
"b64f2cd0b47a6548ebe2077c728b213f",0.016180242597539,0.15329779857861,0.0669043551030371,0.0264441778735049,0.0683267537200122,0,0.042157917885294,0.0412190495891024,0,0.0228023689127704,0,0,0.0156069919323857,0,0.0089153258016661,0,0,0,0,0,0,0,0.0137350534112171,0,0,0,0.00474773691207191,0,0
"2b7dca9f823dab555a368d87f194804f",0.0302384861658926,0,0,0.035450528308684,0,0.0369674378484951,0.0451981523481758,0.0527786354517288,0,0.0168906436390892,0,0,0.00500224100396978,0,0,0,0,0,0,0,0,0.00556543729867031,0.0121801417042869,0.0292404726806989,0.0285050000096956,0.0274323335771763,0.0163005633981136,0,0
"b4eac52cfa36ce63f24be2fc530ad204",0.010344745267279,0.231030074536315,0.186329718609435,0.126855404001886,0.106286061342241,0,0.26024407002268,0.247162197720632,0.120841053733989,0.149271063160451,0.0703967561174781,0,0.00880394416698681,0,0.0156909734109323,0,0.0113174601463725,0,0.00733110956343243,0,0,0.010685639613447,0.051571238279853,0.0932795244194195,0.0438240136203483,0,0.032284611002089,0,0
"d4cf4bfef77541da66524a9292252fa2",0.00663124696620451,0.0186882475299012,0.0137295582133268,0.0436903808344863,0,0,0.0624261476378392,0.0766583062468915,0,0.0282918280954744,0,0,0,0,0,0,0,0,0,0,0,0,0,0,0,0,0,0,0
"4a18801bf3179876e3e063abc1fa1b5c",0,0,0,0,0,0,0,0.0094301884668795,0,0,0,0,0,0,0,0,0,0,0,0,0,0,0,0.0410816558323868,0.0168703061281872,0,0.0166170791922517,0,0
"b49bff6b867f0818155aa2ee1b77e93a",0.00185674915053726,0.0197716241983013,0.0187419366086684,0.0446485032212075,0,0,0.0705334395388572,0.0851758958298794,0.0617632052418164,0.0194242401849525,0,0,0,0,0,0,0,0,0,0,0,0,0,0,0,0,0,0,0
"070ad707f633c0df5a19f11bcfa699c1",0,0.0173340266944011,0.0115502632588305,0.0456066256079287,0,0,0.0447927877531249,0.0877615926675722,0.0913021294879025,0.0270250298225427,0,0,0,0,0,0,0,0,0,0,0,0,0,0,0,0,0.0175666265746661,0,0
"ad044e27597f7c321516675ab284767e",0,0.00270844167100017,0,0,0,0,0,0,0,0,0,0,0,0,0,0,0,0,0,0,0,0,0,0,0,0,0,0,0
"84fa9606a58e97506922f09083e7087a",0.00212199902918544,0,0,0,0,0.135547272111149,0,0,0,0,0,0,0,0,0,0,0,0,0,0,0,0,0,0,0,0,0,0,0
"418ebbfcf9fe4c2ccea934ba2533ec35",0.0267902377434662,0,0,0,0,0,0,0,0,0,0,0,0,0,0,0,0,0,0,0,0,0,0,0,0,0,0,0,0
"dcc60ede2cc11c8503b4f31fab9233b8",0.010344745267279,0,0,0,0,0,0,0,0,0,0,0,0,0,0,0,0,0,0,0,0,0,0,0,0,0,0,0,0
"4bea53b2aad77f2569a0182f6b84255e",0,0.16358987692841,0.153422364796541,1.15377097808966,0.323919425043021,0.0554511567727427,0.230247089988913,0.513336872189005,0.128897123982921,0.0244914332766793,0.177399825416045,0.223759153783564,0.10104526828019,0.226634320735444,0.0984251968503937,0.229503566132335,0.333056684307533,0.202031384053358,0.129422280369826,0.201719268845235,0.357694855376463,1.2464353374102,0.886817976852548,0.240931828616998,0.115183469426933,0.0579127042184833,0.0607710324745205,0.0476604334295887,0.0569313976658127
"7e07d92eab06d89b09f0c89c8e30de6b",0,0,0,0,0,0,0,0,0,0,0,0,0,0,0,0,0,0,0,0,0,0,0,0.000483313598028081,0,0,0,0,0
"f344d4281112bb7cf5358c04fda869ee",0.000795749635944542,0,0,0,0,0.0739348756969902,0,0,0,0,0,0,0,0,0,0,0,0,0,0,0,0,0,0,0,0,0,0,0
"f67bfc33bddfbd4d03ce7ae694c2dcdc",0,0,0,0,0,0.0924185946212378,0,0,0,0,0,0,0,0,0,0,0,0,0,0,0,0,0,0,0,0,0,0,0
"bf65217930e4318bf77921b3c64a98d5",0,0,0,0.000383248954688476,0,0,0,0,0,0,0,0,0,0,0,0,0,0,0,0,0,0,0,0,0,0,0,0,0
"aee6434397d2afe4adc1c9d2ba8927a4",0,0,0,0,0,0,0,0.000760499069909638,0,0,0,0,0,0,0,0,0,0,0,0,0,0,0,0,0,0,0,0,0
"d42912a22b570ab99938b745999ae2cc",0,0.646234182700641,0.280911119634576,1.40441579445592,0.465634173499342,0.0523705369520348,1.17150367969711,0.807650012244035,0.36520851795161,0.0656623771469592,0.0309745726916904,0.0237320314618931,0.00880394416698681,0.0319203268641471,0.0402972726235308,0.0918014264529341,0.0210181402718346,0.0249079788558935,0.0719012668721257,0.0868944542717934,0.119231618458821,0.632011059637,0.521154573772786,0.0461564486116817,0.0525500340314796,0.0426725188978298,0.0561815534595176,0.0504639883372116,0.0948856627763545
"71a34966c95ea58d9a56666883f441dc",0,0,0,0,0,0,0.00162145838020361,0,0,0,0,0,0,0,0,0,0,0,0,0,0,0,0,0,0,0,0,0,0
"f8c8cdc38f175e31f80c5dfa248268a3",0,0,0,0,0,0,0,0.00106469869787349,0,0,0,0,0,0,0,0,0,0,0,0,0,0,0,0,0,0,0,0,0
"85bc1a55639b9e35e2eed34f4c78295a",0,0,0,0,0,0.0338868180277872,0,0,0,0,0,0,0,0,0,0,0,0,0,0,0,0,0,0,0,0,0,0,0
"1a2aa45c0c2bca3b49679b7f3f4f465d",0.00212199902918544,0,0,0,0,0,0,0,0,0,0,0,0,0,0,0,0,0,0,0,0,0,0,0,0,0,0,0,0
"606cc5b65f868c03389a5cde84fee5d5",0,0,0,0,0,0.0246449585656634,0,0,0,0,0,0,0,0,0,0,0,0,0,0,0,0,0,0,0,0,0,0,0
"09f97db7adedc038758fca116724698f",0,0,0,0,0,0.0154030991035396,0,0,0,0,0,0,0,0,0,0,0,0,0,0,0,0,0,0,0,0,0,0,0
"f0f5fe3a3ccc66ce7e67e82294654107",0.230502144545269,0,0,0,0,0,0,0,0,0,0,0,0,0,0,0,0,0,0,0,0,0,0,0,0,0,0,0,0
"f9d19abf0ac81bcc64d02d91350fce35",0.0116709946605199,0,0,0,0,0,0,0,0,0,0,0,0,0,0,0,0,0,0,0,0,0,0,0,0,0,0,0,0
"df1a52d3ac671303d845fa6963c4bed1",0,0,0,0,0,0.00924185946212378,0,0,0,0,0,0,0,0,0,0,0,0,0,0,0,0,0,0,0,0,0,0,0
"98f44e3e61d018840fdce5dc524c719c",0.00318299854377817,0,0,0,0,0,0,0,0,0,0,0,0,0,0,0,0,0,0,0,0,0,0,0,0,0,0,0,0
"9a842084688427ba067307eb8662eecd",0.00159149927188908,0,0,0,0,0,0,0,0,0,0,0,0,0,0,0,0,0,0,0,0,0,0,0,0,0,0,0,0
"523a7e01fa5c47d91e959292759c7ac7",0.0122014944178163,0,0,0,0,0,0,0,0,0,0,0,0,0,0,0,0,0,0,0,0,0,0,0,0,0,0,0,0
"9da4ea500796da41c5f69150f7e881cd",0,0,0,0,0,0.00616123964141585,0,0,0,0,0,0,0,0,0,0,0,0,0,0,0,0,0,0,0,0,0,0,0
"10bb410cab85c3ad55c3e1b7a643ae2a",0.0427052304623571,0,0,0,0,0,0,0,0,0,0,0,0,0,0,0,0,0,0,0,0,0,0,0,0,0,0,0,0
"e1809c067af83a3dc4623ce28f35fe79",0.147478932528388,0,0,0,0,0.853331690336096,0,0,0,0,0,0,0,0,0,0,0,0,0,0,0,0,0,0,0,0,0,0,0
"cb6e61a6c468d63ca89dc4f8c67e8554",0.0920417078909186,0,0,0,0,0.619204583962293,0,0,0,0,0,0,0,0,0,0,0,0,0,0,0,0,0,0,0,0,0,0,0
"d75d2dcd4fa20c295e2b228aaab734d6",0.000795749635944542,0,0,0,0,0,0,0,0,0,0,0,0,0,0,0,0,0,0,0,0,0,0,0,0,0,0,0,0
"f486ad1bcca90a8bd9b68c76212312c3",0.0116709946605199,0,0,0,0,0.0277255783863713,0,0,0,0,0,0,0,0,0,0,0,0,0,0,0,0,0,0,0,0,0,0,0
"62925abc081ef537aea1336e58a4548a",0.0785139640798614,0,0,0,0,0.569914666830966,0,0,0,0,0,0,0,0,0,0,0,0,0,0,0,0,0,0,0,0,0,0,0
"fe5a45686af6b4b7eaff28a4dcaef15b",0.00291774866512999,0,0,0,0,0.0677736360555744,0,0,0,0,0,0,0,0,0,0,0,0,0,0,0,0,0,0,0,0,0,0,0
"49eeeeee727d06a37cada5eee00468b5",0.00450924793701907,0,0,0,0,0.0246449585656634,0,0,0,0,0,0,0,0,0,0,0,0,0,0,0,0,0,0,0,0,0,0,0
"603ab94ae666e02cf4cc8a2132414ef5",0.00371349830107453,0,0,0,0,0,0,0,0,0,0,0,0,0,0,0,0,0,0,0,0,0,0,0,0,0,0,0,0
"d947bf2404132e0163f3c59d1bce36f7",0.0326257350737262,0,0,0,0,0.0554511567727427,0,0,0,0,0,0,0,0,0,0,0,0,0,0,0,0,0,0,0,0,0,0,0
"e177449d13e7691bd905e572eb826936",0,0,0,0,0,0.0369674378484951,0,0,0,0,0,0,0,0,0,0,0,0,0,0,0,0,0,0,0,0,0,0,0
"ae815c4df4c6f21bff23c4999800dfeb",0.00212199902918544,0,0,0,0,0,0,0,0,0,0,0,0,0,0,0,0,0,0,0,0,0,0,0,0,0,0,0,0
"2750b310e92cd153994e7af71d6851e0",0.00212199902918544,0,0,0,0,0,0,0,0,0,0,0,0,0,0,0,0,0,0,0,0,0,0,0,0,0,0,0,0
"cd259dd13e5a8f79134e1c102c1c80ef",0,0,0,0,0,0.083176735159114,0,0,0,0,0,0,0,0,0,0,0,0,0,0,0,0,0,0,0,0,0,0,0
"eb806bb1dd30405c489b4706cacd2d26",0.000795749635944542,0,0,0,0,0,0,0,0,0,0,0,0,0,0,0,0,0,0,0,0,0,0,0,0,0,0,0,0
"e5e089e059da889289ee4eda3c3a2d00",0.000795749635944542,0,0,0,0,0.0308061982070793,0,0,0,0,0,0,0,0,0,0,0,0,0,0,0,0,0,0,0,0,0,0,0
"cdb23b7aebc1f36f89ca70f3efa5d18f",0,0,0,0,0,0.00616123964141585,0,0,0,0,0,0,0,0,0,0,0,0,0,0,0,0,0,0,0,0,0,0,0
"8c932073a2765a0e8639a784955bd290",0.0159149927188908,0,0,0,0,0,0,0,0,0,0,0,0,0,0,0,0,0,0,0,0,0,0,0,0,0,0,0,0
"179e72f0ecdfeb920df685432f3f2d1a",0.00238724890783362,0,0,0,0,0,0,0,0,0.0673514415108681,0.0591332751386816,0.250881475454299,0.0606271609681137,0.293667007150153,0.0413671117197307,0.0529623614151543,0.0479644739536739,0.063653723742839,0.0341178560452048,0.0434472271358967,0.0883197173769044,0.194567687961514,0.0588274929121941,0.0012082839950702,0.00213302721160987,0,0,0,0
"676c29f329b29adbd48921804b86030e",0.0257292382288735,0,0,0,0,0,0,0,0,0,0,0,0,0,0,0,0,0,0,0,0,0,0,0,0,0,0,0,0
"dc6c7b33d252a7891fd83a442747c837",0.00159149927188908,0,0,0,0,0,0,0,0,0,0,0,0,0,0,0,0,0,0,0,0,0,0,0,0,0,0,0,0
"79f2b1b38f1fbd05cc7592334ee0803d",0.0137929936897054,0,0,0,0,0,0,0,0,0,0,0,0,0,0,0,0,0,0,0,0,0,0,0,0,0,0,0,0
"b04a73565cfbfe585d234694b827d9d1",0,0.00297928583810019,0.00631995536803933,0.00191624477344238,0,0,0.00101341148762726,0.00152099813981928,0,0,0,0,0,0,0,0,0,0,0,0,0,0,0,0,0,0,0,0,0
"cca5f50c3116400e50fe7a3e7a0be852",0.00530499757296361,0,0,0,0,0,0,0,0,0,0,0,0,0,0,0,0,0,0,0,0,0,0,0,0,0,0,0,0
"14f013032d3d55ac24bde620c2d8f945",0.00159149927188908,0,0,0,0,0,0,0,0,0,0,0,0,0,0,0,0,0,0,0,0,0,0,0,0,0,0,0,0
"52be19846e0f0c7f419cde01b6e10585",0.00159149927188908,0,0,0,0,0,0,0,0,0,0,0,0,0,0,0,0,0,0,0,0,0,0,0,0,0,0,0,0
"3f602caee36e03c625a1f30eb97314e2",0.0122014944178163,0,0,0,0,0,0,0,0,0,0,0,0,0,0,0,0,0,0,0,0,0,0,0,0,0,0,0,0
"513be4a37b7f822529b6bc15793afd03",0.00238724890783362,0,0,0,0,0,0,0,0,0,0,0,0,0,0,0,0,0,0,0,0,0,0,0,0,0,0,0,0
"708043a43693e1145f5e15e5ee3b2b06",0.00291774866512999,0,0,0,0,0,0,0,0,0,0,0,0,0,0,0,0,0,0,0,0,0,0,0,0,0,0,0,0
"92d6b69fbdf22335e1e29eb7ddea612a",0,0.00379181833940024,0.00283308344084522,0.00421573850157324,0,0,0,0.00121679851185542,0,0,0,0,0,0,0,0,0,0,0,0,0,0,0,0,0,0,0,0,0
"41378c0d1422c99fe376b37f5e1eb290",0,0,0,0,0,0,0,0,0,0,0,0,0.000600268920476373,0,0,0,0,0,0,0,0,0.000667852475840437,0.000777455853465121,0,0,0,0,0,0
"f5ec59d59b201d9d82b91bbfb69dc2fc",0,0,0,0,0,0,0,0,0,0,0,0,0,0,0,0,0,0,0,0,0,0,0,0,0,0.0060960741282614,0.000474773691207191,0,0
"a1fc4f2226c42bb7298da8c51ceea5a0",0.000530499757296361,0,0,0,0,0,0,0,0,0,0,0,0,0,0,0,0,0,0,0,0,0,0,0,0,0,0,0,0
"85856de71cc20a58c1522fd9ba454442",0.00875324599538996,0,0,0,0,0,0,0,0,0,0,0,0,0,0,0,0,0,0,0,0,0,0,0,0,0,0,0,0
"30b92827daeee78c39eefccd5bfca43d",0.000530499757296361,0,0,0,0,0,0,0,0,0,0,0,0,0,0,0,0,0,0,0,0,0,0,0,0,0,0,0,0
"3d002319a68cb81e39764750ce844423",0.0013262493932409,0,0,0,0,0,0,0,0,0,0,0,0,0,0,0,0,0,0,0,0,0,0,0,0,0,0,0,0
"ccd295e3a04fb7bb78f97b49d1d76562",0.00557024745161179,0,0,0,0,0,0,0,0,0,0,0,0,0,0,0,0,0,0,0,0,0,0,0,0,0,0,0,0
"8eeb24cc0539f1c2f97606dfb0b0f7a2",0,0,0,0,0,0.0215643387449555,0,0,0,0,0,0,0,0,0,0,0,0,0,0,0,0,0,0,0,0,0,0,0
"dadee534fc569a6d56bf35dd37119e02",0,0,0.000435858990899264,0,0,0,0,0,0,0,0,0,0,0,0,0,0,0,0,0,0,0,0,0,0,0,0,0,0
"d507739f21b50e7da4bcbf7a7a2ea121",0,0,0.000435858990899264,0,0,0,0,0,0,0,0,0,0,0,0,0,0,0,0,0,0,0,0,0,0,0,0,0,0
"00fb4699f8a2077aa4225851ec609f82",0,0.0392724042295025,0.0178702186268698,0.0247195575774067,0.245470189290414,0,0.0127689847441035,0.00562769311733132,0,0.0057005922281926,0,0,0,0,0,0,0,0,0,0,0,0,0,0,0,0,0,0,0
"f2503a995bd8c1a94ce5d1e49159c7d1",0,0,0,0,0,0,0,0,0,0,0,0,0,0,0,0,0,0,0.000845897257319126,0,0,0,0,0,0,0,0,0,0
"dec17ecd030a71bf1867316e52e3532c",0,0,0,0,0,0,0.00385096365298358,0,0,0,0,0,0,0,0,0,0,0,0,0,0,0,0,0,0,0,0,0,0
"877caa2770bea94625b47a0efd4dd338",0,0,0,0,0,0,0,0,0,0,0,0,0,0,0,0,0,0,0,0,0,0,0,0.00700804717140717,0,0,0,0,0
"4427597bcba686e28f83a29252ed6e17",0,0,0,0.00900635043517919,0,0,0,0,0,0.00760078963759013,0,0,0,0,0,0,0,0,0,0,0,0,0,0,0.00911384354051491,0,0.00189909476482877,0,0
"d320c54f3dd1a81501e597b4e5a53ac8",0,0,0,0,0,0,0,0,0,0,0,0,0,0,0,0,0,0,0,0,0,0,0,0.00338319518619656,0,0,0,0,0
"949479e3fb297c277f93012cef3a75ac",0,0,0,0,0,0,0,0,0,0,0,0,0,0,0,0,0,0,0,0,0,0,0,0,0,0,0.000474773691207191,0,0
"e56ff94be490db15f612984e45450ce3",0,0,0,0,0,0,0,0,0,0,0,0,0,0,0,0,0,0,0.000563931504879417,0,0,0,0,0,0,0,0,0,0
"794d1f76593fbe8de481cb6027cffe80",0,0,0,0,0,0,0,0,0,0,0,0,0,0,0,0,0,0,0,0,0,0,0,0.0012082839950702,0,0,0,0,0
"522c7a0c6142aec0c66fafcf71cd5223",0,0,0,0,0,0,0,0.00152099813981928,0,0,0,0,0,0,0,0,0,0,0,0,0,0,0,0,0,0,0,0,0
"62d932ca73039e553c5cd4450ffec6eb",0,0,0,0,0,0,0,0,0,0,0,0,0,0,0,0,0,0,0,0,0,0,0,0,0.00058173469407542,0,0,0,0
"0076646b67a05bdb4dd624ec0945e62c",0,0,0.000435858990899264,0,0,0,0,0,0,0,0,0,0,0,0,0,0,0,0,0,0,0,0,0,0,0,0,0,0
"f59f09ec54e73f740708fa68eeb78a8c",0,0.724508146992546,0.0788904773527668,0,0,0,0,0,0,0,0,0,0,0,0,0,0,0,0,0,0,0,0,0,0,0,0,0,0
"8222e8db898fcc3282110b1e099bfdb5",0,0,0,0,0,0.0616123964141585,0,0,0,0,0,0,0,0,0,0,0,0,0,0,0,0,0,0,0,0,0,0,0
"98250dc58799b80cb124a1f158f2cf22",0,0,0,0.00306599163750781,0,0,0,0,0,0,0,0,0,0,0,0,0,0,0,0,0,0,0,0,0,0,0,0,0
"2871f7c0a608cd90fc35f64431456aa1",0,0,0,0,0,0,0,0.00380249534954819,0,0,0,0,0,0,0,0,0,0,0,0,0,0,0,0,0,0,0,0,0
"a238153d3168c0f00aeb8fb5d90d7e0c",0,0,0,0,0,0,0,0,0,0,0,0,0,0,0,0,0,0,0,0,0,0,0,0.00652473357337909,0,0,0,0,0
"74733b3a404e0fd05016159ab938bbc7",0,0,0,0,0,0,0,0,0,0,0,0,0,0,0,0,0,0,0,0,0,0,0.00181406365808528,0,0,0,0,0,0
"a279fb62a47697ac7088fbfeb831c6cf",0,0,0,0,0,0,0,0.00243359702371084,0,0,0,0,0,0,0,0,0,0,0,0,0,0,0,0,0,0,0,0,0
"c55a8101fb6c187736f0af61f720cb92",0,0.409787224822326,0.935353394469821,10.7234973766609,18.7569592063974,4.84581497797357,12.4982011946095,7.87618466742615,10.5453959558527,11.6676343597918,2.2639596767381,0.308516409004611,0.124455756178768,0.376659856996936,0.236434440260185,0.522561965962856,0.294792890479321,1.45573298646666,2.25431619075547,2.48890544021351,2.39346434091411,0.338378587759155,3.94662506414011,7.43215485367681,7.93718816596503,6.36734942696903,2.92064949040957,2.68580560150271,5.08903438023848
"4b99ad27979703cf85b4166c91bfa04d",0,0,0,0,0,0,0,0,0,0.00358926177330645,0,0,0,0,0,0,0,0,0,0,0,0,0,0,0,0,0,0,0
"9f67c0589a1d419db561e7ffd50f95fd",0,0,0,0,0,0,0.00141877608267816,0,0,0,0,0,0,0,0,0,0,0,0,0,0,0,0,0,0,0,0,0,0
"bf10b39238d339bb1e6a6d6749c9b046",0,0.00216675333680014,0,0,0,0,0,0,0,0,0,0,0,0,0,0,0,0,0,0,0,0,0,0,0,0,0,0,0
"aa78d734b59dc8f035c1e136275e7923",0,0,0,0,0,0,0,0,0,0.000633399136465844,0,0,0,0,0,0,0,0,0,0,0,0,0,0,0,0,0,0,0
"1352933b973ba3c6f76d090c4d0a422e",0.000795749635944542,0,0,0,0,0,0,0,0,0,0,0,0,0,0,0,0,0,0,0,0,0,0,0,0,0,0,0,0
"74ad32bd8ebc2ee155bfcbb63332ff66",0,0,0,0,0,0.00924185946212378,0,0,0,0,0,0,0,0,0,0,0,0,0,0,0,0,0,0,0,0,0,0,0
"172df84126559d3703a3b6184b45a0ee",0.00371349830107453,0,0,0,0,0.0277255783863713,0,0,0,0,0,0,0,0,0,0,0,0,0,0,0,0,0,0,0,0,0,0,0
"ce2061796f0dee9838e806cd86488535",0.00106099951459272,0,0,0,0,0.0215643387449555,0,0,0,0,0,0,0,0,0,0,0,0,0,0,0,0,0,0,0,0,0,0,0
"bdb4a8177d34d5e7899e74940d5e8d4d",0,0,0,0,0,0.0277255783863713,0,0,0,0,0,0,0,0,0,0,0,0,0,0,0,0,0,0,0,0,0,0,0
"4067001164170581ba105a05e975bbe3",0.0140582435683536,0,0,0,0,0,0,0,0,0,0,0,0,0,0,0,0,0,0,0,0,0,0,0,0,0,0,0,0
"923e86a70ad8194f9dab67ab8397371f",0,0.0016250650026001,0.00130757697269779,0.00114974686406543,0,0,0,0.00106469869787349,0,0.00105566522744307,0,0,0.00200089640158791,0,0,0,0,0,0.00197376026707796,0,0,0.00289402739530856,0.00233236756039536,0.00169159759309828,0.000775646258767227,0,0,0,0
"613419874443169bf5144b900aec08b4",0,0,0,0,0,0,0,0,0,0,0,0,0,0,0.00106983909619993,0,0,0,0,0,0,0,0,0,0,0,0,0,0
"6d56db03597652c712579ef83511cad9",0,0.00135422083550009,0.00239722444994595,0.00210786925078662,0,0,0,0,0,0,0,0,0,0,0,0,0,0,0,0,0,0,0,0,0,0,0,0,0
"4eb5104c00849c7945edc8157a171dc6",0,0,0,0,0,0.0554511567727427,0,0,0,0,0,0,0,0,0,0,0,0,0,0,0,0,0,0,0,0,0,0,0
"6f5c69090502aa2182ea4a5a24b1cc94",0.00530499757296361,0,0,0,0,0,0,0,0,0,0,0,0,0,0,0,0,0,0,0,0,0,0,0,0,0,0,0,0
"c4a386b001291fa4bda56b6eb40173b6",0.00424399805837089,0,0,0,0,0,0,0,0,0,0,0,0,0,0,0,0,0,0,0,0,0,0,0,0,0,0,0,0
"c7b5ccd6001f20b113bf480efab552c9",0.019097991262669,0,0,0,0,0.261852684760174,0,0,0,0,0,0,0,0,0,0,0,0,0,0,0,0,0,0,0,0,0,0,0
"b6b373e4adb9c081da6a2499547960c7",0.00450924793701907,0,0,0,0,0,0,0,0,0,0,0,0,0,0,0,0,0,0,0,0,0,0,0,0,0,0,0,0
"7fe3fc46ddecc806d5fc5e4b8f3ddfce",0.000795749635944542,0,0,0,0,0,0,0,0,0,0,0,0,0,0,0,0,0,0,0,0,0,0,0,0,0,0,0,0
"cd25c45d1fcdc21024720b3b199d9e51",0,0,0,0,0,0.0277255783863713,0,0,0,0,0,0,0,0,0,0,0,0,0,0,0,0,0,0,0,0,0,0,0
"966a27b7648de7ac63f5c15a8be0d10a",0.0692302183271751,0,0,0,0,0,0,0,0,0,0,0,0,0,0,0,0,0,0,0,0,0,0,0,0,0,0,0,0
"d14450ec065af47ce09cf95309f24072",0.013262493932409,0,0,0,0,0,0,0,0,0,0,0,0,0,0,0,0,0,0,0,0,0,0,0,0,0,0,0,0
"2d86655f5770d1ddf5947021a53b57cb",0.013262493932409,0,0,0,0,0,0,0,0,0,0,0,0,0,0,0,0,0,0,0,0,0,0,0,0,0,0,0,0
"f271fba51b646916050b15860477c92b",0,0,0,0,0,0.0184837189242476,0,0,0,0,0,0,0,0,0,0,0,0,0,0,0,0,0,0,0,0,0,0,0
"6904ffb97cd865af71cbb684f9892107",0.00106099951459272,0,0,0,0,0,0,0,0,0,0,0,0,0,0,0,0,0,0,0,0,0,0,0,0,0,0.000791289485345319,0,0
"50a8367445f13689d1032ccff7c8db55",0.000795749635944542,0,0,0,0,0,0,0,0,0,0,0,0,0,0,0,0,0,0,0,0,0,0,0,0,0,0,0,0
"17dea85edcc6610a7d772d73ea780461",0.00106099951459272,0,0,0,0,0,0,0,0,0,0,0,0,0,0,0,0,0,0,0,0,0,0,0,0,0,0,0,0
"8c244456b056b6b07dd3fe3de07754c0",0.00265249878648181,0,0,0,0,0,0,0,0,0,0,0,0,0,0,0,0,0,0,0,0,0,0,0,0,0,0,0,0
"5f012e60ebbd77b52bfe4a68ac5643da",0.000795749635944542,0,0,0,0,0,0,0,0,0,0,0,0,0,0,0,0,0,0,0,0,0,0,0,0,0,0,0,0
"2b33fe69214c39198384dc9686326117",0.029442736529948,0,0,0,0,0,0,0,0,0,0,0,0,0,0,0,0,0,0,0,0,0,0,0,0,0,0,0,0
"5bd290b8145c47c97f4b53595839a743",0.000795749635944542,0,0,0,0,0,0,0,0,0,0,0,0,0,0,0,0,0,0,0,0,0,0,0,0,0,0,0,0
"5810b6e2d5b4ab3fd92892dccf084271",0.000530499757296361,0,0,0,0,0,0,0,0,0,0,0,0,0,0,0,0,0,0,0,0,0,0,0,0,0,0,0,0
"88a9a64b37ae0a1b25e1f700e445ab77",0.0013262493932409,0,0,0,0,0,0,0,0,0,0,0,0,0,0,0,0,0,0,0,0,0,0,0,0,0,0,0,0
"4552de4017ada34de916b0caaaf5ea54",0.000530499757296361,0,0,0,0,0,0,0,0,0,0,0,0,0,0,0,0,0,0,0,0,0,0,0,0,0,0,0,0
"ad94607116582c89c6eb5001f5150f80",0.000530499757296361,0,0,0,0,0,0,0,0,0,0,0,0,0,0,0,0,0,0,0,0,0,0,0,0,0,0,0,0
"15bf273330928f57de2f3b24ca2a5135",0.0129972440537608,0,0,0,0,0,0,0,0,0,0,0,0,0,0,0,0,0,0,0,0,0,0,0,0,0,0,0,0
"cb21ad21e6f1b6e4e388eec09350d8dc",0.00106099951459272,0,0,0,0,0,0,0,0,0,0,0,0,0,0,0,0,0,0,0,0,0,0,0,0,0,0,0,0
"17b1f04511323cb27b539f309522bf6c",0.00185674915053726,0,0,0,0,0,0,0,0,0,0,0,0,0,0,0,0,0,0,0,0,0,0,0,0,0,0,0,0
"714fee5937db0a72ffa76f655649cd60",0.0013262493932409,0,0,0,0,0,0,0,0,0,0,0,0,0,0,0,0,0,0,0,0,0,0,0,0,0,0,0,0
"f527a3626856c74b3bf1c926561baf11",0.0124667442964645,0,0,0,0,0,0,0,0,0,0,0,0,0,0,0,0,0,0,0,0,0,0,0,0,0,0,0,0
"5db694edf839eff28cb6a47bb5b50693",0.13554268798922,0,0,0,0,0.0215643387449555,0,0,0,0,0,0,0,0,0,0,0,0,0,0,0,0,0,0,0,0,0,0,0
"419a137f2ad50bcbc7cd2b296d34e524",0.00238724890783362,0,0,0,0,0,0,0,0,0,0,0,0,0,0,0,0,0,0,0,0,0,0,0,0,0,0,0,0
"4079dc43f1ee0b0433df1aaaafba110d",0.00530499757296361,0,0,0,0,0,0,0,0,0,0,0,0,0,0,0,0,0,0,0,0,0,0,0,0,0,0,0,0
"d564201f83026fda70407d0f859d04bd",0.0013262493932409,0,0,0,0,0,0,0,0,0,0,0,0,0,0,0,0,0,0,0,0,0,0,0,0,0,0,0,0
"260f47af70cb0a395a7ad53f17bdced2",0.00238724890783362,0,0,0,0,0,0,0,0,0,0,0,0,0,0,0,0,0,0,0,0,0,0,0,0,0,0,0,0
"288e6faee45091ff103a59abecc43dbc",0.00185674915053726,0,0,0,0,0,0,0,0,0,0,0,0,0,0,0,0,0,0,0,0,0,0,0,0,0,0,0,0
"d6ede5314f1108426fbd0e2612d334d0",0.00503974769431543,0,0,0,0,0,0,0,0,0,0,0,0,0,0,0,0,0,0,0,0,0,0,0,0,0,0,0,0
"a36b617c346af9dc1b8b18938adc2fc9",0.00530499757296361,0,0,0,0,0,0,0,0,0,0,0,0,0,0,0,0,0,0,0,0,0,0,0,0,0,0,0,0
"da9b9d254bc05bd32ff186a046fedf37",0.00450924793701907,0,0,0,0,0,0,0,0,0,0,0,0,0,0,0,0,0,0,0,0,0,0,0,0,0,0,0,0
"410e95b05efd63867444aa0a2458b97c",0.00212199902918544,0,0,0,0,0.0123224792828317,0,0,0,0,0,0,0,0,0,0,0,0,0,0,0,0,0,0,0,0,0,0,0
"7b38bded14744e6cd6bceb54464983f4",0.00318299854377817,0,0,0,0,0,0,0,0,0,0,0,0,0,0,0,0,0,0,0,0,0,0,0,0,0,0,0,0
"6c69b67bc429532ce3461ea6f3dc7c82",0.0013262493932409,0,0,0,0,0,0,0,0,0,0,0,0,0,0,0,0,0,0,0,0,0,0,0,0,0,0,0,0
"f0f0fbd8b8b3465070051618d1426d2c",0.000795749635944542,0,0,0,0,0,0,0,0,0,0,0,0,0,0,0,0,0,0,0,0,0,0,0,0,0,0,0,0
"1fbebf41466cae9d33a4701c944cb55d",0.00265249878648181,0,0,0,0,0,0,0,0,0,0,0,0,0,0,0,0,0,0,0,0,0,0,0,0,0,0,0,0
"03f29c495b783a3de09c6c8780605449",0.000530499757296361,0,0,0,0,0,0,0,0,0,0,0,0,0,0,0,0,0,0,0,0,0,0,0,0,0,0,0,0
"d4bbada602eb08d4609fe2fca3160d40",0.0013262493932409,0,0,0,0,0.129386032469733,0,0,0,0,0,0,0,0,0,0,0,0,0,0,0,0,0,0,0,0,0,0,0
"9816db47f2611a30597851d70a0e62fd",0.00238724890783362,0,0,0,0,0,0,0,0,0,0,0,0,0,0,0,0,0,0,0,0,0,0,0,0,0,0,0,0
"d57543b38df2129448b58807cb5965d0",0.0164454924761872,0,0,0,0,0,0,0,0,0,0,0,0,0,0,0,0,0,0,0,0,0,0,0,0,0,0,0,0
"8b1634a2e55ae2488b6ccc2230996509",0.00371349830107453,0,0,0,0,0,0,0,0,0,0,0,0,0,0,0,0,0,0,0,0,0,0,0,0,0,0,0,0
"0c794e59b49f4c211fd8d27ef015d178",0.00291774866512999,0,0,0,0,0,0,0,0,0,0,0,0,0,0,0,0,0,0,0,0,0,0,0,0,0,0,0,0
"fb23f61e952a0a57ca3e763d8ad1f157",0.00318299854377817,0,0,0,0,0,0,0,0,0,0,0,0,0,0,0,0,0,0,0,0,0,0,0,0,0,0,0,0
"0c0dcadbd501e2c17ca71995ed0b7ee1",0.0824927122595841,0,0.000653788486348896,0,0,0,0,0,0,0,0,0,0,0,0,0,0,0,0,0,0,0,0,0,0,0,0,0,0
"f942e5771e9c0960bcb688baaa716f30",0.000265249878648181,0,0,0,0,0,0,0,0,0,0,0,0,0,0,0,0,0,0,0,0,0,0,0,0,0,0,0,0
"6291d6ddf701717cb4dadaf9fe7f3ad3",0.00265249878648181,0,0,0,0,0,0,0,0,0,0,0,0,0,0,0,0,0,0,0,0,0,0,0,0,0,0,0,0
"7a7c96429cd038c333985399c9eb963c",0.0254639883502253,0,0,0,0,0.00924185946212378,0,0.000456299441945783,0,0.00823418877405597,0.00844761073409737,0.0305126118795769,0.0470210654373159,0.0287282941777324,0.0513522766175967,0.028246592754749,0.0237127736400185,0.0387457448869455,0.0143802533744251,0,0.00883197173769044,0.00601067228256393,0.0038872792673256,0.00410816558323868,0.00155129251753445,0,0,0,0
"1be3827e47b5c470292d2d3200f1aa5e",0.00238724890783362,0,0,0,0,0,0,0,0,0,0,0,0,0,0,0,0,0,0,0,0,0,0,0,0,0,0,0,0
"808f5cd9975425a879bdc9f2084edbe5",0.00530499757296361,0,0,0,0,0,0,0,0,0,0,0,0,0,0,0,0,0,0,0,0,0,0,0,0,0,0,0,0
"2bb677211b22ba770fffa14899f1b01f",0.00185674915053726,0,0,0,0,0,0,0,0,0,0,0,0,0,0,0,0,0,0,0,0,0,0,0,0,0,0,0,0
"20ec21b915216e00b9af8785dba05efd",0.00106099951459272,0,0,0,0,0,0,0,0,0,0,0,0,0,0,0,0,0,0,0,0,0,0,0,0,0,0,0,0
"570d2782ac8b4697b37c5a7fcce2c38f",0.00291774866512999,0,0,0,0,0,0,0,0,0,0,0,0,0,0,0,0,0,0,0,0,0,0,0,0,0,0,0,0
"b75416c48f46e93a9e3622080cde9b06",0.00212199902918544,0,0,0,0,0,0,0,0,0,0,0,0,0,0,0,0,0,0,0,0,0,0,0,0,0,0,0,0
"5f516ea92e902ab41bec75b07a1d28a5",0.00185674915053726,0,0,0,0,0,0,0,0,0,0,0,0,0,0,0,0,0,0,0,0,0,0,0,0,0,0,0,0
"c259cda388580d886e6cbb43a1272e68",0.0013262493932409,0,0,0,0,0.0308061982070793,0,0,0,0,0,0,0,0,0,0,0,0,0,0,0,0,0,0,0,0,0,0,0
"51177a17fe0a032b15ab14a0e9135569",0.00212199902918544,0,0,0,0,0,0,0,0,0,0,0,0,0,0,0,0,0,0,0,0,0,0,0,0,0,0,0,0
"7380f2dbd0ed772394d1ec7413371fd5",0.00450924793701907,0,0,0,0,0,0,0,0,0,0,0,0,0,0,0,0,0,0,0,0,0,0,0,0,0,0,0,0
"d27891ec7eaa21b0099ce51c7b38bc5c",0,0,0,0,0,0.0277255783863713,0,0,0,0,0,0,0,0,0,0,0,0,0,0,0,0,0,0,0,0,0,0,0
"31a83f111b57e09b08ffb58917c511c9",0.000530499757296361,0,0,0,0,0,0,0,0,0,0,0,0,0,0,0,0,0,0,0,0,0,0,0,0,0,0,0,0
"372e53abd78532e75f0b7c98fa758cc1",0.0185674915053726,0,0,0,0,0,0,0,0,0,0,0,0,0,0,0,0,0,0,0,0,0,0,0,0,0,0,0,0
"3768ce8adbe0d6b2fccade3b7750c7d6",0.0100794953886309,0,0,0,0,0,0,0,0,0,0,0,0,0,0,0,0,0,0,0,0,0,0,0,0,0,0,0,0
"b9315058e389547041d01efa1048d9f0",0.000530499757296361,0,0,0,0,0,0,0,0,0,0,0,0,0,0,0,0,0,0,0,0,0,0,0,0,0,0,0,0
"3196bc82f5a5ddf5efff5dfd48579b60",0.00424399805837089,0,0,0,0,0,0,0,0,0,0,0,0,0,0,0,0,0,0,0,0,0,0,0,0,0,0,0,0
"8d1e64ee4aa50278de70ddd89e5c3665",0.00424399805837089,0,0,0,0,0,0,0,0,0,0,0,0,0,0,0,0,0,0,0,0,0,0,0,0,0,0,0,0
"dfb17fab2e208979590db3600ba675d7",0.00159149927188908,0,0,0,0,0,0,0,0,0,0,0,0,0,0,0,0,0,0,0,0,0,0,0,0,0,0,0,0
"58a2d5b3e1ddfcaf493f61028578cc92",0.00450924793701907,0,0,0,0,0,0,0,0,0,0,0,0,0,0,0,0,0,0,0,0,0,0,0,0,0,0,0,0
"59c5995d732f22fe559c04802246529b",0,0,0,0,0,0.00616123964141585,0,0,0,0,0,0,0,0,0,0,0,0,0,0,0,0,0,0,0,0,0,0,0
"a2d71ade86c83ee8cbe7141a71281db6",0.00291774866512999,0,0,0,0,0,0,0,0,0,0,0,0,0,0,0,0,0,0,0,0,0,0,0,0,0,0,0,0
"c01cd527066a9018d69ede5801841298",0.00185674915053726,0,0,0,0,0,0,0,0,0,0,0,0,0,0,0,0,0,0,0,0,0,0,0,0,0,0,0,0
"7c1cbe86390c16afdf54fac5ab2ba556",0.0013262493932409,0,0,0,0,0,0,0,0,0,0,0,0,0,0,0,0,0,0,0,0,0,0,0,0,0,0,0,0
"179413bba78ea1fc349ad7186b4f47c1",0.00318299854377817,0,0,0,0,0,0,0,0,0,0,0,0,0,0,0,0,0,0,0,0,0,0,0,0,0,0,0,0
"4b673256fb96d4b936e393f3f45d4f47",0.00318299854377817,0,0,0,0,0,0,0,0,0,0,0,0,0,0,0,0,0,0,0,0,0,0,0,0,0,0,0,0
"b62d797963ea269412b16706df6c98e9",0.00397874817972271,0,0,0,0,0,0,0,0,0,0,0,0,0,0,0,0,0,0,0,0,0,0,0,0,0,0,0,0
"dbdb30396825379c82448fee2cbe497e",0.00503974769431543,0,0,0,0,0,0,0,0,0,0,0,0,0,0,0,0,0,0,0,0,0,0,0,0,0,0,0,0
"f128d6b0c4c7f8c41b4969168eaea276",0.00185674915053726,0,0,0,0,0,0,0,0,0,0,0,0,0,0,0,0,0,0,0,0,0,0,0,0,0,0,0,0
"9a92a2c1cf0f15aa4804f00b70914004",0.00769224648079724,0,0,0,0,0,0,0,0,0,0,0,0,0,0,0,0,0,0,0,0,0,0,0,0,0,0,0,0
"2f0e324704bd4ac738072c50d4eba0ea",0.0108752450245754,0,0,0,0,0,0,0,0,0,0,0,0.000400179280317582,0.00957609805924413,0,0,0,0,0,0,0,0,0.00103660780462016,0,0,0,0,0,0
"a5c52feec93b3b84b1295044997eec5e",0.00212199902918544,0,0,0,0,0,0,0,0,0,0,0,0,0,0,0,0,0,0,0,0,0,0,0,0,0,0,0,0
"918eaaa2a8ed889d1ab21eb87b880779",0.00371349830107453,0,0,0,0,0,0,0,0,0,0,0,0,0,0,0,0,0,0,0,0,0,0,0,0,0,0,0,0
"ffc8f144edd6d82dce1b1b9056b59bef",0.0424399805837089,0,0,0,0,0,0,0,0,0,0,0,0,0,0,0,0,0,0,0,0,0,0,0,0,0,0,0,0
"b2378dc0ed02b4859dec7c88db7efeb0",0.00238724890783362,0,0,0,0,0,0,0,0,0,0,0,0,0,0,0,0,0,0,0,0,0,0,0,0,0,0,0,0
"d3abbc3a1ab2ef83f8acf34b86409689",0.00159149927188908,0,0,0,0,0.0154030991035396,0,0,0,0,0,0,0,0,0,0,0,0,0,0,0,0,0,0,0,0,0,0,0
"a6e69a1d97c797ccefc9a46e1e9d59b9",0.0376654827680416,0,0.000435858990899264,0,0,0.144789131573273,0,0,0,0,0,0,0,0,0,0,0,0,0,0,0,0,0,0,0,0,0,0,0
"05925c1c63113425269afd1340361c52",0,0,0,0,0,0,0,0,0,0,0,0,0,0,0,0,0,0,0,0,0,0,0,0.000483313598028081,0,0,0,0,0
"864e7cae8a55031eca03d9e08dc49553",0,0,0,0,0,0,0.000608046892576355,0,0,0,0,0,0,0,0,0,0,0,0,0,0,0,0,0,0,0,0,0,0
"1c4d0577b5aae60dfa88bb9fa2dc36d6",0,0,0,0,0,0,0,0,0,0,0,0,0,0,0,0,0,0,0.00169179451463825,0,0,0,0,0,0,0,0,0,0
"25f1616a67bfdd13341e589345005a90",0,0,0,0,0,0,0,0,0,0,0,0,0,0,0,0,0,0,0.00140982876219854,0,0,0,0,0,0,0,0,0,0
"d3cf08daefed96f494257ceff63a6cf8",0,0,0,0.57832267262491,0.323919425043021,1.62040602569237,0.487450925548712,1.17040806859093,1.59510190928865,1.02948472980248,1.31501140427449,3.16653105505831,1.49667050838776,3.00370275791624,2.43352733082278,3.80975919779677,2.50223654569559,3.68638087067224,2.20102466354437,2.36477050553952,1.4749392801943,0.545635472761637,0.366440858933227,0.748169449747469,1.03955989831278,1.44781760546208,1.41197695765019,2.1951834926687,3.18183255843375
"d0c4b664b4d2be62c80268e30a098b50",0.0095489956313345,0,0,0,0,0,0,0,0,0,0,0,0,0,0,0,0,0,0,0,0,0,0,0,0,0,0,0,0
"3876f8d3b46ac99f7e99345288e684b5",0,0,0,0,0,0,0,0,0,0,0,0,0,0,0,0,0,0,0,0,0,0,0,0,0.00058173469407542,0,0,0,0
"9e50dfdd487c628307774026eb126fb2",0,0.000812532501300052,0,0,0,0,0,0,0,0,0,0,0,0,0,0,0,0,0,0,0,0,0,0,0,0,0,0,0
"6e6136a51bc1d0612894175086e106cd",0.0175064919907799,0,0,0,0,0,0,0,0,0,0,0,0,0,0,0,0,0,0,0,0,0,0,0,0,0,0,0,0
"a9c824dcc1edf7518389d9eec8ed0ebb",0,0,0,0,0,0.0800961153384061,0,0,0,0,0,0,0,0,0,0,0,0,0,0,0,0,0,0,0,0,0,0,0
"ff6a63aa3a8877a90e31ca73fa5fbdd7",0.000795749635944542,0,0,0,0,0.00924185946212378,0,0,0,0,0,0,0,0,0,0,0,0,0,0,0,0,0,0,0,0,0,0,0
"c18be20cca10d6ead4ed3561cf3dfca0",0.000795749635944542,0,0,0,0,0,0,0,0,0,0,0,0,0,0,0,0,0,0,0,0,0,0,0,0,0,0,0,0
"18a092b014b6de80593f7d47d2d9d923",0,0,0,0,0,0,0,0.000456299441945783,0,0,0,0,0,0,0,0,0,0,0,0,0,0,0,0,0,0,0,0,0
"78532b4618bfea368dfe10951ddbf5fe",0,0,0,0,0,0,0.000405364595050904,0,0,0,0,0,0,0,0,0,0,0,0,0,0,0,0,0,0,0,0,0,0
"dfbbce19b1bc5453bfb444e3f568a5ec",0,0.000541688334200035,0,0,0,0,0,0,0,0,0,0,0,0,0,0,0,0,0,0,0,0,0,0,0,0,0,0,0
"ab6115f8667efbf773336f71d2ab8f62",0,0,0,0,0,0,0,0,0,0,0,0,0,0,0,0,0,0,0,0,0,0,0,0,0.00174520408222626,0,0,0,0
"c4112b995ef6cd2f05559f6a3057bc7c",0.0610074720890815,0,0,0,0,0.0215643387449555,0,0,0,0,0,0,0,0,0,0,0,0,0,0,0,0,0,0,0,0,0,0,0
"17e2d5f6e5fc504e01e29c78e545e138",0.00424399805837089,0,0,0,0,0,0,0,0,0,0,0,0,0,0,0,0,0,0,0,0,0,0,0,0,0,0,0,0
"d6a202591a42fa999f25af7a7aefcffd",0,0,0,0,0,0,0,0,0,0,0,0,0,0,0,0,0,0,0,0,0,0,0,0,0,0,0.00253212635310502,0,0
"ffa712fb62fa7468337cc7e0f0c527c3",0.00450924793701907,0,0,0,0,0,0,0,0,0,0,0,0,0,0,0,0,0,0,0,0,0,0,0,0,0,0,0,0
"f2a6e7637c20fbb79c069489fc527053",0.00663124696620451,0,0,0,0,0,0,0,0,0,0,0,0,0,0,0,0,0,0,0,0,0,0,0,0,0,0,0,0
"810035b7569c83b87fcb45b0c3fa51be",0,0,0,0,0,0,0,0,0,0,0,0,0.00520233064412857,0,0,0,0,0,0,0,0,0,0,0,0,0,0,0,0
"2c1453fb27de0eb5e19ae61028df3294",0,0,0.0130757697269779,0,0,0,0,0,0,0,0,0,0,0,0,0,0,0,0.0160720478890634,0,0,0,0,0.0345569222590078,0.0288928231390792,0,0.0455782743558904,0,0
"e04d49b3a01d91878d1c27f4e22b074e",0,0,0,0,0,0,0,0.0141452827003193,0,0,0,0,0,0,0,0,0,0,0,0,0,0,0,0,0.0219120068101742,0,0,0,0
"136c27e1efa2b99fb71cdff938615daa",0,0,0.00217929495449632,0,0,0,0,0,0,0,0,0,0,0,0,0,0,0,0,0,0,0,0,0,0.00814428571705588,0,0.0106032791036273,0,0
"c9b1d29de9ba6aaa6bd23b386b8c8331",0,0,0,0.00459898745626171,0,0,0,0,0,0,0,0,0,0,0,0,0,0,0.00422948628659563,0,0,0,0,0,0,0,0,0,0
"3ece3ba63c0d48e9af0bd3e473afb6cc",0,0,0,0,0,0,0,0,0,0,0,0,0.00720322704571648,0,0,0,0,0,0,0,0,0,0,0,0,0,0,0,0
"456e90bd81f384fccd85730d1b5088e5",0,0,0,0,0,0,0,0.00486719404742168,0,0,0,0,0,0,0,0,0,0,0,0,0,0,0,0,0,0,0,0,0
"be437fdb39ff4822fcaf0522cbd7c1e0",0,0,0,0,0,0,0,0,0,0,0,0,0,0,0,0,0,0,0,0,0,0,0,0,0,0,0.012344115971387,0,0
"2ec1f8eb34a2ea797a6cbbdfb17fbfd2",0,0,0,0,0,0,0,0,0,0,0,0,0,0,0,0,0,0,0,0,0,0,0,0,0,0,0.00585554219155536,0,0
"5c52186b7c44d5709af099adc5dea216",0,0,0,0,0,0,0,0,0,0,0,0,0,0,0,0,0,0,0,0,0,0,0,0,0,0,0.0215230740013927,0,0
"0fec351445f84bd482075ceda6123f46",0,4.60435084070029,11.0030422957565,25.8104757269275,5.14728211357425,9.02313545485352,6.15100236530241,23.9061361627955,34.8129649023873,17.9553875874883,27.908089995213,23.135340385137,35.1639534511461,24.9744637385087,30.1059853931302,28.7832780170892,27.7412505254535,16.7686048764287,12.7933501196945,18.9150606709493,6.7476264075955,6.59682413885989,9.00630775849111,35.2301781010609,31.8567614053935,40.858936844672,43.3857694498955,49.6593680787238,45.2667868551729
"c1795fae23a34030462cf6e6267b85b3",0,0,0,0.00919797491252343,0,0,0,0.0106469869787349,0,0,0,0,0,0,0,0,0,0,0,0,0,0,0,0,0.00911384354051491,0,0.017408368677597,0,0
"a214ccee6e9a8749c048daa053ae51dc",0,0,0,0,0,0,0,0.0115595858626265,0,0,0,0,0.0158070815725445,0,0,0,0,0,0,0,0,0,0,0,0,0,0.0169335949863898,0,0
"1d808a941e29c1b4f33534431001dd27",0,0,0,0,0,0,0,0,0,0,0,0,0,0,0,0,0.0220959936191082,0,0,0,0,0,0,0,0,0,0,0,0
"7c6299b064794dfea9e563a4645d1bbf",0,0,0,0,0,0,0,0,0,0,0,0,0.00800358560635164,0,0,0,0,0,0,0,0,0,0,0,0.00775646258767227,0,0.0104450212065582,0,0
"c2ce31d453f856c02c1925a535ca7d46",0,0,0,0,0,0,0,0,0,0,0,0,0,0,0,0,0,0,0,0,0,0,0,0,0,0,0.00648857377983161,0,0
"534d7b1bce2cf035866320576094f81e",0,0,0,0.0124555910273755,0,0,0,0.0142973825143012,0,0,0,0,0.0216096811371494,0,0,0,0,0,0,0,0,0,0,0.0176409463280249,0.0213302721160987,0,0.0227891371779452,0,0
"270c5d9a2223e0f5d99547e426bc19e4",0,0,0,0,0,0,0,0,0,0,0,0,0,0,0,0,0,0,0,0,0,0,0,0,0,0,0.0238969424574286,0,0
"64c88f89738e90b17e368e96690366e4",0,0,0,0,0,0,0,0,0,0,0,0,0,0,0,0,0,0,0,0,0,0,0,0.00797467436746333,0.00814428571705588,0,0,0,0
"4e39e7f278e094156ebfcc28868dd7dd",0,0,0,0.00862310148049071,0,0,0,0,0,0,0,0,0,0,0,0,0,0,0,0,0,0,0,0.011841183151688,0.0118286054462002,0,0.0132936633538014,0,0
"7b1ad2f99dd41971e10e79aaeb45e994",0,0,0,0,0,0,0,0,0,0,0,0,0,0,0,0,0,0,0,0,0,0,0,0,0,0,0.00633031588276255,0,0
"9e67f564a732feffc50f5fc690ec2e71",0,0,0,0,0,0,0,0,0,0,0,0,0,0,0,0,0,0,0,0,0,0,0,0,0,0,0.0186744318541495,0,0
"c6d0e484e529a485ffc0b1f08f1fb158",0,0,0,0.0114974686406543,0,0,0,0.0123200849325361,0,0,0,0,0.0208093225765143,0,0,0,0,0,0.0098688013353898,0,0,0,0,0,0,0,0.0112363106919035,0,0
"3ab03e560dde34c45b0a4e71c809c190",0,0,0,0,0,0,0,0.00714869125715059,0,0,0,0,0,0,0,0,0,0,0,0,0,0,0,0,0.00717472789359685,0,0.0118693422801798,0,0
"b513381a51c3d1b0d7e568a804954430",0,0,0,0,0,0,0,0.00988648790882529,0,0,0,0,0,0,0,0,0,0,0,0,0,0,0,0,0,0,0.0172501107805279,0,0
"e9a0960d7d02f3ef158eaad301890820",0,0,0,0,0,0,0,0,0,0,0,0,0,0,0,0,0,0,0,0,0,0,0,0,0,0,0.00490599480914098,0,0
"f1270b35cb1a572502eb1f6a417b4ce9",0,0,0,0,0,0,0,0,0,0,0,0,0,0,0,0,0,0,0,0,0,0,0,0.00845798796549141,0.00465387755260336,0,0,0,0
"3db5da918ad4c209aef4644be4ce75b0",0,0,0,0,0,0,0,0.00365039553556626,0,0,0,0,0,0,0,0,0,0,0,0,0,0,0,0,0,0,0,0,0
"48583aa878619934f2f6d8583cccae68",0,0,0,0,0,0,0,0.00882178921095179,0,0,0,0,0,0,0,0,0,0,0,0,0,0,0,0,0,0,0.014876242324492,0,0
"0e941c919146c9d562604083a4eeadc8",0,0,0,0,0,0,0,0,0,0.0139347810022486,0,0,0,0,0,0,0,0,0,0,0,0,0,0,0,0,0,0,0
"2f62caf32ac0a5313dea4b421d6dd293",0,0,0,0,0,0,0,0,0,0.00316699568232922,0,0,0,0,0,0,0,0,0,0,0,0,0,0,0,0,0,0,0
"cabc3f75a6051be90646efa273cd5ad3",0,0,0,0,0,0,0,0,0,0,0,0,0,0,0,0,0,0,0,0,0,0,0,0,0,0,0.00553902639741723,0,0
"5826f38e9afadfa40023cdc15629fe20",0,0,0,0,0,0,0,0,0,0,0,0,0,0,0,0,0,0,0,0,0,0,0,0,0,0,0.00601380008862442,0,0
"451f992938efa5e0c6523168817f30f8",0,0,0,0,0,0,0,0,0,0.0071785235466129,0,0,0,0,0,0,0,0,0,0,0,0,0,0,0,0,0,0,0
"6fc9eb297f26be9914cfbb2e96bbc086",0,0,0,0,0,0,0.00364828135545813,0,0,0.0071785235466129,0,0,0,0,0,0,0,0,0,0,0,0,0,0,0,0,0,0,0
"a049ac86c03db7991ef693a1bb025681",0,0,0,0.00728173013908105,0,0,0,0.00730079107113252,0,0,0,0,0,0,0,0,0,0,0,0,0,0,0,0.0113578695536599,0.00969557823459033,0,0,0,0
"5b02c8639023ea8693ddee6bf1597c70",0,0,0,0,0,0,0,0,0,0,0,0,0,0,0,0,0,0,0,0,0,0,0,0,0,0,0.012344115971387,0,0
"b4ac0621ed68fda2b501520e951949e1",0,0,0,0,0,0,0,0.0117116856766084,0,0.00738965659210151,0,0,0.014406454091433,0,0,0,0,0,0,0,0,0,0,0.0183659167250671,0.0126042517049674,0,0.0194657213394948,0,0
"50f6937d35cf193c1881b6fb7c273225",0,0,0,0,0,0,0,0,0,0,0,0,0.0110049302087335,0,0,0,0,0,0,0,0,0,0,0.0111162127546459,0,0,0.0139266949420776,0,0
"ea8b36aa3ca7fa26f798e2c40a19c43e",0,0,0,0,0,0,0,0,0,0,0,0,0,0,0,0,0,0,0,0,0,0,0,0,0,0,0.00585554219155536,0,0
"be017454a0758945d4ec45fbf9ac6f48",0,0,0,0,0,0,0,0.00395459516353011,0,0,0,0,0,0,0,0,0,0,0,0,0,0,0,0,0.00562343537606239,0,0,0,0
"85a27e670e0e57e67484195e26028b19",0,0,0,0,0,0,0,0,0,0,0,0,0,0,0,0,0,0,0,0,0,0,0,0,0,0,0.017408368677597,0,0
"33df87d462384b48f155ad84b5e02c26",0.00371349830107453,0,0,0,0,0,0,0,0,0,0,0,0,0,0,0,0,0,0,0,0,0,0,0,0,0,0,0,0
"19463e5fe824700110e4a4ec8afe0512",0.0228114895637435,0.0235634425377015,0.014819205690575,0.00421573850157324,0,0.154030991035396,0.00304023446288178,0.00714869125715059,0,0,0,0,0.00620277884492253,0,0.016047586442999,0,0.0220959936191082,0,0.0273506779866517,0.0558607206032958,0.10156767498344,0.0592162528578521,0.0489797187683026,0.233923781445591,1.01512704116161,0.21641063155328,0.93467114008989,0.605567860046539,0.180282759275074
"135f3b8eaf65e4c59bcd692de4f6d6ae",0,0,0,0,0,0,0,0,0,0,0,0,0.0128057369701626,0,0.011055003994066,0.0247157686604053,0,0.0276755320621039,0,0,0,0,0,0,0,0,0,0,0
"7281c911136ba2bdcafebb9c71729dea",0.128380941265719,0.0254593517074016,0.00893510931343492,0,0,0.083176735159114,0,0,0,0,0,0,0,0,0,0,0,0,0,0,0,0,0,0.0140160943428143,0.0795037415236407,0.0640087783467447,0.352756852566943,0.555103871709327,0.151817060442167
"630dbfa8fbc034c9f8692f9d429ea57e",0.00397874817972271,0.00406266250650026,0.00239722444994595,0,0,0,0,0,0,0,0,0,0,0,0,0,0,0,0,0,0,0,0,0,0,0,0,0,0
"dfa00f358503d3a79cb2c330ee60c1e2",0,0,0,0,0,0,0,0,0,0,0,0,0,0,0,0,0,0,0,0,0,0,0,0,0,0,0.00807115275052225,0,0
"70414021f4b21e27cabdfe1be1ae296b",0,0,0,0,0,0,0,0,0,0,0,0,0,0,0,0,0,0,0,0,0,0,0,0,0.00678690476421323,0,0,0,0
"7737a66fdaa3850b656f45f9cc17fb93",0,0.000541688334200035,0,0,0,0,0,0,0,0,0,0,0,0,0,0,0,0,0,0,0,0,0,0,0,0,0,0,0
"d0eac523b3ddde02c23078445c33dc3e",0,0,0,0,0,0,0,0,0,0,0,0,0,0,0,0,0,0,0,0,0,0,0,0,0,0,0.00553902639741723,0,0
"e36ac8cd7dc84d43bd2784fdc182f91a",0,0,0,0,0,0,0,0,0,0,0,0,0,0,0,0,0,0,0,0,0,0.00267140990336175,0,0.00265822478915444,0,0,0,0,0
"00822d53733c27d8119b5fc4ed19f687",0,0,0,0,0,0,0,0,0,0,0,0,0,0,0,0,0,0,0,0,0,0,0,0,0,0,0.007438121162246,0,0
"e9930334cceb400c8d1aba7848ccc83f",0,0,0,0,0,0,0,0,0,0,0,0,0.0154069022922269,0,0,0,0,0,0,0,0,0,0,0,0,0,0,0,0
"af2d8d803a1e0df98789044e20c2646a",0,0,0,0,0,0,0,0,0,0,0,0,0.00660295812524011,0,0,0,0,0,0,0,0,0,0,0,0,0,0.00727986326517693,0,0
"023bd97712c56fd071cfd4e6b41ee9c5",0,0,0,0,0,0,0,0.0016730979538012,0,0,0,0,0,0,0,0,0,0,0,0,0,0,0,0,0,0,0,0,0
"89628653ce7d25046e81ec1e41c9122f",0,0,0,0,0,0,0,0,0,0,0,0,0,0,0,0,0,0,0,0,0,0,0.0119209897531319,0,0,0,0,0,0
"cb300bfb8d8466c3f220d5f95c2a03c2",0,0,0,0,0,0,0,0,0,0,0,0,0,0,0,0,0,0,0,0,0,0,0,0,0,0,0.00696334747103881,0,0
"aded20d81ae85d32dc13bca7fbd3340d",0,0,0,0,0,0,0,0,0,0,0,0,0.0166074401331797,0,0,0,0,0,0,0,0,0,0,0,0,0,0,0,0
"829161d9eeb2bc71c936ceac625d9240",0,0,0,0,0,0,0,0,0,0,0,0,0,0,0,0,0,0,0,0,0,0,0,0,0,0,0.00648857377983161,0,0
"63f37ee4b481fccdffca10160ed5b944",0.238724890783362,0.61969145432484,1.41458035496356,3.60713916152794,7.05283935621014,4.80884754012507,5.88265100337871,6.82776064964873,3.95284513547625,9.5020427122151,8.64472165122631,26.8850013561161,20.5866228070175,26.3693820224719,23.9761639849367,21.2414377515712,25.8603964344611,24.9910054520798,20.3562355316323,14.9613630015827,21.8767939942592,10.4098165409249,12.300647361574,11.0980884947198,7.66745717947873,8.24189222140941,21.9894600240552,15.5232835235078,15.1975203213461
"5488011e971aeee8cd31b52ca5d1af76",0,0,0,0,0,0,0.00425632824803449,0,0,0,0,0,0,0,0,0,0,0,0,0,0,0,0,0,0,0,0,0,0
"5b7a288e8ea092f67f03a49612946d43",0,0,0,0,0,0,0,0,0,0,0,0,0.00360161352285824,0,0,0,0,0,0,0,0,0,0,0,0,0,0,0,0
"47c6142121fd5fbdd963a7a6fccb2c5e",0.00901849587403814,0,0,0,0,0,0,0,0,0,0,0,0,0,0,0,0,0,0,0,0,0,0,0,0,0,0,0,0
"390239bf01b14308adb01f1634c4b99c",0.00424399805837089,0,0,0,0,0,0,0,0,0,0,0,0,0,0,0,0,0,0,0,0,0,0,0,0,0,0,0,0
"950c432d4df367cfd29389f23c4272f6",0.0167107423548354,0,0,0,0,0,0,0,0,0,0,0,0,0,0,0,0,0,0,0,0,0,0,0,0,0,0,0,0
"adf5bb1e5c1f167d69175bf8a8e04fb3",0.0013262493932409,0,0,0,0,0,0,0,0,0,0,0,0,0,0,0,0,0,0,0,0,0,0,0,0,0,0,0,0
"c54740e67850b527400a77af33bd3d89",0.0201589907772617,0,0,0,0,0.221804627090971,0,0,0,0,0,0,0,0,0,0,0,0,0,0,0,0,0,0,0,0,0,0,0
"8dcc2c0ebe2c9f41761691937e854ac8",0.00344824842242635,0,0,0,0,0,0,0,0,0,0,0,0,0,0,0,0,0,0,0,0,0,0,0,0,0,0,0,0
"9f113facb493f17c8499fb47ff434602",0.00238724890783362,0,0,0,0,0,0,0,0,0,0,0,0,0,0,0,0,0,0,0,0,0,0,0,0,0,0,0,0
"4d4be4592350230ffffb8321fc1688fa",0.0013262493932409,0,0,0,0,0,0,0,0,0,0,0,0,0,0,0,0,0,0,0,0,0,0,0,0,0,0,0,0
"fd570e30645c57d049c83863880fd312",0.0013262493932409,0,0,0,0,0,0,0,0,0,0,0,0,0,0,0,0,0,0,0,0,0,0,0,0,0,0,0,0
"58a5d06b791283b4270f688e0b7408c9",0.00371349830107453,0.00947954584850061,0.0104606157815823,0.000766497909376952,0.0151837230488916,0,0.00425632824803449,0.00456299441945783,0.0456510647439512,0.00443379395526091,0.0535015346492834,0.0169514510442094,0.00800358560635164,0.022344228804903,0.00713226064133288,0.0105924722830309,0.00323356004182071,0.0138377660310519,0.00197376026707796,0.0124134934673991,0,0,0.00181406365808528,0.000724970397042121,0,0,0.00443122111793379,0,0
"c040c750c7a9e9bdd14a5ee18b3c3b5b",0.00583549733025997,0,0,0,0,0.0154030991035396,0,0,0,0,0,0,0,0,0,0,0,0,0,0,0,0,0,0,0,0,0,0,0
"f4e4eee188c4e5fb2a3b609a95f7036c",0.00583549733025997,0,0,0,0,0,0,0,0,0,0,0,0,0,0,0,0,0,0,0,0,0,0,0,0,0,0,0,0
"07751ebfb567d65db3f366d9c4037e68",0,0,0,0,0,0,0,0,0,0,0,0,0.00480215136381099,0,0.0057058085130663,0,0.00754497343091499,0.0110702128248416,0.00535734929635446,0,0,0.000890469967787249,0.00570134292541089,0,0.00155129251753445,0,0.00316515794138128,0,0
"45f9a7bf1f33e80fe813979280cdbfa3",0,0,0,0,0,0,0,0,0,0,0,0,0,0.0127681307456588,0,0,0,0,0,0,0,0,0,0,0,0,0,0,0
"de6e665cc2a0ca6ca74b71b0581558e7",0.032360485195078,0,0,0,0,0.0277255783863713,0,0,0,0,0,0,0,0,0,0,0,0,0,0,0,0,0,0,0,0,0,0,0
"fa8e5e27d8fba25e37fc05340a105914",0.0427052304623571,0,0,0,0,0,0,0,0,0,0,0,0,0,0,0,0,0,0,0,0,0,0,0,0,0,0,0,0
"8dba5d94c21557246f8c48418b0f3bda",0.0148539932042981,0,0,0,0,0.0677736360555744,0,0,0,0,0,0,0,0,0,0,0,0,0,0,0,0,0,0,0,0,0,0,0
"22216e3e181ee694bf4c8daa987ac8ab",0.000530499757296361,0,0,0,0,0,0,0,0,0,0,0,0,0,0,0,0,0,0,0,0,0,0,0,0,0,0,0,0
"84062ea22d23db6a01c565ec5523d81e",0.000530499757296361,0,0,0,0,0,0,0,0,0,0,0,0,0,0,0,0,0,0,0,0,0,0,0,0,0,0,0,0
"831363ded99c851c80f32aff0c59c9a2",0.000530499757296361,0,0,0,0,0,0,0,0,0,0,0,0,0,0,0,0,0,0,0,0,0,0,0,0,0,0,0,0
"60ec6b41425f294ba92e7b2f8cc23289",0.00636599708755633,0,0,0,0,0,0,0,0,0,0,0,0,0,0,0,0,0,0,0,0,0,0,0,0,0,0,0,0
"02e328ecac1fdf0f63bb40991465112b",0.00689649684485269,0,0,0,0,0,0,0,0,0,0,0,0,0,0,0,0,0,0,0,0,0,0,0,0,0,0,0,0
"d3648f626f4aadacf25eb043bdc62c58",0.00344824842242635,0,0,0,0,0,0,0,0,0,0,0,0,0,0,0,0,0,0,0,0,0,0,0,0,0,0,0,0
"88d9d7a5f4454e47ced69c6c7391068b",0.00238724890783362,0,0,0,0,0,0,0,0,0,0,0,0,0,0,0,0,0,0,0,0,0,0,0,0,0,0,0,0
"a8f1172cd5341236c5e2a3ced113b0b2",0.00503974769431543,0,0,0,0,0.0338868180277872,0,0,0,0,0,0,0,0,0,0,0,0,0,0,0,0,0,0,0,0,0,0,0
"a87d7bdde6fa3f21a9cfecf2831f86ad",0,0,0,0,0,0.0954992144419457,0,0,0,0,0,0,0,0,0,0,0,0,0,0,0,0,0,0,0,0,0,0,0
"dbec03fc66ff2c2d4e6b089d27824139",0.00397874817972271,0,0,0,0,0,0,0,0,0,0,0,0,0,0,0,0,0,0,0,0,0,0,0,0,0,0,0,0
"7d92b18666da2334d7051a3a9791dc97",0.00503974769431543,0,0,0,0,0,0,0,0,0,0,0,0,0,0,0,0,0,0,0,0,0,0,0,0,0,0,0,0
"3e3764ae6674e989f040377aa61069b5",0.00159149927188908,0,0,0,0,0,0,0,0,0,0,0,0,0,0,0,0,0,0,0,0,0,0,0,0,0,0,0,0
"bc96db08da9a54e69f83357f2429e767",0.00344824842242635,0,0,0,0,0,0,0,0,0,0,0,0,0,0,0,0,0,0,0,0,0,0,0,0,0,0,0,0
"398b644c70b3a3b47d64e696f8b639fc",0.00238724890783362,0,0,0,0,0,0,0,0,0,0,0,0,0,0,0,0,0,0,0,0,0,0,0,0,0,0,0,0
"326834f69c357dad79f31e792597dd1d",0.0607422222104333,0,0,0,0,0,0,0,0,0,0,0,0,0,0,0,0,0,0,0,0,0,0,0,0,0,0,0,0
"89056b9f86a0886730db47a8c45825eb",0.0254639883502253,0,0,0,0,0,0,0,0,0,0,0,0,0,0,0,0,0,0,0,0,0,0,0,0,0,0,0,0
"144e3876b7943b5474d329bec54856a4",0,0,0,0,0,0,0,0,0,0.000844532181954459,0,0.0101708706265256,0.00580259956460494,0,0.00641903457719959,0.00706164818868724,0.00431141338909428,0,0.00563931504879417,0,0,0.00222617491946812,0.00336897536501552,0.00265822478915444,0.00155129251753445,0,0.00142432107362157,0,0
"7762e0345755e644245415ce796d6cfa",0.0238724890783362,0,0,0,0,0.0462092973106189,0,0,0,0,0,0,0,0,0,0,0,0,0,0,0,0,0,0,0,0,0,0,0
"3547314cbc17e38fbaed69287ddb4f31",0.00397874817972271,0,0,0,0,0,0,0,0,0,0,0,0,0,0,0,0,0,0,0,0,0,0,0,0,0,0,0,0
"5dfb2d1578133ad81a110967e7c71462",0.00477449781566725,0,0,0,0,0.132466652290441,0,0,0,0,0,0,0,0,0,0,0,0,0,0,0,0,0,0,0,0,0,0,0
"702860fda44c0d44ddacb5bd79fd5d24",0.0580897234239515,0,0,0,0,0.603801484858754,0,0,0,0,0,0,0,0,0,0,0,0,0,0,0,0,0,0,0.0029086734703771,0,0.0284864214724315,0.0925173119515546,0.154979915868046
"4c301bbaaa0d8e3dc3356271c20fc5b5",0.0116709946605199,0,0,0,0,0.0677736360555744,0,0,0,0,0,0,0,0,0,0,0,0,0,0,0,0,0,0,0,0,0,0,0
"a777d4d917d8136a45eebcd830b6e5f4",0.00583549733025997,0,0,0,0,0,0,0,0,0,0,0,0,0,0,0,0,0,0,0,0,0,0,0,0,0,0,0,0
"35dbde30af820a2c3bcd85216229ad6a",0,0.015708961691801,0.171292583423411,1.7608373223162,3.79846138273105,0.0585317765934506,26.6444121503984,9.14302401808163,7.49751604500658,1.25075216147455,3.29175231605328,0.118660157309466,0.0164073504930209,0.076608784473953,0.194710715508388,0.218911093849304,0.169761902195587,0.603326598953865,0.349637533025239,0.301027216584427,0.176639434753809,0.0630007502209479,0.104697388266636,0.0314153838718252,0.0263719727980857,0.0457205559619605,0.0270621003988099,0.0140177745381143,0
"7b93ff9b2b7ff23722305deb2a9ef5a6",0,0,0,0,0,0,0.00364828135545813,0,0,0,0,0,0,0,0,0,0,0,0,0,0,0,0,0,0,0,0,0,0
"532ff193b68d71a9e2229dd125e1eeb1",0.00875324599538996,0,0,0,0,0,0,0,0,0,0,0,0,0,0,0,0,0,0,0,0,0,0,0,0,0,0,0,0
"c9c58ce6cfd82ba2d1a35ed4588dc1db",0,0,0,0,0,0,0.00891802109111988,0,0,0,0,0,0,0,0,0,0,0,0,0,0,0,0,0,0,0,0,0,0
"f1ebffdf71f712f477b8ede6c75a5a98",0,0,0,0,0,0,0.00182414067772907,0,0,0,0,0,0,0,0,0,0,0,0,0,0,0,0,0,0,0,0,0,0
"24ed4714d5b19f89c5dd402b506efa21",0,0,0,0,0,0,0,0.00121679851185542,0,0,0,0,0,0,0,0,0,0,0,0,0,0,0,0,0,0,0,0,0
"1aede2d5c2e052cf33e4fbbc76abf4bb",0,0,0,0,0,0,0,0.00152099813981928,0,0,0,0,0,0,0,0,0,0,0,0,0,0,0,0,0,0,0,0,0
"b5a4aad370e78b9f833c9424031c44ec",0.00424399805837089,0,0,0,0,0,0,0,0,0,0,0,0,0,0,0,0,0,0,0,0,0,0,0,0,0,0,0,0
"2a19b898afc817194e7a4996c2501bd5",0.0106099951459272,0,0,0,0,0,0,0,0,0,0,0,0,0,0,0,0,0,0,0,0,0,0,0,0,0,0,0,0
"94a6d209f6cf2ffadcf52fbaf974fa6b",0,0,0.00261515394539559,0,0,0,0,0,0,0,0,0,0,0,0,0,0,0,0,0,0,0,0,0,0,0,0,0,0
"0d37046c1c20f102fc585c696c80e53c",0.000795749635944542,0,0,0,0,0,0,0,0,0,0,0,0,0,0,0,0,0,0,0,0,0,0,0,0,0,0,0,0
"5dc72706c08b5bf19c3eb0bc92e23362",0,0,0,0,0,0,0,0,0,0,0,0,0.000400179280317582,0,0,0,0,0,0,0,0,0,0,0,0,0,0,0,0
"5fc9bb027baf249cda2d48b9d5bcee2c",0,0,0,0,0,0,0,0,0,0,0,0,0,0,0,0,0,0,0,0,0,0,0.000518303902310081,0,0,0,0,0,0
"1ec84bb16e1a78a4d73faef5bc502c2c",0,0,0,0,0,0,0,0,0,0,0,0,0,0,0,0,0,0,0,0,0,0,0,0,0,0,0.000474773691207191,0,0
"b8819fef35b3fd387f12387e884e6ae5",0,0,0,0,0,0,0,0,0,0.00168906436390892,0,0,0,0,0,0,0,0,0,0,0,0,0,0,0,0,0,0,0
"4b802f02d58290e6ec0ab509d13074b6",0,0,0,0,0,0,0,0,0,0,0,0,0,0,0,0,0,0,0,0,0,0,0,0,0,0,0.00126606317655251,0,0
"712e76a5d7842a97a23eda9641c3d251",0,0,0,0,0,0,0,0,0,0,0,0,0,0,0,0,0,0,0,0,0,0,0,0,0.000775646258767227,0,0,0,0
"56f41554384fc19d9ef0161b6f0e6791",0,0,0,0,0,0,0,0.00121679851185542,0,0,0,0,0,0,0,0,0,0,0,0,0,0,0,0,0,0,0,0,0
"88d2e157e9592b9dd02289ff66b8e7a4",0,0,0,0,0,0,0,0,0,0,0,0,0.000600268920476373,0,0,0,0,0,0,0,0,0,0,0,0,0,0,0,0
"dddc690438f5f26b73ce5b4b7366c9ba",0,0,0,0,0,0,0.000810729190101807,0,0,0,0,0,0,0,0,0,0,0,0,0,0,0,0,0,0,0,0,0,0
"373b24ca711a549a9a098219879c0d47",0,0,0,0,0,0,0,0,0,0.000422266090977229,0,0,0,0,0,0,0,0,0,0,0,0,0,0,0,0,0,0,0
"9c958ede3f88bbd0ae42120738cebe7d",0,0,0,0,0,0,0,0,0,0,0,0,0,0,0,0,0,0,0,0,0,0,0,0,0,0,0.000316515794138128,0,0
"349da55900cd296d52fd154bfb27343b",0,0,0,0,0,0,0,0,0,0,0,0,0,0,0,0,0,0,0.00225572601951767,0,0,0,0,0,0,0,0,0,0
"a6651a449b279b248edf929c8333a191",0,0,0,0,0,0,0,0,0,0,0,0,0,0,0,0,0.00161678002091035,0,0,0,0,0,0,0,0,0,0,0,0
"9afd475513b0a626050fef80f7d864d4",0.417768558870884,0,0,0,0,0,0,0,0,0,0,0,0,0,0,0,0,0,0,0,0,0,0,0,0,0,0,0,0
"38b371de3be6ddef03bea94294e9830d",9.65456508303648,6.36862974518981,11.3992381184839,3.00333043341624,17.5169551574046,0,0.189710630483823,0.0640340216863915,0,0.010978918365408,0.0140793512234956,0.0372931922972606,0.0256114739403253,0,0.0114116170261326,0,0.00862282677818856,0,0.00789504106831184,0,0,0.00467496733088306,0.00362812731617056,0.00483313598028081,0.00349040816445252,0,0.0140849528391467,0.0448568785219659,0
"3336d4e5c84fbbfc0c6d027d05b1ad16",0,0.00541688334200035,0,0,0,0,0,0,0,0,0,0,0,0,0,0,0,0,0,0,0,0,0,0,0,0,0,0,0
"41afcb39b8689b8b9b59ad8a8215958f",0,0,0.0100247567906831,0,0,0,0,0,0,0,0,0,0,0,0,0,0,0,0,0,0,0,0,0,0,0,0,0,0
"a353b92733af5260a57dd1a0ba3001e1",1.6840714795373,0.300366181313919,0.132065274242477,0.016096456096916,0.0759186152444579,0,0,0,0,0,0,0,0,0,0,0,0,0,0,0,0,0,0,0,0,0,0,0,0
"88399278e67a6f27c1c493c39b174391",0.0435009800983016,0,0,0,0,0,0,0.00121679851185542,0,0,0,0,0,0,0,0,0.00269463336818392,0,0.00253769177195738,0,0,0,0,0,0,0,0,0,0
"c39f594d9d2493b66260c1f7503e5ea1",0.767367898929186,0,0,0,0,0.190998428883891,0,0,0,0,0,0,0,0,0,0,0,0,0,0,0,0,0,0,0,0,0,0,0
"0da3781f136fe864a45b19c6fdc57fde",0,0.0016250650026001,0,0,0,0,0,0,0,0,0,0,0,0,0,0,0,0,0,0,0,0,0,0,0,0,0,0,0
"b24e75b90cb37f9b407738a392646776",0.0318299854377817,0,0,0,0,0,0,0.271193968329777,0.118155696984344,0.00654512441014705,0,0,0.0112050198488923,0,0,0,0,0,0,0,0,0,0,0,0,0,0,0,0
"5c0ebed72151a6dd9f48df9af58de103",0.00610074720890815,0,0,0,0,0,0,0,0,0,0,0,0,0,0,0,0,0,0,0,0,0,0,0,0,0,0,0,0
"0e2e50ea2d7a3366dcca1f3262040bb0",0,0,0,0,0,0,0,0,0,0,0,0,0,0,0,0,0.00161678002091035,0,0,0,0,0,0,0,0,0,0,0,0
"09ee5eb3e6c726c7c8242f6e97453fc2",0,0,0,0.0371751486047822,0.0202449640651888,1.89150056991467,0.0794514606299771,0.151643514539982,0.0644485619914606,0.350269722465612,0.591332751386816,1.34255492270138,1.11830099884748,1.23531664964249,1.0348910190574,1.18635689569946,1.42815568513748,1.61071596601445,1.69348630915289,1.12652453216646,1.34245970412895,1.43810899797641,1.03816271632709,0.463497740508929,0.338181768822511,0.274323335771763,0.522409318224979,1.14665395721775,2.4543758104817
"8d941eda8589ac6399b9a5eea473711c",0.00663124696620451,0,0,0,0,0,0,0,0,0,0,0,0,0,0,0,0,0,0,0,0,0,0,0,0,0,0,0,0
"450292bf5b89b2f473bab4a6233d8682",0.00185674915053726,0,0,0,0,0,0,0,0,0,0,0,0,0,0,0,0,0,0,0,0,0,0,0,0,0,0,0,0
"fae223fac07c33613d2f851500010fdb",0,0,0,0,0,0,0,0,0,0,0,0,0,0,0,0,0,0,0,0,0,0.0162510769121173,0,0,0,0,0,0,0
"c94e801a01830b859c8402d61787965f",0,0,0,0,0,0,0,0,0,0,0,0,0,0,0,0,0,0,0,0,0,0,0,0,0,0,0.00269038425017408,0,0
"9c1ee0993d66faee25a82385bd63bc0c",0,0,0,0,0,0,0,0,0,0,0,0,0,0,0,0,0,0,0,0,0,0,0,0.00700804717140717,0,0,0,0,0
"ce94860005cb569777791022ac3014af",0,0,0,0,0,0,0,0,0,0,0,0,0,0,0,0,0,0,0.0140982876219854,0,0,0.0135796670087555,0.0145125092646823,0,0.011052959187433,0,0.00664683167690068,0,0
"6332a8b08afb6aa3ef5901e06a2c287f",0,0,0,0,0,0,0,0,0,0,0,0,0,0,0,0,0,0,0,0,0,0,0,0.012082839950702,0,0,0,0,0
"7f78afb7e1d45cd528fe9cd909c93fb5",0.0082227462380936,0.0176048708615011,0.0117681927542801,0.248920196070165,0.154367850997064,7.15627984350451,0.601358376758016,0.734946301160674,0.461881360938801,1.80096487801788,1.97110917128939,6.60767561703282,2.6151715968754,5.26685393258427,10.6523878808627,8.85177600451945,13.466699720836,17.0536628566684,23.9888003203131,13.3414021040871,27.5336718922499,29.0393387370019,24.0791035415706,23.7070152968754,20.6054306872808,15.5388929529383,10.5010445021207,10.3114749502369,8.76743524053516
"3ec71ebbc127b83786bd4d26c123ef7d",0,0,0,0,0,0,0,0,0,0,0,0,0,0,0,0,0,0,0,0,0,0,0.019177244385473,0,0,0,0,0,0
"d92977f111486ad3a5d826adaf17b5ad",0,0,0,0,0,0,0,0,0,0,0,0,0,0,0,0,0,0,0,0,0,0,0.00881116633927137,0,0,0,0,0,0
"8bea27e05e23cdeacb4dda62cfb59aaa",0,0,0,0,0,0,0,0,0,0,0,0,0,0,0,0,0,0,0,0,0,0,0,0.0103912423576037,0,0,0,0,0
"68685530ccb6cde5b49f2a277fda2b94",0,0,0,0,0,0,0,0,0,0,0,0,0,0,0,0,0,0,0,0,0,0,0,0,0.00736863945828865,0,0,0,0
"2be253ff64c2e3493d684bfe687d414a",0,0,0,0,0,0,0,0,0,0,0,0,0,0,0,0,0,0,0,0,0,0,0.00570134292541089,0,0,0,0,0,0
"0e94ac060981402de47bbf85360fea8b",0,0,0,0,0,0,0,0,0,0,0,0,0,0,0,0,0,0,0.0129704246122266,0,0,0.0115761095812342,0.0139942053623722,0.00990792875957565,0.00988948979928214,0,0,0,0
"4384fe206f8e57a3d02fc1eb2e0dc265",0,0,0,0,0,0,0,0,0,0,0,0,0,0,0,0,0,0,0,0,0,0.00467496733088306,0,0,0,0,0,0,0
"29883fe16dfa7fad85b04c037bb05601",0,0,0,0,0,0,0.000810729190101807,0,0,0,0,0,0,0,0,0,0,0,0,0,0,0,0,0,0,0,0,0,0
"7b6ecabe8f3fae795ee25df066ea90fe",0,0,0,0,0,0,0,0,0,0,0,0,0,0,0,0,0,0,0,0,0,0,0,0,0.000387823129383613,0,0,0,0
"bcf2fe85a3275fa10a9f66d32e565fa4",0.00212199902918544,0,0,0,0,0,0,0,0,0,0,0,0,0,0,0,0,0,0,0,0,0,0,0,0,0,0,0,0
"1c4b816fb8f22fadba37d3f297f19730",0,0,0,0.00421573850157324,0,0,0,0.00197729758176506,0,0,0,0,0,0,0,0,0,0,0,0,0,0,0,0,0,0,0,0,0
"fd4dc2d3654041c497b3d8e6cee4d18b",0.26684137792007,0,0,0,0,0.32654570099504,0,0,0,0,0,0,0,0,0,0,0,0,0,0,0,0,0,0,0,0,0,0,0
"201a9f507c9b354eb162adf1f311c607",0.0527847258509879,0,0,0,0,0,0.0054724220331872,0.0298115635404578,0.247052820967265,0.0907872095601043,0.00563174048939825,0,0.00740331668587527,0,0.00392274335273308,0.0141232963773745,0.00754497343091499,0,0.00253769177195738,0,0,0.00155832244362769,0,0,0.00310258503506891,0,0.00284864214724315,0,0
"6d500b30af1a9a8e0b1e52b662808599",0,0,0,0,0,0,0,0,0,0,0,0,0,0.00957609805924413,0,0,0,0,0,0,0,0,0,0,0,0,0,0,0
"19cfc988be2bc698e4e8e24f3c017dad",0.164985424519168,0,0,0,0,0.0184837189242476,0,0,0,0,0,0,0,0,0,0,0,0,0,0,0,0,0,0,0,0,0,0,0
"37e77987f6db9eb8df82f8185f8440b7",0.013262493932409,0,0,0,0,0,0,0,0,0,0,0,0,0,0,0,0,0,0,0,0,0,0,0,0,0,0,0,0
"6650a92f75285af3244da368e945c376",0,0.00704194834460045,0.00523030789079117,0.00421573850157324,0,0,0,0.0044108946054759,0,0,0,0,0,0,0,0,0,0,0,0,0,0,0,0,0,0,0,0,0
"0607c3ec24c886df3c9bac4259e1e910",0,0,0,0,0.0303674460977832,0,0.0050670574381363,0,0,0.00105566522744307,0,0,0,0,0,0,0,0,0,0,0,0,0,0,0,0,0,0,0
"3756db37fff5d61b7ec84aad15fa4c44",0,0,0.000653788486348896,0.00613198327501562,0.0328980666059318,0,0.0156065369094598,0.00988648790882529,0.00805607024893257,0.00253359654586338,0,0,0,0,0,0,0,0,0,0,0,0,0,0,0,0,0,0,0
"004df64542e790b66bddce5295c5f9f2",0,0,0,0,0,0,0,0,0,0.000844532181954459,0,0,0,0,0,0,0,0,0,0,0,0,0,0,0,0,0,0,0
"5f41d216306c604d87ba8ffe56340e7f",0,0,0,0.00785660357111376,0,0,0.00993143257874714,0.00714869125715059,0.00537071349928838,0,0,0,0,0,0,0,0,0,0,0,0,0,0,0,0,0,0,0,0
"951daa4c85bba9e3a72b4bb15749adda",0,0,0.000653788486348896,0,0,0,0,0,0,0,0,0,0,0,0,0,0,0,0,0,0,0,0,0,0,0,0,0,0
"ef29434876e20a83290e58de1f4e09c2",0.0122014944178163,0,0,0,0,0,0,0,0,0,0,0,0,0,0,0,0,0,0,0,0,0,0,0,0,0,0,0,0
"58bd12d54ddade76b08e3fc252745a97",0,0.00108337666840007,0,0.00095812238672119,0,0,0.00141877608267816,0.00152099813981928,0,0,0,0,0,0,0,0,0,0,0,0,0,0,0,0,0,0,0,0,0
"f036998f7c6ae9f7b01b50adfca811a3",0.0013262493932409,0,0,0,0,0,0,0,0,0,0,0,0,0,0,0,0,0,0,0,0,0,0,0,0,0,0,0,0
"cb0675920de285932e554b08f1db3466",0.00106099951459272,0,0,0,0,0,0,0,0,0,0,0,0,0,0,0,0,0,0,0,0,0,0,0,0,0,0,0,0
"70deeba9f4974d134dbc64d97bd2fff7",0.00212199902918544,0,0,0,0,0,0,0,0,0,0,0,0,0,0,0,0,0,0,0,0,0,0,0,0,0,0,0,0
"fa1752718a40da1c6c32371773653272",0.000530499757296361,0,0,0,0,0,0,0,0,0,0,0,0,0,0,0,0,0,0,0,0,0,0,0,0,0,0,0,0
"9591914f1b4272813c5d24f968e4ca81",0.00344824842242635,0,0,0,0,0,0,0,0,0,0,0,0,0,0,0,0,0,0,0,0,0,0,0,0,0,0,0,0
"5901c122dbe9545a6149416c6397f234",0.0148539932042981,0,0,0,0,0,0,0,0,0,0,0,0,0,0,0,0,0,0,0,0,0,0,0,0,0,0,0,0
"8913bd6e6eb2b354098d2f01d9b65391",0.00185674915053726,0,0,0,0,0,0,0,0,0,0,0,0,0,0,0,0,0,0,0,0,0,0,0,0,0,0,0,0
"67d673cfb165578d52df1cfbd958a5c9",0.0095489956313345,0,0,0,0,0.0154030991035396,0,0,0,0,0,0,0,0,0,0,0,0,0,0,0,0,0,0,0,0,0,0,0
"a0138f57c9f1b4f6a71bceb94b56572f",0.0164454924761872,0,0,0,0,0,0,0,0,0,0,0,0,0,0,0,0,0,0,0,0,0,0,0,0,0,0,0,0
"89be024198d6c2575cdec2fecfd9129a",0.0265249878648181,0,0,0,0,0,0,0,0,0,0,0,0,0,0,0,0,0,0,0,0,0,0,0,0,0,0,0,0
"ed09d7afbe54912303e1d4ad8b7b1d32",0.0143234934470017,0,0,0,0,0,0,0,0,0,0,0,0,0,0,0,0,0,0,0,0,0,0,0,0,0,0,0,0
"0717587ee3e819d58ad9801323db963c",0.0111404949032236,0,0,0,0,0,0,0,0,0,0,0,0,0,0,0,0,0,0,0,0,0,0,0,0,0,0,0,0
"af1c0fc82127e2f2ccd3473cfa7555e6",0,0,0,0,0,0,0,0.000912598883891565,0,0,0,0,0,0,0,0,0,0,0,0,0,0,0,0,0,0,0,0,0
"ba6bc4c3f11394ddeb20d0be26876b26",0,0,0,0,0,0,0,0,0,0,0,0,0.00100044820079396,0,0,0,0,0,0,0,0,0,0,0,0,0,0,0,0
"8e5082651856dbc9ff0f821a8b2132fb",0,0,0.00130757697269779,0,0,0,0,0,0,0,0,0,0,0,0,0,0,0,0,0,0,0,0,0,0,0,0,0,0
"999c957beee975a83be3857c1d8051a5",0,0,0,0.00095812238672119,0,0,0,0,0,0,0,0,0,0,0,0,0,0,0,0,0,0,0,0,0,0,0,0,0
"1bfb8e6cb930a8c9ef5d52ea4ba2fd40",0,0,0,0,0,0,0,0,0,0,0,0,0,0,0,0,0,0,0.000845897257319126,0,0,0,0,0,0,0,0,0,0
"e5e19986a4acee87091482f691a1396f",0,0,0,0,0,0,0,0,0,0,0,0,0.000400179280317582,0,0,0,0,0,0,0,0,0,0,0,0,0,0,0,0
"6b6ab36584c143c9ee24a4aa735f0e53",0,0,0,0,0,0,0,0.000304199627963855,0,0,0,0,0,0,0,0,0,0,0,0,0,0,0,0,0,0,0,0,0
"9f96ba0239a56945df3d725759d37f26",0,0,0,0,0,0,0.000608046892576355,0,0,0,0,0,0,0,0,0,0,0,0,0,0,0,0,0,0,0,0,0,0
"e33914420d19e3dcbaf511090df6d385",0,0,0,0,0,0,0,0.00517139367538553,0,0,0,0,0,0,0,0,0,0,0,0,0,0,0,0,0,0,0,0,0
"e351ff2570360ae0b6c68b9b864b0870",0,0,0,0,0,0,0,0,0,0.00168906436390892,0,0,0,0,0,0,0,0,0,0,0,0,0,0,0,0,0,0,0
"25c54c57b4a4283237b33fdae82003c0",0.00503974769431543,1.28353050788698,0.76994490742355,1.40192467625045,1.01730944427574,0.110902313545485,4.89133188618173,5.72929579307124,3.26270845081769,8.53568676301371,6.4342635091375,5.76349335503119,6.48130362402356,5.37857507660878,3.47234109323291,1.65595650024716,2.00965756599157,4.14025959649074,2.05383854077084,1.3530707879465,1.27180393022742,0.661841803557873,0.745580163473051,0.463256083709915,0.239092959264998,0.204218483296757,0.0784959169462556,0.084106647228686,0.0664199639434482
"aa61e61d77b1c5238145c9b2cabdb9d5",0,0,0,0.00095812238672119,0,0,0,0,0,0,0,0,0,0,0,0,0,0,0,0,0,0,0,0,0,0,0,0,0
"7851f5e3ccefb9a300394199f665614c",0,0,0,0,0,0,0,0.00197729758176506,0,0,0,0,0,0,0,0,0,0,0,0,0,0,0,0,0,0,0,0,0
"4052ad7208717391c9277f1041875b5e",0,0,0,0,0,0,0,0.000304199627963855,0,0,0,0,0,0,0,0,0,0,0,0,0,0,0,0,0,0,0,0,0
"35642394927b4d894a1ac8d30f690a93",0,0,0,0,0,0,0,0,0,0.000844532181954459,0,0,0,0,0,0,0,0,0,0,0,0,0,0,0,0,0,0,0
"bbb8763717da88ebc18aff53f9de028f",0,0,0,0,0,0,0,0.000456299441945783,0,0,0,0,0,0,0,0,0,0,0,0,0,0,0,0,0,0,0,0,0
"607a06d9faf3f514074b5a4908b55a82",0,0,0,0,0,0,0,0,0,0,0,0,0,0,0,0,0,0,0,0,0,0,0,0,0.00058173469407542,0,0,0,0
"fc342d5f1833e1ea778160c892d7a5f3",0,0,0,0,0,0,0,0,0,0,0,0,0,0,0,0,0,0,0,0,0,0,0,0,0,0,0.000316515794138128,0,0
"e29f9ab1342fe7d53d4f1e2d03bb5969",0.0774529645652687,0.0384598717282025,0.033779071794693,0.535207165222457,0.103755440834093,0,1.10583461529887,1.37802431467626,0.467252074438089,1.95445860208811,1.68670627657478,0.854353132628153,0.793955692150083,0.855464759959142,0.487846627867169,0.427229715415578,0.337368097696627,0.249079788558935,0.133087835151542,0.0962045743723427,0,0.0834815594800546,0.116877529970923,0.187284019235881,0.1964324150328,0.13106559375762,0.116161296448693,0.176623959180241,0.107537084479868
"17123c2e3b5a49f1a34d33c72878a37e",0.0222809898064472,0,0,0,0,0,0,0,0,0,0,0,0,0,0,0,0,0,0,0,0,0,0,0,0,0,0,0,0
"c048a804411d231b1deb9a1837203634",0,0,0,0,0,0,0.00263486986783087,0,0,0,0,0,0,0,0,0,0,0,0,0,0,0,0,0,0,0,0,0,0
"3e524f0bf09623c8530930bb8b27045c",0.00424399805837089,0,0,0,0,0,0.00385096365298358,0.014753681956247,0,0.0270250298225427,0,0,0.00720322704571648,0,0.00463596941686637,0,0,0,0.0177638424037016,0,0,0.003561879871149,0.00829286243696129,0.0461564486116817,0.0901688775816901,0.0487685930260912,0.0340254478698487,0.0644817628753259,0.0632571085175697
"713956008008d889ae4a6327cb4f1061",0,0,0,0,0,0,0,0,0,0,0,0,0,0,0,0,0,0,0,0,0,0,0,0.0101495855585897,0.0255963265393185,0,0,0,0
"f0547f74dbcfeca9eef70572311914b5",0.171881921364021,0,0,0,0,0.585317765934506,0,0,0,0,0,0,0,0,0,0,0,0,0,0,0,0,0,0,0,0,0,0,0
"24dce07cef9924ddcdee5af002e38965",0,0,0,0,0,0,0,0,0,0,0,0,0.00100044820079396,0,0,0,0,0,0,0,0,0,0,0,0,0,0,0,0
"601d70854057d4d8e94070f73350d797",0,0,0,0,0,0,0,0,0,0,0,0,0.00100044820079396,0,0,0,0,0,0,0,0,0,0,0,0,0,0,0,0
"096a35b50fcf7f2a0a2024a4dad55bab",0,0,0,0,0,0,0.000405364595050904,0,0,0,0,0,0,0,0,0,0,0,0,0,0,0,0,0,0,0,0,0,0
"aa58fe86d0f5e4b909114de614e7a57e",0,0,0,0,0,0,0,0.0016730979538012,0,0,0,0,0,0,0,0,0,0,0,0,0,0,0,0,0,0,0,0,0
"a5b2537343a26f4daf0379a8b46eb2ef",0.0856757108033623,0.0888368868088057,0.0614561177167963,0.876107110417856,0.258123291831157,0.120144173007609,2.14741894228216,2.54402148866172,0.789494884395392,3.42246666737044,2.83839720665672,1.68497423379441,1.83042002817262,1.80988253319714,0.890106128038343,0.896829319963279,0.721622815999655,0.536905322004816,0.3095983961788,0.273096856282779,0.211967321704571,0.201023595227971,0.244121137988048,0.504579396341316,0.503782245069314,0.225554742745672,0.234379945559283,0.274748380947041,0.265679855773793
"704d9e2c5c3cea3c4683fe56146b043e",0.0538457253655806,0,0,0,0,0,0,0,0,0,0,0,0,0,0,0,0,0,0,0,0,0,0,0,0,0,0,0,0
"068318d9dda2d16e8aa77418261bd64b",0,0,0,0,0,0,0,0,0,0,0,0,0,0,0,0,0,0,0,0,0,0,0,0,0.0203607142926397,0,0.0102867633094891,0,0
"68c0d62cad841fbf52eb5c92f9f2f0ff",0,0,0,0.000574873432032714,0,0,0,0,0,0,0,0,0,0,0,0,0,0,0,0,0,0,0,0,0,0,0,0,0
"b4551c091eadcf47d15aad6921457f76",0,0,0,0,0,0,0,0.000760499069909638,0,0,0,0,0,0,0,0,0,0,0,0,0,0,0,0,0,0,0,0,0
"ae9418ce9d02c32999138b34c48512fb",0.013262493932409,0,0,0,0,0,0,0,0,0,0,0,0,0,0,0,0,0,0,0,0,0,0,0,0,0,0,0,0
"dac9df4edca47d4aefa5e8b6eb75543a",0.00159149927188908,0,0,0,0,0,0,0,0,0,0,0,0,0,0,0,0,0,0,0,0,0,0,0,0,0,0,0,0
"52fc77f20545190663b74a1784361e4e",0.00716174672350087,0,0,0,0,0,0,0,0,0,0,0,0,0,0,0,0,0,0,0,0,0,0,0,0,0,0,0,0
"f9e991f7932771f75b908089e6a3c5f0",0.035278233860208,0,0,0,0,0,0,0,0,0,0,0,0,0,0,0,0,0,0,0,0,0,0,0,0,0,0,0,0
"7ca0aa981440578673a435c612592e0b",0.00477449781566725,0,0.00174343596359706,0.00306599163750781,0,0,0.00344559905793268,0.00258569683769277,0,0.00506719309172675,0,0,0.00420188244333461,0,0.00320951728859979,0,0,0,0.00479341779147505,0,0,0,0,0,0,0,0,0,0
"7ba3402ab86ac791941e0dc862234ee8",0.10212120327955,0,0,0,0,0.117063553186901,0,0,0,0,0,0,0,0,0,0,0,0,0,0,0,0,0,0,0,0,0,0,0
"ac2b4531feeeea309e70b76c5033f7e4",0.0960204560706413,0,0,0,0,0.113982933366193,0,0,0,0,0,0,0,0,0,0,0,0,0,0,0,0,0,0,0,0,0,0,0
"522fc29c9966a380a17ce86687cc600b",0.00530499757296361,0.00595857167620038,0,0.00344924059219628,0,0,0.0121609378515271,0.0132326838164277,0,0.0198465062759298,0,0,0.0212095018568319,0,0.00998516489786603,0,0.0118563868200093,0,0.00761307531587213,0,0,0.00378449736309581,0.0038872792673256,0.00990792875957565,0.00562343537606239,0,0.0034816737355194,0,0
"043c5bc3b765f90981eb6625127663ef",0,0,0,0,0,0,0.00952606798369624,0.0094301884668795,0,0.0217467036853273,0,0,0,0,0,0,0,0,0,0,0,0,0,0,0,0,0,0,0
"04869be25e3dc4d526ce3824d407aedf",0.24641713726416,0.285740596290518,0.108093029743018,0.887604579058511,0.544083409251949,0.961153384060873,3.19163813913329,3.66378031919667,1.84484008700556,6.19907734859121,3.68034240982176,5.74993219419582,6.2203867332565,5.15832482124617,3.55008273422344,3.50257750158887,2.93499466462593,4.55816013062851,3.08526926319529,3.64646370604847,2.39346434091411,1.42274839103208,2.19112974701587,3.08112418742901,2.53888411650982,1.13082175079249,1.20924859150472,1.54756230900782,1.29993358003606
"5613f4a6a9df36d05e0e24570423fed1",0,0,0,0,0,0,0,0,0,0,0,0,0,0,0,0,0,0,0,0,0,0,0,0,0.00155129251753445,0,0,0,0
"94c987167d228d5d7c91fde448e1cb6f",0.00477449781566725,0,0,0,0,0,0,0,0,0,0,0,0,0,0,0,0,0,0,0,0,0,0,0,0,0,0,0,0
"069542283eb54c7a749da63bb4204831",0,0,0,0,0,0,0.000405364595050904,0,0,0,0,0,0,0,0,0,0,0,0,0,0,0,0,0,0,0,0,0,0
"945e47119242497c2e0bc5b3c6b6ba8e",0.0185674915053726,0,0,0,0,0.0492899171313268,0,0,0,0,0,0,0.000600268920476373,0,0,0,0,0,0.00112786300975883,0,0,0.00155832244362769,0.00310982341386048,0.0558227205722433,0.138646768754642,0.109729334308705,0.148920681141989,0.224284392609829,0.129677072461018
"7935c8ea2b1b44460993759d6d1cd5da",0.00875324599538996,0,0,0,0,0,0,0,0,0,0,0,0,0,0,0,0,0,0,0,0,0,0,0,0,0,0,0,0
"58ed3302b41e8d33d7b483d7c0d975f3",0.00795749635944542,0,0,0,0,0,0,0,0,0,0,0,0,0,0,0,0,0,0,0,0,0,0,0,0,0,0,0,0
"dfba8e8bfc169f25150d154a466d4477",0.00106099951459272,0,0,0,0,0,0,0,0,0,0,0,0,0,0,0,0,0,0,0,0,0,0,0,0,0,0,0,0
"da47a34fd036b068ca0c5eaf185e2082",0.181696166874004,0,0,0.0695596852759584,0.0227755845733374,0,0.10559747701076,0.152251913795909,0.163806761728296,0.85339976986498,0.647650156280799,0.88486574450773,0.976437443974901,0.884193054136874,0.57058085130663,0.441353011792952,0.438686312340343,0.92713032408048,0.460168107981605,0.238959749247432,0.287039081474939,0.211041382365578,0.208617320679807,0.208066503951089,0.159395306176665,0.124969519629359,0.0739064379312528,0,0
"7e3579bed6d01cac3f73b2e45ee36852",0,0,0,0,0,0,0,0,0,0,0,0,0,0,0,0,0,0,0,0,0,0,0,0.000483313598028081,0,0,0,0,0
"817555c3b5d93664c38e8fbec64eba2e",0,0,0,0,0,0,0,0,0,0.01372364795676,0,0,0.0334149699065181,0,0.0242496861805318,0,0,0,0.0171999108988222,0,0,0,0,0.0149827215388705,0.0323832313035317,0,0.0482686586060644,0.120552861027783,0.183445614700952
"2919ca12aa75e54dc25b4e3750d8712c",0,0,0,0,0,0,0,0,0,0,0,0,0,0,0,0,0,0,0,0,0,0,0,0,0,0,0.000316515794138128,0,0
"613cd0ab8ed46a361940e06efaecdb6d",0.34111134394156,0,0.000871717981798529,0,0,0.0677736360555744,0,0,0,0,0,0,0,0,0,0,0,0,0,0,0,0,0,0,0,0,0,0,0
"a890e281ef9de265199252d45d16a904",0.016180242597539,0,0,0,0,0,0,0,0,0,0,0,0,0,0,0,0,0,0,0,0,0,0,0,0,0,0,0,0
"6533ef83a51929f69e6f95d7a59a421c",0.104243202308735,0,0,0,0,0,0,0,0,0,0,0,0,0,0,0,0,0,0,0,0,0,0,0,0,0,0,0,0
"37a53b3aab9bc373c583f6be8ab1d858",0.013262493932409,0,0,0,0,0,0,0,0,0,0,0,0,0,0,0,0,0,0,0,0,0,0,0,0,0,0,0,0
"46423ee425d08764624f28b7140cc759",0,0,0,0,0,0.0184837189242476,0,0,0,0,0,0,0,0,0,0,0,0,0,0,0,0,0,0,0,0,0,0,0
"4d5eeba41b7a507f54023d01ce1fb31a",0.00716174672350087,0,0,0,0,0,0,0,0,0,0,0,0,0,0,0,0,0,0,0,0,0,0,0,0,0,0,0,0
"82eeb8631b1f7982fd141bbf2ed2f4dc",0.0559677243947661,0,0,0,0,0,0,0,0,0,0,0,0,0,0,0,0,0,0,0,0,0,0,0,0,0,0,0,0
"58775dbd44f0df19b94bc37ab4e4c579",0.0116709946605199,0,0,0,0,0,0,0,0,0,0,0,0,0,0,0,0,0,0,0,0,0,0,0,0,0,0,0,0
"084437b858d3fa8724b6da08a434b92f",0.00212199902918544,0,0,0,0,0,0,0,0,0,0,0,0,0,0,0,0,0,0,0,0,0,0,0,0,0,0,0,0
"8b6c39d6fb07636b4e870fe0bb1803cc",0.00397874817972271,0,0,0,0,0,0,0,0,0,0,0,0,0,0,0,0,0,0,0,0,0,0,0,0,0,0,0,0
"d7e616d63605ffd0d9129244621edbfc",0.0360739834961526,0,0,0,0,0.0246449585656634,0,0,0,0,0,0,0,0,0,0,0,0,0,0,0,0,0,0,0,0,0,0,0
"9c90a0c962c8b6283f7a71b644fce90c",0.254374633623605,0,0,0,0,0.083176735159114,0,0,0,0,0,0,0,0,0,0,0,0,0,0,0,0,0,0,0,0,0,0,0
"e367941e1e567e6ca872d51930564433",0.00503974769431543,0,0,0,0,0,0,0,0,0,0,0,0,0,0,0,0,0,0,0,0,0,0,0,0,0,0,0,0
"36822e5c96ad047bd5a4d78c9ebfe7f6",0.010344745267279,0,0,0,0,0,0,0,0,0,0,0,0,0,0,0,0,0,0,0,0,0,0,0,0,0,0,0,0
"3badde1c4760a921d723409ee05fead0",0.0127319941751127,0.00108337666840007,0,0.01130584416331,0,0.0492899171313268,0.042157917885294,0.0343745579599156,0.0161121404978651,0.120979235064976,0.0366063131810886,0.0847572552210469,0.12905781790242,0.102145045965271,0.0966421316900605,0.028246592754749,0.101857141317352,0.127307447485678,0.101789636630735,0.0217236135679484,0.0529918304261426,0.0327247713161814,0.0878525114415586,0.101012541987869,0.0764011564885718,0.0487685930260912,0.0425713743115781,0.0392497687067201,0.0316285542587848
"73e316aef3faef6abf714c6a2802f409",0.000795749635944542,0,0,0,0,0,0,0.000456299441945783,0,0.00168906436390892,0,0,0.00100044820079396,0,0.000713226064133288,0,0,0,0,0,0,0,0,0,0.000387823129383613,0,0.00110780527948345,0,0
"551f70cf3f951806a9b28706825acfeb",0.0193632411413172,0,0,0,0,0,0,0,0,0,0,0,0,0,0,0,0,0,0,0,0,0,0,0,0,0,0,0,0
"67bf6c3e83fa94009baa7f3b5929da23",0.00397874817972271,0,0,0,0,0,0,0,0,0,0,0,0,0,0,0,0,0,0,0,0,0,0,0,0,0,0,0,0
"503e3f397b970f03e626474b548327b4",0.0148539932042981,0,0,0,0,0,0,0,0,0,0,0,0,0,0,0,0,0,0.00112786300975883,0,0,0,0,0,0,0,0,0,0
"170083f87321cde2efee1b7332711ec9",0.0013262493932409,0,0,0,0,0,0,0,0,0,0,0,0,0,0,0,0,0,0,0,0,0,0,0,0,0,0,0,0
"94acc4dffe893d4a1b62a868448573db",0.00716174672350087,0,0,0,0,0,0,0,0,0,0,0,0,0,0,0,0,0,0,0,0,0,0,0,0,0,0,0,0
"cd2e5cd5a48d09ea23594e5f99ad27ae",0.00212199902918544,0,0,0,0,0,0,0,0,0,0,0,0,0,0,0,0,0,0,0,0,0,0,0,0,0,0,0,0
"1f19176efd7a39631a702b95a9d4b247",0.0013262493932409,0,0,0,0,0,0,0,0,0,0,0,0,0,0,0,0,0,0,0,0,0,0,0,0,0,0,0,0
"371f00ae446e2e0a412ac4e6dcdacf85",0.0625989713609706,0,0,0,0,0,0,0,0,0,0,0,0,0,0,0,0,0,0,0,0,0,0,0,0,0,0,0,0
"b6eff50a2aefce9119d1eeb59b28bbed",0.000795749635944542,0,0,0,0,0,0,0,0,0,0,0,0,0,0,0,0,0,0,0,0,0,0,0,0,0,0,0,0
"a546e3eda27cb19d4d000a7e51072e30",0,0,0,0,0,0.040048057669203,0,0,0,0,0,0,0,0,0,0,0,0,0,0,0,0,0,0,0,0,0,0,0
"c4118088ab2644671a1d9d540c060b19",0,0,0,0.0419657605383881,0,0,0.00222950527277997,0.00365039553556626,0,0,0,0,0,0,0,0,0,0,0,0,0,0,0,0,0,0.0060960741282614,0.0213648161043236,0.0168213294457372,0.113862795331625
"cab39ec57bab4d0e6ea98f181ec4eae1",0,0,0,0,0,0.0184837189242476,0,0,0,0,0,0,0,0,0,0,0,0,0,0,0,0,0,0,0,0,0,0,0
"dc9b83b9dbf521d0d0b0e1576e44d06a",0,0,0,0,0,0,0.16133510883026,0.399566211330524,1.11442305110234,0.282284881818278,0.0816602370962746,0.0406834825061025,0.0202090536560379,0.022344228804903,0.0153343603788657,0.0176541204717181,0.0145510201881932,0.0193728724434727,0.00169179451463825,0.0217236135679484,0,0.0017809399355745,0.0025915195115504,0.0012082839950702,0,0,0,0,0
"4d145a769891543537f2c8681627eff6",0,0,0,0,0,0,0,0,0,0,0,0,0.0090040338071456,0,0,0,0,0,0,0,0,0,0,0,0,0,0,0,0
"ac88022abe88b69c50f8c064630c5ff2",0.00583549733025997,0,0,0,0,0,0,0,0,0,0,0,0,0,0,0,0,0,0,0,0,0,0,0,0,0,0,0,0
"b5b93f7fc3d0a88dff0ced83eb0bb5ab",0,0,0,0.0714759300494008,0,0,0.0231057819179015,0.0428921475429036,0.0537071349928838,0.00253359654586338,0,0,0,0,0,0,0,0,0,0,0,0,0,0.00314153838718252,0.00736863945828865,0.0152401853206535,0.0186744318541495,0,0.00948856627763545
"cb1e3bce988edfd40e886c602d0acd01",0,0,0,0,0,0.0154030991035396,0,0,0,0,0,0,0,0,0,0,0,0,0,0,0,0,0,0,0,0,0,0,0
"9a326ae5ed3864dcaaf79bc7b1c0a8e7",0.00185674915053726,0,0,0,0,0,0,0,0,0,0,0,0,0,0,0,0,0,0,0,0,0,0,0,0,0,0,0,0
"5c92a1870d7469268123d143f0a95910",0.00212199902918544,0,0,0,0,0,0,0,0,0,0,0,0,0,0,0,0,0,0,0,0,0,0,0,0,0,0,0,0
"96a0d03e75930560abfccfea17f4410f",0.00663124696620451,0,0,0,0,0,0,0,0,0,0,0,0,0,0,0,0,0,0,0,0,0,0,0,0,0,0,0,0
"de1e619dc7f15e1df4639581d8f08666",0.00424399805837089,0,0,0,0,0,0,0,0,0,0,0,0,0,0,0,0,0,0,0,0,0,0,0,0,0,0,0,0
"f9592d197b4e8b201673245f0501b6b3",0.00106099951459272,0,0,0,0,0,0,0,0,0,0,0,0,0,0,0,0,0,0,0,0,0,0,0,0,0,0,0,0
"ab8d396cc48256dc50ec98bcc4419d8b",0,0,0,0,0,0,0,0,0,0,0,0,0,0,0,0,0,0,0.000845897257319126,0,0,0,0,0.000724970397042121,0,0,0.000633031588276255,0,0
"5991e2c541e0896df6ced29abbf2edf2",0,0.00135422083550009,0,0,0,0,0,0,0,0,0,0,0,0,0,0,0,0,0,0,0,0,0,0,0,0,0,0,0
"2d4f702bfdf848fddbfe1e84a30c73b1",0.199467908743432,0.0016250650026001,0,0,0,0,0,0,0,0,0,0,0,0,0,0,0,0,0,0,0,0,0,0,0,0,0,0,0
"b083efba34da97dfc1a6fa6864721978",0.0013262493932409,0,0,0,0,0,0,0,0,0,0,0,0,0,0,0,0,0,0,0,0,0,0,0,0,0,0,0,0
"c97244fcde2f912b5f515df2d4803f23",0.0408484813118198,0,0,0,0,0,0,0,0,0,0,0,0,0,0,0,0,0,0,0,0,0,0,0,0,0,0,0,0
"01a540c3219dcfac8683674bf53a3d63",0.0307689859231889,0,0,0,0,0,0,0,0,0,0,0,0,0,0,0,0,0,0,0,0,0,0,0,0,0,0,0,0
"1071b98661dd8853c0e46701d6b23af6",0.0159149927188908,0.00135422083550009,0,0.00325761611485205,0,0,0,0.00745289088511445,0,0.00274472959135199,0,0,0,0,0,0,0,0,0,0,0,0,0,0,0,0,0,0,0
"f20eb21e67f757812108449fe407b3c0",0.00530499757296361,0,0,0,0,0,0,0,0,0,0,0,0,0,0,0,0,0,0,0,0,0,0,0,0,0,0,0,0
"8b15a3b964e89068f45a7b48912eb1b1",0.000795749635944542,0,0,0,0,0,0,0,0,0,0,0,0,0,0,0,0,0,0,0,0,0,0,0,0,0,0,0,0
"01d2438fd05e3e4b8f94143439665583",0,0,0,0,0,0,0.00101341148762726,0,0,0,0,0,0,0,0,0,0,0,0,0,0,0,0,0,0,0,0,0,0
"cddb01a0b240945aa6ebe58ae541cea2",0.00344824842242635,0,0.00283308344084522,0.00268274268281933,0,0,0,0,0,0,0,0,0,0,0,0,0,0,0,0,0,0,0,0,0,0,0,0,0
"f652e7d536f18c98ef07c023937cfdb7",0.0315647355591335,0,0,0,0,0,0,0,0,0,0,0,0,0,0,0,0,0,0,0,0,0,0,0,0,0,0,0,0
"585e90bf1c66fcff8dcf4f2d24aba2cd",0.0214852401705026,0,0,0,0,0,0,0,0,0,0,0,0,0,0,0,0,0,0,0,0,0,0,0,0,0,0,0,0
"ca8aae833263295a5d0b4d66b8c06fdb",0.0307689859231889,0,0,0,0,0,0,0,0,0,0,0,0,0,0,0,0,0,0,0,0,0,0,0,0,0,0,0,0
"520e1fc076185aa3704e9367026eabde",0.0938984570414559,0,0.000871717981798529,0,0,0,0,0,0,0,0,0,0,0,0,0,0,0,0,0,0,0,0,0,0,0,0,0,0
"ee84ea845fe5d8d3ed55ae230c5b7e62",0.0384612324039862,0,0,0,0,0,0,0,0,0,0,0,0,0,0,0,0,0,0,0,0,0,0,0,0,0,0,0,0
"ff2a3877c5cf4808816900f51bc130ba",0.122810693814108,0,0,0,0,0,0,0,0,0,0,0,0,0,0,0,0,0,0,0,0,0,0,0,0,0,0,0,0
"7c6227f972ed1626eab4256030f39631",0.0095489956313345,0,0,0,0,0,0,0,0,0,0,0,0,0,0,0,0,0,0,0,0,0,0,0,0,0,0,0,0
"7c4029c77a50ad0582c758eabe8c1410",0.205303406073692,0,0,0,0,0,0,0,0,0,0,0,0,0,0,0,0,0,0,0,0,0,0,0,0,0,0,0,0
"300fe288268b05ea9ab54feeaac5ac13",0.048540727792617,0,0,0,0,0,0,0,0,0,0,0,0,0,0,0,0,0,0,0,0,0,0,0,0,0,0,0,0
"eea1a23b6354f47190568b72cf235aa2",0.0941637069201041,0,0,0,0,0,0,0,0,0,0,0,0,0,0,0,0,0,0,0,0,0,0,0,0,0,0,0,0
"938444186689c6c81498c229f4fdfc25",0.00318299854377817,0,0,0,0,0,0,0,0,0,0,0,0,0,0,0,0,0,0,0,0,0,0,0,0,0,0,0,0
"0eb81b066b350fa8fb0846020748be98",0.0305037360445408,0,0,0,0,0,0,0,0,0,0,0,0,0,0,0,0,0,0,0,0,0,0,0,0,0,0,0,0
"49c907377454c6980ff0a520fe40abe2",0.168433672941595,0,0.00152550646814742,0,0,0,0,0,0,0,0,0,0,0,0,0,0,0,0,0,0,0,0,0,0,0,0,0,0
"5a68a3cca9a0816f321222936d3c0cb8",0.0681692188125824,0,0,0,0,0,0,0,0,0,0,0,0,0,0,0,0,0,0,0,0,0,0,0,0,0,0,0,0
"b8b153dc28937eced2dad92fa7f542cb",0.00450924793701907,0,0,0,0,0,0,0,0,0,0,0,0,0,0,0,0,0,0,0,0,0,0,0,0,0,0,0,0
"c89a45b41422aafe60c0768f7c417017",0.00716174672350087,0,0,0,0,0,0,0,0,0,0,0,0,0,0,0,0,0,0,0,0,0,0,0,0,0,0,0,0
"6c75b6547a775bd435d6121ea181a298",0.0193632411413172,0,0,0,0,0,0,0,0,0,0,0,0,0,0,0,0,0,0,0,0,0,0,0,0,0,0,0,0
"8f6a4548e8c753fccd437d31436c020d",0.00636599708755633,0,0,0,0,0,0,0,0,0,0,0,0,0,0,0,0,0,0,0,0,0,0,0,0,0,0,0,0
"5e959d819d617ba5c3bb460168df485d",0.00212199902918544,0,0,0,0,0,0,0,0,0,0,0,0,0,0,0,0,0,0,0,0,0,0,0,0,0,0,0,0
"191627a5d4511a32856d4a033e4bf1cb",0.0135277438110572,0,0,0,0,0,0,0,0,0,0,0,0,0,0,0,0,0,0,0,0,0,0,0,0,0,0,0,0
"ff4f8ed709d325dc85df91881e419164",0.00318299854377817,0,0,0,0,0,0,0,0,0,0,0,0,0,0,0,0,0,0,0,0,0,0,0,0,0,0,0,0
"908b89aa5bac523dd293e900d0677895",0.0222809898064472,0,0,0,0,0,0,0,0,0,0,0,0,0,0,0,0,0,0,0,0,0,0,0,0,0,0,0,0
"4139c4822f132d488656de979a812b96",0.00557024745161179,0,0,0,0,0,0,0,0,0,0,0,0,0,0,0,0,0,0,0,0,0,0,0,0,0,0,0,0
"4ca427ab336fc6142916043c5e209596",0,0,0,0,0,0,0,0,0,0,0,0,0,0,0,0,0,0,0.000563931504879417,0,0,0,0,0,0,0,0,0,0
"95d0db82a69ee10f3b5ed0f06ba96949",0.128646191144368,0.00270844167100017,0.000653788486348896,0,0,0,0,0,0,0,0,0,0.000400179280317582,0,0,0,0,0,0,0,0,0,0,0,0,0,0,0,0
"f1baa928afe50a32873c14a5a0e63f2d",0.00928374575268632,0,0,0,0,0,0,0,0,0,0,0,0,0,0,0,0,0,0,0,0,0,0,0,0,0,0,0,0
"50addb775b43dc6766013d2b80081ce3",0.0127319941751127,0,0,0,0,0,0,0,0,0,0,0,0,0,0,0,0,0,0,0,0,0,0,0,0,0,0,0,0
"272d242be70431c313d5d6dae118135b",0.00557024745161179,0,0,0,0,0,0,0,0,0,0,0,0,0,0,0,0,0,0,0,0,0,0,0,0,0,0,0,0
"45f57e55f2f3051645343e39b90396ec",0.0315647355591335,0,0,0,0,0,0,0,0,0,0,0,0,0,0,0,0,0,0,0,0,0,0,0,0,0,0,0,0
"ac96db42031919a640395a42626c4cfe",0.0111404949032236,0,0,0,0,0,0,0,0,0,0,0,0,0,0,0,0,0,0,0,0,0,0,0,0,0,0,0,0
"fd52abdc1862787fdca2f0d9cab6999e",0.00159149927188908,0,0,0,0,0,0,0,0,0,0,0,0,0,0,0,0,0,0,0,0,0,0,0,0,0,0,0,0
"7bc4b6055f77dc4acb835bf59f37bba2",0.0116709946605199,0,0,0,0,0,0,0,0,0,0,0,0,0,0,0,0,0,0,0,0,0,0,0,0,0,0,0,0
"600bb60d1fe6ae569792e6293dc1551d",0.000795749635944542,0,0,0,0,0,0,0,0,0,0,0,0,0,0,0,0,0,0,0,0,0,0,0,0,0,0,0,0
"e64aa0d53a0727d6fb6d3fcd8667e49d",0.0172412421121317,0,0,0,0,0,0,0,0,0,0,0,0,0,0,0,0,0,0,0,0,0,0,0,0,0,0,0,0
"b06e7e4b55119e4733d40e44a8abf70e",0.00477449781566725,0,0,0,0,0,0,0,0,0,0,0,0,0,0,0,0,0,0,0,0,0,0,0,0,0,0,0,0
"2754a62a78999a65def9a46a8c805a18",0.00557024745161179,0,0,0,0,0,0,0,0,0,0,0,0,0,0,0,0,0,0,0,0,0,0,0,0,0,0,0,0
"4bcf2ed3c27ef7222d2bf177640edef4",0.172677670999966,0,0,0,0,0,0,0,0,0,0,0,0,0,0,0,0,0,0,0,0,0,0,0,0,0,0,0,0
"3c30ef12ea30ff246e454f2cc7ee36a9",0.00530499757296361,0,0,0,0,0,0,0,0,0,0,0,0,0,0,0,0,0,0,0,0,0,0,0,0,0,0,0,0
"350764427a7e15d2e95ee77951ea5c6c",0.0114057447818718,0,0,0,0,0,0,0,0,0,0,0,0,0,0,0,0,0,0,0,0,0,0,0,0,0,0,0,0
"78655baa8fe07fac3df14b89c91be2bb",0.0665777195406933,0,0,0,0,0,0,0,0,0,0,0,0,0,0,0,0,0,0,0,0,0,0,0,0,0,0,0,0
"9d93bbfc68509916e75cf218443f9b1b",0.0167107423548354,0,0,0,0,0,0,0,0,0,0,0,0,0,0,0,0,0,0,0,0,0,0,0,0,0,0,0,0
"c62f274f92e56d9b16a9a143e797b5b3",0.00689649684485269,0,0,0,0,0,0,0,0,0,0,0,0,0,0,0,0,0,0,0,0,0,0,0,0,0,0,0,0
"0b9c934012caa8a6606599ddcb49c15b",0.0814317127449914,0,0,0,0,0,0,0,0,0,0,0,0,0,0,0,0,0,0,0,0,0,0,0,0,0,0,0,0
"d9d30d32406d0d1f7d847cdbbdda6137",0.0135277438110572,0,0,0,0,0,0,0,0,0,0,0,0,0,0,0,0,0,0,0,0,0,0,0,0,0,0,0,0
"87db021bd3fb687eba7b420338158435",0,0.0173340266944011,0.159088531678231,0.023378186235997,0.0430205486385262,0,0.00689119811586536,0.00501929386140361,0,0.00253359654586338,0,0,0.00400179280317582,0,0.00320951728859979,0,0.00161678002091035,0,0.00366555478171621,0,0,0.000890469967787249,0.00207321560924032,0.0012082839950702,0,0,0,0,0
"451acf82a2350fce17f55d27708aa232",0,0,0,0,0,0,0,0,0,0,0,0,0,0,0,0,0,0,0,0,0,0,0,0.0036248519852106,0.00484778911729517,0.0121921482565228,0.0134519212508704,0.00560710981524573,0
"8f6e77dd37d82d5d60ee21867f52f9e4",0.00450924793701907,0,0,0,0,0,0,0,0,0,0,0,0,0,0,0,0,0,0,0,0,0,0,0,0,0,0,0,0
"aa15b94e77f3955a73a15e15187b6482",0.335541096489948,0,0,0,0,0,0,0,0,0,0,0,0,0,0,0,0,0,0,0,0,0,0,0,0,0,0,0,0
"123c678eddb7c7e2b7393ca738c84596",0.0843494614101214,0,0,0,0,0,0,0,0,0,0,0,0,0,0,0,0,0,0,0,0,0,0,0,0,0,0,0,0
"ea45bee86d1ee90365290e8bef727fe5",0,0.00243759750390016,0,0,0,0,0,0,0,0,0,0,0,0,0,0,0,0,0,0,0,0,0,0,0,0,0,0,0
"cbe80782cb7eff2eb8427fae47b49d1a",0.238724890783362,0.00189590916970012,0.00239722444994595,0,0,0,0,0,0,0,0,0,0,0,0,0,0,0,0,0,0,0,0,0,0,0,0,0,0
"d2324169a6d55451e2666edc82665cba",0.0461534788847834,0,0,0,0,0,0,0,0,0,0,0,0,0,0,0,0,0,0,0,0,0,0,0,0,0,0,0,0
"bd1731c0114c40d5784dd170ea5f3422",0.0965509558279377,0,0,0,0,0,0,0,0,0,0,0,0,0,0,0,0,0,0,0,0,0,0,0,0,0,0,0,0
"947e4a587725a525a54833c06fcbab42",0.0461534788847834,0,0,0,0,0,0,0,0,0,0,0,0,0,0,0,0,0,0,0,0,0,0,0,0,0,0,0,0
"fac97a83c02393096a49a357cb0e0f28",0.0241377389569844,0,0,0,0,0,0,0,0,0,0,0,0,0,0,0,0,0,0,0,0,0,0,0,0,0,0,0,0
"46eaee59b82f8e55b9c35947a8c22824",0.00848799611674178,0,0,0,0,0,0,0,0,0,0,0,0,0,0,0,0,0,0,0,0,0,0,0,0,0,0,0,0
"bc3c95276ce632909affc67f9294bde6",0.0519889762150434,0,0,0,0,0,0,0,0,0,0,0,0,0,0,0,0,0,0,0,0,0,0,0,0,0,0,0,0
"0b736ddea36ed16291fa058fe28061f8",1.65330249361411,0,0.00152550646814742,0,0,0,0,0,0,0,0,0,0,0,0,0,0,0,0,0,0,0,0,0,0,0,0,0,0
"4bac007f22152b0afd81f2d32ec400c5",0.110078699638995,0,0,0,0,0,0,0,0,0,0,0,0,0,0,0,0,0,0,0,0,0,0,0,0,0,0,0,0
"8cc30cd689a26a6e2a699449745a088e",0.0228114895637435,0,0,0,0,0,0,0,0,0,0,0,0,0,0,0,0,0,0,0,0,0,0,0,0,0,0,0,0
"2f268057d1214383b781ce20ac322b13",0.00344824842242635,0,0,0,0,0,0,0,0,0,0,0,0,0,0,0,0,0,0,0,0,0,0,0,0,0,0,0,0
"41d1c01fdc01041978b943ebfa386bdb",0.0480102280353207,0,0,0,0,0,0,0,0,0,0,0,0,0,0,0,0,0,0,0,0,0,0,0,0,0,0,0,0
"f88d741fc5f4fa1ec110a6aafc7393f2",0.0137929936897054,0,0,0,0,0,0,0,0,0,0,0,0,0,0,0,0,0,0,0,0,0,0,0,0,0,0,0,0
"53cc13652f54147209456977b76cea50",0.0114057447818718,0,0,0,0,0,0,0,0,0,0,0,0,0,0,0,0,0,0,0,0,0,0,0,0,0,0,0,0
"3ccbd454b224dc84efdde550255ca527",0.0172412421121317,0,0,0,0,0,0,0,0,0,0,0,0,0,0,0,0,0,0,0,0,0,0,0,0,0,0,0,0
"99b446af7d82c16878fe433d7f2e23e7",0.00610074720890815,0,0,0,0,0,0,0,0,0,0,0,0,0,0,0,0,0,0,0,0,0,0,0,0,0,0,0,0
"04e715f54c06e9ccf25afba02b343b5c",1.2904406596234,0,0,0,0,0,0,0,0,0,0,0,0,0,0,0,0,0,0,0,0,0,0,0,0,0,0,0,0
"07e00e1bcc9d9a3c50591f721785e591",3.26389975676586,0,0.00217929495449632,0,0,0,0,0,0,0,0,0,0,0,0,0,0,0,0,0,0,0,0,0,0,0,0,0,0
"faea8df7b37bdc2fd653a1c156baf7db",0.0615379718463779,0,0,0,0,0,0,0,0,0,0,0,0,0,0,0,0,0,0,0,0,0,0,0,0,0,0,0,0
"d79b4530e47feda71be7e93aa663f0b0",0.00397874817972271,0,0,0,0,0,0,0,0,0,0,0,0,0,0,0,0,0,0,0,0,0,0,0,0,0,0,0,0
"b7533224f1ef2f4739006dd83c6bf4d2",0.0575592236666552,0,0,0,0,0,0,0,0,0,0,0,0,0,0,0,0,0,0,0,0,0,0,0,0,0,0,0,0
"1d837cc6d80881adecbb106f01c1b042",0.223605647700416,0,0,0,0,0,0,0,0,0,0,0,0,0,0,0,0,0,0,0,0,0,0,0,0,0,0,0,0
"c66eb033bf0d849bf345c2a07db3727e",0.0331562348310226,0,0,0,0,0,0,0,0,0,0,0,0,0,0,0,0,0,0,0,0,0,0,0,0,0,0,0,0
"c9e59947328c667e941ac56abed5c99f",0.0790444638371578,0,0,0,0,0,0,0,0,0,0,0,0,0,0,0,0,0,0,0,0,0,0,0,0,0,0,0,0
"0e50bf3eae192d3ce32f00a74ffb97e3",0.0665777195406933,0,0,0,0,0,0,0,0,0,0,0,0,0,0,0,0,0,0,0,0,0,0,0,0,0,0,0,0
"40870adeb00d39b72fbca1d2be29ab07",0.166842173669706,0,0,0,0,0,0,0,0,0,0,0,0,0,0,0,0,0,0,0,0,0,0,0,0,0,0,0,0
"c797aedcc1b7855b7af687d34a0998d7",0.0095489956313345,0,0,0,0,0,0,0,0,0,0,0,0,0,0,0,0,0,0,0,0,0,0,0,0,0,0,0,0
"e17dcd58f6ca08bacf65afcde751be53",0.0371349830107453,0,0,0,0,0,0,0,0,0,0,0,0,0,0,0,0,0,0,0,0,0,0,0,0,0,0,0,0
"0a348490a85ea594e34f9fa851e6f2bf",0,0,0,0,0,0.0154030991035396,0,0,0,0,0,0,0,0,0,0,0,0,0,0,0,0,0,0,0,0,0,0,0
"915047629ceb2cfb1fb1d4ff467c9002",0.0100794953886309,0,0,0,0,0,0,0,0,0,0,0,0,0,0,0,0,0,0,0,0,0,0,0,0,0,0,0,0
"43a837e225147b88f58a65ccc8412c7c",0.013262493932409,0,0,0,0,0,0,0,0,0,0,0,0,0,0,0,0,0,0,0,0,0,0,0,0,0,0,0,0
"40dc5c18cc4351517876235855be9721",0.0127319941751127,0,0,0,0,0,0,0,0,0,0,0,0,0,0,0,0,0,0,0,0,0,0,0,0,0,0,0,0
"92cb26786c713a9a22e36dc8c8913a44",0.0095489956313345,0,0,0,0,0,0,0,0,0,0,0,0,0,0,0,0,0,0,0,0,0,0,0,0,0,0,0,0
"d5c1df7b4eb6d1dad40cfc965a64dc91",0.0503974769431543,0,0,0,0,0,0,0,0,0,0,0,0,0,0,0,0,0,0,0,0,0,0,0,0,0,0,0,0
"6075255b58efbd350ad34112f80f970a",0.883812595655737,0,0,0,0,0,0,0,0,0,0,0,0,0,0,0,0,0,0,0,0,0,0,0,0,0,0,0,0
"d014102205e1a5fa0830e8f27b93270f",0.00159149927188908,0,0,0,0,0,0,0,0,0,0,0,0,0,0,0,0,0,0,0,0,0,0,0,0,0,0,0,0
"0ca6969eac50942ccc0687eb855a0d79",0.00185674915053726,0,0,0,0,0,0,0,0,0,0,0,0,0,0,0,0,0,0,0,0,0,0,0,0,0,0,0,0
"8ca8a2ee539e5a54b184bbf80e861033",0.00610074720890815,0,0,0,0,0,0,0,0,0,0,0,0,0,0,0,0,0,0,0,0,0,0,0,0,0,0,0,0
"ee00e22b5b23fa6d7e2502177a8a70c7",0.0164454924761872,0,0,0,0,0,0,0,0,0,0,0,0,0,0,0,0,0,0,0,0,0,0,0,0,0,0,0,0
"81658f20c85c240a8529c9f65f993851",0.0137929936897054,0,0,0,0,0,0,0,0,0,0,0,0,0,0,0,0,0,0,0,0,0,0,0,0,0,0,0,0
"23f3e8af4976b7963035af445f28e69e",0.00238724890783362,0,0,0,0,0,0,0,0,0,0,0,0,0,0,0,0,0,0,0,0,0,0,0,0,0,0,0,0
"a73d6b4ed74fd4af4a3c77ef62e48ec5",0.0530499757296361,0,0,0,0,0,0,0,0,0,0,0,0,0,0,0,0,0,0,0,0,0,0,0,0,0,0,0,0
"c70fe7d64a90f53b96f959c4469709ac",0.00742699660214905,0,0,0,0,0,0,0,0,0,0,0,0,0,0,0,0,0,0,0,0,0,0,0,0,0,0,0,0
"84bee12f9a868308b8d822a4791ff8b1",0.010344745267279,0,0,0,0,0,0,0,0,0,0,0,0,0,0,0,0,0,0,0,0,0,0,0,0,0,0,0,0
"82fc6e36dd2370048db2e2b7f02fd189",0.00106099951459272,0,0,0,0,0,0,0,0,0,0,0,0,0,0,0,0,0,0,0,0,0,0,0,0,0,0,0,0
"40f33a63b1b706f8fee517f9f6f6d367",0.0962857059492895,0,0,0,0,0,0,0,0,0,0,0,0,0,0,0,0,0,0,0,0,0,0,0,0,0,0,0,0
"6d9f5e802552ba002b8efdef2f9bbfec",0.0612727219677297,0,0,0,0,0,0,0,0,0,0,0,0,0,0,0,0,0,0,0,0,0,0,0,0,0,0,0,0
"b7bc2902499297dc5de20e8748a42d33",0.220687899035286,0,0,0,0,0,0,0,0,0,0,0,0,0,0,0,0,0,0,0,0,0,0,0,0,0,0,0,0
"92cb433f34320956950648a61a61e395",0.00875324599538996,0,0,0,0,0,0,0,0,0,0,0,0,0,0,0,0,0,0,0,0,0,0,0,0,0,0,0,0
"e21f14506da976def600538a8f860f0b",0.112731198425477,0,0,0,0,0,0,0,0,0,0,0,0,0,0,0,0,0,0,0,0,0,0.00103660780462016,0,0,0,0,0,0
"2ac77d9e71c04c362eb0b22647bc57f5",0.0644557205115079,0,0,0,0,0,0,0,0,0,0,0,0,0,0,0,0,0,0,0,0,0,0,0,0,0,0,0,0
"aca75c6d71a8933275a447e83269faba",0.0193632411413172,0,0,0,0,0,0,0,0,0,0,0,0,0,0,0,0,0,0,0,0,0,0,0,0,0,0,0,0
"3d94d8b70e7c5bf96bbb6b29f432ec1b",0.0175064919907799,0,0,0,0,0,0,0,0,0,0,0,0,0,0,0,0,0,0,0,0,0,0,0,0,0,0,0,0
"b022522a963a8f8fa28d9d2fc3344e87",0.207955904860174,0,0,0,0,0,0,0,0,0,0,0,0,0,0,0,0,0,0,0,0,0,0,0,0,0,0,0,0
"afadb45931725b52385058d29f76447e",0.0148539932042981,0,0,0,0,0,0,0,0,0,0,0,0,0,0,0,0,0,0,0,0,0,0,0,0,0,0,0,0
"431f2ccf07657913dc86d93668a91e9c",0.00557024745161179,0,0,0,0,0,0,0,0,0,0,0,0,0,0,0,0,0,0,0,0,0,0,0,0,0,0,0,0
"e469b851eb487386da166f1f8b20a40f",0.00212199902918544,0,0,0,0,0,0,0,0,0,0,0,0,0,0,0,0,0,0,0,0,0,0,0,0,0,0,0,0
"5629f0846c3c982970fcbd37fe2bdb8b",0.000795749635944542,0,0,0,0,0,0,0,0,0,0,0,0,0,0,0,0,0,0,0,0,0,0,0,0,0,0,0,0
"90c4f2d984977adea41de3f42bd18ea1",0.0095489956313345,0,0,0,0,0,0,0,0,0,0,0,0,0,0,0,0,0,0,0,0,0,0,0,0,0,0,0,0
"eae2b2f16935541e065a7e45ce95ff17",0.00212199902918544,0,0,0,0,0,0,0,0,0,0,0,0,0,0,0,0,0,0,0,0,0,0,0,0,0,0,0,0
"c4587a7b24a6c49f9de0882e32f519f5",0,0,0,0,0,0,0,0,0,0,0,0,0,0,0,0,0,0,0,0,0,0.00578805479061712,0,0.00386650878422464,0.00349040816445252,0,0.00870418433879851,0,0
"3cce19ea306b1aafd7cd22fdc1bcefd6",0,0,0,0,0,0,0,0,0,0,0,0,0,0,0,0,0,0,0,0,0,0,0.000518303902310081,0,0,0,0,0.0112142196304915,0.0126514217035139
"28fb272909cf6fa14f7019229dc1b994",0,0,0,0,0,0.0308061982070793,0,0,0,0,0,0,0,0,0,0,0,0,0,0,0,0,0,0,0,0,0,0,0
"954395a75bf6cfc5ecda85aea2a4570b",0.000795749635944542,0,0,0,0,0,0,0,0,0,0,0,0,0,0,0,0,0,0,0,0,0,0,0,0,0,0,0,0
"10ba1c6a051a49b25b443bebd244b71c",0,0.00568772750910036,0.00871717981798529,0.0095812238672119,0.0430205486385262,0,0,0.0142973825143012,0.193345685974382,0.0219578367308159,0.0281587024469912,0,0.0114051094890511,0,0.014977747346799,0.105924722830309,0,0.0249079788558935,0.0414489656086372,0.164478788443038,0,0.0369545036631708,0.0352446653570855,0.0157076919359126,0.0213302721160987,0.0731528895391368,0.0207317845160474,0.042053323614343,0
"37d606d03d54c46da31b937d8f5b6b61",0,0,0,0,0,0,0,0,0,0,0,0,0,0,0,0,0,0,0.0149441848793046,0,0,0.00801422971008524,0,0,0,0,0.0106032791036273,0,0
"e27928b6f9a580b0d7f95feeb01ba523",0,0,0.00697374385438823,0,0,0,0.00770192730596717,0.0149057817702289,0,0.0124568496838283,0,0,0.00760340632603406,0.0414964249233912,0,0,0.0194013602509243,0,0.0346817875500842,0,0.0706557739015235,0.0207034267510535,0.025656043164349,0.00966627196056161,0.0087260204111313,0.060960741282614,0.0205735266189783,0,0.0664199639434482
"d27b2ff4d26d2899600e9921c2e925f6",0,0,0,0,0,0,0,0,0,0,0,0,0,0,0,0,0,0,0,0,0,0,0,0,0,0,0.000791289485345319,0,0
"ba17ca70d77eba42e5aef9d3fcc1adf3",0,0,0,0.00172462029609814,0,0,0,0.00501929386140361,0,0,0,0,0.00320143424254066,0,0.00392274335273308,0,0,0,0.0169179451463825,0,0,0.00823684720203205,0.00803371048580625,0.00483313598028081,0.00426605442321975,0,0.00712160536810787,0,0
"daac17ca54538cbc9aada8497262da96",0,0,0,0,0,0.0184837189242476,0,0,0,0.00295586263684061,0,0,0,0,0,0,0,0,0,0,0,0.0017809399355745,0.0147716612158373,0.0282738454846427,0.0364553741620596,0.0274323335771763,0.0727986326517693,0.0700888726905716,0.110699939905747
"2adce772c19bf78aca62501a10d63509",0,0,0,0,0,0,0,0,0,0,0,0,0,0,0,0,0,0,0,0,0,0,0,0,0,0,0.0113945685889726,0,0
"0a080f68f8c16188fe250be4dbeecae5",0,0,0,0,0,0,0,0,0,0,0,0,0,0,0,0,0,0,0,0,0,0,0,0,0,0,0,0.0140177745381143,0.0253028434070279
"55b1e088790638cb0f33b74d1d5bf921",0.000795749635944542,0,0,0,0,0,0,0,0,0,0,0,0,0,0,0,0,0,0,0,0,0,0,0,0,0,0,0,0
"db5aaacffe4ca31116f5b0e292074588",0,0.00514603917490033,0.379633181073259,0.00440736297891747,0.0531430306711206,0,0,0.0033461959076024,0,0.00548945918270398,0,0.0169514510442094,0.00540242028428736,0,0.0171174255391989,0.0247157686604053,0.177845802300139,0.0664212769490493,0.0406030683513181,0.0620674673369953,0.0264959152130713,0.0200355742752131,0.0494980226706127,0.0248906502984461,0.0176459523869544,0.0243842965130456,0.0525416218269292,0.0336426588914744,0.0474428313881772
"eb8d145285d4d18dd0c43c75115adbf9",0,0,0.0309459883538478,0,0,0,0,0,0,0,0,0,0,0,0,0,0.0468866206064003,0,0.0132523903646663,0,0,0.00578805479061712,0.0108843819485117,0.00386650878422464,0,0,0.00490599480914098,0,0
"4d14fe12857973bd0d0470a41c6e1a5a",0.00238724890783362,0,0,0,0,0,0,0,0,0,0,0,0,0,0,0,0,0,0,0,0,0,0,0,0,0,0,0,0
"115fd3d829ca9fb45630f07981cbcb73",0.00238724890783362,0,0,0,0,0,0,0,0,0,0,0,0,0,0,0,0,0,0,0,0,0,0,0,0,0,0,0,0
"7cd022d3e8231b6befc5e3e2259a6813",0,0,0.010678545277032,0,0,0,0,0,0,0,0,0,0,0,0,0,0,0,0,0,0,0,0,0,0,0,0,0,0
"6f14a88c7074fb3b48a9f8be3f7852c8",0,0,0.0496879249625161,0.00862310148049071,0.0202449640651888,0,0.00445901054555994,0.00349829572158433,0,0.00675625745563567,0,0,0.00580259956460494,0,0.00392274335273308,0,0.00161678002091035,0,0.00394752053415592,0,0,0,0,0.00169159759309828,0,0,0.00316515794138128,0,0
"a82d89679bc6017e06e5a11b255c5bf6",0,0.00731279251170047,0.00937096830433418,0,0,0,0,0,0,0,0,0,0,0,0,0,0,0,0,0,0,0,0,0,0.00232693877630168,0,0,0,0
"0d01943ed06ec0c8998ac39665f5452a",0.0474797282780243,0.00216675333680014,0,0,0,0,0,0,0,0,0,0,0,0,0,0,0,0,0,0,0,0,0,0,0,0,0,0,0
"1b93fe44c90e856e28e8586500b42103",0.0140582435683536,0,0,0,0,0,0,0,0,0,0,0,0,0,0,0,0,0,0,0,0,0,0,0,0,0,0,0,0
"6ba0ef08127bd8337916b772638d3744",0.0013262493932409,0,0,0,0,0,0,0,0,0,0,0,0,0,0,0,0,0,0,0,0,0,0,0,0,0,0,0,0
"924ba8e00fb9f76de6bf217aac8ca9d4",0,0.0227509100364015,0.0363942257400886,0.0822069007806781,0.0202449640651888,0,0.0415498709927176,0.0450215449386505,0.0617632052418164,0.0565836561909487,0.0732126263621772,0.0135611608353675,0.0102045716480983,0.0287282941777324,0.00784548670546617,0.0176541204717181,0,0.00553510641242078,0.0124064931073472,0.0093101201005493,0,0,0.00570134292541089,0.00314153838718252,0.00252085034099349,0,0.00142432107362157,0,0
"f654394f0d0084baf14a287ec94d12aa",0.00318299854377817,0,0,0,0,0,0,0,0,0,0,0,0,0,0,0,0,0,0,0,0,0,0,0,0,0,0,0,0
"8f9fe5d435f9b6b90c0bf2e7055bdb82",0.00583549733025997,0,0,0,0,0,0,0,0,0,0,0,0,0,0,0,0,0,0,0,0,0,0,0,0,0,0,0,0
"3c8c974e9e9f2247fedc8b66253b5774",0.00557024745161179,0,0,0,0,0,0,0,0,0,0,0,0,0,0,0,0,0,0,0,0,0,0,0,0,0,0,0,0
"916d15ab17794198ea4c5ad1e3fb6258",0,0,0,0,0,0.0338868180277872,0,0,0,0,0,0,0,0,0,0,0,0,0,0,0,0,0,0,0,0,0.199879723998228,0.224284392609829,0.132839927886896
"e6bdf194852a3017f2294a9236f98dfc",0,0,0,0.0103477217765889,0,0,0.000608046892576355,0,0,0,0,0,0,0,0,0,0.00107785334727357,0,0,0,0,0,0,0,0,0,0,0,0
"10b3c2a776e4f9f16a4c80c2d43c9def",0,0,0,0,0,0,0,0.00486719404742168,0,0.000633399136465844,0,0,0,0,0,0,0,0,0,0,0,0,0,0,0,0,0,0,0
"d5cecae93845498f6d38b6b144a7e330",0.0129972440537608,0,0,0,0,0,0,0,0,0,0,0,0,0,0,0,0,0,0,0,0,0,0,0,0,0,0,0,0
"e49e2d1740b2969d15197f16c4681997",0.0275859873794108,0.00325013000520021,0.00370480142264375,0.00172462029609814,0,0,0.00162145838020361,0.00760499069909638,0,0,0,0,0,0,0,0,0,0,0,0,0,0,0,0,0,0,0,0,0
"fa0525ece71fa3362210e904b24a9b62",0,0,0,0.0960038631494633,0,0,0.254366283394442,0.47820181515918,0.120841053733989,0.00971212009247627,0,0,0,0,0,0,0,0,0,0,0,0,0,0,0,0,0,0,0
"28f1a500a5a6ebd1cede9322b50bcaad",0,0,0.00871717981798529,0.301808551817175,0.0177143435570402,0,0.81417478915974,1.45437842129519,0.252423534466554,0.0297697594138947,0.0168952214681947,0.027122321670735,0.00820367524651044,0,0.00820209973753281,0,0.00808390010455177,0.00830265961863117,0.00535734929635446,0,0.0176639434753809,0.00267140990336175,0.00466473512079072,0.00289988158816848,0.0029086734703771,0,0,0,0
"c3331ee422228f2ad21a90ec87e18d35",0,0,0,0,0,0,0,0.00593189274529517,0,0,0,0,0,0,0,0,0,0,0,0,0,0,0,0,0,0,0,0,0
"a82691ab5fd4e8d3d3b23b7958c8e764",0,0.0325013000520021,0.0193957250950173,0.38612332184864,0.194857779127442,0.0246449585656634,0.170861176813956,0.55470802159209,0.255108891216198,1.04785330475999,2.27522315771689,0.420395985896393,0.479214688180305,0.437308478038815,0.140148921602191,0.162417908339807,0.0980846546018949,0.105167021835995,0.0530095614586652,0.0341371070353474,0,0.0380675911229049,0.0609007085214345,0.0333486382639376,0.0124103401402756,0,0.00807115275052225,0,0
"89d1d4064aa11fd1f3efb8e1345c813f",0,0.139755590223609,0.0453293350535235,0.506655118098165,0.493470999088977,0,0.203087662120503,0.213396039016644,0.123526410483633,0.130057956020987,0.0506856644045842,0,0.0206092329363555,0,0.00855871276959945,0,0,0,0.00676717805855301,0,0.0220799293442261,0,0.00440558316963568,0.00459147918126677,0.00426605442321975,0,0.00205735266189783,0,0
"da28c80a7a1b2838789eb2ad598db9a0",0.201855157651265,0.0016250650026001,0.00348687192719411,0,0,0,0,0,0,0,0,0,0,0,0,0,0,0,0,0,0,0,0,0,0,0,0,0,0
"b5db33c8e764e787ba1a51f46cfa1db8",0.0206894905345581,0,0,0,0,0,0,0,0,0,0,0,0,0,0,0,0,0,0,0,0,0,0,0,0,0,0,0,0
"6d866900ddd4436c1634c5209005c604",0.0941637069201041,0,0,0,0,0,0,0,0,0,0,0,0,0,0,0,0,0,0,0,0,0,0,0,0,0,0,0,0
"477487d12077a9fbaf195faaf466d827",0.19681540995695,0,0,0,0,0,0,0,0,0,0,0,0,0,0,0,0,0,0,0,0,0,0,0,0,0,0,0,0
"b24d3443426aac9dca3451d65ba14d55",0.198141659350191,0,0,0,0,0,0,0,0,0,0,0,0,0,0,0,0,0,0,0,0,0,0,0,0,0,0,0,0
"ea4691b2289c15a1b9cb1a8fd5e77902",0.00159149927188908,0,0,0,0,0,0,0,0,0,0,0,0,0,0,0,0,0,0,0,0,0,0,0,0,0,0,0,0
"d74db335012437dbfb4c54fd9049d46f",0.000530499757296361,0,0,0,0,0,0,0,0,0,0,0,0,0,0,0,0,0,0,0,0,0,0,0,0,0,0,0,0
"565ebeeb62bec205e9a34b25e0a728dd",0,0,0,0,0,0,0,0,0,0,0,0,0,0,0,0,0,0,0,0,0,0,0.00155491170693024,0,0,0,0,0,0
"efc6541354a63e71f60f085f48f73909",0,0.106983446004507,0.0385735206945849,0,0,0,0,0,0,0,0,0,0,0,0,0,0,0,0,0,0,0,0,0,0,0,0,0,0
"385ff5afa4e19e68ba06f7912908b170",0,0,0,0,0,0,0,0,0,0.000633399136465844,0,0,0,0,0,0,0,0,0,0,0,0,0,0,0,0,0,0,0
"f829de4b8d089b0995e255f3335729a0",0,0.0222092217022014,0.00631995536803933,0,0,0,0,0,0,0,0,0,0,0,0,0,0,0,0,0,0,0,0,0,0,0,0,0,0
"dc211776d6a734cf180f697b098c47d3",0,0.000541688334200035,0.000217929495449632,0.00440736297891747,0,0,0.00141877608267816,0.00106469869787349,0,0,0,0,0,0,0,0,0,0,0,0,0,0,0,0,0.00155129251753445,0,0,0,0
"aa9c5ae2ec6da55f30edd92e3de37eff",0,0.106712601837407,0.0176522891314202,0.0743502972095644,0.0784492357526065,0,0,0.0060839925592771,0,0,0,0,0,0,0,0,0,0,0,0,0,0.0674531000598841,0.148494068011838,0.00579976317633697,0,0,0,0,0
"f3c13bc899928e8043766ca73a046487",0,0.103191627665107,0.0139474877087765,0.0664936936384506,0.0582042716874178,0,0,0.00654029200122288,0,0,0,0,0,0,0,0,0,0,0,0,0.0618238021638331,0.0739090073263417,0.142533573135272,0.00410816558323868,0.00271476190568529,0,0.00269038425017408,0,0
"1f4fb4bfdca6c9d13106ed533362a62e",0,0.548188594210435,0.0730063809756268,0.384207077075197,0.334041907075615,0.0708542558762823,0.0111475263638999,0.0331577594480602,0.0483364214935954,0.00675625745563567,0,0.0237320314618931,0.00520233064412857,0,0.0089153258016661,0,0,0,0.00958683558295009,0.0589640939701455,0.560830205343343,0.392919873286124,0.713963625432136,0.0190908871221092,0.00950166666989853,0,0.0104450212065582,0,0
"7f649b584c7c54e647d5e552eb59cb76",0,0.00108337666840007,0,0,0,0,0,0,0,0,0,0,0,0,0,0,0,0,0,0,0,0,0,0,0,0,0,0,0
"bffbf44642d65b943681a01244ca6c0b",0,0.0966913676547062,0.0276770459221033,0,0,0,0,0,0,0,0,0,0,0,0,0,0,0,0,0,0,0,0,0,0,0,0,0,0
"075005ef79b14f0787674852faab9e2e",0,0.016250650026001,0,0,0,0,0,0,0,0,0,0,0,0,0,0,0,0,0,0,0,0,0,0,0,0,0,0,0
"3c177efebf59a3bd5000040f101bb1bf",0,0,0.00108964747724816,0,0,0,0,0,0,0,0,0,0,0,0,0,0,0,0,0,0,0,0,0,0,0,0,0,0
"f5cb3fde6a13561ed6e13a04732f79e3",0.00397874817972271,0,0,0,0,0,0,0,0,0,0,0,0,0,0,0,0,0,0,0,0,0,0,0,0,0,0,0,0
"6007fe9f1b2db53b8b47650fa99e3f10",0.00848799611674178,0,0,0,0,0,0,0,0,0,0,0,0,0,0,0,0,0,0,0,0,0,0,0,0,0,0,0,0
"67d143ab6e193466450c7a998b92092b",0.00477449781566725,0,0,0,0,0,0,0,0,0,0,0,0,0,0,0,0,0,0,0,0,0,0,0,0,0,0,0,0
"3d38b9626585c206c30b9e38e025ac32",0,0,0,0.00287436716016357,0,0,0,0.00197729758176506,0,0,0,0,0,0,0,0,0,0,0,0,0,0,0,0,0,0,0,0,0
"6a00993959cfffcd3e54203b0cb659a2",0,0.00839616918010054,0.00849925032253565,0.0172462029609814,0.025306205081486,0,0.0180387244797652,0.0260090681909096,0,0.00485606004623814,0,0,0.00540242028428736,0,0.0456464681045304,0,0.00485034006273106,0,0.0118425616024678,0,0,0,0,0.0775718324835069,0.0191972449044889,0,0.0155092739127682,0,0
"ae66759ccf678b4ae827b1af4a54ac9d",0,0,0,0.0015329958187539,0,0,0,0,0,0,0,0,0,0,0,0,0,0,0,0,0,0,0,0,0,0,0,0,0
"f67d93be029c2787875047487bb04e94",0,0,0,0,0,0,0,0.00106469869787349,0,0,0,0,0,0,0,0,0,0,0,0,0,0,0,0,0,0,0,0,0
"0a052939cf0cfd20acc22c826676e32c",0,0,0,0,0,0,0,0,0,0,0,0,0,0,0,0,0.0161678002091035,0.0138377660310519,0.0518816984489064,0.040343853769047,0,0,0,0,0.0058173469407542,0,0.0218395897955308,0,0
"46156799234f2a8e18eb868be7da1d1a",0,0,0,0,0,0,0,0,0,0,0,0,0,0,0.011055003994066,0,0,0,0,0,0,0,0,0,0,0,0,0,0
"df20ccfbfc0741ee313d9e9433dbac01",0,0,0,0,0,0.0893379748005299,0,0,0,0,0,0,0,0,0,0,0,0,0,0,0,0,0,0.00869964476450545,0,0,0.0145597265303539,0.0364462137990973,0.0506056868140557
"4aff8b715435747567cbc4ee9c82fb8b",0,0,0,0,0,0,0,0,0,0,0,0,0,0,0,0,0,0,0,0,0,0,0,0,0.00232693877630168,0,0,0,0
"3d69ca950aaaf9f351e4139369d78236",0.00159149927188908,0,0,0,0,0,0,0,0,0,0,0,0,0,0,0,0,0,0,0,0,0,0,0,0,0,0,0,0
"5088bc096c191a333932a605b066096f",0.00212199902918544,0,0,0,0,0,0,0,0,0,0,0,0,0,0,0,0,0,0,0,0,0,0,0,0,0,0,0,0
"a873a33b303c266754138e274bcb835f",0.00212199902918544,0,0,0,0,0,0,0,0,0,0,0,0,0,0,0,0,0,0,0,0,0,0,0,0,0,0,0,0
"b0c56ead300fe6c57f4fc02a1a2f03bd",0.0013262493932409,0,0,0,0,0,0,0,0,0,0,0,0,0,0,0,0,0,0,0,0,0,0,0,0,0,0,0,0
"5e05ab394eb8af522fe62a10d8c28445",0.0013262493932409,0,0,0,0,0,0,0,0,0,0,0,0,0,0,0,0,0,0,0,0,0,0,0,0,0,0,0,0
"e3083a5858ffbe913e0c1a70a8cf6919",0.00344824842242635,0,0,0,0,0,0,0,0,0,0,0,0,0,0,0,0,0,0,0,0,0,0,0,0,0,0,0,0
"5eea14d9885768eafe3cd046a6e975a7",0.0013262493932409,0,0,0,0,0,0,0,0,0,0,0,0,0,0,0,0,0,0,0,0,0,0,0,0,0,0,0,0
"cdfbfbaaeefc8ad48995e3953a7ed409",0.00477449781566725,0,0,0,0,0,0,0,0,0,0,0,0,0,0,0,0,0,0,0,0,0,0,0,0,0,0,0,0
"b13f720636b1c50245daf019257f2c37",0.00318299854377817,0,0,0,0,0,0,0,0,0,0,0,0,0,0,0,0,0,0,0,0,0,0,0,0,0,0,0,0
"32ae6575d9d3e427dc9f898f16f33087",0.00185674915053726,0,0,0,0,0,0,0,0,0,0,0,0,0,0,0,0,0,0,0,0,0,0,0,0,0,0,0,0
"edb2c105974cb9358cbb2a34fb4b93d8",0.0013262493932409,0,0,0,0,0,0,0,0,0,0,0,0,0,0,0,0,0,0,0,0,0,0,0,0,0,0,0,0
"a07f3b457d225ac97e915f62126f9051",0.0013262493932409,0,0,0,0,0,0,0,0,0,0,0,0,0,0,0,0,0,0,0,0,0,0,0,0,0,0,0,0
"6f740d9776105d08cb826e9c2e6db049",0,0,0,0,0,0,0,0,0,0,0,0,0,0,0,0,0.00107785334727357,0,0,0,0,0,0,0,0,0,0,0,0
"400fe0a1f19db5477c9e37d1f2efcef3",0.00238724890783362,0,0,0,0,0,0,0,0,0,0,0,0,0,0,0,0,0,0,0,0,0,0,0,0,0,0,0,0
"e8ebb25bac25954fb7adbde26e956cb6",0.00185674915053726,0,0,0,0,0,0,0,0,0,0,0,0,0,0,0,0,0,0,0,0,0,0,0,0,0,0,0,0
"d8c78611226dae60111f022dc0a9f947",0.0684344686912306,0,0,0,0,0,0,0,0,0,0,0,0,0,0,0,0,0,0,0,0,0,0,0,0,0,0,0,0
"19f57e5afe22be9a7efe64bedb272f7d",0.010344745267279,0,0,0,0,0,0,0,0,0,0,0,0,0,0,0,0,0,0,0,0,0,0,0,0,0,0,0,0
"79731579b17268e3805c05662db8b5a6",0.00265249878648181,0,0,0,0,0,0,0,0,0,0,0,0,0,0,0,0,0,0,0,0,0,0,0,0,0,0,0,0
"d5ba4ee44ca72bb2c78ee918d3d0707d",0.0681692188125824,0,0,0,0,0,0,0,0,0,0,0,0,0,0,0,0,0,0,0,0,0,0,0,0,0,0,0,0
"475e27bf3e60bc624563dd2d438e0a64",0.0480102280353207,0,0.00348687192719411,0,0,0,0,0,0,0,0,0,0,0,0,0,0,0,0,0,0,0,0,0,0,0,0,0,0
"70d288ad69e9db19c1dac3bf211eaeb9",0.0660472197833969,0,0,0,0,0,0,0,0,0,0,0,0,0,0,0,0,0,0,0,0,0,0,0,0,0,0,0,0
"e1abbababbc410f2f1faa24f6ccbc7f9",0.563921242006032,0,0.00305101293629485,0,0,0,0,0,0,0,0,0,0.000800358560635165,0,0,0,0,0,0,0,0,0,0,0,0,0,0,0,0
"0ac09c35a4ef5356c779c2c282c506a1",0.0936332071628077,0,0,0,0,0,0,0,0,0,0,0,0,0,0,0,0,0,0,0,0,0,0,0,0,0,0,0,0
"6195e799c734a9a8f419aed004b7cf86",0,0,0.000653788486348896,0,0,0,0,0,0,0,0,0,0,0,0,0,0,0,0,0,0,0,0,0,0,0,0,0,0
"5c76e0d46321fda9cf0d46f3a598b74f",0,0,0,0,0,0,0.000608046892576355,0,0,0,0,0,0,0,0,0,0,0,0,0,0,0,0,0,0,0,0,0,0
"3d7b139f39141ba112868fcf7236158e",0.00185674915053726,0,0,0,0,0,0,0,0,0,0,0,0,0,0,0,0,0,0,0,0,0,0,0,0,0,0,0,0
"94cb8b6fb586e9fe9607e3e52891c49a",0,0,0,0,0,0.0492899171313268,0,0,0,0,0,0,0,0,0,0,0,0,0,0,0,0,0,0,0,0,0,0,0
"7363aac88b5325ac49cb469e284e10dd",0,0,0,0,0,0.00924185946212378,0,0,0,0,0,0,0,0,0,0,0,0,0,0,0,0,0,0,0,0,0,0,0
"8e6faab8acc1bdcba46f098a739aec14",0,1.5668335066736,5.77469577042435,0.215385912534924,2.70523332321085,0,0.0180387244797652,0.0226628722833072,0,0.00126679827293169,0,0,0.00280125496222308,0,0,0,0.00215570669454714,0,0,0,0,0.00111308745973406,0,0,0,0,0,0,0
"160417c8184691818a991a146e5402d7",0,1.5847092217022,5.43080302660483,0.181468380044993,2.5255592671323,0,0.0145931254218325,0.0184040774918132,0.0161121404978651,0,0,0,0,0,0.00320951728859979,0,0,0,0,0,0,0,0,0,0,0,0,0,0
"e93433e87baa0b69a6daa419d5c52acb",0,0,0.0054482373862408,0,0,0,0,0,0,0,0,0,0,0,0,0,0,0,0,0,0,0,0,0,0,0,0,0,0
"ac0039723d07f8589ce17bb3395a8ff5",0,0,0.00261515394539559,0,0,0,0,0,0,0,0,0,0,0,0,0,0,0,0,0,0,0,0,0,0,0,0,0,0
"bfeb406eac391881a6599911d4643acb",0,0.0016250650026001,0,0,0,0,0,0,0,0,0,0,0,0,0,0,0,0,0,0,0,0,0,0,0,0,0,0,0
"2990b08e6fdd30ce626c1f5d8d026587",0.00928374575268632,0,0,0,0,0,0,0,0,0,0,0,0,0,0,0,0,0,0,0,0,0,0,0,0,0,0,0,0
"668b888b470fb300314dd012a056e5ea",0.00106099951459272,0,0,0,0,0,0,0,0,0,0,0,0,0,0,0,0,0,0,0,0,0,0,0,0,0,0,0,0
"3ec5ac546f36cb0a6d6b41ea94437fd6",0.00450924793701907,0,0,0,0,0,0,0,0,0,0,0,0,0,0,0,0,0,0,0,0,0,0,0,0,0,0,0,0
"659345ab0b295a524c8158295f1b7e49",0.00318299854377817,0,0,0,0,0,0,0,0,0,0,0,0,0,0,0,0,0,0,0,0,0,0,0,0,0,0,0,0
"4be7e3af901821b478005592cf83e189",0,0.00487519500780031,0.00305101293629485,0,0,0,0,0,0,0,0,0,0,0,0,0,0,0,0,0,0,0,0,0,0,0,0,0,0
"ce3debe377068d91443c07c23728742c",0.00530499757296361,0,0,0,0,0,0,0,0,0,0,0,0,0,0,0,0,0,0,0,0,0,0,0,0,0,0,0,0
"8bf2d32646e2f8940a7204828fdeb654",0.00185674915053726,0,0,0,0,0,0,0,0,0,0,0,0,0,0,0,0,0,0,0,0,0,0,0,0,0,0,0,0
"33ee5a4f23a0bf945ce5b4ffa11feef5",0,0.189861761137112,0.050341713448865,0.00229949372813086,0,0,0,0.000912598883891565,0,0,0,0,0.00240107568190549,0,0.00249629122446651,0,0,0,0,0,0,0,0.00492388707194576,0.0024165679901404,0.00387823129383613,0,0.00284864214724315,0,0
"0b9435a851d1e394bd12d008525a6197",0,0.0219383775351014,0.00980682729523345,0,0,0,0,0,0,0,0,0,0,0,0,0,0,0,0,0,0,0,0,0,0,0,0,0,0
"ddc66d3a76d91f0f401087bf108cc42c",0,0.00866701334720055,0,0,0,0,0,0,0,0,0,0,0,0,0,0,0,0,0,0,0,0,0,0,0,0,0,0,0
"e8a86642422a282bb8095b927d653eaf",0,0,0,0,0,0,0,0,0,0,0,0,0,0,0,0,0.00161678002091035,0,0,0,0,0,0,0,0,0,0,0,0
"b9779a83e705307c6596e4741240726c",0.00848799611674178,0,0,0,0,0,0,0,0,0,0,0,0,0,0,0,0,0,0,0,0,0,0,0,0,0,0,0,0
"8fabb679415fe6a9969015076873e211",0.196284910199654,0,0,0,0,0.0677736360555744,0,0,0,0,0,0,0,0,0,0,0,0,0,0,0,0,0,0,0,0,0,0,0
"48d3df1c8c87428a5ef19a3ea0a4c6d1",0.148805181921629,0,0,0,0,0,0,0,0,0,0,0,0,0,0,0,0,0,0,0,0,0,0,0,0,0,0,0,0
"fa83652d0f1eca666000903a370b6e14",0,0.0330429883862021,0.0261515394539559,0,0,0,0,0,0,0,0,0,0,0,0,0,0,0,0,0,0,0,0,0,0,0,0,0,0
"9b7c1f4112c3dcad4bcd9ac9caa5caf8",0,0.00216675333680014,0,0,0,0,0,0,0,0,0,0,0,0,0,0,0,0,0,0,0,0,0,0,0,0,0,0,0
"fe53e16940fd4ac540adc0d7c5d73841",0,0,0,0,0,0,0,0,0,0,0,0,0,0,0,0,0,0,0.00140982876219854,0,0,0,0,0,0,0,0,0,0
"f63e76a4ce2cd0f7f39e8195d8302dcf",0,0,0,0.0473312459040268,0,0,0.931325157129451,0.285339251030096,0,0.0916317417420588,0.022526961957593,0.0169514510442094,0,0,0,0,0,0,0,0,0,0,0,0,0,0,0,0,0
"fd8b9f0334e7dc4b6c8df23989d0338e",0,0,0,0,0,0,0.000405364595050904,0,0,0,0,0,0,0,0,0,0,0,0,0,0,0,0,0,0,0,0,0,0
"e75fd72fb216d3d4c964602d8c338f65",0,0.763780551222049,2.79930436905052,0.818044893782552,1.95870027330701,0,2.8022854455869,1.2228825044147,0.392062085448052,0.0565836561909487,0,0,0.00340152388269945,0,0.00249629122446651,0,0,0,0,0,0,0.00111308745973406,0.0012957597557752,0.0024165679901404,0.000775646258767227,0,0,0,0
"840e058fa20744d5348c023c25e7d232",0,0,0.00130757697269779,0,0,0,0,0,0,0,0,0,0,0,0,0,0,0,0,0,0,0,0,0,0,0,0,0,0
"b7a2f949d87f6ce14145811c2d2974af",0.0193632411413172,0,0,0.00364086506954052,0,0.650010782169372,0,0,0,0,0,0,0,0,0,0,0,0,0,0,0,0,0,0,0,0,0,0,0
"9533095cafb0040f79ea6b6d43fbcc82",0,0.00189590916970012,0,0,0,0,0,0,0,0,0,0,0,0,0,0,0,0,0,0,0,0,0,0,0,0,0,0,0
"62e1d1dac671aff6e6dc206418fd79c6",0,0.269760790431617,0.0220108790404128,0,0,0,0,0,0,0,0,0,0,0,0,0,0,0,0,0,0,0,0,0.000724970397042121,0.00193911564691807,0,0,0,0
"1bb528201a9ce27b647d4d0f9c6d01fb",0,0,0,0,0,0,0,0,0,0,0,0,0,0,0,0,0,0,0,0,0,0,0,0,0,0,0.000949547382414383,0,0
"efee85b044faa2ad388a0ad03caa1ab0",0.00795749635944542,0,0,0,0,0,0,0,0,0,0,0,0,0,0,0,0,0,0,0,0,0,0,0,0,0,0,0,0
"f0b4d6d49281190556a6cc4d5286dfb6",0,0.016250650026001,0.0479444889989191,0,0,0,0,0,0,0,0,0,0,0,0,0,0,0,0,0,0,0,0,0,0,0,0,0,0
"af4077b83626bed3fca2dfbdf7cb9f90",0,0,0,0,0,0,0,0,0,0,0,0,0,0,0,0,0,0,0,0,0,0,0,0,0,0,0.000791289485345319,0,0
"2e4e10f885aac2233d05e4b46571c20d",0.00769224648079724,0,0,0,0,0,0,0,0,0,0,0,0,0,0,0,0,0,0,0,0,0,0,0,0,0,0,0,0
"06bb48a671163cdd75613e80ef87b92d",0,0,0,0,0,0,0,0,0,0,0,0,0,0,0,0,0,0,0,0,0,0,0.00103660780462016,0.000966627196056161,0.00135738095284265,0,0,0,0
"58b2cf308363fb35b932620518786116",0.0108752450245754,0.63160859767724,0.412758464381603,0.116699306702641,0.0430205486385262,0,0.118163779457338,0.419339187148174,0.142323907731142,0.00591172527368121,0,0,0.00280125496222308,0.00638406537282942,0,0,0,0,0.000845897257319126,0,0,0.00111308745973406,0.00803371048580625,0.00652473357337909,0.00465387755260336,0,0.00205735266189783,0,0
"7df1941b2f205401a1e303c18dfcb5e4",0,0,0.000435858990899264,0,0,0,0,0,0,0,0,0,0,0,0,0,0,0,0,0,0,0,0,0,0,0,0,0,0
"41ce94f4a11ec070e9cc2b4aa6bd4586",0,0,0,0,0,0,0.000810729190101807,0,0,0,0,0,0,0,0,0,0,0,0,0,0,0,0,0,0,0,0,0,0
"554686cea3283b156638818673bd7f53",0.00424399805837089,0,0,0,0,0,0,0,0,0,0,0,0,0,0,0,0,0,0,0,0,0,0,0,0,0,0,0,0
"c3e968a0946cfc5f9704691f47655570",0,0,0,0,0,0,0.000608046892576355,0,0,0,0,0,0,0,0,0,0,0,0,0,0,0,0,0,0,0,0,0,0
"bea331330a1f00d2ccef18e7b8d75a4b",0,0,0,0.0406243891969785,0,0,0,0,0,0,0,0,0,0,0,0,0,0,0,0,0,0,0,0,0,0,0,0,0
"4c31c3e198534eab45b6d92b61f75b10",0,0,0,7.34745733481012,0,0.0554511567727427,0.305442222370856,0.170655991287723,0.0939874862375467,0.254626452859269,0.284402894714612,0.172904800650936,0.192286144192598,0.194713993871297,0.0745321237019286,0.0812089541699033,0.077605441003697,0.119004787867047,0.08712741750387,0.040343853769047,0,0.0589936353659052,0.131908343137915,0.0891713588361809,0.0814428571705588,0.060960741282614,0.0270621003988099,0,0
"9e91972e602f744d92a27f9585c4a19d",0,0,0,0.0419657605383881,0,0,0,0,0,0,0,0,0,0,0,0,0,0,0,0,0,0,0,0,0,0,0,0,0
"a1efc5abbff6d352054a4329b15a1abf",0,0,0,0.00498223641095019,0,0,0,0,0,0,0,0,0,0,0,0,0,0,0,0,0,0,0,0,0,0,0,0,0
"661abca79e265b3ee6a7c8d22090737d",0,0,0,0,0,0,0,0,0,0,0,0,0.000400179280317582,0,0,0,0,0,0,0,0,0,0,0,0,0,0,0,0
"f12686b1d3e4d79217d2b79924ed502d",0,0,0,0.166713295289487,0,0,0,0,0,0,0,0,0,0,0,0,0,0,0,0,0,0,0,0,0,0,0,0,0
"e99169633801b8aba8a6ae89e0ee2a26",0,0,0,0.00344924059219628,0,0,0,0,0,0,0,0,0,0,0,0,0,0,0,0,0,0,0,0,0,0,0,0,0
"8bc8eb4392eecf9f922bfb55df2c4144",0,0,0,0,0,0,0,0.0387854525653915,0,0.0648178449650047,0,0,0.0538241132027148,0,0.0274592034691316,0,0.0269463336818392,0,0.0225572601951767,0,0,0.0111308745973406,0.0243602834085738,0.0176409463280249,0.0135738095284265,0,0,0,0
"e1dfc1945a6b78a701192ebd002e974c",0,0,0,0,0,0,0,0.00121679851185542,0,0,0,0,0,0,0,0,0,0,0,0,0,0,0,0,0,0,0,0,0
"43d67e1ce7eecf7458f714c110d161d5",0,0,0,0,0,0,0.000405364595050904,0,0,0,0,0,0,0,0,0,0,0,0,0,0,0,0,0,0,0,0,0,0
"be9dcf562f0ab066c0b252d527a42d19",0,1.81682267290692,0.834669967572091,0.320779375074254,0.0986941998177953,0.261852684760174,0.103773336333031,0.736619399114475,0.555868847176347,1.3204260664858,0.853208684143835,0.932329807431516,1.00224900755538,1.05337078651685,0.490699532123702,0.473130428642045,0.490423273009474,0.869011706750062,0.497387587303646,0.26689010954908,0.432766615146832,0.221281786995131,0.533334715477073,0.377467920059931,0.250145918452431,0.060960741282614,0.0742229537253909,0.0897137570439317,0.0727456747952051
"feec8d91c6be13d10b577e62ebd689e9",0,0.00108337666840007,0,0,0,0,0,0,0,0,0,0,0,0,0,0,0,0,0,0,0,0,0,0,0,0,0,0,0
"fa7c27da02160cd4642de54d236e78fc",0.0519889762150434,0,0,0,0,0,0,0,0,0,0,0,0,0,0,0,0,0,0,0,0,0,0,0,0,0,0,0,0
"b180a2455b236c103cf0bfe620095736",1.13182123219179,0,0.00283308344084522,0,0,0.280336403684421,0,0,0,0,0,0,0,0,0,0,0,0,0,0,0,0,0,0,0,0,0,0,0
"299ccc8e8ff39974e43c21db8583539d",0.0549067248801734,0,0,0,0,0,0,0,0,0,0,0,0,0,0,0,0,0,0,0,0,0,0,0,0,0,0,0,0
"826b2dad200d99cccec78d01acb38da4",0,0,0,0.269424015145999,0,0,0,0,0,0,0,0,0,0,0,0,0,0,0,0,0,0,0,0,0,0,0,0,0
"daa33b68bffced185af681590ffd372e",0.0122014944178163,0,0,0,0,0,0,0,0,0,0,0,0,0,0,0,0,0,0,0,0,0,0,0,0,0,0,0,0
"07e45dbcdbdf6f14162122517de780b0",0,0.0184174033628012,0.0169985006450713,0.00325761611485205,0,0,0,0,0,0,0,0,0,0,0,0,0,0,0,0,0,0,0,0,0,0,0,0,0
"b8be4a864e591a2801a0b9194efc1060",0.0976119553425304,0,0,0,0,0.0277255783863713,0,0,0,0,0,0,0,0,0,0,0,0,0,0,0,0,0,0,0,0,0,0,0
"07ebfd1673dbe181c7a499218a46ef80",0,0.0100212341827006,0.00457651940444228,0,0,0,0,0,0,0,0,0,0,0,0,0,0,0,0,0,0,0,0,0,0,0,0,0,0
"a5603389a441a68a8797aa8a3cf61af9",0,0.00920870168140059,0,0,0,0,0,0,0,0,0,0,0,0,0,0,0,0,0,0,0,0,0,0,0,0,0,0,0
"fc4e948dc95060bb06f959f2e2ed0731",0,0.0143547408563009,0,0,0,0,0,0,0,0,0,0,0,0,0,0,0,0,0,0,0,0,0,0,0,0,0,0,0
"325b6281ee8480e4b22c882b8bc7041c",0,0,0.00828132082708602,0,0,0,0,0,0,0,0,0,0,0,0,0,0,0,0,0,0,0,0,0,0,0,0,0,0
"931f5be1037c1c313cde89dcc9b3474e",0,0,0.00261515394539559,0,0,0,0,0,0,0,0,0,0,0,0,0,0,0,0,0,0,0,0,0,0,0,0,0,0
"a039c1ac15b3f4bc5cf1db8a5f1cc0fd",0,18.1194747789912,9.31822936643537,3.90358222797947,3.21388804534872,0.0893379748005299,1.1530595906223,0.855105154206396,0.526329922930261,0.852132971592049,0.492777292822347,0.423786276105235,0.504425982840312,0.414964249233912,0.195067328540454,0.183602852905868,0.209103549371073,0.326571278332826,0.183277739085811,0.145858548241939,0.128063590196511,0.121326533111013,0.239974706769567,0.196225320799401,0.135350272154881,0.13106559375762,0.0462113059441666,0.0476604334295887,0
"6dbf54dfd0a3207126af074af10be296",0.123075943692756,0,0,0,0,0,0,0,0,0,0,0,0,0,0,0,0,0,0,0,0,0,0,0,0,0,0,0,0
"4d9f444d7b7f1f6de3b53c732536296a",0,0.0170631825273011,0,0,0,0,0,0,0,0,0,0,0,0,0,0,0,0,0,0,0,0,0,0,0,0,0,0,0
"08c5a92f42b9bd6cf258a65dc845fd17",0.0185674915053726,0,0,0,0,0,0,0,0,0,0,0,0,0,0,0,0,0,0,0,0,0,0,0,0,0,0,0,0
"dc22433569281cc665fba3df53e3f566",0.198406909228839,0.00216675333680014,0.00196136545904669,0,0,0,0,0,0,0,0,0,0,0,0,0,0,0,0,0,0,0,0,0,0,0,0,0,0
"4597728556b60e620b133a6bac86bcfc",0.0233419893210399,0,0,0,0,0,0,0,0,0,0,0,0,0,0,0,0,0,0,0,0,0,0,0,0,0,0,0,0
"aaa707342b1a12423de93e29ef0fb102",0.00159149927188908,0,0,0,0,0,0,0,0,0,0,0,0,0,0,0,0,0,0,0,0,0,0,0,0,0,0,0,0
"838197ea99c414fe3d5129775a734245",0.00636599708755633,0,0,0,0,0,0,0,0,0,0,0,0,0,0,0,0,0,0,0,0,0,0,0,0,0,0,0,0
"e71d7fce3b720ea2b97354f4a94a19a7",0.0108752450245754,0,0,0,0,0,0,0,0,0,0,0,0,0,0,0,0,0,0,0,0,0,0,0,0,0,0,0,0
"54e41d7748bdb8fe71a73a47ad58423e",0.277981872823293,0,0.00435858990899264,0,0,0,0,0,0,0,0,0,0,0,0,0,0,0,0,0,0,0,0,0,0,0,0,0,0
"b50c901a9773cf8216278d2bb4e70644",0.0915112081336223,0,0,0,0,0,0,0,0,0,0,0,0,0,0,0,0,0,0,0,0,0,0,0,0,0,0,0,0
"858b85aa56bbce1359f8be897360a774",0,0.00189590916970012,0,0,0,0,0,0,0,0,0,0,0,0,0,0,0,0,0,0,0,0,0,0,0,0,0,0,0
"aa4b8fb0330c049740437e03fc90a40e",0,0.0455018200728029,0.00479444889989191,0.00823985252580224,0.0354286871140804,0,0.00101341148762726,0,0,0,0,0,0,0,0,0,0,0,0,0,0,0,0,0,0,0,0,0,0
"0916b03c8a001547e1909d8a2fe6178e",0.000530499757296361,0,0,0,0,0,0,0,0,0,0,0,0,0,0,0,0,0,0,0,0,0,0,0,0,0,0,0,0
"1034f9305f9e8af991841f0741e8ce44",0.0177717418694281,0,0,0,0,0,0,0,0,0,0,0,0,0,0,0,0,0,0,0,0,0,0,0,0,0,0,0,0
"e7baf16c3258bdcf8af64b53aa373771",0.00769224648079724,0,0,0,0,0,0,0,0,0,0,0,0,0,0,0,0,0,0,0,0,0,0,0,0,0,0,0,0
"a27f37aae2a34101f8a61c6f0b1cd246",0.612992469555945,0.00487519500780031,0.00370480142264375,0,0,0,0,0,0,0,0,0,0,0,0,0,0,0,0,0,0,0,0,0,0,0,0,0,0
"64fc10f0a6641c24f1fc81c23d55d3b7",0.0530499757296361,0,0,0,0,0,0,0,0,0,0,0,0,0,0,0,0,0,0,0,0,0,0,0,0,0,0,0,0
"e111f26c316c8b919015c64090c7cdef",0.0641904706328597,0,0,0,0,0,0,0,0,0,0,0,0,0,0,0,0,0,0,0,0,0,0,0,0,0,0,0,0
"8fd7af3fd41ce627d8be20317e594132",0.0450924793701907,0,0,0,0,0,0,0,0,0,0,0,0,0,0,0,0,0,0,0,0,0,0,0,0,0,0,0,0
"9ab23c4d99ca81eaa9c30826e3201dd4",0.24933488592929,0,0,0,0,0,0,0,0,0,0,0,0,0,0,0,0,0,0,0,0,0,0,0,0,0,0,0,0
"a1f21db1df1536b5a1147e9ffb486b61",0.00636599708755633,0,0,0,0,0,0,0,0,0,0,0,0,0,0,0,0,0,0,0,0,0,0,0,0,0,0,0,0
"30722c9b979a324b1a9e507436496b08",0.0143234934470017,0,0,0,0,0,0,0,0,0,0,0,0,0,0,0,0,0,0,0,0,0,0,0,0,0,0,0,0
"7767ca8c82d1d254c5d3228f43b2b213",0.0936332071628077,0,0.00283308344084522,0,0,0,0,0,0,0,0,0,0,0,0,0,0,0,0,0,0,0,0,0,0,0,0,0,0
"b59754bec2dc431ceec006fa8d612183",0.0363392333748007,0,0,0,0,0,0,0,0,0,0,0,0,0,0,0,0,0,0,0,0,0,0,0,0,0,0,0,0
"51d1bc05cfe3f4f9fd53eb552e293c01",0.0204242406559099,0,0,0,0,0,0,0,0,0,0,0,0,0,0,0,0,0,0,0,0,0,0,0,0,0,0,0,0
"bab46dfd2ebedb1ecc30e955eb423156",0.038195982525338,0,0,0,0,0,0,0,0,0,0,0,0,0,0,0,0,0,0,0,0,0,0,0,0,0,0,0,0
"c93a843b39949238201808402b1961af",0.00477449781566725,0,0,0,0,0,0,0,0,0,0,0,0,0,0,0,0,0,0,0,0,0,0,0,0,0,0,0,0
"2b810d05c55b0e9f8dda84a275803f71",0.00477449781566725,0,0,0,0,0,0,0,0,0,0,0,0,0,0,0,0,0,0,0,0,0,0,0,0,0,0,0,0
"9e679d7c299efc7140f026781b04d72c",0.0299732362872444,0,0,0,0,0,0,0,0,0,0,0,0,0,0,0,0,0,0,0,0,0,0,0,0,0,0,0,0
"eccd8d734ee6af96b42328e6e5a1d507",0,0,0,0,0,0,0,0,0,0,0,0,0,0,0,0,0,0,0,0,0,0,0,0,0,0,0.000316515794138128,0,0
"66d9eb13f3c8549ed0ac95f646c23ead",0,0.062294158433004,0.0128578402315283,0.0191624477344238,0,0,0.00202682297525452,0.00456299441945783,0,0,0,0,0,0,0,0,0,0,0,0,0,0,0,0,0,0,0,0,0
"dedaa658c067ddab6be08769c9d8b5ec",0,0,0,0,0,0,0,0,0,0,0,0,0.000600268920476373,0,0,0,0,0,0,0,0,0,0,0,0,0,0,0,0
"da131e54714432d2efe40ba671d42f55",0.0960204560706413,0,0,0,0,0,0,0,0,0,0,0,0,0,0,0,0,0,0,0,0,0,0,0,0,0,0,0,0
"6575c99cec435a76668a7c45a05dd227",0.0291774866512999,0,0,0,0,0,0,0,0,0,0,0,0,0,0,0,0,0,0,0,0,0,0,0,0,0,0,0,0
"d6fd8cc30f52c997d8a550fdb5b27dfd",0.151722930586759,0,0,0,0,0,0,0,0,0,0,0,0,0,0,0,0,0,0,0,0,0,0,0,0,0,0,0,0
"b7806c4f83108800a9c32dc83c148d95",0,0.230759230369215,0.167151923009868,0.151766586056637,0.194857779127442,0.0862573549798219,0.84538786297866,0.505579781675927,0.24973817771691,0.626009479873742,0.16050460394785,0.59669107675617,0.28132603406326,0.638406537282942,0.536346000228232,0.533154438245887,0.286170063701133,0.719563833614701,0.334129416641055,0.276200229649629,0.680061823802164,0.154051304427194,0.25656043164349,0.485005195621179,0.666280136281048,0.231650816873933,0.280749509400519,0.204659508256469,0.27200556662555
"25f9dbd6c37925f1be38fa56d2908617",0.00530499757296361,0,0,0,0,0,0,0,0,0,0,0,0,0,0,0,0,0,0,0,0,0,0,0,0,0,0,0,0
"fb3e6be0517e6c8b7a27582c871b2ab3",0.00371349830107453,0,0,0,0,0,0,0,0,0,0,0,0,0,0,0,0,0,0,0,0,0,0,0,0,0,0,0,0
"b04b7cec6f00435b186177833dba9e0c",0.00769224648079724,0,0,0,0,0,0,0,0,0,0,0,0,0,0,0,0,0,0,0,0,0,0,0,0,0,0,0,0
"cf94c789ff082528101c344b74e994c7",0,0,0,0,0,0,0.00324291676040723,0.00395459516353011,0,0,0,0,0,0,0,0,0,0,0,0,0,0,0,0,0,0,0,0,0
"ce7cc0fd0e5319b6271c2a7b5fe54896",0,0,0,0,0,0,0.00202682297525452,0,0,0,0,0,0,0,0,0,0,0,0,0,0,0,0,0,0,0,0,0,0
"118cef48f6a595357192f8fe289c2df2",0.000795749635944542,0,0,0,0,0,0,0,0,0,0,0,0,0,0,0,0,0,0,0,0,0,0,0,0,0,0,0,0
"8a26d456ae3c3bae3168beac9c58f723",0,0,0,0,0,0.0123224792828317,0,0,0,0,0,0,0,0,0,0,0,0,0,0,0,0,0,0,0,0,0,0,0
"02809af9a001c44a58624822e0e44569",0,0.200424683654013,0.084120785243558,0.109609201040904,0.28849073792894,0,0.101341148762726,0.0711827129435421,0,0.00464492700074952,0,0,0,0,0,0,0,0,0,0,0,0,0,0,0,0,0,0,0
"21cff8afa99fd812a66ca2e7c53e8fda",0.00557024745161179,0,0,0,0,0,0,0,0,0,0,0,0,0,0,0,0,0,0,0,0,0,0,0,0,0,0,0,0
"946e45651fe55c77bfec78b5f0c9ac09",0,0,0,0.000766497909376952,0,0,0,0,0,0,0,0,0,0,0,0,0,0,0,0,0,0,0,0,0,0,0,0,0
"26897509b56c5bcf18626b728a146bca",0.0254639883502253,0,0,0,0,0.23720772619451,0,0,0,0,0,0,0,0,0,0,0,0,0,0,0,0,0,0,0,0,0,0,0
"5346417a16a786a9003aaee8d9cf6253",0.0488059776712652,0,0,0,0,1.3585533409322,0,0,0,0,0,0,0,0,0,0,0,0,0,0,0,0,0,0,0,0,0,0,0
"f8451982c6df9c7c753b7c8a3ac6298b",0,0.0184174033628012,0.00370480142264375,0,0,0,0,0,0,0,0,0,0,0,0,0,0,0,0,0,0,0,0,0,0,0,0,0,0
"fde5fbd4507f68a2eabc92fb449d9965",0,0.0576898075923037,0.0263694689494055,0.0191624477344238,0.0404899281303776,0,0.0200655474550197,0.0185561773057952,0,0.00760078963759013,0,0,0.00640286848508132,0,0.00998516489786603,0.028246592754749,0,0,0.00507538354391476,0,0.0353278869507618,0.0193677217993727,0.0292841704805195,0.0268239046905585,0.012022517010892,0,0.00458947901500285,0,0
"b9894ecd47f62b16d09553eba88c3e8d",0,0.0251885075403016,0.010678545277032,0,0,0,0.00749924500844172,0.00577979293131325,0,0,0,0,0,0,0,0,0.00754497343091499,0,0,0,0,0,0,0.00942461516154757,0,0,0,0,0
"c3fb8f32d5ff76839b6ffcee6dd67328",0.00663124696620451,0,0,0,0,0,0,0,0,0,0,0,0,0,0,0,0,0,0,0,0,0,0,0,0,0,0,0,0
"abaecd8b82d14efc7ccc4dcb7f864cba",0,0.439309239036228,0.167805711496217,0.267891019327245,0.422613624860816,0,0.331182874156588,0.254615088605747,0.174548188726872,0.0449713386890749,0.022526961957593,0.0135611608353675,0.00380170316301703,0.022344228804903,0.0103417779299327,0,0.00808390010455177,0.0193728724434727,0.00197376026707796,0,0.0441598586884522,0.0242653066222025,0.0295433224316746,0.0137744375438003,0.0131859863990429,0.0091441111923921,0.0034816737355194,0,0
"2e629a245a33dc88d99de2c8d9e0b216",0,0.000541688334200035,0,0,0,0,0,0,0,0,0,0,0,0,0,0,0,0,0,0,0,0,0,0,0,0,0,0,0
"637ec5730f0da83790b96ca6708f5309",0,0.114025394349107,0.0333432128037937,0.0174378274383257,0.129061645915579,0,0.0058777866282381,0.0060839925592771,0,0,0,0,0,0,0,0,0,0,0,0,0,0,0,0,0,0,0,0,0
"7e2246947e40512267840e3645e8c570",0,0.0167923383602011,0,0.0758832930283183,0,0,0.0139850785292562,0.0296594637264759,0,0,0,0,0,0,0,0,0,0,0,0,0,0,0,0,0,0,0,0,0
"cf506e6252da1013261a93132ed38efe",0,0,0.00239722444994595,0,0,0,0,0,0,0.00168906436390892,0,0,0.00240107568190549,0,0,0,0.00269463336818392,0,0,0,0,0,0,0,0,0,0,0,0
"f15d9912ad67ff3efb5f911bac709f3b",0,0.0138130525221009,0.00740960284528749,0.0168629540062929,0,0,0.025132604893156,0.0199250756316325,0,0,0,0,0,0,0,0,0,0,0,0,0,0,0,0,0,0,0,0,0
"7809979fa1370bb575a71ab75a91bb93",0,0,0,0.00114974686406543,0,0,0,0.000912598883891565,0,0,0,0,0,0,0,0,0,0,0,0,0,0,0,0,0,0,0,0,0
"cfa7e5524c99aac7db9399503a7e846a",0,0.0455018200728029,0.0523030789079117,0.0459898745626171,0.23534770725782,0,0.0697227103487554,0.0453257445666144,0.0187974972475093,0.00168906436390892,0,0,0,0,0.00677564760926623,0,0.0123953134936461,0,0.00874093832563097,0.0155168668342488,0,0,0,0,0,0,0,0,0
"c8cd270702fe338a1a9d8cba7c850177",0,0.00731279251170047,0,0,0,0,0,0,0,0,0,0,0,0,0,0,0,0,0,0,0,0,0,0,0,0,0,0,0
"cbbd3fd672febff085d5ca40c28282da",0,0.00920870168140059,0.00849925032253565,0.015329958187539,0.0480817896548234,0,0.0143904431243071,0.0106469869787349,0,0,0,0,0,0,0,0,0.00538926673636785,0,0,0,0,0,0,0,0,0,0,0,0
"e4197eeb4aaad91a8a4a38678c3b073e",0,0.00406266250650026,0.00130757697269779,0.0952373652400863,0,0,0.00445901054555994,0.0016730979538012,0,0,0,0,0,0,0,0,0,0,0,0,0,0,0,0,0,0,0,0,0
"6ebfd1a0916bd58f511567f732c9a115",0,0,0,0.0291269205563242,0,0,0,0,0,0,0,0,0,0,0,0,0,0,0,0,0,0,0,0,0,0,0,0,0
"919c50490dbc9552a946f26b32c4ae12",0.18806216396156,0,0,0,0,0,0,0,0,0,0,0,0,0,0,0,0,0,0,0,0,0,0,0,0,0,0,0,0
"0dda2781d785ae2fff6a81eabdeb9143",0.0854104609247141,0.0127296758537008,0.0115502632588305,0,0,0,0,0.00136889832583735,0,0,0,0,0,0,0,0,0,0,0,0,0,0,0,0,0,0,0,0,0
"0b4ce1bf546f25f6976d10bd9c189687",0,0,0.0054482373862408,0.00134137134140967,0,0,0,0,0,0,0,0,0,0,0,0,0,0,0,0,0,0,0,0,0,0,0,0,0
"cd1f95189b8375347f827f4a8b08dcf7",2.23605647700416,0.279511180447218,0.0895690226297988,0.048289368290748,0.258123291831157,0,0.0476303399184812,0.0331577594480602,0,0,0,0,0,0,0,0,0,0,0,0,0,0,0,0,0,0,0.00158257897069064,0,0
"f7f87d90b1d55c8ef8d7ea8f99e72018",0.00185674915053726,0,0,0,0,0,0,0,0,0,0,0,0,0,0,0,0,0,0,0,0,0,0,0,0,0,0,0,0
"5c8ca1fddc8497f2db7a63141e5cdc7f",0,0.062023314265904,0.00762753234073712,0,0,0,0,0,0,0,0,0,0,0,0,0,0,0,0,0,0,0,0,0,0,0,0,0,0
"619ac3ad257e70633292af469a960d56",0,0.261364621251517,0.0220108790404128,0.0390913933782246,0.113877922866687,0,0.0255379694882069,0.0149057817702289,0,0,0,0,0,0,0,0,0,0,0,0,0,0,0,0,0,0,0,0,0
"ecff8099a19480a2264b0e2dfbd1f968",0,0.0078544808459005,0.00719167334983786,0.032192912193832,0.0986941998177953,0,0.0324291676040723,0.0282905654006385,0,0,0,0,0,0,0,0,0,0,0,0,0,0,0,0,0,0,0,0,0
"335d0b23ffa0a12a5048771a0c89e3b1",0,0,0,0.00766497909376952,0,0,0.00749924500844172,0,0,0,0,0,0,0,0,0,0,0,0,0,0,0,0,0,0,0,0,0,0
"7c8a44a5a37e7afc0e7ccfddef0dbba5",0,0,0,0.00114974686406543,0,0,0,0.0016730979538012,0,0,0,0,0,0,0,0,0,0,0,0,0,0,0,0,0,0,0,0,0
"aee2ddec1683cea5bb29ee17e5f48146",0,0,0,0,0,0.0154030991035396,0,0,0,0,0,0,0,0,0,0,0,0,0,0,0,0,0,0,0,0,0,0,0
"1352ecafaa4f51b95bedc9b026136ba0",0.00530499757296361,0,0,0,0,0,0,0,0,0,0,0,0,0,0,0,0,0,0,0,0,0,0,0,0,0,0,0,0
"95a05bf179625c68dbfdd8e357f791cf",0,0,0.00719167334983786,0,0,0,0,0.00532349348936746,0,0,0,0,0,0,0,0,0,0,0,0,0,0,0,0,0,0,0,0,0
"24118ef9e2dd669b3382317f70b3c490",0,0.00352097417230023,0,0,0,0,0,0,0,0,0,0,0,0,0,0,0,0,0,0,0,0,0,0,0,0,0,0,0
"0cbc4442a6e5bf5a92171dc5905f3124",0,0.00135422083550009,0.00283308344084522,0,0,0,0.00141877608267816,0,0,0,0,0,0,0,0,0,0,0,0,0,0,0,0,0,0,0,0,0,0
"5fda016714ed5f6d8bbfc918786e8525",0.00371349830107453,0,0,0,0,0,0,0,0,0,0,0,0,0,0,0,0,0,0,0,0,0,0,0,0,0,0,0,0
"e4486fa2f00016fa6078468bfe73bb89",0,0.015708961691801,0.143615537501308,0.0584454655899926,0.0480817896548234,0,0.11674500337466,0.147232619934506,0.131582480732565,0.0145681801387144,0,0,0.00980439236778077,0,0.00320951728859979,0,0.00161678002091035,0,0.00422948628659563,0,0,0.00111308745973406,0,0.0036248519852106,0,0,0.00126606317655251,0,0
"14cf2dc39880985bc2129f16b8f963f5",0,0,0.0492520659716169,0.0203121945984892,0,0,0.0393203657199377,0.0497366391720903,0,0,0,0.0101708706265256,0,0,0,0,0,0,0,0,0,0,0,0,0,0,0,0,0
"6281e84f5577a96d655059cf0de0540a",0,0,0.00762753234073712,0,0,0,0,0,0,0,0,0,0,0,0,0,0,0,0,0,0,0,0,0,0,0,0,0,0
"138ba6e05643a696295fc4a8ee67406c",0,0,0,0,0,0,0,0,0,0,0,0,0,0,0,0,0,0,0,0,0,0,0.0038872792673256,0,0.00349040816445252,0,0,0,0
"421b4676c5bde303e399360e708db7fc",0.0172412421121317,0,0,0,0,0,0,0,0,0,0,0,0,0,0,0,0,0,0,0,0,0,0,0,0,0,0,0,0
"82864a780f7d57947ef3451dd7539740",0.0400527316758753,0.0016250650026001,0,0,0,0,0.00202682297525452,0.0118637854905903,0,0,0,0,0,0,0,0,0,0,0,0,0,0,0,0,0.00271476190568529,0,0.0166170791922517,0.0112142196304915,0
"5d09f55ef260c01efb18315a666b6199",0.00503974769431543,0,0,0,0,0,0,0,0,0,0,0,0,0,0,0,0,0,0,0,0,0,0,0,0,0,0,0,0
"4277458ff73b444855fb03eaf11e4ab5",0.000795749635944542,0,0,0,0,0,0.0229030996203761,0.0328535598200963,0.0268535674964419,0.00190019740939753,0,0,0.000800358560635165,0,0,0,0,0,0,0,0,0,0.0012957597557752,0,0,0,0,0,0
"de791da3027f9e7f238061064604388f",0,0,0,0,0,0.135547272111149,0,0,0,0,0,0,0,0,0,0,0,0,0,0,0,0,0,0,0,0,0,0,0
"f028df8f84e6a5ff0a4512a509e23477",0,0.00839616918010054,0.00414066041354301,0.0149467092328506,0,0,0.0312130738189196,0.0220544730273795,0,0.00211133045488615,0,0,0,0,0,0,0,0,0,0,0,0,0,0,0,0,0,0,0
"d0ee8cd5ce16c3dcf15fe70d87a7b4b5",0.00742699660214905,0,0,0,0,0.295739502787961,0,0,0,0,0,0,0,0,0,0,0,0,0,0,0,0,0,0,0,0,0,0,0
"11506c8de798b3e79303f7afc3d782b6",0.00291774866512999,0,0,0,0,0,0,0,0,0,0,0,0,0,0,0,0,0,0,0,0,0,0,0,0,0,0,0,0
"2c46a6bd519e153e57e33cbee296bb41",0,0,0,0,0,0,0,0,0,0,0,0,0,0,0,0,0,0,0,0,0,0,0,0,0.00135738095284265,0,0.00870418433879851,0,0.0158142771293924
"b47908de018aea1744738eba767e1034",0,0.198528774484313,0.806992921649988,0.00249111820547509,0.025306205081486,0,0,0.00136889832583735,0,0,0,0,0,0,0,0,0,0,0,0,0,0,0,0,0,0,0,0,0
"9560e4972e8046c341e33c5455f39420",0,0,0.000435858990899264,0,0,0,0,0,0,0,0,0,0,0,0,0,0,0,0,0,0,0,0,0,0,0,0,0,0
"89dfaf0aa4a8af8e27a826ba8dd97044",0,0.171444357774311,0.294204818857003,0.0559543473845175,0.0784492357526065,0,0.0395230480174631,0.056581130801277,0.102043556486479,0,0,0,0,0,0,0,0,0,0.00197376026707796,0.00620674673369953,0,0.0988421664243846,0.0826694724184578,0.00314153838718252,0.00407214285852794,0,0.00680508957396974,0.0140177745381143,0
"3a0635f007892aed36fc53868d002162",0,0,0.000871717981798529,0,0,0,0,0,0,0,0,0,0,0,0,0,0,0,0,0,0,0,0,0,0,0,0,0,0
"6a56cedcd3fa868b531873970471fd54",0,0,0,0,0,0.0585317765934506,0,0,0,0,0,0,0,0,0,0,0,0,0,0,0,0,0,0,0,0,0,0,0
"e52eb9b81be103823dae2b735dafea6f",0.0013262493932409,0,0,0,0,0,0,0,0,0,0,0,0,0,0,0,0,0,0,0,0,0,0,0,0,0,0,0,0
"911ddc4e1da558630158fa05fba14992",0.0946942066774004,0,0,0,0,0,0,0,0,0,0,0,0,0,0,0,0,0,0,0,0,0,0,0,0,0,0,0,0
"b659fcf2b17787c3e45bedfc42a89936",0.0374002328893935,0,0,0,0,0,0,0,0,0,0,0,0,0,0,0,0,0,0,0,0,0,0,0,0,0,0,0,0
"71b89747d9e5f39535d7cd2ac1005789",0.0206894905345581,0,0,0,0,0,0,0,0,0,0,0,0,0,0,0,0,0,0,0,0,0,0,0,0,0,0,0,0
"fb89ee34d5f2ddb3d1ce9da15080b792",0.0421747307050607,0,0.000871717981798529,0,0,0,0,0,0,0,0,0,0,0,0,0,0,0,0,0,0,0,0,0,0,0,0,0,0
"5921e25af2acb3d6f297ce40e0373ecd",0.00424399805837089,0,0,0,0,0,0,0,0,0,0,0,0,0,0,0,0,0,0,0,0,0,0,0,0,0,0,0,0
"cefe4ae946de41fe87fc0040bdea335e",0.0013262493932409,0,0,0,0,0.0246449585656634,0,0,0,0,0,0,0,0,0,0,0,0,0,0,0,0,0,0,0,0,0,0,0
"f7e31d1689b9fa6e5639ba7fb856967a",0.0108752450245754,0,0,0,0,0,0,0,0,0,0,0,0,0,0,0,0,0,0,0,0,0,0,0,0,0,0,0,0
"ac6d0a3fca5ae4aad55d98349c5d4560",0,0,0,0.00287436716016357,0,0,0,0,0,0,0,0,0,0,0,0,0,0,0,0,0,0,0,0,0,0,0,0,0
"34718f0afd4e47caea8aae283c0f5406",0,0.000541688334200035,0,0,0,0,0,0,0,0,0,0,0,0,0,0,0,0,0,0,0,0,0,0,0,0,0,0,0
"49d8ed77132802ef1ad7036f31e0117a",0.402914565666586,0,0,0,0,0,0,0,0,0,0,0,0,0,0,0,0,0,0,0,0,0,0,0,0,0,0,0,0
"52ac87abfa970ee890f4bfb7ce0f1337",0.00212199902918544,0,0,0,0,0.0277255783863713,0,0,0,0,0,0,0,0,0,0,0,0,0,0,0,0,0,0,0,0,0,0,0
"a4c97d72a3ac2b7c1435c56721a3aa1a",0.00424399805837089,0,0,0,0,0.083176735159114,0,0,0,0,0,0,0,0,0,0,0,0,0,0,0,0,0,0,0,0,0,0,0
"609733ff2721728a0474bb5c78c56ce6",0,0,0,0,0,0.0338868180277872,0,0,0,0,0,0,0,0,0,0,0,0,0,0,0,0,0,0,0,0,0,0,0
"fe74d2e267ad3ebb8fbfe24bbb464049",0.419360058142773,0,0,0,0,0,0,0,0,0,0,0,0,0,0,0,0,0,0,0,0,0,0,0,0,0,0,0,0
"9f34b6a04f6d30d61947a02265404b17",0.00397874817972271,0,0,0,0,0,0,0,0,0,0,0,0,0,0,0,0,0,0,0,0,0,0,0,0,0,0,0,0
"e973e792bb24983e1304d41a8ed0c375",0.00318299854377817,0,0,0,0,0.0338868180277872,0,0,0,0,0,0,0,0,0,0,0,0,0,0,0,0,0,0,0,0,0,0,0
"229ef33e5647dc892321fedcbf36b7ff",0,0,0,0,0.050612410162972,0,0,0,0.161121404978651,0,0,0,0,0,0,0,0,0,0,0,0,0,0,0,0,0,0,0,0
"f18d4d1f32aca3b61c8d25703e43fea4",0,0,0,0,0,0.0616123964141585,0,0,0,0,0,0,0,0,0,0,0,0,0,0,0,0,0,0,0,0,0,0,0
"de26ab3cbf51cd977d97820b4d14f742",0,0,0,0,0,0.10474107390407,0,0,0,0,0,0,0,0,0,0,0,0,0,0,0,0,0,0,0,0,0,0,0
"ad6ed76aeca8371d3d439eb14c33610c",0.00185674915053726,0,0,0,0,0.0246449585656634,0,0,0,0,0,0,0,0,0,0,0,0,0,0,0,0,0,0,0,0,0,0,0
"4659fa38e38fa03ccd272117c33e2d0f",0,0,0,0,0,0,0,0.0165788797240301,0,0,0,0,0,0,0,0,0,0,0,0,0,0,0,0,0,0,0,0,0
"01bc6f144e0f577c7a5364ebafdb3509",0.0273207375007626,0.0701486392789045,0.134244569196973,0.210978549556006,0.442858588926005,0.175595329780352,0.169239718433752,0.280015757540729,0.1154703402347,0.0154127123206689,0.0140793512234956,0.166124220233252,0.0394176591112819,0.143641470888662,0.326657537373046,0.621425040604477,0.21449281610744,0.35701436360114,0.491466306502412,0.626881420103653,0.737469640097152,0.548974735140839,0.70592991494633,0.456731350136536,0.495637959352258,0.280419409900024,0.277900867253276,0.30278393002327,0.436474048771231
"3fafff6e120eb323ee7a135e6bff6a5d",0,0,0,0,0,0,0,0,0,0,0,0,0.000400179280317582,0,0,0,0,0,0,0,0,0,0,0,0,0,0,0,0
"8c86a02bd0f2c7a90bb40b735577a623",0.596812226958406,0,0,0,0,0,0,0,0,0,0,0,0,0,0,0,0,0,0,0,0,0,0,0,0,0,0,0,0
"d049fee266c4b987284237c65812bd8b",0,0.0433350667360028,0.00588409637714007,0.00210786925078662,0.0202449640651888,0,0,0,0,0,0,0,0,0,0,0,0,0,0,0,0,0,0,0,0,0,0,0,0
"e5632edb0fd267dbaf571c758b91be2a",0.0875324599538996,0,0,0,0,0,0,0,0,0,0,0,0,0,0,0,0,0,0,0,0,0,0,0,0,0,0,0,0
"5a6520a634bb27352c524ba237fd0d64",0.664450946013692,0.0417100017334027,0.0117681927542801,0.00344924059219628,0.0227755845733374,0,0.00668851581833991,0.00882178921095179,0,0,0,0,0,0,0,0,0,0,0,0,0,0,0,0,0.00988948979928214,0.0426725188978298,0.0329176425903653,0,0
"6239566d7bda185bbc00c6475202b675",0.0496017273072098,0,0,0,0,0,0,0,0,0,0,0,0,0,0,0,0,0,0,0,0,0,0,0,0,0,0,0,0
"fa29a08838db72d944922cbf3ca72b38",0.0013262493932409,0.0124588316866008,0.023100526517661,0.000766497909376952,0,0,0.00243218757030542,0.0115595858626265,0.013426783748221,0,0,0,0,0,0.00178306516033322,0,0,0,0,0,0,0,0,0,0,0,0,0,0
"69b20cc817bea5dcb9b42ccea6416abb",0,0.00135422083550009,0,0.00134137134140967,0,0,0.00425632824803449,0.0228149720972891,0.0241682107467977,0,0,0,0,0,0,0,0,0,0,0,0,0,0,0,0,0,0,0,0
"d8ed5ca0e05ed7e2c1fb30325a7f1e0f",0,0,0,0,0,0.437448014540526,0,0,0,0,0,0,0,0,0,0,0,0,0,0,0,0,0,0,0,0,0,0,0
"ca01d9551d2460af70778e62f280ab8a",0.00212199902918544,0,0,0,0,0,0,0,0,0,0,0,0,0,0,0,0,0,0,0,0,0,0,0,0,0,0,0,0
"e1a9800482df461df81429b3b8f859a1",0.00238724890783362,0,0,0,0,0,0,0,0,0,0,0,0,0,0,0,0,0,0,0,0,0,0,0,0,0,0,0,0
"3cd04bebad888421034b2ae9c2a071ec",0,0,0,0,0,0.00616123964141585,0,0,0,0,0,0,0,0,0,0,0,0,0,0,0,0,0,0,0,0,0,0,0
"19613ecfc91f120baac60fa4fb5eba79",0,0,0,0,0,0.0800961153384061,0,0,0,0,0,0,0,0,0,0,0,0,0,0,0,0,0,0,0,0,0,0,0
"2f1368be39db6c82a0d6a9e99ef420c4",0,0,0,0,0,0.0338868180277872,0,0,0,0,0,0,0,0,0,0,0,0,0,0,0,0,0,0,0,0,0,0,0
"c88944b6267ea10d43d5ee264d29ae94",0,0.0108337666840007,0.00719167334983786,0.295484944064815,0,0,0.00770192730596717,0.0225107724693253,0,0,0,0,0,0,0,0,0,0,0,0,0,0,0,0,0,0,0,0,0
"8f1916d21f568321064dd9348e295557",0,0.00270844167100017,0,0,0,0,0,0,0,0,0,0,0,0,0,0,0,0,0,0,0,0,0,0,0,0,0,0,0
"f4993ea775e4b217485c9be1b55db40c",0.00901849587403814,0,0,0,0,0,0,0,0,0,0,0,0,0,0,0,0,0,0,0,0,0,0,0,0,0,0,0,0
"d23e031b9dfbdb8f41323c8c5c775f26",0.0114057447818718,0,0,0,0,0.0338868180277872,0,0,0,0,0,0,0,0,0,0,0,0,0,0,0,0,0,0,0,0,0,0,0
"8c99e30986e776bbc067425690109213",0.000795749635944542,0,0,0,0,0,0,0,0,0,0,0,0,0,0,0,0,0,0,0,0,0,0,0,0,0,0,0,0
"55e1b429253da6e1fed80ef04d052eeb",0,0,0.0161267826632728,0,0,0,0,0,0,0,0,0,0,0,0,0,0,0,0,0,0,0,0,0,0,0,0,0,0
"e216c691c78eba226bba71e64872263a",0,0.0105629225169007,0,0,0,0,0,0,0,0,0,0,0,0,0,0,0,0,0,0,0,0,0,0,0,0,0,0,0
"33bf7c73050395fa47eea57f63c0f87f",0,0,0.0111144042679312,0.0130304644594082,0,0,0.014795807719358,0.0170351791659759,0,0,0,0,0,0,0,0,0,0,0,0,0,0,0,0,0,0,0,0,0
"601f7b0d656ccfc24d722739825aef76",0,0.0062294158433004,0.000435858990899264,0,0,0,0.000202682297525452,0.000304199627963855,0.0322242809957303,0,0,0,0,0,0,0,0,0,0,0,0,0,0,0,0,0,0,0,0
"ac9e79a82beb3b70c0c7193fff0a8524",0.0498669771858579,0.171986046108511,0.108093029743018,0.0279771736922588,0.0657961332118635,0.0646930162348665,0.121406696217746,0.137041932397717,0.099358199736835,0.103455192289421,0.0394221834257877,0,0.0214095914969907,0,0.0181872646353988,0,0.0344913071127542,0.124539894279468,0.101225705125855,0.0465506005027465,0.0706557739015235,0.011798727073181,0.00881116633927137,0.0123244967497161,0.0378127551149023,0,0.0208900424131164,0.0476604334295887,0.0253028434070279
"6de274487e1c875df3c574ec3fcd05d0",0.0127319941751127,0,0,0,0,0,0.00668851581833991,0.0109511866066988,0,0.0111900514108966,0,0,0,0,0,0,0,0,0.0205834999280987,0,0,0,0,0,0.0153190136106527,0.0518166300902219,0.0118693422801798,0,0
"090855acea46f97b916c33393736db71",0.00557024745161179,0,0,0,0,0,0,0,0,0,0,0,0,0,0,0,0,0,0,0,0,0,0,0,0,0,0,0,0
"147c28a497af9f823da70571c88b5ebe",0.0159149927188908,0,0,0,0,0,0,0,0,0,0,0,0,0,0,0,0,0,0,0,0,0,0,0,0,0,0,0,0
"f31d3d601977f7db5eb65548662c4499",0,0,0,0,0,0.00616123964141585,0,0,0,0,0,0,0,0,0,0,0,0,0,0,0,0,0,0,0,0,0,0,0
"155c3beaf016d8468eb0b83983071b6d",0,0,0,0,0,0.00616123964141585,0,0,0,0,0,0,0,0,0,0,0,0,0,0,0,0,0,0,0,0,0,0,0
"5dd79bb2be6e24d95fcc33b497b078b5",0,0,0,0.0114974686406543,0,0,0,0,0,0,0,0,0,0,0,0,0,0,0,0,0,0,0,0,0,0,0,0,0
"f16e4c6266ddf5fc9dd22ebb744cb295",0,0.00704194834460045,0.00435858990899264,0,0,0,0,0.00669239181520481,0,0,0,0,0.00780349596619285,0,0,0,0,0,0,0,0,0,0,0,0,0,0,0,0
"387fd7acb95a1f0053edacb08ca9384d",0,0.0322304558849021,0.00174343596359706,0.00977284834455614,0.0202449640651888,0,0.0356720843644795,0.0302678629824036,0,0.0346258194601328,0.0816602370962746,0,0.0260116532206428,0,0.00998516489786603,0,0.00754497343091499,0,0.00676717805855301,0,0,0,0.00233236756039536,0.00289988158816848,0,0,0.00411470532379566,0,0
"27201d8b9c2a23edc5ee1b093c39fe46",0,0,0,0,0,0,0,0,0,0,0,0,0,0,0,0,0,0,0,0,0,0,0.0150308131669923,0.00724970397042121,0.00368431972914433,0,0,0,0
"bec033acf73d8b55fcee3b62a8a9429e",0,0,0,0.000191624477344238,0.0025306205081486,0,0,0.00121679851185542,0,0.00274472959135199,0,0,0.00200089640158791,0,0.00320951728859979,0,0,0.0193728724434727,0.000845897257319126,0,0,0,0,0,0,0,0,0,0
"4cbb5aa3c9c081eb194c9ef48904828d",0,0,0,0.0124555910273755,0,0,0,0.018860376933759,0,0,0,0,0,0,0,0,0,0,0,0,0,0,0,0,0,0,0,0,0
"afd6038f44400cf165c3d637f88be98a",0,0.484540214941931,0.0688657205620838,0.0557627229071733,0.0404899281303776,0,0.0804648721176044,0.0476072417763433,0,0.00548945918270398,0,0,0.00480215136381099,0,0,0,0,0,0.00535734929635446,0,0,0,0,0,0,0,0,0,0
"124cf22125895521b8cfe8d7d8d56d8a",0,0.000812532501300052,0,0,0,0,0,0,0,0,0,0,0,0,0,0,0,0,0,0,0,0,0,0,0,0,0,0,0
"064ea8c0c174b991b890a76af66da802",0,0,0,0.00996447282190038,0,0,0,0,0,0,0,0,0,0,0,0,0,0,0,0,0,0,0,0,0,0,0,0,0
"6eeec78da7ff573c0bb7f7ddc3eefa8a",0,0,0,0.0323845366711762,0,0,0.0405364595050904,0.027225866702765,0,0,0,0,0,0,0,0,0,0,0,0,0,0,0,0,0,0,0,0,0
"c7553191e309cfc2e28aea2507e7afdf",0,0.0674401976079043,0.0324714948219952,0.235889731610757,0.344164389108209,0.255691445118758,0.263284304485562,0.183280275848223,0.295389242460861,0.0909983426055929,0.222453749331231,0.172904800650936,0.131859072864643,0.242594484167518,0.118038913614059,0.197726149283243,0.158983368722852,0.185426064816096,0.0826159654648346,0.093101201005493,0.0750717597703687,0.144033517289588,0.288176969684405,0.300379401174452,0.222998299395578,0.210314557425018,0.204943976704438,0.311194594746138,0.230888446089129
"478fa149d72ab4d5a1c35d4fd7c3f6d8",0,0,0,0,0,0,0,0,0,0,0,0,0,0,0,0,0,0,0,0,0,0,0,0,0.000387823129383613,0,0,0,0
"ce835292dded53d610b8b1ca216711c5",0,0,0,0.00766497909376952,0,0,0.00972875028122169,0.0138410830723554,0,0,0,0,0,0,0,0,0,0,0,0,0,0,0,0,0,0,0,0,0
"3534bf6410f7b813b875b92efd3d15cb",0,0,0,0,0,0.0369674378484951,0,0,0,0,0,0,0,0,0,0,0,0,0,0,0,0,0,0,0,0,0,0,0
"a90eba220f100c5da89e40e34598c4c7",0.0251987384715772,0,0,0,0,0,0,0,0,0,0,0,0,0,0,0,0,0,0,0,0,0,0,0,0,0,0,0,0
"e0a5d06dca6e74603b233d9be368f1f6",0,0,0,0,0,0.0462092973106189,0,0,0,0,0,0,0,0,0,0,0,0,0,0,0,0,0,0,0,0,0,0,0
"9351cccfbe9ec3b210cc47272367a7df",0,0,0,0.00594035879767138,0,0,0.0133770316366798,0.00866968939696987,0,0,0,0,0,0,0,0,0,0,0,0,0,0,0,0,0.00562343537606239,0,0,0,0
"c0accb6471609a9265cb168064555980",0,0,0,0.00594035879767138,0,0,0.0127689847441035,0.00730079107113252,0,0,0,0,0,0,0,0,0,0,0,0,0,0,0,0,0,0,0,0,0
"51d011ee11e98c4e3318da2c40c45a0a",0,0,0,0,0,0.0708542558762823,0,0,0,0,0,0,0,0,0,0,0,0,0,0,0,0,0,0,0,0,0,0,0
"d45aaeec9a07ee5bc7a02cbca9a84ee7",0.00238724890783362,0.0046043508407003,0.00217929495449632,0,0,0,0,0,0,0,0,0,0,0,0,0,0,0,0,0,0,0,0,0,0,0,0,0,0
"a8a3fd004219cc6476d68c8902fb52a3",0,0.0165214941931011,0.000871717981798529,0,0,0,0,0,0,0,0,0,0,0,0,0,0,0,0,0,0,0,0,0,0,0,0,0,0
"d16549567d9b503e05d935bd5ca038a6",0.0137929936897054,0,0,0,0,0,0,0,0,0,0,0,0,0,0,0,0,0,0,0,0,0,0,0,0,0,0,0,0
"fbea683698f9faa406733b0ef72a45b8",0.00106099951459272,0,0,0,0,0,0,0,0,0,0,0,0,0,0,0,0,0,0,0,0,0,0,0,0,0,0,0,0
"462e7271eadc14fcbbd7f4fda8ca193a",0.0496017273072098,0,0,0,0,0,0,0,0,0,0,0,0,0,0,0,0,0,0,0,0,0,0,0,0,0,0,0,0
"868a2dd217365ddd6d6ab64d48aeed4a",0.0580897234239515,0.352909949731323,0.239068656508246,0.127430277433918,0.167020953537807,0,0.200250109955146,0.094453984482777,0.0214828539971535,0.0139347810022486,0.00844761073409737,0,0.00200089640158791,0,0.00249629122446651,0.0176541204717181,0.0107785334727357,0.0110702128248416,0.0101507670878295,0,0,0,0,0.00531644957830889,0.00814428571705588,0,0.00490599480914098,0,0
"4da01f6a9301d3de80e048625f9d352a",0,0,0,0,0,0,0,0,0,0,0,0,0,0,0,0,0,0,0,0,0,0,0.000777455853465121,0,0,0,0,0,0
"e95282c3197d4315d84f31d177642c58",0.103977952430087,0,0,0,0,0,0,0,0,0,0,0,0,0,0,0,0,0,0,0,0,0,0,0,0,0,0,0,0
"c05932b0e9b0bcf5f076c8971c6bab60",1.1076834932348,0.00135422083550009,0,0,0,0,0,0,0,0,0,0,0,0,0,0,0,0,0,0,0,0,0,0,0,0,0,0,0
"3133e9e795b0c90e4bcd8791956042d1",0.0551719747588215,0,0,0,0,0,0,0,0,0,0,0,0,0,0,0,0,0,0,0,0,0,0,0,0,0,0,0,0
"ad2e05a74003003b855aee86cdc921fd",0.0230767394423917,0,0,0,0,0,0,0,0,0,0,0,0,0,0,0,0,0,0,0,0,0,0,0,0,0,0,0,0
"fcf151e90a9e26826087929c8e6cf412",0.019097991262669,0,0,0,0,0,0,0,0,0,0,0,0,0,0,0,0,0,0,0,0,0,0,0,0,0,0,0,0
"38bf20edfc69975afa1d93d5f2c8598a",0.0183022416267245,0,0,0,0,0,0,0,0,0,0,0,0,0,0,0,0,0,0,0,0,0,0,0,0,0,0,0,0
"deac35bb9d47f67965b800fa6c414dea",0.051458476457747,0,0,0,0,0,0,0,0,0,0,0,0,0,0,0,0,0,0,0,0,0,0,0,0,0,0,0,0
"c4a4b8a9db0c109cc7146c7c64f10b79",0.00901849587403814,0,0,0,0,0,0,0,0,0,0,0,0,0,0,0,0,0,0,0,0,0,0,0,0,0,0,0,0
"69dee006368ff49af541d111152b40c6",0,0.0276261050442018,0.113323337633809,0.071667554526745,0.0354286871140804,0,0.0833024242829607,0.141300727189211,0.0698192754907489,0.040537544733814,0.0337904429363895,0.0135611608353675,0.0120053784095275,0.00957609805924413,0.00427935638479973,0,0.00269463336818392,0.00553510641242078,0.00281965752439709,0,0,0,0,0,0,0,0,0,0
"9c4d55fa490cfb3be28c93ed90a4859d",0,0.0181465591957012,0.0128578402315283,0.00249111820547509,0.0050612410162972,0,0.00222950527277997,0.000760499069909638,0,0,0,0,0.00140062748111154,0,0,0,0,0,0.00140982876219854,0,0,0,0.00155491170693024,0.00169159759309828,0.00155129251753445,0,0.000791289485345319,0,0
"f20c6c1ebf09a1b98bf630fc9920e8b6",0,0,0,0.0206954435531777,0,0,0.00425632824803449,0.00365039553556626,0,0.00105566522744307,0,0,0,0,0,0,0,0,0,0,0,0,0,0,0,0,0,0,0
"67df1ba56f33792e8b9f614d5c2ccec0",0.00185674915053726,0,0,0,0,0,0,0,0,0,0,0,0,0,0,0,0,0,0,0,0,0,0,0,0,0,0,0,0
"8dde56a6b6263c9ff1d677c7a17456ec",0,0.0078544808459005,0.00631995536803933,0,0,0,0,0,0,0,0,0,0,0,0,0,0,0,0,0,0,0,0,0,0,0,0,0,0
"251d66e77274e5b7d1eaf61e407f04b8",0.00689649684485269,0,0,0,0,0,0,0,0,0,0,0,0,0,0,0,0,0,0,0,0,0,0,0,0,0,0,0,0
"01b5383db868117f04bfd197603f736b",0.158088927674316,0,0,0,0,0,0,0,0,0,0,0,0,0,0,0,0,0,0,0,0,0,0,0,0,0,0,0,0
"643242de6c8b6447dd4187d002a08beb",0.0111404949032236,0,0,0,0,0,0,0,0,0,0,0,0,0,0,0,0,0,0,0,0,0,0,0,0,0,0,0,0
"5177bd1019c0a59f8762ecb3f683babd",0.0222809898064472,0,0,0,0,0,0,0,0,0,0,0,0,0,0,0,0,0,0,0,0,0,0,0,0,0,0,0,0
"1ff5beccb7eb535d2fdcc1c7ce513ea5",0.00318299854377817,0,0,0,0,0,0,0,0,0,0,0,0,0,0,0,0,0,0,0,0,0,0,0,0,0,0,0,0
"2db5ad6c3ba987db0d8d5ff958a3cf38",0.00265249878648181,0,0,0,0,0,0,0,0,0,0,0,0,0,0,0,0,0,0,0,0,0,0,0,0,0,0,0,0
"5d2bad7a7fe74a8b6a564a94eb9f0050",0.00901849587403814,0,0,0,0,0,0,0,0,0,0,0,0,0,0,0,0,0,0,0,0,0,0,0,0,0,0,0,0
"e8d0c712ad2ea5d27abd8b1e23eb6f7a",0.0177717418694281,0,0,0,0,0,0,0,0,0,0,0,0,0,0,0,0,0,0,0,0,0,0,0,0,0,0,0,0
"0bd4e9e692a18c6de4c1679291a3595a",0,0,0,0,0,0,0,0,0,0,0,0,0,0,0,0,0.00215570669454714,0,0,0,0,0,0,0,0,0,0,0,0
"0a25bdc3567a1af9c215a6efaf816439",0,0,0,0.00651523222970409,0,0,0.00871533879359443,0.0159704804681024,0.042965707994307,0.0152015792751803,0,0,0.0090040338071456,0,0,0,0,0,0.00620324655367359,0,0,0.00400711485504262,0.019436396336628,0.011841183151688,0.00736863945828865,0,0.00981198961828195,0,0
"b0c74390aa5ac540757eb2256575019e",0,0,0,0,0,0,0.0054724220331872,0.0180998778638494,0,0.0149904462296916,0,0,0.00600268920476373,0,0,0,0,0,0,0,0,0.00601067228256393,0.0215096119458683,0.0173992895290109,0.0087260204111313,0.0243842965130456,0.0137684370450085,0,0
"f9a66a17b5f9dce559c28ff645d872b3",0,0,0,0,0,0,0,0,0,0,0,0,0,0,0,0,0.00538926673636785,0,0,0,0,0,0,0,0,0,0,0,0
"cae0d3b0980184e9483154fe9b393493",0,0,0,0,0,0,0,0.00730079107113252,0,0,0,0,0,0,0.0057058085130663,0,0,0,0,0,0,0,0,0,0,0,0,0,0
"34646d0e803268c026a7c33066998a77",0,0,0,0.00574873432032714,0,0,0.00182414067772907,0.00197729758176506,0,0,0,0,0,0,0,0,0,0,0,0,0,0,0,0,0,0,0,0,0
"6c75ae436af6e5a1e5b5cdec03d1fd65",0.0488059776712652,0,0,0,0,0,0,0,0,0,0,0,0,0,0,0,0,0,0,0,0,0,0,0,0,0,0,0,0
"39cac4a36166865b44a1420c2bd4569a",0.00212199902918544,0,0,0,0,0,0,0,0,0,0,0,0,0,0,0,0,0,0,0,0,0,0,0,0,0,0,0,0
"b2df4752917d048ab824271c02ad68aa",0.00769224648079724,0,0,0,0,0,0,0,0,0,0,0,0,0,0,0,0,0,0,0,0,0,0,0,0,0,0,0,0
"2b7ce440bd256b23d5e09f40e46698ad",0.0148539932042981,0,0,0,0,0,0,0,0,0,0,0,0,0,0,0,0,0,0,0,0,0,0,0,0,0,0,0,0
"36b82f7fb6bdcaa65e306b9207786c52",0,0,0,0,0,0.0246449585656634,0,0,0,0,0,0,0,0,0,0,0,0,0,0,0,0,0,0,0,0,0,0,0
"b544934712491c579a6fc0437ffdeeca",0.00530499757296361,0,0,0,0,0,0,0,0,0,0,0,0,0,0,0,0,0,0,0,0,0,0,0,0,0,0,0,0
"133665f9942b3d081efe500725f373da",0.010344745267279,0,0,0,0,0.298820122608669,0,0,0,0,0,0,0,0,0,0,0,0,0,0,0,0,0,0,0,0,0,0,0
"48a7ab8e593ebe5f41034be027c6be7e",0.00185674915053726,0,0,0,0,0,0,0,0,0,0,0,0,0,0,0,0,0,0,0,0,0,0,0,0,0,0,0,0
"a489f58a63d2317f6ff094edb3fbd55d",0,0,0,0,0,0,0,0.0232712715392349,0.0913021294879025,0.0280806950499857,0,0,0.00960430272762198,0,0,0,0,0,0,0,0,0,0,0,0,0,0,0,0
"e11faaea7fe3b63b13f607b41aea228a",0,0,0,0,0,0,0.00121609378515271,0.000152099813981928,0,0,0,0,0,0,0.00427935638479973,0,0.00269463336818392,0,0.00112786300975883,0,0,0,0,0,0,0,0,0,0
"dee648358426ec8050d91246a7da2777",0.00318299854377817,0,0,0,0,0,0,0,0,0,0,0,0,0,0,0,0,0,0,0,0,0,0,0,0,0,0,0,0
"d580dfb68684d8bcb4505d85be36a809",0.00106099951459272,0,0,0,0,0,0,0,0,0,0,0,0,0,0,0,0,0,0,0,0,0,0,0,0,0,0,0,0
"7cb6fb83dfd9725a45a012db687900e1",0,0,0,0,0,0,0,0,0,0,0,0,0.00180080676142912,0,0,0,0,0,0,0,0,0,0,0,0,0,0,0,0
"705d47705664e0e9d6dd0e670d8c2081",0,0,0,0,0,0,0,0,0,0,0,0,0,0,0,0,0.000538926673636785,0,0,0,0,0,0,0,0,0,0,0,0
"b757c414a3bc227758c09624ca177986",0,0,0,0.0705178076626796,0,0,0.0143904431243071,0.014753681956247,0,0.00422266090977229,0,0,0.0270121014214368,0,0.0213967819239986,0.116517195113339,0.0625154941418671,0,0.0200195684232193,0.040343853769047,0,0.00378449736309581,0.0204730041412482,0.0159493487349267,0,0,0,0,0
"4c62fcc88574e3048ef99a712966bec2",0,0.00325013000520021,0.00370480142264375,0,0.103755440834093,0,0,0,0,0,0,0,0,0,0,0,0,0,0,0,0,0,0,0,0,0,0,0,0
"dbb33c04baa39aa2036f66ac54d07dac",0,0,0,0.0174378274383257,0,0,0.00567510433071265,0.00562769311733132,0,0.00190019740939753,0,0,0,0,0,0,0,0,0,0,0,0,0,0,0,0,0,0,0
"014f2ae2bd69cc0ab8e5ee1ca2963a01",0,0.000270844167100017,0.000217929495449632,0,0,0,0,0,0,0,0,0,0,0,0.00142645212826658,0,0,0,0.000281965752439709,0,0,0.000222617491946812,0.0012957597557752,0.00144994079408424,0,0,0,0,0
"b42de67c23c492ca5f7c49025c6364a4",0,0,0,0,0,0,0,0.00060839925592771,0,0.00168906436390892,0,0,0.00320143424254066,0,0,0,0,0,0,0,0,0,0,0,0,0,0,0,0
"07d5f956dc0652fbd2d22ea90b1bb136",0,0.00704194834460045,0.0224467380313121,0.0440736297891747,0.0708573742281607,0,0.00425632824803449,0,0,0,0,0,0,0,0,0,0,0,0.00394752053415592,0,0,0.00244879241141493,0,0,0,0,0,0,0
"d3f5664e0b0ff1d9e8c033e68287b955",0,0,0,0,0,0.0554511567727427,0,0,0,0,0,0,0,0,0,0,0,0,0,0,0,0,0,0,0,0,0,0,0
"449442ea32d59c45c20f49095f206f1d",0.0116709946605199,0,0,0,0,0,0,0,0,0,0,0,0,0,0,0,0,0,0,0,0,0,0,0,0,0,0,0,0
"117d3b82912eec34fc2dd0e5e32afe1f",0.00238724890783362,0,0,0,0,0,0,0,0,0,0,0,0,0,0,0,0,0,0,0,0,0,0,0,0,0,0,0,0
"0d1f62d4f2f7227766a17f0340567129",0,0,0,0,0,0.0492899171313268,0,0.0270737668887831,0.104728913236123,0.107466720153705,0.0591332751386816,0.0440737727149444,0.0406181969522346,0.0255362614913177,0.0271025904370649,0,0.0285631137027496,0.0415132980931558,0.0369375135696018,0,0.0220799293442261,0.0104630221215002,0.0349855134059304,0.0611391701505522,0.0409153401499712,0.030480370641307,0.0430461480027853,0.0336426588914744,0.0537685422399342
"309ef9fadf9d172db5a351628ad58102",0,0,0,0,0,0.040048057669203,0,0,0,0,0,0,0,0,0,0,0,0,0,0,0,0,0,0,0,0,0,0,0
"113b0d8ebf97fc5aba85fa06ecfdbb1a",0,0,0,0.862310148049071,0.182204676586699,0,0.240786569460237,0.606726157973909,0.641800263164961,0.168484170299914,0.0703967561174781,0.027122321670735,0.0244109360993725,0.0255362614913177,0.0103417779299327,0,0.0102396067990989,0.0138377660310519,0.00733110956343243,0,0,0.00467496733088306,0.00570134292541089,0.00724970397042121,0.00387823129383613,0,0.0017408368677597,0,0
"0ae59fc9a5ae0356656c682a2d34b696",0,0,0,0.0164797050516045,0,0,0,0,0,0,0,0,0,0,0,0,0,0,0,0,0,0,0,0,0,0,0,0,0
"015be9e29980c3340bc973769ffd53c5",0.0145887433256499,0,0,0,0,0,0,0,0,0,0,0,0,0,0,0,0,0,0,0,0,0,0,0,0,0,0,0,0
"5a66f8310ec63f2648ee84a8f03ed1d7",0,0,0,0,0,0.135547272111149,0,0,0,0,0,0,0,0,0,0,0,0,0,0,0,0,0,0,0,0,0,0,0
"2408d15abcd92d9248745e8e22ae502c",0,0,0,0.00268274268281933,0,0,0,0,0,0,0,0,0,0,0,0,0,0,0,0,0,0,0,0,0,0,0,0,0
"1449d53a8ab97ad249f2332b5bd012b9",0,0,0,0,0,0,0.00243218757030542,0.0033461959076024,0,0.00232246350037476,0,0,0.00420188244333461,0,0.00998516489786603,0.0141232963773745,0.00215570669454714,0,0.00733110956343243,0.0186202402010986,0,0,0.00181406365808528,0.00749136076943525,0.00504170068198697,0,0.000474773691207191,0,0
"8e0cade50e928f5f73e013c6321bc04c",0,0,0,0,0.0151837230488916,0,0,0,0,0,0,0,0,0,0,0,0,0,0,0,0,0,0,0,0,0,0,0,0
"81f8883a0b290b6dc7652309040b6ad2",0.000795749635944542,0,0,0,0,0,0,0,0,0,0,0,0,0,0,0,0,0,0,0,0,0,0,0,0,0,0,0,0
"40da09c73f84b20e7a882a02f485f1f3",0.0198937408986135,0,0,0,0,0,0,0,0,0,0,0,0,0,0,0,0,0,0,0,0,0,0,0,0,0,0,0,0
"e0987c7b47c2fb3b4638ebd7a04f69a0",0.0225462396850953,0,0,0,0,0,0,0,0,0,0,0,0,0,0,0,0,0,0,0,0,0,0,0,0,0,0,0,0
"2c4fdd0845cdde26dc7d98f576bb10e7",0.0774529645652687,0,0,0,0,0,0,0,0,0,0,0,0,0,0,0,0,0,0,0,0,0,0,0,0,0,0,0,0
"caa8c5625990aa1feeb77274cbfd7ffa",0.00557024745161179,0,0,0,0,0,0,0,0,0,0,0,0,0,0,0,0,0,0,0,0,0,0,0,0,0,0,0,0
"6ebabe5be540e1304e1262781c30bbe5",0,0,0,0,0,0,0,0.00197729758176506,0,0,0,0,0,0,0,0,0,0,0,0,0,0,0,0,0,0,0,0,0
"cb08126894ac0c8eeddc7b86d1ab1eb9",1.21829269263109,0.00270844167100017,0,0,0,0,0,0,0,0,0,0,0,0,0,0,0,0,0,0,0,0,0,0,0,0,0,0,0
"9dbf6f8ac7171f579caa23498080e7ea",0.00185674915053726,0,0,0,0,0,0,0,0,0,0,0,0,0,0,0,0,0,0,0,0,0,0,0,0,0,0,0,0
"7d537f12eaa3231c2c2b58b74901051c",0,0,0,0,0,0,0.380637354752799,0.273779665167469,0.0832460592389699,0.343302331964487,0.101371328809168,0.0678058041768375,0.0784351389422461,0.0319203268641471,0.0395840465593975,0.0176541204717181,0.0291020403763864,0.049815957711787,0.0180458081561414,0,0,0.00111308745973406,0.00492388707194576,0.00338319518619656,0.00193911564691807,0,0.00237386845603596,0,0.0126514217035139
"94c501c5d59dddbd80effa77dbceebe0",0,0,0,0,0,0.0123224792828317,0,0,0,0,0,0,0,0,0,0,0,0,0,0,0,0,0,0.012082839950702,0.00678690476421323,0.0182882223847842,0.00965373172121289,0.0168213294457372,0.00948856627763545
"dd0416fffbca05a27400d18805e182d9",0.00106099951459272,0,0,0,0,0,0,0,0,0,0,0,0,0,0,0,0,0,0,0,0,0,0,0,0,0,0,0,0
"ca3a67eb199d56c1472b1d1ae03a1060",0.000265249878648181,0,0,0,0,0,0,0,0,0,0,0,0,0,0,0,0,0,0,0,0,0,0,0,0,0,0,0,0
"4e4ca97fadb8b8e92470ccce2ff91460",0,0.0062294158433004,0.0113323337633809,0.146975974123031,0.0354286871140804,0,0.0293889331411905,0.0577979293131324,0.0241682107467977,0.00992325313796489,0,0,0.0108048405685747,0,0.00534919548099966,0,0,0,0.00845897257319126,0,0,0.003561879871149,0.00881116633927137,0.00700804717140717,0,0,0,0,0
"f847d5bbe9c5a3555db3988cfa1b838f",0,0,0,0.0548046005204521,0,0,0.00324291676040723,0.0103427873507711,0,0,0.253428322022921,0.0915378356387307,0.0564252785247791,0.0829928498467824,0.0174740385712655,0.0317774168490926,0.0156288735354668,0,0.0217113629378576,0,0.0176639434753809,0.0233748366544153,0.019177244385473,0.00894130156351949,0.00465387755260336,0,0.00158257897069064,0,0
"8aa84c2bb23089b38845d45b2f4742a7",0,0,0,0.00287436716016357,0,0,0.00466169284308539,0.0275300663307289,0,0.00675625745563567,0,0,0.0116051991292099,0,0,0,0.00485034006273106,0,0,0,0,0.00244879241141493,0.00285067146270544,0,0,0,0.00427296322086472,0,0
"43304902c7de62a1f0749eba6553c3cd",0,0,0,0,0,0,0,0,0,0,0,0,0,0,0,0,0,0,0,0,0,0,0.0012957597557752,0,0,0,0,0,0
"efe6fa9e73779825320958490553322f",0,0,0,0.00210786925078662,0,0,0.00729656271091627,0.0243359702371084,0,0.014779313184203,0.0168952214681947,0,0.00240107568190549,0,0,0,0.00323356004182071,0,0.00281965752439709,0,0,0.00244879241141493,0,0,0,0,0,0,0
"0fada6a77d06dfe158c61acabd5851a8",0,0,0,0,0,0,0,0,0,0,0,0,0,0,0,0,0,0,0,0,0,0,0,0,0,0,0.000633031588276255,0,0
"61786e38b934cbe33d5850a578a7ee22",0,0,0,0,0,0,0,0,0,0,0,0,0.00120053784095275,0,0,0,0.00161678002091035,0.0138377660310519,0.00479341779147505,0,0,0,0.0038872792673256,0.00507479277929485,0.00310258503506891,0,0.00221561055896689,0.0140177745381143,0
"a9639627b1b6650686b3f6a401ed7fb0",0.00212199902918544,0,0,0,0,0,0,0,0,0,0,0,0,0,0,0,0,0,0,0,0,0,0,0,0,0,0,0,0
"82520638c5842f94b7203788b78b3b92",0,0.00704194834460045,0.00370480142264375,0.0256776799641279,0,0,0.00466169284308539,0.0149057817702289,0.0187974972475093,0.00105566522744307,0,0,0.00160071712127033,0,0,0,0.00269463336818392,0,0,0,0,0,0,0,0,0,0.0017408368677597,0,0
"be487433602cc1a744160a86bd546e04",0,0,0,0,0,0,0.00101341148762726,0.000912598883891565,0,0,0,0,0,0,0,0,0,0,0,0,0,0,0,0,0,0,0,0,0
"290c53e2ab49cb54ec8f1c237184556f",0,0,0.000871717981798529,0,0,0,0,0,0,0,0,0,0,0,0,0,0,0,0,0,0,0,0,0,0,0,0,0,0
"201f8219b3baeb8ce71eb8de62e49ca7",0,0.00352097417230023,0,0.00364086506954052,0,0,0.00283755216535633,0.00547559330334939,0,0,0,0,0,0,0,0,0,0,0,0,0,0,0,0,0,0,0,0,0
"b8498affa9cf12cb08da6f51948f4a69",0,0,0.00414066041354301,0,0,0,0,0,0,0,0,0,0,0,0,0,0,0,0,0,0,0,0,0,0,0,0,0,0
"3ab8697f83c42bad86a043a8c84709e8",0,0,0,0.00249111820547509,0,0,0,0,0,0,0,0,0,0,0,0,0,0,0,0,0,0,0,0,0,0,0,0,0
"81385a8925798c49b489c89d07813225",0,0,0,0,0,0,0,0.00106469869787349,0,0,0,0,0,0,0,0,0,0,0,0,0,0,0,0,0,0,0,0,0
"25345b8ad2ecd33d152d19f3c03992b4",0,0,0,0.00498223641095019,0,0,0,0,0,0,0,0,0,0,0,0,0,0,0,0,0,0,0,0,0,0,0,0,0
"e1806d6548d68a507f9f9ba512a830ad",0,0,0,0,0,0,0,0.00228149720972891,0,0,0,0,0,0,0,0,0,0,0,0,0,0,0,0,0,0,0,0,0
"3f8f8630434452f6a8a5cd1693c5e5e3",0,0,0,0,0,0,0,0.00228149720972891,0.182604258975805,0.00844532181954459,0,0,0,0,0,0,0,0,0,0,0,0,0,0,0,0,0,0,0
"ea4234d46b05a73fb2775aca82c702a2",0,0.0195007800312012,0.00239722444994595,0.00364086506954052,0,0,0.00162145838020361,0.00182519776778313,0,0,0,0,0,0,0,0,0,0,0,0,0,0,0,0,0,0,0,0,0
"95c748a8d89d2bfe4aafcbd6070422a9",0,0,0,0.000383248954688476,0,0,0,0,0,0,0,0,0,0,0,0,0,0,0,0,0,0,0,0,0,0,0,0,0
"cfccd37229affa4484527db6a12d9caf",0.00159149927188908,0,0,0,0,0,0,0,0,0,0,0,0,0,0,0,0,0,0,0,0,0,0,0,0,0,0,0,0
"b6e342d9f4e409f24eea3859aa76e82a",0,0,0,0,0,0.0154030991035396,0,0,0,0.00886758791052182,0,0.0101708706265256,0.00540242028428736,0,0.00713226064133288,0.0317774168490926,0.0134731668409196,0,0.00902290407807068,0,0,0,0,0.00289988158816848,0.00271476190568529,0.0426725188978298,0.0231056529720833,0.0196248843533601,0.0537685422399342
"554322da276d032be7d7a759762865b9",0,0,0,0,0,0,0,0,0,0,0,0,0,0,0,0,0,0,0,0,0,0,0,0,0,0,0.0034816737355194,0,0
"f6b24a6816c87c1642b0b3ef07bfee78",0.0013262493932409,0,0,0,0,0,0,0,0,0,0,0,0,0,0,0,0,0,0,0,0,0,0,0,0,0,0,0,0
"3e09043820433588bf896d8e55bc1423",0,0.209091697001213,0.0612381882213466,0.00881472595783495,0,0,0.0168226306946125,0.0142973825143012,0,0.00485606004623814,0,0,0,0,0,0,0,0,0,0,0,0,0,0,0,0,0.000474773691207191,0,0
"61f3d4479c517d056179e27ae91cd284",0,0,0.0067558143589386,0.019354072211768,0,0,0.0237138288104779,0.0182519776778313,0.0107414269985768,0,0,0,0,0,0,0,0,0,0,0,0,0,0,0,0,0,0,0,0
"ef48b24d461ead26b22d8e442656ccc0",0,0.00595857167620038,0.0126399107360787,0.0218451904172431,0.0278368255896346,0,0.00162145838020361,0.00182519776778313,0,0,0,0,0,0,0.00606242154513294,0,0,0,0.0149441848793046,0,0,0.0126891970409683,0.0186589404831629,0.0215074551122496,0.00853210884643949,0.0182882223847842,0.00300690004431221,0,0
"7cdf5d7931b4f4bcf64b7de23217f933",0,0,0,0.0208870680305219,0,0,0.0135797139342053,0.00577979293131325,0,0,0.0112634809787965,0,0.0104046612882571,0.0255362614913177,0,0,0.00592819341000463,0,0,0,0,0,0,0,0,0,0,0,0
"cfdff1e1afc0bb96435226f40e8031fa",0.0013262493932409,0,0,0,0,0,0,0,0,0,0,0,0,0,0,0,0,0,0,0,0,0,0,0,0,0,0,0,0
"5f9e31928bbbb226bcdc275a060efc44",0.00212199902918544,0,0,0,0,0,0,0,0,0,0,0,0,0,0,0,0,0,0,0,0,0,0,0,0,0,0,0,0
"c601bfcd6b08e128ae6dfdcdb48400ed",0.00238724890783362,0,0,0,0,0,0,0,0,0,0,0,0,0,0,0,0,0,0,0,0,0,0,0,0,0,0,0,0
"6ba11aa98436328c7d53c0b5db9dd2b0",0.0379307326466898,0,0,0,0,0,0,0,0,0,0,0,0,0,0,0,0,0,0,0,0,0,0,0,0,0,0,0,0
"dc34e8512b788fb682511c00370ee4c7",0,0,0,0,0,0,0,0,0,0,0,0,0.000600268920476373,0,0.00249629122446651,0,0.00377248671545749,0,0.0033835890292765,0,0,0,0,0,0,0,0,0,0
"2e8ba4a2f665cc3ad88530fc739b1f9c",0,0,0,0.00287436716016357,0,0.0739348756969902,0,0.00212939739574698,0,0.00295586263684061,0,0,0,0,0,0,0,0,0,0,0,0,0,0,0.00833819728174769,0,0.0207317845160474,0.0784995374134402,0.0632571085175697
"f8ba6a00faad1caa37ba09c412d78536",0,0,0,0,0,0.117063553186901,0,0,0,0,0,0,0,0,0,0,0,0,0,0,0,0,0,0,0,0,0,0,0
"ce276cbd3807bfb56527ce267d0b60e0",0,0,0,0,0,0.040048057669203,0,0,0,0,0,0,0,0,0,0,0,0,0,0,0,0,0,0,0,0,0,0,0
"9c245301ea193d71d9c453f4e53f8f6d",0,0,0.000871717981798529,0,0,0,0,0,0,0,0,0,0,0,0,0,0,0,0,0,0,0,0,0,0,0,0,0,0
"d693c275c376753e40770f95ba69a9f9",0,0,0,0.0107309707312773,0,0,0,0.016883079351994,0.0349096377453745,0.0396930125518596,0.0281587024469912,0,0.0114051094890511,0,0.00427935638479973,0,0.0102396067990989,0,0.00535734929635446,0,0,0.00378449736309581,0.00647879877887601,0.00555810637732293,0.0525500340314796,0.0731528895391368,0.0680508957396974,0,0
"659d1fe872c9b31a9e0b81eef5ca6218",0,0,0,0.0176294519156699,0.00759186152444579,0,0.0058777866282381,0.0780272045727288,0.265850318214775,0.399674855109948,0.267507673246417,0.152563059397884,0.283326930464848,0.127681307456588,0.0763151888622618,0.074147305981216,0.0587430074264096,0.0359781916807351,0.080360239445317,0.0899978276386432,0.0353278869507618,0.039180678582639,0.0253968912131939,0.00990792875957565,0.0188094217751052,0,0.0240552003544977,0.0448568785219659,0.0474428313881772
"8b05c693d167b0c68f1316963744f122",0,0,0,0,0,0,0,0.0214460737714518,0.0751899889900373,0.101766127925512,0.0703967561174781,0,0.0532238442822384,0,0.0124814561223325,0,0.00916175345182534,0,0.0064852123061133,0,0,0.0122439620570747,0.00570134292541089,0.00314153838718252,0,0,0,0,0
"3521140a9abbfb1ed8d6be3ce25fa48b",0,0,0,0,0,0,0,0,0,0.000422266090977229,0,0,0,0,0,0,0,0,0,0,0,0,0,0,0,0,0,0,0
"37736c620442bdd78ddde3ea7451d314",0.00610074720890815,0,0,0,0,0,0,0,0,0,0,0,0,0,0,0,0,0,0,0,0,0,0,0,0,0,0,0,0
"57d80e7465d3924d85b75767855a3c4f",0.048540727792617,0,0,0,0,0,0,0,0,0,0,0,0,0,0,0,0,0,0,0,0,0,0,0,0,0,0,0,0
"29d5a1f45c97760080e874715394bcfe",0.160476176582149,0,0,0,0,0,0,0,0,0,0,0,0,0,0,0,0,0,0,0,0,0,0,0,0,0,0,0,0
"4ceda7391cbf9cebcf0484faad59687b",0.00424399805837089,0,0,0,0,0,0,0,0,0,0,0,0,0,0,0,0,0,0,0,0,0,0,0,0,0,0,0,0
"f254d2cc030e8a1ed05861537c4dfe86",0.000265249878648181,0,0,0,0,0,0,0,0,0,0,0,0,0,0,0,0,0,0,0,0,0,0,0,0,0,0,0,0
"a09579da0b2f87eae05c1c9886c4bfc7",0.0254639883502253,0,0,0,0,0,0,0,0,0,0,0,0,0,0,0,0,0,0,0,0,0,0,0,0,0,0,0,0
"99b7d01a509e8d23e7ea8ddc8c916745",0.00318299854377817,0,0,0,0,0,0,0,0,0,0,0,0,0,0,0,0,0,0,0,0,0,0,0,0,0,0,0,0
"c983ca27c4dffb6920f6059c696adbc2",0.00424399805837089,0,0,0,0,0,0,0,0,0,0,0,0,0,0,0,0,0,0,0,0,0,0,0,0,0,0,0,0
"6c5285812f71ed019e28402a38c1158a",0.00901849587403814,0,0,0,0,0,0,0,0,0,0,0,0,0,0,0,0,0,0,0,0,0,0,0,0,0,0,0,0
"d08086e2ae7f6779772be3242340f17a",0,0,0,0,0,0,0.000810729190101807,0.00106469869787349,0,0,0,0,0.000800358560635165,0,0,0,0,0,0,0,0,0,0,0,0,0,0,0,0
"d892477defe0f9cdd8909406acda6427",0.00238724890783362,0,0,0,0,0,0,0,0,0,0,0,0,0,0,0,0,0,0,0,0,0,0,0,0,0,0,0,0
"54cf58358cfa82b7dc7956916adbaf7e",0,0.0016250650026001,0,0,0,0,0,0,0,0.000633399136465844,0,0,0,0,0,0,0,0,0,0,0,0,0,0,0,0,0,0,0
"7b28257e7072537ea4bb77e10e2333cc",0.00265249878648181,0,0,0,0,0,0,0,0,0,0,0,0,0,0,0,0,0,0,0,0,0,0,0,0,0,0,0,0
"fd363796f24ad824b1a025860c3acb40",0.0082227462380936,0,0,0,0,0,0,0,0,0,0,0,0,0,0,0,0,0,0,0,0,0,0,0,0,0,0,0,0
"194253bf7725522741f6f5467928510d",0,0.0427933784018027,0.0163447121587224,0.008048228048458,0.0354286871140804,0,0.00121609378515271,0,0,0,0,0,0,0,0,0,0,0,0,0,0,0,0,0,0,0,0,0,0
"2afb474b8a2ab64685b85624763d2186",0,0.0184174033628012,0.0100247567906831,0,0,0,0,0,0,0,0,0,0,0,0,0,0,0,0,0,0,0,0,0,0,0,0,0,0
"8e411053229e1cc8814cc8c0d1989251",0,0,0,0,0,0,0,0,0,0,0,0,0,0,0,0,0,0,0.0124064931073472,0,0,0,0,0,0,0,0,0,0
"8cc2a5a7c712bb71836060897190bb02",0.0013262493932409,0,0,0,0,0,0,0,0,0,0,0,0,0,0,0,0,0,0,0,0,0,0,0,0,0,0,0,0
"77e27d0665f7fb72b2b325641b3b95ea",0.00901849587403814,0,0,0,0,0,0,0,0,0,0,0,0,0,0,0,0,0,0,0,0,0,0,0,0,0,0,0,0
"f538d22fdb4f50b77253747c9f18ed18",0.0183022416267245,0,0,0,0,0,0,0,0,0,0,0,0,0,0,0,0,0,0,0,0,0,0,0,0,0,0,0,0
"839049ed2eabc492bfa76bca3e4f9075",0.0318299854377817,0,0,0,0,0,0,0,0,0,0,0,0,0,0,0,0,0,0,0,0,0,0,0,0,0,0,0,0
"73fc872cf74b23112d674efd5f773616",0.0108752450245754,0,0,0,0,0,0,0,0,0,0,0,0,0,0,0,0,0,0,0,0,0,0,0,0,0,0,0,0
"ce11bce162fe02427116266824ce6892",0.00212199902918544,0,0,0,0,0,0,0,0,0,0,0,0,0,0,0,0,0,0,0,0,0,0,0,0,0,0,0,0
"52b604057878bf8752f3a1b04785376f",0.00238724890783362,0,0,0,0,0,0,0,0,0,0,0,0,0,0,0,0,0,0,0,0,0,0,0,0,0,0,0,0
"5e1fc58ad48ef339ba354f5166b6a82f",0.0013262493932409,0,0,0,0,0,0,0,0,0,0,0,0,0,0,0,0,0,0,0,0,0,0,0,0,0,0,0,0
"6c533cace9e76e9de67e31e528bafa29",0.000795749635944542,0,0,0,0,0,0,0,0,0,0,0,0,0,0,0,0,0,0,0,0,0,0,0,0,0,0,0,0
"455800da158eb1acad1d1e9657b345d2",0.00901849587403814,0,0,0,0,0,0,0,0,0,0,0,0,0,0,0,0,0,0,0,0,0,0,0,0,0,0,0,0
"3bb8c91a23a86c8601f5dead53c7b241",0.101855953400901,0,0,0,0,0,0,0,0,0,0,0,0,0,0,0,0,0,0,0,0,0,0,0,0,0,0,0,0
"563814b59f2c0241d0cdec1b99b7f781",0.00848799611674178,0,0,0,0,0,0,0,0,0,0,0,0,0,0,0,0,0,0,0,0,0,0,0,0,0,0,0,0
"3890b069eb54ede0917072f32a071c12",0.00424399805837089,0,0,0,0,0,0,0,0,0,0,0,0,0,0,0,0,0,0,0,0,0,0,0,0,0,0,0,0
"e679135d9188dd08e7318e906ef29a80",0,0,0,0,0,0.0338868180277872,0,0,0,0,0,0,0,0,0,0,0,0,0,0,0,0,0,0,0,0,0,0,0
"08beb3b3788f0fb047aa7b0b035a64a6",0.00716174672350087,0,0,0,0,0,0,0,0,0,0,0,0,0,0,0,0,0,0,0,0,0,0,0,0,0,0,0,0
"7e87704cad17d9767ed0a558cf847a28",0.00318299854377817,0,0,0,0,0,0,0,0,0,0,0,0,0,0,0,0,0,0,0,0,0,0,0,0,0,0,0,0
"f86e4e85aad39b874e531be8848dcb97",0.00557024745161179,0,0,0,0,0,0,0,0,0,0,0,0,0,0,0,0,0,0,0,0,0,0,0,0,0,0,0,0
"2d2be8e2152e95e0f171c4b66568e6f9",0.00291774866512999,0,0,0,0,0,0,0,0,0,0,0,0,0,0,0,0,0,0,0,0,0,0,0,0,0,0,0,0
"d62995b61a683553373d223efcb7aeaf",0.00795749635944542,0,0,0,0,0,0,0,0,0,0,0,0,0,0,0,0,0,0,0,0,0,0,0,0,0,0,0,0
"56c837ac82a080a7d67309e345c7069b",0,0,0,0,0,0,0,0.00319409609362048,0,0,0,0,0,0,0,0,0,0,0,0,0,0,0,0,0,0,0,0,0
"fce18edf79b54a689065dd7c2dcc5def",0.00583549733025997,0,0,0,0,0,0,0,0,0,0,0,0,0,0,0,0,0,0,0,0,0,0,0,0,0,0,0,0
"fbb4d97e016a3fae74e1e3b81805e48e",0,0.0195007800312012,0.0224467380313121,0.0617030817048446,0.0936329588014981,0,0.0423606001828194,0.0298115635404578,0.0241682107467977,0.0356814846875759,0.0506856644045842,0,0.0340152388269945,0.0542645556690501,0.0356613032066644,0,0.0253295536609289,0,0.00676717805855301,0,0,0,0,0,0.00911384354051491,0,0.000949547382414383,0,0
"aa64c95548409d1e294cd29e20473af0",0,0,0,0.0122639665500312,0,0,0.00891802109111988,0,0,0,0,0,0,0,0,0,0,0,0,0,0,0,0,0,0,0,0,0,0
"206069e5a5041e6c7f39a4141aefdc19",0,0,0,0.161347809923848,0.313796943010426,0.0308061982070793,0.165186072483243,0.244576500882939,0.182604258975805,0.184741414802538,0.0844761073409737,0,0.00880394416698681,0,0.0199703297957321,0.0670856577925288,0.0210181402718346,0,0.020301534175659,0,0,0,0.00466473512079072,0.0205408279161934,0.0618577891366863,0.210314557425018,0.285813762106729,0.344837253637612,0.18660847012683
"93b2f6310a4ce172502298f06cf628cf",0,0.00677110417750043,0.0111144042679312,0.114974686406543,0,0,0.0263486986783087,0.0156662808401385,0,0.0101343861834535,0,0,0.00800358560635164,0,0,0,0,0,0,0,0,0,0,0,0,0,0,0,0
"5040d210b906c738569bf1c3505ad558",0,0.195007800312012,0.626765228913142,0.0224200638492759,0.202449640651888,0,0.0389150011248868,0.0438047464267951,0,0,0,0,0,0,0,0,0,0,0,0,0,0,0,0,0,0,0,0,0
"96081852258501d40fba8d2ddf0541ac",0,0,0,0,0,0,0,0,0,0,0,0,0,0,0,0,0,0.0138377660310519,0,0,0,0,0,0,0,0,0,0,0
"07aff16bdfb251a445d0583df066658e",0,0,0,0,0,0,0,0,0,0,0,0,0,0,0,0,0,0,0,0,0,0,0,0,0,0.0030480370641307,0,0,0
"cf9d6956cc5e9b057171f8ba480e6fbf",0,0.00270844167100017,0.0117681927542801,0,0,0,0,0,0,0,0,0,0,0,0.0164041994750656,0.0247157686604053,0.0210181402718346,0,0.0349637533025239,0.0279303603016479,0,0.0218165142107876,0.012698445606597,0.00894130156351949,0.00601125850544601,0,0.00696334747103881,0,0
"0c3fbf81fa504f4fc2603e504474a1bf",0,0,0,0,0,0,0,0,0,0,0,0,0,0,0,0,0,0,0,0,0,0,0,0,0,0,0.000791289485345319,0,0
"b9d27d1dc44fea66778479161f6ed7c6",0.0594159728171924,0,0,0,0,0.218724007270263,0,0,0,0,0,0,0,0,0,0,0,0,0,0,0,0,0,0,0,0,0,0,0
"f94941df072a2ce7df898dbbc4971c45",0.0082227462380936,0,0,0,0,0.083176735159114,0,0,0,0,0,0,0,0,0,0,0,0,0,0,0,0,0,0,0,0,0,0,0
"9711e5e56376fe411f8d9ca9e739c6f1",0,0,0,0.0473312459040268,0,0.0646930162348665,0.0897882578037752,0.060839925592771,0.0617632052418164,0.148215397933007,0.115450680032664,0.0305126118795769,0.040218017671917,0.0478804902962206,0.0499258244893301,0.0494315373208107,0.0371859404809382,0.0802590429801013,0.0332719587878856,0.0279303603016479,0.0309119010819165,0.00489758482282987,0.044833287549822,0.0594475725574539,0.0560404421959321,0.0457205559619605,0.0512755586503767,0.0588746530600802,0.0537685422399342
"36932f198f0d72739c13f82998a6364d",0,0,0,0,0,0,0.00405364595050904,0,0,0.00548945918270398,0,0,0,0,0,0,0,0,0,0,0,0,0,0,0.000193911564691807,0,0,0,0
"1f9a774f305c7b4db08dfe4db385aa4a",0,0,0,0,0,0,0,0.00501929386140361,0,0,0,0,0,0,0,0,0,0,0,0,0,0,0,0,0,0,0,0,0
"896d6a6108564a7d73a7114e2266891a",0,0,0,0.00823985252580224,0.0177143435570402,0,0.00364828135545813,0.00243359702371084,0,0,0,0,0,0,0,0,0,0,0,0,0,0,0,0,0,0,0,0,0
"e75112095b671ec01db52f4beeb04879",0.00318299854377817,0,0,0,0,0,0,0,0,0,0,0,0,0,0,0,0,0,0,0,0,0,0,0,0,0,0,0,0
"d42056f27a6c002a2241048c320f9aa8",0.00716174672350087,0,0,0,0,0,0,0,0,0,0,0,0,0,0,0,0,0,0,0,0,0,0,0,0,0,0,0,0
"a06dc300e94af80f18cdbc41795c4aa5",0,0,0,0,0,0.0184837189242476,0,0,0,0,0,0,0,0,0,0,0,0,0,0,0,0,0,0,0,0,0,0,0
"ebef4f7d86a3b71b870100599f233ff8",0,0.0400849367308026,0.0213570905540639,0.0502056130641904,0.113877922866687,0,0.0962740913245896,0.0786356038286565,0.0268535674964419,0.00738965659210151,0,0,0,0,0,0,0,0,0,0,0,0,0,0,0,0,0,0,0
"eaa037ee5d32a43f07a4cbfaf7080884",0.00291774866512999,0,0,0,0,0,0,0,0,0,0,0,0,0,0,0,0,0,0,0,0,0,0,0,0,0,0,0,0
"b78bdac2d66434f67db2a71b6f893639",0.235807142118232,0,0,0,0,0.65309140199008,0,0,0,0,0,0,0,0,0,0,0,0,0,0,0,0,0,0,0,0,0,0,0
"2a259a83523139e7d1a7dbd894e2ae4d",0,0,0,0,0,0,0,0,0,0,0,0,0,0,0,0,0,0,0,0,0,0,0,0,0,0,0.00142432107362157,0,0
"42bdb37eaf4585993d2dadc410341bfc",0,0,0,0.00287436716016357,0,0,0,0,0,0,0,0,0,0,0,0,0,0,0,0,0,0.0151379894523832,0.0220279158481784,0.0173992895290109,0.00717472789359685,0,0.0216813318984617,0,0
"712f87f5d819a247fd620da2e5d1ba23",0,0,0,0,0,0,0,0,0,0,0,0,0,0,0.00463596941686637,0,0,0,0,0,0,0,0,0,0,0,0.0256377793251883,0,0
"7e19fffce24aab1692689a26dff5f328",0,0,0,0.00191624477344238,0,0,0.00324291676040723,0.00304199627963855,0,0.00316699568232922,0,0,0,0,0,0,0,0,0.0064852123061133,0,0,0,0,0,0,0,0,0,0
"742bfc36f3a40d87bc080ab54fdf0b05",0.00212199902918544,0,0,0,0,0,0,0,0,0,0,0,0,0,0,0,0,0,0,0,0,0,0,0,0,0,0,0,0
"c2d746ce5aed150d6696eed8143ec2c7",0,0,0,0,0,0,0,0,0,0,0,0,0,0,0,0,0,0,0,0,0,0,0.0114026858508218,0.0229573959063338,0.0147372789165773,0,0.012344115971387,0,0
"60afbfee9ee6fb92816d66611d1ffb57",0,0,0,0,0,0,0,0,0,0,0,0,0,0,0,0,0,0,0,0,0,0,0,0,0.00853210884643949,0,0,0,0
"85b80813a3be5e162f462e085b709b85",0,0,0,0,0,0,0,0,0,0,0,0,0.00840376488666923,0,0.00320951728859979,0,0,0,0.00592128080123388,0,0,0.00311664488725537,0.00932947024158145,0.0111162127546459,0.0137677210931183,0,0.0305437741343293,0.0756959825058174,0.091722807350476
"44e8289188f3e0139151462805c84f90",0,0,0.000871717981798529,0,0,0,0.00162145838020361,0.000760499069909638,0,0,0,0,0,0,0,0,0,0,0,0,0,0,0,0,0,0,0,0,0
"de81a26ccacc05d41aeda73937929a7e",0,0.0105629225169007,0.00501237839534154,0.00095812238672119,0.025306205081486,0,0,0,0,0,0,0,0,0,0,0,0,0,0,0,0,0,0,0,0,0,0,0,0
"870ed496f1d2c0a854ad1f59b3df7224",0.00212199902918544,0,0,0,0,0,0,0,0,0,0,0,0,0,0,0,0,0,0,0,0,0,0,0,0,0,0,0,0
"3ab282a70cea4c1440512ab7820c4cad",0.0167107423548354,0,0,0,0,0,0,0,0,0,0,0,0,0,0,0,0,0,0,0,0,0,0,0,0,0,0,0,0
"88811f3c000a695490dfaba4702345a6",0.00450924793701907,0,0,0,0,0,0,0,0,0,0,0,0,0,0,0,0,0,0,0,0,0,0,0,0,0,0,0,0
"6ba96f5208b35a9fa58a1e50271ece5c",0.0737394662641942,0,0.000871717981798529,0,0,0,0,0,0,0,0,0,0,0,0,0,0,0,0,0,0,0,0,0,0,0,0,0,0
"137dec98118422e728bd109bffafd4bb",0.00583549733025997,0,0,0,0,0,0,0,0,0,0,0,0,0,0,0,0,0,0,0,0,0,0,0,0,0,0,0,0
"1be424347c91d4aef0664f5e7d157c32",0,0.00758363667880048,0.00719167334983786,0.00095812238672119,0,0,0.0113502086614253,0.0077570905130783,0,0,0,0,0,0,0,0,0,0,0,0,0,0,0,0,0,0,0,0,0
"8d9e04bcb72dc816e2a95089bcea61eb",0,0,0,0,0,0,0,0,0,0,0,0,0,0,0.000713226064133288,0,0,0,0,0,0,0,0,0,0,0,0,0,0
"e7fedde48db99c6379c14aea36d0e5d2",0,0.00568772750910036,0.0104606157815823,0,0,0,0.00202682297525452,0.000760499069909638,0,0.000844532181954459,0,0,0.00120053784095275,0,0,0,0,0,0.0031016232768368,0,0,0,0,0.00410816558323868,0,0,0.00126606317655251,0,0
"e8a175a7e2f98b4c540ba8c39c2e16dc",0,0,0,0,0,0,0,0,0,0,0,0,0,0,0,0,0,0,0,0,0,0,0,0,0.00174520408222626,0,0,0,0
"426bda34df28a503259476e54950b730",0,0.00893785751430057,0.00261515394539559,0,0,0,0.000810729190101807,0.000456299441945783,0,0,0,0,0,0,0,0,0,0,0,0,0,0,0,0,0,0,0,0,0
"4caeeec76b63970fd73a62f3d9c522ef",0,0.00433350667360028,0,0,0,0,0,0,0,0,0,0,0,0,0,0,0,0,0,0,0,0,0,0,0,0,0,0,0
"47bb78bbb9b7eab1a487de7f1521ddd6",0,0,0,0.00785660357111376,0,0,0.00567510433071265,0.00836548976900601,0,0.00443379395526091,0,0,0.00480215136381099,0,0.00784548670546617,0,0.00215570669454714,0,0.00225572601951767,0,0,0.00111308745973406,0.00207321560924032,0.0036248519852106,0.00542952381137059,0,0.00633031588276255,0.0112142196304915,0.00948856627763545
"cf5a736328e34ae09ad43b76da30ed99",0.00344824842242635,0,0,0,0,0,0,0,0,0,0,0,0,0,0,0,0,0,0,0,0,0,0,0,0,0,0,0,0
"34b33ab6ae99c108b6016cac0502ea5c",0.00530499757296361,0,0,0,0,0,0,0,0,0,0,0,0,0,0,0,0,0,0,0,0,0,0,0,0,0,0,0,0
"c07ac7ffa60c0baeb47cea4cefaeeae4",0.00371349830107453,0,0,0,0,0,0,0,0,0,0,0,0,0,0,0,0,0,0,0,0,0,0,0,0,0,0,0,0
"5695cd2c25b48c99a4e5f409fc3f94ea",0.00265249878648181,0,0,0,0,0,0,0,0,0,0,0,0,0,0,0,0,0,0,0,0,0,0,0,0,0,0,0,0
"71759382cfc2547ea9f6f84a1c2bff86",0.00663124696620451,0,0,0,0,0.0246449585656634,0,0,0,0,0,0,0,0,0,0,0,0,0,0,0,0,0,0,0,0,0,0,0
"d2f6165d08abe7fc34cde6d0173b9a8a",0,0.0368348067256024,0.00653788486348896,0.00440736297891747,0,0,0.00425632824803449,0.00562769311733132,0,0.00422266090977229,0,0,0,0,0,0,0,0,0,0,0,0,0,0,0,0,0,0,0
"3273539459d13e139159461e38ba3987",0,0.00812532501300052,0.00435858990899264,0.032192912193832,0,0,0.00972875028122169,0.0136889832583735,0,0,0,0,0,0,0,0,0,0,0,0,0,0,0,0,0,0,0,0,0
"920fe236cb3d2ec76bfac976e7f3878f",0.00636599708755633,0,0,0,0,0.0677736360555744,0,0,0,0,0,0,0,0,0,0,0,0,0,0,0,0,0,0,0,0,0,0,0
"0112df9b91ee10ca73426db0de32571b",0,0,0,0,0,0,0,0,0,0,0,0,0,0,0,0,0,0,0,0,0,0,0,0,0,0.0030480370641307,0,0.0168213294457372,0.0126514217035139
"5631fe818e588992529f6071afc9cda5",0,0,0,0.257543297550656,0.0202449640651888,0,0.161132426532734,0.153468712307765,0.107414269985768,0.345413662419374,0.878551516346127,0.267832926498508,0.366764310411064,0.376659856996936,0.137296017345658,0.194195325188899,0.0873061211291592,0.0913292558049428,0.0324260615305665,0,0.0309119010819165,0.0120213445651279,0.00829286243696129,0,0,0,0,0,0
"ee14afe4571845779465f8dc9646c7b4",0,0.0119171433524008,0.00457651940444228,0.0203121945984892,0,0,0.0451981523481758,0.0473030421483795,0,0.0261804976405882,0,0,0.00600268920476373,0,0,0,0,0,0,0,0,0.0701245099632458,0.0658245955933802,0.0567893477682995,0.0316075850447645,0,0.0218395897955308,0,0
"53b91ed8941d63dc6bdcf622f25e3b10",0.0880629597111959,0,0,0,0,0.126305412649025,0,0,0,0,0,0,0,0,0,0,0,0,0,0,0,0,0,0,0,0,0,0,0
"fdbf76a389e7e1045f64dcd50696b8e7",0.038195982525338,0,0,0,0,0,0,0,0,0,0,0,0,0,0,0,0,0,0,0,0,0,0,0,0,0,0,0,0
"ba7f833e7c235bf589dd87a343592b6d",0.00291774866512999,0,0,0,0,0,0,0,0,0,0,0,0,0,0,0,0,0,0,0,0,0,0,0,0,0,0,0,0
"cead0ca51f97bc24bf11b1d1d12aee6e",0,0,0,0,0,0,0,0,0,0,0,0.027122321670735,0.0164073504930209,0,0.0256761383087984,0,0.0183235069036507,0,0.00874093832563097,0.0155168668342488,0,0.0309438313806069,0.0559768214494887,0.029965443077741,0.0164824829988036,0,0.0200987529277711,0,0.0253028434070279
"f1ebac6585a1d66aeb6238227f0db6be",0,0,0,0,0,0,0,0,0,0,0,0,0.00780349596619285,0,0.0174740385712655,0,0,0,0.0126884588597869,0,0.0264959152130713,0.0144701369765428,0.0404277043801863,0.0183659167250671,0.0137677210931183,0.0365764447695684,0.00965373172121289,0.0196248843533601,0
"5ccde7f0ad35d7a47123478dd67b2774",0.0228114895637435,0,0,0,0,0,0,0,0,0,0,0,0.0162072608528621,0,0.0128380691543992,0.0423698891321234,0.022634920292745,0.0193728724434727,0.00789504106831184,0,0,0.00267140990336175,0,0,0,0,0,0,0
"95efcfc5bf54e543b76173209e6ecfd9",0.0748004657787869,0,0,0,0,0.0492899171313268,0,0,0,0,0,0,0,0,0,0,0,0,0,0,0,0,0,0,0,0,0,0,0
"8c740d5ca21893b47c7619df1247c75d",0,0.145714161899809,0.0712629450120297,0.0191624477344238,0.0303674460977832,0.0646930162348665,0.0269567455708851,0.0220544730273795,0,0.00654512441014705,0,0,0.00600268920476373,0.0191521961184883,0.0139079082505991,0,0.00754497343091499,0,0.0109966643451486,0,0.0309119010819165,0.0133570495168087,0.0414643121848064,0.0553394069742152,0.035097993209217,0,0.019782237133633,0,0.0221399879811494
"7f9277d9d86c8f5634f47ff9ab0ce79d",0.00557024745161179,0,0,0,0,0,0,0,0,0,0,0,0,0,0,0,0,0,0,0,0,0,0,0,0,0,0,0,0
"66a4777d24bf1ea8d458266ff7f08cfd",0,0,0,0.00325761611485205,0,0,0,0,0,0,0,0,0,0,0,0,0,0,0,0,0,0,0,0,0,0,0,0,0
"01fa3a0ebc9793d48821043d2713ecfc",0.00159149927188908,0,0,0,0,0,0,0,0,0,0,0,0,0,0,0,0,0,0,0,0,0,0,0,0,0,0,0,0
"fc9125c17dc8e3db85b070f0c8457f7b",0.00424399805837089,0,0,0,0,0,0,0,0,0,0,0,0,0,0,0,0,0,0,0,0,0,0,0,0,0,0,0,0
"6322c84c5ee6585bf9973a931d8f279d",0,0.141380655226209,0.0204853725722654,0.121873167590935,0.111347302358538,0.0369674378484951,0.0486437514061084,0.0387854525653915,0.0671339187411048,0.066295776283425,0.067580885872779,0.0983184160564144,0.0504225893200154,0.1085291113381,0.109836813876526,0.0706164818868724,0.0711383209200556,0.0691888301552597,0.0473702464098711,0.0217236135679484,0,0.011798727073181,0.0051830390231008,0.029723786278727,0.0649603741717552,0.0213362594489149,0.034816737355194,0.0308391039838515,0.0600942530916912
"646c600381d6a1b866b50959f3dba7b2",0,0,0,0,0,0,0,0,0,0,0,0,0,0,0,0,0,0,0.000563931504879417,0,0,0,0,0,0,0,0,0,0
"9ccaa8cf8d7eeb8aafaae75175346f12",0.0209547404132063,0,0,0,0,0.23720772619451,0,0,0,0,0,0,0,0,0,0,0,0,0,0,0,0,0,0,0,0,0,0,0
"76a43b01e1b397fed9d963f273f17a59",0.0302384861658926,0,0,0,0,0.0492899171313268,0,0,0,0,0,0,0,0,0,0,0,0,0,0,0,0,0,0,0,0,0,0,0
"9fdc098a302d378b900fa3b00dea82a9",0.00610074720890815,0,0,0,0,0,0,0,0,0,0,0,0,0,0,0,0,0,0,0,0,0,0,0,0,0,0,0,0
"bfe46a9864ec737a588e92892776a12d",0.00238724890783362,0,0,0,0,0.0369674378484951,0,0,0,0,0,0,0,0,0,0,0,0,0,0,0,0,0,0,0,0,0,0,0
"5d5a00cbe740978e207ba76ea09857ce",0.00689649684485269,0,0,0,0,0,0,0,0,0,0,0,0,0,0,0,0,0,0,0,0,0,0,0,0,0,0,0,0
"234b81fb7fa91bcfef74c8511c07a219",0.0259944881075217,0,0,0,0,0,0,0,0,0,0,0,0,0,0,0,0,0,0,0,0,0,0,0,0,0,0,0,0
"2fb2d4e9cc91d9bb7c9d7cf06c1e013a",0.00371349830107453,0,0,0,0,0,0,0,0,0,0,0,0,0,0,0,0,0,0,0,0,0,0,0,0,0,0,0,0
"ae2245c2d637b8badfb1037f95ffd4f7",0.140317185804888,0,0,0,0,0.126305412649025,0,0,0,0,0,0,0,0,0,0,0,0,0,0,0,0,0,0,0,0,0,0,0
"88b268e25d1296042ab52fa61b7a42ac",0.00371349830107453,0,0,0,0,0,0,0,0,0,0,0,0,0,0,0,0,0,0,0,0,0,0,0,0,0,0,0,0
"9cf1aa88a0fc0c5655a20cd94313b748",0.0137929936897054,0,0,0,0,0.0985798342626536,0,0,0,0,0,0,0,0,0,0,0,0,0,0,0,0,0,0,0,0,0,0,0
"05771e0f1c5425fc486934e2beb87956",0.277716622944645,0,0,0,0,0.363513138843535,0,0,0,0,0,0,0,0,0,0,0,0,0,0,0,0,0,0,0,0,0,0,0
"2c90f641e92fddc8307a57cb745be2a3",0.000530499757296361,0,0,0,0,0,0,0,0,0,0,0,0,0,0,0,0,0,0,0,0,0,0,0,0,0,0,0,0
"c50549bb796bf96acbaec9906668844d",0.0013262493932409,0,0,0,0,0,0,0,0,0,0,0,0,0,0,0,0,0,0,0,0,0,0,0,0,0,0,0,0
"058f50a8bccf06f41d115822bdfe37fb",0.251722134837123,0,0,0,0,0.471334832568313,0,0,0,0,0,0,0,0,0,0,0,0,0,0,0,0,0,0,0,0,0,0,0
"9fd90ca5d6775c90e4e6e46e09b38313",0.0596812226958406,0,0,0,0,0.0616123964141585,0,0,0,0,0,0,0,0,0,0,0,0,0,0,0,0,0,0,0,0,0,0,0
"9c96f5d8a39fc651dd1265522f6dab70",0.00238724890783362,0,0,0,0,0,0,0,0,0,0,0,0,0,0,0,0,0,0,0,0,0,0,0,0,0,0,0,0
"99d2491ca9702e5053cb6e62d0349555",0.010344745267279,0,0,0,0,0.0123224792828317,0,0,0,0,0,0,0,0,0,0,0,0,0,0,0,0,0,0,0,0,0,0,0
"f8cdd28c7e5f4328a9275dc52a6f0920",0.00212199902918544,0,0,0,0,0,0,0,0,0,0,0,0,0,0,0,0,0,0,0,0,0,0,0,0,0,0,0,0
"f160f53c13a357273642507af54b4941",0.00159149927188908,0,0,0,0,0,0,0,0,0,0,0,0,0,0,0,0,0,0,0,0,0,0,0,0,0,0,0,0
"da066c0fbe0dcc118b4086184c3a4833",0,0.0130005200208008,0,0,0,0,0,0.0118637854905903,0,0,0,0,0,0,0,0,0.00538926673636785,0,0,0,0,0,0,0,0,0,0,0,0
"e8e82cf023a3abd684fe7e817acc9bf0",0,0.192570202808112,0.0778008298755187,0.503397501983313,0.731349326854945,0,0.380029307860222,0.393330118957264,0.126211767233277,0.101977260971001,0.0281587024469912,0,0.0100044820079396,0.022344228804903,0,0,0,0.0138377660310519,0.00112786300975883,0,0,0.000667852475840437,0,0,0,0,0,0,0
"c54b395391b209a66c6f285b4c84bb60",0,0,0,0,0,0,0,0,0,0,0,0,0,0,0,0,0,0,0,0,0,0,0,0.0012082839950702,0,0,0,0,0
"8610085898359abd9388c49fcfbbcb2a",0.0122014944178163,0,0,0,0,0,0,0,0,0,0,0,0,0,0,0,0,0,0,0,0,0,0,0,0,0,0,0,0
"0d0ce1c9fb76a8c707691b0f3a9f7a71",0.00450924793701907,0,0,0,0,0,0,0,0,0,0,0,0,0,0,0,0,0,0,0,0,0,0,0,0,0,0,0,0
"d7525471cb3f78ede0955ca2a32c1b66",0.00742699660214905,0,0,0,0,0,0,0,0,0,0,0,0,0,0,0,0,0,0,0,0,0,0,0,0,0,0,0,0
"02e5aa8b2279bb6d9eef1591c1bd5c44",0,0,0,0,0,0,0,0,0,0,0,0,0.00360161352285824,0,0,0,0,0,0,0,0,0,0,0,0,0,0.00379818952965753,0,0
"1ec11c735d1eb801372d246be26034d7",0,0.00379181833940024,0,0.0101560972992446,0,0,0.0109448440663744,0.00577979293131325,0,0,0,0,0,0,0,0,0,0,0,0,0,0,0,0,0,0,0,0,0
"5bbc3c6bf73384abdd1b82fd59da71f6",0,0,0,0,0,0,0,0.000304199627963855,0,0,0,0,0,0,0,0,0,0,0,0,0,0,0,0,0,0,0,0,0
"5ab9c9baf340ca93a35be10b4a5b294a",0,0.031417923383602,0.00523030789079117,0.0645774488650082,0,0,0.0606020069601101,0.0790919032706023,0.0241682107467977,0.0206910384578842,0.0197110917128939,0.0305126118795769,0.0160071712127033,0.022344228804903,0.0213967819239986,0.0176541204717181,0.0129342401672828,0,0.0031016232768368,0,0,0,0,0.000966627196056161,0,0,0,0,0
"caeb52da9a42b79671c85be97e7e6a89",0,0,0,0.0141802113234736,0,0,0.0113502086614253,0.0174914786079217,0,0,0,0,0,0,0,0,0,0,0,0,0,0,0,0,0,0,0,0,0
"b7fc3794868f7f88d0e074c92eff9e93",0,0,0,0.000574873432032714,0,0,0,0,0,0,0,0,0,0,0,0,0,0,0,0,0,0,0,0,0,0,0,0,0
"92c7d2d035c344ba43e756fcc909c99f",0.00344824842242635,0,0,0,0,0,0,0,0,0,0,0,0,0,0,0,0,0,0,0,0,0,0,0,0,0,0,0,0
"7dcd8f2c853c664b258593426d4590c3",0.00503974769431543,0,0,0,0,0,0,0,0,0,0,0,0,0,0,0,0,0,0,0,0,0,0,0,0,0,0,0,0
"f961fc7bc93cdc2692d05871d6ef0296",0,0,0.00392273091809338,0.00114974686406543,0,0,0,0.00152099813981928,0,0,0,0,0,0,0,0,0,0,0,0,0,0,0,0,0,0,0,0,0
"8d82d4342e7bd230b09dd20b8e775257",0,0,0,0,0,0,0,0,0,0,0,0,0,0,0,0,0,0,0,0,0,0,0,0,0,0,0.00316515794138128,0,0
"a52b829bf001efa256aeabe5472b2638",0.016180242597539,0,0,0,0,0,0,0,0,0,0,0,0,0,0,0,0,0,0,0,0,0,0,0,0,0,0,0,0
"8ac5f54f27077cc06871ba150e3e8ba6",0,0.00189590916970012,0,0,0,0,0,0,0,0,0,0,0,0,0,0,0,0,0,0,0,0,0,0,0,0,0,0,0
"ec6941975f4e1863852cf87b9af738b2",0.000530499757296361,0,0,0,0,0,0,0,0,0,0,0,0,0,0,0,0,0,0,0,0,0,0,0,0,0,0,0,0
"82027df46b4cddd4d7136ccfaa25a19f",0,0,0,0.00421573850157324,0,0,0.0176333598847143,0.0133847836304096,0,0,0,0,0,0,0,0,0,0,0,0,0,0,0,0,0,0,0,0,0
"5123dd9ee5dd0ff1f650715fceb6a18b",0,0,0,0,0,0,0,0,0,0.00380039481879506,0,0,0,0,0,0,0,0,0,0,0,0,0,0,0,0,0,0,0
"f23be2076b7f3e2088503d4841c51f06",0,0,0,0.185109245114534,0,0,0.0269567455708851,0.0495845393581084,0.24973817771691,0.0162572445026233,0.0366063131810886,0.0305126118795769,0.0136060955307978,0.0127681307456588,0.00392274335273308,0,0,0,0.000845897257319126,0,0,0,0,0,0,0,0,0,0
"e7bd1f4dd4c53b791df0120ff747defe",0,0,0,0,0,0.0585317765934506,0,0,0,0,0,0,0,0,0,0,0,0,0,0,0,0,0,0,0,0,0,0,0
"6aa300d5323cbf75dc53cec3e6acb87c",0,0,0,0.036217026218061,0,0,0.201668886037825,0.0368081549836265,3.04519455409651,6.20266661036452,13.0065046602653,0.654326010306482,0.334950057625816,0.823544433094995,0.0748887367339952,0.0812089541699033,0.0797611476982442,0.0525835109179974,0.0547013559733035,0.052757347236446,0,0.029608126428926,0.0342080575524653,0.0176409463280249,0.00465387755260336,0,0.00443122111793379,0,0
"aca43babf06d3410ce71cad5778ff102",0,0,0,0,0,0,0,0,0,0,0,0,0.0102045716480983,0,0.0442200159762638,0,0.0161678002091035,0,0,0,0,0,0.00570134292541089,0,0.0139616326578101,0.0548646671543526,0.0362410584288156,0.0224284392609829,0.0442799759622988
"f95801513925a658f6f017e67e77e9a0",0,0,0,0.0320012877164878,0,0,0.014795807719358,0.00699659144316866,0,0,0,0,0,0,0.0192571037315988,0,0,0,0,0,0,0,0,0,0,0,0,0,0
"0920f329b65647d14740b55a5052624d",0,0,0,0,0,0,0,0,0,0,0,0,0,0,0,0.0388390650377798,0,0,0.00479341779147505,0,0,0.00222617491946812,0,0.00193325439211232,0,0,0,0,0
"5a28be15a4c979b8be95e202442573ef",0,0,0,0,0,0.040048057669203,0,0,0,0,0,0,0,0,0,0,0,0,0,0,0,0,0,0,0,0,0,0,0
"fcd8078329db20068bbeac27ee0d9f62",0,0,0,0,0,0.123224792828317,0,0,0,0,0,0,0,0,0,0,0,0,0,0,0,0,0,0,0,0,0,0,0
"308aa3982d3c398eaae8efce7b0803f2",0.0663124696620451,0,0,0,0,1.40168201842211,0,0,0,0,0,0,0,0,0,0,0,0,0,0,0,0,0,0,0,0,0,0,0
"d301ae11d7d28ed99b28fdee9ef67ac4",0,0,0,0,0,0,0,0,0.0161121404978651,0.00105566522744307,0,0,0,0,0,0,0,0,0,0,0,0,0,0,0,0,0,0,0
"f687f9aecd37880d471fc69c13c4f256",0.0164454924761872,0,0,0,0,0,0,0,0,0,0,0,0,0,0,0,0,0,0,0,0,0,0,0,0,0,0,0,0
"eed6f7421ac20fcc38b04e2b10d5351a",0,0,0,0,0,0.0954992144419457,0,0,0,0,0,0,0,0,0,0,0,0,0,0,0,0,0,0,0,0,0,0,0
"3abb91a6f1d0a10fef3873be9c7c7149",0,0,0,0.000383248954688476,0,0,0,0,0,0,0,0,0,0,0,0,0,0,0,0,0,0,0,0,0,0,0,0,0
"9eee0b1e1482a3ec332f11704051bccb",0,0,0,0.000766497909376952,0,0,0,0,0,0,0,0,0,0,0,0,0,0,0,0,0,0,0,0,0,0,0,0,0
"05728a4572e292df51f34610249d4fa9",0,0,0,0.032192912193832,0.025306205081486,0,0.0447927877531249,0.088065792295536,0,0.00232246350037476,0,0,0,0,0,0,0,0,0,0,0,0,0,0,0,0,0,0,0
"b23666d941d0a07a15cb33ba4ffb1f5f",0,0,0,0.0109225952086216,0,0,0.0208762766451215,0.0346787575878795,0,0,0,0,0,0,0,0,0,0,0,0,0,0,0,0,0,0,0,0,0
"9418ffbc4dee96cca486adf8b5f5493d",0,0,0,0,0,0,0,0,0,0,0,0,0,0,0.0274592034691316,0,0,0,0.0177638424037016,0,0,0.01536060694433,0.0230645236527986,0.0258572774945023,0.0236572108924004,0,0.0120276001772488,0,0
"5fc0bb2c46108fbe285aee7f247ecd5a",0,0,0,0,0,0,0,0.00288989646565662,0,0,0,0,0,0,0,0,0,0,0,0,0,0,0,0,0,0,0,0,0
"37a9f9625f201b6e61c29ac09ec54683",0,0.345055468885422,0.516274974720179,3.8677484507161,3.3480109322806,0.440528634361233,2.30713259273222,3.18664320273536,1.37490265581783,1.2646869424768,0.323825078140399,0.386493083807974,0.216697080291971,0.344739530132789,0.925410818212941,2.87409081279571,1.15815342164545,0.797055323388592,1.41603200875222,3.50991527790708,2.52594391697947,0.991760926623048,1.1827695050716,1.59420990309562,1.51541887806647,1.50268227261644,1.56675318098373,1.58961563262216,2.28990732833602
"9ca522266700affe72ba707b3e043cd5",0,0,0,0,0,0,0,0,0,0.000844532181954459,0,0,0,0,0,0,0,0,0,0,0,0,0,0,0,0,0,0,0
"5e833ded530b3d037092d0691ec3589f",0,0.0487519500780031,0.0300742703720492,0.0272106757828818,0,0,0,0,0,0,0,0,0,0,0,0,0,0,0,0,0,0,0,0,0,0,0,0,0
"dcb31c0c036636a36840c1f3341898d9",0.0530499757296361,0.0143547408563009,0.0671222845984867,0.0260609289188164,0,0,0.0571564079021774,0.048215641032271,0,0,0,0,0,0,0,0,0,0,0,0,0,0,0,0,0,0,0,0,0
"6068fd60909c15a33c7dd6f3cf41a189",0,0.000270844167100017,0,0,0.0278368255896346,0,0.000810729190101807,0.00060839925592771,0,0.00253359654586338,0,0,0.00140062748111154,0,0.00320951728859979,0,0,0,0,0,0,0,0,0,0,0,0.00110780527948345,0,0
"ed583664a71759ab4da92119efb0df87",0.272411625371681,0,0,0,0,0,0,0,0,0,0,0,0,0,0,0,0,0,0,0,0,0,0,0,0,0,0,0,0
"0c9da253a23c96e308df82e07408f9f0",0.154110179494593,0,0,0,0,0,0,0,0,0,0,0,0,0,0,0,0,0,0,0,0,0,0,0,0,0,0,0,0
"7fea81a0fb9031b1aa53e4dcc0334bf4",0.0122014944178163,0,0,0,0,0,0,0,0,0,0,0,0,0,0,0,0,0,0,0,0,0,0,0,0,0,0,0,0
"87c488a6467b31c46a8e05912b6a0d09",0.00424399805837089,0,0,0,0,0,0,0,0,0,0,0,0,0,0,0,0,0,0,0,0,0,0,0,0,0,0,0,0
"b3b12b9ab4a7ba52db234d329bd0ff98",0.00291774866512999,0,0,0,0,0,0,0,0,0,0,0,0,0,0,0,0,0,0,0,0,0,0,0,0,0,0,0,0
"fe5ba29df5b7470530baf59c3368072e",0.00185674915053726,0,0,0,0,0,0,0,0,0,0,0,0,0,0,0,0,0,0,0,0,0,0,0,0,0,0,0,0
"c9d950f94a43988a7a62630fcbb17f09",0,0,0,0,0,0,0.000810729190101807,0,0,0,0,0,0,0,0,0,0,0,0,0,0,0,0,0,0,0,0,0,0
"668b3a3c495b62d0a11eee027108aeb5",0,0,0,0,0,0,0.000608046892576355,0,0,0,0,0,0,0,0,0,0,0,0,0,0,0,0,0,0,0,0,0,0
"59c3ac9deb1ea4fa232648b8f4b28a36",0,0,0.000435858990899264,0,0,0,0,0,0,0,0,0,0,0,0,0,0,0,0,0,0,0,0,0,0,0,0,0,0
"27f9f2f9ea4b00c85219ad536764faa1",0,0,0.000435858990899264,0,0,0,0,0,0,0,0,0,0,0,0,0,0,0,0,0,0,0,0,0,0,0,0,0,0
"c995fd3a6bbed38454cd050bc331deaa",0.00875324599538996,0,0,0,0,0,0,0,0,0,0,0,0,0,0,0,0,0,0,0,0,0,0,0,0,0,0,0,0
"ced3d95a776f5047eb0ab75ebeaa0555",0.0204242406559099,0,0,0,0,0,0,0,0,0,0,0,0,0,0,0,0,0,0,0,0,0,0,0,0,0,0,0,0
"1871e15a08fa2411512dc34595fb1958",0.00397874817972271,0,0,0,0,0,0,0,0,0,0,0,0,0,0,0,0,0,0,0,0,0,0,0,0,0,0,0,0
"1a78865d2083e443fbc5b19b0ea17fc5",0.00291774866512999,0,0,0,0,0,0,0,0,0,0,0,0,0,0,0,0,0,0,0,0,0,0,0,0,0,0,0,0
"7aaece58fc746f9480457f6056857dfe",0.119362445391681,0,0,0,0,0,0,0,0,0,0,0,0,0,0,0,0,0,0,0,0,0,0,0,0,0,0,0,0
"303f7af49ecdd12099842ae3af234567",0.00397874817972271,0,0,0,0,0,0,0,0,0,0,0,0,0,0,0,0,0,0,0,0,0,0,0,0,0,0,0,0
"05f1e3ae2775e34620e57edf62271d6d",0.00265249878648181,0,0,0,0,0,0,0,0,0,0,0,0,0,0,0,0,0,0,0,0,0,0,0,0,0,0,0,0
"dc960b31bf96a79c812f9e13fe5b26aa",0.00106099951459272,0,0,0,0,0,0,0,0,0,0,0,0,0,0,0,0,0,0,0,0,0,0,0,0,0,0,0,0
"f04944690d5cdfed3a6e59cfaa04ce13",0.0233419893210399,0,0,0,0,0,0,0,0,0,0,0,0,0,0,0,0,0,0,0,0,0,0,0,0,0,0,0,0
"64303da63d4474d55a0486a7f379c2ba",0.0469492285207279,0,0,0,0,0,0,0,0,0,0,0,0,0,0,0,0,0,0,0,0,0,0,0,0,0,0,0,0
"0f4a7eac09f580255faedbb1da343681",0.0135277438110572,0,0,0,0,0,0,0,0,0,0,0,0,0,0,0,0,0,0,0,0,0,0,0,0,0,0,0,0
"534be7183f24b21ccc3a792f5c7e5169",0.0164454924761872,0,0,0,0,0,0,0,0,0,0,0,0,0,0,0,0,0,0,0,0,0,0,0,0,0,0,0,0
"172049e46605909f99651e4d0efb8578",0.0013262493932409,0,0,0,0,0,0,0,0,0,0,0,0,0,0,0,0,0,0,0,0,0,0,0,0,0,0,0,0
"b0d26647a7f6153005ecd3ce5683ef89",0.0328909849523744,0,0.000871717981798529,0,0,0,0,0,0,0,0.0112634809787965,0,0.0150067230119093,0.00957609805924413,0.00534919548099966,0,0.00215570669454714,0,0,0,0,0,0,0,0,0,0,0,0
"ec0e92aa742633fb5445587841b0d4ae",0,0,0,0,0,0.0123224792828317,0,0,0,0,0,0,0,0,0,0,0,0,0,0,0,0,0,0,0,0,0,0,0
"4293552e270e9654178ff729c07282fd",0.0206894905345581,0,0,0,0,0,0,0,0,0,0,0,0,0,0,0,0,0,0,0,0,0,0,0,0,0,0,0,0
"79ba36cfcb1bdd16bc3aad97c47a1e6b",0,0,0.00261515394539559,0.0456066256079287,0.0177143435570402,0,0.00851265649606898,0.0155141810261566,0,0.00485606004623814,0,0,0.00200089640158791,0,0,0,0.00323356004182071,0,0.00169179451463825,0,0,0,0.0025915195115504,0,0,0,0.000949547382414383,0,0
"99a197229849c15140fc329cff0ccb90",0.00901849587403814,0,0.00980682729523345,0.00709010566173681,0,0,0.00385096365298358,0.0107990867927169,0,0.0107677853199193,0,0,0.00480215136381099,0,0.00356613032066644,0,0,0,0,0,0,0,0,0,0.00213302721160987,0,0.0052225106032791,0.0280355490762287,0.0253028434070279
"5a05b28cfb802977240bc925ee59d1fc",0.0153844929615945,0,0,0,0,0,0,0,0,0,0,0,0,0,0,0,0,0,0,0,0,0,0,0,0,0,0,0,0
"204059649d5553ccc15a44ccd09de89c",0.0204242406559099,0,0,0,0,0,0,0,0,0,0,0,0,0,0,0,0,0,0,0,0,0,0,0,0,0,0,0,0
"7a4591ecfb8de6241f36890cc9f78663",0.00371349830107453,0,0,0,0,0,0,0,0,0,0,0,0,0,0,0,0,0,0,0,0,0,0,0,0,0,0,0,0
"289c551826100c6df283e6a9e2050688",0.00397874817972271,0,0,0,0,0,0,0,0,0,0,0,0,0,0,0,0,0,0,0,0,0,0,0,0,0,0,0,0
"d2a7242dccc3b9a6c09d989ebfef37f4",0,0,0,0,0,0,0,0.00136889832583735,0,0,0,0,0,0,0,0,0,0,0,0,0,0,0,0,0,0,0,0,0
"1592babc98be7bdf1c3c62b4e1172c56",0.00636599708755633,0,0,0,0,0,0,0,0,0,0,0,0,0,0,0,0,0,0,0,0,0,0,0,0,0,0,0,0
"380c64674875dbcea485ba8f1ce26a6c",0,0,0.00980682729523345,0,0,0,0,0,0,0,0,0,0.00280125496222308,0,0.00356613032066644,0,0,0,0.0129704246122266,0.254476616081681,0.079487745639214,0.0191451043074259,0.012698445606597,0.00507479277929485,0.0126042517049674,0.0274323335771763,0.0109197948977654,0,0
"1cc1768ef69206b14a737c7b1e93c3d3",0.00212199902918544,0,0,0,0,0,0,0,0,0,0,0,0,0,0,0,0,0,0,0,0,0,0,0,0,0,0,0,0
"e16f67ce9c9a6f842af7e459ca1d6239",0,0,0,0,0,0,0,0,0,0,0,0,0,0,0,0.0388390650377798,0.0129342401672828,0,0,0,0,0,0,0,0,0,0,0,0
"9f6f938a15e4f288092b39efae6698de",0,0,0,0,0,0,0.00445901054555994,0,0,0,0,0,0,0,0,0,0,0,0,0,0,0,0,0,0,0,0,0,0
"61d14f45268668061628d7a7990641b2",0,0,0,0,0,0,0.0241191934055288,0.0900430898773011,0.0939874862375467,0.0333590211872011,0.0337904429363895,0,0.031614163145089,0.0191521961184883,0.00927193883373274,0,0.00754497343091499,0.0304430852683143,0.0163540136415031,0,0,0.00957255215371293,0.0217687638970234,0.0159493487349267,0.0114407823168166,0,0.00379818952965753,0,0
"0b242442423fe54f3e1fe7622100a61b",0.00716174672350087,0,0,0,0,0,0,0,0,0,0,0,0,0,0,0,0,0,0,0,0,0,0,0,0,0,0,0,0
"38a3ffa5451f10cb983f8d8acd0f7d3e",0.00344824842242635,0,0,0,0,0,0,0,0,0,0,0,0,0,0,0,0,0,0,0,0,0,0,0,0,0,0,0,0
"e4e59d9f49c532675b55e61340b2179e",0.0137929936897054,0,0,0,0,0,0,0,0,0,0,0,0,0,0,0,0,0,0,0,0,0,0,0,0,0,0,0,0
"42655605abb4cc7bd5f1be954adf23b0",0,0,0,0,0,0.0246449585656634,0,0.0129284841884638,0,0.0263916306860768,0.0591332751386816,0.142392188771359,0.041218465872711,0.11491317671093,0.180089581193655,0.137702139679401,0.114252454810998,0.130075000691888,0.0888192120185082,0.0465506005027465,0.039743872819607,0.0162510769121173,0.111435338996667,0.269205674101641,0.0517743877727124,0.109729334308705,0.0864088117997088,0.0560710981524573,0.0537685422399342
"8bf3a15fcb9d5db4fd6f5f1e60dbdd2f",0,0,0,0,0,0,0.00486437514061084,0.0033461959076024,0,0,0,0,0,0,0,0,0,0,0.0360916163122827,0,0,0,0.00544219097425584,0,0.00193911564691807,0,0,0,0
"cd74519f8627d952e9422b81ea695058",0.0135277438110572,0,0,0,0,0,0,0,0,0,0,0,0,0,0,0,0,0,0,0,0,0,0,0,0,0,0,0,0
"261ea1a5459096d6d6d7a6c03a0800ef",0.00424399805837089,0,0,0,0,0,0,0,0,0,0,0,0,0,0,0,0,0,0,0,0,0,0,0,0,0,0,0,0
"be3b9cc41eb5d6dd33c9f480048a62a9",0.00397874817972271,0,0,0,0,0,0,0,0,0,0,0,0,0,0,0,0,0,0,0,0,0,0,0,0,0,0,0,0
"b11163a4c83a6ea84645bfb8a390cc5c",0,0,0,0.00268274268281933,0,0,0.000405364595050904,0,0,0.00190019740939753,0,0,0.00200089640158791,0,0,0,0,0,0,0,0,0.000445234983893624,0,0,0,0,0,0,0
"457eed011dd636fe1362bcb7e5bbe22d",0.00557024745161179,0,0,0,0,0,0,0,0,0,0,0,0,0,0,0,0,0,0,0,0,0,0,0,0,0,0,0,0
"c1844c6164de67c2736932bcd1e94589",0,0,0,0,0,0,0,0,0,0,0,0,0.00260116532206428,0,0,0,0,0,0,0,0,0,0,0,0,0,0,0,0
"405dff4269ebcff0dbc2d5c0c63a1ee3",0,0,0,0,0,0,0,0,0,0.0282918280954744,0.909526089037817,0.186465961486303,0.234104878985786,0.239402451481103,0.0449332420403971,0.0635548336981852,0.0188624335772875,0,0.00930486983051039,0,0,0.00823684720203205,0.0121801417042869,0.00773301756844929,0.00193911564691807,0,0,0,0
"678452b1266654469afd6625a7ec25f5",0,0.138401369388109,0.132283203737927,0.0266358023508491,0,0,0.00749924500844172,0.00866968939696987,0,0,0,0,0,0,0.0128380691543992,0,0.00970068012546213,0,0.00817700682075155,0,0,0,0,0,0,0,0.00601380008862442,0,0
"4d974c10bc3f6eb4c9f44f3dd9696401",0,0,0.00958889779978381,0.00306599163750781,0,0,0.000810729190101807,0,0,0,0,0,0.00300134460238187,0,0,0,0.00269463336818392,0,0,0,0,0,0,0,0,0,0,0,0
"ad38e923c9aca989b782888445b843f9",0.019097991262669,0,0,0,0,0,0,0,0,0,0,0,0,0,0,0,0,0,0,0,0,0,0,0,0,0,0,0,0
"79e1085555941c59c02fe10d0db42b77",0.00318299854377817,0,0,0,0,0,0,0,0,0,0,0,0,0,0,0,0,0,0,0,0,0,0,0,0,0,0,0,0
"b9ca0e9ca6ba197607c2653e75d15261",0.0013262493932409,0,0,0,0,0,0,0,0,0,0,0,0,0,0,0,0,0,0,0,0,0,0,0,0,0,0,0,0
"bdc8f8a67a910d09965f2c9975bb00c8",0,0,0,0,0,0,0,0,0.0939874862375467,0.51812049362906,0.551910567961028,0.122050447518308,0.0712319118965297,0.127681307456588,0.0206835558598653,0,0.0140120935145564,0,0,0,0,0,0,0,0,0,0,0,0
"7bdb643584d385bedc3578796b996258",0,0,0,0,0,0,0,0,0,0.000422266090977229,0,0,0,0,0.000356613032066644,0.028246592754749,0,0.0221404256496831,0.00451145203903534,0,0,0.000667852475840437,0.00440558316963568,0,0,0,0,0,0
"b1cb97aa18b863512ee21e70268186ac",0.00265249878648181,0,0,0,0,0,0,0,0,0,0,0,0,0,0,0,0,0,0,0,0,0,0,0,0,0,0,0,0
"1149a5d0986a0fc3bf7a7a9057b0e033",0.00106099951459272,0,0,0,0,0,0,0,0,0,0,0,0,0,0,0,0,0,0,0,0,0,0,0,0,0,0,0,0
"f5f66763f2f22b0c3e7c6196abf30135",0,0,0,0,0,0,0,0,0,0,0,0,0,0,0,0,0,0,0,0,0,0,0,0,0,0,0.00142432107362157,0,0
"b1b1498a8ac17d5a79c894f70b0ff7c3",0.0533152256082843,0,0,0,0,0,0,0,0,0,0,0,0,0,0,0,0,0,0,0,0,0,0,0,0,0,0,0,0
"994cbca745448d2e1f61a6dbf89815e1",0,0,0,0,0,0.00616123964141585,0,0,0,0,0,0,0,0,0,0,0,0,0,0,0,0,0,0,0,0,0,0,0
"5e4fdda0c1bb85957202d1498f061aa8",0.00397874817972271,0,0,0,0,0,0,0,0,0,0,0,0,0,0,0,0,0,0,0,0,0,0,0,0,0,0,0,0
"63adbcb1936348ae36887abcd1e4af55",0,0,0.00130757697269779,0.00229949372813086,0,0,0.00162145838020361,0,0,0.00253359654586338,0,0,0.00200089640158791,0,0.00392274335273308,0,0,0,0.00845897257319126,0,0,0.00333926237920218,0.0168448768250776,0.00797467436746333,0.00950166666989853,0,0.00933721592707476,0,0
"cff8e2e801a0c5c478ebbe42363d2ee7",0.0435009800983016,0,0,0,0,0,0,0,0,0,0,0,0,0,0,0,0,0,0,0,0,0,0,0,0,0,0,0,0
"5645208dbd4272e443c0bfd58a60b9b9",0.0127319941751127,0,0,0,0,0,0,0,0,0,0,0,0,0,0,0,0,0,0,0,0,0,0,0,0,0,0,0,0
"ed6649e994acab681dffea4c57f04e88",0,0,0,0,0,0,0,0.00212939739574698,0,0,0,0,0,0,0,0,0,0,0,0,0,0,0,0,0,0,0,0,0
"be51b6808df10f395e8b458d9508ac69",0,0,0.000217929495449632,0,0,0,0,0,0,0,0,0,0.000200089640158791,0,0.000713226064133288,0,0.00269463336818392,0,0,0,0,0.000445234983893624,0.000777455853465121,0.000724970397042121,0,0.0091441111923921,0,0,0
"66d1691a5a4a3c86712b725c3dec36de",0,0,0,0,0,0,0.00162145838020361,0.00319409609362048,0,0,0,0,0,0,0,0,0,0,0,0,0,0,0,0,0,0,0,0,0
"f8eaa371a95b49c4c6842bbec4b4da5f",0,0,0,0,0,0,0,0,0,0,0,0,0,0,0,0,0,0,0,0,0,0,0,0.0012082839950702,0,0,0,0,0
"660f40fb879895aaa77f5058a5a1ddc5",0,0,0,0,0,0,0,0,0.0107414269985768,0,0,0,0,0,0,0,0,0,0,0,0,0,0,0,0,0,0,0,0
"9d172cf068d4eda0c6d68f5b9cc75a1e",0,0,0,0.0170545784836372,0,0,0.0129716670416289,0.00456299441945783,0,0,0,0,0,0,0,0,0,0,0,0,0,0,0,0,0,0,0,0,0
"26de1fff4ab68ef5ec24949c1a27d329",0,0,0.00348687192719411,0,0,0,0,0,0,0,0,0,0,0,0,0,0,0,0.00225572601951767,0,0,0,0,0,0.00174520408222626,0,0.00189909476482877,0,0
"7305b5dca9437b8fcb91780e932ab5b9",0,0,0,0,0,0.00616123964141585,0,0,0,0,0,0,0,0,0,0,0,0,0,0,0,0,0,0,0,0,0,0,0
"1d5bff435ad12cc1e038dc5444d157c0",0.00636599708755633,0,0,0,0,0,0,0,0,0,0,0,0,0,0,0,0,0,0,0,0,0,0,0,0,0,0,0,0
"b1dd093a530c4f323e45823253ee9e15",0,0,0,0,0,0,0,0,0,0.00464492700074952,0.0422380536704869,0,0.0132059162504802,0,0.0213967819239986,0,0,0,0,0,0,0,0.00881116633927137,0,0.0118286054462002,0,0.0113945685889726,0,0
"c287fac948d2152e5ef093dc4b9ea1c6",0,0.0111046108511007,0.0102426862861327,0.00536548536563866,0.0480817896548234,0,0,0,0,0,0,0,0,0,0,0,0,0,0,0,0,0,0,0,0,0,0,0,0
"ee4ac6545a6964811ec188369b533ff7",0,0.0116462991853007,0.0100247567906831,0,0,0,0,0,0,0,0,0,0.0194086950954027,0,0,0,0.0253295536609289,0,0,0,0,0,0,0,0,0,0,0,0
"ce8d585abe69c46ac0fba61726d046c5",0,0,0,0,0,0,0,0,0,0,0,0,0,0,0,0,0,0,0.00704914381099272,0.0155168668342488,0,0.0129118145329151,0.0313573860897599,0.00869964476450545,0.00504170068198697,0,0.00791289485345319,0,0
"c4c43c34cccdf1faffcd3c478db50fee",0.0551719747588215,0,0,0,0,0,0,0,0,0,0,0,0,0,0,0,0,0,0,0,0,0,0,0,0,0,0,0,0
"eed3ead2d719313207afd241a3e462ad",0.0172412421121317,0,0,0,0,0,0,0,0,0,0,0,0,0,0,0,0,0,0,0,0,0,0,0,0,0,0,0,0
"1fd28ae75bb3ec630b2de2e3430c8f1e",0.0137929936897054,0,0,0,0,0,0,0,0,0,0,0,0,0,0,0,0,0,0,0,0,0,0,0,0,0,0,0,0
"11504835fb7658d601b4ff78ac3173dc",0.00477449781566725,0,0,0,0,0,0,0,0,0,0,0,0,0,0,0,0,0,0,0,0,0,0,0,0,0,0,0,0
"7db5761404d6f5f4f0fc9b6e62aaa8a6",0.00344824842242635,0,0,0,0,0,0,0,0,0,0,0,0,0,0,0,0,0,0,0,0,0,0,0,0,0,0,0,0
"c5fd2a45a5ac6f49a4089d35044de207",0.0257292382288735,0,0,0,0,0,0,0,0,0,0,0,0,0,0,0,0,0,0,0,0,0,0,0,0,0,0,0,0
"eda24e48b8b611eab82f254d58d1148d",0.0013262493932409,0,0,0,0,0,0,0,0,0,0,0,0,0,0,0,0,0,0,0,0,0,0,0,0,0,0,0,0
"04a4d49b919c98986235493c3e4105f2",0.0013262493932409,0,0,0,0,0,0,0,0,0,0,0,0,0,0,0,0,0,0,0,0,0,0,0,0,0,0,0,0
"0bc59e74450baf62ec83784e80a61aa5",0.00663124696620451,0,0,0,0,0,0,0,0,0,0,0,0,0,0,0,0,0,0,0,0,0,0,0,0,0,0,0,0
"471ee7e3392aa06c75547eca0d50fdec",0.035278233860208,0,0,0,0,0,0,0,0,0,0,0,0,0,0,0,0,0,0,0,0,0,0,0,0,0,0,0,0
"b820d1c08e8e80b6e461af1ec76a9723",0.000795749635944542,0,0,0,0,0,0,0,0,0,0,0,0,0,0,0,0,0,0,0,0,0,0,0,0,0,0,0,0
"d0c18274fc6047611de8d214ecd9c885",0,0,0,0,0,0,0,0.00304199627963855,0,0,0,0,0,0,0,0,0,0,0,0,0,0,0,0,0,0,0,0,0
"345f44227d68af279027ac77b412b579",0,0,0.000653788486348896,0,0,0,0.000810729190101807,0,0,0,0,0,0,0,0,0,0,0,0,0,0,0,0,0,0,0,0,0,0
"66c7b79c2f08d329223a3f4b048a6b10",0.0302384861658926,0,0,0,0,0,0,0,0,0,0,0,0,0,0,0,0,0,0,0,0,0,0,0,0,0,0,0,0
"2b7920f905d876304aa83fc776cd91a4",0.0686997185698787,0,0,0,0,0,0,0,0,0,0,0,0,0,0,0,0,0,0,0,0,0,0,0,0,0,0,0,0
"6c1100199e34d8c526ed1a529ebd879f",0.00557024745161179,0,0,0,0,0,0,0,0,0,0,0,0,0,0,0,0,0,0,0,0,0,0,0,0,0,0,0,0
"5cf9be63b0ce8289c8ac73ac5162ad0b",0,0.0208550008667013,0.0244081034903588,0.0109225952086216,0.0303674460977832,0,0,0,0,0.00506719309172675,0,0,0,0,0,0,0,0,0,0,0,0,0,0,0,0,0,0,0
"dd34ba859b98a1d6bb3897c876d3b92d",0,0.015708961691801,0,0,0,0,0,0,0,0,0,0,0,0,0,0,0,0,0,0,0,0,0,0,0,0,0,0,0
"a5c98d8a8bd6084ce0b46c3c0e62b06e",0,0,0.00283308344084522,0,0,0,0,0,0,0,0,0,0,0,0,0,0,0,0,0,0,0,0,0,0,0,0,0,0
"212a34f4dcb9f9a8c0941fcf86f0e6bc",0,0.0108337666840007,0,0.00747335461642528,0,0,0.0135797139342053,0.0246401698650723,0.0214828539971535,0.00422266090977229,0,0,0,0,0,0,0,0,0,0,0,0,0,0,0,0,0,0,0
"28e70a00b942f129979d73aacfbf7bcd",0.0013262493932409,0,0.00174343596359706,0,0,0,0,0,0,0,0,0,0.00320143424254066,0,0.00213967819239986,0,0,0,0,0,0.0176639434753809,0.00244879241141493,0.00233236756039536,0,0,0,0,0,0
"d545914a091c15dc4913586bf390bfe6",0,0,0,0,0,0,0,0,0,0,0,0,0,0,0,0,0,0,0.0033835890292765,0,0,0,0.0012957597557752,0.00338319518619656,0.00252085034099349,0,0.00316515794138128,0,0
"58d6ed632edb304a2a033c46c7a62d0a",0.00185674915053726,0,0,0,0,0,0,0,0,0,0,0,0,0,0,0,0,0,0,0,0,0,0,0,0,0,0,0,0
"7056f0ca7e34feb91ddfdb617582fd12",0,0,0.00915303880888455,0,0,0,0,0,0,0,0,0,0.00100044820079396,0,0,0,0,0,0,0,0,0,0,0,0,0,0,0,0
"5842b861c82007643d496c3860a149f9",0.0124667442964645,0,0,0,0,0,0,0,0,0,0,0,0,0,0,0,0,0,0,0,0,0,0,0,0,0,0,0,0
"cf93fb824641ba2cdbfddf60b0590131",0.00291774866512999,0,0,0,0,0,0,0,0,0,0,0,0,0,0,0,0,0,0,0,0,0,0,0,0,0,0,0,0
"80ec5ef8c3af388c768221021941877e",0,0.0346680533888022,0.0377018027127864,0,0,0,0,0,0,0,0,0,0,0,0,0,0,0,0,0,0,0,0,0.00169159759309828,0,0,0.00189909476482877,0,0
"bd137fdaee08bd7098ce68c5727aed74",0,0,0,0.00440736297891747,0,0,0,0,0,0,0,0,0,0,0,0,0,0,0,0,0,0,0,0,0,0,0,0,0
"e763da20f3043ecff1e6087da0de0512",0.010344745267279,0,0,0,0,0,0,0,0,0,0,0,0,0,0,0,0,0,0,0,0,0,0,0,0,0,0,0,0
"76706469a0a366adb9c84fc05de522f3",0.00557024745161179,0,0,0,0,0,0,0,0,0,0,0,0,0,0,0,0,0,0,0,0,0,0,0,0,0,0,0,0
"5837405da6036e7481240160de143774",0,0,0,0.0245279331000625,0.00759186152444579,0.0184837189242476,0.00526973973566175,0.00851758958298794,0,0.00358926177330645,0,0.00678058041768375,0.00520233064412857,0,0.00213967819239986,0,0.00161678002091035,0,0,0,0,0,0.000518303902310081,0.0176409463280249,0.0544891496783977,0.0548646671543526,0.0485851744002026,0.0308391039838515,0.0695828193693266
"1829dfc4952cc934524cf1d9b83df1fd",0,0,0,0,0,0.0154030991035396,0,0,0,0,0,0,0,0,0,0,0,0,0,0,0,0,0,0,0,0,0,0,0
"f8e946bdec673e40686c9ab157a63ac0",0.0909807083763259,0,0,0,0,0,0,0,0,0,0,0,0,0,0,0,0,0,0,0,0,0,0,0,0,0,0,0,0
"494ab4a0ec6f00ad0cbf201f2f607b05",0.000530499757296361,0,0,0,0,0,0,0,0,0,0,0,0,0,0,0,0,0,0,0,0,0,0,0,0,0,0,0,0
"90180ad539e48d0fd6f3161438f747b7",0.00265249878648181,0,0,0.00996447282190038,0,0,0.00121609378515271,0.00243359702371084,0,0.00211133045488615,0,0,0.00140062748111154,0,0,0,0,0,0,0,0,0,0,0,0,0,0,0,0
"6d04a8df8207e9542e849378a1bcf43c",0.00159149927188908,0,0,0,0,0,0,0,0,0,0,0,0,0,0,0,0,0,0,0,0,0,0,0,0,0,0,0,0
"d23ffb5c240be9a208a05716348d5992",0,0,0,0,0,0.0369674378484951,0,0,0,0,0,0,0,0,0,0,0,0,0,0,0,0,0,0,0,0,0,0,0
"826ce0379ee559bbbabb1289906f8823",0.00291774866512999,0,0,0,0,0,0,0,0,0,0,0,0,0,0,0,0,0,0,0,0,0,0,0,0,0,0,0,0
"353932b8f9bc8551107028bbc48b250c",0.0395222319185789,0,0,0,0,0,0,0,0,0,0,0,0,0,0,0,0,0,0,0,0,0,0,0,0,0,0,0,0
"eec9b8156043e0a6af0911723613a3da",0.00557024745161179,0,0,0,0,0,0,0,0,0,0,0,0,0,0,0,0,0,0,0,0,0,0,0,0,0,0,0,0
"af2f68999329d11971cc4eeb7d338c1c",0,0,0,0.0015329958187539,0,0,0.00385096365298358,0.00501929386140361,0,0.0014779313184203,0,0,0.000800358560635165,0,0,0,0,0,0,0,0,0,0,0.0012082839950702,0,0,0.000791289485345319,0,0
"ebe6058ea1fbc7f77df40e51f0a20dca",0.0116709946605199,0,0,0,0,0,0,0,0,0,0,0,0,0,0,0,0,0,0,0,0,0,0,0,0,0,0,0,0
"c1ed97b9675b1d0f08c9cd6e6ab9eb76",0,0,0.00130757697269779,0.00229949372813086,0.012653102540743,0,0.00283755216535633,0.0170351791659759,0,0,0,0,0,0,0,0,0,0,0,0,0,0,0,0,0,0,0,0,0
"a81cdbf7c63d89c325cb7ef0766f27f1",0.00450924793701907,0,0,0,0,0,0,0,0,0,0,0,0,0,0,0,0,0,0,0,0,0,0,0,0,0,0,0,0
"f04ff31f64577aa1ffb8bae8e5bb7028",0.0445619796128943,0,0,0.00191624477344238,0,0,0,0,0,0,0,0,0,0,0,0,0,0,0,0,0,0,0,0,0,0,0,0,0
"5b346ae9f12ee4f745413918a78c62cc",0.0310342358018371,0,0,0,0,0,0,0,0,0,0,0,0,0,0,0,0,0,0,0,0,0,0,0,0,0,0,0,0
"6786956e5d741de3549e1c89e3a608b0",0,0,0,0,0,0.0215643387449555,0,0,0,0,0,0,0,0,0.00142645212826658,0,0,0,0.00592128080123388,0,0,0.00111308745973406,0.00751540658349617,0.0183659167250671,0.0122164285755838,0,0.0118693422801798,0.0112142196304915,0.00948856627763545
"fe92b5d8f5b1599d91fec61ebc12e170",0.00344824842242635,0,0,0,0,0,0,0,0,0,0,0,0,0,0,0,0,0,0,0,0,0,0,0,0,0,0,0,0
"d50e97399b1cda1ec4e98fcecab91fd7",0.00371349830107453,0,0,0,0,0,0,0,0,0,0,0,0,0,0,0,0,0,0,0,0,0,0,0,0,0,0,0,0
"d883b22e464393102af5c3372d061397",0.00212199902918544,0,0.0139474877087765,0.00709010566173681,0.0303674460977832,0,0.00101341148762726,0,0,0,0,0,0,0,0,0,0,0,0,0,0,0,0,0,0,0,0,0,0
"968d645ed5e3c0c4d5aca134f0a331c6",0,0.00487519500780031,0,0,0,0,0,0,0,0,0,0,0,0,0,0,0,0,0,0,0,0,0,0,0,0,0,0,0
"306b5217fcb1f91aac0c7708bf674d98",0.00503974769431543,0,0,0,0,0,0,0,0,0,0,0,0,0,0,0,0,0,0,0,0,0,0,0,0,0,0,0,0
"7fc016100eca426d7fdf7f8abd29a67c",0.00450924793701907,0,0,0,0,0,0,0,0,0,0,0,0,0,0,0,0,0,0,0,0,0,0,0,0,0,0,0,0
"be3beb705ba2502ce1c0a3ac0b24feb3",0.00636599708755633,0,0,0,0,0,0,0,0,0,0,0,0,0,0,0,0,0,0,0,0,0,0,0,0,0,0,0,0
"c91a769593898d20a017b58093f62ea8",0.00185674915053726,0,0,0,0,0,0,0,0,0,0,0,0,0,0,0,0,0,0,0,0,0,0,0,0,0,0,0,0
"c7dd46acb5a820a3c0db61d863812de8",0,0,0,0,0,0.129386032469733,0,0,0,0,0,0,0,0,0,0,0,0,0,0,0,0,0,0,0,0,0,0,0
"8906a08ad08c20a3b13351fb1619866c",0,0,0,0,0,0.40048057669203,0,0,0,0,0,0,0,0,0,0,0,0,0,0,0,0,0,0,0,0,0,0,0
"4c3cb2bcc311be93500886bc584d4d2a",0,0,0,0,0,0.107821693724777,0,0,0,0,0,0,0,0,0,0,0,0,0,0,0,0,0,0,0,0,0,0,0
"d035ec5e6c52ae02c608835230dde4b7",0.00265249878648181,0,0,0,0,0,0,0,0,0,0,0,0,0,0,0,0,0,0,0,0,0,0,0,0,0,0,0,0
"477ebf0ce71e93b505183b46f1d1c310",0.00265249878648181,0,0,0,0,0,0,0,0,0,0,0,0,0,0,0,0,0,0,0,0,0,0,0,0,0,0,0,0
"4f90f8f67d96381936a8ea4b6bd9234c",0.00291774866512999,0,0,0,0,0,0,0,0,0,0,0,0,0,0,0,0,0,0,0,0,0,0,0,0,0,0,0,0
"7a94ab2d3edd2d5f1b14fb97b8227aab",0.00344824842242635,0,0,0,0,0,0,0,0,0,0,0,0,0,0,0,0,0,0,0,0,0,0,0,0,0,0,0,0
"84983b37bd3b85c6b96d3a4ea0ff2bbd",0.00106099951459272,0,0,0,0,0,0,0,0,0,0,0,0,0,0,0,0,0,0,0,0,0,0,0,0,0,0,0,0
"19dccdcbb0a9ad59e58d289bcdb09295",0,0.00325013000520021,0.0346507897764915,0,0,0,0,0.00395459516353011,0,0,0,0,0,0,0,0,0,0,0,0,0,0,0,0,0,0,0,0,0
"51f21ba905941f4cf5d9c5e0d6e00bd4",0,0,0,0,0,0,0,0,0,0.0278695620044971,0,0,0,0,0,0,0,0,0,0,0,0,0,0,0,0,0,0,0
"4c65953d2d9c04292134fc5013f3a21e",0.0100794953886309,0.00568772750910036,0.00174343596359706,0,0,0,0,0,0,0,0,0,0,0,0,0,0,0,0,0,0,0.00267140990336175,0,0,0,0,0,0,0
"91203c4512e4b08f343fbec0de1a3b9e",0,0,0,0,0,0,0.0107421617688489,0,0,0,0,0,0,0,0,0,0,0,0,0,0,0,0,0,0,0,0,0,0
"0eff2f70a09cbdfd1a1684adcb990931",0,0.015167273357601,0.012421981240629,0.293377074814028,0.0430205486385262,0,0.229233678501286,0.238188308695698,0.177233545476517,0.00401152786428368,0,0,0.00140062748111154,0,0,0,0,0.00830265961863117,0,0,0,0,0,0,0,0,0,0,0
"8e87f6187c3bff96717578fafac261ae",0,0.0143547408563009,0.00958889779978381,0,0,0,0,0,0,0,0,0,0,0,0,0,0,0,0,0,0,0,0,0,0,0,0,0,0
"5b2a2d09315ded235146cac2e767e89a",0,0.0422516900676027,0.0204853725722654,0.00114974686406543,0,0,0.000810729190101807,0.00106469869787349,0,0,0,0,0,0,0,0,0,0,0,0,0,0,0,0,0,0,0,0,0
"7560406411c714b613d36584ec43158e",0,0,0.000653788486348896,0.0628528285689101,0,0,0.021078958942647,0.0229670719112711,0,0.00105566522744307,0,0,0,0,0,0,0,0,0,0,0,0,0,0,0,0,0,0,0
"212e304679f170a464d2616b3f94a250",0,0.16006890275611,0.0791084068482165,0.180893506612961,0.354286871140804,0,0.125865706763306,0.143125924956994,0.0778753457396815,0.0363148838240417,0.0197110917128939,0.0372931922972606,0.0228102189781022,0,0.0206835558598653,0.0459007132264671,0.0328745270918439,0.0221404256496831,0.00761307531587213,0,0,0,0.00285067146270544,0.0036248519852106,0,0,0.00379818952965753,0,0
"71c170ae2a1a4f99b40b9fb4850c55fb",0,0,0.0054482373862408,0.0260609289188164,0.116408543374836,0,0.0178360421822398,0.0228149720972891,0,0,0,0,0,0,0,0,0,0,0,0,0,0,0,0,0,0,0,0,0
"dc21153823efbfe6f4e092f110775cde",0,0,0.0237543150040099,0.0674518160251718,0.0809798562607551,0,0.00243218757030542,0.0033461959076024,0,0,0,0,0.00440197208349341,0.0255362614913177,0,0,0.0194013602509243,0,0,0,0.0176639434753809,0.0131344320248619,0.0235828275551087,0.00434982238225272,0.00523561224667878,0,0.0052225106032791,0,0
"a40423754043874f0045e65d1035b1c5",0,0,0,0.0055571098429829,0,0,0,0,0,0,0,0,0,0,0,0,0,0,0,0,0,0,0,0,0,0,0,0,0
"39e228b03b2c3090589f7da2c5ae6038",0,0.0111046108511007,0.00479444889989191,0.0122639665500312,0.0556736511792692,0,0.00486437514061084,0.0121679851185542,0,0,0,0,0,0,0,0,0,0,0.00225572601951767,0,0,0,0,0,0.00193911564691807,0,0.00617205798569349,0,0
"c6e107ed1e85e47112f11877f3145a7a",0,0,0,0,0,0,0,0,0,0,0,0,0.00140062748111154,0,0.00106983909619993,0,0,0,0,0,0,0,0,0,0,0,0,0,0
"dbbd92eb5552c552aab4544c331ac6e2",0,0.00189590916970012,0.00893510931343492,0.0185875743023911,0,0,0.130730081903916,0.145407422166723,0.16649211847794,0.012034583592851,0,0,0,0,0,0,0,0,0.000563931504879417,0,0,0,0,0,0,0,0,0,0
"c4f3196c3b0c08f6f808e3ee3465b781",0,0,0,0.0111142196859658,0,0,0.0561429964145502,0.0765062064329095,0,0,0,0,0,0,0,0,0,0,0,0,0,0,0,0,0,0,0,0,0
"3fb688a9024c5d9e0c97cf7a6859063a",0.00371349830107453,0.0365639625585023,0.00740960284528749,0.0183959498250469,0.0278368255896346,0,0.0498598451912612,0.0307241624243494,0.0187974972475093,0.0521498622356878,0.0197110917128939,0.0203417412530513,0.0310138942246126,0.0319203268641471,0.00855871276959945,0,0.00538926673636785,0.00553510641242078,0,0,0,0.000890469967787249,0.00414643121848064,0.0128078103477441,0.0104712244933576,0.0121921482565228,0.00696334747103881,0,0
"7bfcdea57cc8e4bab6f3f3505b0dd682",0,0.0130005200208008,0.00631995536803933,0.0132220889367524,0,0,0.0176333598847143,0.010494887164753,0,0,0,0,0.000600268920476373,0,0.00178306516033322,0,0,0,0,0,0,0,0,0,0,0,0,0,0
"0b1e8bf53bfe9e7b085b38ee902e1f4e",0,0,0,0.0103477217765889,0.012653102540743,0,0.010336797173798,0,0,0,0,0,0,0,0,0,0,0,0,0,0,0,0,0,0,0,0,0,0
"87ced6667f7e72e893d3f02ac08066a2",0,0,0.023100526517661,0,0,0,0,0,0,0,0,0,0,0,0,0,0,0,0,0,0,0,0,0,0,0,0,0,0
"a8c38ea3b5825798b0141007373178aa",0,0.0016250650026001,0.000217929495449632,0,0.0101224820325944,0,0,0,0,0,0,0,0,0,0,0,0,0,0,0,0,0,0,0.000966627196056161,0,0,0,0,0
"5eef1e65ed73d122236c933fe9327adb",0,0,0,0.00459898745626171,0,0,0,0.00395459516353011,0.00537071349928838,0.00168906436390892,0,0,0,0,0,0,0,0,0,0,0,0,0,0,0,0,0,0,0
"114cdf597c818ff8382b6dc6075483ee",0,0,0,0,0,0.0523705369520348,0,0,0,0,0,0,0,0,0,0,0,0,0,0,0,0,0,0,0,0,0,0,0
"f9542fc2a825a5c41094173a4a95041a",0,0,0,0,0,0,0.00344559905793268,0.00243359702371084,0,0,0,0,0,0,0,0,0,0,0,0,0,0,0,0,0,0,0,0,0
"f7ac318fad126f8dc75f70e09fd5c4dd",0.016180242597539,0,0,0,0,0,0,0,0,0,0,0,0,0,0,0,0,0,0,0,0,0,0,0,0,0,0,0,0
"5ceabb76ec2975d9498f124fe62a81e6",0.00212199902918544,0,0,0,0,0,0,0,0,0,0,0,0,0,0,0,0,0,0,0,0,0,0,0,0,0,0,0,0
"27eca4697c28c0d2d71d89a89895ea98",0,0.00406266250650026,0.00174343596359706,0,0,0,0,0.00060839925592771,0,0,0,0,0,0,0,0,0,0,0,0,0,0,0,0,0,0,0,0,0
"3e6d862418922fbe062da225314e7762",0.00371349830107453,0,0,0,0,0,0,0,0,0,0,0,0,0,0,0,0,0,0,0,0,0,0,0,0,0,0,0,0
"3ba3a0a8948fba9b0c25ad37b41b3342",0.0116709946605199,0,0,0,0,0,0,0,0,0,0,0,0,0,0,0,0,0,0,0,0,0,0,0,0,0,0,0,0
"627660d80a5a9ff20c533d134d2f8489",0,0,0,0,0,0.0277255783863713,0,0,0,0,0,0,0,0,0,0,0,0,0,0,0,0,0,0,0,0,0,0,0
"999031908a04b1e2fca9b265ee4e0aba",0.0594159728171924,0,0,0.0285520471242915,0.0404899281303776,0,0.00952606798369624,0.0328535598200963,0,0,0,0,0,0,0,0,0,0,0,0,0,0,0,0,0,0,0,0,0
"a78a93326d787b79c22198acbce80e81",0.0684344686912306,0,0,0,0,0,0,0,0,0,0,0,0,0,0,0,0,0,0,0,0,0,0,0,0,0,0,0,0
"cc82883a0181d59006673d082401a42c",0,0,0,0,0,0.0246449585656634,0,0,0,0,0,0,0,0,0,0,0,0,0,0,0,0,0,0,0,0,0,0,0
"403445d403772ea7701cd01368da5a56",0.00397874817972271,0,0,0,0,0,0,0,0,0,0,0,0,0,0,0,0,0,0,0,0,0,0,0,0,0,0,0,0
"0e487ab2d5669f87e21a4c0c09d8d952",0,0.0715028601144046,0.0385735206945849,0.0889137574877265,0.217633363700779,0,0.0401310949100395,0.0346787575878795,0.0161121404978651,0.00316699568232922,0,0,0,0,0.0345914641104645,0,0.00646712008364142,0.0138377660310519,0.00507538354391476,0.0155168668342488,0,0.00556543729867031,0.00414643121848064,0.0256156206954883,0.00639908163482962,0.0121921482565228,0.00617205798569349,0,0.0126514217035139
"54b3f4205c019f5490d9dbe5af08955a",0,0.0165214941931011,0.0126399107360787,0,0,0,0,0,0,0,0,0,0,0,0,0,0,0,0,0,0,0,0,0,0,0,0,0,0
"1580d11744da85a8f38720800053143f",0,0,0,0,0,0.0492899171313268,0,0,0,0,0,0,0,0,0,0,0,0,0,0,0,0,0,0,0,0,0,0,0
"abb5010d272a80f960bc66a0fade6593",0,0,0,0,0,0,0,0,0,0,0,0,0.00120053784095275,0,0,0,0.00215570669454714,0,0,0,0,0,0,0,0,0,0,0,0
"b2b0ccf79dad51a2141c691d0bc6f942",0,0,0.00174343596359706,0,0,0,0,0,0,0,0,0,0,0,0,0,0,0,0,0,0,0,0,0,0,0,0,0,0
"ce0b607406b1ba0603a5883aeab5bbcf",0,0.0016250650026001,0,0,0,0,0,0,0,0,0.022526961957593,0,0.00520233064412857,0.0159601634320735,0,0,0,0,0,0,0,0,0,0,0,0,0,0,0
"e47e7a777e94141d9ca4d03a24c43c22",0.00477449781566725,0,0,0,0,0,0,0,0,0,0,0,0,0,0,0,0,0,0,0,0,0,0,0,0,0,0,0,0
"38007bfc5e4b3c58b1d91a0bc9c4fdb2",0.0233419893210399,0,0,0,0,0,0,0,0,0,0,0,0,0,0,0,0,0,0,0,0,0,0,0,0,0,0,0,0
"db74361e1059284f58f7b72bfb21758c",0.0201589907772617,0,0,0,0,0,0,0,0,0,0,0,0,0,0,0,0,0,0,0,0,0,0,0,0,0,0,0,0
"584732b1ae36c8fd9cd78a3b94bfb4ba",0.0095489956313345,0,0,0,0,0,0,0,0,0,0,0,0,0,0,0,0,0,0,0,0,0,0,0,0,0,0,0,0
"b4675aefcee3975954467e51b228d6f2",0,0.00975039001560062,0,0,0,0,0,0,0,0,0,0,0,0,0,0,0,0,0,0,0,0.0135796670087555,0.0147716612158373,0.00579976317633697,0.00562343537606239,0,0.00332341583845034,0,0
"025ef58ad4c94b135c69cb93c2320909",0,0.00433350667360028,0,0.00306599163750781,0,0,0,0,0,0.00844532181954459,0.0253428322022921,0.0169514510442094,0.0160071712127033,0,0.0103417779299327,0.028246592754749,0.0156288735354668,0,0.0157900821366237,0,0,0.00868208218592568,0,0,0,0,0,0,0
"f75acea1715106e549e8ad841fd17ed9",0,0,0,0,0,0,0,0.00121679851185542,0,0,0,0,0,0,0,0,0,0,0,0,0,0,0,0,0,0,0,0,0
"a7ce2e12db2ff3b5fbac2cc8276cee0a",0,0,0,0,0.0227755845733374,0,0,0,0,0,0,0,0,0,0,0,0,0,0,0,0,0,0,0,0,0,0,0,0
"f437261ff1458ebf1aa7f6dc7bf69e58",0,0,0,0,0,0,0,0,0,0,0,0,0,0,0,0,0,0,0,0,0,0,0,0,0,0,0.00759637905931506,0,0
"7f0b196864a7620b20920d9883da587e",0.00742699660214905,0.0379181833940024,0.101119285888629,0.00594035879767138,0,0,0,0.00547559330334939,0.0107414269985768,0.00295586263684061,0,0,0,0,0,0,0,0,0,0,0,0,0,0,0,0,0,0,0
"a0ccae889b93969deefa92b4da7cb2f7",0,0.0430642225689028,0.105259946302172,0.00613198327501562,0,0,0.00668851581833991,0.00532349348936746,0,0,0,0,0,0,0,0,0,0,0,0,0,0,0,0,0,0,0,0,0
"42de4e368cca3ff50954f82c12dd5315",0.00742699660214905,0,0,0,0,0,0,0,0,0,0,0,0,0,0,0,0,0,0,0,0,0,0,0,0,0,0,0,0
"80b0dd7e363e6128b4335d08d57b5618",0.00371349830107453,0.016250650026001,0.02963841138115,0.0682183139345487,0.141714748456321,0,0.0285782039510887,0.033461959076024,0.0241682107467977,0.0128791157748055,0.0253428322022921,0,0.00720322704571648,0,0.0114116170261326,0.0247157686604053,0.00377248671545749,0,0.0138163218695457,0.0186202402010986,0,0.00422973234698943,0.03187568999207,0.0328653246659095,0.0178398639516462,0,0.012502373868456,0.0112142196304915,0
"07c0a289796d7465a2f69093ebf4a33a",0,0,0,0,0,0,0,0.000456299441945783,0,0,0,0,0,0,0,0,0,0,0,0,0,0,0,0,0,0,0,0,0
"717aff2a74550554098682047fb9830c",0.00371349830107453,0,0,0,0,0,0,0,0,0,0,0,0,0,0,0,0,0,0,0,0,0,0,0,0,0,0,0,0
"d61279a4131ed846136cac9c8c7c99ef",0,0,0,0,0,0.0277255783863713,0,0,0,0,0,0,0,0,0,0,0,0,0,0,0,0,0,0,0,0,0,0,0
"470a368a6807b4a2d6a56ff427742e09",0.00344824842242635,0,0,0,0,0,0,0,0,0,0,0,0,0,0,0,0,0,0,0,0,0,0,0,0,0,0,0,0
"1cbf580d763d0eb5497ff2d6468e7668",0,0,0,0,0,0.0215643387449555,0,0.00106469869787349,0,0.00253359654586338,0,0,0.0022009860417467,0,0,0,0,0,0,0,0,0,0.00570134292541089,0.0176409463280249,0.0234632993277086,0.0213362594489149,0.0335506741786415,0.0336426588914744,0.0474428313881772
"779e393e6ff91129f826c691a0d16db3",0.00397874817972271,0.00406266250650026,0.00501237839534154,0,0,0,0,0,0,0,0,0,0,0,0,0,0,0,0.0200195684232193,0.0310337336684977,0.0485758445572974,0.1012909588358,0.101069260950466,0.0263405910925304,0.0442118367497319,0,0.00791289485345319,0,0
"4c7b0d554a1103b7872deded4bccb4ea",0,0,0.00152550646814742,0,0,0,0,0,0,0,0,0,0.00360161352285824,0,0.0331650119821979,0.074147305981216,0.0614376407945935,0.0747239365676805,0.188353122629725,0.0899978276386432,0.11039964672113,0.156500096838609,0.0969228297319851,0.0405983422343588,0.0438240136203483,0,0.0136101791479395,0,0
"12198ade971f92bb157e2a699be09bc8",0,0,0,0,0,0,0,0,0,0,0,0,0,0,0,0,0,0,0,0,0,0,0,0.000483313598028081,0,0,0,0,0
"414b68c54905f4ec8ee50d51e536ff97",0.00212199902918544,0,0,0,0,0,0,0,0,0,0,0,0,0,0,0,0,0,0,0,0,0,0,0,0,0,0,0,0
"461e1d892b167a7eef900fa723462f09",0.0013262493932409,0,0,0,0,0,0,0,0,0,0,0,0,0,0,0,0,0,0,0,0,0,0,0,0,0,0,0,0
"bc58a5b84bfddc7b8ab70cc704b483ab",0,0,0,0,0,0,0,0.000456299441945783,0,0,0,0,0,0,0,0,0,0,0,0,0,0,0,0,0,0,0,0,0
"4651f1e124ac9d94cff06304c700b593",0.00901849587403814,0,0,0,0,0,0,0,0,0,0,0,0,0,0,0,0,0,0,0,0,0,0,0,0,0,0,0,0
"4e73d26557436d233aea34f6a5371895",0,0.00135422083550009,0.00261515394539559,0,0,0,0,0,0,0,0,0,0,0,0,0,0,0,0,0,0,0,0,0,0,0,0,0,0
"e357ec372ce3fdd9cc473b8f57edc002",0,0.200153839486913,0.103734439834025,0.146975974123031,0.298613219961535,0,0.153430499226767,0.140540228119301,0.0322242809957303,0,0,0,0,0,0,0,0,0,0,0,0,0,0,0,0,0,0,0,0
"0ea9d87b8a7848918b64da425e91999a",0,0,0,0,0,0,0,0,0,0,0,0,0,0,0,0,0,0,0.00225572601951767,0,0,0,0,0,0,0,0,0,0
"3038f96d4805d0546256c1e7766247e0",0,0.00270844167100017,0.00806339133163639,0.0170545784836372,0.0835104767689037,0,0.0143904431243071,0.0190124767477409,0,0.0014779313184203,0,0,0,0,0,0,0,0,0,0,0,0,0,0,0,0,0,0,0
"f3082c2e28d3436ef615bb6541defb48",0,0,0,0,0,0,0,0,0,0,0,0,0,0,0,0,0,0,0.000281965752439709,0,0,0,0,0,0,0,0,0,0
"dd365165667aed1d7e806ab8ded914dd",0,0.00812532501300052,0.0117681927542801,0,0,0,0.00364828135545813,0,0,0,0,0,0,0,0,0,0,0,0,0,0,0,0,0,0,0,0,0,0
"0944c80185fbba7f13e44329a3276e65",0.0978772052211786,0,0,0,0,0,0,0,0,0,0,0,0,0,0,0,0,0,0,0,0,0,0,0,0,0,0.00158257897069064,0,0
"50af975bdb69f3f8359160d177493dc6",0.00424399805837089,0,0,0,0,0,0,0,0,0,0,0,0,0,0,0,0,0,0,0,0,0,0,0,0,0,0,0,0
"9579787280965385b425a1d323e3c6d3",0,0.00352097417230023,0.0102426862861327,0.020120570121145,0,0,0.00283755216535633,0.00501929386140361,0.0187974972475093,0.0223801028217932,0.0168952214681947,0,0.00320143424254066,0,0,0,0,0,0,0,0,0,0,0,0,0,0,0,0
"8067fd3f7aedca5f755d76ba6d001ecc",0.00450924793701907,0,0,0,0,0,0,0,0,0,0,0,0,0,0,0,0,0,0,0,0,0,0,0,0,0,0,0,0
"de329304e57f0e32da3a08e64625a2e1",0,0.844221268850754,0.0945814010251403,0.0122639665500312,0,0,0.0107421617688489,0.0203813750735783,0,0.0111900514108966,0,0.0305126118795769,0.0196087847355615,0.0383043922369765,0.0920061622731941,0.0918014264529341,0.0571262274054992,0.0525835109179974,0.0913569037904656,0.0620674673369953,0,0.0171415468799045,0.00699710268118609,0.00459147918126677,0.00329649659976071,0,0.0052225106032791,0,0
"b0d25a3bc288f3c5ac8b993c6e4504dd",0,0,0,0,0,0,0,0,0,0,0,0,0.00520233064412857,0,0.00748887367339952,0,0.0113174601463725,0,0.0126884588597869,0,0,0.00779161221813843,0.00699710268118609,0.00289988158816848,0.00135738095284265,0,0.00759637905931506,0,0
"a565d5baee9e444ca1446d3cfb0a6ce5",0,0.00704194834460045,0.00152550646814742,0,0,0,0.00162145838020361,0,0,0,0,0,0,0,0,0,0,0,0,0,0,0,0,0,0,0,0,0,0
"568d3fd2ad10e30c40ebd6793f956aaa",0,0.0232925983706015,0.00479444889989191,0,0,0,0,0,0,0,0,0,0,0,0,0,0,0,0,0,0,0,0,0,0,0,0,0,0
"765b69d9c4313cc8630769db523cc54c",0,2.63531374588317,1.62531817706336,0.0990698547869711,0.0759186152444579,0,0.0567510433071265,0.318953309920102,0.212143183221891,0.0282918280954744,0.0337904429363895,0.0779766748033632,0.0168075297733385,0.076608784473953,0.047072920232797,0.0953322505472777,0.0824557810664281,0.130075000691888,0.163540136415031,0.0868944542717934,0,0.11798727073181,0.297506439925986,0.0468814190087238,0.0397518707618204,0.0518166300902219,0.0185161739570805,0,0
"d081020b6bdf3bf279b93bd42598e1e1",0,0,0,0.0151383337101948,0,0,0.0200655474550197,0.0120158853045723,0,0,0,0,0.013406005890639,0,0.0456464681045304,0,0.0398805738491221,0,0.0848716914843523,0,0.123647604327666,0.0694566574874054,0.0414643121848064,0.0161910055339407,0.00814428571705588,0,0.0215230740013927,0.0308391039838515,0.0759085302210836
"3ab7c5dece6b62c7faf92b667d63b4a0",0,0,0,0,0,0,0,0,0,0,0,0,0.0118052887693687,0,0.00998516489786603,0,0.0156288735354668,0,0,0,0,0,0,0,0,0,0,0,0
"0530769e11e7f6b51e29aec47064b7cf",0,0.0297928583810019,0.00871717981798529,0,0,0,0,0,0,0,0,0,0,0,0,0,0,0,0,0,0,0,0,0,0,0,0,0,0
"e326d478a5071865940145ec43bf362f",0,0,0,0,0,0.0246449585656634,0,0,0,0,0,0,0,0,0,0,0,0,0,0,0,0,0,0,0,0,0,0,0
"1f78df0d7b75ab87466e66a9d9acf2cb",0,0,0,0,0,0,0.000202682297525452,0,0,0,0,0,0,0,0,0,0,0,0,0,0,0,0,0,0,0,0,0,0
"6178807a00a64843e5bb9f31f0a5f42c",0,0,0,0.0758832930283183,0.0354286871140804,0,0.0285782039510887,0.0238796707951626,0,0.00168906436390892,0,0,0,0,0.00748887367339952,0,0.0107785334727357,0,0,0,0,0,0,0,0.00542952381137059,0,0.00443122111793379,0,0
"7ef48c57ac7c347721cf8cf9449df2b6",0,0,0,0.000383248954688476,0,0,0,0,0,0,0,0,0,0,0,0,0,0,0,0,0,0,0,0,0,0,0,0,0
"a1813ce3f72d96fb9f4263ed38be432f",0,0,0,0,0,0,0,0.000152099813981928,0,0,0,0,0,0,0,0,0,0,0,0,0,0,0,0,0,0,0,0,0
"3c03432eaf221246493e3a132da50df9",0,0.0167923383602011,0.00217929495449632,0,0,0,0,0,0,0,0,0,0.0046020617236522,0,0,0,0,0,0,0,0,0,0,0,0,0,0,0,0
"8d422552eb2392c7c2d4743727d1ff33",0,0,0.00457651940444228,0.0139885868461294,0,0,0,0,0,0.00401152786428368,0,0,0.00520233064412857,0,0.0057058085130663,0,0.00161678002091035,0.0138377660310519,0.0200195684232193,0.0620674673369953,0.0264959152130713,0.00467496733088306,0.00492388707194576,0.00773301756844929,0.00736863945828865,0,0.00427296322086472,0,0
"38e01c452b469921cbeedecef774390c",0.0013262493932409,0,0,0,0,0,0,0,0,0,0,0,0,0,0,0,0,0,0,0,0,0,0,0,0,0,0,0,0
"7a7bc8160be971cd4073affbe56358c7",0.00212199902918544,0,0,0,0,0,0,0,0,0,0,0,0,0,0,0,0,0,0,0,0,0,0,0,0,0,0,0,0
"964a2b2f2580973e2dc2039796a8eb37",0.00159149927188908,0,0,0,0,0,0,0,0,0,0,0,0,0,0,0,0,0,0,0,0,0,0,0,0,0,0,0,0
"146831035f6d594ce9fc023d9cea9bf2",0,0,0,0.00114974686406543,0.0050612410162972,0,0,0,0,0,0,0,0,0,0,0,0,0,0,0,0,0,0,0,0,0,0,0,0
"f2898c48280ac39868a2fa71eb0211f3",0,0,0,0,0,0,0.00324291676040723,0.00182519776778313,0,0,0,0,0.00140062748111154,0,0,0,0,0,0,0,0,0.00155832244362769,0,0.00144994079408424,0.00174520408222626,0,0.00443122111793379,0,0
"76bfb4e09e6ad08f8a206e9a5debe694",0,0,0,0,0,0,0,0,0,0,0,0,0,0,0.000713226064133288,0,0,0,0.000281965752439709,0,0,0,0.00025915195115504,0,0,0,0,0,0
"43c8008fb032a5ed2cb06dafa83e23ec",0,0.0395432483966025,0.0178702186268698,0.00287436716016357,0,0,0.00790460960349262,0.00851758958298794,0,0.00358926177330645,0,0,0.00840376488666923,0,0.00356613032066644,0,0.00377248671545749,0.0110702128248416,0.00451145203903534,0,0,0.00489758482282987,0.00932947024158145,0,0,0,0,0,0
"53688d14dd7b6148f42ecab9e78035a6",0.00212199902918544,0.00325013000520021,0,0,0,0,0,0,0,0,0,0,0,0,0,0,0,0,0,0,0,0,0,0,0,0,0,0,0
"ac535b64f804c2eee5084adc741f7839",0,0.0138130525221009,0,0.00977284834455614,0.0227755845733374,0,0.0149984900168834,0.0103427873507711,0,0,0,0,0,0,0,0,0,0,0,0,0,0,0,0.0024165679901404,0.00387823129383613,0,0.00158257897069064,0,0
"86ea29b42288be56c5aadc5b0f322728",0,0,0,0,0,0,0,0,0,0,0,0,0.000800358560635165,0,0,0,0,0,0.000845897257319126,0,0,0,0,0,0,0,0,0,0
"16e2c25bdcba26035d7e90f7902d9aea",0,0.00433350667360028,0.00261515394539559,0,0,0,0,0,0,0,0,0,0,0,0,0,0,0,0,0,0,0,0,0,0,0,0,0,0
"228e919dd14ad58c598f5233e5a757cf",0,0,0,0,0.0101224820325944,0,0,0,0,0,0,0,0,0,0,0,0,0,0,0,0,0,0,0,0,0,0,0,0
"1d8cbc23caf68cfc1c0505901772f517",0,0.0121879875195008,0,0,0,0,0,0,0,0,0,0,0,0,0,0,0,0,0,0,0,0,0,0,0,0,0,0,0
"9686ac0f1487906d7d6ebd3fd7dc8d2b",0,0.031147079216502,0,0.00287436716016357,0,0,0.00202682297525452,0.00197729758176506,0,0.00443379395526091,0,0,0.00180080676142912,0,0,0,0,0,0,0,0,0,0,0,0,0,0,0,0
"181a2b6fbc1d5f5de022772f08fb875c",0,0,0,0.829159113468518,0.979350136653507,0,1.07137862471954,0.926592066777902,0.384006015199119,0.0445490725980977,0.0253428322022921,0.0237320314618931,0.0116051991292099,0,0.0103417779299327,0,0,0,0.00451145203903534,0,0,0.00200355742752131,0.00362812731617056,0.00459147918126677,0.00155129251753445,0,0.00158257897069064,0,0
"f8a7dfd610756eae88194f6b418f8083",0,0,0,0,0,0,0,0.00060839925592771,0,0,0,0,0,0,0,0,0,0,0,0,0,0,0,0,0,0,0,0,0
"a9ea2ae2f8893f91cf4ca523ea7d4cfe",0,0.0062294158433004,0.00435858990899264,0,0,0,0,0,0,0,0,0,0,0,0,0,0,0,0,0,0,0,0,0,0,0,0,0,0
"56eed20694eeebce9a5a6bc4626aca89",0,0.0953371468192061,0.0167805711496217,0,0,0,0,0,0,0,0,0,0,0,0,0,0.0398805738491221,0,0.0031016232768368,0,0,0.010685639613447,0.00362812731617056,0.00265822478915444,0,0,0.0110780527948345,0,0
"326978fa13d506c8782d0075f5613b59",0,0,0,0.00134137134140967,0,0,0,0,0,0,0,0,0,0,0,0,0,0,0,0,0,0,0,0,0,0,0,0,0
"424c5645f91f0d2c1ddce0523e2e5481",0,0.00352097417230023,0,0,0,0,0,0,0,0,0,0,0,0,0,0,0,0,0,0,0,0.00422973234698943,0.00233236756039536,0.00217491119112636,0.00155129251753445,0,0.00205735266189783,0,0
"8f5c4dec742c9287a0f71ebe671bdc16",0,0.100754030161206,0.0518672199170125,0.0055571098429829,0,0,0.00304023446288178,0.000760499069909638,0,0,0,0,0,0,0,0,0,0,0.000845897257319126,0,0,0,0.00233236756039536,0,0,0,0,0,0
"22a4e0f758de753ed7e9463edeed304c",0,0.0733987692841047,0.0878255866662017,0.0205038190758335,0.151837230488916,0,0.115934274184558,0.0352871568438072,0,0,0,0,0,0,0,0,0,0,0,0,0,0,0,0,0,0,0,0,0
"68961d428c4c1a26c72ee58ffe940b99",0,0,0,0,0,0,0,0,0,0,0,0,0,0,0.00178306516033322,0,0,0,0,0,0,0,0,0,0,0,0,0,0
"6e50cfec46931f3d8e0af8e75af55b43",0,1.16110894435777,0.0211391610586143,0.00191624477344238,0,0,0,0,0,0.00168906436390892,0,0,0.00300134460238187,0,0,0,0,0,0.0031016232768368,0,0,0,0,0,0,0,0,0,0
"734ceaf61779c85297c95adf8ddc6ad3",0,0,0,0,0,0,0,0,0,0,0,0,0,0,0,0,0,0,0.00225572601951767,0,0,0,0,0,0,0,0,0,0
"99daab1404e1c027be5dce96473d53ab",0,0.202049748656613,0.0867359391889536,0.1030939688112,0.151837230488916,0,0.0577644547947538,0.0203813750735783,0,0,0,0,0,0,0,0,0,0,0,0,0,0,0,0,0,0,0,0,0
"39e25be575139fbcbcacc15a872bdbad",0,0.0495644825793032,0.0259336099585062,0,0,0,0,0,0,0,0,0,0,0,0,0,0,0,0,0,0,0,0,0,0,0,0,0,0
"b7e687b746695f305710ce46786a7573",0,0,0,0.00114974686406543,0,0,0,0,0,0,0,0,0,0,0,0,0,0,0,0,0,0,0,0,0,0,0,0,0
"31b772f3e0f36755cdb6cd584a8a105f",0,0.105358381001907,0.0961069074932878,0,0,0,0.00912070338864533,0.0126242845605,0,0.00316699568232922,0,0,0,0,0,0,0.00646712008364142,0,0,0,0,0,0.00362812731617056,0,0,0,0.00189909476482877,0,0
"51aa4d9105ecfeb7a7d4f5afa1773cdc",0,0,0.0111144042679312,0,0,0,0,0,0,0,0,0,0,0,0,0,0,0,0,0,0,0,0,0,0,0,0,0,0
"708def8fa07ef5fd728004ace6c578d0",0,0.0698777951118045,0.0433679695944768,0,0,0,0,0.00273779665167469,0,0,0,0,0,0,0,0,0,0,0,0,0,0,0,0,0,0,0,0,0
"72d63057d6e53e6e72b1af409c9ed0fb",0,0.0138130525221009,0.00871717981798529,0,0,0,0,0,0,0,0,0,0,0,0,0,0,0,0,0,0,0.0200355742752131,0.0246194353597288,0.00700804717140717,0,0,0,0,0
"f61f4c9b8258738ad3ee7663e43e7907",0,0.0449601317386029,0.0281129049130025,0.0569124697712387,0.106286061342241,0,0.06729052277845,0.0605357259648071,0.0107414269985768,0.00654512441014705,0,0,0.00380170316301703,0,0.00534919548099966,0,0.00485034006273106,0,0.0064852123061133,0,0,0.0271593340175111,0.0199547002389381,0.00797467436746333,0.00659299319952143,0,0.00284864214724315,0,0
"e438545696891f9da484c32c04332871",0,0.0119171433524008,0.016562641654172,0.00613198327501562,0,0,0.00810729190101807,0.0261611680048915,0.0161121404978651,0,0,0,0,0,0,0,0,0,0,0,0,0.000667852475840437,0.00285067146270544,0.00193325439211232,0,0,0.00110780527948345,0,0
"8db3a14ae839a3bee50b9a192c59f8f9",0.00238724890783362,0.166840006933611,0.194611039436521,0.0454150011305844,0.0582042716874178,0,0.145323207325749,0.126090745791018,0.0617632052418164,0.0242803002311907,0,0,0.00340152388269945,0,0.00178306516033322,0,0,0,0,0,0,0,0,0,0,0,0,0,0
"f50dbd67a45eb3d4ad799c04f77b900d",0,0,0,0,0,0,0.00222950527277997,0.00136889832583735,0,0,0,0,0,0,0,0,0,0,0,0,0,0,0,0,0,0,0,0,0
"2548f61c3083181969197199a1a27bf5",0,0,0.00239722444994595,0.00613198327501562,0,0,0.0152011723144089,0.0150578815842108,0,0,0,0,0,0,0,0,0,0,0.00789504106831184,0,0,0,0,0.00289988158816848,0.00193911564691807,0,0,0,0
"d02e8e093df5064814273f652473189e",0,0.0322304558849021,0.0394452386763834,0.0411992626290112,0.0404899281303776,0,0.176333598847143,0.1893642684075,0.233626037219045,0.359137310376134,0.346352040097992,0.132221318144833,0.149667050838776,0.191521961184883,0.0531353417779299,0.0847397782642469,0.0555094473845889,0.0581186173304182,0.0349637533025239,0.108618067839742,0.0220799293442261,0.00489758482282987,0.0101069260950466,0.0268239046905585,0.0387823129383613,0.0213362594489149,0.0191492055453567,0,0
"556209f2b9e893a0e4b6559c1528e596",0,0,0,0.0252944310094394,0,0,0.00385096365298358,0.00288989646565662,0,0.0253359654586338,0.0535015346492834,0,0.0022009860417467,0,0,0,0,0,0,0,0,0,0,0,0,0,0,0,0
"9adabf530b49244e64c1142cf42a502a",0,0.223446437857514,0.252798214721573,0.0055571098429829,0.0227755845733374,0,0,0,0,0,0,0,0,0,0,0,0,0,0,0,0,0,0,0,0,0,0,0,0
"31a1e677493dc62acdbb253351f9a251",0.00344824842242635,0,0,0,0,0,0,0,0,0,0,0,0,0,0,0,0,0,0,0,0,0,0,0,0,0,0,0,0
"33e423de05448134722fcf4bd6a224d7",0,0.0874826659733056,0.00958889779978381,0.147742472032408,0.0860410972770523,0,0.00283755216535633,0.00288989646565662,0,0,0,0,0,0,0,0,0,0,0,0,0,0,0,0,0,0,0,0,0
"25e038c681656412cc697571c2d30118",0,0.0406266250650026,0.0102426862861327,0.00536548536563866,0,0,0.0109448440663744,0.0191645765617229,0,0,0,0,0,0,0,0,0.0140120935145564,0,0,0,0,0,0,0,0,0,0,0,0
"00aaf73685f0406f32767bc9c43fde5b",0,0,0,0,0,0,0,0.000456299441945783,0,0,0,0,0,0,0,0,0,0,0,0,0,0,0,0,0,0,0,0,0
"14ce80de12b0526121a4d0f4058099d1",0.0344824842242635,0,0,0,0,0,0,0,0,0,0,0,0,0,0,0,0,0,0,0,0,0,0,0,0,0,0,0,0
"c2cac7d762781f38d91567c99eba157e",0.0618032217250261,0,0,0,0,0,0,0,0,0,0,0,0,0,0,0,0,0,0,0,0,0,0,0,0,0,0,0,0
"37539bece60e7ab8fe9d9a76c9fe48e5",0,0,0,0,0,0.00616123964141585,0,0,0,0,0,0,0,0,0,0,0,0,0,0,0,0,0,0,0,0,0,0,0
"e72dd431023ad44a88305647a224790d",0,0.0520020800832033,0.0150371351860246,0.00862310148049071,0,0,0.00749924500844172,0.00730079107113252,0.0617632052418164,0,0,0,0,0,0,0,0,0,0,0,0,0,0,0,0,0,0,0,0
"9eb4774910ed8d676248e0040ca10a83",0,0,0,0,0,0,0,0,0,0.00126679827293169,0,0,0,0,0,0,0,0,0,0,0,0,0,0,0,0,0,0,0
"cea1ad1aac0bb510c18d3f96c1aec560",0.00636599708755633,0,0,0,0,0,0,0,0,0,0,0,0,0,0,0,0,0,0,0,0,0,0,0,0,0,0,0,0
"a5855fa4fbc240bfd25ccc70b1627be3",0,0,0,0,0,0,0.016619948397087,0,0,0.00337812872781783,0,0,0,0,0,0,0,0,0,0,0,0,0,0,0,0,0,0,0
"bc71146ccc3a63837fc7d874a28a173c",0,0,0,0.00344924059219628,0,0,0,0.00517139367538553,0,0,0,0,0,0,0,0,0,0,0,0,0,0,0,0,0,0,0,0,0
"eb0ccdfb925b4aa269b4e3d6848c7b32",0.00663124696620451,0,0,0,0,0,0,0,0,0,0,0,0,0,0,0,0,0,0,0,0,0,0,0,0,0,0,0,0
"ee4416ea3d6750d9a8586868330f1ff6",0.00503974769431543,0,0,0,0,0,0,0,0,0,0,0,0,0,0,0,0,0,0,0,0,0,0,0,0,0,0,0,0
"66cca1bc3b202fdae68d02d5f859b53f",0.00159149927188908,0,0,0,0,0,0,0,0,0,0,0,0,0,0,0,0,0,0,0,0,0,0,0,0,0,0,0,0
"c55e2d0573fbdcf300cff596408b7072",0.00371349830107453,0,0,0,0,0,0,0,0,0,0,0,0,0,0,0,0,0,0,0,0,0,0,0,0,0,0,0,0
"53bd29e551ba399226ce99e06ee5e31b",0,0,0,0,0,0.0308061982070793,0,0,0,0,0,0,0,0,0,0,0,0,0,0,0,0,0,0,0,0,0,0,0
"a85ae3de6b2dd626049270444199438e",0,0.046585196741203,0.0117681927542801,0.0258693044414721,0,0,0.0160119015045107,0.0117116856766084,0,0,0,0,0.00660295812524011,0,0.00677564760926623,0,0,0,0,0,0,0,0,0.00265822478915444,0.00174520408222626,0,0,0,0
"93d1b2dac4133553194837dd9fc38d46",0,0.0102920783498007,0.00501237839534154,0.0189708232570796,0.14424536896447,0,0.0158092192069852,0.00425879479149397,0,0.00464492700074952,0,0,0,0,0,0,0,0,0,0,0,0,0,0,0,0,0,0,0
"dc8477df0245e1b7cf2151a6066f204a",0,0,0,0,0,0,0,0,0,0.00126679827293169,0,0,0.00160071712127033,0,0,0,0,0,0,0,0,0,0,0,0,0,0,0,0
"16e7c551b44e75be84ce23f95da7cb8d",0,0.0197716241983013,0.0143833466996757,0.0149467092328506,0.063265512703715,0,0.0261460163807833,0.0129284841884638,0,0,0,0,0,0,0,0,0,0,0,0,0,0,0,0,0,0,0,0,0
"82fd1b576ddb5cb4a31555dc2a02f381",0.00344824842242635,0,0,0,0,0,0,0,0,0,0,0,0,0,0,0,0,0,0,0,0,0,0,0,0,0,0,0,0
"2f875d64a9be007be12b9063c5704bbc",0,0,0,0,0,0.00308061982070793,0,0,0,0,0,0,0,0,0,0,0,0,0,0,0,0,0,0,0,0,0,0,0
"2e5eb7ce3fc3d7278b91a62ae2e9c825",0,0,0,0,0,0.00308061982070793,0,0,0,0,0,0,0,0,0,0,0,0,0,0,0,0,0,0,0,0,0,0,0
"24b5476371dc34ef4f12b359d6ea6fe4",0.110874449274939,0,0,0.00249111820547509,0,0,0,0.00258569683769277,0.0322242809957303,0,0,0,0.00200089640158791,0,0.00748887367339952,0,0.0102396067990989,0,0,0,0,0,0,0,0,0,0.00158257897069064,0,0
"bda11f81d4705f02ac8558b96bff4e28",0.00610074720890815,0,0,0,0,0,0,0,0,0,0,0,0,0,0,0,0,0,0,0,0,0,0,0,0,0,0,0,0
"f2c297fc0b86c201864ff9fa84ff6d5d",0,0,0,0.00613198327501562,0,0,0,0,0,0,0,0,0,0,0,0,0,0,0,0,0,0,0,0,0,0,0,0,0
"16d7e7a57ee5a4d1019a0343f5008fd3",0,0,0.00370480142264375,0.00479061193360595,0,0,0,0,0,0.00274472959135199,0,0,0,0,0,0,0,0,0,0,0,0,0,0,0,0,0,0,0
"353d319546f0e234f4b2e8d876cfc7e0",0,0.00135422083550009,0,0,0,0,0,0,0,0,0,0,0,0,0,0,0,0,0,0,0,0,0,0,0,0,0,0,0
"c04c09c53250784807c31aa13f822fe1",0,0.000541688334200035,0,0,0,0,0,0,0,0,0,0,0,0,0,0,0,0,0,0,0,0,0,0,0,0,0,0,0
"5e65654a36b93f550852d66910b0bc34",0,0,0.00239722444994595,0,0,0,0,0,0,0,0,0,0,0,0,0,0,0,0,0,0,0,0,0,0,0,0,0,0
"43c0b25b6784fa0e906d10eea57852c8",0.0395222319185789,0,0,0,0,0,0,0,0,0,0,0,0,0,0,0,0,0,0,0,0,0,0,0,0,0,0,0,0
"46fcb071239921902d1df130f863599c",0.00450924793701907,0,0,0,0,0,0,0,0,0,0,0,0,0,0,0,0,0,0,0,0,0,0,0,0,0,0,0,0
"5dc7abaaf2ad90f62d784e23e9d558f2",0,0,0,0,0,0.187917809063184,0,0,0,0,0,0,0,0,0,0,0,0,0,0,0,0,0,0,0,0,0,0,0
"53303fb50c16833ed95f7bd85950456e",0.00159149927188908,0,0,0,0,0.0308061982070793,0,0,0,0,0,0,0,0,0,0,0,0,0,0,0,0,0,0,0,0,0,0,0
"34bd302b38c473a6dc69875818ebfb23",0,0.0593148725949038,0.0361762962446389,0.0339175324899301,0.0556736511792692,0,0.0431713293729212,0.0269216670748012,0.00805607024893257,0.010978918365408,0,0,0.00380170316301703,0,0,0,0,0.00830265961863117,0.00479341779147505,0,0,0.00111308745973406,0,0,0,0,0,0,0
"2ab2d8b1e4ae115107b0baed6f6181ba",0.00344824842242635,0,0,0,0,0,0,0,0,0,0,0,0,0,0,0,0,0,0,0,0,0,0,0,0,0,0,0,0
"11ec9f654a9c1c5dc45e40f82e7cb970",0.00848799611674178,0,0,0,0,0,0,0,0,0,0,0,0,0,0,0,0,0,0,0,0,0,0,0,0,0,0,0,0
"fc89472c649eac4b19e834fe7006dfb6",0,0.00243759750390016,0.00108964747724816,0,0,0,0,0,0,0,0,0,0,0,0,0,0,0,0,0,0,0,0,0,0,0,0,0,0
"a6aee8a6cd6ccba649514961ae6730e1",0,0,0.00130757697269779,0.00095812238672119,0,0,0,0,0,0,0,0,0,0,0,0,0,0,0,0,0,0,0,0,0,0,0,0,0
"07bb3ab197992af0b741d1b71fc16c74",0.110343949517643,0,0,0,0,0.255691445118758,0,0,0,0,0,0,0,0,0,0,0,0,0,0,0,0,0,0,0,0,0,0,0
"67ab6a8c32dcb38e12415ef305a06ce6",0.0275859873794108,0,0,0,0,0,0,0,0,0,0,0,0,0,0,0,0,0,0,0,0,0,0,0,0,0,0,0,0
"6fdf97e983896ead9e2ae8cce7c97f46",0.00291774866512999,0,0,0,0,0,0,0,0,0,0,0,0,0,0,0,0,0,0,0,0,0,0,0,0,0,0,0,0
"5a462824de896daa8561fc9f99347b0f",0,0,0.000217929495449632,0,0,0,0,0,0,0,0,0,0,0,0,0,0,0,0,0,0,0,0,0,0,0,0,0,0
"af7a5c90aaa1a98d17616ee1ce8cbd96",0.0236072391996881,0,0,0,0,0.0123224792828317,0,0,0,0,0,0,0,0,0,0,0,0,0,0,0,0,0,0,0,0,0,0,0
"7550f4d57ad58d7e6f3d407adb707fa3",0,0,0,0,0,0.117063553186901,0,0,0,0,0,0,0,0,0,0,0,0,0,0,0,0,0,0,0,0,0,0,0
"4faa3699baba0e697f56b8f69a2a1f40",0.022015739927799,0.0143547408563009,0,0,0,0,0,0,0,0,0,0,0,0,0,0,0,0,0,0,0,0,0,0,0,0,0,0,0
"1910bfda20570cb1978198cf2fa8e330",0.0339519844669671,0,0,0,0,0,0,0,0,0,0,0,0,0,0,0,0,0,0,0,0,0,0,0,0,0,0,0,0
"6e21064675bd1626771d39886cc9d88b",0.0129972440537608,0,0,0.00172462029609814,0,0.0277255783863713,0.00304023446288178,0.00745289088511445,0,0.00422266090977229,0,0,0.000800358560635165,0,0,0,0.00377248671545749,0.0221404256496831,0.00592128080123388,0,0,0,0,0.0248906502984461,0.0589491156663092,0.0640087783467447,0.0933721592707476,0.0672853177829488,0.101211373628111
"807e5c070ad04eee21adcd47683dda41",0.00371349830107453,0,0,0,0,0.0154030991035396,0,0,0,0,0,0,0,0,0,0,0,0,0,0,0,0,0,0,0,0,0,0,0
"95d7089b4d7799ace0a9c5d9acd3b32f",0.0238724890783362,0.00379181833940024,0,0,0,0,0,0,0,0,0,0,0,0,0,0,0,0,0,0,0,0,0,0,0,0,0,0,0
"3d34df899c737d07c37a5141fecdc373",0.10052970400766,0,0,0,0,0,0,0,0,0,0,0,0,0,0,0,0,0,0,0,0,0,0,0,0,0,0,0,0
"eaa1d57a577a4aa93aceab1782827ea8",0.00742699660214905,0.0260010400416017,0.0102426862861327,0.0109225952086216,0,0,0.00790460960349262,0.0101906875367891,0,0.00485606004623814,0,0,0.00140062748111154,0.0127681307456588,0.0057058085130663,0,0,0,0.00366555478171621,0,0,0.0017809399355745,0,0.00338319518619656,0.00523561224667878,0,0.00822941064759132,0.0140177745381143,0
"b777295e241883a56ab55b6d0fab2f76",0,0,0.00174343596359706,0.000383248954688476,0,0,0,0,0,0,0,0,0.000200089640158791,0,0,0,0.00107785334727357,0,0,0,0,0,0.000777455853465121,0,0,0,0,0,0
"8a1c973b6094cbd560f363581ce1beba",0.108752450245754,0,0.00174343596359706,0.00268274268281933,0,0.0154030991035396,0.00445901054555994,0.00425879479149397,0,0.00971212009247627,0,0,0.00780349596619285,0,0.0271025904370649,0.0176541204717181,0.0388027205018485,0.0359781916807351,0.0211474314329782,0,0,0,0.00285067146270544,0.0142577511418284,0.0186155102104134,0,0.0267455846046718,0.0224284392609829,0.0253028434070279
"70775be7835f6d6a6ecb0d7039b355e3",0,0.0530854567516034,0.0226646675267617,0.0134137134140967,0.0455511691466748,0,0.010336797173798,0.00821338995502409,0,0.00316699568232922,0,0,0.00300134460238187,0,0,0,0,0,0,0,0,0,0,0,0,0,0,0,0
"b35b4cb81d7c54205db79368125f511b",0.00106099951459272,0,0,0,0,0,0,0,0,0,0,0,0,0,0,0,0,0,0,0,0,0,0,0,0,0,0,0,0
"687530ef97a8574b08b65e6100ed1f16",0.130502940294905,0,0.00239722444994595,0,0,0,0,0,0,0,0,0,0,0,0,0,0,0,0,0,0,0,0,0,0,0,0,0,0
"ec32cc6605cedce13a2049357143079a",0.0320952353164298,0,0,0,0,0.0184837189242476,0,0,0,0,0,0,0,0,0,0,0,0,0,0,0,0,0,0,0,0,0,0,0
"8fbc49c6f3ec10b319e77d0a2ed2204f",0.00424399805837089,0,0,0,0,0,0,0,0,0,0,0,0,0,0,0,0,0,0,0,0,0,0,0,0,0,0,0,0
"f70e093acf38a2d3d8f0e88980b0293d",0.00238724890783362,0,0,0,0,0,0,0,0,0,0,0,0,0,0,0,0,0,0,0,0,0,0,0,0,0,0,0,0
"fef03d7c4d744b68dd3c6c56bfd5c256",0,0.00379181833940024,0,0,0,0,0,0,0,0,0,0,0,0,0,0,0,0,0,0,0,0,0,0,0,0,0,0,0
"2cfccf020554e11e7539dd993cba6a0e",0.000265249878648181,0,0,0.00114974686406543,0,0,0.000608046892576355,0,0,0,0,0,0,0,0,0,0,0,0,0,0,0,0,0,0,0,0,0,0
"527903fbf386db15505deed22209fe0a",0.0461534788847834,0,0,0,0,0,0,0,0,0,0,0,0,0,0,0,0,0,0,0,0,0,0,0,0,0,0,0,0
"6cd824d1e0974fbbf83448af65c0def7",0.00769224648079724,0.0113754550182007,0.00566616688169044,0,0,0,0,0,0,0,0,0,0,0,0,0,0,0,0,0,0,0,0,0,0,0,0,0,0
"02ea17d797fcd9ffbf9d5e3644039b1c",0.00450924793701907,0,0,0,0,0,0,0,0,0,0,0,0,0,0,0,0,0,0,0,0,0,0,0,0,0,0,0,0
"8a7df6e8751646d9927c0f0ed34cbf5b",0,0.0335846767204021,0.00806339133163639,0,0,0,0,0,0,0.00211133045488615,0.0168952214681947,0.0169514510442094,0.0148066333717505,0,0.00249629122446651,0,0.00377248671545749,0,0,0,0,0,0,0,0,0,0,0,0
"203409814477d3107596c93e9ba7e5bc",0.0432357302196534,0,0,0,0,0,0,0,0,0,0,0,0,0,0,0,0,0,0,0,0,0,0,0,0,0,0,0,0
"de46181cbf8f5129eec604079cf07d1f",0.0320952353164298,0,0,0,0,0,0,0,0,0,0,0,0,0,0,0,0,0,0,0,0,0,0,0,0,0,0,0,0
"d5e07a8e356cc0345c15c5ff1622951d",0,0.00379181833940024,0,0,0,0,0,0,0,0,0,0,0,0,0,0,0,0,0,0,0,0,0,0,0,0,0,0,0
"08bd59c0dd2f1976f90f4d752e6d414b",0,0,0,0,0,0,0,0,0,0,0,0,0,0,0.00142645212826658,0,0,0,0,0,0,0,0,0,0,0,0,0,0
"8aa21df13e2d324fd17fe7d44bc77099",0.0299732362872444,0.0249176633732016,0.00762753234073712,0.00574873432032714,0,0,0.00648583352081446,0.00319409609362048,0,0.00422266090977229,0,0,0.00260116532206428,0,0,0,0,0,0.00225572601951767,0,0,0,0,0,0,0,0,0,0
"b73b1ef694c71eec29bf86c697f26b20",0.0931027074055114,0,0,0,0,0,0,0,0,0,0,0,0,0,0,0,0,0,0,0,0,0,0,0,0,0,0,0,0
"ffb24eab9531da0542b30ff802e34b65",0.0830232120168805,0,0,0,0,0,0,0,0,0,0,0,0,0,0,0,0,0,0,0,0,0,0,0,0,0,0,0,0
"1f09f246b167ceaa862b68be6e9f3442",0.0013262493932409,0,0,0,0,0,0,0,0,0,0,0,0,0,0,0,0,0,0,0,0,0,0,0,0,0,0,0,0
"3561691a3832d2ec98315c3412a98fa3",0,0.0100212341827006,0,0.0015329958187539,0,0,0,0.000912598883891565,0,0,0,0,0,0,0,0,0,0,0,0,0,0,0,0,0,0,0,0,0
"97c2c7e8cc5a28811906eda58edb16ec",0.00371349830107453,0,0,0,0,0,0,0,0,0,0,0,0,0,0,0,0,0,0,0,0,0,0,0,0,0,0,0,0
"3e0420c192ee113f95af0dafffa3c3d7",0.00212199902918544,0,0,0,0,0,0,0,0,0,0,0,0,0,0,0,0,0,0,0,0,0,0,0,0,0,0,0,0
"3ef47d732a719a9c649132016afeb5e2",0.0209547404132063,0,0,0,0,0.043128677489911,0,0,0,0,0,0,0,0,0,0,0,0,0,0,0,0,0,0,0,0,0,0,0
"87f7d4bd46de8532433f5041d4803e7d",0,0,0.00108964747724816,0,0,0,0,0,0,0,0,0,0,0,0,0,0,0,0,0,0,0,0,0,0,0,0,0,0
"e144d237c973d831d708cac2c17df968",0.0100794953886309,1.5321654532848,1.33895882004254,0.788151475316851,0.174612815062253,0.126305412649025,0.111069899043948,0.254158789163801,0.39743279894734,0.225912358672818,0.275955283980514,0.5424464334147,0.506626968882059,0.430924412665986,1.25028529042565,1.50060024009604,0.95713377237893,1.41975479478593,0.685740709933371,0.285510349750178,0.401854714064915,0.151602512015779,0.19073583605011,0.214832894323482,0.105293979627651,0.0670568154108754,0.215072482116858,0.398104796882447,0.221399879811494
"b9a98bd6fcede4fa31c9da7f86747666",0,0,0.0220108790404128,0,0,0,0,0,0,0,0,0,0,0,0,0,0,0,0,0,0,0,0,0,0,0,0.0177248844717351,0,0
"c62ec451cad772ced1b4f73e447dfe58",0,0,0,0,0,0,0,0,0,0,0,0,0.000600268920476373,0,0,0,0,0,0,0,0,0,0,0,0,0,0,0,0
"c6f278d31a988e901dc047ef3153fbb1",0,0,0,0,0,0,0,0,0,0,0,0,0,0,0,0,0,0,0.000563931504879417,0,0,0,0,0,0,0,0,0,0
"82ea83511804f1d0a5b3fe28fe350f2c",0,0.000541688334200035,0,0,0,0,0,0,0,0,0,0,0,0,0,0,0,0,0,0,0,0,0,0,0,0,0,0,0
"68df70d4bee099629f704201f7295b5d",0,0.00135422083550009,0,0,0,0,0,0,0,0,0,0,0,0,0,0,0,0,0,0,0,0,0,0,0,0,0,0,0
"2e3414cd356e335e4f675efeb43938b3",0.0259944881075217,0,0,0,0,0,0,0,0,0,0,0,0,0,0,0,0,0,0,0,0,0,0,0,0,0,0,0,0
"b0c57e0ed7d0bca22ad86fa554a57a0c",0.00795749635944542,0,0,0,0,0,0,0,0,0,0,0,0,0,0,0,0,0,0,0,0,0,0,0,0,0,0,0,0
"7cdebc400e62034e50c2a3b6db84a0d3",0.000795749635944542,0,0,0,0,0,0,0,0,0,0,0,0,0,0,0,0,0,0,0,0,0,0,0,0,0,0,0,0
"9b81b6e45f605a8664136716c1f36aa2",0.00185674915053726,0,0,0,0,0,0,0,0,0,0,0,0,0,0,0,0,0,0,0,0,0,0,0,0.00542952381137059,0,0,0,0
"6f7d070bd4cfaa09a69bba0e1d046a44",0.00159149927188908,0,0,0,0,0,0,0,0,0,0,0,0,0,0,0,0,0,0,0,0,0,0,0,0,0,0,0,0
"a2bed1579fba6884369c1b3173330800",0.00557024745161179,0,0,0,0,0,0,0,0,0,0,0,0,0,0,0,0,0,0,0,0,0,0,0,0,0,0,0,0
"9212e9ff21fa9b50699aad28af029c33",0.00291774866512999,0,0,0,0,0,0,0,0,0,0,0,0,0,0,0,0,0,0,0,0,0,0,0,0,0,0,0,0
"f30d2084ebd9ba46d4b05f86cf1dfa7b",0,0,0.00261515394539559,0,0,0,0,0,0,0,0,0,0,0,0,0,0,0,0,0,0,0,0,0,0,0,0,0,0
"613a529206f7a8428ca4bb000c908d35",0.00583549733025997,0,0,0,0,0,0,0,0,0,0,0,0,0,0,0,0,0,0,0,0,0,0,0,0,0,0,0,0
"7f26e242060257e98029fcaad8b88db9",0.00450924793701907,0,0,0,0,0,0,0,0,0,0,0,0,0,0,0,0,0,0,0,0,0,0,0,0,0,0,0,0
"ae704d1c88be49728d2e2bd87af45c54",0.000795749635944542,0,0,0,0,0,0,0,0,0,0,0,0,0,0,0,0,0,0,0,0,0,0,0,0,0,0,0,0
"bab56c548143c05f1bd021822bf7aa19",0.0013262493932409,0,0,0,0,0,0,0,0,0,0,0,0,0,0,0,0,0,0,0,0,0,0,0,0,0,0,0,0
"c6171a3d89596153e525e7c455919126",0.000795749635944542,0,0,0,0,0,0,0,0,0,0,0,0,0,0,0,0,0,0,0,0,0,0,0,0,0,0,0,0
"0d4a727aa1a6ad2e7284200ae5fbe3ad",0,0.00297928583810019,0,0,0,0,0,0,0,0,0,0,0,0,0,0,0,0,0,0,0,0,0,0,0,0,0,0,0
"7229a1a874924db8456664b2a5985136",0,0,0,0.0015329958187539,0,0,0.00141877608267816,0.00760499069909638,0,0,0,0,0,0,0.00320951728859979,0,0.0140120935145564,0,0.00366555478171621,0,0,0,0,0,0,0,0.00221561055896689,0,0
"2569f2295eca169e8eeb371a44002f30",0,0,0.00435858990899264,0,0,0,0,0,0,0,0,0,0,0,0,0,0,0,0,0,0,0,0,0,0,0,0,0,0
"2496952100a88c88466683710edf34ba",0.00106099951459272,0,0,0,0,0,0,0,0,0,0,0,0,0,0,0,0,0,0,0,0,0,0,0,0,0,0,0,0
"4e54424feaf302b38dacbb7da4c883dd",0.00238724890783362,0,0,0,0,0,0,0,0,0,0,0,0,0,0,0,0,0,0,0,0,0,0,0,0,0,0,0,0
"e357713de529ed95dc5d315656f58df9",0.00159149927188908,0,0,0,0,0,0,0,0,0,0,0,0,0,0,0,0,0,0,0,0,0,0,0,0,0,0,0,0
"32ad39f13701d9fccab262c56594eb4f",0,0,0,0,0,0.00616123964141585,0,0,0,0,0,0,0,0,0,0,0,0,0,0,0,0,0,0,0,0,0,0,0
"9795a55dde06c4761698039cf60bd637",0,0.141651499393309,0.0562258098260051,0,0,0,0.00222950527277997,0.0179477780498674,0,0,0,0,0,0,0,0,0,0,0,0,0,0,0,0,0,0,0,0,0
"e46b80ea322121d9038890cc3410f1b9",0,0.000541688334200035,0,0,0,0,0,0,0,0,0,0,0,0,0,0,0,0,0,0,0,0,0,0,0,0,0,0,0
"bbbec58ac7c2e7c7ce1734a34aec1ae8",0.00159149927188908,0,0,0,0,0,0,0,0,0,0,0,0,0,0,0,0,0,0,0,0,0,0,0,0,0,0,0,0
"2cc5b2b8bce723252e69475548cd8e57",0,0,0,0,0,0.0184837189242476,0,0,0,0,0,0,0,0,0,0,0,0,0,0,0,0,0,0,0,0,0,0,0
"9895ece38025393ef9ccafafea501d77",0,0.00947954584850061,0,0.0302766674203896,0.0177143435570402,0,0.00749924500844172,0.00410669497751204,0,0,0,0,0,0,0,0,0,0,0.00592128080123388,0,0,0,0,0,0,0,0,0,0
"ad942c95632b90b7d01e5c5e77b99ebc",0,0,0,0.00900635043517919,0,0,0,0,0,0,0,0,0,0,0,0,0,0,0,0,0,0,0,0,0,0,0,0,0
"a43c475502b54cdee1385dcca3109bfe",0,0.0257301958745016,0.0719167334983786,0.151383337101948,0.0328980666059318,0,0.134986410151951,0.119702553603777,0.136953194231854,0.0249136993676565,0.0394221834257877,0.0339029020884188,0.00880394416698681,0.0414964249233912,0.0203269428277987,0.0564931855094979,0.156288735354668,1.41975479478593,0.322850786543466,0.0713775874375446,0.19430337822919,0.12711458790163,0.0564951253517988,0.0171576327299969,0.00833819728174769,0,0,0,0.0221399879811494
"956d35dae808c86e4c2763cba7d609fa",0,0,0,0,0,0,0,0,0,0,0,0,0,0,0,0,0,0,0,0,0,0.0131344320248619,0.00855201438811633,0.00217491119112636,0.00387823129383613,0,0,0,0
"26410d712017c834dccf638a040f9002",0,0,0.0174343596359706,0,0,0,0,0.0339182585179698,0,0,0,0,0,0,0,0,0,0,0,0,0,0,0,0,0,0,0,0,0
"e8844a58e856442c10b5075b197b3f74",0,0.0062294158433004,0,0.00613198327501562,0,0,0.00770192730596717,0.000152099813981928,0,0,0,0,0,0,0,0,0,0,0,0,0,0,0,0,0,0,0,0,0
"09eb7e9f361c0d842f96d14184871ffb",0,0,0,0,0,0,0,0.0152099813981928,0,0,0,0,0,0,0,0,0,0,0,0,0,0,0,0,0,0,0,0,0
"3182f7f1481c062400961d614823e485",0,0,0,0,0,0,0,0.016883079351994,0,0.00696739050112428,0,0,0,0,0,0,0,0,0,0,0,0,0.00285067146270544,0,0,0,0,0,0
"402e6b5b282305d18249bfd6887eee0a",0,0,0,0.00766497909376952,0,0,0,0.0173393787939397,0,0,0,0,0,0,0,0,0,0,0,0,0,0,0,0,0,0,0,0,0
"e38bae89caa9e6029e2bb575ecf1465a",0,0,0,0,0,0,0,0,0,0,0,0,0,0,0,0,0,0,0,0,0,0,0,0,0,0,0.00506425270621004,0,0
"37e4420bd53e9fdbe33fa465e829f030",0,0.0108337666840007,0.00784546183618676,0,0,0,0,0,0,0,0,0,0,0,0,0,0,0,0,0,0,0,0,0,0,0,0,0,0
"bf3cf03e93fd3eb39a0ee44a895a1e2d",0.000530499757296361,0,0,0,0,0,0,0,0,0,0,0,0,0,0,0,0,0,0,0,0,0,0,0,0,0,0,0,0
"3cf1742119ed5fa9647b23f85b3f9af1",0.00238724890783362,0,0,0,0,0,0,0,0,0,0,0,0,0,0,0,0,0,0,0,0,0,0,0,0,0,0,0,0
"3ad87bba1f2057ec3f2d3dfb1faa6e4c",0.000795749635944542,0,0,0,0,0,0,0,0,0,0,0,0,0,0,0,0,0,0,0,0,0,0,0,0,0,0,0,0
"e00f85cb3452e37943500e86afb268f4",0.00344824842242635,0,0,0,0,0,0,0,0,0,0,0,0,0,0,0,0,0,0,0,0,0,0,0,0,0,0,0,0
"e8f301ad6c8b07835edee784bcb81d17",0.000530499757296361,0,0,0,0,0,0,0,0,0,0,0,0,0,0,0,0,0,0,0,0,0,0,0,0,0,0,0,0
"cc6afef9ee630eedd003d07f22d62140",0.00185674915053726,0,0,0,0,0,0,0,0,0,0,0,0,0,0,0,0,0,0,0,0,0,0,0,0,0,0,0,0
"0f312394fc32d16cfdca183b11aad4ad",0,0.245926503726816,0.338880365424178,0.0172462029609814,0.0404899281303776,0,0.0174306775871889,0.0313325616802771,0.0187974972475093,0.00612285831916983,0,0,0.00240107568190549,0,0.00142645212826658,0,0,0.0442808512993662,0.0138163218695457,0.0155168668342488,0,0,0,0,0,0,0,0,0
"00e66df34e257e501593d8fab7b76b0d",0,0.237259490379615,0.0834669967572091,0.00766497909376952,0.0607348921955664,0,0.0253352871906815,0.123657148767307,0,0.0116123175018738,0,0,0,0,0,0,0,0,0,0,0,0,0,0,0,0,0,0,0
"8cc8b34be2f3cb1e12e390328759aaf7",0.0119362445391681,0,0,0,0,0,0,0,0,0,0,0,0,0,0,0,0,0,0,0,0,0,0,0,0,0,0,0,0
"223a97d643f3bf7a15933041059405f2",0,0,0,0,0,0.0123224792828317,0,0,0,0,0,0,0,0,0,0,0,0,0,0,0,0,0,0,0,0,0,0,0
"ebe91a7d912f432d8726b0cef99d18c3",0.00265249878648181,0,0,0,0,0,0,0,0,0,0,0,0,0,0,0,0,0,0,0,0,0,0,0,0,0,0,0,0
"fd28148d0cd2eca274f8a3bb38944793",0.00238724890783362,0.0923578609811059,0.110926113183863,0.0983033568775941,0,0,0.0117555732564762,0.0174914786079217,0,0,0,0,0.00120053784095275,0,0.00285290425653315,0.0105924722830309,0.0145510201881932,0,0.0126884588597869,0,0,0.00311664488725537,0.00647879877887601,0.00314153838718252,0,0,0.00538076850034817,0,0
"2bb4936212530cde65ba75ca2eeb811a",0,0,0,0,0,0.00924185946212378,0,0,0,0,0,0,0,0,0,0,0,0,0,0,0,0,0,0,0,0,0,0,0
"0baae4d70749907f3e1f9be33a159e80",0,0.104275004333507,0.0592768227622999,0.00344924059219628,0,0,0.00567510433071265,0.0241838704231265,0,0.00232246350037476,0,0,0,0,0,0,0,0,0.000845897257319126,0,0,0,0.0012957597557752,0,0,0,0,0,0
"46220d9e9e76e37d38ea38554c453179",0,0,0,0,0,0,0,0,0,0,0,0,0.00160071712127033,0,0,0,0,0,0,0,0,0,0,0,0,0,0,0,0
"06e03c616890e7dd3b607e7605fda9be",0.00371349830107453,0,0,0,0,0,0,0,0,0,0,0,0,0,0,0,0,0,0,0,0,0,0,0,0,0,0,0,0
"0c383d815fd10fc34608bc3c3415bd28",0.0013262493932409,0,0,0,0,0,0,0,0,0,0,0,0,0,0,0,0,0,0,0,0,0,0,0,0,0,0,0,0
"ac3f05517b1b612528747e13dde51f63",0.00106099951459272,0,0,0,0,0,0,0,0,0,0,0,0,0,0,0,0,0,0,0,0,0,0,0,0,0,0,0,0
"78f289cd472d09e153e93361d0beeb2f",0,0.00677110417750043,0.00523030789079117,0.00134137134140967,0,0,0,0,0,0,0,0,0,0,0,0,0,0,0,0,0,0,0,0,0,0,0,0,0
"6bbba65392a923662648a61d94002b30",0.0389917321612825,0,0,0,0,0,0,0,0,0,0,0,0,0,0,0,0,0,0,0,0,0,0,0,0,0,0,0,0
"085c382879bb22ae25c77dca748d1387",0,0.0728570809499047,0.0335611422992433,0.012072342072687,0.0961635793096467,0,0.00810729190101807,0.0263132678188735,0.013426783748221,0,0,0,0.00120053784095275,0,0,0,0,0,0.000845897257319126,0,0,0,0,0,0,0,0,0,0
"29cd0f756cdd319b032b1b1eb1be4c8f",0,0,0.00239722444994595,0.0157132071422275,0,0,0.0111475263638999,0.00745289088511445,0,0.00168906436390892,0,0,0,0,0,0,0,0,0,0,0,0,0,0,0,0,0,0,0
"b2f2f46a7ac98e69a9c672e3c11d4dc6",0,0.00595857167620038,0.00283308344084522,0,0,0,0,0,0,0,0,0,0,0,0,0,0,0,0,0,0,0,0,0,0,0,0,0,0
"7f1023e871bcd3a4f7ac96f3a40c9a8d",0,0.0655442884382042,0.0385735206945849,0.210595300601318,0.063265512703715,0,0.0737763562992645,0.0868489937836806,0.0268535674964419,0.0253359654586338,0.0112634809787965,0.00678058041768375,0.0128057369701626,0,0.00713226064133288,0.0141232963773745,0.0743718809618763,0.0166053192372623,0.00394752053415592,0,0,0.00200355742752131,0.00336897536501552,0.00193325439211232,0,0,0,0,0
"8d6e9c000ccfb1a2eb70d805990db95d",0,0.00677110417750043,0.0156909236723735,0.00728173013908105,0,0,0.00304023446288178,0,0,0,0,0,0,0,0,0,0,0,0,0,0,0,0,0,0,0,0,0,0
"edb3a254eb3f2e858f60f8ccbd76cadc",0,0,0,0,0,0,0,0.000304199627963855,0,0,0,0,0,0,0,0,0,0,0,0,0,0,0,0,0,0,0,0,0
"5f69c3b4eaeff62fafe6366f19a2fab3",0,0,0,0.00823985252580224,0,0,0,0.00380249534954819,0,0,0,0,0,0,0,0,0,0,0,0,0,0,0,0,0,0,0,0,0
"a743ded8ab3e004a1671552ecbb9bb5b",0.00238724890783362,0,0,0,0,0,0,0,0,0,0,0,0,0,0,0,0,0,0,0,0,0,0,0,0,0,0,0,0
"d565cc730adacf032359b0bbd5840ed3",0.00238724890783362,0,0,0,0,0,0,0,0,0,0,0,0,0,0,0,0,0,0,0,0,0,0,0,0,0,0,0,0
"66a02ed3c1738629e43ea7ca4005dafa",0.00265249878648181,0,0,0,0,0,0,0,0,0,0,0,0,0,0,0,0,0,0,0,0,0,0,0,0,0,0,0,0
"46106a1395497d731c64d8d5b56c3771",0.00397874817972271,0,0,0.00172462029609814,0,0,0,0.000912598883891565,0,0.00126679827293169,0,0,0.000800358560635165,0,0,0,0.00161678002091035,0,0,0,0,0,0,0,0,0,0,0,0
"c07944d9bc5b69d80662d68f09d8fbb4",0,0,0,0.000383248954688476,0,0,0,0,0,0,0,0,0,0,0,0,0,0,0,0,0,0,0,0,0,0,0,0,0
"ec0ca50d7a1c6ee56a7ed9d776d9c0d1",0,0.00812532501300052,0.133372851215175,0,0,0,0,0,0,0,0,0,0,0,0,0,0,0,0,0,0,0.000667852475840437,0,0.0036248519852106,0.00252085034099349,0,0.0134519212508704,0,0
"be2d073abdb45af47fc76fa5752fb3f5",0,0,0.0202674430768158,0,0,0,0,0,0,0,0,0,0,0,0,0,0,0,0,0,0,0,0.00207321560924032,0,0,0,0.00221561055896689,0,0
"373d9c7b19e02b42024ac7d4b55dd1a8",0.0013262493932409,0,0,0,0,0,0,0,0,0,0,0,0,0,0,0,0,0,0,0,0,0,0,0,0,0,0,0,0
"4ce8113a40dc776a5daa50784544c8b8",0,0.0817949384642052,0.0169985006450713,0,0,0,0,0,0,0,0,0,0,0,0,0,0,0,0,0,0,0,0.00207321560924032,0.00217491119112636,0,0,0.000791289485345319,0,0
"d22ab0227295d4646e98ca484b96c239",0,0.062835846767204,0,0,0,0,0,0,0,0,0,0,0,0,0,0,0,0,0,0,0,0,0,0,0,0,0,0,0
"7b35a5b1674bbaefc9af01283da529c1",0,0.285198907956318,0,0,0,0,0,0,0,0,0,0,0,0,0,0,0,0,0,0,0,0,0,0,0,0,0,0,0
"287ba0fdb084dd16e803afd5ad536460",0,0.00677110417750043,0,0,0,0,0,0,0,0,0,0,0,0,0,0,0,0,0,0,0,0,0,0,0,0,0,0,0
"23a68909643e167f508a7baac78d7026",0,0,0,0,0,0,0,0,0,0,0,0,0,0,0.0089153258016661,0,0.00485034006273106,0,0.00704914381099272,0,0,0.0276045690014047,0.0106252299973567,0.00749136076943525,0.00407214285852794,0,0.0200987529277711,0,0
"3eca9c3ddfcd1664d37b708370ae7a05",0,0,0,0,0,0,0,0,0,0,0,0.0169514510442094,0,0,0,0,0,0,0,0,0,0,0,0,0,0,0,0,0
"13c192d50cff7e65ab17657c4769d790",0.00557024745161179,0,0,0,0,0,0,0,0,0,0,0,0,0,0,0,0,0,0,0,0,0,0,0,0,0,0,0,0
"91ae0ed28c5142ecc8b8e9a5d5f707d5",0,0.0121879875195008,0.00631995536803933,0,0,0,0.0139850785292562,0,0,0,0,0,0,0,0,0,0,0,0,0,0,0,0,0,0,0,0,0,0
"e70ce5e53ecded4a5d878b0f3e0eb2d2",0,0,0,0,0,0,0,0.000152099813981928,0,0,0,0,0,0,0,0,0,0,0,0,0,0,0,0,0,0,0,0,0
"d3156233792852376762d588f607ac71",0,0.137317992719709,0.06516091913944,0.266549647985835,0.0303674460977832,0,0.00871533879359443,0.0331577594480602,0,0.00337812872781783,0,0,0.00800358560635164,0,0.0057058085130663,0,0,0,0.00197376026707796,0,0,0,0.00414643121848064,0.00531644957830889,0.00271476190568529,0.0121921482565228,0.00553902639741723,0,0
"4f4dc6bfd6d1b43335fe96fd6eb3e297",0.0013262493932409,0,0,0,0,0,0,0,0,0,0,0,0,0,0,0,0,0,0,0,0,0,0,0,0,0,0,0,0
"e01570517d009e1f5e5443a9dd58a231",0,0,0,0.00095812238672119,0,0,0,0,0,0,0,0,0,0,0,0,0,0,0,0,0,0,0,0,0,0,0,0,0
"648e7c40b893d19a0a37273a6e507e90",0,0,0,0,0,0,0,0,0,0,0,0,0,0,0.000356613032066644,0,0,0,0,0,0,0,0,0,0,0,0,0,0
"021debed55af14cc6451649e0fcd3ad0",0.0262597379861699,0,0,0,0,0,0,0,0,0,0,0,0,0,0,0,0,0,0,0,0,0,0,0,0,0,0,0,0
"283755ba25c1e02155384ef6f268c2ae",0.0870019601966032,0,0,0,0,0,0,0,0,0,0,0,0,0,0,0,0,0,0,0,0,0,0,0,0,0,0,0,0
"8f41bea56ea28ecfb10b1e83a77ff160",0.00238724890783362,0,0,0,0,0,0,0,0,0,0,0,0,0,0,0,0,0,0,0,0,0,0,0,0,0,0,0,0
"a759ddc94367592f2474e1de3acdb224",0,0.0046043508407003,0.00806339133163639,0,0,0,0,0.00106469869787349,0,0,0,0,0,0,0,0,0,0,0,0,0,0,0,0,0,0,0,0.0084106647228686,0
"2b335f368deba69c6c95c18da31dc5f4",0.3352758466113,0,0,0,0,0.0862573549798219,0,0,0,0,0,0,0,0,0,0,0,0,0,0,0,0,0,0,0,0,0,0,0
"f2cd13764c9588bd921f3a53138830da",0.161006676339446,0,0,0,0,0,0,0,0,0,0,0,0,0,0,0,0,0,0,0,0,0,0,0,0,0,0,0,0
"6c1758cff014a807d58bd737c76ec233",0.0164454924761872,0,0,0,0,0,0,0,0,0,0,0,0,0,0,0,0,0,0,0,0,0,0,0,0,0,0,0,0
"1351e87aa6c89a114e5104be8fe7c817",0.00530499757296361,0,0,0.127430277433918,0,0,0.00810729190101807,0.0060839925592771,0,0.0133013818657827,0.0140793512234956,0.0101708706265256,0.00400179280317582,0,0,0,0,0,0.00169179451463825,0,0,0.00111308745973406,0.00233236756039536,0.00386650878422464,0.00232693877630168,0,0.00126606317655251,0,0
"c667b7a7367b1dbad8a24df3fef9441a",0.0183022416267245,0,0,0,0,0,0,0,0,0,0,0,0,0,0,0,0,0,0,0,0,0,0,0,0,0,0,0,0
"9298ac3ee3ca7f2d3eb2fcd739324462",0.00742699660214905,0,0,0,0,0,0,0,0,0,0,0,0,0,0,0,0,0,0,0,0,0,0,0,0,0,0,0,0
"dd845f9a83e4214b3e9e1a1ead34f609",0.0127319941751127,0,0,0,0,0,0,0,0,0,0,0,0,0,0,0,0,0,0,0,0,0,0,0,0,0,0,0,0
"37376f3bdaca3bbd8c0eabde3b65c9a8",0,0,0,0.00325761611485205,0,0,0,0,0,0,0,0,0,0,0,0,0,0,0,0,0,0,0,0,0,0,0,0,0
"ba7e734314ca58b585509a99c1dc8f97",0,0.0062294158433004,0,0.0318096632391435,0,0,0.00385096365298358,0.00456299441945783,0,0.00211133045488615,0,0,0.00260116532206428,0,0.00249629122446651,0,0,0,0,0,0,0,0,0,0,0,0,0,0
"55c520d7fe25c3a704fca36f36fde991",0,0,0.00261515394539559,0.0134137134140967,0,0,0,0,0,0,0,0,0,0,0,0,0.0215570669454714,0,0,0.0217236135679484,0,0.0523151106075009,0.0228053717016435,0,0,0,0,0,0
"75dd0ee2682cb0bf3146f334b0c41c93",0,0.0132713641879009,0.00414066041354301,0,0,0,0,0,0,0,0,0,0,0,0,0,0,0,0.00902290407807068,0,0.039743872819607,0.0598841053336925,0.025915195115504,0.0036248519852106,0.00213302721160987,0,0.00933721592707476,0,0
"4c41a7fd62f9ed9348949825d0bd354c",0,0,0,0,0,0,0,0,0,0,0,0,0,0,0,0,0,0,0,0,0,0,0,0,0.000193911564691807,0,0,0,0
"60da7a21ae2997bc70a9730fd8151a29",0,0.0658151326053042,0.0793263363436661,0.220559773423218,0.0177143435570402,0,0.00648583352081446,0.0161225802820843,0,0.0057005922281926,0,0,0.00520233064412857,0,0,0,0,0,0,0,0,0,0.00310982341386048,0.00289988158816848,0,0,0,0,0
"7dc6bc8a29e523ea6cd464f8db0a770d",0,0.0119171433524008,0.014819205690575,0,0,0,0,0,0,0,0,0,0,0,0,0,0,0,0,0,0,0,0,0,0,0,0,0,0
"2fab6fd26dd55de5095ef7e45c45017b",0,0,0,0,0,0,0,0,0,0,0,0,0,0,0,0,0,0,0,0,0,0.000222617491946812,0,0,0,0,0,0,0
"75d80c6719572b77733668a43dddaa60",0.00583549733025997,0,0,0,0,0,0,0,0,0,0,0,0,0,0,0,0,0,0,0,0,0,0,0,0,0,0,0,0
"5c9fb7a940057c1f9f962c0feb1bab79",0.00238724890783362,0,0,0,0,0,0,0,0,0,0,0,0,0,0,0,0,0,0,0,0,0,0,0,0,0,0,0,0
"ca7dd43ffcedbade1adc51132a0deec1",0.00344824842242635,0,0,0,0,0,0,0,0,0,0,0,0,0,0,0,0,0,0,0,0,0,0,0,0,0,0,0,0
"49eabe5ac42dea1466d651d64825b6c6",0.00716174672350087,0,0,0,0,0,0,0,0,0,0,0,0,0,0,0,0,0,0,0,0,0,0,0,0,0,0,0,0
"7bee0db5d6c5c416f00bf1e6faffc9a8",0.00344824842242635,0,0,0,0,0,0,0,0,0,0,0,0,0,0,0,0,0,0,0,0,0,0,0,0,0,0,0,0
"29b2f8399229daa8138a86a37fa795f1",0.0140582435683536,0,0,0,0,0,0,0,0,0,0,0,0,0,0,0,0,0,0,0,0,0,0,0,0,0,0,0,0
"9874202de61384a91f48d042f2ccafbc",0.0129972440537608,0,0,0,0,0,0,0,0,0,0,0,0,0,0,0,0,0,0,0,0,0,0,0,0,0,0,0,0
"5c31471f389b8248e70e5bd95713a74c",0,0,0,0,0,0,0.000202682297525452,0,0,0,0,0,0,0,0,0,0,0,0,0,0,0,0,0,0,0,0,0,0
"af62b8aa99dba188ac2f26d05dff89d1",0.126258942236534,0,0,0,0,0,0,0,0,0,0,0,0,0,0,0,0,0,0,0,0,0,0,0,0,0,0,0,0
"e9e060e5e0e46911cad92b8292aeefd7",0.441641047949221,2.95274310972439,1.77503574043725,0.0640025754329755,0.260653912339306,0,0.0950579975394369,0.0643382213143553,0.0187974972475093,0.0183685749575095,0.0112634809787965,0.0135611608353675,0.00520233064412857,0,0.00748887367339952,0,0.00431141338909428,0.0276755320621039,0.00507538354391476,0,0,0,0,0.00144994079408424,0,0,0,0,0
"0a57a465cfa8639424b461d0dbc7ed66",0.000795749635944542,0,0,0,0,0,0,0,0,0,0,0,0,0,0,0,0,0,0,0,0,0,0,0,0,0,0,0,0
"bdd1ff0b7dda6da30f922fc86600543a",0,0.0176048708615011,0.0169985006450713,0.00134137134140967,0,0,0,0,0,0,0,0,0,0,0,0,0,0,0,0,0,0,0,0,0,0,0,0,0
"09eb2ace0ecf6426286819c37b4010e0",0.0153844929615945,0,0,0,0,0,0,0,0,0,0,0,0,0,0,0,0,0,0,0,0,0,0,0,0,0,0,0,0
"e7ce63997dfabeeef0a57cf7324b9a38",0,0,0,0.00364086506954052,0,0,0,0,0,0,0,0,0,0,0,0,0,0,0,0,0,0,0,0,0,0,0,0,0
"34e20439c680b4b5689f8355e1b87165",0,0,0.0102426862861327,0,0,0,0,0,0,0,0,0,0,0,0,0,0,0,0,0,0,0,0,0,0,0,0,0,0
"da8011c670ba64a99498171a2ba72892",0,0.00406266250650026,0.00217929495449632,0,0,0,0,0,0,0,0,0,0,0,0,0,0,0,0,0,0,0,0,0,0,0,0,0,0
"abe0e2740f8459c2e33550945597567d",0,0,0,0,0,0,0,0,0,0,0,0,0,0,0,0,0,0,0,0,0,0,0.00103660780462016,0,0,0,0.000158257897069064,0,0
"df718da3c7d5615d6f30a415de90fea7",0.0013262493932409,0,0,0,0,0,0,0,0,0,0,0,0,0,0,0,0,0,0,0,0,0,0,0,0,0,0,0,0
"8b0ebd33e66653c42aa292e40bf6291c",0,0,0,0,0,0,0,0,0,0,0,0,0.000800358560635165,0,0.00320951728859979,0.0176541204717181,0.00862282677818856,0,0.00479341779147505,0,0,0.0091273171698193,0.0378361848686359,0.00314153838718252,0.00426605442321975,0,0.00854592644172944,0,0
"0c115cc28920184a7e0b25223763a748",0,0,0,0.00287436716016357,0,0,0,0,0,0,0,0,0,0,0,0,0,0,0,0,0,0,0,0,0,0,0,0,0
"b21e9a2a1e6186cdab5d075a2e3bdeba",0,0,0,0,0,0,0,0,0,0,0,0,0,0,0,0,0,0,0,0,0,0,0,0,0.00426605442321975,0,0,0,0
"e4726f3d57702fff7a622a277f09f348",0,0,0.00239722444994595,0,0,0,0,0,0,0,0,0,0,0,0,0,0,0,0,0,0,0,0,0,0,0,0,0,0
"68c7aa8355d0b7c6e75c67d5df51d569",0.0854104609247141,0,0,0,0,0,0.00364828135545813,0,0,0,0,0,0,0,0,0,0,0,0,0,0,0,0,0,0,0,0,0,0
"6beaf7c505778021c6d149ffc3a6d02d",0.0480102280353207,0,0,0,0,0,0.00628315122328901,0.00182519776778313,0.0268535674964419,0.00696739050112428,0,0,0.00260116532206428,0,0.00320951728859979,0,0,0,0.00169179451463825,0,0,0.00244879241141493,0,0.00193325439211232,0,0,0,0,0
"c9a5de56046a818a6f69569090af6d1c",0,0.077732275957705,0.092402106070644,0,0,0,0,0,0,0,0,0,0,0,0,0,0,0,0,0,0,0,0,0,0,0,0,0,0
"49196b1aebe801d08aeafc3c6ee37b63",0.00238724890783362,0,0,0,0,0,0,0,0,0,0,0,0,0,0,0,0,0,0,0,0,0,0,0,0,0,0,0,0
"472fdc0687378563f0c9da6da7638e1a",0.00424399805837089,2.06545761830473,1.274233759894,0.979201079229056,0.470695414515639,0,0.104584065523133,0.277125861075072,0.953301646123688,0.460903438301646,0.233717230310027,0.115269867100624,0.143064092713536,0.121297242083759,0.0542051808741299,0.0494315373208107,0.0382637938282117,0.099631915423574,0.0482161436671902,0.0682742140706948,0.0529918304261426,0.0256010115738834,0.0349855134059304,0.0260989342935163,0.0188094217751052,0,0.00648857377983161,0,0
"50bef0776b442d38fe4de5a83b9187a8",0.00265249878648181,0,0,0,0,0,0.00932338568617078,0.152251913795909,0,0.00190019740939753,0,0,0,0,0,0,0,0,0,0,0,0,0,0,0,0,0,0,0
"4b3f93408aee639f8a0d3499050b9ff3",0.00424399805837089,0,0,0,0,0,0,0,0,0,0,0,0,0,0,0,0,0,0,0,0,0,0,0,0,0,0,0,0
"235cecb983088e1e7e515d60ffa5241b",0,0,0,0,0,0,0,0,0,0.000422266090977229,0,0,0,0,0,0,0,0,0,0,0,0,0,0,0,0,0,0,0
"0a1ad45b3f804b63062c39bed1fc1132",0,0,0,0,0,0,0,0.123657148767307,0,0,0,0,0,0,0,0,0,0,0,0,0,0,0,0,0,0,0,0,0
"caddc7c3f8e30f2e74778fca73689c4b",0,0,0,0,0,0,0,0,0,0,0,0,0.00420188244333461,0,0.00142645212826658,0.028246592754749,0.00916175345182534,0,0.00620324655367359,0,0,0.00979516964565974,0.0145125092646823,0.0113578695536599,0.00562343537606239,0,0.00712160536810787,0,0
"91f0e5c44114d5c9a43a1eec10154a17",0.00238724890783362,0,0,0,0,0,0,0,0,0,0,0,0,0,0,0,0,0,0,0,0,0,0,0,0,0,0,0,0
"32987fc28625ec2b81822b0fdaa91275",0.00265249878648181,0,0,0,0,0,0,0,0,0,0,0,0,0,0,0,0,0,0,0,0,0,0,0,0,0,0,0,0
"97f1dfd76250227f4fa9736d1ec5d108",0.0013262493932409,0,0,0,0,0,0,0,0,0,0,0,0,0,0,0,0,0,0,0,0,0,0,0,0,0,0,0,0
"fd49dfe5a86c187e08a334fd7e25ff60",0.00769224648079724,0,0,0,0,0,0,0,0,0,0,0,0,0,0,0,0,0,0,0,0,0,0,0,0,0,0,0,0
"1191fe2ebce22f74b6596d9d91475abf",0.00450924793701907,0,0,0,0,0,0,0,0,0,0,0,0,0,0,0,0,0,0,0,0,0,0,0,0,0,0,0,0
"07a0a37967e31e9f4fe1683f99cc42b7",0.00742699660214905,0,0.0067558143589386,0.008048228048458,0.012653102540743,0,0.00324291676040723,0.00927808865289758,0,0,0,0,0,0,0,0,0,0,0,0,0,0,0,0,0,0,0,0,0
"489ebda75c9174b8e7ad565ac0f52b97",0.022015739927799,0,0,0,0,0,0,0,0,0,0,0,0,0,0,0,0,0,0,0,0,0,0,0,0,0,0,0,0
"892351141be327d407d7d063c3a74f59",0.0283817370153553,0,0,0,0,0,0,0,0,0,0,0,0,0,0,0,0,0,0,0,0,0,0,0,0,0,0,0,0
"fe243279a53940656a0d4289ddc3ea66",0.00106099951459272,0,0,0,0,0,0,0,0,0,0,0,0,0,0,0,0,0,0,0,0,0,0,0,0,0,0,0,0
"8add17e8b7e219187fd9b6e3ef665609",0.00503974769431543,0,0,0,0,0,0,0,0,0,0,0,0,0,0,0,0,0,0,0,0,0,0,0,0,0,0,0,0
"17cd9e80e0f41c506e23257e356ac923",0.0127319941751127,0,0,0,0,0,0,0,0,0,0,0,0,0,0,0,0,0,0,0,0,0,0,0,0,0,0,0,0
"a8c0192a45a12e2f86fe50245c36917d",0.0644557205115079,0,0,0,0,0,0,0,0,0,0,0,0,0,0,0,0,0,0,0,0,0,0,0,0,0,0,0,0
"6016284cfbfb502783dfcad77e50e749",0,0,0.000217929495449632,0,0,0,0,0,0,0,0,0,0,0,0,0,0,0,0,0,0,0,0,0,0,0,0,0,0
"70bc60bf6b649f62bb1ee7538331006f",0.013262493932409,0,0,0,0,0,0,0,0,0,0,0,0,0,0,0,0,0,0,0,0,0,0,0,0,0,0,0,0
"d00d97e1374e175183b294e067ec1cfb",0.00159149927188908,0,0,0,0,0,0,0,0,0,0,0,0,0,0,0,0,0,0,0,0,0,0,0,0,0,0,0,0
"1557e1ae96e182db04d667afa2262c8e",0.0259944881075217,0,0,0,0,0,0,0,0,0,0,0,0,0,0,0,0,0,0,0,0,0,0,0,0,0,0,0,0
"7ba75de333c5db029e78e068dde0fbe8",0.00557024745161179,0,0,0,0,0,0,0,0,0,0,0,0,0,0,0,0,0,0,0,0,0,0,0,0,0,0,0,0
"3a1e48f3d9f9c151cd121f1d5d2f3261",0.00185674915053726,0,0,0,0,0,0,0,0,0,0,0,0,0,0,0,0,0,0,0,0,0,0,0,0,0,0,0,0
"334b1d727a1edd0d17d589993ea3a1ab",0.0175064919907799,0,0,0,0,0,0,0,0,0,0,0,0,0,0,0,0,0,0,0,0,0,0,0,0,0,0,0,0
"4f991b9a87b25e13c75f8eb888f9f7be",0.00742699660214905,0,0,0,0,0,0,0,0,0,0,0,0,0,0,0,0,0,0,0,0,0,0,0,0,0,0,0,0
"666b0c3f75da615166898be90c200697",0.00530499757296361,0,0,0,0,0,0,0,0,0,0,0,0,0,0,0,0,0,0,0,0,0,0,0,0,0,0,0,0
"8d94059665b326451d66d86b45255634",0.0151192430829463,0,0,0,0,0,0,0,0,0,0,0,0,0,0,0,0,0,0,0,0,0,0,0,0,0,0,0,0
"ffb7f32b76b8aea19e3d810eef8cb779",0.00981424550998268,0,0,0,0,0,0,0,0,0,0,0,0,0,0,0,0,0,0,0,0,0,0,0,0,0,0,0,0
"8fa174b717385600595ec8771240bfe8",0,0.00704194834460045,0.00130757697269779,0,0,0,0.000810729190101807,0,0,0.00105566522744307,0.00844761073409737,0,0.00200089640158791,0,0,0,0,0,0,0,0,0,0,0,0,0,0,0,0
"074479d786da002e8256e36bc49904fa",0.00238724890783362,0,0,0,0,0,0,0,0,0,0,0,0,0,0,0,0,0,0,0,0,0,0,0,0,0,0,0,0
"9ff60b1660430eecb3f6b31e6f3db189",0,0,0,0,0,0,0,0,0,0,0,0,0,0,0,0,0,0,0.00197376026707796,0,0,0.003561879871149,0.00466473512079072,0.00555810637732293,0.011052959187433,0.0091441111923921,0.00490599480914098,0,0
"9252a9854a55ae3605817df259632d05",0,0.00758363667880048,0.000871717981798529,0.00249111820547509,0,0,0.00101341148762726,0.00136889832583735,0,0,0,0,0,0,0,0,0,0,0,0,0,0,0,0,0,0,0,0,0
"3cabb3834aa4f8f1c38942df4a372056",0.000265249878648181,0,0,0,0,0,0,0,0,0,0,0,0,0,0,0,0,0,0,0,0,0,0,0,0,0,0,0,0
"d56e57f7a7e3a1b98778de802e7097d0",0,0,0,0,0,0,0,0,0,0,0,0,0,0,0,0,0,0,0,0,0,0.003561879871149,0.0150308131669923,0.00434982238225272,0.00252085034099349,0,0.00316515794138128,0,0
"4f00beb51dfba2712cf36ef4f05da691",0.00583549733025997,0,0,0,0,0,0,0,0,0,0,0,0,0,0,0,0,0,0,0,0,0,0,0,0,0,0,0,0
"7eea950c837e9a07539bc8deadb18ccd",0.00424399805837089,0,0,0,0,0,0,0,0,0,0,0,0,0,0,0,0,0,0,0,0,0,0,0,0,0,0,0,0
"6bb8346dab9a3a0256b22ca23f399e86",0.00265249878648181,0,0,0,0,0,0,0,0,0,0,0,0,0,0,0,0,0,0,0,0,0,0,0,0,0,0,0,0
"035beae42c3fa186f05aff0ad8fedb94",0,0,0,0,0,0.00616123964141585,0,0,0,0,0,0,0,0,0,0,0,0,0,0,0,0,0,0,0,0,0,0,0
"a372cf10657d0756778992bacff2d706",0.0082227462380936,0,0,0,0,0,0,0,0,0,0,0,0,0,0,0,0,0,0,0,0,0,0,0,0,0,0,0,0
"ab5cf39b2e9868170c9294e681805b5c",0,0,0,0,0,0.00308061982070793,0,0,0,0,0,0,0,0,0,0,0,0,0,0,0,0,0,0,0,0,0,0,0
"1290a35b898a6ddebd15a90b490ad36a",0,0,0,0,0,0.00308061982070793,0,0,0,0,0,0,0,0,0,0,0,0,0,0,0,0,0,0,0,0,0,0,0
"b3848fcb6cb7ac786f17897a46e4a681",0.00106099951459272,0,0,0,0,0,0,0,0,0,0,0,0,0,0,0,0,0,0,0,0,0,0,0,0,0,0,0,0
"efbf41ef6305f10672073c212c671a34",0,0.00135422083550009,0.00108964747724816,0,0,0,0,0,0,0,0,0,0,0,0,0,0,0,0,0,0,0,0,0,0,0,0,0,0
"ebe4386302d56ad91632ab04d8e4f2a0",0.000795749635944542,0,0,0,0,0,0,0,0,0,0,0,0,0,0,0,0,0,0,0,0,0,0,0,0,0,0,0,0
"463921baaa4efa55a2dd33663c3a3e27",0,0,0,0,0,0,0,0.00136889832583735,0,0,0,0,0,0,0,0,0,0,0,0,0,0,0,0,0,0,0,0,0
"cac0146ef6e3485fd6a9f6cd8f6ccb06",0.0262597379861699,0,0,0.00268274268281933,0.0177143435570402,0,0.00385096365298358,0.00243359702371084,0,0.00401152786428368,0,0,0,0,0,0,0,0,0,0,0,0,0,0,0,0,0,0,0
"1b8a948ece330b43c14f1197c1813886",0.0228114895637435,0,0,0,0,0,0,0,0,0,0,0,0,0,0,0,0,0,0,0,0,0,0,0,0,0,0,0,0
"e2c63d5718cf9ea95828084c3b843443",0.171616671485373,0,0,0,0,0,0,0,0,0,0,0,0,0,0,0,0,0,0,0,0,0,0,0,0,0,0,0,0
"7c02fc116dfd968c72ec176c6b121a3a",0.044031479855598,0.00135422083550009,0,0.00191624477344238,0,0,0,0,0,0,0,0,0,0,0,0,0,0,0,0,0,0,0,0,0,0,0,0,0
"87e8ae9b41dbcd0ad54be2513a8f7489",0.00318299854377817,0,0,0,0,0,0,0,0,0,0,0,0,0,0,0,0,0,0,0,0,0,0,0,0,0,0,0,0
"d68eb4b5245740e3dfbd0fb1133ed220",0.00901849587403814,0,0,0,0,0,0,0,0,0,0,0,0,0,0,0,0,0,0,0,0,0,0,0,0,0,0,0,0
"519b05506b5c8269406e94701c3ff01a",0,0,0,0,0,0,0,0,0,0,0,0,0,0,0,0,0,0,0,0,0,0,0,0.00676639037239313,0.00891993197582311,0,0.00791289485345319,0,0
"26491960a83d9ec238fcf87efff319e2",0.0137929936897054,0,0,0,0,0,0,0,0,0,0,0,0,0,0,0,0,0,0,0,0,0,0,0,0,0,0,0,0
"c412c4daad0adeb07fedba1aed394245",0.0843494614101214,0,0,0,0,0,0,0.00349829572158433,0,0.0215355706398387,0.0337904429363895,0,0.0152068126520681,0.0127681307456588,0.00855871276959945,0,0,0,0,0,0,0,0,0,0,0,0,0,0
"b4ddae050e7f8cb4e050ab8c7595731c",0.0413789810691162,0,0,0,0,0,0,0,0,0,0,0,0,0,0,0,0,0,0,0,0,0,0,0,0,0,0,0,0
"865b36b85a2b2a8cdbd204a37e088b94",0.0122014944178163,0,0,0,0,0,0,0,0,0,0,0,0,0,0,0,0,0,0,0,0,0,0,0,0,0,0,0,0
"44292adaa0ea18b1b38d7e38695a72b1",0.0551719747588215,0,0,0,0,0,0,0,0,0,0,0,0,0,0,0,0,0,0,0,0,0,0,0,0,0,0,0,0
"923d1e7b6ceac97721615d80cf869780",0.10344745267279,0,0,0,0,0,0,0,0,0,0,0,0.00440197208349341,0,0.00534919548099966,0,0,0,0,0,0,0,0,0,0.00445996598791155,0,0.0017408368677597,0,0
"c147046b02be565ad186287629d4a843",0.0177717418694281,0,0,0,0,0,0,0,0,0,0,0,0,0,0,0,0,0,0,0,0,0,0,0,0,0,0,0,0
"937806dd600ece921faa49ac16d4cdb0",0,0,0,0,0,0,0,0,0,0.00548945918270398,0.0140793512234956,0.027122321670735,0.0104046612882571,0,0.00320951728859979,0,0,0,0,0,0,0,0.00181406365808528,0,0,0,0,0,0
"199c31b0eaa3d5012bbd210ced3e402f",0,0,0,0,0,0,0,0,0,0,0,0,0,0,0,0,0,0,0.00112786300975883,0,0,0,0,0,0,0,0,0,0
"1955a5529e36dd42feff41354ac9ad73",0,0,0,0,0,0,0.00162145838020361,0,0,0,0,0,0,0,0,0,0.00754497343091499,0,0,0,0,0,0,0,0,0,0,0,0
"03d388b8f22b5b0c867f9fd46a649622",0,0,0,0,0,0,0,0,0,0,0,0,0.00260116532206428,0,0,0,0,0,0,0,0,0,0,0,0.000969557823459033,0,0,0,0
"87c086aa8d08ea34c86a236167ecfaae",0,0.00270844167100017,0,0,0,0,0,0,0,0,0,0,0,0,0,0,0,0,0,0,0,0,0,0,0,0,0,0,0
"c04f2aa72eb5915198cc74dedbb985ea",0,0,0,0.00919797491252343,0,0,0.0058777866282381,0.00730079107113252,0,0.00316699568232922,0,0,0,0,0,0,0,0,0,0,0,0,0,0,0,0,0,0,0
"46984bc1f36f8a8835a4a7914c2502b2",0,0,0.0143833466996757,0,0,0,0,0,0,0,0,0,0,0,0,0,0,0,0.0033835890292765,0,0,0,0,0.00193325439211232,0,0,0.00379818952965753,0,0
"0be5f4770658b90f11dc058c6006f780",0.0124667442964645,0,0,0,0,0,0,0,0,0,0,0,0,0,0,0,0,0,0,0,0,0,0,0,0,0,0,0,0
"91fcd069f0c0007854a6e6d3aa7d7681",0.00371349830107453,0,0,0,0,0,0,0,0,0,0,0,0,0,0,0,0,0,0,0,0,0,0,0,0,0,0,0,0
"326f3a76100742d3ceb2bc49506997fc",0.0167107423548354,0,0,0,0,0,0,0,0,0,0,0,0,0,0,0,0,0,0,0,0,0,0,0,0,0,0,0,0
"18b7af5d1e7696bb8cd541bdde042b51",0,0,0,0.0095812238672119,0,0,0.0054724220331872,0.0100385877228072,0,0.0135125149112713,0,0,0.00560250992444615,0,0.00713226064133288,0,0,0,0.00253769177195738,0,0,0.00378449736309581,0.00570134292541089,0.0103912423576037,0.00891993197582311,0,0.00791289485345319,0.0224284392609829,0
"8a6710c4c8b9696b21805aa0a6d72a46",0.00689649684485269,0,0,0,0,0,0,0,0,0,0,0,0,0,0,0,0,0,0,0,0,0,0,0,0,0,0,0,0
"76ceb1ce6517ef51bfc231b0a2084eba",0.00503974769431543,0,0,0,0,0,0,0,0,0,0,0,0,0,0,0,0,0,0,0,0,0,0,0,0,0,0,0,0
"349e5c52e64bf4223e4b96bd1aa54075",0.0159149927188908,0,0,0,0,0,0,0,0,0,0,0,0,0,0,0,0,0,0,0,0,0,0,0,0,0,0,0,0
"77e62266f0403cceb7297e959f8c45ec",0,0,0,0,0,0,0,0,0,0,0,0,0,0,0,0,0,0,0,0,0,0.00133570495168087,0.00440558316963568,0,0,0,0,0,0
"72c3a9179d9dd5203fbaaceec278c7a9",0,0,0,0,0,0,0,0,0,0,0,0,0.0022009860417467,0,0,0,0,0,0,0,0,0,0,0,0,0,0,0,0
"55f98706d860ce102b8bd44690feb79d",0,0,0,0,0,0,0,0,0,0,0,0,0.000200089640158791,0,0,0,0,0,0,0,0,0,0,0,0,0,0,0,0
"41b51f59463027a20d946656003a5f11",0.000530499757296361,0,0,0,0,0,0,0,0,0,0,0,0,0,0,0,0,0,0,0,0,0,0,0,0,0,0,0,0
"37ad584f8cdaf8a4bfd5dd1dd01f3312",0,0,0,0,0,0.00308061982070793,0,0,0,0,0,0,0,0,0,0,0,0,0,0,0,0,0,0,0,0,0,0,0
"4835c874610f20a02421b283dbe2f2b6",0,0.0390015600624025,0.0237543150040099,0.00766497909376952,0.0303674460977832,0.0369674378484951,0.00972875028122169,0.0127763843744819,0,0.00844532181954459,0,0.0237320314618931,0.0090040338071456,0.00957609805924413,0.00713226064133288,0.0141232963773745,0.00808390010455177,0.0193728724434727,0.0239670889573752,0,0.039743872819607,0.0191451043074259,0.0285067146270544,0.0490563301998502,0.0575917347134666,0.0487685930260912,0.0903652592264354,0.0728924275981945,0.110699939905747
"9554148374cd0778fe58481a15ae48d7",0.00344824842242635,0,0,0,0,0,0,0,0,0,0,0,0,0,0,0,0,0,0,0,0,0,0,0,0,0,0,0,0
"f095ea0711dbffa2a1c48745983b9c5f",0,0.00947954584850061,0.00239722444994595,0.00210786925078662,0,0,0.00344559905793268,0.00152099813981928,0,0.000844532181954459,0,0,0.00120053784095275,0,0,0,0,0,0,0,0,0,0,0,0,0,0,0,0
"df443df991086de26795466fa2bdd4f2",0.0270554876221144,0,0,0,0,0,0,0,0,0,0,0,0,0,0,0,0,0,0,0,0,0,0,0,0,0,0,0,0
"6891aea14e9e48ed890aa10cc84e4d40",0.0222809898064472,0,0,0,0,0,0,0,0,0,0,0,0,0,0,0,0,0,0,0,0,0,0,0,0,0,0,0,0
"3f19effc21f49ca3bfe5e130ea113a75",0.00557024745161179,0,0,0,0,0,0,0,0,0,0,0,0,0,0,0,0,0,0,0,0,0,0,0,0,0,0,0,0
"5b6a595a6fc20f9f06cf625ed712d163",0.00503974769431543,0,0,0,0,0,0,0,0,0,0,0,0,0,0,0,0,0,0,0,0,0,0,0,0,0,0,0,0
"f824c242da3d47edd62495a6a144912c",0.00610074720890815,0,0,0,0,0,0,0,0,0,0,0,0,0,0,0,0,0,0,0,0,0,0,0,0,0,0,0,0
"0a4dae6c36a924945c5ad8318aff7ecb",0.0167107423548354,0,0,0,0,0.00924185946212378,0,0,0,0,0,0,0,0,0,0,0,0,0,0,0,0,0,0,0,0,0,0,0
"f21e69f460e0f5a2ab946c9cbc535b27",0.00291774866512999,0,0,0,0,0,0,0,0,0,0,0,0,0,0,0,0,0,0,0,0,0,0,0,0,0,0,0,0
"ce96aba4d82cdb5ffa5b76128cfbb917",0,0,0,0.000766497909376952,0,0,0,0,0,0,0,0,0,0,0,0,0,0,0.00197376026707796,0,0,0.00445234983893624,0.00570134292541089,0,0,0,0.00332341583845034,0,0.00948856627763545
"ac9f1e4b2c16d2889fff6d797650d869",0,0,0,0,0,0,0,0,0,0,0,0,0,0,0,0,0,0,0,0,0,0,0,0.00217491119112636,0,0,0,0,0
