seq,Kingdom,Phylum,Class,Order,Family,Genus,Species,rel_ab
0fec351445f84bd482075ceda6123f46,Archaea,Euryarchaeota,Methanobacteria,Methanobacteriales,Methanobacteriaceae,Methanobacterium,midas_s_9526,49.659368
63f37ee4b481fccdffca10160ed5b944,Archaea,Euryarchaeota,Methanobacteria,Methanobacteriales,Methanobacteriaceae,,,26.885001
7f78afb7e1d45cd528fe9cd909c93fb5,Archaea,Euryarchaeota,Methanobacteria,Methanobacteriales,Methanobacteriaceae,Methanobacterium,,29.039339
b64cf0e9dea8cef6b9500b364c179b98,Bacteria,Proteobacteria,Gammaproteobacteria,Burkholderiales,,,,33.923344
c55a8101fb6c187736f0af61f720cb92,Bacteria,Bacteroidota,Bacteroidia,Sphingobacteriales,Lentimicrobiaceae,Lentimicrobium,,18.756959
8466f2635d9fbf9c51a04877474f3d09,Bacteria,Proteobacteria,Gammaproteobacteria,Burkholderiales,Alcaligenaceae,Alcaligenes,midas_s_9908,25.549814
35dbde30af820a2c3bcd85216229ad6a,Archaea,Halobacterota,Methanosarcinia,Methanosarciniales,Methanosarcinaceae,Methanosarcina,,26.644412
83adaf3a09d08c93f2abea6a4c815592,Bacteria,Bacteroidota,Bacteroidia,Bacteroidales,Dysgonomonadaceae,Petrimonas,Petrimonas_sulfuriphila,6.364395
04869be25e3dc4d526ce3824d407aedf,Bacteria,Synergistota,Synergistia,Synergistales,Synergistaceae,Aminivibrio,Aminivibrio_pyruvatiphilus,6.220387
25c54c57b4a4283237b33fdae82003c0,Bacteria,Synergistota,Synergistia,Synergistales,Synergistaceae,EBM-39,,8.535687
a039c1ac15b3f4bc5cf1db8a5f1cc0fd,Bacteria,Firmicutes,Clostridia,Peptostreptococcales-Tissierellales,Peptostreptococcaceae,Terrisporobacter,,18.119475
38b371de3be6ddef03bea94294e9830d,Archaea,Euryarchaeota,Methanobacteria,Methanobacteriales,Methanobacteriaceae,Methanobacterium,Methanobacterium_beijingense,17.516955
37a9f9625f201b6e61c29ac09ec54683,Bacteria,Firmicutes,Clostridia,Gracilibacteraceae,Lutispora,midas_g_94288,midas_s_99172,3.867748
d3cf08daefed96f494257ceff63a6cf8,Bacteria,Thermotogota,Thermotogae,Kosmotogales,Kosmotogaceae,Mesotoga,Mesotoga_infera,3.809759
a5b2537343a26f4daf0379a8b46eb2ef,Bacteria,Synergistota,Synergistia,Synergistales,Synergistaceae,Syner-01,,3.422467
b3d8bf326297fb9b18ea4fef1ce8d4a6,Bacteria,Desulfobacterota,Desulfovibrionia,Desulfovibrionales,Desulfovibrionaceae,Desulfovibrio,,3.704828
c571cb007a7d9e2dfc56e8c0b4e24104,Bacteria,Proteobacteria,Gammaproteobacteria,Enterobacterales,Enterobacteriaceae,,,7.003183
e6485d233ed2b8b9a2f3f50f0747b9d2,Bacteria,Bacteroidota,Bacteroidia,Bacteroidales,Dysgonomonadaceae,Proteiniphilum,midas_s_56159,1.154356
4c31c3e198534eab45b6d92b61f75b10,Bacteria,Firmicutes,Clostridia,Peptostreptococcales-Tissierellales,Peptostreptococcaceae,Paraclostridium,midas_s_2984,7.347457
e75fd72fb216d3d4c964602d8c338f65,Bacteria,Firmicutes,Bacilli,Lactobacillales,Enterococcaceae,Enterococcus,,2.802285
09ee5eb3e6c726c7c8242f6e97453fc2,Archaea,Euryarchaeota,Methanobacteria,Methanobacteriales,Methanobacteriaceae,Methanobacterium,Methanobacterium_formicicum,2.454376
be9dcf562f0ab066c0b252d527a42d19,Bacteria,Firmicutes,Clostridia,Peptostreptococcales-Tissierellales,Peptostreptococcaceae,Romboutsia,Romboutsia_lituseburensis,1.816823
6aa300d5323cbf75dc53cec3e6acb87c,Bacteria,Firmicutes,Clostridia,Gracilibacteraceae,Gracilibacter,midas_g_669,,13.006505
e29f9ab1342fe7d53d4f1e2d03bb5969,Bacteria,Synergistota,Synergistia,Synergistales,Synergistaceae,Syner-01,,1.954459
430c875622713c0d7662add2d8e7db60,Bacteria,Desulfobacterota,Desulfovibrionia,Desulfovibrionales,Desulfovibrionaceae,Desulfovibrio,midas_s_43704,3.315685
e144d237c973d831d708cac2c17df968,Bacteria,Firmicutes,Clostridia,Eubacteriales,Eubacteriaceae,Acetobacterium,,1.532165
ec92f6331d8ecb50e3f0dee8fbf3bcb0,Bacteria,Bacteroidota,Bacteroidia,Bacteroidales,Rikenellaceae,midas_g_15299,midas_s_96664,3.046638
8e6faab8acc1bdcba46f098a739aec14,Bacteria,Firmicutes,Bacilli,Bacillales,Bacillaceae,Bacillus,midas_s_108787,5.774696
160417c8184691818a991a146e5402d7,Bacteria,Firmicutes,Bacilli,Bacillales,Bacillaceae,Bacillus,midas_s_108787,5.430803
d42912a22b570ab99938b745999ae2cc,Bacteria,Bacteroidota,Bacteroidia,Bacteroidales,Bacteroidaceae,Bacteroides,midas_s_56922,1.404416
b7806c4f83108800a9c32dc83c148d95,Bacteria,Firmicutes,Clostridia,Peptostreptococcales-Tissierellales,Peptostreptococcaceae,Acetoanaerobium,,0.845388
93fadef301b62aa732e42bf1142b3afa,Bacteria,Bacteroidota,Bacteroidia,Bacteroidales,Paludibacteraceae,midas_g_9269,,2.742196
4bea53b2aad77f2569a0182f6b84255e,Bacteria,Bacteroidota,Bacteroidia,Bacteroidales,Dysgonomonadaceae,Dysgonomonas,midas_s_30643,1.246435
472fdc0687378563f0c9da6da7638e1a,Bacteria,Firmicutes,Clostridia,Clostridiales,Clostridiaceae,Clostridium_sensu_stricto_13,midas_s_88977,2.065458
765b69d9c4313cc8630769db523cc54c,Bacteria,Firmicutes,Clostridia,Oscillospirales,Oscillospiraceae,Oscillibacter,,2.635314
29b313a5262947210e3e9de415abaead,Bacteria,Proteobacteria,Alphaproteobacteria,Rhizobiales,Rhizobiaceae,Ochrobactrum,,2.185443
e9e060e5e0e46911cad92b8292aeefd7,Bacteria,Firmicutes,Clostridia,Clostridiales,Clostridiaceae,Proteiniclasticum,Proteiniclasticum_ruminis,2.952743
ea156f972cd3802c3fac147e4200ba7a,Bacteria,Bacteroidota,Bacteroidia,Bacteroidales,Rikenellaceae,midas_g_36215,midas_s_82500,3.01658
da47a34fd036b068ca0c5eaf185e2082,Bacteria,Synergistota,Synergistia,Synergistales,Synergistaceae,Thermovirga,midas_s_94423,0.976437
01bc6f144e0f577c7a5364ebafdb3509,Bacteria,Firmicutes,Bacilli,Erysipelotrichales,Erysipelotrichaceae,Erysipelothrix,midas_s_114219,0.73747
3343d19c0bc1759a66023cbc86c92592,Bacteria,Cloacimonadota,Cloacimonadia,Cloacimonadales,Cloacimonadaceae,LNR_A2-18,,1.430462
a061d8883eca2028db1d268500722130,Bacteria,Cloacimonadota,Cloacimonadia,Cloacimonadales,Cloacimonadaceae,LNR_A2-18,,1.405119
0709277372b3816e3986842fb10c8e96,Bacteria,Bacteroidota,Bacteroidia,Bacteroidales,Dysgonomonadaceae,Proteiniphilum,midas_s_90161,1.049974
a82691ab5fd4e8d3d3b23b7958c8e764,Bacteria,Firmicutes,Thermoanaerobacteria,Thermoanaerobacterales,SRB2,midas_g_97954,midas_s_97954,2.275223
181a2b6fbc1d5f5de022772f08fb875c,Bacteria,Firmicutes,Clostridia,Oscillospirales,Oscillospiraceae,Colidextribacter,,1.071379
28f1a500a5a6ebd1cede9322b50bcaad,Bacteria,Firmicutes,Thermoanaerobacteria,Thermoanaerobacterales,SRB2,midas_g_4301,midas_s_97088,1.454378
5976a56adfe903f7348b5eb5689e3c55,Bacteria,Bacteroidota,Bacteroidia,Bacteroidales,Rikenellaceae,midas_g_36215,midas_s_87061,0.842899
4b50be28c2cc7c6a4dbc6300155c5218,Bacteria,Proteobacteria,Alphaproteobacteria,Caulobacterales,Caulobacteraceae,Brevundimonas,midas_s_25101,0.923676
19463e5fe824700110e4a4ec8afe0512,Archaea,Euryarchaeota,Methanobacteria,Methanobacteriales,Methanobacteriaceae,Methanobacterium,Methanobacterium_beijingense,1.015127
499a635c6e7dcd5c8ef518302aa50011,Bacteria,Bacteroidota,Bacteroidia,Bacteroidales,Dysgonomonadaceae,Fermentimonas,,0.467183
ff6f97ce50ea01298f8e58b53b97d489,Bacteria,Proteobacteria,Gammaproteobacteria,Pseudomonadales,Moraxellaceae,Acinetobacter,,1.790607
c7553191e309cfc2e28aea2507e7afdf,Bacteria,Firmicutes,Clostridia,Peptostreptococcales-Tissierellales,Anaerovoracaceae,Anaerovorax,,0.344164
9feda0d620fa50b57ce3f848e1b48975,Bacteria,Proteobacteria,Gammaproteobacteria,Burkholderiales,Comamonadaceae,,,1.520157
07e00e1bcc9d9a3c50591f721785e591,Bacteria,Firmicutes,Dethiobacteria,Dethiobacterales,Dethiobacteraceae,,,3.2639
cd05a4b1cda569ae366c6980823f4c72,Bacteria,Proteobacteria,Gammaproteobacteria,Burkholderiales,Rhodocyclaceae,Azoarcus,,2.387779
28b5f35cfb5f0516e5e5f896428abdcd,Bacteria,Proteobacteria,Alphaproteobacteria,Rhizobiales,Rhizobiaceae,Aquamicrobium,Aquamicrobium_lusatiense,0.778659
113b0d8ebf97fc5aba85fa06ecfdbb1a,Bacteria,Firmicutes,Syntrophomonadia,Syntrophomonadales,Syntrophomonadaceae,,,0.86231
cd1f95189b8375347f827f4a8b08dcf7,Bacteria,Firmicutes,Clostridia,Peptostreptococcales-Tissierellales,Family_XI,Soehngenia,midas_s_46673,2.236056
a402fc6f0fd057decbe746f48bf12862,Bacteria,Bacteroidota,Bacteroidia,Bacteroidales,Dysgonomonadaceae,Petrimonas,Petrimonas_sulfuriphila,0.506057
1f4fb4bfdca6c9d13106ed533362a62e,Bacteria,Firmicutes,Desulfitobacteriia,Desulfitobacteriales,Desulfitobacteriaceae,Desulfosporosinus,,0.713964
e8e82cf023a3abd684fe7e817acc9bf0,Bacteria,Firmicutes,Clostridia,Christensenellales,Christensenellaceae,Christensenellaceae_R-7_group,,0.731349
793ecb5ed65cd96425a35698e8ab9e78,Bacteria,Campylobacterota,Campylobacteria,Campylobacterales,Sulfurospirillaceae,Sulfurospirillum,Sulfurospirillum_cavolei,0.896829
58b2cf308363fb35b932620518786116,Bacteria,Firmicutes,Clostridia,Peptostreptococcales-Tissierellales,Proteiniboraceae,Proteiniborus,Proteiniborus_ethanoligenes,0.631609
a353b92733af5260a57dd1a0ba3001e1,Archaea,Euryarchaeota,Methanobacteria,Methanobacteriales,Methanobacteriaceae,Methanobacterium,Methanobacterium_beijingense,1.684071
deb262fd92af4fdcd3b6240303048b2a,Bacteria,WPS-2,midas_c_55,midas_o_1194,midas_f_1770,midas_g_2901,midas_s_3072,0.286998
abaecd8b82d14efc7ccc4dcb7f864cba,Bacteria,Firmicutes,Clostridia,Peptostreptococcales-Tissierellales,Sedimentibacteraceae,Sedimentibacter,midas_s_87661,0.439309
5631fe818e588992529f6071afc9cda5,Bacteria,Firmicutes,Clostridia,Christensenellales,Christensenellaceae,Christensenellaceae_R-7_group,,0.878552
4adbf4beb8d2b17f63b543e4d9aa39b6,Bacteria,Bacteroidota,Bacteroidia,Bacteroidales,Paludibacteraceae,midas_g_9269,,1.05266
43a52ec4605b37f3671b33e61ff6fedd,Bacteria,Bacteroidota,Bacteroidia,Bacteroidales,Rikenellaceae,midas_g_36215,midas_s_87061,0.431599
b4eac52cfa36ce63f24be2fc530ad204,Bacteria,Bacteroidota,Bacteroidia,Bacteroidales,Dysgonomonadaceae,Proteiniphilum,Proteiniphilum_saccharofermentans,0.260244
f63e76a4ce2cd0f7f39e8195d8302dcf,Bacteria,Firmicutes,Bacilli,Lactobacillales,Enterococcaceae,Enterococcus,,0.931325
206069e5a5041e6c7f39a4141aefdc19,Bacteria,Firmicutes,Clostridia,Christensenellales,Christensenellaceae,Christensenellaceae_R-7_group,midas_s_47390,0.344837
d863bc6a2fa6a8a93787e45a6abe3304,Bacteria,Proteobacteria,Gammaproteobacteria,Xanthomonadales,Xanthomonadaceae,Stenotrophomonas,midas_s_74451,0.551216
89d1d4064aa11fd1f3efb8e1345c813f,Bacteria,Firmicutes,Thermoanaerobacteria,Thermoanaerobacterales,SRB2,midas_g_97954,,0.506655
52708c2cfa926ba9b2f69878c97cee2c,Bacteria,Proteobacteria,Alphaproteobacteria,Rhizobiales,Stappiaceae,Stappia,,1.770543
bb617d32673d5f60d6216a07ad7a42bc,Bacteria,Desulfobacterota,Desulfovibrionia,Desulfovibrionales,Desulfovibrionaceae,Desulfovibrio,midas_s_76151,1.258457
d02e8e093df5064814273f652473189e,Bacteria,Firmicutes,Clostridia,Oscillospirales,Oscillospiraceae,Intestinimonas,midas_s_95615,0.359137
d48429274cd09a4257ad8b24c009e8fd,Bacteria,Bacteroidota,Bacteroidia,Bacteroidales,Prolixibacteraceae,midas_g_25828,,1.534471
efbade8cc54695abfc5c07f21eecb6e7,Bacteria,Proteobacteria,Gammaproteobacteria,Pseudomonadales,Moraxellaceae,Acinetobacter,,0.390175
0b736ddea36ed16291fa058fe28061f8,Bacteria,Firmicutes,Clostridia,Proteinivoracales,midas_f_1799,midas_g_1799,midas_s_91638,1.653302
7d537f12eaa3231c2c2b58b74901051c,Bacteria,Firmicutes,Clostridia,Peptococcales,Peptococcaceae,midas_g_3595,midas_s_91643,0.380637
a43c475502b54cdee1385dcca3109bfe,Bacteria,Firmicutes,Clostridia,Lachnospirales,Lachnospiraceae,Lachnoclostridium,,1.419755
e1382120e151d51cb3b3b6900845f1c8,Bacteria,Desulfobacterota,Desulfovibrionia,Desulfovibrionales,Desulfomicrobiaceae,Desulfomicrobium,midas_s_21122,1.453304
659d1fe872c9b31a9e0b81eef5ca6218,Bacteria,Firmicutes,Desulfotomaculia,Desulfotomaculales,Pelotomaculaceae,Pelotomaculum,midas_s_95439,0.399675
dc9b83b9dbf521d0d0b0e1576e44d06a,Bacteria,Firmicutes,Limnochordia,Limnochordales,Limnochordaceae,midas_g_93469,midas_s_93469,1.114423
868a2dd217365ddd6d6ab64d48aeed4a,Bacteria,Firmicutes,,,,,,0.35291
a49becf5a5dbcb201f091757c62fc6bb,Bacteria,Campylobacterota,Campylobacteria,Campylobacterales,Arcobacteraceae,Pseudarcobacter,,0.4696
19083703874fec5c0e976f6ca4fa6bc9,Bacteria,Actinobacteriota,Actinobacteria,Corynebacteriales,Nocardiaceae,Rhodococcus,,0.495239
5cb2b4186e2e95521540e2ccbafcb4c9,Bacteria,Desulfobacterota,Desulfovibrionia,Desulfovibrionales,Desulfovibrionaceae,Desulfovibrio,,0.436596
fa0525ece71fa3362210e904b24a9b62,Bacteria,Firmicutes,Thermoanaerobacteria,Thermoanaerobacterales,SRB2,midas_g_4301,,0.478202
21ceeb224e15175f0c85797abce40d0a,Bacteria,Proteobacteria,Gammaproteobacteria,Burkholderiales,Alcaligenaceae,Achromobacter,midas_s_18114,0.29336
de329304e57f0e32da3a08e64625a2e1,Bacteria,Firmicutes,Clostridia,Oscillospirales,Oscillospiraceae,Oscillibacter,,0.844221
04e715f54c06e9ccf25afba02b343b5c,Bacteria,Firmicutes,Dethiobacteria,Dethiobacterales,Dethiobacteraceae,midas_g_7,midas_s_113288,1.290441
09383f3babfd32418e7ba07634680e12,Bacteria,Proteobacteria,Alphaproteobacteria,Rhizobiales,Stappiaceae,Pannonibacter,Pannonibacter_phragmitetus,0.528152
df94cb7c1f51d6e7df4a969d561b0a4d,Bacteria,Actinobacteriota,Actinobacteria,midas_o_5,midas_f_5,midas_g_399,,1.236064
ac9e79a82beb3b70c0c7193fff0a8524,Bacteria,Firmicutes,Clostridia,Peptostreptococcales-Tissierellales,Anaerovoracaceae,Anaerovorax,midas_s_8128,0.171986
cb08126894ac0c8eeddc7b86d1ab1eb9,Bacteria,Firmicutes,Moorellia,Desulfitibacterales,Desulfitibacteraceae,Desulfitibacter,,1.218293
b47908de018aea1744738eba767e1034,Bacteria,Firmicutes,Clostridia,Peptostreptococcales-Tissierellales,Family_XI,Anaerosalibacter,midas_s_79866,0.806993
0eff2f70a09cbdfd1a1684adcb990931,Bacteria,Firmicutes,Clostridia,Oscillospirales,Ruminococcaceae,,,0.293377
6e50cfec46931f3d8e0af8e75af55b43,Bacteria,Firmicutes,Clostridia,Oscillospirales,Oscillospiraceae,Colidextribacter,,1.161109
ec716420b2bb28ff5cfc5b19edbe2dfa,Bacteria,Proteobacteria,Gammaproteobacteria,Burkholderiales,Alcaligenaceae,Achromobacter,midas_s_18114,0.285585
b180a2455b236c103cf0bfe620095736,Bacteria,Firmicutes,Clostridia,Peptostreptococcales-Tissierellales,Peptostreptococcaceae,Romboutsia,,1.131821
3badde1c4760a921d723409ee05fead0,Bacteria,Synergistota,Synergistia,Synergistales,Synergistaceae,JGI-0000079-D21,midas_s_976,0.129058
dcc552ee0bfe584a9f79fd3d7893047f,Bacteria,Proteobacteria,Gammaproteobacteria,Pseudomonadales,Pseudomonadaceae,Pseudomonas,,1.143757
3679eb1918d142d7e468ea32c2f42595,Bacteria,Proteobacteria,Alphaproteobacteria,Rhizobiales,Beijerinckiaceae,Bosea,midas_s_5625,0.332236
66575db7635d648549a9eb5a4eafb710,Bacteria,WS1,midas_c_796,midas_o_796,midas_f_2296,midas_g_3409,midas_s_3951,0.197984
f876e4d5cbaa6ac5f3c225bcaf146791,Bacteria,Chloroflexi,Anaerolineae,SBR1031,midas_f_1469,midas_g_2178,midas_s_5149,0.29882
5040d210b906c738569bf1c3505ad558,Bacteria,Firmicutes,Clostridia,Christensenellales,Christensenellaceae,Christensenellaceae_R-7_group,midas_s_62346,0.626765
c05932b0e9b0bcf5f076c8971c6bab60,Bacteria,Firmicutes,,,,,,1.107683
42655605abb4cc7bd5f1be954adf23b0,Bacteria,Firmicutes,Clostridia,Oscillospirales,Hungateiclostridiaceae,Ruminiclostridium,midas_s_97058,0.269206
212e304679f170a464d2616b3f94a250,Bacteria,Firmicutes,Clostridia,Oscillospirales,Hydrogenoanaerobacterium,midas_g_98017,midas_s_120285,0.354287
6322c84c5ee6585bf9973a931d8f279d,Bacteria,Firmicutes,Clostridia,Christensenellales,Christensenellaceae,Christensenellaceae_R-7_group,,0.141381
e357ec372ce3fdd9cc473b8f57edc002,Bacteria,Firmicutes,Clostridia,Oscillospirales,Butyricicoccaceae,UCG-009,midas_s_84783,0.298613
89dfaf0aa4a8af8e27a826ba8dd97044,Bacteria,Firmicutes,Clostridia,Peptostreptococcales-Tissierellales,Family_XI,Sporanaerobacter,,0.294205
a5ea8c2ae0dc9882cf9358924dd4f453,Bacteria,Bacteroidota,Bacteroidia,Bacteroidales,Prolixibacteraceae,midas_g_25828,midas_s_84217,0.836068
3487ee381e9bba57861b67ac3936d665,Bacteria,Proteobacteria,Gammaproteobacteria,Pseudomonadales,Pseudomonadaceae,Pseudomonas,,0.986995
8ebc39e79a930b5db089420489c40543,Bacteria,Spirochaetota,Spirochaetia,Spirochaetales,Spirochaetaceae,Sphaerochaeta,midas_s_92051,0.340406
7281c911136ba2bdcafebb9c71729dea,Archaea,Euryarchaeota,Methanobacteria,Methanobacteriales,Methanobacteriaceae,Methanobacterium,Methanobacterium_beijingense,0.555104
acb819d2b09f090ba6c3112028bbc54b,Bacteria,Actinobacteriota,Thermoleophilia,Gaiellales,midas_f_269,midas_g_269,midas_s_269,0.929436
9711e5e56376fe411f8d9ca9e739c6f1,Bacteria,Firmicutes,Clostridia,Christensenellales,Christensenellaceae,Christensenellaceae_R-7_group,,0.148215
492422c8881f2e782fccb0225f1c68ab,Bacteria,Proteobacteria,Gammaproteobacteria,Burkholderiales,Alcaligenaceae,Pusillimonas,midas_s_89306,0.941637
2f5695c1563063d2b821ab2eecfa3bd3,Bacteria,Proteobacteria,Gammaproteobacteria,Pseudomonadales,Pseudomonadaceae,Pseudomonas,,0.938189
8db3a14ae839a3bee50b9a192c59f8f9,Bacteria,Firmicutes,Clostridia,Oscillospirales,Oscillospiraceae,midas_g_9023,midas_s_9023,0.194611
01a7c19fe64d4300e6e5a8a7280a10bb,Bacteria,Proteobacteria,Gammaproteobacteria,Burkholderiales,Comamonadaceae,,,0.616648
e1c573f885ed4c9191a32116f583d78a,Bacteria,Armatimonadota,midas_c_216,midas_o_92789,midas_f_92789,midas_g_114295,midas_s_114295,0.193087
6075255b58efbd350ad34112f80f970a,Bacteria,Firmicutes,Dethiobacteria,Dethiobacterales,Dethiobacteraceae,,,0.883813
db5aaacffe4ca31116f5b0e292074588,Bacteria,Firmicutes,Negativicutes,Veillonellales-Selenomonadales,Sporomusaceae,,,0.379633
894d5f2608f2a0e9e3bf2499f1cc6130,Bacteria,Caldatribacteriota,Caldatribacteriia,Caldatribacteriales,Caldatribacteriaceae,Ca_Caldatribacterium,,0.69522
fc7dec198c007a0622c9acba71b1edb1,Bacteria,Spirochaetota,Spirochaetia,Spirochaetales,Spirochaetaceae,Sphaerochaeta,midas_s_92051,0.387697
bdc8f8a67a910d09965f2c9975bb00c8,Bacteria,Firmicutes,Clostridia,Oscillospirales,Hungateiclostridiaceae,HN-HF0106,,0.551911
afd6038f44400cf165c3d637f88be98a,Bacteria,Firmicutes,Clostridia,Peptostreptococcales-Tissierellales,Anaerovoracaceae,Anaerovorax,,0.48454
496ed1835247fa310353bd53160fad4a,Bacteria,Actinobacteriota,Coriobacteriia,OPB41,,,,0.836863
0e9cc4c909306f5a9562d84888902e09,Bacteria,Armatimonadota,Chthonomonadetes,Chthonomonadales,midas_f_6187,midas_g_6187,midas_s_6187,0.16332
6dfb10e6d92b2c7ec87175ad560bed2e,Bacteria,Actinobacteriota,Actinobacteria,Corynebacteriales,Mycobacteriaceae,Mycobacterium,,0.812991
5a6520a634bb27352c524ba237fd0d64,Bacteria,Firmicutes,Bacilli,Erysipelotrichales,Erysipelotrichaceae,Erysipelothrix,midas_s_22101,0.664451
d96a2ea1b09f080f66ce79b9ddfa768e,Bacteria,Proteobacteria,Alphaproteobacteria,Rhizobiales,Rhizobiaceae,,,0.735538
f59f09ec54e73f740708fa68eeb78a8c,Bacteria,Bacteroidota,Bacteroidia,Sphingobacteriales,Lentimicrobiaceae,Lentimicrobium,,0.724508
08ea1c9b9d368cd6d9bfeb8857e90315,Bacteria,Proteobacteria,Gammaproteobacteria,Burkholderiales,Rhodocyclaceae,,,0.793362
0f312394fc32d16cfdca183b11aad4ad,Bacteria,Firmicutes,Clostridia,Lachnospirales,Lachnospiraceae,Lachnoclostridium,Clostridium_citroniae,0.33888
c39f594d9d2493b66260c1f7503e5ea1,Archaea,Euryarchaeota,Methanobacteria,Methanobacteriales,Methanobacteriaceae,Methanobacterium,Methanobacterium_beijingense,0.767368
b26eb5a5ca6820d220d5433b1cffa5e6,Bacteria,Proteobacteria,Alphaproteobacteria,Sphingomonadales,Sphingomonadaceae,Sphingopyxis,,0.252155
7f1023e871bcd3a4f7ac96f3a40c9a8d,Bacteria,Firmicutes,Clostridia,Lachnospirales,Lachnospiraceae,Anaerostignum,Anaerotignum_propionicum,0.210595
0c488eee4c6d02abb4e34df3ec16a09b,Bacteria,Actinobacteriota,Coriobacteriia,OPB41,midas_f_3016,midas_g_5574,midas_s_36575,0.406808
e6141036b0768b50c8079ce8ba7222f9,Bacteria,Proteobacteria,Gammaproteobacteria,Burkholderiales,Rhodocyclaceae,Dechlorobacter,midas_s_25444,0.511383
e4486fa2f00016fa6078468bfe73bb89,Bacteria,Firmicutes,Clostridia,Peptostreptococcales-Tissierellales,Family_XI,Tissierella,,0.147233
02809af9a001c44a58624822e0e44569,Bacteria,Firmicutes,Clostridia,Peptostreptococcales-Tissierellales,Sedimentibacteraceae,Sedimentibacter,,0.288491
acfe0924c0f9c6ca3720854b5b458d54,Bacteria,Proteobacteria,Gammaproteobacteria,Xanthomonadales,Xanthomonadaceae,Stenotrophomonas,,0.200713
1d4b9f3ddf33afdf5308213897846090,Bacteria,Chloroflexi,Anaerolineae,Anaerolineales,Anaerolineaceae,Leptolinea,midas_s_825,0.813284
4ced6b735a53af484d0cf4f620846dcd,Bacteria,Desulfobacterota,Desulfovibrionia,Desulfovibrionales,Desulfovibrionaceae,,,0.717766
69dee006368ff49af541d111152b40c6,Bacteria,Firmicutes,Clostridia,Peptococcales,Peptococcaceae,midas_g_77817,midas_s_77817,0.141301
e79a45f432d0ccc86adbf9bbe7cef2a7,Bacteria,Proteobacteria,Gammaproteobacteria,Burkholderiales,Hydrogenophilaceae,Thiobacillus,,0.468254
a84e1039f9b157a2085d23b4114bc888,Bacteria,Armatimonadota,Chthonomonadetes,Chthonomonadales,midas_f_6187,midas_g_6187,midas_s_6187,0.145864
d3156233792852376762d588f607ac71,Bacteria,Firmicutes,Clostridia,Clostridiales,Clostridiaceae,Clostridium_sensu_stricto_5,midas_s_102242,0.26655
ab2050607cb3fe172ea918d5a17a46c7,Bacteria,Proteobacteria,Alphaproteobacteria,Rhizobiales,Rhizobiaceae,Aquamicrobium,Aquamicrobium_lusatiense,0.566308
4c7b0d554a1103b7872deded4bccb4ea,Bacteria,Firmicutes,Clostridia,Monoglobales,Monoglobaceae,Monoglobus,midas_s_119413,0.188353
92f305372628ccbd74b7b28b933d306b,Bacteria,Bacteroidota,Bacteroidia,Bacteroidales,Paludibacteraceae,midas_g_9269,,0.480679
4f3989d95e7611bb6b5307454d75d3ce,Bacteria,Bacteroidota,Bacteroidia,Bacteroidales,Dysgonomonadaceae,Proteiniphilum,midas_s_93948,0.127057
1d33e98c9d94c262ab0d8b56d0936eb4,Bacteria,Proteobacteria,Gammaproteobacteria,Burkholderiales,Comamonadaceae,Hydrogenophaga,midas_s_191,0.25232
a27f37aae2a34101f8a61c6f0b1cd246,Bacteria,Firmicutes,Clostridia,Peptostreptococcales-Tissierellales,Serpentinicella,midas_g_75908,,0.612992
179e72f0ecdfeb920df685432f3f2d1a,Bacteria,Bacteroidota,Bacteroidia,Chitinophagales,Chitinophagaceae,Taibaiella,midas_s_72974,0.293667
00e66df34e257e501593d8fab7b76b0d,Bacteria,Firmicutes,Clostridia,Lachnospirales,Lachnospiraceae,,,0.237259
8c86a02bd0f2c7a90bb40b735577a623,Bacteria,Firmicutes,Bacilli,Erysipelotrichales,Erysipelotrichaceae,Erysipelothrix,,0.596812
0d1f62d4f2f7227766a17f0340567129,Bacteria,Firmicutes,Syntrophomonadia,Syntrophomonadales,Syntrophomonadaceae,Syntrophomonas,,0.107467
8c740d5ca21893b47c7619df1247c75d,Bacteria,Firmicutes,Clostridia,Christensenellales,Christensenellaceae,Christensenellaceae_R-7_group,,0.145714
99daab1404e1c027be5dce96473d53ab,Bacteria,Firmicutes,Clostridia,Oscillospirales,Oscillospiraceae,,,0.20205
945e47119242497c2e0bc5b3c6b6ba8e,Bacteria,Synergistota,Synergistia,Synergistales,Synergistaceae,Aminiphilus,midas_s_8148,0.224284
e1abbababbc410f2f1faa24f6ccbc7f9,Bacteria,Firmicutes,Bacilli,Bacillales,Bacillaceae,Bacillus,,0.563921
3d34374d81a96ce4972b93ef5dae9b82,Bacteria,Proteobacteria,Gammaproteobacteria,Pseudomonadales,Pseudomonadaceae,Thiopseudomonas,midas_s_89874,0.562064
405dff4269ebcff0dbc2d5c0c63a1ee3,Bacteria,Firmicutes,Clostridia,Oscillospirales,Hungateiclostridiaceae,Ruminiclostridium,,0.909526
b24e75b90cb37f9b407738a392646776,Archaea,Euryarchaeota,Methanobacteria,Methanobacteriales,Methanobacteriaceae,Methanobacterium,Methanobacterium_formicicum,0.271194
4835c874610f20a02421b283dbe2f2b6,Bacteria,Firmicutes,Clostridia,Christensenellales,Christensenellaceae,Christensenellaceae_R-7_group,midas_s_3624,0.1107
0f4c04cefd226f6854ad0fbc2a2de226,Bacteria,Proteobacteria,Alphaproteobacteria,Rhizobiales,Beijerinckiaceae,Camelimonas,,0.191522
9adabf530b49244e64c1142cf42a502a,Bacteria,Firmicutes,Clostridia,Oscillospirales,Oscillospiraceae,,,0.252798
1ad05a58bf23396d80f11695ad750b75,Bacteria,Desulfobacterota,Desulfuromonadia,Geobacterales,Geobacteraceae,,,0.19716
15c0fe41b25c6504b8dbe48ae72283d0,Bacteria,Desulfobacterota,Desulfuromonadia,Desulfuromonadales,Desulfuromonadaceae,midas_g_30443,midas_s_47294,0.141799
60da7a21ae2997bc70a9730fd8151a29,Bacteria,Firmicutes,Clostridia,Clostridiales,Clostridiaceae,Clostridium_sensu_stricto_13,,0.22056
ee14afe4571845779465f8dc9646c7b4,Bacteria,Firmicutes,Clostridia,Christensenellales,Christensenellaceae,Christensenellaceae_R-7_group,,0.070125
0138936a169c4a0914606cedbcd38fa6,Bacteria,Actinobacteriota,Actinobacteria,midas_o_5,midas_f_5,midas_g_399,midas_s_18349,0.511402
b64f2cd0b47a6548ebe2077c728b213f,Bacteria,Bacteroidota,Bacteroidia,Bacteroidales,Dysgonomonadaceae,Proteiniphilum,Proteiniphilum_saccharofermentans,0.153298
dbbd92eb5552c552aab4544c331ac6e2,Bacteria,Firmicutes,Clostridia,Oscillospirales,Ruminococcaceae,,,0.166492
09304de7bcdde93714df6d4800a79b4d,Bacteria,Actinobacteriota,Actinobacteria,Corynebacteriales,Mycobacteriaceae,Mycobacterium,,0.493365
b65ddb808f41ed58f0a87829f790124c,Bacteria,Bacteroidota,Bacteroidia,Bacteroidales,Rikenellaceae,DMER64,midas_s_82,0.628446
aa9c5ae2ec6da55f30edd92e3de37eff,Bacteria,Firmicutes,Desulfitobacteriia,Desulfitobacteriales,Desulfitobacteriaceae,Desulfosporosinus,,0.148494
1da23dee00520d2c9e0e21bac4a70bca,Bacteria,Proteobacteria,Gammaproteobacteria,Burkholderiales,Rhodocyclaceae,Denitromonas,,0.484877
a01649ff3a222398d49af46d04781535,Bacteria,Actinobacteriota,Actinobacteria,Actinomycetales,Actinomycetaceae,midas_g_343,,0.256503
f3c13bc899928e8043766ca73a046487,Bacteria,Firmicutes,Desulfitobacteriia,Desulfitobacteriales,Desulfitobacteriaceae,Desulfosporosinus,,0.142534
0e487ab2d5669f87e21a4c0c09d8d952,Bacteria,Firmicutes,Clostridia,Oscillospirales,Ruminococcaceae,Angelakisella,midas_s_84240,0.217633
c88944b6267ea10d43d5ee264d29ae94,Bacteria,Firmicutes,Clostridia,Peptostreptococcales-Tissierellales,Anaerovoracaceae,,,0.295485
f61f4c9b8258738ad3ee7663e43e7907,Bacteria,Firmicutes,Clostridia,Oscillospirales,Oscillospiraceae,midas_g_82137,,0.106286
a53b7a494838590a5600a018277e55ea,Bacteria,Actinobacteriota,Actinobacteria,Corynebacteriales,Nocardiaceae,Gordonia,,0.161193
20823322077cf511c8eff4f0840466fd,Bacteria,Proteobacteria,Gammaproteobacteria,Xanthomonadales,Xanthomonadaceae,Stenotrophomonas,,0.119728
fd28148d0cd2eca274f8a3bb38944793,Bacteria,Firmicutes,Clostridia,Lachnospirales,Lachnospiraceae,XBB1006,Falcatimonas_natans,0.110926
3ade0fa13e56aac194bb3373200d6def,Bacteria,Cloacimonadota,Cloacimonadia,Cloacimonadales,Cloacimonadaceae,Ca_Cloacimonas,midas_s_301,2.701704
f42aeaf1c13130f1fdfc8bafa43ded29,Bacteria,Proteobacteria,Gammaproteobacteria,Burkholderiales,Comamonadaceae,,,0.103402
924ba8e00fb9f76de6bf217aac8ca9d4,Bacteria,Firmicutes,D8A-2,midas_o_5025,midas_f_93128,midas_g_93128,midas_s_93732,0.082207
f23be2076b7f3e2088503d4841c51f06,Bacteria,Firmicutes,Clostridia,Gracilibacteraceae,Gracilibacter,midas_g_669,midas_s_113719,0.249738
a19152d55f42fc72a3a0f985d2615aab,Bacteria,Desulfobacterota,Desulfuromonadia,Desulfuromonadales,Desulfuromonadaceae,,,0.28229
76ef356d895e6434580f18ab74a63e6c,Bacteria,,,,,,,0.430235
80b0dd7e363e6128b4335d08d57b5618,Bacteria,Firmicutes,Clostridia,Oscillospirales,Ruminococcaceae,Ca_Soleaferrea,midas_s_101494,0.141715
22a4e0f758de753ed7e9463edeed304c,Bacteria,Firmicutes,Clostridia,Oscillospirales,Butyricicoccaceae,UCG-009,midas_s_113755,0.151837
4e4ca97fadb8b8e92470ccce2ff91460,Bacteria,Firmicutes,Clostridia,Peptococcales,Peptococcaceae,Dehalobacterium,midas_s_114306,0.146976
5ab9c9baf340ca93a35be10b4a5b294a,Bacteria,Firmicutes,Clostridia,Christensenellales,Christensenellaceae,Christensenellaceae_R-7_group,,0.079092
d081020b6bdf3bf279b93bd42598e1e1,Bacteria,Firmicutes,Clostridia,Oscillospirales,Oscillospiraceae,Oscillibacter,,0.123648
2c452b25c7f3c62be462d8f47ed179e3,Bacteria,Desulfobacterota,Desulfobulbia,Desulfobulbales,Desulfobulbaceae,Desulfobulbus,,0.14668
ebef4f7d86a3b71b870100599f233ff8,Bacteria,Firmicutes,Clostridia,Christensenellales,Christensenellaceae,Christensenellaceae_R-7_group,midas_s_109940,0.113878
fe74d2e267ad3ebb8fbfe24bbb464049,Bacteria,Firmicutes,Bacilli,Izemoplasmatales,midas_f_16343,midas_g_31962,midas_s_31962,0.41936
9afd475513b0a626050fef80f7d864d4,Archaea,Euryarchaeota,Methanobacteria,Methanobacteriales,Methanobacteriaceae,Methanobacterium,Methanobacterium_beijingense,0.417769
1f1ff56fd37c5c9b1a9ac7b1d99e10b0,Bacteria,Actinobacteriota,Thermoleophilia,Solirubrobacterales,67-14,midas_g_52,midas_s_52,0.409281
fbb4d97e016a3fae74e1e3b81805e48e,Bacteria,Firmicutes,Clostridia,Christensenellales,Christensenellaceae,Christensenellaceae_R-7_group,midas_s_47390,0.093633
619ac3ad257e70633292af469a960d56,Bacteria,Firmicutes,Clostridia,Peptostreptococcales-Tissierellales,Family_XI,Soehngenia,,0.261365
2e707ae206fd30644537a8329e2b9476,Bacteria,Desulfobacterota,Desulfobacteria,Desulfobacterales,Desulfococcaceae,,,0.403976
49d8ed77132802ef1ad7036f31e0117a,Bacteria,Firmicutes,Bacilli,Izemoplasmatales,midas_f_16343,midas_g_33659,,0.402915
cfa7e5524c99aac7db9399503a7e846a,Bacteria,Firmicutes,Clostridia,Peptostreptococcales-Tissierellales,Sedimentibacteraceae,Sedimentibacter,,0.235348
678452b1266654469afd6625a7ec25f5,Bacteria,Firmicutes,Clostridia,Oscillospirales,Hungateiclostridiaceae,Ruminiclostridium,,0.138401
61d14f45268668061628d7a7990641b2,Bacteria,Firmicutes,Clostridia,,,,,0.093987
a6efdb52a04e05a2a1be52f5516784fa,Bacteria,Proteobacteria,Gammaproteobacteria,Burkholderiales,Rhodocyclaceae,Thauera,,0.283022
2b7dca9f823dab555a368d87f194804f,Bacteria,Bacteroidota,Bacteroidia,Bacteroidales,Dysgonomonadaceae,Proteiniphilum,,0.052779
070ad707f633c0df5a19f11bcfa699c1,Bacteria,Bacteroidota,Bacteroidia,Bacteroidales,Dysgonomonadaceae,Proteiniphilum,,0.091302
b49bff6b867f0818155aa2ee1b77e93a,Bacteria,Bacteroidota,Bacteroidia,Bacteroidales,Dysgonomonadaceae,Proteiniphilum,Proteiniphilum_saccharofermentans,0.085176
5ec4e02584b8c58b33bde92395188ffa,Bacteria,Actinobacteriota,Actinobacteria,Micrococcales,Microbacteriaceae,Leucobacter,,0.266046
22958f01426d8f1fe3f4922e13710669,Bacteria,Actinobacteriota,Actinobacteria,midas_o_5,midas_f_5,midas_g_399,midas_s_399,0.37135
826b2dad200d99cccec78d01acb38da4,Bacteria,Firmicutes,Clostridia,Peptostreptococcales-Tissierellales,Peptostreptococcaceae,Paraclostridium,midas_s_2984,0.269424
916d15ab17794198ea4c5ad1e3fb6258,Bacteria,Firmicutes,Desulfotomaculia,Desulfotomaculales,Desulfurisporaceae,Desulfurispora,midas_s_73526,0.224284
10ba1c6a051a49b25b443bebd244b71c,Bacteria,Firmicutes,Negativicutes,Veillonellales-Selenomonadales,,,,0.193346
3fb688a9024c5d9e0c97cf7a6859063a,Bacteria,Firmicutes,Clostridia,Oscillospirales,Ruminococcaceae,,,0.05215
779e393e6ff91129f826c691a0d16db3,Bacteria,Firmicutes,Clostridia,Monoglobales,Monoglobaceae,Monoglobus,midas_s_119413,0.101291
e561c5c5f92aa66e6b1befb81385d1fc,Bacteria,Bacteroidota,Bacteroidia,Bacteroidales,Williamwhitmaniaceae,midas_g_141,midas_s_141,3.333231
3e524f0bf09623c8530930bb8b27045c,Bacteria,Synergistota,Synergistia,Synergistales,Synergistaceae,Syner-01,,0.090169
d4cf4bfef77541da66524a9292252fa2,Bacteria,Bacteroidota,Bacteroidia,Bacteroidales,Dysgonomonadaceae,Proteiniphilum,Proteiniphilum_saccharofermentans,0.076658
8bc8eb4392eecf9f922bfb55df2c4144,Bacteria,Firmicutes,Clostridia,Peptostreptococcales-Tissierellales,Peptostreptococcaceae,Romboutsia,Romboutsia_lituseburensis,0.064818
613cd0ab8ed46a361940e06efaecdb6d,Bacteria,Synergistota,Synergistia,Synergistales,Synergistaceae,Thermovirga,,0.341111
07246a1fc2c2fed9e54374f5ee46c333,Bacteria,Actinobacteriota,Actinobacteria,Micrococcales,Intrasporangiaceae,,,3.752195
3e09043820433588bf896d8e55bc1423,Bacteria,Firmicutes,midas_c_4,midas_o_4,midas_f_222,midas_g_110683,,0.209092
dcb31c0c036636a36840c1f3341898d9,Bacteria,Firmicutes,Clostridia,Gracilibacteraceae,Lutispora,midas_g_2455,midas_s_3837,0.067122
2b335f368deba69c6c95c18da31dc5f4,Bacteria,Firmicutes,Clostridia,Clostridiales,Clostridiaceae,Clostridium_sensu_stricto_1,,0.335276
d693c275c376753e40770f95ba69a9f9,Bacteria,Firmicutes,Desulfotomaculia,Desulfotomaculales,Pelotomaculaceae,Pelotomaculum,,0.073153
495cc889a2e82868482b1feb2f71fbd0,Bacteria,Actinobacteriota,Actinobacteria,Corynebacteriales,Mycobacteriaceae,Mycobacterium,,0.33395
aa15b94e77f3955a73a15e15187b6482,Bacteria,Firmicutes,Clostridia,Proteinivoracales,midas_f_1799,midas_g_1799,midas_s_91638,0.335541
6e21064675bd1626771d39886cc9d88b,Bacteria,Firmicutes,Clostridia,Oscillospirales,Hungateiclostridiaceae,Ercella,midas_s_59197,0.101211
7b43b24e8c817bba9f0008696985ae06,Bacteria,Chloroflexi,Anaerolineae,SBR1031,Flexifilaceae,midas_g_8129,midas_s_8129,0.074724
baa4a4f4c8d40a784e35ff0313bf0ccb,Bacteria,Proteobacteria,Gammaproteobacteria,Burkholderiales,Rhodocyclaceae,Azoarcus,midas_s_70352,0.291244
f847d5bbe9c5a3555db3988cfa1b838f,Bacteria,Firmicutes,Clostridia,Peptococcales,Peptococcaceae,Dehalobacterium,,0.253428
33e423de05448134722fcf4bd6a224d7,Bacteria,Firmicutes,Clostridia,Oscillospirales,Oscillospiraceae,Intestinimonas,midas_s_95615,0.147742
fde5fbd4507f68a2eabc92fb449d9965,Bacteria,Firmicutes,Clostridia,Peptostreptococcales-Tissierellales,Sedimentibacteraceae,Sedimentibacter,,0.05769
8a4c692c01077fa5a93913725097b3bc,Bacteria,Proteobacteria,Alphaproteobacteria,Rhizobiales,Xanthobacteraceae,Xanthobacter,,0.120553
6a00993959cfffcd3e54203b0cb659a2,Bacteria,Firmicutes,Desulfitobacteriia,Desulfitobacteriales,Syntrophobotulaceae,Dehalobacter,,0.077572
05771e0f1c5425fc486934e2beb87956,Bacteria,Firmicutes,Clostridia,Christensenellales,Christensenellaceae,Christensenellaceae_R-7_group,midas_s_240,0.363513
8a1c973b6094cbd560f363581ce1beba,Bacteria,Firmicutes,Clostridia,Oscillospirales,Hungateiclostridiaceae,Ercella,midas_s_96264,0.108752
b757c414a3bc227758c09624ca177986,Bacteria,Firmicutes,Syntrophomonadia,Syntrophomonadales,Syntrophomonadaceae,Syntrophomonas,,0.116517
fd4dc2d3654041c497b3d8e6cee4d18b,Bacteria,Firmicutes,midas_c_4,DTU014,midas_f_148,midas_g_515,,0.326546
62e1d1dac671aff6e6dc206418fd79c6,Bacteria,Firmicutes,Bacilli,Bacillales,Bacillaceae,,,0.269761
8b05c693d167b0c68f1316963744f122,Bacteria,Firmicutes,Desulfotomaculia,Desulfotomaculales,Pelotomaculaceae,Pelotomaculum,midas_s_95439,0.101766
058f50a8bccf06f41d115822bdfe37fb,Bacteria,Firmicutes,Clostridia,Christensenellales,Christensenellaceae,Christensenellaceae_R-7_group,midas_s_292,0.471335
b78bdac2d66434f67db2a71b6f893639,Bacteria,Firmicutes,Clostridia,Christensenellales,Christensenellaceae,Christensenellaceae_R-7_group,midas_s_54,0.653091
87db021bd3fb687eba7b420338158435,Bacteria,Firmicutes,Limnochordia,midas_o_1979,midas_f_1979,midas_g_91392,midas_s_92560,0.159089
34bd302b38c473a6dc69875818ebfb23,Bacteria,Firmicutes,Clostridia,Oscillospirales,Hungateiclostridiaceae,Fastidiosipila,midas_s_98211,0.059315
54e41d7748bdb8fe71a73a47ad58423e,Bacteria,Firmicutes,Clostridia,Peptostreptococcales-Tissierellales,Serpentinicella,midas_g_75908,,0.277982
50bef0776b442d38fe4de5a83b9187a8,Bacteria,Firmicutes,Clostridia,Clostridiales,Clostridiaceae,Clostridium_sensu_stricto_11,Clostridium_senegalense,0.152252
94ef08db649a5339b6de95109a8bad0f,Bacteria,Proteobacteria,Gammaproteobacteria,Pseudomonadales,Pseudomonadaceae,Pseudomonas,Pseudomonas_stutzeri,0.102394
201a9f507c9b354eb162adf1f311c607,Bacteria,Firmicutes,midas_c_4,DTU014,midas_f_148,midas_g_515,,0.247053
7b35a5b1674bbaefc9af01283da529c1,Bacteria,Firmicutes,Clostridia,Clostridiales,Clostridiaceae,Clostridium_sensu_stricto_7,,0.285199
33ee5a4f23a0bf945ce5b4ffa11feef5,Bacteria,Firmicutes,Bacilli,Bacillales,Planococcaceae,Rummeliibacillus,Rummeliibacillus_suwonensis,0.189862
ed583664a71759ab4da92119efb0df87,Bacteria,Firmicutes,Clostridia,Gracilibacteraceae,Lutispora,midas_g_2455,midas_s_2455,0.272412
31b772f3e0f36755cdb6cd584a8a105f,Bacteria,Firmicutes,Clostridia,Oscillospirales,Oscillospiraceae,midas_g_112829,midas_s_112829,0.105358
9d169a06854ffc97e3fa36d6dad78813,Bacteria,Bacteroidota,Bacteroidia,Bacteroidales,Rikenellaceae,midas_g_36215,midas_s_82500,0.109401
669b72740b8bed1bcedbdbaa4b8be1e7,Bacteria,Hydrogenedentes,Hydrogenedentia,Hydrogenedentiales,Hydrogenedensaceae,,,0.267637
9cef27fb5c42d04a7e949300061958c1,Bacteria,Actinobacteriota,Actinobacteria,Propionibacteriales,Propionibacteriaceae,midas_g_497,,0.256497
387fd7acb95a1f0053edacb08ca9384d,Bacteria,Firmicutes,Clostridia,Peptostreptococcales-Tissierellales,Anaerovoracaceae,Anaerovorax,midas_s_97112,0.08166
93b2f6310a4ce172502298f06cf628cf,Bacteria,Firmicutes,Clostridia,Christensenellales,Christensenellaceae,Christensenellaceae_R-7_group,midas_s_47390,0.114975
817555c3b5d93664c38e8fbec64eba2e,Bacteria,Synergistota,Synergistia,Synergistales,Synergistaceae,Thermovirga,midas_s_99362,0.183446
05728a4572e292df51f34610249d4fa9,Bacteria,Firmicutes,Clostridia,Gracilibacteraceae,Lutispora,midas_g_1251,,0.088066
405648482a348320fe4470fddebb64c6,Bacteria,Proteobacteria,Alphaproteobacteria,Rhizobiales,Beijerinckiaceae,Pseudochelatococcus,,0.261006
5837405da6036e7481240160de143774,Bacteria,Firmicutes,Clostridia,Oscillospirales,UCG-010,midas_g_112760,midas_s_112760,0.069583
9c90a0c962c8b6283f7a71b644fce90c,Bacteria,Synergistota,Synergistia,Synergistales,Synergistaceae,midas_g_249,,0.254375
34bc76cd76ea83cf74430a3bbb56ac82,Bacteria,Actinobacteriota,Acidimicrobiia,Microtrichales,Microtrichaceae,IMCC26207,,0.258619
b5b93f7fc3d0a88dff0ced83eb0bb5ab,Bacteria,Firmicutes,D8A-2,midas_o_13,midas_f_13,midas_g_554,midas_s_116552,0.071476
6868203f42c3571c5d284d6fd8077b84,Bacteria,WS1,midas_c_796,midas_o_796,midas_f_2296,midas_g_2296,midas_s_2296,0.235277
9b6a7459b2c92cee0abfc36d503488b7,Bacteria,Proteobacteria,Alphaproteobacteria,Caulobacterales,Caulobacteraceae,Brevundimonas,,0.067906
9413dd54243692b250670640c660758d,Bacteria,Chloroflexi,Anaerolineae,SBR1031,midas_f_1469,midas_g_2178,midas_s_5149,0.067774
9ab23c4d99ca81eaa9c30826e3201dd4,Bacteria,Firmicutes,Clostridia,Peptostreptococcales-Tissierellales,,,,0.249335
44f513ba8d222b088ba2ad6e7ab85b8c,Bacteria,Actinobacteriota,Actinobacteria,Propionibacteriales,Propionibacteriaceae,Propionicicella,,0.141312
cead0ca51f97bc24bf11b1d1d12aee6e,Bacteria,Firmicutes,Clostridia,Christensenellales,Christensenellaceae,Christensenellaceae_R-7_group,,0.055977
7b29e948451d2fdcce6d39ddc6c25520,Bacteria,Proteobacteria,Alphaproteobacteria,Sphingomonadales,Sphingomonadaceae,Sphingopyxis,,0.078782
197c1736a92b42d2671a7ea927a9d7d8,Bacteria,Proteobacteria,Alphaproteobacteria,Parvibaculales,Parvibaculaceae,Parvibaculum,Parvibaculum_lavamentivorans,0.243499
5ab25dcdb272bc212f8833c23f30c16e,Bacteria,Proteobacteria,Gammaproteobacteria,Burkholderiales,Alcaligenaceae,Alcaligenes,midas_s_9908,0.072571
e94618b44f9856c9a2151cab1800a460,Bacteria,Proteobacteria,Alphaproteobacteria,,,,,0.24456
daac17ca54538cbc9aada8497262da96,Bacteria,Firmicutes,Negativicutes,Veillonellales-Selenomonadales,Sporomusaceae,midas_g_76603,,0.1107
cbe80782cb7eff2eb8427fae47b49d1a,Bacteria,Firmicutes,Clostridia,Proteinivoracales,midas_f_1799,midas_g_1799,,0.238725
1351e87aa6c89a114e5104be8fe7c817,Bacteria,Firmicutes,Clostridia,Clostridiales,Clostridiaceae,Clostridium_sensu_stricto_1,midas_s_57494,0.12743
9795a55dde06c4761698039cf60bd637,Bacteria,Firmicutes,Clostridia,Lachnospirales,Lachnospiraceae,Anaerocolumna,,0.141651
164212c0910ca9770a6bd13bcb2c5d05,Bacteria,Proteobacteria,Alphaproteobacteria,Caulobacterales,Hyphomonadaceae,Hyphomonas,,0.146153
e27928b6f9a580b0d7f95feeb01ba523,Bacteria,Firmicutes,Negativicutes,Veillonellales-Selenomonadales,,,,0.070656
bc15f0e20879b79188fa5ea9e191428c,Bacteria,Proteobacteria,Alphaproteobacteria,Rhodobacterales,Rhodobacteraceae,,,0.234746
9e54e8d50785a84f97b38e3eb665dda0,Bacteria,Desulfobacterota,Syntrophobacteria,Syntrophobacterales,Syntrophobacteraceae,Syntrophobacter,,0.203712
d5e86e0fe7c13c5751606c96f3788345,Bacteria,Bacteroidota,Bacteroidia,Bacteroidales,Dysgonomonadaceae,Fermentimonas,midas_s_96616,0.235011
0baae4d70749907f3e1f9be33a159e80,Bacteria,Firmicutes,Clostridia,Lachnospirales,Lachnospiraceae,,,0.104275
f12686b1d3e4d79217d2b79924ed502d,Bacteria,Firmicutes,Clostridia,Peptostreptococcales-Tissierellales,Peptostreptococcaceae,Paraclostridium,midas_s_2984,0.166713
f0f5fe3a3ccc66ce7e67e82294654107,Bacteria,Bacteroidota,Bacteroidia,Cytophagales,Cyclobacteriaceae,midas_g_83754,,0.230502
aa20c972229ba580ad2044118ab67181,Bacteria,Actinobacteriota,Actinobacteria,Actinomycetales,Actinomycetaceae,Actinomyces,,0.079357
14cf2dc39880985bc2129f16b8f963f5,Bacteria,Firmicutes,Clostridia,Peptostreptococcales-Tissierellales,Family_XI,Tissierella,Tissierella_praeacuta,0.049737
50285c59a58cda2d889cb954c022a93a,Bacteria,Proteobacteria,Alphaproteobacteria,Rhizobiales,Hyphomicrobiaceae,Hyphomicrobium,,0.225728
1d837cc6d80881adecbb106f01c1b042,Bacteria,Firmicutes,Dethiobacteria,Dethiobacterales,Dethiobacteraceae,midas_g_101467,midas_s_118673,0.223606
f0547f74dbcfeca9eef70572311914b5,Bacteria,Synergistota,Synergistia,Synergistales,Synergistaceae,midas_g_2022,,0.585318
c4f3196c3b0c08f6f808e3ee3465b781,Bacteria,Firmicutes,Clostridia,Oscillospirales,Ruminococcaceae,,,0.076506
e1809c067af83a3dc4623ce28f35fe79,Bacteria,Bacteroidota,Bacteroidia,Bacteroidales,Bacteroidetes_vadinHA17,midas_g_19,,0.853332
b7bc2902499297dc5de20e8748a42d33,Bacteria,Firmicutes,Dethiobacteria,Dethiobacterales,Dethiobacteraceae,Dethiobacter,,0.220688
dc21153823efbfe6f4e092f110775cde,Bacteria,Firmicutes,Clostridia,Oscillospirales,Hydrogenoanaerobacterium,midas_g_98017,midas_s_120285,0.08098
6178807a00a64843e5bb9f31f0a5f42c,Bacteria,Firmicutes,Clostridia,Oscillospirales,Oscillospiraceae,midas_g_119665,midas_s_119665,0.075883
0a1ad45b3f804b63062c39bed1fc1132,Bacteria,Firmicutes,Clostridia,Clostridiales,Clostridiaceae,Clostridium_sensu_stricto_13,midas_s_88977,0.123657
0ef7e12e6eb35a8fd9fac7badac0c381,Bacteria,Chloroflexi,Anaerolineae,RBG-13-54-9,midas_f_4245,midas_g_49937,midas_s_49937,0.263534
d801b2110a503327da848c95357ca4a5,Bacteria,Desulfobacterota,Desulfuromonadia,Desulfuromonadales,Desulfuromonadaceae,Trichloromonas,midas_s_31283,0.152215
48ca5b4f7cb58d4a146837de341a2604,Bacteria,Proteobacteria,Alphaproteobacteria,Rhodobacterales,Rhodobacteraceae,Rhodobacter,,0.351191
637ec5730f0da83790b96ca6708f5309,Bacteria,Firmicutes,Clostridia,Peptostreptococcales-Tissierellales,Sedimentibacteraceae,Sedimentibacter,,0.129062
b022522a963a8f8fa28d9d2fc3344e87,Bacteria,Firmicutes,Dethiobacteria,Dethiobacterales,Dethiobacteraceae,Dethiobacter,,0.207956
da28c80a7a1b2838789eb2ad598db9a0,Bacteria,Firmicutes,Thermoanaerobacteria,Thermoanaerobacterales,SRB2,midas_g_97954,,0.201855
7c4029c77a50ad0582c758eabe8c1410,Bacteria,Firmicutes,Limnochordia,MBA03,midas_f_112,,,0.205303
dc22433569281cc665fba3df53e3f566,Bacteria,Firmicutes,Clostridia,Peptostreptococcales-Tissierellales,Peptostreptococcaceae,Peptoclostridium,Clostridium_thermoalcaliphilum,0.198407
8fabb679415fe6a9969015076873e211,Bacteria,Firmicutes,Bacilli,Erysipelotrichales,Erysipelotrichaceae,Turicibacter,Turicibacter_sanguinis,0.196285
2d4f702bfdf848fddbfe1e84a30c73b1,Bacteria,Firmicutes,Limnochordia,B55-F-B-G02,midas_f_3498,,,0.199468
ec0ca50d7a1c6ee56a7ed9d776d9c0d1,Bacteria,Firmicutes,Clostridia,Clostridiales,Oxobacteraceae,,,0.133373
085c382879bb22ae25c77dca748d1387,Bacteria,Firmicutes,Clostridia,Lachnospirales,Lachnospiraceae,,,0.096164
b24d3443426aac9dca3451d65ba14d55,Bacteria,Firmicutes,,,,,,0.198142
477487d12077a9fbaf195faaf466d827,Bacteria,Firmicutes,Clostridia,,,,,0.196815
a0ccae889b93969deefa92b4da7cb2f7,Bacteria,Firmicutes,Clostridia,Oscillospirales,Ruminococcaceae,Caproiciproducens,,0.10526
6148c6e49d72c0f24a187a979ba7a5aa,Bacteria,Actinobacteriota,Actinobacteria,Propionibacteriales,Propionibacteriaceae,Propionicicella,,0.07658
9f86297104372f6378c6bf3dc1a8e8ec,Bacteria,Chloroflexi,Chloroflexia,Thermomicrobiales,JG30-KF-CM45,midas_g_4042,midas_s_4681,0.191776
7a7c96429cd038c333985399c9eb963c,Bacteria,Planctomycetota,Planctomycetes,Pirellulales,Pirellulaceae,midas_g_36376,midas_s_36376,0.051352
7e2246947e40512267840e3645e8c570,Bacteria,Firmicutes,Clostridia,Peptostreptococcales-Tissierellales,Sedimentibacteraceae,Sedimentibacter,,0.075883
7f0b196864a7620b20920d9883da587e,Bacteria,Firmicutes,Clostridia,Oscillospirales,Ruminococcaceae,Caproiciproducens,,0.101119
c9a5de56046a818a6f69569090af6d1c,Bacteria,Firmicutes,Clostridia,Clostridiales,Caloramatoraceae,Fonticella,midas_s_99462,0.092402
919c50490dbc9552a946f26b32c4ae12,Bacteria,Firmicutes,Clostridia,Peptostreptococcales-Tissierellales,,,,0.188062
308aa3982d3c398eaae8efce7b0803f2,Bacteria,Firmicutes,Clostridia,Gracilibacteraceae,Gracilibacter,midas_g_669,,1.401682
2c1453fb27de0eb5e19ae61028df3294,Archaea,Euryarchaeota,Methanobacteria,Methanobacteriales,Methanobacteriaceae,Methanobacterium,midas_s_9526,0.045578
702860fda44c0d44ddacb5bd79fd5d24,Archaea,Halobacterota,Methanosarcinia,Methanosarciniales,Methanosaetaceae,Methanothrix,,0.603801
7bc28b86485f80b7996a6a115aa31176,Bacteria,Bacteroidota,Bacteroidia,Bacteroidales,Dysgonomonadaceae,Fermentimonas,Fermentimonas_caenicola,0.036315
c668608bc7be0382064b57d5505c7e23,Bacteria,Chloroflexi,Anaerolineae,Anaerolineales,Anaerolineaceae,midas_g_156,midas_s_156,0.181166
18ec5da6c765ede0c426af393f8ce656,Bacteria,Actinobacteriota,Thermoleophilia,Gaiellales,midas_f_269,midas_g_531,midas_s_531,0.17533
8f5c4dec742c9287a0f71ebe671bdc16,Bacteria,Firmicutes,Clostridia,Oscillospirales,Oscillospiraceae,,,0.100754
06246fa4c1b00ea76b5539442f32c012,Bacteria,Actinobacteriota,Coriobacteriia,OPB41,midas_f_3016,midas_g_5574,midas_s_5574,0.041513
26ef86afa44dbbdebbae8f35e590f52e,Bacteria,Proteobacteria,Alphaproteobacteria,Rhodobacterales,Rhodobacteraceae,Amaricoccus,,0.168964
87ec65202e592d81d47b66d1484732df,Bacteria,Actinobacteriota,Actinobacteria,Corynebacteriales,Nocardiaceae,Rhodococcus,midas_s_4515,0.04788
56eed20694eeebce9a5a6bc4626aca89,Bacteria,Firmicutes,Clostridia,Oscillospirales,Oscillospiraceae,Colidextribacter,midas_s_63665,0.095337
f8ec439cb9f26e97be2793df3c52b03d,Bacteria,Actinobacteriota,Actinobacteria,Corynebacteriales,Nocardiaceae,Gordonia,,0.174004
a67c7071b283c3513d9aa4cf63879d6e,Bacteria,Proteobacteria,Alphaproteobacteria,Caulobacterales,Caulobacteraceae,,,0.172943
999031908a04b1e2fca9b265ee4e0aba,Bacteria,Firmicutes,Clostridia,Oscillospirales,Eubacterium_coprostanoligenes_group,midas_g_97727,midas_s_97727,0.059416
4bcf2ed3c27ef7222d2bf177640edef4,Bacteria,Firmicutes,,,,,,0.172678
e2c63d5718cf9ea95828084c3b843443,Bacteria,Firmicutes,Clostridia,Christensenellales,Christensenellaceae,,,0.171617
49c907377454c6980ff0a520fe40abe2,Bacteria,Firmicutes,Limnochordia,MBA03,midas_f_112,,,0.168434
213ec0ef843de45b3db9302876229bed,Bacteria,Proteobacteria,Gammaproteobacteria,Burkholderiales,Comamonadaceae,Hydrogenophaga,,0.096864
40870adeb00d39b72fbca1d2be29ab07,Bacteria,Firmicutes,Dethiobacteria,Dethiobacterales,Dethiobacteraceae,midas_g_115459,midas_s_115459,0.166842
19cfc988be2bc698e4e8e24f3c017dad,Bacteria,Firmicutes,midas_c_4,DTU014,midas_f_4306,midas_g_4306,midas_s_4306,0.164985
65c689dc4b8772012494d43535fd1102,Bacteria,Actinobacteriota,Thermoleophilia,Solirubrobacterales,Solirubrobacteraceae,midas_g_21833,midas_s_21833,0.081432
5346417a16a786a9003aaee8d9cf6253,Bacteria,Firmicutes,Clostridia,Peptostreptococcales-Tissierellales,Sedimentibacteraceae,Sedimentibacter,midas_s_703,1.358553
2da3ff46bfa58a914368731cfd699785,Bacteria,Actinobacteriota,Actinobacteria,Propionibacteriales,Propionibacteriaceae,Brooklawnia,midas_s_193,0.163924
d23e07dc0f848e8921532df36254ce29,Bacteria,Proteobacteria,Alphaproteobacteria,Rhizobiales,Rhizobiaceae,Allorhizobium-Neorhizobium-Pararhizobium-Rhizobium,midas_s_2277,0.027676
ecff8099a19480a2264b0e2dfbd1f968,Bacteria,Firmicutes,Clostridia,Peptostreptococcales-Tissierellales,Family_XI,midas_g_1981,midas_s_114206,0.098694
b61513eef1a69690c5d43ca0cb8f5c1b,Bacteria,Proteobacteria,Gammaproteobacteria,Xanthomonadales,Rhodanobacteraceae,Rhodanobacter,midas_s_24578,0.162598
522fc29c9966a380a17ce86687cc600b,Bacteria,Synergistota,Synergistia,Synergistales,Synergistaceae,,,0.02121
f2cd13764c9588bd921f3a53138830da,Bacteria,Firmicutes,Clostridia,Clostridiales,Clostridiaceae,Clostridium_sensu_stricto_1,,0.161007
29d5a1f45c97760080e874715394bcfe,Bacteria,Halanaerobiaeota,Halanaerobiia,Halanaerobiales,Halobacteroidaceae,midas_g_109927,midas_s_109927,0.160476
9418ffbc4dee96cca486adf8b5f5493d,Bacteria,Firmicutes,Clostridia,Gracilibacteraceae,Lutispora,,,0.027459
01b5383db868117f04bfd197603f736b,Bacteria,Firmicutes,Moorellia,Desulfitibacterales,Desulfitibacteraceae,Desulfitibacter,,0.158089
534d7b1bce2cf035866320576094f81e,Archaea,Euryarchaeota,Methanobacteria,Methanobacteriales,Methanobacteriaceae,Methanobacterium,midas_s_9526,0.022789
7560406411c714b613d36584ec43158e,Bacteria,Firmicutes,Clostridia,Oscillospirales,,,,0.062853
a85ae3de6b2dd626049270444199438e,Bacteria,Firmicutes,Clostridia,Oscillospirales,UCG-010,midas_g_103381,midas_s_103381,0.046585
f1ebac6585a1d66aeb6238227f0db6be,Bacteria,Firmicutes,Clostridia,Christensenellales,Christensenellaceae,Christensenellaceae_R-7_group,,0.040428
e8c1e783e60161fe039cc419a3717b1f,Bacteria,Proteobacteria,Gammaproteobacteria,Enterobacterales,Alteromonadaceae,Rheinheimera,,0.154906
ef48b24d461ead26b22d8e442656ccc0,Bacteria,Firmicutes,midas_c_4,midas_o_4,midas_f_222,midas_g_110683,midas_s_110683,0.027837
0c9da253a23c96e308df82e07408f9f0,Bacteria,Firmicutes,Clostridia,Gracilibacteraceae,Lutispora,midas_g_2455,midas_s_2455,0.15411
051d14c7d7e9a5358e8da8a52b48bca3,Bacteria,Bacteroidota,Bacteroidia,Bacteroidales,Marinilabiliaceae,,,0.15411
00fb4699f8a2077aa4225851ec609f82,Bacteria,Bacteroidota,Bacteroidia,Sphingobacteriales,Lentimicrobiaceae,Lentimicrobium,midas_s_63579,0.24547
0a25bdc3567a1af9c215a6efaf816439,Bacteria,Firmicutes,Syntrophomonadia,Syntrophomonadales,Syntrophomonadaceae,Syntrophomonas,,0.042966
d6fd8cc30f52c997d8a550fdb5b27dfd,Bacteria,Firmicutes,Clostridia,Peptostreptococcales-Tissierellales,Peptostreptococcaceae,Acetoanaerobium,Acetoanaerobium_pronyense,0.151723
efc6541354a63e71f60f085f48f73909,Bacteria,Firmicutes,Desulfitobacteriia,Desulfitobacteriales,Desulfitobacteriaceae,Desulfosporosinus,,0.106983
ae2245c2d637b8badfb1037f95ffd4f7,Bacteria,Firmicutes,Clostridia,Christensenellales,Christensenellaceae,Christensenellaceae_R-7_group,midas_s_3956,0.140317
b0c74390aa5ac540757eb2256575019e,Bacteria,Firmicutes,Syntrophomonadia,Syntrophomonadales,Syntrophomonadaceae,Syntrophomonas,,0.024384
664e1ee046659d47ded4a40ad1133a33,Bacteria,Spirochaetota,Leptospirae,Leptospirales,Leptospiraceae,RBG-16-49-21,midas_s_112445,0.150662
aca43babf06d3410ce71cad5778ff102,Bacteria,Firmicutes,Clostridia,Gracilibacteraceae,Gracilibacter,midas_g_669,,0.054865
75dd0ee2682cb0bf3146f334b0c41c93,Bacteria,Firmicutes,Clostridia,Clostridiales,Clostridiaceae,,,0.059884
48d3df1c8c87428a5ef19a3ea0a4c6d1,Bacteria,Firmicutes,Bacilli,Erysipelotrichales,Erysipelotrichaceae,Turicibacter,Turicibacter_sanguinis,0.148805
c412c4daad0adeb07fedba1aed394245,Bacteria,Firmicutes,Clostridia,Christensenellales,Christensenellaceae,,,0.084349
e4197eeb4aaad91a8a4a38678c3b073e,Bacteria,Firmicutes,Clostridia,Peptostreptococcales-Tissierellales,Sedimentibacteraceae,Sedimentibacter,,0.095237
cb6e61a6c468d63ca89dc4f8c67e8554,Bacteria,Bacteroidota,Bacteroidia,Bacteroidales,Bacteroidetes_vadinHA17,midas_g_19,,0.619205
cf9d6956cc5e9b057171f8ba480e6fbf,Bacteria,Firmicutes,Clostridia,Christensenellales,Christensenellaceae,Christensenellaceae_R-7_group,midas_s_120291,0.034964
6eeec78da7ff573c0bb7f7ddc3eefa8a,Bacteria,Firmicutes,Clostridia,Peptostreptococcales-Tissierellales,Anaerovoracaceae,Anaerovorax,,0.040536
344b8fcfc08a17bb7443c1ad11ea3151,Bacteria,Proteobacteria,Alphaproteobacteria,Rhizobiales,Devosiaceae,Devosia,,0.11671
021d1583edfe105a9c99264ea9f3d2d6,Bacteria,Bacteroidota,Bacteroidia,Bacteroidales,Dysgonomonadaceae,Proteiniphilum,midas_s_63906,0.1435
0b291123c105140e6524bb2a3cf8e278,Bacteria,Desulfobacterota,Syntrophia,Syntrophales,Smithellaceae,Smithella,midas_s_7762,0.141643
2096bed8d8d3c009cd128c5f66954ed4,Bacteria,Bacteroidota,Bacteroidia,Bacteroidales,Prolixibacteraceae,midas_g_12,midas_s_12,0.84409
eca00dcc9a01255b6cb66fbd5b3bd285,Bacteria,,,,,,,0.141378
70775be7835f6d6a6ecb0d7039b355e3,Bacteria,Firmicutes,Clostridia,Oscillospirales,Hungateiclostridiaceae,midas_g_55650,midas_s_55650,0.053085
c99dd2353697161faecee673e0eda7b2,Bacteria,Desulfobacterota,Syntrophobacteria,Syntrophobacterales,Syntrophobacteraceae,Syntrophobacter,Syntrophobacter_sulfatireducens,0.133686
24b5476371dc34ef4f12b359d6ea6fe4,Bacteria,Firmicutes,Clostridia,Oscillospirales,Hungateiclostridiaceae,midas_g_76594,midas_s_76594,0.110874
482bb3761a6b11b4cfb4e1b618231157,Bacteria,Proteobacteria,Gammaproteobacteria,Burkholderiales,Comamonadaceae,Comamonas,,0.137399
5db694edf839eff28cb6a47bb5b50693,Bacteria,Planctomycetota,Planctomycetes,Pirellulales,Pirellulaceae,Pir4_lineage,midas_s_6709,0.135543
9335b7a207b486ae9975e735cd30a814,Bacteria,Proteobacteria,Alphaproteobacteria,Rhodobacterales,Rhodobacteraceae,Amaricoccus,midas_s_13927,0.135547
380c64674875dbcea485ba8f1ce26a6c,Bacteria,Firmicutes,Clostridia,Oscillospirales,Hungateiclostridiaceae,midas_g_98124,midas_s_99703,0.254477
ea5eeef4adcd29b79e56e455f9025517,Bacteria,Actinobacteriota,Actinobacteria,Propionibacteriales,Propionibacteriaceae,Micropruina,,0.133421
de794e5f913a822d437c41f82c49a80e,Bacteria,Actinobacteriota,Actinobacteria,Micrococcales,Microbacteriaceae,Microbacterium,,0.123225
687530ef97a8574b08b65e6100ed1f16,Bacteria,Firmicutes,Clostridia,Oscillospirales,Hungateiclostridiaceae,,,0.130503
eaa1d57a577a4aa93aceab1782827ea8,Bacteria,Firmicutes,Clostridia,Oscillospirales,Hungateiclostridiaceae,Ercella,,0.026001
95d0db82a69ee10f3b5ed0f06ba96949,Bacteria,Firmicutes,Limnochordia,MBA03,midas_f_112,midas_g_109803,,0.128646
07bb3ab197992af0b741d1b71fc16c74,Bacteria,Firmicutes,Clostridia,Oscillospirales,Hungateiclostridiaceae,Fastidiosipila,midas_s_1210,0.255691
1cbf580d763d0eb5497ff2d6468e7668,Bacteria,Firmicutes,Clostridia,Monoglobales,Monoglobaceae,Monoglobus,midas_s_78171,0.047443
36e38981bc99d5d7fdd5959ca41f6313,Bacteria,Proteobacteria,Alphaproteobacteria,Rhizobiales,Devosiaceae,Devosia,midas_s_37003,0.113792
43c8008fb032a5ed2cb06dafa83e23ec,Bacteria,Firmicutes,Clostridia,Oscillospirales,Oscillospiraceae,NK4A214_group,,0.039543
cd991e2f230049eb76c8e3b3fcece79f,Bacteria,Proteobacteria,Gammaproteobacteria,Burkholderiales,Burkholderiaceae,Limnobacter,midas_s_1300,0.030443
caafd6d1ef718ac1a2b7473f47d9340b,Bacteria,Proteobacteria,Alphaproteobacteria,Rhizobiales,Xanthobacteraceae,Afipia,,0.124137
b62a0f483de49257919f98dd32320443,Bacteria,Spirochaetota,Spirochaetia,Spirochaetales,Spirochaetaceae,Sphaerochaeta,,0.063274
85b80813a3be5e162f462e085b709b85,Bacteria,Firmicutes,Clostridia,Christensenellales,Christensenellaceae,Christensenellaceae_R-7_group,midas_s_59948,0.091723
bffbf44642d65b943681a01244ca6c0b,Bacteria,Firmicutes,Desulfitobacteriia,Desulfitobacteriales,Desulfitobacteriaceae,Desulfosporosinus,,0.096691
41f01f3e3cbf6beb908ae1ebb553208e,Bacteria,Proteobacteria,Gammaproteobacteria,Xanthomonadales,Xanthomonadaceae,Stenotrophomonas,midas_s_74451,0.097537
dd07e924156039f8e953d5ea58ab5023,Bacteria,SAR324_cladeMarine_group_B,midas_c_814,midas_o_928,Ca_Phosphitivoracaceae,Ca_Phosphitivorax,Ca_Phosphitivorax_butyraticus,0.113983
62925abc081ef537aea1336e58a4548a,Bacteria,Bacteroidota,Bacteroidia,Bacteroidales,Bacteroidetes_vadinHA17,midas_g_410,midas_s_410,0.569915
a7d0101041a4ff2c176cc0616423387a,Bacteria,Proteobacteria,Gammaproteobacteria,Burkholderiales,Comamonadaceae,,,0.254219
af62b8aa99dba188ac2f26d05dff89d1,Bacteria,Firmicutes,Clostridia,Clostridiales,Clostridiaceae,midas_g_1220,midas_s_84584,0.126259
708def8fa07ef5fd728004ace6c578d0,Bacteria,Firmicutes,Clostridia,Oscillospirales,Oscillospiraceae,,,0.069878
758b8307071957eb86c89a180b187482,Bacteria,Chloroflexi,Anaerolineae,Anaerolineales,Anaerolineaceae,midas_g_156,midas_s_876,0.452851
96968f641dd4ea2ff01bfbd9ff3a838a,Bacteria,Dependentiae,Babeliae,Babeliales,midas_f_75791,midas_g_82848,midas_s_82848,1.432488
6dbf54dfd0a3207126af074af10be296,Bacteria,Firmicutes,Clostridia,Peptostreptococcales-Tissierellales,Peptostreptococcaceae,Terrisporobacter,,0.123076
ff2a3877c5cf4808816900f51bc130ba,Bacteria,Firmicutes,Limnochordia,MBA03,midas_f_112,,,0.122811
79ba36cfcb1bdd16bc3aad97c47a1e6b,Bacteria,Firmicutes,Clostridia,Oscillospirales,Hungateiclostridiaceae,midas_g_2604,midas_s_99209,0.045607
923d1e7b6ceac97721615d80cf869780,Bacteria,Firmicutes,Clostridia,Christensenellales,Christensenellaceae,midas_g_2424,,0.103447
5e833ded530b3d037092d0691ec3589f,Bacteria,Firmicutes,Clostridia,Gracilibacteraceae,Lutispora,midas_g_2455,midas_s_53254,0.048752
16e7c551b44e75be84ce23f95da7cb8d,Bacteria,Firmicutes,Clostridia,Oscillospirales,UCG-010,,,0.063266
49eb7db9bbd667a245fcb40e7be64a28,Bacteria,Bacteroidota,Bacteroidia,Bacteroidales,Paludibacteraceae,Paludibacter,midas_s_40478,0.037595
55c520d7fe25c3a704fca36f36fde991,Bacteria,Firmicutes,Clostridia,Clostridiales,Clostridiaceae,,,0.052315
7aaece58fc746f9480457f6056857dfe,Bacteria,Firmicutes,Clostridia,Monoglobales,Monoglobaceae,Monoglobus,,0.119362
6de274487e1c875df3c574ec3fcd05d0,Bacteria,Firmicutes,Clostridia,Peptostreptococcales-Tissierellales,Anaerovoracaceae,Anaerovorax,midas_s_8128,0.051817
18b7af5d1e7696bb8cd541bdde042b51,Bacteria,Firmicutes,Clostridia,Christensenellales,Christensenellaceae,midas_g_51070,midas_s_97159,0.022428
b4ac0621ed68fda2b501520e951949e1,Archaea,Euryarchaeota,Methanobacteria,Methanobacteriales,Methanobacteriaceae,Methanobacterium,midas_s_9526,0.019466
71c170ae2a1a4f99b40b9fb4850c55fb,Bacteria,Firmicutes,Clostridia,Oscillospirales,Hydrogenoanaerobacterium,,,0.116409
9026ee9ce58d36be3646689861848080,Bacteria,Proteobacteria,Alphaproteobacteria,Rhizobiales,Rhizobiaceae,Aquamicrobium,Aquamicrobium_aestuarii,0.117771
ef9fddde19882aba901f1b0419ec09d8,Bacteria,Cloacimonadota,Cloacimonadia,Cloacimonadales,Cloacimonadaceae,Ca_Cloacimonas,,0.329626
6f14a88c7074fb3b48a9f8be3f7852c8,Bacteria,Firmicutes,Negativicutes,midas_o_2492,midas_f_70329,midas_g_70329,midas_s_70329,0.049688
65db89cb7753aa9ae2885315cf5ffe04,Bacteria,Bacteroidota,Bacteroidia,Bacteroidales,Rikenellaceae,DMER64,midas_s_82,0.160192
9b38c83e9f4e2a1c9ccca312a8701603,Bacteria,Cloacimonadota,Cloacimonadia,Cloacimonadales,Cloacimonadaceae,W5,midas_s_92,0.54527
8b35589e4e1ef82328d78d533f5fa1a1,Bacteria,Proteobacteria,Gammaproteobacteria,Burkholderiales,Alcaligenaceae,,,0.028728
f028df8f84e6a5ff0a4512a509e23477,Bacteria,Firmicutes,Clostridia,Peptostreptococcales-Tissierellales,Gottschalkia,Andreesenia_angusta,midas_s_44566,0.031213
9bc997e8ebea77d717faea18a7bf4708,Bacteria,Actinobacteriota,Actinobacteria,midas_o_5,midas_f_5,midas_g_100,midas_s_151,0.178676
07c98191a29a6be9185f213be81a429f,Bacteria,Bacteroidota,Bacteroidia,Bacteroidales,Rikenellaceae,midas_g_36215,midas_s_82500,0.087532
8855fec4062970bb235780d6469a1d6d,Bacteria,Spirochaetota,Spirochaetia,Spirochaetales,Spirochaetaceae,midas_g_1408,midas_s_3753,0.144789
07d5f956dc0652fbd2d22ea90b1bb136,Bacteria,Firmicutes,Syntrophomonadia,Syntrophomonadales,Syntrophomonadaceae,Syntrophomonas,,0.070857
c4118088ab2644671a1d9d540c060b19,Bacteria,Firmicutes,Limnochordia,Limnochordales,Limnochordaceae,midas_g_92370,,0.113863
0dda2781d785ae2fff6a81eabdeb9143,Bacteria,Firmicutes,Clostridia,Peptostreptococcales-Tissierellales,,,,0.08541
25e038c681656412cc697571c2d30118,Bacteria,Firmicutes,Clostridia,Oscillospirales,Oscillospiraceae,Intestinimonas,midas_s_95615,0.040627
e21f14506da976def600538a8f860f0b,Bacteria,Firmicutes,Dethiobacteria,Dethiobacterales,Dethiobacteraceae,Dethiobacter,,0.112731
66d9eb13f3c8549ed0ac95f646c23ead,Bacteria,Firmicutes,Clostridia,Peptostreptococcales-Tissierellales,Alkaliphilus,Alkaliphilus_oremlandii_OhILAs,,0.062294
f15d9912ad67ff3efb5f911bac709f3b,Bacteria,Firmicutes,Clostridia,Peptostreptococcales-Tissierellales,Sedimentibacteraceae,Sedimentibacter,,0.025133
ce21e0d8c29a8e91b8f8ed03fb21d296,Bacteria,Bacteroidota,Bacteroidia,Bacteroidales,Dysgonomonadaceae,Fermentimonas,Fermentimonas_caenicola,0.112996
4a18801bf3179876e3e063abc1fa1b5c,Bacteria,Bacteroidota,Bacteroidia,Bacteroidales,Dysgonomonadaceae,Proteiniphilum,Proteiniphilum_saccharofermentans,0.041082
7ba3402ab86ac791941e0dc862234ee8,Bacteria,Synergistota,Synergistia,Synergistales,Synergistaceae,midas_g_5426,midas_s_5426,0.117064
4bac007f22152b0afd81f2d32ec400c5,Bacteria,Firmicutes,Clostridia,Proteinivoracales,midas_f_1799,midas_g_1799,midas_s_91638,0.110079
af9554a6cc07a34c1cb6004e3dbb865a,Bacteria,Bacteroidota,Bacteroidia,Bacteroidales,Dysgonomonadaceae,Petrimonas,midas_s_47397,0.070089
e72dd431023ad44a88305647a224790d,Bacteria,Firmicutes,Clostridia,Oscillospirales,Oscillospiraceae,,,0.061763
42bdb37eaf4585993d2dadc410341bfc,Bacteria,Firmicutes,Clostridia,Christensenellales,Christensenellaceae,Christensenellaceae_R-7_group,,0.022028
b5a22689fdda6393715cd10a326927d3,Bacteria,Proteobacteria,Gammaproteobacteria,Burkholderiales,Comamonadaceae,Hydrogenophaga,,0.044688
ae53fe95ad7f469e3187a126d6098100,Bacteria,Chloroflexi,Anaerolineae,Anaerolineales,Anaerolineaceae,midas_g_156,midas_s_156,0.102652
23a68909643e167f508a7baac78d7026,Bacteria,Firmicutes,Clostridia,Clostridiales,Clostridiaceae,,,0.027605
4ce8113a40dc776a5daa50784544c8b8,Bacteria,Firmicutes,Clostridia,Clostridiales,Clostridiaceae,Clostridium_sensu_stricto_7,,0.081795
f397a6809dc09fd4f5cc5f425c5eb0ba,Bacteria,Bacteroidota,Bacteroidia,Bacteroidales,Dysgonomonadaceae,Proteiniphilum,midas_s_93948,0.04402
0a052939cf0cfd20acc22c826676e32c,Bacteria,Firmicutes,Desulfitobacteriia,Desulfitobacteriales,Syntrophobotulaceae,,,0.051882
ac2b4531feeeea309e70b76c5033f7e4,Bacteria,Synergistota,Synergistia,Synergistales,Synergistaceae,midas_g_5426,midas_s_5426,0.113983
e438545696891f9da484c32c04332871,Bacteria,Firmicutes,Clostridia,Oscillospirales,Oscillospiraceae,midas_g_82137,midas_s_114924,0.026161
8d422552eb2392c7c2d4743727d1ff33,Bacteria,Firmicutes,Clostridia,Oscillospirales,Oscillospiraceae,Papillibacter,midas_s_68307,0.062067
6533ef83a51929f69e6f95d7a59a421c,Bacteria,Synergistota,Synergistia,Synergistales,Synergistaceae,Thermovirga,,0.104243
e95282c3197d4315d84f31d177642c58,Bacteria,Firmicutes,Clostridia,,,,,0.103978
eb8d145285d4d18dd0c43c75115adbf9,Bacteria,Firmicutes,Negativicutes,Veillonellales-Selenomonadales,Sporomusaceae,,,0.046887
b23666d941d0a07a15cb33ba4ffb1f5f,Bacteria,Firmicutes,Clostridia,Gracilibacteraceae,Lutispora,midas_g_1251,midas_s_2670,0.034679
3bb8c91a23a86c8601f5dead53c7b241,Bacteria,Firmicutes,Clostridia,Clostridia_vadinBB60_group,midas_f_90201,midas_g_93451,,0.101856
ad922999ec6a8228be4358e848e86bc2,Bacteria,Proteobacteria,Alphaproteobacteria,Rhodobacterales,Rhodobacteraceae,midas_g_57,,0.101591
535887d75db6f21831a65b42a9d5752f,Bacteria,Proteobacteria,Gammaproteobacteria,Run-SP154,midas_f_27,midas_g_70,midas_s_219,0.101325
3d34df899c737d07c37a5141fecdc373,Bacteria,Firmicutes,Clostridia,Oscillospirales,Hungateiclostridiaceae,Ercella,,0.10053
0944c80185fbba7f13e44329a3276e65,Bacteria,Firmicutes,Clostridia,Oscillospirales,UCG-010,midas_g_63491,midas_s_63491,0.097877
b8be4a864e591a2801a0b9194efc1060,Bacteria,Firmicutes,Clostridia,Peptostreptococcales-Tissierellales,Peptostreptococcaceae,Intestinibacter,Intestinibacter_bartlettii,0.097612
2df9e7b11fe11f679f52c25fe8d3c27f,Bacteria,Chloroflexi,Anaerolineae,Anaerolineales,Anaerolineaceae,midas_g_156,midas_s_156,0.099203
53b91ed8941d63dc6bdcf622f25e3b10,Bacteria,Firmicutes,Clostridia,Christensenellales,Christensenellaceae,Christensenellaceae_R-7_group,,0.126305
61f3d4479c517d056179e27ae91cd284,Bacteria,Firmicutes,midas_c_4,midas_o_4,midas_f_222,midas_g_110683,midas_s_110683,0.023714
b6e342d9f4e409f24eea3859aa76e82a,Bacteria,Firmicutes,midas_c_4,midas_o_4,midas_f_222,midas_g_97311,midas_s_97311,0.053769
3038f96d4805d0546256c1e7766247e0,Bacteria,Firmicutes,Clostridia,Oscillospirales,Butyricicoccaceae,UCG-009,,0.08351
87e2bfb52174f1764d735f93e86017d3,Bacteria,Proteobacteria,Alphaproteobacteria,Rhodobacterales,Rhodobacteraceae,Paracoccus,Paracoccus_solventivorans,0.097877
82864a780f7d57947ef3451dd7539740,Bacteria,Firmicutes,Clostridia,Peptostreptococcales-Tissierellales,Family_XI,Soehngenia,midas_s_93169,0.040053
a489f58a63d2317f6ff094edb3fbd55d,Bacteria,Firmicutes,Syntrophomonadia,Syntrophomonadales,Syntrophomonadaceae,Syntrophomonas,,0.091302
8aa84c2bb23089b38845d45b2f4742a7,Bacteria,Firmicutes,Clostridia,Peptococcales,Peptococcaceae,Dehalobacterium,,0.02753
7767ca8c82d1d254c5d3228f43b2b213,Bacteria,Firmicutes,Clostridia,Peptostreptococcales-Tissierellales,Serpentinicella,midas_g_75908,midas_s_88398,0.093633
bd1731c0114c40d5784dd170ea5f3422,Bacteria,Firmicutes,Clostridia,Proteinivoracales,midas_f_1799,,,0.096551
8aa21df13e2d324fd17fe7d44bc77099,Bacteria,Firmicutes,Clostridia,Oscillospirales,Hungateiclostridiaceae,Ercella,midas_s_83640,0.029973
40f33a63b1b706f8fee517f9f6f6d367,Bacteria,Firmicutes,Dethiobacteria,Dethiobacterales,Dethiobacteraceae,Dethiobacter,,0.096286
da131e54714432d2efe40ba671d42f55,Bacteria,Firmicutes,Clostridia,Peptostreptococcales-Tissierellales,Peptostreptococcaceae,Acetoanaerobium,Acetoanaerobium_pronyense,0.09602
4277458ff73b444855fb03eaf11e4ab5,Bacteria,Firmicutes,Clostridia,Peptostreptococcales-Tissierellales,Family_XI,Tepidimicrobium,midas_s_6024,0.032854
520e1fc076185aa3704e9367026eabde,Bacteria,Firmicutes,Limnochordia,MBA03,midas_f_112,,,0.093898
911ddc4e1da558630158fa05fba14992,Bacteria,Firmicutes,Bacilli,Haloplasmatales,Haloplasmataceae,,,0.094694
3273539459d13e139159461e38ba3987,Bacteria,Firmicutes,Clostridia,Christensenellales,Christensenellaceae,Christensenellaceae_R-7_group,,0.032193
6d866900ddd4436c1634c5209005c604,Bacteria,Firmicutes,,,,,,0.094164
eea1a23b6354f47190568b72cf235aa2,Bacteria,Firmicutes,Limnochordia,,,,,0.094164
c99bcc4ed3b2887c914e9faf48d63e3f,Bacteria,Proteobacteria,Alphaproteobacteria,Rhizobiales,Xanthobacteraceae,,,0.094164
7e614d8925e124b39916f22fdeb64c3f,Bacteria,Proteobacteria,Gammaproteobacteria,Pseudomonadales,Moraxellaceae,Acinetobacter,,0.046027
0ac09c35a4ef5356c779c2c282c506a1,Bacteria,Firmicutes,Bacilli,Bacillales,Bacillaceae,Bacillus,,0.093633
c3764288be8ac8815185c4ee6d913e81,Bacteria,Bacteroidota,Bacteroidia,Bacteroidales,Rikenellaceae,DMER64,midas_s_2611,0.742429
99a197229849c15140fc329cff0ccb90,Bacteria,Firmicutes,Clostridia,Oscillospirales,Hungateiclostridiaceae,midas_g_2604,midas_s_2604,0.028036
b73b1ef694c71eec29bf86c697f26b20,Bacteria,Firmicutes,Clostridia,Oscillospirales,Hungateiclostridiaceae,,,0.093103
c6d0e484e529a485ffc0b1f08f1fb158,Archaea,Euryarchaeota,Methanobacteria,Methanobacteriales,Methanobacteriaceae,Methanobacterium,midas_s_9526,0.020809
af1a97638ae7817e6dc243cfe90ba23b,Bacteria,Proteobacteria,Alphaproteobacteria,Rhodobacterales,Rhodobacteraceae,Paracoccus,,0.079575
58a5d06b791283b4270f688e0b7408c9,Archaea,Thermoplasmatota,Thermoplasmata,Methanomassiliicoccales,Methanomethylophilaceae,,,0.053502
f816f5de71e4c19785cd5dfa8ee073db,Bacteria,Proteobacteria,Gammaproteobacteria,Burkholderiales,Alcaligenaceae,Parapusillimonas,,0.028507
9579787280965385b425a1d323e3c6d3,Bacteria,Firmicutes,Clostridia,Oscillospirales,Oscillospiraceae,,,0.02238
b50c901a9773cf8216278d2bb4e70644,Bacteria,Firmicutes,Clostridia,Peptostreptococcales-Tissierellales,Serpentinicella,midas_g_75908,,0.091511
93d1b2dac4133553194837dd9fc38d46,Bacteria,Firmicutes,Clostridia,Oscillospirales,UCG-010,midas_g_103381,midas_s_103381,0.144245
f8e946bdec673e40686c9ab157a63ac0,Bacteria,Firmicutes,Clostridia,Oscillospirales,UCG-010,midas_g_73510,midas_s_73510,0.090981
39514d7e0d952fb5735d67b878688bc8,Bacteria,Actinobacteriota,Actinobacteria,Propionibacteriales,Propionibacteriaceae,midas_g_164,midas_s_260,0.084084
61bffb5ed48deb86adad74d3d45df340,Bacteria,Proteobacteria,Alphaproteobacteria,Caulobacterales,Caulobacteraceae,Phenylobacterium,Phenylobacterium_haematophilum,0.041496
68c7aa8355d0b7c6e75c67d5df51d569,Bacteria,Firmicutes,Clostridia,Clostridiales,Caloramatoraceae,Thermobrachium,midas_s_80039,0.08541
f95801513925a658f6f017e67e77e9a0,Bacteria,Firmicutes,Clostridia,Gracilibacteraceae,Gracilibacter,midas_g_669,,0.032001
3e7c933c821c9f18e53e1dda439951cf,Bacteria,Chloroflexi,Anaerolineae,RBG-13-54-9,midas_f_4245,midas_g_84729,midas_s_84729,0.158143
212a34f4dcb9f9a8c0941fcf86f0e6bc,Bacteria,Firmicutes,Clostridia,Oscillospirales,Hungateiclostridiaceae,,,0.02464
82520638c5842f94b7203788b78b3b92,Bacteria,Firmicutes,Clostridia,Peptococcales,Peptococcaceae,midas_g_112372,midas_s_112372,0.025678
e5632edb0fd267dbaf571c758b91be2a,Bacteria,Firmicutes,Bacilli,Erysipelotrichales,Erysipelotrichaceae,Erysipelothrix,,0.087532
941c985cd594eddbaa7ba0e614bdf30f,Bacteria,Actinobacteriota,Actinobacteria,Actinomycetales,Actinomycetaceae,midas_g_343,,0.603801
b1dd093a530c4f323e45823253ee9e15,Bacteria,Firmicutes,Clostridia,Oscillospirales,Hungateiclostridiaceae,,,0.042238
283755ba25c1e02155384ef6f268c2ae,Bacteria,Firmicutes,Clostridia,Clostridiales,Clostridiaceae,Clostridium_sensu_stricto_1,Clostridium_perfringens,0.087002
025ef58ad4c94b135c69cb93c2320909,Bacteria,Firmicutes,Clostridia,Oscillospirales,Ruminococcaceae,Caproiciproducens,,0.028247
8b0ebd33e66653c42aa292e40bf6291c,Bacteria,Firmicutes,Clostridia,Clostridiales,Caloramatoraceae,Fonticella,,0.037836
47515cfa358287ae00ead27b78b2285b,Bacteria,Bacteroidota,Bacteroidia,Bacteroidales,Dysgonomonadaceae,Proteiniphilum,,0.058875
cbbd3fd672febff085d5ca40c28282da,Bacteria,Firmicutes,Clostridia,Peptostreptococcales-Tissierellales,Sedimentibacteraceae,Sedimentibacter,,0.048082
efe6fa9e73779825320958490553322f,Bacteria,Firmicutes,Clostridia,Peptococcales,Peptococcaceae,,,0.024336
ce8d585abe69c46ac0fba61726d046c5,Bacteria,Firmicutes,Clostridia,Oscillospirales,Hungateiclostridiaceae,Ruminiclostridium,,0.031357
e843b0e0535e8033ed7c08faf28016ca,Bacteria,Chloroflexi,Chloroflexia,Thermomicrobiales,JG30-KF-CM45,midas_g_4042,,0.08488
6c7a1a940865cb8fc19e17d404be6951,Bacteria,Actinobacteriota,Actinobacteria,Corynebacteriales,Mycobacteriaceae,Mycobacterium,,0.08488
80ec5ef8c3af388c768221021941877e,Bacteria,Firmicutes,Clostridia,Monoglobales,Monoglobaceae,midas_g_93666,,0.037702
556209f2b9e893a0e4b6559c1528e596,Bacteria,Firmicutes,Clostridia,Oscillospirales,Oscillospiraceae,Intestinimonas,,0.053502
fb9d8df11e01ae4c33acac6db5a518b8,Bacteria,Proteobacteria,Alphaproteobacteria,Rhodobacterales,Rhodobacteraceae,Bauldia,midas_s_3392,0.082758
123c678eddb7c7e2b7393ca738c84596,Bacteria,Firmicutes,Clostridia,Proteinivoracales,midas_f_1799,midas_g_1799,midas_s_91638,0.084349
0c0dcadbd501e2c17ca71995ed0b7ee1,Bacteria,Planctomycetota,Planctomycetes,Pirellulales,Pirellulaceae,midas_g_1097,,0.082493
6beaf7c505778021c6d149ffc3a6d02d,Bacteria,Firmicutes,Clostridia,Clostridiales,Caloramatoraceae,Thermobrachium,midas_s_80039,0.04801
ffb24eab9531da0542b30ff802e34b65,Bacteria,Firmicutes,Clostridia,Oscillospirales,Hungateiclostridiaceae,,,0.083023
717e65e6ba1d91587e9c1fc36b2b0c44,Bacteria,Proteobacteria,Gammaproteobacteria,Pseudomonadales,Pseudomonadaceae,Pseudomonas,midas_s_13308,0.095332
9e3e461620d3bc6fb82b614f65a5a69b,Bacteria,Actinobacteriota,Actinobacteria,Micrococcales,Microbacteriaceae,Microbacterium,,0.07931
5e2e0a4cfc3ab5f1a074ef61d2d6f68b,Bacteria,Bacteroidota,Bacteroidia,Bacteroidales,Dysgonomonadaceae,,,0.102044
e1d678e0c2f5463421eec27874b0fab3,Bacteria,Proteobacteria,Gammaproteobacteria,Xanthomonadales,Rhodanobacteraceae,Rhodanobacter,,0.082227
564dff3148781f436e49ebbfb2590a6a,Bacteria,Proteobacteria,Alphaproteobacteria,Rhizobiales,Rhizobiaceae,Pseudaminobacter,,0.082227
edb1b7dc98830cdfb83ef9466ad4aaaa,Bacteria,Chloroflexi,Anaerolineae,Anaerolineales,Anaerolineaceae,Ca_Brevefilum,Ca_Brevefilum_fermentans,0.19716
7bfcdea57cc8e4bab6f3f3505b0dd682,Bacteria,Firmicutes,Clostridia,Oscillospirales,Ruminococcaceae,,,0.017633
39e228b03b2c3090589f7da2c5ae6038,Bacteria,Firmicutes,Clostridia,Oscillospirales,Hydrogenoanaerobacterium,midas_g_110557,midas_s_110557,0.055674
63adbcb1936348ae36887abcd1e4af55,Bacteria,Firmicutes,Clostridia,Oscillospirales,Hungateiclostridiaceae,HN-HF0106,,0.016845
f4acc40b7b61bf7126ad84af26e93ed9,Bacteria,Actinobacteriota,Actinobacteria,Corynebacteriales,Mycobacteriaceae,Mycobacterium,,0.081697
0b9c934012caa8a6606599ddcb49c15b,Bacteria,Firmicutes,,,,,,0.081432
8fa90e60ddaccabffcd68f6a481318a2,Bacteria,Chloroflexi,Anaerolineae,RBG-13-54-9,midas_f_5792,midas_g_5834,midas_s_5834,0.081166
a954a29c70499c3c72ee396f69b71c51,Bacteria,Proteobacteria,Alphaproteobacteria,Caulobacterales,Caulobacteraceae,Brevundimonas,midas_s_14989,0.03491
47bb78bbb9b7eab1a487de7f1521ddd6,Bacteria,Firmicutes,Clostridia,Christensenellales,Christensenellaceae,Christensenellaceae_R-7_group,,0.011214
72d63057d6e53e6e72b1af409c9ed0fb,Bacteria,Firmicutes,Clostridia,Oscillospirales,Oscillospiraceae,midas_g_82137,midas_s_82137,0.024619
5ccde7f0ad35d7a47123478dd67b2774,Bacteria,Firmicutes,Clostridia,Christensenellales,Christensenellaceae,Christensenellaceae_R-7_group,,0.04237
33bf7c73050395fa47eea57f63c0f87f,Bacteria,Firmicutes,Clostridia,Peptostreptococcales-Tissierellales,Anaerovoracaceae,Anaerovorax,midas_s_68670,0.017035
4a76bdc5b45d149d7aa31d04b9f46dbe,Bacteria,Spirochaetota,Spirochaetia,Spirochaetales,Spirochaetaceae,midas_g_1408,midas_s_1408,0.138628
b7a2f949d87f6ce14145811c2d2974af,Bacteria,Firmicutes,Bacilli,Lactobacillales,Carnobacteriaceae,Trichococcus,midas_s_4,0.650011
26410d712017c834dccf638a040f9002,Bacteria,Firmicutes,Clostridia,Lachnospirales,Lachnospiraceae,Lachnoclostridium,,0.033918
39e25be575139fbcbcacc15a872bdbad,Bacteria,Firmicutes,Clostridia,Oscillospirales,Oscillospiraceae,,,0.049564
90a5e55fa876aa0bf69ffe16087cd920,Bacteria,Chloroflexi,Chloroflexia,Thermomicrobiales,JG30-KF-CM45,midas_g_4042,,0.077983
543dc760699879a2b12cd2e2525e6729,Bacteria,Proteobacteria,Alphaproteobacteria,Rhizobiales,Rhizobiaceae,Shinella,,0.050854
c9e59947328c667e941ac56abed5c99f,Bacteria,Firmicutes,Dethiobacteria,Dethiobacterales,Dethiobacteraceae,midas_g_101467,midas_s_118673,0.079044
95efcfc5bf54e543b76173209e6ecfd9,Bacteria,Firmicutes,Clostridia,Christensenellales,Christensenellaceae,Christensenellaceae_R-7_group,midas_s_5723,0.0748
d5004573c96ec6eedcc4348d1145db37,Bacteria,Proteobacteria,Alphaproteobacteria,Rhizobiales,Hyphomicrobiaceae,Hyphomicrobium,midas_s_121,0.076127
b9d27d1dc44fea66778479161f6ed7c6,Bacteria,Firmicutes,Clostridia,Christensenellales,Christensenellaceae,Christensenellaceae_R-7_group,midas_s_54958,0.218724
194253bf7725522741f6f5467928510d,Bacteria,Firmicutes,Clostridia,Clostridia_vadinBB60_group,midas_f_54,midas_g_4325,,0.042793
432a02504adb954775f641117e6d7b14,Bacteria,Bacteroidota,Bacteroidia,Bacteroidales,Rikenellaceae,Rikenellaceae_RC9_gut_group,midas_s_3232,0.84409
ac535b64f804c2eee5084adc741f7839,Bacteria,Firmicutes,Clostridia,Oscillospirales,Oscillospiraceae,,,0.022776
caddc7c3f8e30f2e74778fca73689c4b,Bacteria,Firmicutes,Clostridia,Clostridiales,Clostridiaceae,,,0.028247
c2d746ce5aed150d6696eed8143ec2c7,Bacteria,Firmicutes,Clostridia,Christensenellales,Christensenellaceae,Christensenellaceae_R-7_group,,0.022957
2c4fdd0845cdde26dc7d98f576bb10e7,Bacteria,Firmicutes,midas_c_145,Gelria,midas_f_8126,,,0.077453
134153c893d92731f1779897c269f055,Bacteria,Spirochaetota,Spirochaetia,Spirochaetales,Spirochaetaceae,Sphaerochaeta,midas_s_101116,0.018556
7cdf5d7931b4f4bcf64b7de23217f933,Bacteria,Firmicutes,midas_c_4,midas_o_4,midas_f_222,midas_g_110683,,0.025536
2e8ba4a2f665cc3ad88530fc739b1f9c,Bacteria,Firmicutes,Desulfotomaculia,Desulfotomaculales,Pelotomaculaceae,Cryptanaerobacter,midas_s_91628,0.0785
76822eb34ea3cf76c00fb31b39d43b12,Bacteria,Actinobacteriota,Actinobacteria,Corynebacteriales,Mycobacteriaceae,Mycobacterium,,0.076127
6786956e5d741de3549e1c89e3a608b0,Bacteria,Firmicutes,Clostridia,Oscillospirales,UCG-010,midas_g_85764,,0.021564
9895ece38025393ef9ccafafea501d77,Bacteria,Firmicutes,Clostridia,Lachnospirales,Lachnospiraceae,,,0.030277
40e233849dcafd1ca1e5dd020826ec04,Bacteria,Actinobacteriota,Thermoleophilia,Gaiellales,midas_f_269,midas_g_269,midas_s_9149,0.075331
ba17ca70d77eba42e5aef9d3fcc1adf3,Bacteria,Firmicutes,Negativicutes,Veillonellales-Selenomonadales,,,,0.016918
6ba96f5208b35a9fa58a1e50271ece5c,Bacteria,Firmicutes,Clostridia,Clostridia_vadinBB60_group,midas_f_63015,midas_g_63015,midas_s_84196,0.073739
5cf9be63b0ce8289c8ac73ac5162ad0b,Bacteria,Firmicutes,Clostridia,Oscillospirales,Hungateiclostridiaceae,Ruminiclostridium,midas_s_119325,0.030367
18c8a1caa02afa9f20b6974f6da7568c,Bacteria,Caldatribacteriota,JS1,midas_o_230,midas_f_230,midas_g_230,midas_s_1331,0.071087
c5f63d06bc0e136c998bf43f719776c3,Bacteria,Bacteroidota,Bacteroidia,Bacteroidales,Marinilabiliaceae,Mangroviflexus,midas_s_17009,0.07427
f0b4d6d49281190556a6cc4d5286dfb6,Bacteria,Firmicutes,Clostridia,Peptostreptococcales-Tissierellales,Proteiniboraceae,Proteiniborus,,0.047944
5f50c109f3a9cdf90470d389e4797c67,Bacteria,Actinobacteriota,Actinobacteria,Corynebacteriales,Mycobacteriaceae,Mycobacterium,,0.073474
c1795fae23a34030462cf6e6267b85b3,Archaea,Euryarchaeota,Methanobacteria,Methanobacteriales,Methanobacteriaceae,Methanobacterium,midas_s_9526,0.017408
22b437d42a93adf1a1f4912a2f2bc487,Bacteria,Proteobacteria,Gammaproteobacteria,Burkholderiales,Comamonadaceae,,,0.072148
8b2843ccdbc3d39c6d758b7f91388341,Bacteria,Chloroflexi,Anaerolineae,Caldilineales,Caldilineaceae,midas_g_3064,midas_s_3064,0.028036
2b574134383a97ed6d824d208c869f5f,Bacteria,Actinobacteriota,Actinobacteria,Propionibacteriales,Propionibacteriaceae,Propioniciclava,midas_s_5037,0.837929
8a7df6e8751646d9927c0f0ed34cbf5b,Bacteria,Firmicutes,Clostridia,Oscillospirales,Hungateiclostridiaceae,Ercella,midas_s_13743,0.033585
b9894ecd47f62b16d09553eba88c3e8d,Bacteria,Firmicutes,Clostridia,Peptostreptococcales-Tissierellales,Sedimentibacteraceae,Sedimentibacter,,0.025189
ba7e734314ca58b585509a99c1dc8f97,Bacteria,Firmicutes,Clostridia,Clostridiales,Clostridiaceae,,,0.03181
5b2a2d09315ded235146cac2e767e89a,Bacteria,Firmicutes,Clostridia,Oscillospirales,Ruminococcaceae,,,0.042252
d2f6165d08abe7fc34cde6d0173b9a8a,Bacteria,Firmicutes,Clostridia,Christensenellales,Christensenellaceae,Christensenellaceae_R-7_group,,0.036835
2548f61c3083181969197199a1a27bf5,Bacteria,Firmicutes,Clostridia,Oscillospirales,Oscillospiraceae,midas_g_110651,midas_s_110651,0.015201
b4900060b15cd3eab0697bdc00bfc33a,Bacteria,Proteobacteria,Alphaproteobacteria,Rhizobiales,Beijerinckiaceae,Microvirga,,0.051073
ce94860005cb569777791022ac3014af,Archaea,Euryarchaeota,Methanobacteria,Methanobacteriales,Methanobacteriaceae,Methanobacterium,,0.014513
5c8ca1fddc8497f2db7a63141e5cdc7f,Bacteria,Firmicutes,Clostridia,Peptostreptococcales-Tissierellales,Family_XI,Soehngenia,,0.062023
a214ccee6e9a8749c048daa053ae51dc,Archaea,Euryarchaeota,Methanobacteria,Methanobacteriales,Methanobacteriaceae,Methanobacterium,midas_s_9526,0.016934
966a27b7648de7ac63f5c15a8be0d10a,Bacteria,Planctomycetota,Phycisphaerae,MSBL9,4572-13,midas_g_76028,,0.06923
bab16dfe7bab8f56e30de9733e5a5964,Bacteria,Desulfobacterota,Syntrophia,Syntrophales,midas_f_134,midas_g_134,midas_s_1266,0.437448
2b7920f905d876304aa83fc776cd91a4,Bacteria,Firmicutes,Clostridia,Oscillospirales,Hungateiclostridiaceae,,,0.0687
fa29a08838db72d944922cbf3ca72b38,Bacteria,Firmicutes,Bacilli,Acholeplasmatales,Acholeplasmataceae,Acholeplasma,,0.023101
d8c78611226dae60111f022dc0a9f947,Bacteria,Firmicutes,Bacilli,Bacillales,Bacillaceae,Bacillus,midas_s_114646,0.068434
a78a93326d787b79c22198acbce80e81,Bacteria,Firmicutes,Clostridia,Oscillospirales,Eubacterium_coprostanoligenes_group,midas_g_1946,midas_s_1946,0.068434
5a68a3cca9a0816f321222936d3c0cb8,Bacteria,Firmicutes,Limnochordia,MBA03,midas_f_112,,,0.068169
d5ba4ee44ca72bb2c78ee918d3d0707d,Bacteria,Firmicutes,Bacilli,Bacillales,Bacillaceae,Bacillus,midas_s_114646,0.068169
4cec2826da45c90930f69ae290165f1d,Bacteria,Desulfobacterota,Syntrophorhabdia,Syntrophorhabdales,Syntrophorhabdaceae,Syntrophorhabdus,midas_s_41,0.335788
cae75e1117d316c3a8f12909f766135b,Bacteria,Actinobacteriota,Actinobacteria,Propionibacteriales,Propionibacteriaceae,,,0.04929
5adea97be7d61a174324b19e19ba1dea,Bacteria,Actinobacteriota,Actinobacteria,Micrococcales,Microbacteriaceae,Galbitalea,,0.110902
aa4b8fb0330c049740437e03fc90a40e,Bacteria,Firmicutes,Clostridia,Peptostreptococcales-Tissierellales,,,,0.045502
78655baa8fe07fac3df14b89c91be2bb,Bacteria,Firmicutes,,,,,,0.066578
0e50bf3eae192d3ce32f00a74ffb97e3,Bacteria,Firmicutes,Dethiobacteria,Dethiobacterales,Dethiobacteraceae,midas_g_101467,midas_s_118673,0.066578
55f0a15d367f1f98823a8accf53c1ab4,Bacteria,Proteobacteria,Gammaproteobacteria,Burkholderiales,Comamonadaceae,,,0.067774
70d288ad69e9db19c1dac3bf211eaeb9,Bacteria,Firmicutes,Bacilli,Bacillales,Bacillaceae,Bacillus,,0.066047
800e0527da5f9218e61c70f7d0ec8715,Bacteria,Bacteroidota,Bacteroidia,Flavobacteriales,Flavobacteriaceae,Flavobacterium,,0.023657
9fd90ca5d6775c90e4e6e46e09b38313,Bacteria,Firmicutes,Clostridia,Christensenellales,Christensenellaceae,Christensenellaceae_R-7_group,midas_s_1369,0.061612
caeb52da9a42b79671c85be97e7e6a89,Bacteria,Firmicutes,Clostridia,Christensenellales,Christensenellaceae,Christensenellaceae_R-7_group,,0.017491
d98dabbea4fe10de13ec5310782324e8,Bacteria,Proteobacteria,Alphaproteobacteria,Rhizobiales,Xanthobacteraceae,Azorhizobium,midas_s_17083,0.075909
4ff2d0f9ff5860f0d61f045ebb308e0d,Bacteria,Actinobacteriota,Actinobacteria,Corynebacteriales,Mycobacteriaceae,Mycobacterium,,0.067774
60aded12db04cbb8ba0091f3bb63d0a6,Bacteria,Actinobacteriota,Actinobacteria,Micrococcales,Microbacteriaceae,Leucobacter,,0.023872
0e94ac060981402de47bbf85360fea8b,Archaea,Euryarchaeota,Methanobacteria,Methanobacteriales,Methanobacteriaceae,Methanobacterium,,0.013994
2ac77d9e71c04c362eb0b22647bc57f5,Bacteria,Firmicutes,Dethiobacteria,Dethiobacterales,Dethiobacteraceae,Dethiobacter,,0.064456
a8c0192a45a12e2f86fe50245c36917d,Bacteria,Firmicutes,Clostridia,Caldicoprobacterales,Caldicoprobacteraceae,Caldicoprobacter,,0.064456
e111f26c316c8b919015c64090c7cdef,Bacteria,Firmicutes,Clostridia,Peptostreptococcales-Tissierellales,Serpentinicella,midas_g_75908,,0.06419
aad81ac0351dcd619b00c97e690dfa5f,Bacteria,Chloroflexi,Anaerolineae,RBG-13-54-9,midas_f_5792,midas_g_34283,midas_s_34283,0.06419
fa83652d0f1eca666000903a370b6e14,Bacteria,Firmicutes,Bacilli,Bacillales,Planococcaceae,Lysinibacillus,midas_s_15934,0.033043
b0d25a3bc288f3c5ac8b993c6e4504dd,Bacteria,Firmicutes,Clostridia,Oscillospirales,Oscillospiraceae,Oscillibacter,midas_s_103470,0.012688
351fdba7f02fbaff27a231855c689a8a,Bacteria,Actinobacteriota,WCHB1-81,midas_o_765,midas_f_765,midas_g_1737,midas_s_1737,0.060742
4e39e7f278e094156ebfcc28868dd7dd,Archaea,Euryarchaeota,Methanobacteria,Methanobacteriales,Methanobacteriaceae,Methanobacterium,midas_s_9526,0.013294
f2fbdc2b912ea775653691981335232f,Bacteria,Chloroflexi,Anaerolineae,RBG-13-54-9,midas_f_20645,midas_g_35108,midas_s_35108,0.034791
6b68ebbc9e9e8d26fa7018cf163d4848,Bacteria,Proteobacteria,Alphaproteobacteria,Rhodobacterales,Rhodobacteraceae,midas_g_75,midas_s_75,0.062864
c4112b995ef6cd2f05559f6a3057bc7c,Archaea,Euryarchaeota,Methanobacteria,Methanobacteriales,Methanobacteriaceae,Methanobacterium,midas_s_3006,0.061007
371f00ae446e2e0a412ac4e6dcdacf85,Bacteria,Firmicutes,Limnochordia,Limnochordales,Limnochordaceae,midas_g_115815,midas_s_115815,0.062599
c2cac7d762781f38d91567c99eba157e,Bacteria,Firmicutes,Clostridia,Oscillospirales,Oscillospiraceae,midas_g_102931,midas_s_102931,0.061803
ee4ac6545a6964811ec188369b533ff7,Bacteria,Firmicutes,Clostridia,Oscillospirales,Hungateiclostridiaceae,,,0.02533
faea8df7b37bdc2fd653a1c156baf7db,Bacteria,Firmicutes,Dethiobacteria,Dethiobacterales,Dethiobacteraceae,,,0.061538
d22ab0227295d4646e98ca484b96c239,Bacteria,Firmicutes,Clostridia,Clostridiales,Clostridiaceae,Clostridium_sensu_stricto_7,,0.062836
6d9f5e802552ba002b8efdef2f9bbfec,Bacteria,Firmicutes,Dethiobacteria,Dethiobacterales,Dethiobacteraceae,Dethiobacter,,0.061273
cadb4455b724f027fc10968f3b93c4f5,Bacteria,Proteobacteria,Alphaproteobacteria,Rhizobiales,Hyphomicrobiaceae,Hyphomicrobium,,0.095761
fff6f2b1de224120c999dde9f25fcd0a,Bacteria,Proteobacteria,Gammaproteobacteria,Burkholderiales,Alcaligenaceae,,,0.061007
326834f69c357dad79f31e792597dd1d,Archaea,Halobacterota,Methanomicrobia,Methanomicrobiales,Methanoregulaceae,Methanolinea,midas_s_1190,0.060742
b0d26647a7f6153005ecd3ce5683ef89,Bacteria,Firmicutes,Clostridia,Oscillospirales,Hungateiclostridiaceae,,,0.032891
b4675aefcee3975954467e51b228d6f2,Bacteria,Firmicutes,Clostridia,Oscillospirales,Ruminococcaceae,Caproiciproducens,,0.014772
3b04ef795d02d4d5ddc42f2c2598e1d7,Bacteria,Proteobacteria,Gammaproteobacteria,Burkholderiales,Hydrogenophilaceae,Thiobacillus,Thiobacillus_thiophilus,0.059416
5c331188779be5bb65a2e80544aa8dea,Bacteria,Chloroflexi,Anaerolineae,Anaerolineales,Anaerolineaceae,Bellilinea,Bellilinea_caldifistulae,0.04428
9e91972e602f744d92a27f9585c4a19d,Bacteria,Firmicutes,Clostridia,Peptostreptococcales-Tissierellales,Peptostreptococcaceae,Paraclostridium,midas_s_2984,0.041966
65f35a04bab9de1b0fa33126b4db52e7,Bacteria,Proteobacteria,Gammaproteobacteria,Burkholderiales,Alcaligenaceae,,,0.057559
b7533224f1ef2f4739006dd83c6bf4d2,Bacteria,Firmicutes,Dethiobacteria,Dethiobacterales,Dethiobacteraceae,,,0.057559
b9a98bd6fcede4fa31c9da7f86747666,Bacteria,Firmicutes,Clostridia,Eubacteriales,Eubacteriaceae,Acetobacterium,,0.022011
eefd58e34806834774cf090051744fd6,Bacteria,Bacteroidota,Bacteroidia,Bacteroidales,Dysgonomonadaceae,Proteiniphilum,midas_s_93948,0.030975
bea331330a1f00d2ccef18e7b8d75a4b,Bacteria,Firmicutes,Clostridia,Peptostreptococcales-Tissierellales,Peptostreptococcaceae,Paraclostridium,midas_s_2984,0.040624
043c5bc3b765f90981eb6625127663ef,Bacteria,Synergistota,Synergistia,Synergistales,Synergistaceae,Aminivibrio,Aminivibrio_pyruvatiphilus,0.021747
82eeb8631b1f7982fd141bbf2ed2f4dc,Bacteria,Synergistota,Synergistia,Synergistales,Synergistaceae,midas_g_249,midas_s_5553,0.055968
899bfc3202ef1effff6e234fa8517ff3,Bacteria,Bacteroidota,Bacteroidia,Bacteroidales,Paludibacteraceae,Paludibacter,midas_s_14924,0.031147
c4c43c34cccdf1faffcd3c478db50fee,Bacteria,Firmicutes,Clostridia,Oscillospirales,Hungateiclostridiaceae,midas_g_100959,midas_s_100959,0.055172
44292adaa0ea18b1b38d7e38695a72b1,Bacteria,Firmicutes,Clostridia,Christensenellales,Christensenellaceae,,,0.055172
3133e9e795b0c90e4bcd8791956042d1,Bacteria,Firmicutes,,,,,,0.055172
873b71b30dcfcdbdf2e7080dd9db241f,Bacteria,Chloroflexi,Anaerolineae,C10-SB1A,Amarolineaceae,midas_g_667,midas_s_667,0.055172
299ccc8e8ff39974e43c21db8583539d,Bacteria,Firmicutes,Clostridia,Peptostreptococcales-Tissierellales,Peptostreptococcaceae,Romboutsia,,0.054907
d7df91c0a9354c5b73ddf9b28799ae43,Bacteria,Proteobacteria,Gammaproteobacteria,Burkholderiales,Burkholderiaceae,Ralstonia,,0.012021
d049fee266c4b987284237c65812bd8b,Bacteria,Firmicutes,Bacilli,Erysipelotrichales,Erysipelotrichaceae,Erysipelothrix,midas_s_84351,0.043335
e04d49b3a01d91878d1c27f4e22b074e,Archaea,Euryarchaeota,Methanobacteria,Methanobacteriales,Methanobacteriaceae,Methanobacterium,midas_s_9526,0.021912
e8b184a091b069447aaa71429105e326,Bacteria,Proteobacteria,Alphaproteobacteria,Sphingomonadales,Sphingomonadaceae,Sphingopyxis,Sphingopyxis_granuli,0.012732
29cd0f756cdd319b032b1b1eb1be4c8f,Bacteria,Firmicutes,Clostridia,Lachnospirales,Lachnospiraceae,midas_g_52206,,0.015713
3756db37fff5d61b7ec84aad15fa4c44,Bacteria,Firmicutes,Thermovenabulia,Thermovenabulales,Tepidanaerobacter,midas_g_93591,midas_s_93591,0.032898
8bf3a15fcb9d5db4fd6f5f1e60dbdd2f,Bacteria,Firmicutes,Clostridia,Oscillospirales,Hungateiclostridiaceae,Ruminiclostridium,,0.036092
704d9e2c5c3cea3c4683fe56146b043e,Bacteria,Synergistota,Synergistia,Synergistales,Synergistaceae,Syner-01,,0.053846
a017db3bfdae612d959f9edcc112104c,Bacteria,Proteobacteria,Gammaproteobacteria,Burkholderiales,Comamonadaceae,Acidovorax,,0.224885
b1b1498a8ac17d5a79c894f70b0ff7c3,Bacteria,Firmicutes,Clostridia,Oscillospirales,Hungateiclostridiaceae,,,0.053315
f988ea53dbaa37384a49d4315240db30,Bacteria,Proteobacteria,Gammaproteobacteria,Xanthomonadales,,,,0.051458
1449d53a8ab97ad249f2332b5bd012b9,Bacteria,Firmicutes,Moorellia,Desulfitibacterales,Desulfitibacteraceae,Desulfitibacter,midas_s_114264,0.01862
64fc10f0a6641c24f1fc81c23d55d3b7,Bacteria,Firmicutes,Clostridia,Peptostreptococcales-Tissierellales,Serpentinicella,midas_g_75908,,0.05305
a73d6b4ed74fd4af4a3c77ef62e48ec5,Bacteria,Firmicutes,Dethiobacteria,Dethiobacterales,Dethiobacteraceae,midas_g_114992,midas_s_114992,0.05305
99b459540b7b4682716095be1962981e,Bacteria,Cloacimonadota,Cloacimonadia,Cloacimonadales,Cloacimonadaceae,W5,,0.175595
e49e2d1740b2969d15197f16c4681997,Bacteria,Firmicutes,Thermoanaerobacteria,Thermoanaerobacterales,SRB2,midas_g_4301,midas_s_6432,0.027586
494686a85ca80380a18f37e6e723f6ff,Bacteria,Proteobacteria,Gammaproteobacteria,midas_o_147,midas_f_2362,Ca_Ovatusbacter,midas_s_40613,0.052519
3f621680f877f8755d3bf38982001f7b,Bacteria,Verrucomicrobiota,Lentisphaeria,Victivallales,Victivallaceae,midas_g_88408,midas_s_88408,0.052519
475e27bf3e60bc624563dd2d438e0a64,Bacteria,Firmicutes,Bacilli,Bacillales,Bacillaceae,,,0.04801
19dccdcbb0a9ad59e58d289bcdb09295,Bacteria,Firmicutes,Clostridia,Oscillospirales,Ruminococcaceae,,,0.034651
82027df46b4cddd4d7136ccfaa25a19f,Bacteria,Firmicutes,Clostridia,Gracilibacteraceae,Gracilibacter,,,0.017633
fa7c27da02160cd4642de54d236e78fc,Bacteria,Firmicutes,Clostridia,Peptostreptococcales-Tissierellales,Peptostreptococcaceae,Romboutsia,,0.051989
bc3c95276ce632909affc67f9294bde6,Bacteria,Firmicutes,Dethiobacteria,Dethiobacterales,Dethiobacteraceae,Dethiobacter,,0.051989
9c4d55fa490cfb3be28c93ed90a4859d,Bacteria,Firmicutes,Clostridia,Peptococcales,Peptococcaceae,midas_g_95485,midas_s_108338,0.018147
deac35bb9d47f67965b800fa6c414dea,Bacteria,Firmicutes,,,,,,0.051458
b97547037e6bed020583b930bd3684cc,Bacteria,Spirochaetota,Spirochaetia,Spirochaetales,Spirochaetaceae,midas_g_4579,midas_s_27064,0.138628
bcfc5d3c9a3586094059acfae2f253f4,Bacteria,Actinobacteriota,Actinobacteria,midas_o_5,midas_f_5,midas_g_957,,0.04748
281228d4a8faf2330f12bda44eeeb6af,Bacteria,Bacteroidota,Bacteroidia,Bacteroidales,Williamwhitmaniaceae,Blvii28_wastewater-sludge_group,midas_s_1977,0.070854
69b20cc817bea5dcb9b42ccea6416abb,Bacteria,Firmicutes,Bacilli,Acholeplasmatales,Acholeplasmataceae,Acholeplasma,Acholeplasma_laidlawii,0.024168
a6e69a1d97c797ccefc9a46e1e9d59b9,Bacteria,Planctomycetota,Pla3_lineage,midas_o_485,midas_f_485,midas_g_485,midas_s_485,0.144789
f898c7a8c566d0beb46d5448dde2387c,Bacteria,Proteobacteria,Alphaproteobacteria,Rhizobiales,Xanthobacteraceae,Bradyrhizobium,,0.018659
d5c1df7b4eb6d1dad40cfc965a64dc91,Bacteria,Firmicutes,Dethiobacteria,Dethiobacterales,Dethiobacteraceae,,,0.050397
4cbb5aa3c9c081eb194c9ef48904828d,Bacteria,Firmicutes,Clostridia,Peptostreptococcales-Tissierellales,Anaerovoracaceae,Anaerovorax,midas_s_100143,0.01886
50f6937d35cf193c1881b6fb7c273225,Archaea,Euryarchaeota,Methanobacteria,Methanobacteriales,Methanobacteriaceae,Methanobacterium,midas_s_9526,0.013927
f07216e3758674127b729897fc2945ba,Bacteria,Actinobacteriota,Thermoleophilia,Gaiellales,midas_f_269,midas_g_54538,midas_s_114437,0.049867
6239566d7bda185bbc00c6475202b675,Bacteria,Firmicutes,Bacilli,Acholeplasmatales,Acholeplasmataceae,Acholeplasma,,0.049602
462e7271eadc14fcbbd7f4fda8ca193a,Bacteria,Firmicutes,,,,,,0.049602
0d01943ed06ec0c8998ac39665f5452a,Bacteria,Firmicutes,,,,,,0.04748
88399278e67a6f27c1c493c39b174391,Archaea,Euryarchaeota,Methanobacteria,Methanobacteriales,Methanothermobacteriaceae,Methanothermobacter,midas_s_110511,0.043501
df20ccfbfc0741ee313d9e9433dbac01,Bacteria,Firmicutes,Desulfitobacteriia,Desulfitobacteriales,Syntrophobotulaceae,,,0.089338
6c75ae436af6e5a1e5b5cdec03d1fd65,Bacteria,Firmicutes,Syntrophomonadia,Syntrophomonadales,Syntrophomonadaceae,Syntrophomonas,,0.048806
57d80e7465d3924d85b75767855a3c4f,Bacteria,Firmicutes,Clostridia,,,,,0.048541
300fe288268b05ea9ab54feeaac5ac13,Bacteria,Firmicutes,Limnochordia,MBA03,midas_f_112,,,0.048541
32d1077d28b29a3f6b93e1c0cbad6fda,Bacteria,Actinobacteriota,Actinobacteria,Micrococcales,Intrasporangiaceae,Tetrasphaera,,0.046419
07a0a37967e31e9f4fe1683f99cc42b7,Bacteria,Firmicutes,Clostridia,Caldicoprobacterales,Caldicoprobacteraceae,Caldicoprobacter,,0.012653
9686ac0f1487906d7d6ebd3fd7dc8d2b,Bacteria,Firmicutes,Clostridia,Oscillospirales,Oscillospiraceae,,,0.031147
9d172cf068d4eda0c6d68f5b9cc75a1e,Bacteria,Firmicutes,Clostridia,Oscillospirales,Hungateiclostridiaceae,HN-HF0106,,0.017055
a049ac86c03db7991ef693a1bb025681,Archaea,Euryarchaeota,Methanobacteria,Methanobacteriales,Methanobacteriaceae,Methanobacterium,midas_s_9526,0.011358
9351cccfbe9ec3b210cc47272367a7df,Bacteria,Firmicutes,Clostridia,Peptostreptococcales-Tissierellales,Anaerovoracaceae,,,0.013377
1b928ac12dc87878c3c36113baa33d56,Bacteria,Proteobacteria,Alphaproteobacteria,Rhodobacterales,Rhodobacteraceae,Rhodobacter,midas_s_25,0.045092
41d1c01fdc01041978b943ebfa386bdb,Bacteria,Firmicutes,Clostridia,Proteinivoracales,midas_f_1799,midas_g_1799,,0.04801
7c02fc116dfd968c72ec176c6b121a3a,Bacteria,Firmicutes,Clostridia,Christensenellales,Christensenellaceae,,,0.044031
ce835292dded53d610b8b1ca216711c5,Bacteria,Firmicutes,Clostridia,Peptostreptococcales-Tissierellales,Anaerovoracaceae,Anaerovorax,midas_s_113022,0.013841
54c489de5ec8c0e9aa68974f8f39d713,Bacteria,Proteobacteria,Alphaproteobacteria,Rhizobiales,Rhizobiaceae,Aquamicrobium,Aquamicrobium_aestuarii,0.047214
fd7c9ad162f78a62dda5099c417becc6,Bacteria,Chloroflexi,Anaerolineae,midas_o_1,midas_f_813,midas_g_824,,0.047214
f04ff31f64577aa1ffb8bae8e5bb7028,Bacteria,Firmicutes,Clostridia,Oscillospirales,UCG-010,midas_g_94069,midas_s_95284,0.044562
64303da63d4474d55a0486a7f379c2ba,Bacteria,Firmicutes,Clostridia,Monoglobales,Monoglobaceae,Monoglobus,,0.046949
712f87f5d819a247fd620da2e5d1ba23,Bacteria,Firmicutes,Clostridia,Christensenellales,Christensenellaceae,Christensenellaceae_R-7_group,,0.025638
cfd8b4faf14870a6bdb89a001e770060,Bacteria,Proteobacteria,Gammaproteobacteria,Burkholderiales,Comamonadaceae,Comamonas,,0.046153
527903fbf386db15505deed22209fe0a,Bacteria,Firmicutes,Clostridia,Oscillospirales,Hungateiclostridiaceae,,,0.046153
d2324169a6d55451e2666edc82665cba,Bacteria,Firmicutes,Clostridia,Proteinivoracales,midas_f_1799,midas_g_1799,,0.046153
947e4a587725a525a54833c06fcbab42,Bacteria,Firmicutes,Clostridia,Proteinivoracales,midas_f_1799,,,0.046153
cac0146ef6e3485fd6a9f6cd8f6ccb06,Bacteria,Firmicutes,Clostridia,Christensenellales,Christensenellaceae,,,0.02626
b513381a51c3d1b0d7e568a804954430,Archaea,Euryarchaeota,Methanobacteria,Methanobacteriales,Methanobacteriaceae,Methanobacterium,midas_s_9526,0.01725
713956008008d889ae4a6327cb4f1061,Bacteria,Synergistota,Synergistia,Synergistales,Synergistaceae,Syner-01,,0.025596
349d6e0ff74f02b6d2d55d29a6084ea2,Bacteria,Actinobacteriota,Actinobacteria,Propionibacteriales,Nocardioidaceae,Marmoricola,midas_s_143,0.043766
26897509b56c5bcf18626b728a146bca,Bacteria,Firmicutes,Clostridia,Peptostreptococcales-Tissierellales,Sedimentibacteraceae,Sedimentibacter,,0.237208
1be424347c91d4aef0664f5e7d157c32,Bacteria,Firmicutes,Clostridia,Christensenellales,Christensenellaceae,Christensenellaceae_R-7_group,midas_s_50612,0.01135
6bb602f161cd434e740b0b0694a2fe7e,Bacteria,Actinobacteriota,Actinobacteria,Propionibacteriales,Propionibacteriaceae,Tessaracoccus,midas_s_1048,0.360433
8fd7af3fd41ce627d8be20317e594132,Bacteria,Firmicutes,Clostridia,Peptostreptococcales-Tissierellales,Serpentinicella,midas_g_75908,,0.045092
068318d9dda2d16e8aa77418261bd64b,Bacteria,Synergistota,Synergistia,Synergistales,Synergistaceae,Syner-01,,0.020361
67eb9981d1bfffccac7b787cebaaa01b,Bacteria,Bacteroidota,Bacteroidia,Bacteroidales,Rikenellaceae,midas_g_36215,midas_s_82500,0.044297
99f9b204f31c6690c17496f44394b974,Bacteria,Actinobacteriota,Actinobacteria,Micrococcales,Microbacteriaceae,Leucobacter,,0.043766
dbb33c04baa39aa2036f66ac54d07dac,Bacteria,Firmicutes,Syntrophomonadia,Syntrophomonadales,Syntrophomonadaceae,Syntrophomonas,,0.017438
94c501c5d59dddbd80effa77dbceebe0,Bacteria,Firmicutes,Clostridia,Peptococcales,Peptococcaceae,midas_g_95534,midas_s_95534,0.018288
c97b49b5849b709da91fb5f6f48cd9eb,Bacteria,Proteobacteria,Alphaproteobacteria,Sphingomonadales,Sphingomonadaceae,Sphingosinicella,midas_s_12807,0.018324
cff8e2e801a0c5c478ebbe42363d2ee7,Bacteria,Firmicutes,Clostridia,Oscillospirales,Hungateiclostridiaceae,HN-HF0106,midas_s_94196,0.043501
203409814477d3107596c93e9ba7e5bc,Bacteria,Firmicutes,Clostridia,Oscillospirales,Hungateiclostridiaceae,Ercella,midas_s_78238,0.043236
8e9415fb1edc2f6f3ccda52f97761c01,Bacteria,Proteobacteria,Alphaproteobacteria,Rhodobacterales,Rhodobacteraceae,,,0.043236
fb89ee34d5f2ddb3d1ce9da15080b792,Bacteria,Firmicutes,Bacilli,Haloplasmatales,Haloplasmataceae,Haloplasma,midas_s_99854,0.042175
07e45dbcdbdf6f14162122517de780b0,Bacteria,Firmicutes,Clostridia,Peptostreptococcales-Tissierellales,Peptostreptococcaceae,Asaccharospora,Asaccharospora_irregularis,0.018417
10bb410cab85c3ad55c3e1b7a643ae2a,Bacteria,Bacteroidota,Bacteroidia,Bacteroidales,Bacteroidetes_vadinHA17,midas_g_19,,0.042705
fa8e5e27d8fba25e37fc05340a105914,Archaea,Thermoplasmatota,Thermoplasmata,Methanomassiliicoccales,Methanomassiliicoccaceae,Methanomassiliicoccus,midas_s_90448,0.042705
a5ad9574a1f8aea06b6dfaff6eddfff7,Bacteria,Proteobacteria,Gammaproteobacteria,Pseudomonadales,Halomonadaceae,Halomonas,midas_s_110869,0.042705
4e9f7176de6f2af840aa8a369a060705,Bacteria,Proteobacteria,Alphaproteobacteria,Rhizobiales,Beijerinckiaceae,Bosea,midas_s_5625,0.019711
74316f0e658505498c0bd04393736a67,Bacteria,Proteobacteria,Alphaproteobacteria,Rhizobiales,Beijerinckiaceae,Bosea,midas_s_8374,0.013551
ffc8f144edd6d82dce1b1b9056b59bef,Bacteria,Planctomycetota,Planctomycetes,Isosphaerales,Isosphaeraceae,midas_g_110369,midas_s_110369,0.04244
1ec11c735d1eb801372d246be26034d7,Bacteria,Firmicutes,Clostridia,Christensenellales,Christensenellaceae,Christensenellaceae_R-7_group,,0.010945
3ab03e560dde34c45b0a4e71c809c190,Archaea,Euryarchaeota,Methanobacteria,Methanobacteriales,Methanobacteriaceae,Methanobacterium,midas_s_9526,0.011869
88dc9b1bf64124875974e6e8ce1bb2e0,Bacteria,Actinobacteriota,Actinobacteria,Corynebacteriales,Dietziaceae,Dietzia,midas_s_5446,0.027586
f20c6c1ebf09a1b98bf630fc9920e8b6,Bacteria,Firmicutes,Clostridia,Peptococcales,Peptococcaceae,midas_g_114528,,0.020695
c7b5ccd6001f20b113bf480efab552c9,Bacteria,Acidobacteriota,Aminicenantia,Aminicenantales,midas_f_55,midas_g_4324,,0.261853
713e9dcfb8f87d843735061fd6bfe1e1,Bacteria,WS1,midas_c_796,midas_o_796,midas_f_796,midas_g_6733,midas_s_6733,0.041379
effac6ec8d11ae5d2d4f029c5f18e3be,Bacteria,Abditibacteriota,Abditibacteria,Abditibacteriales,Abditibacteriaceae,Abditibacterium,midas_s_43416,0.041379
b4ddae050e7f8cb4e050ab8c7595731c,Bacteria,Firmicutes,Clostridia,Christensenellales,Christensenellaceae,,,0.041379
9ccaa8cf8d7eeb8aafaae75175346f12,Bacteria,Firmicutes,Clostridia,Christensenellales,Christensenellaceae,Christensenellaceae_R-7_group,midas_s_42335,0.237208
37d606d03d54c46da31b937d8f5b6b61,Bacteria,Firmicutes,Negativicutes,Veillonellales-Selenomonadales,,,,0.014944
85f6db727b9f9f28fa57d33177a6f386,Bacteria,Proteobacteria,Alphaproteobacteria,Rhizobiales,Devosiaceae,Devosia,,0.052371
3182f7f1481c062400961d614823e485,Bacteria,Firmicutes,Clostridia,Lachnospirales,Lachnospiraceae,Lachnoclostridium,,0.016883
9ff60b1660430eecb3f6b31e6f3db189,Bacteria,Firmicutes,Clostridia,Christensenellales,Christensenellaceae,midas_g_49834,,0.011053
c97244fcde2f912b5f515df2d4803f23,Bacteria,Firmicutes,Limnochordia,MBA03,midas_f_112,midas_g_112,midas_s_6459,0.040848
3e0febfb4a6a1915ac7dbadd489360be,Bacteria,Proteobacteria,Alphaproteobacteria,Rhizobiales,Rhizobiaceae,midas_g_153,,0.038992
402e6b5b282305d18249bfd6887eee0a,Bacteria,Firmicutes,Clostridia,Lachnospirales,Lachnospiraceae,Lachnoclostridium,,0.017339
057bcefe7d185d0daf7b610144b1fa59,Bacteria,Chloroflexi,Chloroflexia,Thermomicrobiales,JG30-KF-CM45,midas_g_859,,0.040583
026600da36b900cf6ff6ee481b90793a,Bacteria,Proteobacteria,Gammaproteobacteria,Burkholderiales,Methylophilaceae,Methylotenera,,0.14787
6ebfd1a0916bd58f511567f732c9a115,Bacteria,Firmicutes,Clostridia,Peptostreptococcales-Tissierellales,Sedimentibacteraceae,Sedimentibacter,,0.029127
48583aa878619934f2f6d8583cccae68,Archaea,Euryarchaeota,Methanobacteria,Methanobacteriales,Methanobacteriaceae,Methanobacterium,midas_s_9526,0.014876
8d5c57433a03e4329c7e6b3aaf6668a1,Bacteria,Actinobacteriota,Coriobacteriia,OPB41,midas_f_6325,,,0.040053
270c5d9a2223e0f5d99547e426bc19e4,Archaea,Euryarchaeota,Methanobacteria,Methanobacteriales,Methanobacteriaceae,Methanobacterium,midas_s_9526,0.023897
da42156b748b0af3ebc3c6268720755e,Bacteria,Chloroflexi,Anaerolineae,Anaerolineales,Anaerolineaceae,midas_g_6489,midas_s_18280,0.052371
0530769e11e7f6b51e29aec47064b7cf,Bacteria,Firmicutes,Clostridia,Oscillospirales,Oscillospiraceae,,,0.029793
bdd1ff0b7dda6da30f922fc86600543a,Bacteria,Firmicutes,Clostridia,Clostridiales,Clostridiaceae,Hathewaya,Hathewaya_limosa,0.017605
8d6e9c000ccfb1a2eb70d805990db95d,Bacteria,Firmicutes,Clostridia,Lachnospirales,Lachnospiraceae,Tuzzerella,midas_s_110397,0.015691
43c0b25b6784fa0e906d10eea57852c8,Bacteria,Firmicutes,Clostridia,Oscillospirales,Hungateiclostridiaceae,Ruminiclostridium,midas_s_100070,0.039522
353932b8f9bc8551107028bbc48b250c,Bacteria,Firmicutes,Clostridia,Oscillospirales,UCG-010,,,0.039522
c1ed97b9675b1d0f08c9cd6e6ab9eb76,Bacteria,Firmicutes,Clostridia,Oscillospirales,UCG-010,midas_g_90313,midas_s_91007,0.017035
614e12aec73ab6030db3c1a7f5141bba,Bacteria,Cloacimonadota,Cloacimonadia,Cloacimonadales,Cloacimonadaceae,W5,midas_s_92,0.20024
c54740e67850b527400a77af33bd3d89,Archaea,Euryarchaeota,Thermococci,Methanofastidiosales,Methanofastidiosaceae,Ca_Methanofastidiosum,midas_s_8154,0.221805
6bbba65392a923662648a61d94002b30,Bacteria,Firmicutes,Clostridia,Lachnospirales,Lachnospiraceae,midas_g_107376,midas_s_119798,0.038992
7ca0aa981440578673a435c612592e0b,Bacteria,Synergistota,Synergistia,Synergistales,Synergistaceae,Syner-01,midas_s_6108,0.005067
03a6a6d84a7be4b11b6467c91ca79d57,Bacteria,,,,,,,0.114913
0cdf6b354c008cd74c18af9f484f8bf7,Bacteria,Bacteroidota,Bacteroidia,Bacteroidales,Williamwhitmaniaceae,Blvii28_wastewater-sludge_group,,0.038726
1cb61b915d95b3ecc06c6a25f791670e,Bacteria,Bacteroidota,Bacteroidia,Bacteroidales,Marinilabiliaceae,Mangroviflexus,midas_s_17009,0.037665
7c6299b064794dfea9e563a4645d1bbf,Archaea,Euryarchaeota,Methanobacteria,Methanobacteriales,Methanobacteriaceae,Methanobacterium,midas_s_9526,0.010445
ee84ea845fe5d8d3ed55ae230c5b7e62,Bacteria,Firmicutes,Limnochordia,MBA03,midas_f_112,,,0.038461
49c2b5d0aaf2ac8b0ee6cae5b6c5a8f4,Bacteria,Proteobacteria,Alphaproteobacteria,Rhizobiales,Xanthobacteraceae,Pseudolabrys,midas_s_19889,0.009144
bab46dfd2ebedb1ecc30e955eb423156,Bacteria,Firmicutes,Clostridia,Peptostreptococcales-Tissierellales,Serpentinicella,midas_g_75908,,0.038196
fdbf76a389e7e1045f64dcd50696b8e7,Bacteria,Firmicutes,Clostridia,Christensenellales,Christensenellaceae,Christensenellaceae_R-7_group,,0.038196
d7e616d63605ffd0d9129244621edbfc,Bacteria,Synergistota,Synergistia,Synergistales,Synergistaceae,midas_g_249,midas_s_2374,0.036074
1071b98661dd8853c0e46701d6b23af6,Bacteria,Firmicutes,Limnochordia,MBA03,midas_f_112,,,0.015915
6ba11aa98436328c7d53c0b5db9dd2b0,Bacteria,Firmicutes,Clostridia,Peptococcales,Peptococcaceae,,,0.037931
592e037654532013ab7258e4ae16b0b5,Bacteria,Armatimonadota,midas_c_216,midas_o_216,midas_f_216,midas_g_28347,midas_s_28347,0.037931
91ae0ed28c5142ecc8b8e9a5d5f707d5,Bacteria,Firmicutes,Clostridia,Clostridiales,Clostridiaceae,Clostridium_sensu_stricto_18,midas_s_27699,0.013985
d0d582d9d9b71467f236f9bace54eea5,Bacteria,Proteobacteria,Gammaproteobacteria,Burkholderiales,Comamonadaceae,,,0.050606
440cf59737156116c2e42f84552562b8,Bacteria,Proteobacteria,Alphaproteobacteria,Rhizobiales,Rhizobiaceae,,,0.037665
4427597bcba686e28f83a29252ed6e17,Bacteria,Bacteroidota,Bacteroidia,Sphingobacteriales,Lentimicrobiaceae,Lentimicrobium,,0.009114
c0accb6471609a9265cb168064555980,Bacteria,Firmicutes,Clostridia,Peptostreptococcales-Tissierellales,Anaerovoracaceae,,,0.012769
d8ed5ca0e05ed7e2c1fb30325a7f1e0f,Bacteria,Firmicutes,Clostridia,Peptostreptococcales-Tissierellales,Peptostreptococcaceae,Proteocatella,midas_s_112995,0.437448
b659fcf2b17787c3e45bedfc42a89936,Bacteria,Firmicutes,Bacilli,Haloplasmatales,Haloplasmataceae,Haloplasma,midas_s_99854,0.0374
d947bf2404132e0163f3c59d1bce36f7,Bacteria,Bacteroidota,Bacteroidia,Bacteroidales,Bacteroidetes_vadinHA17,midas_g_326,midas_s_326,0.055451
e17dcd58f6ca08bacf65afcde751be53,Bacteria,Firmicutes,Dethiobacteria,Dethiobacterales,Dethiobacteraceae,,,0.037135
beb16d17921d9d616810cfda4d470651,Bacteria,Actinobacteriota,Actinobacteria,Micrococcales,Microbacteriaceae,Leucobacter,,0.037135
c04f2aa72eb5915198cc74dedbb985ea,Bacteria,Firmicutes,Clostridia,Christensenellales,Christensenellaceae,midas_g_51070,midas_s_71917,0.009198
0cfcb3be22238be1393c01bbede5d1d9,Bacteria,Proteobacteria,Gammaproteobacteria,Burkholderiales,,,,0.022805
147f672fdb531def69cb4b3f1c5029da,Bacteria,Actinobacteriota,Actinobacteria,Micrococcales,Microbacteriaceae,Leucobacter,,0.03687
5f41d216306c604d87ba8ffe56340e7f,Bacteria,Firmicutes,Thermovenabulia,Thermovenabulales,Tepidanaerobacter,midas_g_91387,midas_s_91387,0.009931
b59754bec2dc431ceec006fa8d612183,Bacteria,Firmicutes,Clostridia,Peptostreptococcales-Tissierellales,Serpentinicella,midas_g_75908,midas_s_88398,0.036339
43c944338e9f3b7dbdf05108887a754a,Bacteria,Chloroflexi,Anaerolineae,Anaerolineales,Anaerolineaceae,midas_g_156,,0.080096
4faa3699baba0e697f56b8f69a2a1f40,Bacteria,Firmicutes,Clostridia,Oscillospirales,Hungateiclostridiaceae,midas_g_6626,midas_s_84963,0.022016
133665f9942b3d081efe500725f373da,Bacteria,Firmicutes,Syntrophomonadia,Syntrophomonadales,Syntrophomonadaceae,Syntrophomonas,,0.29882
da066c0fbe0dcc118b4086184c3a4833,Bacteria,Firmicutes,Clostridia,Christensenellales,Christensenellaceae,Christensenellaceae_R-7_group,,0.013001
5c52186b7c44d5709af099adc5dea216,Archaea,Euryarchaeota,Methanobacteria,Methanobacteriales,Methanobacteriaceae,Methanobacterium,midas_s_9526,0.021523
c287fac948d2152e5ef093dc4b9ea1c6,Bacteria,Firmicutes,Clostridia,Oscillospirales,Hungateiclostridiaceae,,,0.048082
144e3876b7943b5474d329bec54856a4,Archaea,Halobacterota,Methanomicrobia,Methanomicrobiales,Methanomicrobiaceae,Methanoculleus,Methanoculleus_receptaculi,0.010171
f9e991f7932771f75b908089e6a3c5f0,Bacteria,Synergistota,Synergistia,Synergistales,Synergistaceae,midas_g_762,midas_s_762,0.035278
471ee7e3392aa06c75547eca0d50fdec,Bacteria,Firmicutes,Clostridia,Oscillospirales,Hungateiclostridiaceae,,,0.035278
6e01e4385cee37baa2cba8e4af01c030,Bacteria,Proteobacteria,Gammaproteobacteria,Burkholderiales,Burkholderiaceae,Lautropia,midas_s_135,0.09858
51f21ba905941f4cf5d9c5e0d6e00bd4,Bacteria,Firmicutes,Clostridia,Oscillospirales,Ruminococcaceae,Anaerotruncus,midas_s_118865,0.02787
8e6aad6b74b9b6601b06801e804b3ab3,Bacteria,Proteobacteria,Alphaproteobacteria,Rhodobacterales,Rhodobacteraceae,,,0.034748
de6e665cc2a0ca6ca74b71b0581558e7,Archaea,Thermoplasmatota,Thermoplasmata,Methanomassiliicoccales,Methanomassiliicoccaceae,Methanomassiliicoccus,,0.03236
07751ebfb567d65db3f366d9c4037e68,Archaea,Thermoplasmatota,Thermoplasmata,Methanomassiliicoccales,Methanomassiliicoccaceae,Methanomassiliicoccus,midas_s_90465,0.01107
451acf82a2350fce17f55d27708aa232,Bacteria,Firmicutes,Limnochordia,midas_o_1979,midas_f_1979,midas_g_91392,midas_s_92560,0.013452
14ce80de12b0526121a4d0f4058099d1,Bacteria,Firmicutes,Clostridia,Oscillospirales,Oscillospiraceae,midas_g_102931,midas_s_102931,0.034482
76a43b01e1b397fed9d963f273f17a59,Bacteria,Firmicutes,Clostridia,Christensenellales,Christensenellaceae,Christensenellaceae_R-7_group,midas_s_39935,0.04929
b4047348b90c6f16b7fba7f7330bf87e,Bacteria,Bacteroidota,Bacteroidia,Sphingobacteriales,ST-12K33,midas_g_22,midas_s_22,0.388158
e7fedde48db99c6379c14aea36d0e5d2,Bacteria,Firmicutes,Clostridia,Christensenellales,Christensenellaceae,,,0.010461
8906a08ad08c20a3b13351fb1619866c,Bacteria,Firmicutes,Clostridia,Oscillospirales,Ruminococcaceae,Ruminococcus,midas_s_109026,0.400481
f16e4c6266ddf5fc9dd22ebb744cb295,Bacteria,Firmicutes,Clostridia,Peptostreptococcales-Tissierellales,Anaerovoracaceae,,,0.007803
1910bfda20570cb1978198cf2fa8e330,Bacteria,Firmicutes,Clostridia,Oscillospirales,Hungateiclostridiaceae,midas_g_52243,midas_s_63355,0.033952
ef7c28bb28866912b76003ee110bdf6b,Bacteria,Proteobacteria,Gammaproteobacteria,Xanthomonadales,Xanthomonadaceae,Pseudoxanthomonas,midas_s_22181,0.033887
ec32cc6605cedce13a2049357143079a,Bacteria,Firmicutes,Clostridia,Oscillospirales,Hungateiclostridiaceae,midas_g_5977,midas_s_5977,0.032095
913e8b6ddca7947f95db836301d8e9cd,Bacteria,Proteobacteria,Alphaproteobacteria,Rhizobiales,Rhizobiaceae,Allorhizobium-Neorhizobium-Pararhizobium-Rhizobium,,0.061612
7229a1a874924db8456664b2a5985136,Bacteria,Firmicutes,Clostridia,Lachnospirales,Lachnospiraceae,,,0.014012
18ad5983778a83a204dd34420be14f74,Bacteria,Proteobacteria,Alphaproteobacteria,Rhizobiales,Beijerinckiaceae,Bosea,midas_s_5625,0.021149
d883b22e464393102af5c3372d061397,Bacteria,Firmicutes,Clostridia,Oscillospirales,UCG-010,midas_g_85764,,0.030367
0b9435a851d1e394bd12d008525a6197,Bacteria,Firmicutes,Bacilli,Bacillales,Planococcaceae,Rummeliibacillus,Rummeliibacillus_suwonensis,0.021938
eb689bb0db80cb3fc1f81366f262fd18,Bacteria,Bacteroidota,Bacteroidia,Flavobacteriales,Flavobacteriaceae,Flavobacterium,midas_s_96871,0.033156
c66eb033bf0d849bf345c2a07db3727e,Bacteria,Firmicutes,Dethiobacteria,Dethiobacterales,Dethiobacteraceae,midas_g_101467,midas_s_118673,0.033156
6504a13e2edb3328fffb344daf7b2ee3,Bacteria,Chloroflexi,Anaerolineae,Anaerolineales,Anaerolineaceae,Flexilinea,midas_s_7001,0.055451
d56e57f7a7e3a1b98778de802e7097d0,Bacteria,Firmicutes,Clostridia,Christensenellales,Christensenellaceae,,,0.015031
c2a63e5593cc5d91688af8f3abd60f16,Bacteria,Proteobacteria,Alphaproteobacteria,Rhodobacterales,Rhodobacteraceae,Defluviimonas,,0.067774
2b62bf55e8226888eabfb4f4da82a02f,Bacteria,Proteobacteria,Gammaproteobacteria,Methylococcales,Methylomonadaceae,Methylobacter,midas_s_109126,0.022016
d0ee8cd5ce16c3dcf15fe70d87a7b4b5,Bacteria,Firmicutes,Clostridia,Peptostreptococcales-Tissierellales,Family_XI,Gallicola,,0.29574
519b05506b5c8269406e94701c3ff01a,Bacteria,Firmicutes,Clostridia,Christensenellales,Christensenellaceae,,,0.00892
4c6fec9eef4f5c3e8e6b7fee60a68994,Bacteria,Proteobacteria,Gammaproteobacteria,Burkholderiales,Comamonadaceae,Comamonas,,0.032626
3f8f8630434452f6a8a5cd1693c5e5e3,Bacteria,Firmicutes,midas_c_4,midas_o_4,midas_f_222,midas_g_1579,,0.182604
25fd077b762513468941fbac535c9506,Bacteria,Chloroflexi,Chloroflexia,Thermomicrobiales,JG30-KF-CM45,midas_g_4042,midas_s_8697,0.03236
d2e29353b6ede10f1607456fa86e6300,Bacteria,Proteobacteria,Alphaproteobacteria,Rhizobiales,Rhizobiaceae,Chelativorans,midas_s_10850,0.03236
01a80919b32734264f4c21669d8f2713,Bacteria,Bacteroidota,Bacteroidia,Bacteroidales,Dysgonomonadaceae,Fermentimonas,midas_s_96616,0.029973
ea4234d46b05a73fb2775aca82c702a2,Bacteria,Firmicutes,midas_c_4,midas_o_4,midas_f_222,,,0.019501
41394ade15d1e8762a8d0b3599068bf2,Bacteria,Bacteroidota,Bacteroidia,Bacteroidales,Dysgonomonadaceae,Fermentimonas,midas_s_96616,0.032095
58bcdde420158eabe69c67e4c9eb9245,Bacteria,Proteobacteria,Gammaproteobacteria,Burkholderiales,Rhodocyclaceae,Thauera,,0.032095
de46181cbf8f5129eec604079cf07d1f,Bacteria,Firmicutes,Clostridia,Oscillospirales,Hungateiclostridiaceae,Ercella,,0.032095
956d35dae808c86e4c2763cba7d609fa,Bacteria,Firmicutes,Clostridia,Lachnospirales,Lachnospiraceae,Lachnoclostridium,,0.013134
839049ed2eabc492bfa76bca3e4f9075,Bacteria,Firmicutes,Clostridia,Clostridia_vadinBB60_group,midas_f_90201,midas_g_90293,midas_s_90293,0.03183
f652e7d536f18c98ef07c023937cfdb7,Bacteria,Firmicutes,Limnochordia,MBA03,midas_f_112,,,0.031565
8207352f9586edf5c23e242fba24021c,Bacteria,Proteobacteria,Alphaproteobacteria,Rhizobiales,Rhizobiaceae,Aminobacter,midas_s_33172,0.031565
45f57e55f2f3051645343e39b90396ec,Bacteria,Firmicutes,Limnochordia,MBA03,midas_f_112,midas_g_2506,midas_s_112918,0.031565
54b3f4205c019f5490d9dbe5af08955a,Bacteria,Firmicutes,Clostridia,Oscillospirales,Ruminococcaceae,Angelakisella,midas_s_84240,0.016521
136c27e1efa2b99fb71cdff938615daa,Archaea,Euryarchaeota,Methanobacteria,Methanobacteriales,Methanobacteriaceae,Methanobacterium,midas_s_9526,0.010603
9e67f564a732feffc50f5fc690ec2e71,Archaea,Euryarchaeota,Methanobacteria,Methanobacteriales,Methanobacteriaceae,Methanobacterium,midas_s_9526,0.018674
5b346ae9f12ee4f745413918a78c62cc,Bacteria,Firmicutes,Clostridia,Oscillospirales,UCG-010,midas_g_85764,,0.031034
723bd8389de26603c3e8283a20c163c7,Bacteria,Chloroflexi,Chloroflexia,Thermomicrobiales,JG30-KF-CM45,midas_g_4042,,0.030769
01a540c3219dcfac8683674bf53a3d63,Bacteria,Firmicutes,Limnochordia,MBA03,midas_f_112,midas_g_112,midas_s_6165,0.030769
5f438bcb87bf9d011daee383cbf8268b,Bacteria,Actinobacteriota,Actinobacteria,Propionibacteriales,Propionibacteriaceae,Micropruina,,0.030769
ca8aae833263295a5d0b4d66b8c06fdb,Bacteria,Firmicutes,Limnochordia,MBA03,midas_f_112,,,0.030769
3ab7c5dece6b62c7faf92b667d63b4a0,Bacteria,Firmicutes,Clostridia,Oscillospirales,Oscillospiraceae,Oscillibacter,,0.015629
0eb81b066b350fa8fb0846020748be98,Bacteria,Firmicutes,Limnochordia,MBA03,midas_f_112,midas_g_118905,midas_s_118905,0.030504
a41371aa833164c1e707004fdfb16b36,Bacteria,Chloroflexi,Anaerolineae,Anaerolineales,Anaerolineaceae,midas_g_26047,midas_s_26047,0.083177
be2d073abdb45af47fc76fa5752fb3f5,Bacteria,Firmicutes,Clostridia,Clostridiales,Oxobacteraceae,,,0.020267
c4587a7b24a6c49f9de0882e32f519f5,Bacteria,Firmicutes,Negativicutes,Veillonellales-Selenomonadales,,,,0.008704
955d34a1529b6fbcf425ced56e3b7fc1,Bacteria,Chloroflexi,Chloroflexia,Thermomicrobiales,AKYG1722,midas_g_882,midas_s_101259,0.030238
0425278120412320bdcb2c4814278c6f,Bacteria,Hydrogenedentes,Hydrogenedentia,Hydrogenedentiales,Hydrogenedensaceae,midas_g_96101,midas_s_96101,0.030238
66c7b79c2f08d329223a3f4b048a6b10,Bacteria,Firmicutes,Clostridia,Oscillospirales,Hungateiclostridiaceae,,,0.030238
86ce8e836244a989d26315bf84d75d99,Bacteria,Chloroflexi,Anaerolineae,Anaerolineales,Anaerolineaceae,Bellilinea,midas_s_6727,0.030238
aa994f6ce33aa806c707bdc34ef908ef,Bacteria,Proteobacteria,Alphaproteobacteria,Rhizobiales,Devosiaceae,,,0.033887
2afb474b8a2ab64685b85624763d2186,Bacteria,Firmicutes,Clostridia,Clostridia_vadinBB60_group,midas_f_54,midas_g_4325,,0.018417
933438389be903228499f1cd1abecd6e,Bacteria,Desulfobacterota,Syntrophia,Syntrophales,Smithellaceae,Smithella,midas_s_1067,0.351191
9e679d7c299efc7140f026781b04d72c,Bacteria,Firmicutes,Clostridia,Peptostreptococcales-Tissierellales,Alkaliphilus,Alkaliphilus_oremlandii_OhILAs,midas_s_113692,0.029973
beb160f1d174dc940a6dd9816c42ca01,Bacteria,Actinobacteriota,Actinobacteria,Corynebacteriales,Mycobacteriaceae,Mycobacterium,midas_s_30070,0.029973
ed2edabe2a0c276357f7f1f210bdeda7,Bacteria,Caldatribacteriota,Caldatribacteriia,Caldatribacteriales,Caldatribacteriaceae,Ca_Caldatribacterium,midas_s_3733,0.016711
bbb8d866124b76dccef1a07447e2e183,Bacteria,Actinobacteriota,Actinobacteria,Corynebacteriales,Nocardiaceae,Gordonia,,0.029708
798933fd16ab772e1e547b6af3461e47,Bacteria,Chloroflexi,Anaerolineae,RBG-13-54-9,midas_f_4245,midas_g_4245,midas_s_4245,0.043129
7dc6bc8a29e523ea6cd464f8db0a770d,Bacteria,Firmicutes,Clostridia,Clostridiales,Clostridiaceae,,,0.014819
135f3b8eaf65e4c59bcd692de4f6d6ae,Archaea,Euryarchaeota,Methanobacteria,Methanobacteriales,Methanobacteriaceae,Methanobacterium,Methanobacterium_beijingense,0.027676
2b33fe69214c39198384dc9686326117,Bacteria,Planctomycetota,Phycisphaerae,Phycisphaerales,AKAU3564_sediment_group,midas_g_119322,midas_s_119322,0.029443
f829de4b8d089b0995e255f3335729a0,Bacteria,Firmicutes,Desulfitobacteriia,Desulfitobacteriales,Desulfitobacteriaceae,Desulfosporosinus,,0.022209
6575c99cec435a76668a7c45a05dd227,Bacteria,Firmicutes,Clostridia,Peptostreptococcales-Tissierellales,Peptostreptococcaceae,Acetoanaerobium,Acetoanaerobium_pronyense,0.029177
46984bc1f36f8a8835a4a7914c2502b2,Bacteria,Firmicutes,Clostridia,Christensenellales,Christensenellaceae,midas_g_51070,midas_s_71917,0.014383
0b1e8bf53bfe9e7b085b38ee902e1f4e,Bacteria,Firmicutes,Clostridia,Oscillospirales,Ruminococcaceae,,,0.012653
85a27e670e0e57e67484195e26028b19,Archaea,Euryarchaeota,Methanobacteria,Methanobacteriales,Methanobacteriaceae,Methanobacterium,midas_s_9526,0.017408
83d1208a372f046a842442d3a156c435,Bacteria,Proteobacteria,Alphaproteobacteria,midas_o_16387,midas_f_44631,midas_g_73006,midas_s_73006,0.028912
3f9bbc037aa14387f62bff9e2cc84700,Bacteria,Desulfobacterota,Desulfuromonadia,Desulfuromonadales,Desulfuromonadaceae,midas_g_30443,midas_s_47294,0.028912
e5f056df23811f3fe0e48de4aafd0d9b,Bacteria,Proteobacteria,Gammaproteobacteria,Xanthomonadales,Rhodanobacteraceae,Rhodanobacter,,0.028912
22fa460af93a84061844f0660d43797e,Bacteria,Verrucomicrobiota,Verrucomicrobiae,Pedosphaerales,Pedosphaeraceae,ADurb.Bin063-1,midas_s_65976,0.261853
4659fa38e38fa03ccd272117c33e2d0f,Bacteria,Firmicutes,Bacilli,Erysipelotrichales,Erysipelotrichaceae,Erysipelothrix,,0.016579
c41c5795922c324df06444964515a11f,Bacteria,Actinobacteriota,Actinobacteria,Micrococcales,Microbacteriaceae,Microbacterium,,0.028647
8afde037c611bdd1b53997b0f6b4dd7a,Bacteria,Proteobacteria,midas_c_33170,midas_o_33170,midas_f_33170,midas_g_33170,midas_s_33170,0.028647
6cd5cb3562f8ff28e2e21339a4fc55c1,Bacteria,Proteobacteria,Gammaproteobacteria,midas_o_147,midas_f_3187,midas_g_3315,midas_s_3315,0.028647
3f9749b4bbd55e95797da2d7e27eb072,Bacteria,Caldatribacteriota,Caldatribacteriia,Caldatribacteriales,Caldatribacteriaceae,Ca_Caldatribacterium,midas_s_3733,0.014323
568d3fd2ad10e30c40ebd6793f956aaa,Bacteria,Firmicutes,Clostridia,Oscillospirales,Oscillospiraceae,Oscillibacter,,0.023293
aa64c95548409d1e294cd29e20473af0,Bacteria,Firmicutes,Clostridia,Christensenellales,Christensenellaceae,Christensenellaceae_R-7_group,midas_s_47390,0.012264
6589433bc08b7cdc5ea1e4928683ed00,Bacteria,Actinobacteriota,Actinobacteria,Corynebacteriales,Corynebacteriaceae,Corynebacterium,midas_s_5929,0.028382
892351141be327d407d7d063c3a74f59,Bacteria,Firmicutes,Clostridia,Caldicoprobacterales,Caldicoprobacteraceae,Caldicoprobacter,,0.028382
fd66678cf39f676cb57820da4a793b6f,Bacteria,Proteobacteria,Alphaproteobacteria,Rhodobacterales,Rhodobacteraceae,Amaricoccus,,0.033887
937806dd600ece921faa49ac16d4cdb0,Bacteria,Firmicutes,Clostridia,Christensenellales,Christensenellaceae,midas_g_62577,,0.027122
27201d8b9c2a23edc5ee1b093c39fe46,Bacteria,Firmicutes,Clostridia,Peptostreptococcales-Tissierellales,Anaerovoracaceae,Anaerovorax,,0.015031
87ced6667f7e72e893d3f02ac08066a2,Bacteria,Firmicutes,Clostridia,Oscillospirales,Ruminococcaceae,,,0.023101
2e009092df813643f303457c87387ced,Bacteria,Proteobacteria,Alphaproteobacteria,Rhizobiales,Xanthobacteraceae,,,0.027851
7762e0345755e644245415ce796d6cfa,Archaea,Halobacterota,Methanomicrobia,Methanomicrobiales,midas_f_880,midas_g_91627,midas_s_91627,0.046209
67ab6a8c32dcb38e12415ef305a06ce6,Bacteria,Firmicutes,Clostridia,Oscillospirales,Hungateiclostridiaceae,Fastidiosipila,midas_s_2067,0.027586
114bc1da00dea879e58c42626058bb7e,Bacteria,Proteobacteria,Alphaproteobacteria,Rhizobiales,Xanthobacteraceae,Rhodoplanes,,0.02626
95d7089b4d7799ace0a9c5d9acd3b32f,Bacteria,Firmicutes,Clostridia,Oscillospirales,Hungateiclostridiaceae,Ercella,,0.023872
61637c95fcfd388d16465d5d8ae30f0a,Bacteria,Actinobacteriota,Actinobacteria,Corynebacteriales,Dietziaceae,Dietzia,midas_s_5446,0.014589
46636732082e8b359502809c48875633,Bacteria,Proteobacteria,Alphaproteobacteria,Rhodobacterales,Rhodobacteraceae,midas_g_57,midas_s_1037,0.027055
df443df991086de26795466fa2bdd4f2,Bacteria,Firmicutes,Clostridia,,,,,0.027055
77e5e44634d0afe9cd0385ef1e17f3ea,Bacteria,Chloroflexi,Anaerolineae,RBG-13-54-9,midas_f_5792,midas_g_5834,midas_s_5834,0.02626
dd365165667aed1d7e806ab8ded914dd,Bacteria,Firmicutes,Clostridia,Oscillospirales,Butyricicoccaceae,UCG-008,midas_s_114441,0.011768
61786e38b934cbe33d5850a578a7ee22,Bacteria,Firmicutes,Clostridia,Peptococcales,Peptococcaceae,,,0.014018
418ebbfcf9fe4c2ccea934ba2533ec35,Bacteria,Bacteroidota,Bacteroidia,Bacteroidales,Dysgonomonadaceae,Proteiniphilum,midas_s_83578,0.02679
61b47b9e51cba36e07b09f783d91532d,Bacteria,Actinobacteriota,Actinobacteria,Propionibacteriales,Propionibacteriaceae,Propioniciclava,,0.095499
90180ad539e48d0fd6f3161438f747b7,Bacteria,Firmicutes,Clostridia,Oscillospirales,UCG-010,midas_g_51845,midas_s_51845,0.009964
6650a92f75285af3244da368e945c376,Bacteria,Firmicutes,midas_c_4,DTU014,midas_f_4221,,,0.007042
0ce454899698457894ff03330870f380,Bacteria,Proteobacteria,Alphaproteobacteria,Rhodobacterales,Rhodobacteraceae,midas_g_155,midas_s_38665,0.026525
89be024198d6c2575cdec2fecfd9129a,Bacteria,Synergistota,Synergistia,Synergistales,Synergistaceae,JGI-0000079-D21,midas_s_3051,0.026525
ab4d207ba005958298be140605c5a8fb,Bacteria,Chloroflexi,Anaerolineae,Anaerolineales,Anaerolineaceae,midas_g_467,midas_s_1625,0.110902
09eb7e9f361c0d842f96d14184871ffb,Bacteria,Firmicutes,Clostridia,Lachnospirales,Lachnospiraceae,Lachnoclostridium,midas_s_120395,0.01521
021debed55af14cc6451649e0fcd3ad0,Bacteria,Firmicutes,Clostridia,Clostridiales,Clostridiaceae,Sarcina,midas_s_5087,0.02626
89bd7c45f05c79d6fbb1fbda696d5bae,Bacteria,Myxococcota,Myxococcia,Myxococcales,Anaeromyxobacteraceae,,,0.02626
e98a78fb93f10ea212298a128d9cadc1,Bacteria,Actinobacteriota,Thermoleophilia,Gaiellales,midas_f_269,midas_g_54538,midas_s_110280,0.02626
c9209e2a22c08ecdf2762a15fb6e44e1,Bacteria,Chloroflexi,Anaerolineae,Anaerolineales,Anaerolineaceae,midas_g_467,,0.024933
817505ccf93a252d80ac6191376cc419,Bacteria,Hydrogenedentes,Hydrogenedentia,Hydrogenedentiales,Hydrogenedensaceae,midas_g_1246,midas_s_1246,0.052371
1e2c02998bd1e6ff2aad5bd96b138e35,Bacteria,Desulfobacterota,Syntrophobacteria,Syntrophobacterales,Syntrophobacteraceae,Syntrophobacter,,0.025994
c80287fd598d09df08b50511b22020e5,Bacteria,Actinobacteriota,Thermoleophilia,Gaiellales,midas_f_2573,midas_g_3338,midas_s_3953,0.025994
48ba7ddef24819311ff90ffc578df02e,Bacteria,Proteobacteria,Gammaproteobacteria,Burkholderiales,Hydrogenophilaceae,Thiobacillus,Thiobacillus_thiophilus,0.025994
2e3414cd356e335e4f675efeb43938b3,Bacteria,Firmicutes,Clostridia,Eubacteriales,Eubacteriaceae,Eubacterium,midas_s_4949,0.025994
234b81fb7fa91bcfef74c8511c07a219,Bacteria,Firmicutes,Clostridia,Christensenellales,Christensenellaceae,Christensenellaceae_R-7_group,midas_s_999,0.025994
1557e1ae96e182db04d667afa2262c8e,Bacteria,Firmicutes,Clostridia,Caldicoprobacterales,Caldicoprobacteraceae,,,0.025994
17f8b49438a29eaf0a8f6cbcb54e1748,Bacteria,Bacteroidota,Bacteroidia,Bacteroidales,M2PB4-65_termite_group,midas_g_2475,,0.301901
a5855fa4fbc240bfd25ccc70b1627be3,Bacteria,Firmicutes,Clostridia,Oscillospirales,,,,0.01662
14714ae799409c7a3851511d8e0e2b63,Bacteria,Proteobacteria,Gammaproteobacteria,Burkholderiales,,,,0.021817
3d89b82f7dc8f2f24e7c65124529a879,Bacteria,Proteobacteria,Gammaproteobacteria,Burkholderiales,Comamonadaceae,,,0.011799
a6a4ec1b84af5b137949eecef0fa36f4,Bacteria,Proteobacteria,Gammaproteobacteria,Burkholderiales,Rhodocyclaceae,,,0.025729
676c29f329b29adbd48921804b86030e,Bacteria,Bacteroidota,Bacteroidia,Chitinophagales,Chitinophagaceae,midas_g_10303,midas_s_10303,0.025729
c5fd2a45a5ac6f49a4089d35044de207,Bacteria,Firmicutes,Clostridia,Oscillospirales,Hungateiclostridiaceae,,,0.025729
0b359e0da05bbff15ce4ea980bfaa286,Bacteria,Chloroflexi,Anaerolineae,Anaerolineales,Anaerolineaceae,midas_g_156,midas_s_2841,0.058532
6cd824d1e0974fbbf83448af65c0def7,Bacteria,Firmicutes,Clostridia,Oscillospirales,Hungateiclostridiaceae,midas_g_95090,midas_s_95090,0.011375
ce264b1fd05f8dfc0dd2941a2b170a3a,Bacteria,Chloroflexi,Anaerolineae,Anaerolineales,Anaerolineaceae,Pelolinea,midas_s_78044,0.034791
91fa6ee5c19d623255d7e4df9204f876,Bacteria,Proteobacteria,Gammaproteobacteria,Burkholderiales,Alcaligenaceae,Alcaligenes,midas_s_9908,0.015709
8e87f6187c3bff96717578fafac261ae,Bacteria,Firmicutes,Clostridia,Oscillospirales,Ruminococcaceae,,,0.014355
89056b9f86a0886730db47a8c45825eb,Archaea,Halobacterota,Methanomicrobia,Methanomicrobiales,Methanoregulaceae,Methanolinea,midas_s_1190,0.025464
a09579da0b2f87eae05c1c9886c4bfc7,Bacteria,Firmicutes,Limnochordia,Hydrogenispora,midas_f_858,midas_g_2147,,0.025464
21d26093efc917ced0c94fc534aa8bcc,Bacteria,Proteobacteria,Alphaproteobacteria,Rhizobiales,Rhizobiaceae,,,0.025464
3b10b8599b3b2c56df4a64cf9ebf1e9e,Bacteria,Actinobacteriota,Actinobacteria,Propionibacteriales,Propionibacteriaceae,Micropruina,,0.29574
65060a69d6f289e1ed088bae5510fc9f,Bacteria,Bacteroidota,Bacteroidia,Bacteroidales,M2PB4-65_termite_group,midas_g_2475,midas_s_4699,0.29574
618e77ab00abd20cfb2694d45fe07df1,Bacteria,Proteobacteria,Gammaproteobacteria,Burkholderiales,Comamonadaceae,Comamonas,,0.025199
a90eba220f100c5da89e40e34598c4c7,Bacteria,Firmicutes,Clostridia,Peptostreptococcales-Tissierellales,Anaerovoracaceae,,,0.025199
1db7fb888012089960006f42143c48af,Bacteria,Proteobacteria,Alphaproteobacteria,Rhizobiales,Beijerinckiaceae,midas_g_534,midas_s_721,0.025199
5009ec83dc7d2e70acc5d0426d8abceb,Bacteria,Verrucomicrobiota,Verrucomicrobiae,Opitutales,Puniceicoccaceae,Verruc-01,midas_s_47647,0.036967
3c03432eaf221246493e3a132da50df9,Bacteria,Firmicutes,Clostridia,Oscillospirales,Oscillospiraceae,midas_g_119665,midas_s_119665,0.016792
40fca1aa386161b3788c78a2ea46b746,Bacteria,Chloroflexi,Anaerolineae,RBG-13-54-9,midas_f_5792,midas_g_5834,midas_s_93886,0.024933
f095ea0711dbffa2a1c48745983b9c5f,Bacteria,Firmicutes,Clostridia,Christensenellales,Christensenellaceae,,,0.00948
e8844a58e856442c10b5075b197b3f74,Bacteria,Firmicutes,Clostridia,Lachnospirales,Lachnospiraceae,Lachnoclostridium,,0.007702
cb886014283a43df6af104cecc83cfc9,Bacteria,Proteobacteria,Gammaproteobacteria,midas_o_147,midas_f_3187,midas_g_43376,midas_s_43376,0.024668
af7a5c90aaa1a98d17616ee1ce8cbd96,Bacteria,Firmicutes,Clostridia,Oscillospirales,Hungateiclostridiaceae,midas_g_99774,midas_s_99774,0.023607
3ef47d732a719a9c649132016afeb5e2,Bacteria,Firmicutes,Clostridia,Eubacteriales,Eubacteriaceae,midas_g_2229,,0.043129
c86ca8792c7be96d7699dead5edccd91,Bacteria,Acidobacteriota,Thermoanaerobaculia,Thermoanaerobaculales,Thermoanaerobaculaceae,Thermoanaerobaculum,midas_s_28,0.166353
fef34e7fa03c36381857511c7755324d,Bacteria,Proteobacteria,Alphaproteobacteria,Rhizobiales,Hyphomicrobiaceae,Pedomicrobium,,0.02122
dbecddfdb4c39e60616c3958d43cfc8e,Bacteria,Proteobacteria,Alphaproteobacteria,Rhizobiales,Xanthobacteraceae,Bradyrhizobium,,0.052371
29b981c98faa891c7e4d3ed2e5ff9aab,Bacteria,Spirochaetota,Spirochaetia,Spirochaetales,Spirochaetaceae,midas_g_1408,midas_s_110594,0.092419
16bc6160df59f42ec2c49c8ee41d95fc,Bacteria,Proteobacteria,Gammaproteobacteria,Burkholderiales,Alcaligenaceae,Verticiella,midas_s_8570,0.024138
fac97a83c02393096a49a357cb0e0f28,Bacteria,Firmicutes,Clostridia,Proteinivoracales,midas_f_1799,midas_g_1799,midas_s_91638,0.024138
645dd8b575c7e7c0952933bbe90b4bb9,Bacteria,Proteobacteria,Gammaproteobacteria,Pseudomonadales,Pseudomonadaceae,Pseudomonas,Pseudomonas_aeruginosa,0.114825
9a48d66f52c47289df8517641c188d9b,Bacteria,Spirochaetota,Spirochaetia,Spirochaetales,Spirochaetaceae,midas_g_4579,midas_s_4579,0.058532
3f82999a4623343cbba40859d44329b0,Bacteria,Proteobacteria,Alphaproteobacteria,Rhodobacterales,Rhodobacteraceae,midas_g_75,midas_s_192,0.036967
de1f954072ef273959e798b81a39a1f1,Bacteria,Proteobacteria,Gammaproteobacteria,Legionellales,Legionellaceae,Legionella,midas_s_31205,0.04929
0c293c4324023e0fc942ba2a40ef7f59,Bacteria,Proteobacteria,Alphaproteobacteria,Rhizobiales,Xanthobacteraceae,,,0.023342
f04944690d5cdfed3a6e59cfaa04ce13,Bacteria,Firmicutes,Clostridia,Monoglobales,Monoglobaceae,Monoglobus,midas_s_112464,0.023342
38007bfc5e4b3c58b1d91a0bc9c4fdb2,Bacteria,Firmicutes,Clostridia,Oscillospirales,Ruminococcaceae,midas_g_4187,midas_s_4187,0.023342
4597728556b60e620b133a6bac86bcfc,Bacteria,Firmicutes,Clostridia,Peptostreptococcales-Tissierellales,Peptostreptococcaceae,Peptoclostridium,Clostridium_thermoalcaliphilum,0.023342
ad2e05a74003003b855aee86cdc921fd,Bacteria,Firmicutes,,,,,,0.023077
cb6ed263fa824af0ae08633dc7c0583e,Bacteria,Proteobacteria,Gammaproteobacteria,Xanthomonadales,Rhodanobacteraceae,Rhodanobacter,,0.023077
78571689def5620061b622ab87a928ff,Bacteria,Proteobacteria,Gammaproteobacteria,Burkholderiales,Burkholderiaceae,Lautropia,midas_s_750,0.023077
36d76dffedbcada31ceaa357ebb4456f,Bacteria,Proteobacteria,Gammaproteobacteria,Burkholderiales,Alcaligenaceae,Alcaligenes,midas_s_9908,0.023563
5e50cb741e9eab308f75b6cb95a3ec92,Bacteria,Bacteroidota,Bacteroidia,Bacteroidales,Rikenellaceae,Rikenellaceae_RC9_gut_group,midas_s_4595,0.268014
daec04577d1843ad73efa35de1d48151,Bacteria,Proteobacteria,Alphaproteobacteria,Rhizobiales,Hyphomicrobiaceae,Hyphomicrobium,,0.025536
a9d3a8d7e6ab34f69fa91fcce8bda39f,Bacteria,Proteobacteria,Alphaproteobacteria,Rhizobiales,Devosiaceae,Devosia,,0.006011
5dfc291183ca333ed56e93c1c38c393c,Bacteria,Proteobacteria,Gammaproteobacteria,Burkholderiales,,,,0.019368
e46ddfb99131631f2f2bba8eb3297ca3,Bacteria,Spirochaetota,Spirochaetia,Spirochaetales,Spirochaetaceae,Sphaerochaeta,midas_s_92051,0.013768
8cc30cd689a26a6e2a699449745a088e,Bacteria,Firmicutes,Clostridia,Proteinivoracales,midas_f_1799,midas_g_1799,,0.022811
1b8a948ece330b43c14f1197c1813886,Bacteria,Firmicutes,Clostridia,Christensenellales,Christensenellaceae,,,0.022811
0ae59fc9a5ae0356656c682a2d34b696,Bacteria,Firmicutes,Syntrophomonadia,Syntrophomonadales,Syntrophomonadaceae,Syntrophomonas,,0.01648
e0987c7b47c2fb3b4638ebd7a04f69a0,Bacteria,Firmicutes,midas_c_145,Gelria,midas_f_8126,,,0.022546
f8451982c6df9c7c753b7c8a3ac6298b,Bacteria,Firmicutes,Clostridia,Peptostreptococcales-Tissierellales,Sedimentibacteraceae,Sedimentibacter,,0.018417
fa7b14c7182ca146fc0261039890966f,Bacteria,Proteobacteria,Gammaproteobacteria,Burkholderiales,Alcaligenaceae,Alcaligenes,midas_s_9908,0.018524
f2898c48280ac39868a2fa71eb0211f3,Bacteria,Firmicutes,Clostridia,Oscillospirales,Oscillospiraceae,NK4A214_group,,0.004431
67551524f244fa1d912a5ae3dc5321ac,Bacteria,Actinobacteriota,Coriobacteriia,OPB41,midas_f_6325,midas_g_6325,,0.022281
5177bd1019c0a59f8762ecb3f683babd,Bacteria,Firmicutes,Moorellia,Desulfitibacterales,Desulfitibacteraceae,Desulfitibacter,midas_s_115332,0.022281
6891aea14e9e48ed890aa10cc84e4d40,Bacteria,Firmicutes,Clostridia,,,,,0.022281
908b89aa5bac523dd293e900d0677895,Bacteria,Firmicutes,Limnochordia,MBA03,midas_f_112,midas_g_90254,,0.022281
17123c2e3b5a49f1a34d33c72878a37e,Bacteria,Synergistota,Synergistia,Synergistales,Synergistaceae,Syner-01,,0.022281
9cf1aa88a0fc0c5655a20cd94313b748,Bacteria,Firmicutes,Clostridia,Christensenellales,Christensenellaceae,Christensenellaceae_R-7_group,midas_s_1950,0.09858
8a652928ef13cc45fe6fad624a6fa1d2,Bacteria,Chloroflexi,Anaerolineae,Anaerolineales,Anaerolineaceae,midas_g_467,midas_s_467,0.120144
720ef8366f0bd5fb2cb193ce02e53799,Bacteria,Actinobacteriota,Actinobacteria,Corynebacteriales,Dietziaceae,Dietzia,midas_s_5446,0.009018
4d974c10bc3f6eb4c9f44f3dd9696401,Bacteria,Firmicutes,Clostridia,Oscillospirales,Hungateiclostridiaceae,Ruminiclostridium,,0.009589
896d6a6108564a7d73a7114e2266891a,Bacteria,Firmicutes,Clostridia,Christensenellales,Christensenellaceae,Christensenellaceae_R-7_group,,0.017714
7e19fffce24aab1692689a26dff5f328,Bacteria,Firmicutes,Clostridia,Christensenellales,Christensenellaceae,Christensenellaceae_R-7_group,,0.006485
489ebda75c9174b8e7ad565ac0f52b97,Bacteria,Firmicutes,Clostridia,Caldicoprobacterales,Caldicoprobacteraceae,Caldicoprobacter,,0.022016
d672caef391233490da769c3f156fc0a,Bacteria,Proteobacteria,Gammaproteobacteria,Burkholderiales,Alcaligenaceae,Verticiella,midas_s_8570,0.022016
75ae184615957ea74819e0710296a493,Bacteria,Actinobacteriota,Actinobacteria,Micrococcales,Intrasporangiaceae,Ca_Phosphoribacter,midas_s_5,0.181757
aded20d81ae85d32dc13bca7fbd3340d,Archaea,Euryarchaeota,Methanobacteria,Methanobacteriales,Methanobacteriaceae,,,0.016607
be817fedc78d38052d17146829adb06d,Bacteria,Proteobacteria,midas_c_33170,midas_o_33170,midas_f_33170,midas_g_33170,midas_s_33170,0.02175
118852b957010ee00ae4dbb8665ad57e,Bacteria,Proteobacteria,Alphaproteobacteria,Rhizobiales,Labraceae,Labrys,midas_s_3786,0.02175
4b322ffec8bcd2c849beaeaaab778b16,Bacteria,Chloroflexi,Anaerolineae,RBG-13-54-9,midas_f_4245,midas_g_4860,midas_s_85167,0.02175
04bc2a095282907ef4df7a2a9447166f,Bacteria,Chloroflexi,Anaerolineae,Anaerolineales,Anaerolineaceae,midas_g_467,midas_s_1462,0.043129
a82d89679bc6017e06e5a11b255c5bf6,Bacteria,Firmicutes,Negativicutes,midas_o_2492,midas_f_70329,midas_g_70329,midas_s_70329,0.009371
201f8219b3baeb8ce71eb8de62e49ca7,Bacteria,Firmicutes,Clostridia,Peptococcales,Peptococcaceae,midas_g_115365,midas_s_115365,0.005476
585e90bf1c66fcff8dcf4f2d24aba2cd,Bacteria,Firmicutes,Limnochordia,MBA03,midas_f_112,,,0.021485
36cf1853edbaec342c271909f87ca1b6,Bacteria,Proteobacteria,Alphaproteobacteria,Caulobacterales,Caulobacteraceae,Phenylobacterium,,0.006896
573471302da724edb5d0fa958385fb6d,Bacteria,Proteobacteria,Gammaproteobacteria,Xanthomonadales,Xanthomonadaceae,Arenimonas,midas_s_11318,0.013561
af2f68999329d11971cc4eeb7d338c1c,Bacteria,Firmicutes,Clostridia,Oscillospirales,UCG-010,midas_g_6504,midas_s_91849,0.005019
8a9c97139a7d864eda93a0dc3e73ecb9,Bacteria,Proteobacteria,Gammaproteobacteria,Burkholderiales,Rhodocyclaceae,Zoogloea,,0.24953
923e86a70ad8194f9dab67ab8397371f,Bacteria,Cyanobacteria,Sericytochromatia,midas_o_1393,midas_f_26893,midas_g_77185,midas_s_77423,0.002894
229ef33e5647dc892321fedcbf36b7ff,Bacteria,Firmicutes,Bacilli,Erysipelotrichales,Erysipelatoclostridiaceae,UCG-004,midas_s_97198,0.161121
4c61879ca2f0594335aa69f539fa89c3,Bacteria,Actinobacteriota,Actinobacteria,Micrococcales,Microbacteriaceae,Leucobacter,,0.020955
4c65953d2d9c04292134fc5013f3a21e,Bacteria,Firmicutes,Clostridia,Oscillospirales,Ruminococcaceae,,,0.010079
e61e6021af25969dd347b921fc6389a4,Bacteria,,,,,,,0.012653
155e05f619ce3d99d02490b7cf22ffb5,Bacteria,Bacteroidota,Bacteroidia,Bacteroidales,Rikenellaceae,Rikenellaceae_RC9_gut_group,midas_s_58,0.243369
af2d8d803a1e0df98789044e20c2646a,Archaea,Euryarchaeota,Methanobacteria,Methanobacteriales,Methanobacteriaceae,,,0.00728
b5db33c8e764e787ba1a51f46cfa1db8,Bacteria,Firmicutes,Thermoanaerobacteria,Thermoanaerobacterales,SRB2,midas_g_97954,,0.020689
f213ec50ee3f0c0c4a7b47b321d081a9,Bacteria,Proteobacteria,Gammaproteobacteria,Xanthomonadales,Rhodanobacteraceae,Rhodanobacter,,0.020689
4293552e270e9654178ff729c07282fd,Bacteria,Firmicutes,Clostridia,Oscillospirales,Hungateiclostridiaceae,midas_g_2604,midas_s_99209,0.020689
71b89747d9e5f39535d7cd2ac1005789,Bacteria,Firmicutes,Bacilli,Haloplasmatales,Haloplasmataceae,Haloplasma,midas_s_99854,0.020689
8dba5d94c21557246f8c48418b0f3bda,Archaea,Nanoarchaeota,Nanoarchaeia,Woesearchaeales,SCGC_AAA011-D5,Ca_Diapherotrites_archaeon_ADurb.Bin253,midas_s_92576,0.067774
f47e716aa12f00e50b727000440e1256,Bacteria,Proteobacteria,Gammaproteobacteria,Burkholderiales,Alcaligenaceae,Alcaligenes,midas_s_9908,0.010025
5b02c8639023ea8693ddee6bf1597c70,Archaea,Euryarchaeota,Methanobacteria,Methanobacteriales,Methanobacteriaceae,Methanobacterium,midas_s_9526,0.012344
be437fdb39ff4822fcaf0522cbd7c1e0,Archaea,Euryarchaeota,Methanobacteria,Methanobacteriales,Methanobacteriaceae,Methanobacterium,midas_s_9526,0.012344
ced3d95a776f5047eb0ab75ebeaa0555,Bacteria,Firmicutes,Clostridia,Monoglobales,Monoglobaceae,midas_g_100262,midas_s_100262,0.020424
51d1bc05cfe3f4f9fd53eb552e293c01,Bacteria,Firmicutes,Clostridia,Peptostreptococcales-Tissierellales,Serpentinicella,midas_g_75908,midas_s_88398,0.020424
204059649d5553ccc15a44ccd09de89c,Bacteria,Firmicutes,Clostridia,Oscillospirales,Hungateiclostridiaceae,midas_g_110175,midas_s_110175,0.020424
de81a26ccacc05d41aeda73937929a7e,Bacteria,Firmicutes,Clostridia,Christensenellales,Christensenellaceae,Christensenellaceae_R-7_group,,0.025306
335d0b23ffa0a12a5048771a0c89e3b1,Bacteria,Firmicutes,Clostridia,Peptostreptococcales-Tissierellales,Family_XI,,,0.007665
ce96aba4d82cdb5ffa5b76128cfbb917,Bacteria,Firmicutes,Clostridia,Clostridia_vadinBB60_group,midas_f_84699,midas_g_114155,midas_s_114155,0.009489
e9930334cceb400c8d1aba7848ccc83f,Archaea,Euryarchaeota,Methanobacteria,Methanobacteriales,Methanobacteriaceae,,,0.015407
db74361e1059284f58f7b72bfb21758c,Bacteria,Firmicutes,Clostridia,Oscillospirales,Ruminococcaceae,midas_g_4187,midas_s_4187,0.020159
06894625cc4725640c9c1bba0d9aefc8,Bacteria,Proteobacteria,Alphaproteobacteria,Defluviicoccales,Defluviicoccaceae,Defluviicoccus,midas_s_3306,0.020159
4b847baea94497568fe03f94a68afb3c,Bacteria,Actinobacteriota,Actinobacteria,Propionibacteriales,Propionibacteriaceae,Tessaracoccus,,0.020159
02541e05438ebd6cd913200972ef5e4b,Bacteria,,,,,,,0.012768
37e4420bd53e9fdbe33fa465e829f030,Bacteria,Firmicutes,Clostridia,Lachnospirales,Lachnospiraceae,Blautia,Blautia_hansenii,0.010834
40da09c73f84b20e7a882a02f485f1f3,Bacteria,Firmicutes,midas_c_145,Gelria,,,,0.019894
fa6189d828a79eb80234db2985c10e19,Bacteria,Proteobacteria,Alphaproteobacteria,Rhizobiales,Devosiaceae,Devosia,,0.019894
9a0ea06f99eb653b4104f7809547dc61,Bacteria,Proteobacteria,Alphaproteobacteria,Rhizobiales,Rhizobiaceae,,,0.019894
ad093ee4a3c24932837db32cf7007813,Bacteria,Proteobacteria,Alphaproteobacteria,Rhodobacterales,Rhodobacteraceae,Pseudorhodobacter,,0.107822
d70d68ad9dc93090cde7d27dd19cbd6c,Bacteria,Proteobacteria,Gammaproteobacteria,Xanthomonadales,Xanthomonadaceae,Thermomonas,,0.231046
64c88f89738e90b17e368e96690366e4,Archaea,Euryarchaeota,Methanobacteria,Methanobacteriales,Methanobacteriaceae,Methanobacterium,midas_s_9526,0.008144
2c76f558846fa9aa57c59ddacefeacb2,Bacteria,,,,,,,0.019628
f1aa0ea145fc7098b3403eb2badbe65b,Bacteria,Proteobacteria,Gammaproteobacteria,Burkholderiales,Comamonadaceae,,,0.019628
55e1b429253da6e1fed80ef04d052eeb,Bacteria,Firmicutes,Clostridia,Peptostreptococcales-Tissierellales,Anaerovoracaceae,Anaerovorax,,0.016127
3ec71ebbc127b83786bd4d26c123ef7d,Archaea,Euryarchaeota,Methanobacteria,Methanobacteriales,Methanobacteriaceae,Methanobacterium,,0.019177
aca75c6d71a8933275a447e83269faba,Bacteria,Firmicutes,Dethiobacteria,Dethiobacterales,Dethiobacteraceae,Dethiobacter,,0.019363
52ecb4b1abf93593276cb066f1446900,Bacteria,Hydrogenedentes,Hydrogenedentia,Hydrogenedentiales,Hydrogenedensaceae,midas_g_99373,midas_s_99373,0.019363
551f70cf3f951806a9b28706825acfeb,Bacteria,Firmicutes,,,,,,0.019363
6c75b6547a775bd435d6121ea181a298,Bacteria,Firmicutes,Limnochordia,MBA03,midas_f_112,,,0.019363
64b0ba388dd3728a36854c2f014b3129,Bacteria,Bacteroidota,Bacteroidia,Sphingobacteriales,Lentimicrobiaceae,Lentimicrobium,,0.194079
fae223fac07c33613d2f851500010fdb,Archaea,Euryarchaeota,Methanobacteria,Methanobacteriales,Methanobacteriaceae,Methanobacterium,,0.016251
ad38e923c9aca989b782888445b843f9,Bacteria,Firmicutes,Clostridia,Oscillospirales,Hungateiclostridiaceae,HN-HF0106,,0.019098
4d472a0025391001536abf639f86372b,Bacteria,Actinobacteriota,Thermoleophilia,Gaiellales,midas_f_269,midas_g_473,midas_s_579,0.019098
fcf151e90a9e26826087929c8e6cf412,Bacteria,Firmicutes,,,,,,0.019098
3f0bc3f2b8d9b380ec319501754eca38,Bacteria,Proteobacteria,Alphaproteobacteria,Rhizobiales,Hyphomicrobiaceae,Hyphomicrobium,,0.019098
1a33b954694a3eddcd95ead6c562cfb2,Bacteria,Actinobacteriota,Thermoleophilia,Solirubrobacterales,67-14,midas_g_52,midas_s_53589,0.017241
2adce772c19bf78aca62501a10d63509,Bacteria,Firmicutes,Negativicutes,Veillonellales-Selenomonadales,Sporomusaceae,midas_g_76603,midas_s_76603,0.011395
77b0fc3d2cdfed133689d19939bd753c,Bacteria,Actinobacteriota,Actinobacteria,Micrococcales,Microbacteriaceae,Microbacterium,,0.018833
424c5645f91f0d2c1ddce0523e2e5481,Bacteria,Firmicutes,Clostridia,Oscillospirales,Oscillospiraceae,Colidextribacter,midas_s_63665,0.00423
08c5a92f42b9bd6cf258a65dc845fd17,Bacteria,Firmicutes,Clostridia,Peptostreptococcales-Tissierellales,Peptostreptococcaceae,Peptoclostridium,Clostridium_thermoalcaliphilum,0.018567
372e53abd78532e75f0b7c98fa758cc1,Bacteria,Planctomycetota,Planctomycetes,Planctomycetales,Rubinisphaeraceae,Planctomicrobium,midas_s_68681,0.018567
4c62fcc88574e3048ef99a712966bec2,Bacteria,Firmicutes,Syntrophomonadia,Syntrophomonadales,Syntrophomonadaceae,Syntrophomonas,,0.103755
38bf20edfc69975afa1d93d5f2c8598a,Bacteria,Firmicutes,,,,,,0.018302
f538d22fdb4f50b77253747c9f18ed18,Bacteria,Firmicutes,Clostridia,Clostridia_vadinBB60_group,,,,0.018302
c667b7a7367b1dbad8a24df3fef9441a,Bacteria,Firmicutes,Clostridia,Clostridiales,Clostridiaceae,Clostridium_sensu_stricto_1,midas_s_48014,0.018302
c8e5908cbbf128920eb03bfbe95f95a9,Bacteria,Chloroflexi,Anaerolineae,midas_o_1,midas_f_813,midas_g_824,,0.018037
65c647ffd0330aa88c24b8bf7674e6c7,Bacteria,Proteobacteria,Alphaproteobacteria,Rhodobacterales,Rhodobacteraceae,Rhodobacter,,0.018037
f3faa99f0acc0df8ae5f557d0ca39c08,Bacteria,Proteobacteria,Gammaproteobacteria,Burkholderiales,Alcaligenaceae,Pusillimonas,midas_s_89306,0.018037
95a05bf179625c68dbfdd8e357f791cf,Bacteria,Firmicutes,Clostridia,Peptostreptococcales-Tissierellales,Family_XI,Tissierella,,0.007192
5f69c3b4eaeff62fafe6366f19a2fab3,Bacteria,Firmicutes,Clostridia,Lachnospirales,Lachnospiraceae,Anaerostignum,midas_s_116187,0.00824
357ad9f4f9251dd5f1a70dec188b23a3,Bacteria,Proteobacteria,Gammaproteobacteria,Burkholderiales,Comamonadaceae,Hydrogenophaga,,0.033903
cb13db7c2341f7fb498c476454c50a21,Bacteria,Bacteroidota,Bacteroidia,Bacteroidales,Dysgonomonadaceae,Petrimonas,midas_s_42734,0.017772
e8d0c712ad2ea5d27abd8b1e23eb6f7a,Bacteria,Firmicutes,Syntrophomonadia,Syntrophomonadales,Syntrophomonadaceae,midas_g_1312,,0.017772
c147046b02be565ad186287629d4a843,Bacteria,Firmicutes,Clostridia,Christensenellales,Christensenellaceae,midas_g_2424,,0.017772
e808c9a57b23d000151dd0526336e8de,Bacteria,Proteobacteria,Gammaproteobacteria,Burkholderiales,Burkholderiaceae,Limnobacter,,0.017772
1034f9305f9e8af991841f0741e8ce44,Bacteria,Firmicutes,Clostridia,Peptostreptococcales-Tissierellales,Natronincola,midas_g_93898,midas_s_93898,0.017772
a0ecf69202e62fe969206ad4b1445b61,Bacteria,Proteobacteria,Alphaproteobacteria,Acetobacterales,Elioraeaceae,Elioraea,Elioraea_tepidiphila,0.017772
643cecdf78d7a5f104fd135492479199,Bacteria,Proteobacteria,Alphaproteobacteria,Rhizobiales,Rhizobiaceae,,,0.017772
ff1bd8113a59e63cbb44713fe3645ed6,Bacteria,Proteobacteria,Gammaproteobacteria,Burkholderiales,Comamonadaceae,Rhodoferax,,0.206402
2c46a6bd519e153e57e33cbee296bb41,Bacteria,Firmicutes,Clostridia,Peptostreptococcales-Tissierellales,Family_XI,,,0.015814
3d94d8b70e7c5bf96bbb6b29f432ec1b,Bacteria,Firmicutes,Dethiobacteria,Dethiobacterales,Dethiobacteraceae,Dethiobacter,,0.017506
4ffb03b5c0bfc3fffc60057381aa071c,Bacteria,Proteobacteria,Alphaproteobacteria,Rhizobiales,Xanthobacteraceae,Pseudorhodoplanes,,0.017506
334b1d727a1edd0d17d589993ea3a1ab,Bacteria,Firmicutes,Clostridia,Caldicoprobacterales,Caldicoprobacteraceae,Caldicoprobacter,,0.017506
6e6136a51bc1d0612894175086e106cd,Bacteria,Thermotogota,Thermotogae,Thermotogales,Fervidobacteriaceae,Fervidobacterium,midas_s_8400,0.017506
0a4dae6c36a924945c5ad8318aff7ecb,Bacteria,Firmicutes,Clostridia,Clostridia_vadinBB60_group,midas_f_84699,midas_g_84699,midas_s_84699,0.016711
b78b814af10f7643be0ef223f80cb573,Bacteria,Chloroflexi,Anaerolineae,RBG-13-54-9,midas_f_4245,midas_g_84729,midas_s_84729,0.015119
4c301bbaaa0d8e3dc3356271c20fc5b5,Archaea,Halobacterota,Methanosarcinia,Methanosarciniales,Methanosaetaceae,Methanothrix,midas_s_90868,0.067774
9cf7d9633bfa9472ea4578871edcdd08,Bacteria,Bacteroidota,Bacteroidia,Bacteroidales,Dysgonomonadaceae,Petrimonas,,0.007854
0e941c919146c9d562604083a4eeadc8,Archaea,Euryarchaeota,Methanobacteria,Methanobacteriales,Methanobacteriaceae,Methanobacterium,midas_s_9526,0.013935
e64aa0d53a0727d6fb6d3fcd8667e49d,Bacteria,Firmicutes,,,,,,0.017241
eed3ead2d719313207afd241a3e462ad,Bacteria,Firmicutes,Clostridia,Oscillospirales,Hungateiclostridiaceae,Ruminiclostridium,,0.017241
421b4676c5bde303e399360e708db7fc,Bacteria,Firmicutes,Clostridia,Peptostreptococcales-Tissierellales,Family_XI,Tissierella,midas_s_73638,0.017241
4a1539d5c420d910c842f2dfd2531a6d,Bacteria,Actinobacteriota,Thermoleophilia,Gaiellales,midas_f_269,midas_g_269,midas_s_9149,0.017241
82f01cb6b84420e18f1f7aed8630c878,Bacteria,Proteobacteria,Alphaproteobacteria,Rhizobiales,Rhizobiaceae,Shinella,,0.017241
7e112350867950f176b414f5f71178fd,Bacteria,Actinobacteriota,Actinobacteria,,,,,0.017241
3ede9a0384a29cd63d3cebf0f09b96c1,Bacteria,Proteobacteria,Gammaproteobacteria,Burkholderiales,Comamonadaceae,,,0.017241
9762cb79dea0ad8ac9b2c00da97ee1de,Bacteria,Actinobacteriota,Actinobacteria,midas_o_5,midas_f_5,midas_g_399,midas_s_5208,0.017241
3ccbd454b224dc84efdde550255ca527,Bacteria,Firmicutes,Dethiobacteria,Dethiobacterales,Dethiobacteraceae,midas_g_9172,midas_s_9172,0.017241
a8a3fd004219cc6476d68c8902fb52a3,Bacteria,Firmicutes,Bacilli,Desulfuribacillales,Desulfuribacillaceae,midas_g_119427,midas_s_119427,0.016521
b04a73565cfbfe585d234694b827d9d1,Bacteria,Bacteroidota,Bacteroidia,Chitinophagales,Chitinophagaceae,,,0.00632
5f76a3b05585da3a513858cce5fa4aad,Bacteria,Verrucomicrobiota,Verrucomicrobiae,Pedosphaerales,Pedosphaeraceae,midas_g_36715,midas_s_36715,0.20024
1289562118919e6f9a67cdf153688a18,Bacteria,Proteobacteria,Alphaproteobacteria,Rhizobiales,Rhizobiaceae,Mesorhizobium,midas_s_22445,0.016976
5d31a7ba11fffdbcb915a4ba1aac75e6,Bacteria,Actinobacteriota,Actinobacteria,Frankiales,Nakamurellaceae,Nakamurella,,0.016976
b94b3e9177961551c08f311f8515f346,Bacteria,Actinobacteriota,Actinobacteria,Actinomycetales,Actinomycetaceae,Flaviflexus,midas_s_51021,0.016976
230f936bbde428b48c67b563c84f874a,Bacteria,Actinobacteriota,Actinobacteria,Propionibacteriales,Propionibacteriaceae,Propionicimonas,midas_s_49,0.016976
ec3fc3f61c2e9c1a7f32bc622801ac2c,Bacteria,Proteobacteria,Alphaproteobacteria,,,,,0.016976
27af05757211c4e22e274f6521c2b033,Bacteria,Actinobacteriota,Actinobacteria,Micrococcales,Microbacteriaceae,Microbacterium,,0.016976
8b42e63e1fe8e14326fe559f8a2cce81,Bacteria,Proteobacteria,Alphaproteobacteria,Rhizobiales,Pleomorphomonadaceae,Prosthecomicrobium,Prosthecomicrobium_hirschii,0.021564
a759ddc94367592f2474e1de3acdb224,Bacteria,Firmicutes,Clostridia,Clostridiales,Clostridiaceae,Clostridium_sensu_stricto_1,Clostridium_tertium,0.008411
cae0d3b0980184e9483154fe9b393493,Bacteria,Firmicutes,Syntrophomonadia,Syntrophomonadales,Syntrophomonadaceae,Syntrophomonas,,0.007301
d545914a091c15dc4913586bf390bfe6,Bacteria,Firmicutes,Clostridia,Oscillospirales,Hungateiclostridiaceae,,,0.003384
326f3a76100742d3ceb2bc49506997fc,Bacteria,Firmicutes,Clostridia,Christensenellales,Christensenellaceae,midas_g_2424,midas_s_3810,0.016711
14d87a227e9cbf80d583db1f6eaf48b4,Bacteria,Proteobacteria,Alphaproteobacteria,,,,,0.016711
933c1a437592c012f7169968b9045854,Bacteria,Spirochaetota,Spirochaetia,Spirochaetales,Spirochaetaceae,midas_g_5121,midas_s_9040,0.016711
bb50ac888e677e82816ea70b2ab33eca,Bacteria,Proteobacteria,Gammaproteobacteria,Burkholderiales,Comamonadaceae,,,0.016711
950c432d4df367cfd29389f23c4272f6,Archaea,Euryarchaeota,Methanobacteria,Methanobacteriales,Methanobacteriaceae,Methanobrevibacter,Methanobrevibacter_smithii,0.016711
82243ab47000b0bb9500a7f65bf04630,Bacteria,Proteobacteria,Alphaproteobacteria,Parvibaculales,Parvibaculaceae,Parvibaculum,midas_s_27084,0.016711
9d93bbfc68509916e75cf218443f9b1b,Bacteria,Firmicutes,,,,,,0.016711
3ab282a70cea4c1440512ab7820c4cad,Bacteria,Firmicutes,Clostridia,Christensenellales,Christensenellaceae,midas_g_51754,midas_s_51754,0.016711
4d9f444d7b7f1f6de3b53c732536296a,Bacteria,Firmicutes,Clostridia,Peptostreptococcales-Tissierellales,Peptostreptococcaceae,Terrisporobacter,,0.017063
a0138f57c9f1b4f6a71bceb94b56572f,Bacteria,Synergistota,Synergistia,Synergistales,Synergistaceae,JGI-0000079-D21,midas_s_3051,0.016445
27b310dd4ffe5fc8db8b41f66bdb3175,Bacteria,Bacteroidota,Bacteroidia,Bacteroidales,Dysgonomonadaceae,Proteiniphilum,midas_s_93948,0.016445
ee00e22b5b23fa6d7e2502177a8a70c7,Bacteria,Firmicutes,Dethiobacteria,Dethiobacterales,Dethiobacteraceae,midas_g_114992,midas_s_114992,0.016445
2018829be0affbac011bf1b8e30981ad,Bacteria,Proteobacteria,Alphaproteobacteria,Rhizobiales,Hyphomicrobiaceae,Hyphomicrobium,midas_s_948,0.016445
534be7183f24b21ccc3a792f5c7e5169,Bacteria,Firmicutes,Clostridia,Monoglobales,Monoglobaceae,Monoglobus,,0.016445
f687f9aecd37880d471fc69c13c4f256,Bacteria,Firmicutes,Clostridia,Gracilibacteraceae,Lutispora,,,0.016445
9f73559d08e3d2aebe9872ed20eb92cb,Bacteria,Proteobacteria,Gammaproteobacteria,Burkholderiales,Nitrosomonadaceae,Nitrosomonas,Nitrosomonas_eutropha,0.016445
d57543b38df2129448b58807cb5965d0,Bacteria,Planctomycetota,Planctomycetes,Pirellulales,Pirellulaceae,,,0.016445
c5818942f7219725c098917e39a7e7bb,Bacteria,Proteobacteria,Gammaproteobacteria,Legionellales,Legionellaceae,Legionella,,0.016445
fc91b1d6efa2d63ad830349556a06220,Bacteria,Proteobacteria,Alphaproteobacteria,Rhizobiales,Beijerinckiaceae,alphaI_cluster,midas_s_14689,0.016445
6c1758cff014a807d58bd737c76ec233,Bacteria,Firmicutes,Clostridia,Clostridiales,Clostridiaceae,Clostridium_sensu_stricto_1,,0.016445
f7ac318fad126f8dc75f70e09fd5c4dd,Bacteria,Firmicutes,Clostridia,Oscillospirales,Eubacterium_coprostanoligenes_group,midas_g_103638,midas_s_103638,0.01618
07ab589574a5adeae211c91efb58a71f,Bacteria,Deinococcota,Deinococci,Deinococcales,Trueperaceae,Truepera,midas_s_49171,0.01618
a890e281ef9de265199252d45d16a904,Bacteria,Synergistota,Synergistia,Synergistales,Synergistaceae,Thermovirga,,0.01618
a989e16b5beae59a0a6bc423abdd16e7,Bacteria,Proteobacteria,Alphaproteobacteria,Rhizobiales,Hyphomicrobiaceae,Hyphomicrobium,Hyphomicrobium_denitrificans,0.01618
36b46a254875314bef7628b94ef8d7b6,Bacteria,Actinobacteriota,Actinobacteria,Propionibacteriales,Nocardioidaceae,Nocardioides,,0.01618
a52b829bf001efa256aeabe5472b2638,Bacteria,Firmicutes,Clostridia,Caldicoprobacterales,Caldicoprobacteraceae,midas_g_2207,midas_s_2207,0.01618
3c6c6b674785246a706fea426f2f4dd9,Bacteria,Proteobacteria,Alphaproteobacteria,Rhodobacterales,Rhodobacteraceae,Phreatobacter,midas_s_2257,0.015403
5dfb2d1578133ad81a110967e7c71462,Archaea,Halobacterota,Methanosarcinia,Methanosarciniales,Methanosaetaceae,Methanothrix,midas_s_90212,0.132467
5dc7abaaf2ad90f62d784e23e9d558f2,Bacteria,Firmicutes,Clostridia,Oscillospirales,Hungateiclostridiaceae,midas_g_2408,midas_s_3763,0.187918
4767afde4b029b318194cf99b257de2d,Bacteria,Bacteroidota,Bacteroidia,Flavobacteriales,Weeksellaceae,Chryseobacterium,midas_s_83782,0.009576
349e5c52e64bf4223e4b96bd1aa54075,Bacteria,Firmicutes,Clostridia,Christensenellales,Christensenellaceae,,,0.015915
147c28a497af9f823da70571c88b5ebe,Bacteria,Firmicutes,Clostridia,Peptostreptococcales-Tissierellales,Anaerovoracaceae,Anaerovorax,,0.015915
943510d75dff81e8e8a61b414393ad22,Bacteria,Proteobacteria,Alphaproteobacteria,Rhizobiales,Hyphomicrobiaceae,Hyphomicrobium,,0.015915
8c932073a2765a0e8639a784955bd290,Bacteria,Bacteroidota,Bacteroidia,Chitinophagales,,,,0.015915
503e3f397b970f03e626474b548327b4,Bacteria,Firmicutes,D8A-2,midas_o_5025,midas_f_8086,midas_g_8086,midas_s_8086,0.014854
075005ef79b14f0787674852faab9e2e,Bacteria,Firmicutes,Desulfitobacteriia,Desulfitobacteriales,Desulfitobacteriaceae,Desulfosporosinus,,0.016251
5dd79bb2be6e24d95fcc33b497b078b5,Bacteria,Firmicutes,Clostridia,Peptostreptococcales-Tissierellales,Anaerovoracaceae,Amnipila,,0.011497
5eef1e65ed73d122236c933fe9327adb,Bacteria,Firmicutes,Clostridia,Oscillospirales,Ruminococcaceae,,,0.005371
00f898781984ce51010f520e28aca483,Bacteria,Proteobacteria,Gammaproteobacteria,Burkholderiales,Comamonadaceae,,,0.008458
b8299c90e4c775b18c1c5ff6d23ad616,Bacteria,,,,,,,0.007122
8466c6dfab56e8746ea47bc3c0e571e0,Bacteria,Proteobacteria,Gammaproteobacteria,Legionellales,Legionellaceae,Legionella,midas_s_84673,0.01565
7a8d2549f0a2623a5f45a138e85aedd0,Bacteria,Proteobacteria,Alphaproteobacteria,midas_o_16387,midas_f_44631,midas_g_73006,midas_s_73006,0.01565
e9610e4b261eb260ad4e507e8c1d634e,Bacteria,Chloroflexi,Chloroflexia,Thermomicrobiales,JG30-KF-CM45,midas_g_6223,,0.01565
fc7c6eed68d83b0078b51ba3581a953b,Bacteria,Actinobacteriota,Actinobacteria,Frankiales,Nakamurellaceae,Nakamurella,,0.01565
28e70a00b942f129979d73aacfbf7bcd,Bacteria,Firmicutes,Clostridia,Oscillospirales,Hungateiclostridiaceae,,,0.017664
9252a9854a55ae3605817df259632d05,Bacteria,Firmicutes,Clostridia,Christensenellales,Christensenellaceae,midas_g_7501,,0.007584
e6bdf194852a3017f2294a9236f98dfc,Bacteria,Firmicutes,Desulfotomaculia,Desulfotomaculales,Desulfurisporaceae,Desulfurispora,midas_s_9018,0.010348
f1270b35cb1a572502eb1f6a417b4ce9,Archaea,Euryarchaeota,Methanobacteria,Methanobacteriales,Methanobacteriaceae,Methanobacterium,midas_s_9526,0.008458
8bbcf048be9561d00c6ed8f597643925,Bacteria,Actinobacteriota,Actinobacteria,Propionibacteriales,Propionibacteriaceae,Cutibacterium,midas_s_6640,0.011441
c8b7afd58453fa7f61cb3486e65de8f0,Bacteria,Proteobacteria,Gammaproteobacteria,Burkholderiales,Hydrogenophilaceae,midas_g_3907,midas_s_18273,0.015384
4a6f9dd6166c1d7f2c4af6440718c03b,Bacteria,Caldatribacteriota,JS1,midas_o_230,midas_f_230,midas_g_230,midas_s_230,0.015384
5a05b28cfb802977240bc925ee59d1fc,Bacteria,Firmicutes,Clostridia,Monoglobales,Monoglobaceae,Monoglobus,,0.015384
09eb2ace0ecf6426286819c37b4010e0,Bacteria,Firmicutes,Clostridia,Clostridiales,,,,0.015384
ad7b37d7259f65ae5d2d898c539a6297,Bacteria,midas_p_113571,midas_c_113571,midas_o_113571,midas_f_113571,midas_g_113571,midas_s_113571,0.014323
f94941df072a2ce7df898dbbc4971c45,Bacteria,Firmicutes,Clostridia,Christensenellales,Christensenellaceae,Christensenellaceae_R-7_group,midas_s_2246,0.083177
dd34ba859b98a1d6bb3897c876d3b92d,Bacteria,Firmicutes,Clostridia,Oscillospirales,Hungateiclostridiaceae,Ruminiclostridium,midas_s_119325,0.015709
07ebfd1673dbe181c7a499218a46ef80,Bacteria,Firmicutes,Clostridia,Peptostreptococcales-Tissierellales,Peptostreptococcaceae,Terrisporobacter,,0.010021
8dde56a6b6263c9ff1d677c7a17456ec,Bacteria,Firmicutes,Clostridia,Peptococcales,Peptococcaceae,,,0.007854
0bd4b1e42bd92aa97b0e3256b8b9f685,Bacteria,Actinobacteriota,Actinobacteria,Propionibacteriales,Nocardioidaceae,midas_g_6741,,0.015119
60d23b6a7047719eb79dc09d360c62cc,Bacteria,Actinobacteriota,Actinobacteria,Propionibacteriales,Propionibacteriaceae,Microlunatus,,0.015119
8d94059665b326451d66d86b45255634,Bacteria,Firmicutes,Clostridia,Caldicoprobacterales,Caldicoprobacteraceae,Caldicoprobacter,midas_s_1857,0.015119
d0805d57a9a2267c7f9372624fa92147,Bacteria,Actinobacteriota,Actinobacteria,Micrococcales,Microbacteriaceae,Microbacterium,,0.007313
92d6b69fbdf22335e1e29eb7ddea612a,Bacteria,Bacteroidota,Bacteroidia,Chitinophagales,Chitinophagaceae,Sediminibacterium,,0.004216
286e6b7f2a15a9ef97faca363e6a6800,Bacteria,Actinobacteriota,Thermoleophilia,Gaiellales,midas_f_2573,midas_g_3338,,0.014854
b923bc5d99ffa071df805bfb578547c4,Bacteria,Proteobacteria,Alphaproteobacteria,Rhodobacterales,Rhodobacteraceae,Paracoccus,,0.014854
5901c122dbe9545a6149416c6397f234,Bacteria,Synergistota,Synergistia,Synergistales,Synergistaceae,JGI-0000079-D21,midas_s_62415,0.014854
afadb45931725b52385058d29f76447e,Bacteria,Firmicutes,Dethiobacteria,Dethiobacterales,Dethiobacteraceae,Dethiobacter,,0.014854
2b7ce440bd256b23d5e09f40e46698ad,Bacteria,Firmicutes,Syntrophomonadia,Syntrophomonadales,Syntrophomonadaceae,Syntrophomonas,,0.014854
bbb066ff0d8c41323c27c93a1a3c35a7,Bacteria,Proteobacteria,Gammaproteobacteria,Burkholderiales,Burkholderiaceae,Lautropia,midas_s_30663,0.014854
7f95be53d89bc3a48bae7b78b974d701,Bacteria,Chloroflexi,Anaerolineae,Anaerolineales,Anaerolineaceae,midas_g_467,midas_s_1462,0.055451
78f289cd472d09e153e93361d0beeb2f,Bacteria,Firmicutes,Clostridia,Lachnospirales,Lachnospiraceae,,,0.006771
80696a8e4c14013684c162880b99abc9,Bacteria,Proteobacteria,Gammaproteobacteria,Burkholderiales,,,,0.014513
36a66f4e2ef60675b52417bd1ef5d23f,Bacteria,Proteobacteria,Alphaproteobacteria,Rhizobiales,Beijerinckiaceae,Methylobacterium-Methylorubrum,midas_s_27079,0.115825
015be9e29980c3340bc973769ffd53c5,Bacteria,Firmicutes,Syntrophomonadia,Syntrophomonadales,Syntrophomonadaceae,Syntrophomonas,,0.014589
0c9b81e16ab4e3c0b202044ce6d7ba57,Bacteria,Proteobacteria,Gammaproteobacteria,Legionellales,Legionellaceae,Legionella,,0.014589
6068fd60909c15a33c7dd6f3cf41a189,Bacteria,Firmicutes,Clostridia,Gracilibacteraceae,Lutispora,midas_g_2455,midas_s_3837,0.027837
16d7e7a57ee5a4d1019a0343f5008fd3,Bacteria,Firmicutes,Clostridia,Oscillospirales,Hungateiclostridiaceae,midas_g_103462,midas_s_108360,0.004791
835bb682be3fa7b086047fefbc88efb8,Bacteria,Spirochaetota,Leptospirae,Leptospirales,Leptospiraceae,RBG-16-49-21,midas_s_3702,0.169434
be017454a0758945d4ec45fbf9ac6f48,Archaea,Euryarchaeota,Methanobacteria,Methanobacteriales,Methanobacteriaceae,Methanobacterium,midas_s_9526,0.005623
7bdb643584d385bedc3578796b996258,Bacteria,Firmicutes,Clostridia,Oscillospirales,Hungateiclostridiaceae,HN-HF0106,,0.028247
1541d3f52b75573d379c2d7efdd61f0e,Bacteria,Bacteroidota,Bacteroidia,Bacteroidales,Marinilabiliaceae,midas_g_1571,midas_s_1571,0.014323
ed09d7afbe54912303e1d4ad8b7b1d32,Bacteria,Synergistota,Synergistia,Synergistales,Synergistaceae,JGI-0000079-D21,midas_s_3051,0.014323
21154dbe9d1fd27c98e5ee78bb11560c,Bacteria,Proteobacteria,Alphaproteobacteria,Rhizobiales,Hyphomicrobiaceae,Pedomicrobium,,0.014323
5b6d589e4b8374ae05953faf3e0ec415,Bacteria,Proteobacteria,Alphaproteobacteria,Rhodobacterales,Rhodobacteraceae,Phreatobacter,Phreatobacter_oligotrophus,0.014323
30722c9b979a324b1a9e507436496b08,Bacteria,Firmicutes,Clostridia,Peptostreptococcales-Tissierellales,Serpentinicella,midas_g_75908,midas_s_88398,0.014323
be2708e1bdcddac994cdfd7ddf921d52,Bacteria,Actinobacteriota,Actinobacteria,Frankiales,Frankiaceae,Jatrophihabitans,midas_s_3483,0.015403
98e48e291e82614b662dd427ed669231,Bacteria,Chloroflexi,Anaerolineae,RBG-13-54-9,midas_f_4245,midas_g_4582,midas_s_4582,0.030806
d23e031b9dfbdb8f41323c8c5c775f26,Bacteria,Firmicutes,Clostridia,Peptostreptococcales-Tissierellales,Anaerovoracaceae,Family_XIII_AD3011_group,midas_s_92256,0.033887
a2ea5245d83eba89a777bfc3af4e28a7,Bacteria,Proteobacteria,Alphaproteobacteria,Rhizobiales,Beijerinckiaceae,midas_g_534,,0.033887
8fa174b717385600595ec8771240bfe8,Bacteria,Firmicutes,Clostridia,Christensenellales,Christensenellaceae,Christensenella_sp._AF73-05CM02,midas_s_112328,0.008448
e685dc44525e8ec7783caa6ab7f5b4b8,Bacteria,Actinobacteriota,Actinobacteria,Propionibacteriales,Propionibacteriaceae,Aestuariimicrobium,midas_s_6934,0.166353
4067001164170581ba105a05e975bbe3,Bacteria,Cyanobacteria,Sericytochromatia,midas_o_1393,midas_f_26893,midas_g_77185,,0.014058
1b93fe44c90e856e28e8586500b42103,Bacteria,Firmicutes,,,,,,0.014058
29b2f8399229daa8138a86a37fa795f1,Bacteria,Firmicutes,Clostridia,Clostridiales,Clostridiaceae,Proteiniclasticum,midas_s_2123,0.014058
296a64ff9ac191c4f1c886ba988e1706,Bacteria,Proteobacteria,Gammaproteobacteria,Legionellales,Legionellaceae,Legionella,,0.014058
eb6a99a43cef2237af9b344c4df7f907,Bacteria,Proteobacteria,Alphaproteobacteria,Rhizobiales,Beijerinckiaceae,Bosea,,0.014058
6e72d85c5c29aaa1b7f043f60c8515fa,Bacteria,Proteobacteria,Alphaproteobacteria,Rhizobiales,Hyphomicrobiaceae,Hyphomicrobium,,0.014058
f486ad1bcca90a8bd9b68c76212312c3,Bacteria,Bacteroidota,Bacteroidia,Bacteroidales,Bacteroidetes_vadinHA17,midas_g_800,midas_s_800,0.027726
fc4e948dc95060bb06f959f2e2ed0731,Bacteria,Firmicutes,Clostridia,Peptostreptococcales-Tissierellales,Peptostreptococcaceae,Terrisporobacter,,0.014355
91203c4512e4b08f343fbec0de1a3b9e,Bacteria,Firmicutes,Clostridia,Oscillospirales,Ruminococcaceae,,,0.010742
28a57cdaa30629405422c8fde4881357,Bacteria,Actinobacteriota,Actinobacteria,Propionibacteriales,Propionibacteriaceae,Micropruina,,0.013793
79f2b1b38f1fbd05cc7592334ee0803d,Bacteria,Bacteroidota,Bacteroidia,Chitinophagales,Chitinophagaceae,midas_g_62009,midas_s_62009,0.013793
1fd28ae75bb3ec630b2de2e3430c8f1e,Bacteria,Firmicutes,Clostridia,Oscillospirales,Hungateiclostridiaceae,Ruminiclostridium,midas_s_93077,0.013793
749376b5f9975100a175a587f222e10e,Bacteria,Proteobacteria,Alphaproteobacteria,Rhizobiales,Xanthobacteraceae,Nitrobacter,midas_s_25245,0.013793
e4e59d9f49c532675b55e61340b2179e,Bacteria,Firmicutes,Clostridia,Oscillospirales,Hungateiclostridiaceae,,,0.013793
26491960a83d9ec238fcf87efff319e2,Bacteria,Firmicutes,Clostridia,Christensenellales,Christensenellaceae,,,0.013793
f88d741fc5f4fa1ec110a6aafc7393f2,Bacteria,Firmicutes,Clostridia,Proteinivoracales,midas_f_1799,midas_g_1799,,0.013793
d16549567d9b503e05d935bd5ca038a6,Bacteria,Firmicutes,Bacilli,Desulfuribacillales,Desulfuribacillaceae,midas_g_119427,midas_s_119427,0.013793
626c469cde244cf9b780fe8a6e952018,Bacteria,Proteobacteria,Alphaproteobacteria,Parvibaculales,Parvibaculaceae,Parvibaculum,midas_s_27084,0.013793
81658f20c85c240a8529c9f65f993851,Bacteria,Firmicutes,Dethiobacteria,Dethiobacterales,Dethiobacteraceae,midas_g_114992,midas_s_114992,0.013793
7bc40a9c22f90b2ce6c97edc8248f810,Bacteria,Proteobacteria,Alphaproteobacteria,Rhizobiales,Beijerinckiaceae,alphaI_cluster,midas_s_23727,0.013793
15d96e4d97ef38ceedf0ad18f07e0240,Bacteria,Proteobacteria,Alphaproteobacteria,Rhodobacterales,Rhodobacteraceae,,,0.012201
84fa9606a58e97506922f09083e7087a,Bacteria,Bacteroidota,Bacteroidia,Bacteroidales,Dysgonomonadaceae,Proteiniphilum,midas_s_738,0.135547
426bda34df28a503259476e54950b730,Bacteria,Firmicutes,Clostridia,Christensenellales,Christensenellaceae,,,0.008938
32fde07abf6b53007080027dbf4cf88f,Bacteria,Proteobacteria,Gammaproteobacteria,Burkholderiales,Alcaligenaceae,Alcaligenes,midas_s_9908,0.011332
064ea8c0c174b991b890a76af66da802,Bacteria,Firmicutes,Clostridia,Peptostreptococcales-Tissierellales,Anaerovoracaceae,Anaerovorax,midas_s_97112,0.009964
34646d0e803268c026a7c33066998a77,Bacteria,Firmicutes,Syntrophomonadia,Syntrophomonadales,Syntrophomonadaceae,Syntrophomonas,,0.005749
bc71146ccc3a63837fc7d874a28a173c,Bacteria,Firmicutes,Clostridia,Oscillospirales,,,,0.005171
bec033acf73d8b55fcee3b62a8a9429e,Bacteria,Firmicutes,Clostridia,Peptostreptococcales-Tissierellales,Anaerovoracaceae,Anaerovorax,,0.019373
6fc9eb297f26be9914cfbb2e96bbc086,Archaea,Euryarchaeota,Methanobacteria,Methanobacteriales,Methanobacteriaceae,Methanobacterium,midas_s_9526,0.007179
191627a5d4511a32856d4a033e4bf1cb,Bacteria,Firmicutes,Limnochordia,MBA03,midas_f_112,,,0.013528
469c376c54706d2a04589d78e87c8780,Bacteria,Actinobacteriota,Actinobacteria,midas_o_5,midas_f_5,midas_g_3281,,0.013528
0f4a7eac09f580255faedbb1da343681,Bacteria,Firmicutes,Clostridia,Monoglobales,Monoglobaceae,Monoglobus,,0.013528
d9d30d32406d0d1f7d847cdbbdda6137,Bacteria,Firmicutes,,,,,,0.013528
ecb869631711bf81e94c27a768dfdd0b,Bacteria,Proteobacteria,Gammaproteobacteria,Burkholderiales,Comamonadaceae,Ottowia,,0.013528
cd74519f8627d952e9422b81ea695058,Bacteria,Firmicutes,Clostridia,Oscillospirales,Hungateiclostridiaceae,Ruminiclostridium,,0.013528
116dc9851c69f16ec8c27a12ce358fa4,Bacteria,Chloroflexi,Anaerolineae,RBG-13-54-9,midas_f_4245,midas_g_84729,midas_s_84729,0.013528
54211010aefd9707190f47101648a23c,Bacteria,Proteobacteria,Alphaproteobacteria,Rhizobiales,Xanthobacteraceae,Azorhizobium,midas_s_17083,0.064009
3561691a3832d2ec98315c3412a98fa3,Bacteria,Firmicutes,Clostridia,Eubacteriales,Alkalibacteraceae,Alkalibacter,midas_s_84851,0.010021
51aa4d9105ecfeb7a7d4f5afa1773cdc,Bacteria,Firmicutes,Clostridia,Oscillospirales,Oscillospiraceae,midas_g_112829,midas_s_112829,0.011114
9e188c20ff4d59650dfc2cb435a88512,Bacteria,Proteobacteria,Gammaproteobacteria,Burkholderiales,,,,0.011353
dfa00f358503d3a79cb2c330ee60c1e2,Archaea,Euryarchaeota,Methanobacteria,Methanobacteriales,Methanobacteriaceae,,,0.008071
6ed1f425cd7d234afdf0906b91293ae2,Bacteria,Chloroflexi,Anaerolineae,Anaerolineales,Anaerolineaceae,midas_g_789,midas_s_42369,0.013262
d14450ec065af47ce09cf95309f24072,Bacteria,Planctomycetota,Phycisphaerae,MSBL9,KCLunmb-38-53,midas_g_3662,,0.013262
99974302fcd8d2101cbc28c8141e0ee9,Bacteria,Actinobacteriota,Thermoleophilia,Gaiellales,midas_f_2573,midas_g_3338,midas_s_3338,0.013262
7ede4b72fe5210d181d31d0161d8f153,Bacteria,Myxococcota,Polyangia,Polyangiales,Polyangiaceae,,,0.013262
455b517d5e3be97a7c74805de5f26850,Bacteria,Proteobacteria,Alphaproteobacteria,Rhodobacterales,Rhodobacteraceae,Amaricoccus,,0.013262
d6ff6bbe079674401094c1a932da80ab,Bacteria,Proteobacteria,Alphaproteobacteria,Rhodobacterales,Rhodobacteraceae,Gemmobacter,midas_s_2976,0.013262
37a53b3aab9bc373c583f6be8ab1d858,Bacteria,Synergistota,Synergistia,Synergistales,Synergistaceae,Thermovirga,,0.013262
ae9418ce9d02c32999138b34c48512fb,Bacteria,Synergistota,Synergistia,Synergistales,Synergistaceae,Lactivibrio,midas_s_3664,0.013262
37e77987f6db9eb8df82f8185f8440b7,Bacteria,Firmicutes,midas_c_4,DTU014,midas_f_4306,midas_g_4306,midas_s_7897,0.013262
2d86655f5770d1ddf5947021a53b57cb,Bacteria,Planctomycetota,Phycisphaerae,Pla1_lineage,midas_f_3438,midas_g_4387,midas_s_43351,0.013262
43a837e225147b88f58a65ccc8412c7c,Bacteria,Firmicutes,Dethiobacteria,Dethiobacterales,Dethiobacteraceae,,,0.013262
70bc60bf6b649f62bb1ee7538331006f,Bacteria,Firmicutes,Clostridia,Caldicoprobacterales,Caldicoprobacteraceae,Caldicoprobacter,midas_s_91363,0.013262
2f0e324704bd4ac738072c50d4eba0ea,Bacteria,Planctomycetota,Planctomycetes,Isosphaerales,Isosphaeraceae,Paludisphaera,,0.010875
86d8b22d008c02c166ab930218a92e10,Bacteria,Chloroflexi,Anaerolineae,RBG-13-54-9,midas_f_20645,midas_g_98374,midas_s_100532,0.00504
6332a8b08afb6aa3ef5901e06a2c287f,Archaea,Euryarchaeota,Methanobacteria,Methanobacteriales,Methanobacteriaceae,Methanobacterium,,0.012083
4561fef494acf771179203cc14f5d372,Bacteria,Proteobacteria,Gammaproteobacteria,Xanthomonadales,Xanthomonadaceae,Luteimonas,Luteimonas_notoginsengisoli,0.012997
d5cecae93845498f6d38b6b144a7e330,Bacteria,Firmicutes,Thermoanaerobacteria,Thermoanaerobacterales,SRB2,midas_g_4301,midas_s_119107,0.012997
9874202de61384a91f48d042f2ccafbc,Bacteria,Firmicutes,Clostridia,Clostridiales,Clostridiaceae,Proteiniclasticum,,0.012997
dcc3c223f6007f2b75ad31366a34a983,Bacteria,Proteobacteria,Alphaproteobacteria,Rhizobiales,Kaistiaceae,Kaistia,,0.012997
15bf273330928f57de2f3b24ca2a5135,Bacteria,Planctomycetota,Planctomycetes,midas_o_1071,midas_f_1071,midas_g_7408,midas_s_26879,0.012997
2641fe1f99500e1a2d08cabe3073566b,Bacteria,Chloroflexi,Anaerolineae,RBG-13-54-9,midas_f_20645,midas_g_92905,midas_s_92905,0.011936
f877e829ece2e97efc2208f33e765ce3,Bacteria,Spirochaetota,Spirochaetia,Spirochaetales,Spirochaetaceae,midas_g_3397,midas_s_3397,0.021564
1b7d9b83e481aeaf938729029a2a4c19,Bacteria,Hydrogenedentes,Hydrogenedentia,Hydrogenedentiales,Hydrogenedensaceae,YC-ZSS-LKJ63,midas_s_3130,0.113983
26cbd70e0eb0b0a14e93c0970b305ef1,Bacteria,Patescibacteria,Microgenomatia,Ca_Shapirobacteria,midas_f_2290,midas_g_2290,midas_s_2290,0.117064
7cd022d3e8231b6befc5e3e2259a6813,Bacteria,Firmicutes,Negativicutes,midas_o_2492,midas_f_70329,midas_g_70329,midas_s_70329,0.010679
6cdd8825591e67630201b81f5e8cc990,Bacteria,Actinobacteriota,Acidimicrobiia,Microtrichales,Microtrichaceae,Ca_Microthrix,Ca_Microthrix_parvicella,0.15095
8602056eba9f104692f2ddf8938871c5,Bacteria,Proteobacteria,Gammaproteobacteria,Burkholderiales,Comamonadaceae,Aquincola,midas_s_6829,0.012732
50addb775b43dc6766013d2b80081ce3,Bacteria,Firmicutes,Limnochordia,MBA03,midas_f_112,,,0.012732
8d8be8b2507c837431e2e91d5b78faa9,Bacteria,Proteobacteria,Alphaproteobacteria,Rhizobiales,Rhodobiaceae,Tepidamorphus,Tepidamorphus_gemmatus,0.012732
5645208dbd4272e443c0bfd58a60b9b9,Bacteria,Firmicutes,Clostridia,Oscillospirales,Hungateiclostridiaceae,HN-HF0106,midas_s_94196,0.012732
17cd9e80e0f41c506e23257e356ac923,Bacteria,Firmicutes,Clostridia,Caldicoprobacterales,Caldicoprobacteraceae,Caldicoprobacter,,0.012732
dd845f9a83e4214b3e9e1a1ead34f609,Bacteria,Firmicutes,Clostridia,Clostridiales,Clostridiaceae,Clostridium_sensu_stricto_1,midas_s_3972,0.012732
ddfc7fa44eb695c1a36fab946176dbdc,Bacteria,Actinobacteriota,Actinobacteria,Propionibacteriales,Propionibacteriaceae,,,0.012732
40dc5c18cc4351517876235855be9721,Bacteria,Firmicutes,Dethiobacteria,Dethiobacterales,Dethiobacteraceae,Dethiobacter,,0.012732
d28d9cd054df9e29c622b1ec1944d013,Bacteria,Proteobacteria,Alphaproteobacteria,Rhizobiales,Beijerinckiaceae,midas_g_534,midas_s_3903,0.012732
ae6befdc531c744b9165106d3c3f6739,Bacteria,Proteobacteria,Gammaproteobacteria,Burkholderiales,Alcaligenaceae,Alcaligenes,midas_s_9908,0.013001
dc211776d6a734cf180f697b098c47d3,Bacteria,Firmicutes,Desulfitobacteriia,Desulfitobacteriales,Desulfitobacteriaceae,Desulfosporosinus,,0.004407
f437261ff1458ebf1aa7f6dc7bf69e58,Bacteria,Firmicutes,Clostridia,Oscillospirales,Ruminococcaceae,Caproiciproducens,,0.007596
9c426d26d1334efd88b234484348abbf,Bacteria,Proteobacteria,Alphaproteobacteria,Rhizobiales,Rhizobiaceae,Aminobacter,midas_s_2523,0.012467
f527a3626856c74b3bf1c926561baf11,Bacteria,Planctomycetota,Planctomycetes,Pirellulales,Pirellulaceae,Pir4_lineage,,0.012467
3e5c0929aa7ec948ea82be82637549b1,Bacteria,WS1,midas_c_796,midas_o_796,midas_f_796,midas_g_2785,midas_s_2785,0.012467
328120c708098f9f55e4b6945d8cf31d,Bacteria,Proteobacteria,Alphaproteobacteria,Rhizobiales,Rhizobiaceae,Aquamicrobium,,0.012467
5db86c73cb3a69940374cd84e1457a2f,Bacteria,Proteobacteria,Alphaproteobacteria,Rhizobiales,Hyphomicrobiaceae,midas_g_648,midas_s_648,0.012467
ce79d4435bd130dc3503269a9b397170,Bacteria,Actinobacteriota,Actinobacteria,Micrococcales,Microbacteriaceae,Microbacterium,,0.012467
5842b861c82007643d496c3860a149f9,Bacteria,Firmicutes,Clostridia,Oscillospirales,Hungateiclostridiaceae,,,0.012467
0be5f4770658b90f11dc058c6006f780,Bacteria,Firmicutes,Clostridia,Christensenellales,Christensenellaceae,midas_g_2424,,0.012467
211c2bf941e5c4e05078cf20a194b0be,Bacteria,SAR324_cladeMarine_group_B,midas_c_814,midas_o_928,Ca_Phosphitivoracaceae,Ca_Phosphitivorax,midas_s_1011,0.10166
d4bbada602eb08d4609fe2fca3160d40,Bacteria,Planctomycetota,Planctomycetes,Pirellulales,Pirellulaceae,Ca_Anammoximicrobium,midas_s_93003,0.129386
34e20439c680b4b5689f8355e1b87165,Bacteria,Firmicutes,Clostridia,Clostridiales,Caloramatoraceae,midas_g_19829,midas_s_19829,0.010243
7056f0ca7e34feb91ddfdb617582fd12,Bacteria,Firmicutes,Clostridia,Oscillospirales,Hungateiclostridiaceae,,,0.009153
ad942c95632b90b7d01e5c5e77b99ebc,Bacteria,Firmicutes,Clostridia,Lachnospirales,Lachnospiraceae,,,0.009006
36932f198f0d72739c13f82998a6364d,Bacteria,Firmicutes,Clostridia,Christensenellales,Christensenellaceae,Christensenellaceae_R-7_group,midas_s_56200,0.005489
00822d53733c27d8119b5fc4ed19f687,Archaea,Euryarchaeota,Methanobacteria,Methanobacteriales,Methanobacteriaceae,,,0.007438
ef29434876e20a83290e58de1f4e09c2,Bacteria,Firmicutes,Thermovenabulia,Thermovenabulales,Tepidanaerobacter,Tepidanaerobacter_acetatoxydans,midas_s_91089,0.012201
3f602caee36e03c625a1f30eb97314e2,Bacteria,Bacteroidota,Bacteroidia,Chitinophagales,Chitinophagaceae,midas_g_34088,,0.012201
865b36b85a2b2a8cdbd204a37e088b94,Bacteria,Firmicutes,Clostridia,Christensenellales,Christensenellaceae,,,0.012201
703b123d3cbe4a7e8c02253f1f55d261,Bacteria,Proteobacteria,Gammaproteobacteria,Xanthomonadales,Xanthomonadaceae,Thermomonas,,0.012201
523a7e01fa5c47d91e959292759c7ac7,Bacteria,Bacteroidota,Bacteroidia,Cytophagales,Spirosomaceae,Persicitalea,midas_s_5441,0.012201
daa33b68bffced185af681590ffd372e,Bacteria,Firmicutes,Clostridia,Peptostreptococcales-Tissierellales,Peptostreptococcaceae,Paeniclostridium,midas_s_37284,0.012201
7fea81a0fb9031b1aa53e4dcc0334bf4,Bacteria,Firmicutes,Clostridia,Gracilibacteraceae,Lutispora,midas_g_2455,midas_s_101610,0.012201
76861e4fd720b21d96693697fa6b48fc,Bacteria,Chloroflexi,KD4-96,midas_o_3277,midas_f_3277,midas_g_3277,midas_s_3277,0.012201
8610085898359abd9388c49fcfbbcb2a,Bacteria,Firmicutes,Clostridia,Christensenellales,Christensenellaceae,midas_g_3227,midas_s_3227,0.012201
a4f5e4b88460bc4713747b9e266d3144,Bacteria,Chloroflexi,Anaerolineae,MSB-5E12,midas_f_92558,midas_g_114252,midas_s_119547,0.018484
d40238b6e6c47b51c94b10008b551af4,Bacteria,Actinobacteriota,Actinobacteria,Micrococcales,Microbacteriaceae,Microbacterium,,0.009814
920fe236cb3d2ec76bfac976e7f3878f,Bacteria,Firmicutes,Clostridia,Christensenellales,Christensenellaceae,midas_g_43582,midas_s_99931,0.067774
d50903b75a954b0f707171e84a573a5f,Bacteria,Proteobacteria,Alphaproteobacteria,Rhizobiales,Beijerinckiaceae,Camelimonas,,0.005835
1c259c84edfd90c28f17c1875a7c9747,Bacteria,Armatimonadota,midas_c_216,midas_o_1721,midas_f_1721,midas_g_119012,midas_s_119012,0.132467
e4584b51fe909644e9845c5dc09526e9,Bacteria,Bacteroidota,Bacteroidia,Flavobacteriales,Weeksellaceae,Chryseobacterium,midas_s_83782,0.007192
41afcb39b8689b8b9b59ad8a8215958f,Archaea,Euryarchaeota,Methanobacteria,Methanobacteriales,Methanobacteriaceae,Methanobacterium,Methanobacterium_beijingense,0.010025
16a50c451d24ff31bdf03c837c1f2532,Bacteria,Bacteroidota,Bacteroidia,Bacteroidales,GZKB124,midas_g_2014,midas_s_2014,0.141709
5784776f5c7488bbe777059e7f9d1c7c,Bacteria,Verrucomicrobiota,Kiritimatiellae,WCHB1-41,midas_f_6519,midas_g_6519,midas_s_6519,0.141709
344057b4eb641fc142588238344a8918,Bacteria,Chloroflexi,Anaerolineae,midas_o_1,midas_f_813,midas_g_824,midas_s_61502,0.141709
8442bd30ea2bf39ad3c2136197a0b861,Bacteria,Bacteroidota,Bacteroidia,Bacteroidetes_VC2.1_Bac22,midas_f_250,midas_g_250,midas_s_250,0.141709
0920f329b65647d14740b55a5052624d,Bacteria,Firmicutes,Clostridia,Gracilibacteraceae,Gracilibacter,midas_g_669,,0.038839
89628653ce7d25046e81ec1e41c9122f,Archaea,Euryarchaeota,Methanobacteria,Methanobacteriales,Methanobacteriaceae,,,0.011921
64cbb145bf7546cd909ccdfc390477a7,Bacteria,Chloroflexi,Anaerolineae,RBG-13-54-9,midas_f_4245,midas_g_49937,,0.011936
8cc8b34be2f3cb1e12e390328759aaf7,Bacteria,Firmicutes,Clostridia,Lachnospirales,Lachnospiraceae,Roseburia,Roseburia_intestinalis,0.011936
1d8cbc23caf68cfc1c0505901772f517,Bacteria,Firmicutes,Clostridia,Oscillospirales,Oscillospiraceae,NK4A214_group,,0.012188
ce0b607406b1ba0603a5883aeab5bbcf,Bacteria,Firmicutes,Clostridia,Oscillospirales,Ruminococcaceae,midas_g_52955,,0.022527
26de1fff4ab68ef5ec24949c1a27d329,Bacteria,Firmicutes,Clostridia,Oscillospirales,Hungateiclostridiaceae,HN-HF0106,,0.003487
4d145a769891543537f2c8681627eff6,Bacteria,Firmicutes,Limnochordia,Limnochordales,Limnochordaceae,midas_g_93469,midas_s_93469,0.009004
8ac7ad6e4b6501eb143d97f10bcc2b6d,Bacteria,Proteobacteria,Alphaproteobacteria,Rhodobacterales,Rhodobacteraceae,,,0.011671
f9d19abf0ac81bcc64d02d91350fce35,Bacteria,Bacteroidota,Bacteroidia,Cytophagales,Microscillaceae,midas_g_9811,,0.011671
7bc4b6055f77dc4acb835bf59f37bba2,Bacteria,Firmicutes,midas_c_4,DTU014,midas_f_84711,midas_g_92268,midas_s_92268,0.011671
58775dbd44f0df19b94bc37ab4e4c579,Bacteria,Synergistota,Synergistia,Synergistales,Synergistaceae,midas_g_249,midas_s_8102,0.011671
3ba3a0a8948fba9b0c25ad37b41b3342,Bacteria,Firmicutes,Clostridia,Oscillospirales,Eubacterium_coprostanoligenes_group,midas_g_3214,midas_s_3214,0.011671
a4d4e17dbb14f15384261ddd56409439,Bacteria,Proteobacteria,Gammaproteobacteria,Burkholderiales,Rhodocyclaceae,,,0.011671
5a282585ef16397041df72979907593f,Bacteria,Proteobacteria,Gammaproteobacteria,Legionellales,Legionellaceae,Legionella,,0.011671
ebe6058ea1fbc7f77df40e51f0a20dca,Bacteria,Firmicutes,Clostridia,Oscillospirales,UCG-010,midas_g_62223,,0.011671
449442ea32d59c45c20f49095f206f1d,Bacteria,Firmicutes,Syntrophomonadia,Syntrophomonadales,Syntrophomonadaceae,Syntrophomonas,midas_s_90707,0.011671
f58368d26234da28cbe5f17910c56a6c,Bacteria,Bacteroidota,Bacteroidia,Bacteroidales,Prolixibacteraceae,midas_g_12,midas_s_2548,0.064693
316c252396afd490a718db47b7e13385,Bacteria,Chloroflexi,Anaerolineae,RBG-13-54-9,midas_f_4245,midas_g_44684,midas_s_65245,0.003713
de791da3027f9e7f238061064604388f,Bacteria,Firmicutes,Clostridia,Peptostreptococcales-Tissierellales,Family_XI,W5053,midas_s_2966,0.135547
5a66f8310ec63f2648ee84a8f03ed1d7,Bacteria,Spirochaetota,MVP-15,midas_o_6772,midas_f_6772,midas_g_6772,midas_s_36179,0.135547
c9c58ce6cfd82ba2d1a35ed4588dc1db,Archaea,Halobacterota,Methanosarcinia,Methanosarciniales,Methanosarcinaceae,Methanosarcina,,0.008918
b9daacd0e5fb8ea4e35fc84e8a40253e,Bacteria,Proteobacteria,Alphaproteobacteria,Rhizobiales,Kaistiaceae,Kaistia,,0.009576
8e411053229e1cc8814cc8c0d1989251,Bacteria,Firmicutes,Clostridia,Clostridia_vadinBB60_group,midas_f_54,midas_g_2423,midas_s_2423,0.012406
60afbfee9ee6fb92816d66611d1ffb57,Bacteria,Firmicutes,Clostridia,Christensenellales,Christensenellaceae,Christensenellaceae_R-7_group,,0.008532
cb300bfb8d8466c3f220d5f95c2a03c2,Archaea,Euryarchaeota,Methanobacteria,Methanobacteriales,Methanobacteriaceae,,,0.006963
72c6706063e2325bd12c28ea8b23e872,Bacteria,,,,,,,0.011406
3fbd0537ef4f3242fb50a2ddb91061ad,Bacteria,Actinobacteriota,Actinobacteria,Frankiales,Nakamurellaceae,Nakamurella,,0.011406
350764427a7e15d2e95ee77951ea5c6c,Bacteria,Firmicutes,,,,,,0.011406
9e1c950d882ef8c3e0f61aa7ec52060e,Bacteria,Cloacimonadota,Cloacimonadia,Cloacimonadales,Cloacimonadaceae,W5,,0.011406
53cc13652f54147209456977b76cea50,Bacteria,Firmicutes,Clostridia,Proteinivoracales,midas_f_1799,midas_g_1799,midas_s_4487,0.011406
99d2491ca9702e5053cb6e62d0349555,Bacteria,Firmicutes,Clostridia,Christensenellales,Christensenellaceae,Christensenellaceae_R-7_group,midas_s_785,0.012322
96a7203e72563b1502356df04aa19f42,Bacteria,Proteobacteria,Alphaproteobacteria,Rhizobiales,Xanthobacteraceae,Nitrobacter,midas_s_25245,0.009549
a4c97d72a3ac2b7c1435c56721a3aa1a,Bacteria,Firmicutes,Bacilli,Izemoplasmatales,midas_f_16343,midas_g_16730,midas_s_16730,0.083177
46106a1395497d731c64d8d5b56c3771,Bacteria,Firmicutes,Clostridia,Clostridiales,Oxobacteraceae,,,0.003979
a9ea2ae2f8893f91cf4ca523ea7d4cfe,Bacteria,Firmicutes,Clostridia,Oscillospirales,Oscillospiraceae,Colidextribacter,midas_s_63665,0.006229
8bea27e05e23cdeacb4dda62cfb59aaa,Archaea,Euryarchaeota,Methanobacteria,Methanobacteriales,Methanobacteriaceae,Methanobacterium,,0.010391
c487c317433b2236a0872af25cb3b3de,Bacteria,Cloacimonadota,Cloacimonadia,Cloacimonadales,Cloacimonadaceae,Ca_Cloacimonas,midas_s_3011,0.01114
d2e381c85060771ec94f8f66bf491409,Bacteria,Cloacimonadota,Cloacimonadia,Cloacimonadales,Cloacimonadaceae,W5,,0.01114
0717587ee3e819d58ad9801323db963c,Bacteria,Synergistota,Synergistia,Synergistales,Synergistaceae,JGI-0000079-D21,midas_s_88242,0.01114
643242de6c8b6447dd4187d002a08beb,Bacteria,Firmicutes,Moorellia,Desulfitibacterales,Desulfitibacteraceae,Desulfitibacter,,0.01114
c2b43f5fc401b8ae942e9f83213eef32,Bacteria,Patescibacteria,Saccharimonadia,Saccharimonadales,midas_f_3582,midas_g_3582,midas_s_3582,0.01114
ac96db42031919a640395a42626c4cfe,Bacteria,Firmicutes,Limnochordia,MBA03,midas_f_112,midas_g_2506,midas_s_2506,0.01114
f99471f9f75bc3c8400f9611fa7ee14f,Bacteria,Chloroflexi,Anaerolineae,Anaerolineales,Anaerolineaceae,Pelolinea,midas_s_26433,0.030806
0607c3ec24c886df3c9bac4259e1e910,Bacteria,Firmicutes,midas_c_4,DTU014,,,,0.030367
c7dd46acb5a820a3c0db61d863812de8,Bacteria,Firmicutes,Clostridia,Oscillospirales,Ruminococcaceae,Ruminococcus,,0.129386
cf94c789ff082528101c344b74e994c7,Bacteria,Firmicutes,Clostridia,Peptostreptococcales-Tissierellales,Family_XI,Tepidimicrobium,midas_s_102195,0.003955
02e5aa8b2279bb6d9eef1591c1bd5c44,Bacteria,Firmicutes,Clostridia,Christensenellales,Christensenellaceae,Christensenellaceae_R-7_group,midas_s_99049,0.003798
6ff49eba1a73bddf6f1013fcc786e610,Bacteria,Proteobacteria,Gammaproteobacteria,Burkholderiales,,,,0.011843
7de13a55503e90292b953209386e0b7b,Bacteria,Actinobacteriota,Actinobacteria,Actinomycetales,Actinomycetaceae,midas_g_343,midas_s_2322,0.010875
1343e87d3913871b8120eddf9b9aedc6,Bacteria,Actinobacteriota,Actinobacteria,Micrococcales,Microbacteriaceae,Leucobacter,,0.010875
8a86fb52c58e6597a806872e474d6ac1,Bacteria,Chloroflexi,Chloroflexia,Thermomicrobiales,JG30-KF-CM45,midas_g_110783,midas_s_113633,0.010875
6a639263c07c310881a6085392276536,Bacteria,,,,,,,0.010875
73fc872cf74b23112d674efd5f773616,Bacteria,Firmicutes,Clostridia,Clostridia_vadinBB60_group,midas_f_90201,,,0.010875
2b03838ca7687263d84571109aa7de49,Bacteria,Chloroflexi,Anaerolineae,RBG-13-54-9,midas_f_49454,midas_g_49454,midas_s_49454,0.010875
e71d7fce3b720ea2b97354f4a94a19a7,Bacteria,Firmicutes,Clostridia,Peptostreptococcales-Tissierellales,Serpentinicella,midas_g_75908,,0.010875
4c4c77a6783079489f146bf3f51d11e6,Bacteria,Bacteroidota,Bacteroidia,Bacteroidales,Paludibacteraceae,midas_g_6784,midas_s_7422,0.010875
f7e31d1689b9fa6e5639ba7fb856967a,Bacteria,Firmicutes,Bacilli,Izemoplasmatales,midas_f_90284,midas_g_91159,midas_s_92025,0.010875
67d673cfb165578d52df1cfbd958a5c9,Bacteria,Synergistota,Synergistia,Synergistales,Synergistaceae,JGI-0000079-D21,midas_s_3051,0.015403
fa7645eda32b4e6cfa5a7641e34be6b8,Bacteria,Bacteroidota,Bacteroidia,Sphingobacteriales,Lentimicrobiaceae,Lentimicrobium,,0.033887
630dbfa8fbc034c9f8692f9d429ea57e,Archaea,Euryarchaeota,Methanobacteria,Methanobacteriales,Methanobacteriaceae,Methanobrevibacter,,0.004063
a565d5baee9e444ca1446d3cfb0a6ce5,Bacteria,Firmicutes,Clostridia,Oscillospirales,Oscillospiraceae,Oscillibacter,midas_s_103470,0.007042
1d808a941e29c1b4f33534431001dd27,Archaea,Euryarchaeota,Methanobacteria,Methanobacteriales,Methanobacteriaceae,Methanobacterium,midas_s_9526,0.022096
baeffa790bb6f528c4085a869a0d213e,Bacteria,Proteobacteria,Gammaproteobacteria,Burkholderiales,,,,0.009127
c2ce31d453f856c02c1925a535ca7d46,Archaea,Euryarchaeota,Methanobacteria,Methanobacteriales,Methanobacteriaceae,Methanobacterium,midas_s_9526,0.006489
829161d9eeb2bc71c936ceac625d9240,Archaea,Euryarchaeota,Methanobacteria,Methanobacteriales,Methanobacteriaceae,,,0.006489
2a19b898afc817194e7a4996c2501bd5,Archaea,Euryarchaeota,Methanobacteria,Methanobacteriales,Methanobacteriaceae,Methanobacterium,Methanobacterium_beijingense,0.01061
c3f093ce4164155c9b0f097a9ae7de70,Bacteria,Actinobacteriota,Acidimicrobiia,Microtrichales,Microtrichaceae,IMCC26207,,0.01061
cf80116cb789ecdda4cb662ab3fd1b4c,Bacteria,Proteobacteria,Gammaproteobacteria,Burkholderiales,Comamonadaceae,Ottowia,midas_s_2753,0.01061
848451a3853d056f1b0b123b39ebf894,Bacteria,Proteobacteria,Alphaproteobacteria,Reyranellales,Reyranellaceae,Reyranella,midas_s_5869,0.01061
cddb01a0b240945aa6ebe58ae541cea2,Bacteria,Firmicutes,Limnochordia,MBA03,midas_f_112,midas_g_8803,midas_s_95320,0.003448
7578a180cda060d7cd1d0948563f9f6d,Bacteria,Proteobacteria,Gammaproteobacteria,Burkholderiales,Alcaligenaceae,Alcaligenes,midas_s_9908,0.010834
601f7b0d656ccfc24d722739825aef76,Bacteria,Firmicutes,Clostridia,Peptostreptococcales-Tissierellales,Anaerovoracaceae,Anaerovorax,midas_s_68670,0.032224
fcd8078329db20068bbeac27ee0d9f62,Bacteria,Firmicutes,Clostridia,Gracilibacteraceae,Gracilibacter,midas_g_669,,0.123225
c9a17300b01aca353abdbbc6283a4af0,Bacteria,Proteobacteria,Alphaproteobacteria,Rhizobiales,Xanthobacteraceae,Afipia,,0.002671
7b1ad2f99dd41971e10e79aaeb45e994,Archaea,Euryarchaeota,Methanobacteria,Methanobacteriales,Methanobacteriaceae,Methanobacterium,midas_s_9526,0.00633
84bee12f9a868308b8d822a4791ff8b1,Bacteria,Firmicutes,Dethiobacteria,Dethiobacterales,Dethiobacteraceae,Dethiobacter,,0.010345
19f57e5afe22be9a7efe64bedb272f7d,Bacteria,Firmicutes,Bacilli,Bacillales,Bacillaceae,,,0.010345
52b9510cbb34f48661b26bc88b568e98,Bacteria,Desulfobacterota,Syntrophia,Syntrophales,midas_f_134,midas_g_134,midas_s_1266,0.010345
dcc60ede2cc11c8503b4f31fab9233b8,Bacteria,Bacteroidota,Bacteroidia,Bacteroidales,Dysgonomonadaceae,Proteiniphilum,midas_s_83578,0.010345
ad552f09200febf499158c052101079b,Bacteria,Chloroflexi,Anaerolineae,Anaerolineales,Anaerolineaceae,midas_g_789,midas_s_3468,0.010345
36822e5c96ad047bd5a4d78c9ebfe7f6,Bacteria,Synergistota,Synergistia,Synergistales,Synergistaceae,midas_g_249,midas_s_64864,0.010345
e763da20f3043ecff1e6087da0de0512,Bacteria,Firmicutes,Clostridia,,,,,0.010345
443d26a763fcf25a1b45a2fc51d1d322,Bacteria,Proteobacteria,Gammaproteobacteria,Xanthomonadales,Xanthomonadaceae,Luteimonas,,0.010345
1b2f4342857d36d36a40ca1bdeb10c3c,Bacteria,Proteobacteria,Gammaproteobacteria,Burkholderiales,Rhodocyclaceae,midas_g_4927,midas_s_4927,0.040048
e216c691c78eba226bba71e64872263a,Bacteria,Firmicutes,Clostridia,Peptostreptococcales-Tissierellales,Anaerovoracaceae,Anaerovorax,,0.010563
c9b1d29de9ba6aaa6bd23b386b8c8331,Archaea,Euryarchaeota,Methanobacteria,Methanobacteriales,Methanobacteriaceae,Methanobacterium,midas_s_9526,0.004599
c3331ee422228f2ad21a90ec87e18d35,Bacteria,Firmicutes,Thermoanaerobacteria,Thermoanaerobacterales,SRB2,midas_g_4301,midas_s_97088,0.005932
a0cda4ca07d855686d23956f06d0d76e,Bacteria,Proteobacteria,Gammaproteobacteria,Burkholderiales,Comamonadaceae,Simplicispira,,0.010079
fdb931f5c3f0b1f62bb2d613cb86001e,Bacteria,Chloroflexi,Anaerolineae,Anaerolineales,Anaerolineaceae,Flexilinea,midas_s_7001,0.010079
feb42a0dac8ff0d17d64cdea8f2fcf1e,Bacteria,Chloroflexi,Chloroflexia,Thermomicrobiales,JG30-KF-CM45,midas_g_859,,0.010079
915047629ceb2cfb1fb1d4ff467c9002,Bacteria,Firmicutes,Dethiobacteria,Dethiobacterales,Dethiobacteraceae,midas_g_4381,,0.010079
0ce72cb3f2222077b10a09aeab862462,Bacteria,Proteobacteria,Alphaproteobacteria,Rhizobiales,Rhizobiaceae,,,0.010079
2efff3ec5ec80431bec254de17da2fcd,Bacteria,Chloroflexi,Anaerolineae,SBR1031,midas_f_1469,midas_g_4419,midas_s_4419,0.010079
5b3ae10206715c2976a983cb2eef902e,Bacteria,Chloroflexi,Anaerolineae,Anaerolineales,Anaerolineaceae,Levilinea,midas_s_7089,0.010079
ac70da28b0eb596f2cb37af26b06d10b,Bacteria,Proteobacteria,Alphaproteobacteria,Rhizobiales,Hyphomicrobiaceae,Pedomicrobium,midas_s_7088,0.010079
dbda74fb9d5fd3c12eaab78face02172,Bacteria,Actinobacteriota,Actinobacteria,Micrococcales,Microbacteriaceae,Diaminobutyricimonas,,0.010079
3768ce8adbe0d6b2fccade3b7750c7d6,Bacteria,Planctomycetota,Planctomycetes,Planctomycetales,Rubinisphaeraceae,Planctomicrobium,,0.010079
59a5570b657c148caf79a4d0bf8b4d0c,Bacteria,Proteobacteria,Alphaproteobacteria,Caulobacterales,Caulobacteraceae,Phenylobacterium,midas_s_119468,0.010079
343639260e5a553a449c040a58953f9a,Bacteria,Actinobacteriota,Acidimicrobiia,Microtrichales,Ilumatobacteraceae,CL500-29_marine_group,midas_s_21,0.070854
325b6281ee8480e4b22c882b8bc7041c,Bacteria,Firmicutes,Clostridia,Peptostreptococcales-Tissierellales,Peptostreptococcaceae,Terrisporobacter,,0.008281
f8ba6a00faad1caa37ba09c412d78536,Bacteria,Firmicutes,Desulfotomaculia,Desulfotomaculales,Pelotomaculaceae,Cryptanaerobacter,,0.117064
7550f4d57ad58d7e6f3d407adb707fa3,Bacteria,Firmicutes,Clostridia,Oscillospirales,Hungateiclostridiaceae,Saccharofermentans,midas_s_342,0.117064
21303e01cd67416ee96438f8033c47ec,Bacteria,Chloroflexi,Anaerolineae,Caldilineales,Caldilineaceae,midas_g_1400,midas_s_1400,0.117064
768b30237305b76406c8c5c6a9fba498,Bacteria,Chloroflexi,Anaerolineae,Anaerolineales,Anaerolineaceae,midas_g_2702,,0.00289
68685530ccb6cde5b49f2a277fda2b94,Archaea,Euryarchaeota,Methanobacteria,Methanobacteriales,Methanobacteriaceae,Methanobacterium,,0.007369
5826f38e9afadfa40023cdc15629fe20,Archaea,Euryarchaeota,Methanobacteria,Methanobacteriales,Methanobacteriaceae,Methanobacterium,midas_s_9526,0.006014
ffb7f32b76b8aea19e3d810eef8cb779,Bacteria,Firmicutes,Clostridia,Caldicoprobacterales,Caldicoprobacteraceae,Caldicoprobacter,midas_s_103233,0.009814
00cb63b6f629510ea7cf65e0530b4027,Bacteria,Caldatribacteriota,JS1,midas_o_230,midas_f_230,midas_g_230,,0.009814
94f099e252b40a7a42a638b2c028b7db,Bacteria,Proteobacteria,Gammaproteobacteria,Pseudomonadales,Pseudomonadaceae,Pseudomonas,Pseudomonas_xiamenensis,0.009814
46bd23bd0fd9dba10f345fa125cfcb81,Bacteria,,,,,,,0.009814
be49979e50fd98568304bc66173f624b,Bacteria,Actinobacteriota,Thermoleophilia,Gaiellales,midas_f_2573,midas_g_3338,midas_s_6873,0.009814
1dd4ae4f0ee4d2ccf2cf15e82ce65b7b,Bacteria,Proteobacteria,Alphaproteobacteria,Rhizobiales,Rhizobiaceae,Mesorhizobium,,0.021564
ade13a0239469e844de6acb3f220d4b2,Bacteria,Chloroflexi,Anaerolineae,Anaerolineales,Anaerolineaceae,Leptolinea,midas_s_11889,0.018484
b11163a4c83a6ea84645bfb8a390cc5c,Bacteria,Firmicutes,Clostridia,Oscillospirales,Hungateiclostridiaceae,Ruminiclostridium,,0.002683
2ec1f8eb34a2ea797a6cbbdfb17fbfd2,Archaea,Euryarchaeota,Methanobacteria,Methanobacteriales,Methanobacteriaceae,Methanobacterium,midas_s_9526,0.005856
ea8b36aa3ca7fa26f798e2c40a19c43e,Archaea,Euryarchaeota,Methanobacteria,Methanobacteriales,Methanobacteriaceae,Methanobacterium,midas_s_9526,0.005856
d0c4b664b4d2be62c80268e30a098b50,Bacteria,Thermotogota,Thermotogae,Kosmotogales,Kosmotogaceae,Mesotoga,Mesotoga_infera,0.009549
584732b1ae36c8fd9cd78a3b94bfb4ba,Bacteria,Firmicutes,Clostridia,Oscillospirales,Ruminococcaceae,Ruminococcus,midas_s_25083,0.009549
1b350d18d59a97b3af2257944c908b17,Bacteria,Proteobacteria,Gammaproteobacteria,Burkholderiales,Comamonadaceae,Hydrogenophaga,,0.009549
c797aedcc1b7855b7af687d34a0998d7,Bacteria,Firmicutes,Dethiobacteria,Dethiobacterales,Dethiobacteraceae,midas_g_101661,,0.009549
e1ad71679dace6d1d502a91df086f04b,Bacteria,Proteobacteria,Alphaproteobacteria,Caulobacterales,Caulobacteraceae,Phenylobacterium,Phenylobacterium_falsum,0.009549
90c4f2d984977adea41de3f42bd18ea1,Bacteria,Firmicutes,Limnochordia,Hydrogenispora,midas_f_2701,midas_g_3406,midas_s_3406,0.009549
f57128992ee22ab49d1a992eb1594104,Bacteria,Proteobacteria,Gammaproteobacteria,EC3,midas_f_59322,midas_g_61747,midas_s_61747,0.009549
7c6227f972ed1626eab4256030f39631,Bacteria,Firmicutes,Limnochordia,MBA03,midas_f_112,,,0.009549
fc05fae4c5692849b84f3411043e8344,Bacteria,Chloroflexi,Anaerolineae,SJA-15,midas_f_8814,midas_g_12435,midas_s_100619,0.009549
1124da2808084f121dfa80f2ff96ad56,Bacteria,Proteobacteria,Gammaproteobacteria,Burkholderiales,Nitrosomonadaceae,Nitrosomonas,midas_s_10524,0.009549
92cb26786c713a9a22e36dc8c8913a44,Bacteria,Firmicutes,Dethiobacteria,Dethiobacterales,Dethiobacteraceae,,,0.009549
90fa6c0bf60713bfb45126d0e322b04b,Bacteria,Actinobacteriota,Actinobacteria,Micrococcales,Microbacteriaceae,Leucobacter,,0.007427
9cbf0954f06d3ad4ffa822ec80a7f4af,Bacteria,Proteobacteria,Gammaproteobacteria,Xanthomonadales,Xanthomonadaceae,Arenimonas,Arenimonas_subflava,0.033887
2579ccdb853bf0bbcbc589ee0badfa6b,Bacteria,Proteobacteria,Alphaproteobacteria,Rhizobiales,Rhizobiaceae,Shinella,,0.004774
d45aaeec9a07ee5bc7a02cbca9a84ee7,Bacteria,Firmicutes,Clostridia,Peptostreptococcales-Tissierellales,Guggenheimella,midas_g_25887,midas_s_25887,0.004604
cf506e6252da1013261a93132ed38efe,Bacteria,Firmicutes,Clostridia,Peptostreptococcales-Tissierellales,Sedimentibacteraceae,Sedimentibacter,,0.002695
3ece3ba63c0d48e9af0bd3e473afb6cc,Archaea,Euryarchaeota,Methanobacteria,Methanobacteriales,Methanobacteriaceae,Methanobacterium,midas_s_9526,0.007203
f1baa928afe50a32873c14a5a0e63f2d,Bacteria,Firmicutes,Limnochordia,MBA03,midas_f_112,,,0.009284
2990b08e6fdd30ce626c1f5d8d026587,Bacteria,Firmicutes,Bacilli,Bacillales,Bacillaceae,Bacillus,,0.009284
58170f812d875827788d594fb6ddd4ce,Bacteria,Bacteroidota,Bacteroidia,Bacteroidales,Rikenellaceae,DMER64,midas_s_3652,0.009284
04a65a3c8425eeeaa26b5be5e1f73ea6,Bacteria,Actinobacteriota,Actinobacteria,Micrococcales,Microbacteriaceae,Leucobacter,,0.009284
2b9113180a7e1a8f4e25512f0191ff42,Bacteria,Proteobacteria,Gammaproteobacteria,Burkholderiales,Sutterellaceae,AAP99,midas_s_564,0.009284
421c4fde5e0b6d90aba4333ba1328d82,Bacteria,Actinobacteriota,Actinobacteria,Propionibacteriales,Nocardioidaceae,Nocardioides,midas_s_13052,0.009284
9b81b6e45f605a8664136716c1f36aa2,Bacteria,Firmicutes,Clostridia,Eubacteriales,Anaerofustaceae,Anaerofustis,midas_s_31857,0.00543
b2f2f46a7ac98e69a9c672e3c11d4dc6,Bacteria,Firmicutes,Clostridia,Lachnospirales,Lachnospiraceae,Anaerostignum,,0.005959
6281e84f5577a96d655059cf0de0540a,Bacteria,Firmicutes,Clostridia,Peptostreptococcales-Tissierellales,Family_XI,Tissierella,,0.007628
00adc7daa4b95b95372776a244ef7a2c,Bacteria,,,,,,,0.006707
1c4b816fb8f22fadba37d3f297f19730,Bacteria,Firmicutes,midas_c_4,DTU014,midas_f_148,midas_g_606,midas_s_1830,0.004216
4c3cb2bcc311be93500886bc584d4d2a,Bacteria,Firmicutes,Clostridia,Oscillospirales,Ruminococcaceae,Ruminococcus,midas_s_109026,0.107822
10b3c2a776e4f9f16a4c80c2d43c9def,Bacteria,Firmicutes,Desulfotomaculia,Desulfotomaculales,Desulfurisporaceae,Desulfurispora,midas_s_9018,0.004867
e16f67ce9c9a6f842af7e459ca1d6239,Bacteria,Firmicutes,Clostridia,Oscillospirales,Hungateiclostridiaceae,midas_g_98124,midas_s_99703,0.038839
70414021f4b21e27cabdfe1be1ae296b,Archaea,Euryarchaeota,Methanobacteria,Methanobacteriales,Methanobacteriaceae,Methanobrevibacter,,0.006787
cabc3f75a6051be90646efa273cd5ad3,Archaea,Euryarchaeota,Methanobacteria,Methanobacteriales,Methanobacteriaceae,Methanobacterium,midas_s_9526,0.005539
d0eac523b3ddde02c23078445c33dc3e,Archaea,Euryarchaeota,Methanobacteria,Methanobacteriales,Methanobacteriaceae,,,0.005539
47c6142121fd5fbdd963a7a6fccb2c5e,Archaea,Euryarchaeota,Methanobacteria,Methanobacteriales,Methanobacteriaceae,Methanobrevibacter,Methanobrevibacter_olleyae,0.009018
455800da158eb1acad1d1e9657b345d2,Bacteria,Firmicutes,Clostridia,Clostridia_vadinBB60_group,midas_f_90201,midas_g_92049,midas_s_110157,0.009018
4651f1e124ac9d94cff06304c700b593,Bacteria,Firmicutes,Clostridia,Oscillospirales,Oscillospiraceae,midas_g_97862,midas_s_97862,0.009018
a9aac800e685600e21278a2012556aa7,Bacteria,Actinobacteriota,Thermoleophilia,Solirubrobacterales,Solirubrobacteraceae,Conexibacter,midas_s_2583,0.009018
f4993ea775e4b217485c9be1b55db40c,Bacteria,Firmicutes,Clostridia,Peptostreptococcales-Tissierellales,Anaerovoracaceae,midas_g_819,midas_s_819,0.009018
c4a4b8a9db0c109cc7146c7c64f10b79,Bacteria,Firmicutes,Clostridia,,,,,0.009018
71f6d6badec9a36484ea0f6bea464bc2,Bacteria,Proteobacteria,Gammaproteobacteria,Burkholderiales,Alcaligenaceae,,,0.009018
d68eb4b5245740e3dfbd0fb1133ed220,Bacteria,Firmicutes,Clostridia,Christensenellales,Christensenellaceae,,,0.009018
77e27d0665f7fb72b2b325641b3b95ea,Bacteria,Firmicutes,Clostridia,Clostridia_vadinBB60_group,,,,0.009018
8967a8d6fe2dd175ae34bdac837af10a,Bacteria,Chloroflexi,Anaerolineae,Anaerolineales,Anaerolineaceae,midas_g_9913,midas_s_100240,0.009018
e9ad9694aa9baa8ef6805db44808b3ce,Bacteria,Dependentiae,Babeliae,Babeliales,UBA12409,midas_g_25753,midas_s_25753,0.009018
5d2bad7a7fe74a8b6a564a94eb9f0050,Bacteria,Firmicutes,Moorellia,Desulfitibacterales,Desulfitibacteraceae,Desulfitibacter,,0.009018
6c5285812f71ed019e28402a38c1158a,Bacteria,Firmicutes,Clostridia,Christensenellales,Christensenellaceae,midas_g_119476,midas_s_119476,0.009018
5b1e1cf5993a1b5ab7467ae5ebe4d8a4,Bacteria,Armatimonadota,midas_c_216,midas_o_92789,midas_f_92789,midas_g_92789,midas_s_92789,0.009018
a5603389a441a68a8797aa8a3cf61af9,Bacteria,Firmicutes,Clostridia,Peptostreptococcales-Tissierellales,Peptostreptococcaceae,Terrisporobacter,,0.009209
f961fc7bc93cdc2692d05871d6ef0296,Bacteria,Firmicutes,Clostridia,Christensenellales,Christensenellaceae,Christensenellaceae_R-7_group,midas_s_64314,0.003923
96398d60ccf2d88da5d9684892c6a610,Bacteria,Bacteroidota,Bacteroidia,Bacteroidales,Marinilabiliaceae,midas_g_2026,midas_s_2026,0.104741
de26ab3cbf51cd977d97820b4d14f742,Bacteria,Firmicutes,Bacilli,Erysipelotrichales,Erysipelotrichaceae,midas_g_7231,midas_s_7231,0.104741
e33914420d19e3dcbaf511090df6d385,Bacteria,Synergistota,Synergistia,Synergistales,Synergistaceae,EBM-39,,0.005171
451f992938efa5e0c6523168817f30f8,Archaea,Euryarchaeota,Methanobacteria,Methanobacteriales,Methanobacteriaceae,Methanobacterium,midas_s_9526,0.007179
d92977f111486ad3a5d826adaf17b5ad,Archaea,Euryarchaeota,Methanobacteria,Methanobacteriales,Methanobacteriaceae,Methanobacterium,,0.008811
16d5a0178f3d79e81808ab413ec47dc9,Bacteria,Chloroflexi,Anaerolineae,Anaerolineales,Anaerolineaceae,midas_g_156,midas_s_876,0.008753
70587a5848f80e8639f9bb824c9236fa,Bacteria,Proteobacteria,Alphaproteobacteria,Rhodobacterales,Rhodobacteraceae,Rhodobacter,,0.008753
532ff193b68d71a9e2229dd125e1eeb1,Archaea,Halobacterota,Methanosarcinia,Methanosarciniales,Methanosarcinaceae,Methanosarcina,,0.008753
85856de71cc20a58c1522fd9ba454442,Bacteria,Bacteroidota,Bacteroidia,Sphingobacteriales,Sphingobacteriaceae,,,0.008753
99d585f7c8f524fa04880f847f0a31da,Bacteria,Proteobacteria,Gammaproteobacteria,Xanthomonadales,Xanthomonadaceae,Luteimonas,,0.008753
7935c8ea2b1b44460993759d6d1cd5da,Bacteria,Synergistota,Synergistia,Synergistales,Synergistaceae,Thermovirga,midas_s_687,0.008753
92cb433f34320956950648a61a61e395,Bacteria,Firmicutes,Dethiobacteria,Dethiobacterales,Dethiobacteraceae,Dethiobacter,,0.008753
af652e408f0db93cc4846d6901a6ce37,Bacteria,Proteobacteria,Alphaproteobacteria,Rhodobacterales,Rhodobacteraceae,,,0.008753
f8d30c1e3d25ad222894f3a1a7a3eb2a,Bacteria,WS1,midas_c_796,midas_o_796,midas_f_2296,midas_g_3409,midas_s_3409,0.008753
c995fd3a6bbed38454cd050bc331deaa,Bacteria,Firmicutes,Clostridia,,,,,0.008753
4563e1bc4155a08102e2a8f74d500106,Bacteria,Proteobacteria,Alphaproteobacteria,Rhizobiales,Rhizobiaceae,Aminobacter,midas_s_44905,0.008753
32d2ffd5aac26382d511eb7ab897fc06,Bacteria,Actinobacteriota,Thermoleophilia,Gaiellales,midas_f_269,midas_g_531,,0.008753
b1f59336f531943ed373eb155f8380ea,Bacteria,Proteobacteria,Alphaproteobacteria,Rhizobiales,Devosiaceae,,,0.008753
ecc87bcfc432d272b961cd36e4246127,Bacteria,Proteobacteria,Gammaproteobacteria,Legionellales,Legionellaceae,Legionella,,0.008753
73bb9b389101bfbeafe2f0663fd53b50,Bacteria,Proteobacteria,Alphaproteobacteria,Sphingomonadales,Sphingomonadaceae,Sphingopyxis,midas_s_73513,0.008753
9e4993b7e2e6e5d4b584c46aaac0bde5,Bacteria,WS1,midas_c_796,midas_o_796,midas_f_796,midas_g_796,midas_s_796,0.012322
638fc32ab42e9e47ae41e2aad6572cc9,Bacteria,Proteobacteria,Alphaproteobacteria,Rhizobiales,Devosiaceae,Devosia,midas_s_109913,0.006896
71759382cfc2547ea9f6f84a1c2bff86,Bacteria,Firmicutes,Clostridia,Christensenellales,Christensenellaceae,Christensenellaceae_R-7_group,midas_s_92802,0.024645
fe5a45686af6b4b7eaff28a4dcaef15b,Bacteria,Bacteroidota,Bacteroidia,Bacteroidales,Bacteroidetes_vadinHA17,midas_g_410,,0.067774
f9542fc2a825a5c41094173a4a95041a,Bacteria,Firmicutes,Clostridia,Oscillospirales,Ruminococcaceae,,,0.003446
1f9a774f305c7b4db08dfe4db385aa4a,Bacteria,Firmicutes,Clostridia,Christensenellales,Christensenellaceae,Christensenellaceae_R-7_group,midas_s_56200,0.005019
138ba6e05643a696295fc4a8ee67406c,Bacteria,Firmicutes,Clostridia,Peptostreptococcales-Tissierellales,Family_XI,Tissierella,,0.003887
10378c24fd183ece5224eb4bb5980766,Bacteria,Proteobacteria,Gammaproteobacteria,Legionellales,Legionellaceae,Legionella,,0.008488
8a5b1b1f58eaa67ae9c35c6521b3eb71,Bacteria,Cloacimonadota,Cloacimonadia,Cloacimonadales,Cloacimonadaceae,W5,,0.008488
499282a32d639ab44b7dc14af1e71965,Bacteria,Proteobacteria,Alphaproteobacteria,Rhodobacterales,Rhodobacteraceae,Paracoccus,Paracoccus_solventivorans,0.008488
6007fe9f1b2db53b8b47650fa99e3f10,Bacteria,Firmicutes,Desulfitobacteriia,Desulfitobacteriales,Syntrophobotulaceae,Ca_Dichloromethanomonas,midas_s_57644,0.008488
11ec9f654a9c1c5dc45e40f82e7cb970,Bacteria,Firmicutes,Clostridia,Oscillospirales,Hungateiclostridiaceae,Fastidiosipila,midas_s_101643,0.008488
8658443ac48e043652445ada8a1b38e9,Bacteria,WS1,midas_c_796,midas_o_796,midas_f_796,midas_g_2935,midas_s_2935,0.008488
450e10636606887dd168542a6fc0df36,Bacteria,Proteobacteria,Alphaproteobacteria,Rhizobiales,Hyphomicrobiaceae,Hyphomicrobium,,0.008488
b9779a83e705307c6596e4741240726c,Bacteria,Firmicutes,Bacilli,Bacillales,Bacillaceae,Bacillus,midas_s_9537,0.008488
adae8a46239a2d87cf6b3187212b0c5d,Bacteria,Proteobacteria,Alphaproteobacteria,Rhizobiales,Rhizobiaceae,,,0.008488
46eaee59b82f8e55b9c35947a8c22824,Bacteria,Firmicutes,Clostridia,,,,,0.008488
563814b59f2c0241d0cdec1b99b7f781,Bacteria,Firmicutes,Clostridia,Christensenellales,Christensenellaceae,Christensenellaceae_R-7_group,midas_s_4489,0.008488
b0b69224e197ce8061ddd3ea7ceff3d9,Bacteria,Proteobacteria,Gammaproteobacteria,midas_o_147,midas_f_29377,midas_g_110619,midas_s_116510,0.008488
655bd7b8d2c8ee0e717f8d77d47693b7,Bacteria,Proteobacteria,Alphaproteobacteria,Rhodobacterales,Rhodobacteraceae,Bauldia,midas_s_3392,0.008488
38296582075fc96045a4147fb746fe4b,Bacteria,Actinobacteriota,Actinobacteria,Micrococcales,Cellulomonadaceae,Actinotalea,midas_s_31096,0.006366
ddc66d3a76d91f0f401087bf108cc42c,Bacteria,Firmicutes,Bacilli,Bacillales,Planococcaceae,Rummeliibacillus,Rummeliibacillus_suwonensis,0.008667
4be7e3af901821b478005592cf83e189,Bacteria,Firmicutes,Bacilli,Bacillales,Bacillaceae,Bacillus,,0.004875
0b4ce1bf546f25f6976d10bd9c189687,Bacteria,Firmicutes,Clostridia,Peptostreptococcales-Tissierellales,,,,0.005448
f2c297fc0b86c201864ff9fa84ff6d5d,Bacteria,Firmicutes,Clostridia,Oscillospirales,Hungateiclostridiaceae,,,0.006132
456e90bd81f384fccd85730d1b5088e5,Archaea,Euryarchaeota,Methanobacteria,Methanobacteriales,Methanobacteriaceae,Methanobacterium,midas_s_9526,0.004867
e38bae89caa9e6029e2bb575ecf1465a,Bacteria,Firmicutes,Clostridia,Lachnospirales,Lachnospiraceae,Lachnoclostridium,,0.005064
a372cf10657d0756778992bacff2d706,Bacteria,Firmicutes,Clostridia,Christensenellales,Christensenellaceae,midas_g_40543,,0.008223
fd363796f24ad824b1a025860c3acb40,Bacteria,Firmicutes,Clostridia,Clostridia_vadinBB60_group,midas_f_54,midas_g_4325,midas_s_117961,0.008223
c12f7e2e3fb92f37dd8a532d2710933e,Bacteria,Caldatribacteriota,JS1,midas_o_230,midas_f_230,midas_g_230,midas_s_230,0.008223
7741e484f93c21c4e051f33fc7b64f88,Bacteria,Actinobacteriota,Actinobacteria,Propionibacteriales,Propionibacteriaceae,Propioniciclava,,0.008223
2af9958fd7f71a6e23c081bc5ea32141,Bacteria,Chloroflexi,Dehalococcoidia,vadinBA26,midas_f_12699,midas_g_93557,,0.008223
01606679d848223557a0c8b91904ad43,Bacteria,Actinobacteriota,Actinobacteria,Micrococcales,Microbacteriaceae,Microbacterium,,0.008223
d184ddaaff75a83d4d9ce5566685f125,Bacteria,Proteobacteria,Alphaproteobacteria,Rhizobiales,Xanthobacteraceae,,,0.008223
a3d67e84fce8a7747f69e619a049f2b9,Bacteria,Verrucomicrobiota,Chlamydiae,Chlamydiales,Parachlamydiaceae,Neochlamydia,midas_s_82383,0.008223
4eb5a964054cfd611f6281b13f89c0d3,Bacteria,Chloroflexi,Anaerolineae,MSB-5E12,midas_f_92558,midas_g_114252,midas_s_119547,0.008223
87046e29904457e4619c87f36ff133f0,Bacteria,Proteobacteria,Alphaproteobacteria,Paracaedibacterales,Paracaedibacteraceae,Ca_Paracaedibacter,midas_s_31154,0.007692
eed6f7421ac20fcc38b04e2b10d5351a,Bacteria,Firmicutes,Clostridia,Gracilibacteraceae,Lutispora,midas_g_1251,,0.095499
a87d7bdde6fa3f21a9cfecf2831f86ad,Archaea,Halobacterota,Methanomicrobia,Methanomicrobiales,Methanospirillaceae,Methanospirillum,midas_s_2576,0.095499
0fd87e3cf3f118361bcb5de6a4bf2a71,Bacteria,,,,,,,0.105099
46156799234f2a8e18eb868be7da1d1a,Bacteria,Firmicutes,Desulfitobacteriia,Desulfitobacteriales,Syntrophobotulaceae,,,0.011055
e9a0960d7d02f3ef158eaad301890820,Archaea,Euryarchaeota,Methanobacteria,Methanobacteriales,Methanobacteriaceae,Methanobacterium,midas_s_9526,0.004906
acf08b911fd8cbbc0d6ddfb595496383,Bacteria,Proteobacteria,Gammaproteobacteria,Burkholderiales,Alcaligenaceae,,,0.007957
efbf6366dde7be4e10d52c16b61604d2,Bacteria,Proteobacteria,Gammaproteobacteria,Burkholderiales,Alcaligenaceae,Pigmentiphaga,midas_s_89909,0.007957
2092628b1364caea9caa8bb32e494b85,Bacteria,Actinobacteriota,Actinobacteria,Propionibacteriales,Propionibacteriaceae,Micropruina,,0.007957
b0c57e0ed7d0bca22ad86fa554a57a0c,Bacteria,Firmicutes,Clostridia,Eubacteriales,Eubacteriaceae,Eubacterium,,0.007957
58ed3302b41e8d33d7b483d7c0d975f3,Bacteria,Synergistota,Synergistia,Synergistales,Synergistaceae,Thermovirga,midas_s_687,0.007957
93d4e77c702d14bae2ff583e94565370,Bacteria,Armatimonadota,midas_c_216,midas_o_92789,midas_f_92789,midas_g_114295,midas_s_114295,0.007957
efee85b044faa2ad388a0ad03caa1ab0,Bacteria,Firmicutes,Clostridia,Peptostreptococcales-Tissierellales,Proteiniboraceae,midas_g_94213,midas_s_114381,0.007957
d16302bbd739ffc628c49803b25c8f6e,Bacteria,Actinobacteriota,Actinobacteria,Corynebacteriales,Mycobacteriaceae,Mycobacterium,,0.007957
eade9ffca2019fd37ceeefa62349cee5,Bacteria,Actinobacteriota,Actinobacteria,Propionibacteriales,Propionibacteriaceae,Propioniciclava,midas_s_2585,0.007957
5bd95b851799d453c141b62c55e27ef4,Bacteria,Chloroflexi,Anaerolineae,Anaerolineales,Anaerolineaceae,midas_g_467,midas_s_467,0.007957
381bd0335293264d60f0d35fab6b5887,Bacteria,Chloroflexi,Anaerolineae,RBG-13-54-9,midas_f_4245,midas_g_4582,midas_s_4582,0.007957
d62995b61a683553373d223efcb7aeaf,Bacteria,Firmicutes,Clostridia,Christensenellales,Christensenellaceae,Christensenellaceae_R-7_group,midas_s_2559,0.007957
a8f1172cd5341236c5e2a3ced113b0b2,Archaea,Halobacterota,Methanomicrobia,Methanomicrobiales,Methanospirillaceae,Methanospirillum,Methanospirillum_hungatei,0.033887
566e2121e9bd3188a5c29f9c55607760,Bacteria,Bacteroidota,Bacteroidia,Bacteroidales,Paludibacteraceae,midas_g_33472,midas_s_33472,0.036967
73e316aef3faef6abf714c6a2802f409,Bacteria,Synergistota,Synergistia,Synergistales,Synergistaceae,Acetomicrobium,midas_s_103024,0.001689
f67bfc33bddfbd4d03ce7ae694c2dcdc,Bacteria,Bacteroidota,Bacteroidia,Bacteroidales,Bacteroidaceae,Bacteroides,Bacteroides_graminisolvens,0.092419
fcfaeb95003823a7ffde76ba3c4c790b,Bacteria,Proteobacteria,Gammaproteobacteria,Burkholderiales,Comamonadaceae,,,0.003923
e7baf16c3258bdcf8af64b53aa373771,Bacteria,Firmicutes,Clostridia,Peptostreptococcales-Tissierellales,,,,0.007692
2e4e10f885aac2233d05e4b46571c20d,Bacteria,Firmicutes,Clostridia,Peptostreptococcales-Tissierellales,Proteiniboraceae,Proteiniborus,,0.007692
5efed3b185cd579740418a733b461740,Bacteria,Patescibacteria,Saccharimonadia,Saccharimonadales,midas_f_67,midas_g_2020,midas_s_10353,0.007692
b2df4752917d048ab824271c02ad68aa,Bacteria,Firmicutes,Syntrophomonadia,Syntrophomonadales,Syntrophomonadaceae,Syntrophomonas,,0.007692
fd49dfe5a86c187e08a334fd7e25ff60,Bacteria,Firmicutes,Clostridia,Caldicoprobacterales,Caldicoprobacteraceae,Caldicoprobacter,midas_s_99144,0.007692
86399b4152e937777cee90ee980e53c7,Bacteria,Proteobacteria,Gammaproteobacteria,Burkholderiales,Rhodocyclaceae,Thauera,,0.007692
fa4cca3abe5e2f19f3d66fd3eafc8011,Bacteria,Proteobacteria,Alphaproteobacteria,Rhizobiales,Rhizobiaceae,Aminobacter,,0.007692
9a92a2c1cf0f15aa4804f00b70914004,Bacteria,Planctomycetota,Planctomycetes,Isosphaerales,Isosphaeraceae,,,0.007692
89da33616fecea01a2dd1f560e309cd0,Bacteria,Actinobacteriota,Actinobacteria,Propionibacteriales,Propionibacteriaceae,Aestuariimicrobium,midas_s_338,0.007692
b04b7cec6f00435b186177833dba9e0c,Bacteria,Firmicutes,Clostridia,Peptostreptococcales-Tissierellales,Family_XI,Tepidimicrobium,midas_s_93601,0.007692
4c9b3fff08afb1135eafe0f7c7438032,Bacteria,Chloroflexi,Anaerolineae,SBR1031,midas_f_1469,midas_g_1469,,0.027726
e0d953cdee5c868270edabd2f2937909,Bacteria,Chloroflexi,Anaerolineae,Anaerolineales,Anaerolineaceae,midas_g_6489,midas_s_14202,0.005607
a40423754043874f0045e65d1035b1c5,Bacteria,Firmicutes,Clostridia,Oscillospirales,Hydrogenoanaerobacterium,,,0.005557
66d1691a5a4a3c86712b725c3dec36de,Bacteria,Firmicutes,Clostridia,Oscillospirales,Hungateiclostridiaceae,,,0.003194
335d9330fb71ae0d90dd21af0c78d794,Bacteria,Proteobacteria,Alphaproteobacteria,Rhizobiales,Rhizobiaceae,Allorhizobium-Neorhizobium-Pararhizobium-Rhizobium,midas_s_67523,0.003103
dc34e8512b788fb682511c00370ee4c7,Bacteria,Firmicutes,Desulfotomaculia,Desulfotomaculales,Pelotomaculaceae,Pelotomaculum,,0.003772
6eca1e8c47d098b26976cba1c2bfdfb8,Bacteria,Proteobacteria,Gammaproteobacteria,Burkholderiales,,,,0.006456
877caa2770bea94625b47a0efd4dd338,Bacteria,Bacteroidota,Bacteroidia,Sphingobacteriales,Lentimicrobiaceae,Lentimicrobium,,0.007008
9c1ee0993d66faee25a82385bd63bc0c,Archaea,Euryarchaeota,Methanobacteria,Methanobacteriales,Methanobacteriaceae,Methanobacterium,,0.007008
a0bbfb182e829dcd543eba20abe4bf13,Bacteria,Actinobacteriota,Actinobacteria,Corynebacteriales,Nocardiaceae,Gordonia,,0.007427
da07a733c6038de701a8f72af131d730,Bacteria,Chloroflexi,Anaerolineae,RBG-13-54-9,midas_f_5792,midas_g_5792,midas_s_5792,0.007427
aca560400c046d00c063af6e4596f8d5,Bacteria,Proteobacteria,Gammaproteobacteria,Burkholderiales,Burkholderiaceae,Lautropia,,0.007427
d7525471cb3f78ede0955ca2a32c1b66,Bacteria,Firmicutes,Clostridia,Christensenellales,Christensenellaceae,midas_g_5200,midas_s_5200,0.007427
42ae4d6693b650ebbaac42e57113910e,Bacteria,Proteobacteria,Alphaproteobacteria,Parvibaculales,Parvibaculaceae,Parvibaculum,,0.007427
33a48735e8b1a35f14da8e944eb0d73a,Bacteria,Actinobacteriota,Thermoleophilia,Gaiellales,midas_f_269,midas_g_531,midas_s_103009,0.007427
42de4e368cca3ff50954f82c12dd5315,Bacteria,Firmicutes,Clostridia,Oscillospirales,Ruminococcaceae,Ruminococcus,,0.007427
f44234fea5a65dfa65edd4c8b6babf37,Bacteria,Bacteroidota,Bacteroidia,Bacteroidales,Dysgonomonadaceae,Fermentimonas,,0.007427
d73a01cf4394c6ce1b6f91249a590671,Bacteria,Proteobacteria,Gammaproteobacteria,1013-28-CG33,midas_f_8404,midas_g_33613,midas_s_37027,0.007427
9298ac3ee3ca7f2d3eb2fcd739324462,Bacteria,Firmicutes,Clostridia,Clostridiales,Clostridiaceae,Clostridium_sensu_stricto_1,,0.007427
1f56ffc2734d7ef8efb20201a6700725,Bacteria,Actinobacteriota,Thermoleophilia,Gaiellales,midas_f_2573,midas_g_3338,,0.007427
4f991b9a87b25e13c75f8eb888f9f7be,Bacteria,Firmicutes,Clostridia,Caldicoprobacterales,Caldicoprobacteraceae,midas_g_100193,midas_s_100193,0.007427
d2340f2964ea2cff3448b5ce82aa29af,Bacteria,Proteobacteria,Gammaproteobacteria,midas_o_147,midas_f_3187,midas_g_26712,midas_s_26712,0.007427
c09305c29479546a081817c3df4019cc,Bacteria,Actinobacteriota,Actinobacteria,Corynebacteriales,Nocardiaceae,Gordonia,,0.007427
18e8b2bd0c2318ff13208d8febed727a,Bacteria,Proteobacteria,Gammaproteobacteria,Burkholderiales,Alcaligenaceae,Castellaniella,,0.007427
febbb96bc35744a5fc6936e547e3041c,Bacteria,Proteobacteria,Alphaproteobacteria,Caulobacterales,Caulobacteraceae,Phenylobacterium,Phenylobacterium_falsum,0.007427
fd29bda0b56df34282a38393c8fbcbca,Bacteria,Proteobacteria,Alphaproteobacteria,,,,,0.007427
6c3396e9340561a2aa366046cad19f86,Bacteria,Chloroflexi,Anaerolineae,RBG-13-54-9,midas_f_5792,midas_g_6182,midas_s_7522,0.007427
a50b9465cd3e7850eae2011497a4f41b,Bacteria,Desulfobacterota,Syntrophia,Syntrophales,Smithellaceae,Smithella,midas_s_552,0.007427
c70fe7d64a90f53b96f959c4469709ac,Bacteria,Firmicutes,Dethiobacteria,Dethiobacterales,Dethiobacteraceae,midas_g_114992,midas_s_114992,0.007427
16e2c25bdcba26035d7e90f7902d9aea,Bacteria,Firmicutes,Clostridia,Oscillospirales,Oscillospiraceae,NK4A214_group,,0.004334
3d38b9626585c206c30b9e38e025ac32,Bacteria,Firmicutes,Desulfitobacteriia,Desulfitobacteriales,Syntrophobotulaceae,Ca_Dichloromethanomonas,midas_s_95945,0.002874
e11faaea7fe3b63b13f607b41aea228a,Bacteria,Firmicutes,Syntrophomonadia,Syntrophomonadales,Syntrophomonadaceae,Syntrophomonas,,0.004279
b42de67c23c492ca5f7c49025c6364a4,Bacteria,Firmicutes,Syntrophomonadia,Syntrophomonadales,Syntrophomonadaceae,Syntrophomonas,,0.003201
49eabe5ac42dea1466d651d64825b6c6,Bacteria,Firmicutes,Clostridia,Clostridiales,Clostridiaceae,Proteiniclasticum,midas_s_140,0.007162
68d8ed7c8b41a1f6e461674c4d220b5a,Bacteria,Actinobacteriota,Actinobacteria,Corynebacteriales,Mycobacteriaceae,Mycobacterium,,0.007162
52fc77f20545190663b74a1784361e4e,Bacteria,Synergistota,Synergistia,Synergistales,Synergistaceae,midas_g_762,midas_s_7319,0.007162
08beb3b3788f0fb047aa7b0b035a64a6,Bacteria,Firmicutes,Clostridia,Christensenellales,Christensenellaceae,Christensenellaceae_R-7_group,,0.007162
4d5eeba41b7a507f54023d01ce1fb31a,Bacteria,Synergistota,Synergistia,Synergistales,Synergistaceae,midas_g_249,midas_s_77729,0.007162
94acc4dffe893d4a1b62a868448573db,Bacteria,Firmicutes,Limnochordia,Limnochordales,Limnochordaceae,midas_g_115815,midas_s_115815,0.007162
772c51fc3d0fb2e1bcaeda2b528c17cc,Bacteria,Proteobacteria,Alphaproteobacteria,Tistrellales,Geminicoccaceae,Ca_Alysiosphaera,midas_s_6067,0.007162
15baec8488957bacb3136134000dc93a,Bacteria,Actinobacteriota,WCHB1-81,midas_o_765,midas_f_765,midas_g_765,midas_s_4411,0.007162
0b242442423fe54f3e1fe7622100a61b,Bacteria,Firmicutes,Clostridia,Oscillospirales,Hungateiclostridiaceae,,,0.007162
53d778933f79cf1ec135398e25b5e962,Bacteria,Proteobacteria,Gammaproteobacteria,Burkholderiales,Comamonadaceae,Diaphorobacter,,0.007162
8cb7080de6341945037ef5d1e8e8593a,Bacteria,Proteobacteria,Alphaproteobacteria,Rhizobiales,Beijerinckiaceae,midas_g_534,midas_s_5415,0.007162
1e3f1ba7e9eb6d326f7f7ea4792b1680,Bacteria,Chloroflexi,Anaerolineae,RBG-13-54-9,midas_f_5792,midas_g_96353,midas_s_96353,0.007162
c574f4c451bc5662da17b3af8d5ebf44,Bacteria,Proteobacteria,Alphaproteobacteria,Rhizobiales,Rhizobiaceae,,,0.007162
e7a9beba4bfa0731ea9d0fa90bb065e3,Bacteria,Proteobacteria,Gammaproteobacteria,Legionellales,Legionellaceae,midas_g_50433,midas_s_50433,0.007162
c89a45b41422aafe60c0768f7c417017,Bacteria,Firmicutes,Limnochordia,MBA03,midas_f_112,,,0.007162
c2baae149e8c7b36f47fe4bf2356f1f7,Bacteria,,,,,,,0.007162
d42056f27a6c002a2241048c320f9aa8,Bacteria,Firmicutes,Clostridia,Christensenellales,Christensenellaceae,Christensenellaceae_R-7_group,midas_s_43915,0.007162
3746a611252a01f39ad4eba5428d1daa,Bacteria,Proteobacteria,Gammaproteobacteria,Legionellales,Legionellaceae,Legionella,midas_s_51327,0.007162
dcf22aafce62a2d9046206ed47c5479e,Bacteria,Proteobacteria,Gammaproteobacteria,Pseudomonadales,Moraxellaceae,midas_g_7298,midas_s_27573,0.007162
c040c750c7a9e9bdd14a5ee18b3c3b5b,Archaea,Thermoplasmatota,Thermoplasmata,Methanomassiliicoccales,Methanomethylophilaceae,Ca_Methanoplasma,midas_s_93511,0.015403
121322a4bdcd6f088390c57de15de7ae,Bacteria,Proteobacteria,Alphaproteobacteria,Sphingomonadales,Sphingomonadaceae,Novosphingobium,,0.005305
f344d4281112bb7cf5358c04fda869ee,Bacteria,Bacteroidota,Bacteroidia,Bacteroidales,Dysgonomonadaceae,midas_g_1791,midas_s_1791,0.073935
04270fc1464453e2e7d9a43ae00168b6,Bacteria,Actinobacteriota,Actinobacteria,Corynebacteriales,Nocardiaceae,Rhodococcus,midas_s_4515,0.030513
c8cd270702fe338a1a9d8cba7c850177,Bacteria,Firmicutes,Clostridia,Peptostreptococcales-Tissierellales,Sedimentibacteraceae,Sedimentibacter,,0.007313
27eca4697c28c0d2d71d89a89895ea98,Bacteria,Firmicutes,Clostridia,Oscillospirales,Eubacterium_coprostanoligenes_group,,,0.004063
6d56db03597652c712579ef83511cad9,Bacteria,Cyanobacteria,Vampirivibrionia,Obscuribacterales,Obscuribacteraceae,Ca_Obscuribacter,midas_s_42558,0.002397
cd259dd13e5a8f79134e1c102c1c80ef,Bacteria,Bacteroidota,Bacteroidia,Chitinophagales,Saprospiraceae,,,0.083177
33bd910369d558fc1d433d0cc22aabdc,Bacteria,Desulfobacterota,Syntrophorhabdia,Syntrophorhabdales,Syntrophorhabdaceae,Syntrophorhabdus,midas_s_998,0.083177
a238153d3168c0f00aeb8fb5d90d7e0c,Bacteria,Bacteroidota,Bacteroidia,Sphingobacteriales,Lentimicrobiaceae,Lentimicrobium,,0.006525
8a6710c4c8b9696b21805aa0a6d72a46,Bacteria,Firmicutes,Clostridia,Christensenellales,Christensenellaceae,,,0.006896
e7891537521872e90b0e0f41517de633,Bacteria,Chloroflexi,Anaerolineae,midas_o_4245,midas_f_7837,midas_g_7837,midas_s_7837,0.006896
251d66e77274e5b7d1eaf61e407f04b8,Bacteria,Firmicutes,Clostridia,Peptococcales,Peptococcaceae,,,0.006896
4343b6b7da6bae2055762dad082dd651,Bacteria,Actinobacteriota,Actinobacteria,Pseudonocardiales,Pseudonocardiaceae,Pseudonocardia,,0.006896
c62f274f92e56d9b16a9a143e797b5b3,Bacteria,Firmicutes,,,,,,0.006896
91b0e901cfecbf218fbaa882071bc0ff,Bacteria,Proteobacteria,Gammaproteobacteria,Xanthomonadales,Xanthomonadaceae,Thermomonas,,0.006896
ecd12a77d93a65ff85078c4d7ebb17e0,Bacteria,WS1,midas_c_796,midas_o_796,midas_f_2296,midas_g_7648,midas_s_7648,0.006896
f84aa5ec0c6a8702f634b0fed4bb56e0,Bacteria,Proteobacteria,Alphaproteobacteria,Rhizobiales,Rhizobiaceae,,,0.006896
9a6b3fef0385b0cecd4738a2225f02b8,Bacteria,Verrucomicrobiota,Chlamydiae,Chlamydiales,Parachlamydiaceae,Neochlamydia,midas_s_82383,0.006896
5d5a00cbe740978e207ba76ea09857ce,Bacteria,Firmicutes,Clostridia,Christensenellales,Christensenellaceae,Christensenellaceae_R-7_group,midas_s_6865,0.006896
725fa7e245b8733a5fc9a4224886b669,Bacteria,Proteobacteria,Alphaproteobacteria,Acetobacterales,Acetobacteraceae,Roseomonas,Roseomonas_lacus,0.006896
5c9352f85a03deadbc046bcced83740a,Bacteria,Proteobacteria,Alphaproteobacteria,Rhizobiales,Rhizobiaceae,Mesorhizobium,midas_s_3870,0.006896
a012a92141e089dd0e178bc46889f8bd,Bacteria,,,,,,,0.006896
84e4f817f54ee2f5785d8caa8c371879,Bacteria,Proteobacteria,Alphaproteobacteria,Rhodobacterales,Rhodobacteraceae,Nordella,,0.006896
e4bf10681d4b03152f1aded69bd8e7ab,Bacteria,Actinobacteriota,Acidimicrobiia,Microtrichales,Ilumatobacteraceae,midas_g_3218,,0.006896
4876b86f5480b63093b5ed493010d622,Bacteria,Armatimonadota,midas_c_216,midas_o_216,midas_f_216,midas_g_216,midas_s_409,0.006896
02e328ecac1fdf0f63bb40991465112b,Bacteria,,,,,,,0.006896
644c14744299b1aa46a195610c9f1a6f,Bacteria,Actinobacteriota,Thermoleophilia,Solirubrobacterales,67-14,midas_g_52,,0.006896
a5101276605bf3210b0c5801215f4c48,Bacteria,Proteobacteria,Gammaproteobacteria,Burkholderiales,Nitrosomonadaceae,Nitrosomonas,midas_s_5118,0.006896
ae89ff1c2542cc18bae68e862b05609c,Bacteria,Proteobacteria,Alphaproteobacteria,Rhodobacterales,Rhodobacteraceae,Rhodobacter,,0.006896
2214bdd7fed5c53d6959f3201478166e,Bacteria,Proteobacteria,Alphaproteobacteria,Rhizobiales,Rhizobiaceae,,,0.006896
e12d0786351086c693d56af70d0e9234,Bacteria,Proteobacteria,Gammaproteobacteria,Burkholderiales,Burkholderiaceae,Limnobacter,midas_s_9398,0.006896
518fef19dd285b8a7bfa02d31a2290a5,Bacteria,Proteobacteria,Alphaproteobacteria,Rhodobacterales,Rhodobacteraceae,,,0.006896
0789f0701b19d9a2a240b29e42e64d0d,Bacteria,Proteobacteria,Gammaproteobacteria,Burkholderiales,Comamonadaceae,,,0.006896
493cc79d93c8003efb9369ab256e65f4,Bacteria,Verrucomicrobiota,Chlamydiae,Chlamydiales,Parachlamydiaceae,Neochlamydia,midas_s_82383,0.006896
58bd12d54ddade76b08e3fc252745a97,Bacteria,Firmicutes,Thermovenabulia,Thermovenabulales,Tepidanaerobacter,Tepidanaerobacter_acetatoxydans_Re1,midas_s_9045,0.001521
25345b8ad2ecd33d152d19f3c03992b4,Bacteria,Firmicutes,Clostridia,Peptococcales,Peptococcaceae,,,0.004982
a1efc5abbff6d352054a4329b15a1abf,Bacteria,Firmicutes,Clostridia,Peptostreptococcales-Tissierellales,Peptostreptococcaceae,Paraclostridium,midas_s_2984,0.004982
a9c824dcc1edf7518389d9eec8ed0ebb,Bacteria,Thermotogota,Thermotogae,Petrotogales,Petrotogaceae,SC103,midas_s_1054,0.080096
46fee31d0f6a84fb0a222d0bfd33112c,Bacteria,Desulfobacterota,Syntrophia,Syntrophales,Smithellaceae,Smithella,midas_s_552,0.080096
19613ecfc91f120baac60fa4fb5eba79,Bacteria,Firmicutes,Clostridia,Peptostreptococcales-Tissierellales,Anaerovoracaceae,midas_g_97209,midas_s_97209,0.080096
810035b7569c83b87fcb45b0c3fa51be,Archaea,Euryarchaeota,Methanobacteria,Methanobacteriales,Methanobacteriaceae,Methanobacterium,midas_s_9526,0.005202
674620811839f7b3abae4475a2cbd1fd,Bacteria,Proteobacteria,Alphaproteobacteria,Rhizobiales,Xanthobacteraceae,Afipia,,0.005042
eb0ccdfb925b4aa269b4e3d6848c7b32,Bacteria,Firmicutes,Clostridia,Oscillospirales,UCG-010,midas_g_4772,,0.006631
0bc59e74450baf62ec83784e80a61aa5,Bacteria,Firmicutes,Clostridia,Oscillospirales,Hungateiclostridiaceae,,,0.006631
43b083f9636dbce1742a5107ad053584,Bacteria,Chloroflexi,Anaerolineae,Anaerolineales,Anaerolineaceae,midas_g_467,midas_s_4730,0.006631
1a73a1f0fd4682636a6566496ba342c6,Bacteria,Proteobacteria,Alphaproteobacteria,Rhizobiales,Hyphomicrobiaceae,Hyphomicrobium,midas_s_16706,0.006631
e5092df44ebdb6698c9fde3cdfb19ceb,Bacteria,Actinobacteriota,Acidimicrobiia,Microtrichales,Microtrichaceae,IMCC26207,midas_s_45164,0.006631
4a70dcab1da10b99743b8b5298cd2f6f,Bacteria,Actinobacteriota,Thermoleophilia,Solirubrobacterales,67-14,midas_g_52,,0.006631
c3fb8f32d5ff76839b6ffcee6dd67328,Bacteria,Firmicutes,Clostridia,Peptostreptococcales-Tissierellales,Sedimentibacteraceae,Sedimentibacter,,0.006631
96a0d03e75930560abfccfea17f4410f,Bacteria,Firmicutes,D8A-2,midas_o_13,midas_f_13,midas_g_13,midas_s_76,0.006631
08d10673b70f3d8b078a149a25d94b19,Bacteria,WPS-2,midas_c_206,midas_o_395,midas_f_547,midas_g_547,midas_s_1718,0.006631
8b07adb150b7469eafc89ddb46a9bef2,Bacteria,Proteobacteria,Alphaproteobacteria,Rhizobiales,Rhizobiaceae,Pseudaminobacter,,0.006631
8d941eda8589ac6399b9a5eea473711c,Archaea,Euryarchaeota,Methanobacteria,Methanobacteriales,Methanobacteriaceae,Methanobacterium,Methanobacterium_formicicum,0.006631
4708a77110c6f82083fb0f0e64026556,Bacteria,Actinobacteriota,Actinobacteria,,,,,0.006631
f2a6e7637c20fbb79c069489fc527053,Archaea,Euryarchaeota,Methanobacteria,Methanobacteriales,Methanobacteriaceae,Methanobacterium,Methanobacterium_paludis,0.006631
fcd440ee90ed7a838d67a52025c2c7d6,Bacteria,Chloroflexi,Chloroflexia,Thermomicrobiales,JG30-KF-CM45,midas_g_62395,midas_s_62395,0.006631
e335570f65a3bc3a849f355ac1698181,Bacteria,Patescibacteria,Berkelbacteria,midas_o_5245,midas_f_5245,midas_g_5245,midas_s_5245,0.015403
49eeeeee727d06a37cada5eee00468b5,Bacteria,Bacteroidota,Bacteroidia,Bacteroidales,Bacteroidetes_vadinHA17,,,0.024645
287ba0fdb084dd16e803afd5ad536460,Bacteria,Firmicutes,Clostridia,Clostridiales,Clostridiaceae,Clostridium_sensu_stricto_7,,0.006771
da8011c670ba64a99498171a2ba72892,Bacteria,Firmicutes,Clostridia,Clostridiales,Caloramatoraceae,midas_g_19829,midas_s_98582,0.004063
0cbc4442a6e5bf5a92171dc5905f3124,Bacteria,Firmicutes,Clostridia,Peptostreptococcales-Tissierellales,Family_XI,,,0.002833
e93433e87baa0b69a6daa419d5c52acb,Bacteria,Firmicutes,Bacilli,Bacillales,Bacillaceae,Bacillus,midas_s_108787,0.005448
2871f7c0a608cd90fc35f64431456aa1,Bacteria,Bacteroidota,Bacteroidia,Sphingobacteriales,Lentimicrobiaceae,Lentimicrobium,,0.003802
a1f21db1df1536b5a1147e9ffb486b61,Bacteria,Firmicutes,Clostridia,Peptostreptococcales-Tissierellales,Serpentinicella,midas_g_75908,,0.006366
be3beb705ba2502ce1c0a3ac0b24feb3,Bacteria,Firmicutes,Clostridia,Oscillospirales,UCG-010,midas_g_103447,midas_s_103447,0.006366
c68beead78f4f3b46f10ea9998c1bff7,Bacteria,Myxococcota,Myxococcia,Myxococcales,Anaeromyxobacteraceae,,,0.006366
cea1ad1aac0bb510c18d3f96c1aec560,Bacteria,Firmicutes,Clostridia,Oscillospirales,Oscillospiraceae,,,0.006366
60ec6b41425f294ba92e7b2f8cc23289,Bacteria,,,,,,,0.006366
495f0278f21e9c70f64f973cab973d03,Bacteria,Armatimonadota,midas_c_216,midas_o_216,midas_f_216,,,0.006366
8f6a4548e8c753fccd437d31436c020d,Bacteria,Firmicutes,Limnochordia,MBA03,midas_f_112,,,0.006366
1d5bff435ad12cc1e038dc5444d157c0,Bacteria,Firmicutes,Clostridia,Oscillospirales,Hungateiclostridiaceae,Ruminiclostridium,midas_s_82903,0.006366
838197ea99c414fe3d5129775a734245,Bacteria,Firmicutes,Clostridia,Peptostreptococcales-Tissierellales,Alkaliphilus,Alkaliphilus_crotonatoxidans,midas_s_120111,0.006366
0674e7934525d446c54c31dc9b8e33d5,Bacteria,midas_p_74815,midas_c_74815,midas_o_74815,midas_f_74815,midas_g_74815,midas_s_74815,0.006366
2d0678b27e5d621f7d924530fa929c26,Bacteria,Actinobacteriota,Acidimicrobiia,IMCC26256,midas_f_2,midas_g_85228,midas_s_85228,0.006366
68a7e86d20300d64c5acb88a9021e2f4,Bacteria,Proteobacteria,Alphaproteobacteria,Rhizobiales,Xanthobacteraceae,midas_g_1919,,0.006366
1592babc98be7bdf1c3c62b4e1172c56,Bacteria,Firmicutes,Clostridia,Oscillospirales,Hungateiclostridiaceae,midas_g_98124,,0.006366
84dfcd7f87afea16bd5fe5b6d98babb9,Bacteria,Proteobacteria,Gammaproteobacteria,Burkholderiales,Burkholderiaceae,Limnobacter,,0.006366
b1a12be5e88edf77bfaef78dd01159eb,Bacteria,Chloroflexi,Anaerolineae,Anaerolineales,Anaerolineaceae,Leptolinea,midas_s_3887,0.006366
b87169030deed04dc4b504c53964ffbe,Bacteria,Proteobacteria,Alphaproteobacteria,Azospirillales,midas_f_406,Stella,,0.015403
08dcb60f335137ed59ea5006a3ca7d20,Bacteria,Spirochaetota,Spirochaetia,Spirochaetales,Spirochaetaceae,midas_g_22108,midas_s_22108,0.055451
b3065350a824fd28f7678de276da8e24,Bacteria,Desulfobacterota,Syntrophia,Syntrophales,Smithellaceae,Smithella,midas_s_372,0.073935
3db5da918ad4c209aef4644be4ce75b0,Archaea,Euryarchaeota,Methanobacteria,Methanobacteriales,Methanobacteriaceae,Methanobacterium,midas_s_9526,0.00365
065262b748557031f638872e76923c72,Bacteria,Proteobacteria,Alphaproteobacteria,Reyranellales,Reyranellaceae,Reyranella,Reyranella_massiliensis,0.002073
48b26cded54a8218c60048b74bfa5256,Bacteria,Proteobacteria,Gammaproteobacteria,Xanthomonadales,Xanthomonadaceae,Thermomonas,Thermomonas_koreensis,0.006101
8ca8a2ee539e5a54b184bbf80e861033,Bacteria,Firmicutes,Dethiobacteria,Dethiobacterales,Dethiobacteraceae,midas_g_114992,midas_s_114992,0.006101
930364fee1f4684984efec7eacc41f85,Bacteria,Proteobacteria,Alphaproteobacteria,Rhizobiales,Devosiaceae,Devosia,midas_s_50367,0.006101
bcfda59a5b9e3036c018e4bbde623d42,Bacteria,Desulfobacterota,Syntrophobacteria,Syntrophobacterales,Syntrophobacteraceae,Syntrophobacter,midas_s_2469,0.006101
99b446af7d82c16878fe433d7f2e23e7,Bacteria,Firmicutes,Dethiobacteria,Dethiobacterales,Dethiobacteraceae,midas_g_113653,midas_s_113653,0.006101
4afdd249d06748b671d75d9cb109989d,Bacteria,Proteobacteria,Gammaproteobacteria,Burkholderiales,Alcaligenaceae,Castellaniella,,0.006101
e8bb8d9f0ab19588ba970ec5b20a7319,Bacteria,Actinobacteriota,Thermoleophilia,Solirubrobacterales,Solirubrobacteraceae,Conexibacter,midas_s_1608,0.006101
36f3b6d6951a802a6906a07bed8168bb,Bacteria,,,,,,,0.006101
f824c242da3d47edd62495a6a144912c,Bacteria,Firmicutes,Clostridia,Christensenellales,Christensenellaceae,midas_g_40543,,0.006101
bda11f81d4705f02ac8558b96bff4e28,Bacteria,Firmicutes,Clostridia,Oscillospirales,Hungateiclostridiaceae,midas_g_112430,midas_s_115612,0.006101
37736c620442bdd78ddde3ea7451d314,Bacteria,Firmicutes,Clostridia,,,,,0.006101
7ff6af46744a4c8214812c77e54fd485,Bacteria,Spirochaetota,Spirochaetia,Spirochaetales,Spirochaetaceae,Sphaerochaeta,midas_s_92051,0.006101
9fdc098a302d378b900fa3b00dea82a9,Bacteria,Firmicutes,Clostridia,Christensenellales,Christensenellaceae,Christensenellaceae_R-7_group,midas_s_3544,0.006101
5c0ebed72151a6dd9f48df9af58de103,Archaea,Euryarchaeota,Methanobacteria,Methanobacteriales,Methanobacteriaceae,Methanobacterium,Methanobacterium_formicicum,0.006101
add6ee5276913213598665852c4b08fb,Bacteria,Actinobacteriota,Actinobacteria,Corynebacteriales,Corynebacteriaceae,Corynebacterium,,0.006101
172df84126559d3703a3b6184b45a0ee,Bacteria,Caldisericota,Caldisericia,Caldisericales,LF045,midas_g_3701,midas_s_3701,0.027726
e973e792bb24983e1304d41a8ed0c375,Bacteria,Firmicutes,Bacilli,Erysipelotrichales,Erysipelatoclostridiaceae,UCG-004,,0.033887
bd137fdaee08bd7098ce68c5727aed74,Bacteria,Firmicutes,Clostridia,Monoglobales,Monoglobaceae,midas_g_67962,midas_s_67962,0.004407
51d011ee11e98c4e3318da2c40c45a0a,Bacteria,Firmicutes,Clostridia,Peptostreptococcales-Tissierellales,Anaerovoracaceae,Amnipila,midas_s_3195,0.070854
e36ac8cd7dc84d43bd2784fdc182f91a,Archaea,Euryarchaeota,Methanobacteria,Methanobacteriales,Methanobacteriaceae,,,0.002671
77e62266f0403cceb7297e959f8c45ec,Bacteria,Firmicutes,Clostridia,Christensenellales,Christensenellaceae,,,0.004406
5aed6ebc9b353e618d72d5595e755164,Bacteria,Proteobacteria,Gammaproteobacteria,Burkholderiales,,,,0.00596
fce18edf79b54a689065dd7c2dcc5def,Bacteria,Firmicutes,Clostridia,Christensenellales,Christensenellaceae,Christensenellaceae_R-7_group,midas_s_47390,0.005835
f4e4eee188c4e5fb2a3b609a95f7036c,Archaea,Thermoplasmatota,Thermoplasmata,Methanomassiliicoccales,Methanomassiliicoccaceae,Methanomassiliicoccus,midas_s_90465,0.005835
8e7bd1c2bef6cba75457c867bea7fec1,Bacteria,Proteobacteria,Gammaproteobacteria,Xanthomonadales,Rhodanobacteraceae,Pseudofulvimonas,midas_s_49330,0.005835
9a6c73fde0a30dc54868fac28b4fc86f,Bacteria,Actinobacteriota,Actinobacteria,midas_o_5,midas_f_5,midas_g_399,midas_s_578,0.005835
c19a1c0bb75e671f02df2cbb306949d9,Bacteria,Proteobacteria,Gammaproteobacteria,Xanthomonadales,Xanthomonadaceae,,,0.005835
60ac965b34c1883a7fe6e2307252fd16,Bacteria,Cloacimonadota,Cloacimonadia,Cloacimonadales,Cloacimonadaceae,W5,midas_s_92,0.005835
912c0c0d10313d835d3cd85636e51854,Bacteria,Myxococcota,Polyangia,Polyangiales,Polyangiaceae,Aetherobacter,,0.005835
8f9fe5d435f9b6b90c0bf2e7055bdb82,Bacteria,Firmicutes,,,,,,0.005835
bdc8fef92da036b174e440badf20ae19,Bacteria,Myxococcota,Myxococcia,Myxococcales,Anaeromyxobacteraceae,,,0.005835
c17efdeaa645dec7b8f314690d1b9160,Bacteria,Proteobacteria,Alphaproteobacteria,Rhizobiales,Devosiaceae,,,0.005835
5ed692eda11eb0a2b9db26ccfdc1eee7,Bacteria,Proteobacteria,Alphaproteobacteria,Rhizobiales,Xanthobacteraceae,midas_g_2680,midas_s_2680,0.005835
137dec98118422e728bd109bffafd4bb,Bacteria,Firmicutes,Clostridia,Clostridia_vadinBB60_group,midas_f_63015,midas_g_63015,midas_s_63015,0.005835
eae7dab14a3fcdc218d112865f01940b,Bacteria,Actinobacteriota,Acidimicrobiia,,,,,0.005835
ac88022abe88b69c50f8c064630c5ff2,Bacteria,Firmicutes,D8A-2,midas_o_13,midas_f_13,midas_g_554,midas_s_554,0.005835
4f00beb51dfba2712cf36ef4f05da691,Bacteria,Firmicutes,Clostridia,Christensenellales,Christensenellaceae,midas_g_7501,midas_s_98661,0.005835
53355294f61e52a7101ac1349479e2c7,Bacteria,Chloroflexi,Anaerolineae,RBG-13-54-9,midas_f_5792,midas_g_6182,midas_s_6182,0.005835
613a529206f7a8428ca4bb000c908d35,Bacteria,Firmicutes,Clostridia,Lachnospirales,Lachnospiraceae,Epulopiscium,midas_s_71938,0.005835
75d80c6719572b77733668a43dddaa60,Bacteria,Firmicutes,Clostridia,Clostridiales,Clostridiaceae,Clostridium_sensu_stricto_2,Clostridium_frigidicarnis,0.005835
a777d4d917d8136a45eebcd830b6e5f4,Archaea,Halobacterota,Methanosarcinia,Methanosarciniales,Methanosarcinaceae,Methanomethylovorans,,0.005835
0b54d74d2257842cdb59920d0557c940,Bacteria,Proteobacteria,Gammaproteobacteria,Legionellales,Legionellaceae,Legionella,midas_s_37910,0.005835
6552ab56103eaf5a3eb1e9b2f45e8ee7,Bacteria,Proteobacteria,Gammaproteobacteria,Burkholderiales,Rhodocyclaceae,Zoogloea,,0.005835
d83c0d8fbc6ae1fe1c0dd12cbea1833a,Bacteria,Verrucomicrobiota,Verrucomicrobiae,Verrucomicrobiales,Verrucomicrobiaceae,midas_g_3108,midas_s_3108,0.009242
fd932f10265b9729b3972ed5cdce8a0d,Bacteria,Actinobacteriota,Actinobacteria,Micrococcales,Microbacteriaceae,,,0.018484
bc073931df610b4c23a592ffb53b2238,Bacteria,Proteobacteria,Alphaproteobacteria,Rhizobiales,Beijerinckiaceae,Methylobacterium-Methylorubrum,midas_s_27079,0.0019
6f6f54809f824a18f2aedc481825fb7b,Bacteria,Proteobacteria,Gammaproteobacteria,Burkholderiales,Rhodocyclaceae,,,0.067774
9f6f938a15e4f288092b39efae6698de,Bacteria,Firmicutes,Clostridia,Oscillospirales,Hungateiclostridiaceae,midas_g_98124,midas_s_99703,0.004459
1955a5529e36dd42feff41354ac9ad73,Bacteria,Firmicutes,Clostridia,Christensenellales,Christensenellaceae,,,0.007545
fc410ccd704831af6715f039dc5b4ad6,Bacteria,Bacteroidota,Bacteroidia,Bacteroidales,Dysgonomonadaceae,Petrimonas,Petrimonas_sulfuriphila,0.003346
4bc93160ffc2b1df098c42d0b0ad5ebc,Bacteria,Proteobacteria,Gammaproteobacteria,Burkholderiales,,,,0.004898
2be253ff64c2e3493d684bfe687d414a,Archaea,Euryarchaeota,Methanobacteria,Methanobacteriales,Methanobacteriaceae,Methanobacterium,,0.005701
b21e9a2a1e6186cdab5d075a2e3bdeba,Bacteria,Firmicutes,Clostridia,Clostridiales,Caloramatoraceae,Fonticella,midas_s_119527,0.004266
554322da276d032be7d7a759762865b9,Bacteria,Firmicutes,midas_c_4,midas_o_4,midas_f_222,midas_g_97311,midas_s_97311,0.003482
ae47cfe63095fcaf0afb228c7502cb66,Bacteria,Proteobacteria,Gammaproteobacteria,Burkholderiales,Alcaligenaceae,,,0.00557
b751d80405d63e383de7ea09a7e2dcfd,Bacteria,Desulfobacterota,Syntrophorhabdia,Syntrophorhabdales,Syntrophorhabdaceae,Syntrophorhabdus,,0.00557
a2bed1579fba6884369c1b3173330800,Bacteria,Firmicutes,Clostridia,Eubacteriales,Garciellaceae,Irregularibacter,midas_s_99430,0.00557
e1859f895760d01bd129aad5091fa054,Bacteria,Proteobacteria,Gammaproteobacteria,midas_o_147,midas_f_2362,Ca_Ovatusbacter,midas_s_25658,0.00557
431f2ccf07657913dc86d93668a91e9c,Bacteria,Firmicutes,Dethiobacteria,Dethiobacterales,Dethiobacteraceae,Dethiobacter,,0.00557
3c8c974e9e9f2247fedc8b66253b5774,Bacteria,Firmicutes,,,,,,0.00557
6c1100199e34d8c526ed1a529ebd879f,Bacteria,Firmicutes,Clostridia,Oscillospirales,Hungateiclostridiaceae,,,0.00557
2754a62a78999a65def9a46a8c805a18,Bacteria,Firmicutes,,,,,,0.00557
647927aceecdb8d63c0647ad64f33531,Bacteria,Actinobacteriota,Actinobacteria,Corynebacteriales,Nocardiaceae,Rhodococcus,,0.00557
bfc10ae6c8d6d83371b3bd138d881468,Bacteria,Cloacimonadota,Cloacimonadia,Cloacimonadales,Cloacimonadaceae,Ca_Cloacimonas,midas_s_246,0.00557
eec9b8156043e0a6af0911723613a3da,Bacteria,Firmicutes,Clostridia,Oscillospirales,UCG-010,midas_g_93917,midas_s_93917,0.00557
4139c4822f132d488656de979a812b96,Bacteria,Firmicutes,Limnochordia,MBA03,midas_f_112,,,0.00557
1209cd9553a668c3c0e9ea29050fd3a1,Bacteria,Chloroflexi,OLB14,midas_o_731,midas_f_731,Ca_Amarobacter,,0.00557
13c192d50cff7e65ab17657c4769d790,Bacteria,Firmicutes,Clostridia,Clostridiales,Clostridiaceae,Clostridium_sensu_stricto_13,,0.00557
457eed011dd636fe1362bcb7e5bbe22d,Bacteria,Firmicutes,Clostridia,Oscillospirales,Hungateiclostridiaceae,Ruminiclostridium,,0.00557
272d242be70431c313d5d6dae118135b,Bacteria,Firmicutes,Limnochordia,MBA03,midas_f_112,midas_g_3476,,0.00557
b6bae6e1c31423a1dfd8b925ac173939,Bacteria,Proteobacteria,Gammaproteobacteria,Burkholderiales,Alcaligenaceae,Castellaniella,,0.00557
f86e4e85aad39b874e531be8848dcb97,Bacteria,Firmicutes,Clostridia,Christensenellales,Christensenellaceae,Christensenellaceae_R-7_group,,0.00557
ccd295e3a04fb7bb78f97b49d1d76562,Bacteria,Bacteroidota,Bacteroidia,Bacteroidales,SB-5,midas_g_34555,midas_s_34555,0.00557
76706469a0a366adb9c84fc05de522f3,Bacteria,Firmicutes,Clostridia,,,,,0.00557
44ed1a1eb3ed2fe963e32f2d9591f332,Bacteria,Actinobacteriota,Thermoleophilia,Solirubrobacterales,Solirubrobacteraceae,Conexibacter,midas_s_1828,0.00557
7ba75de333c5db029e78e068dde0fbe8,Bacteria,Firmicutes,Clostridia,Caldicoprobacterales,Caldicoprobacteraceae,,,0.00557
caa8c5625990aa1feeb77274cbfd7ffa,Bacteria,Firmicutes,midas_c_145,Gelria,midas_f_8126,midas_g_8126,midas_s_8126,0.00557
21cff8afa99fd812a66ca2e7c53e8fda,Bacteria,Firmicutes,Clostridia,Peptostreptococcales-Tissierellales,Sedimentibacteraceae,Sedimentibacter,,0.00557
47f95903f37498d9dd0eda1e5bcb3e28,Bacteria,Chloroflexi,Anaerolineae,Anaerolineales,Anaerolineaceae,Pelolinea,,0.00557
3e198207b81e382d6209c129373e9d60,Bacteria,Actinobacteriota,WCHB1-81,midas_o_765,midas_f_765,midas_g_765,midas_s_765,0.00557
1a5546dc8d08ba22cbc75f508edd0828,Bacteria,Proteobacteria,Alphaproteobacteria,Rhodobacterales,Rhodobacteraceae,Paracoccus,,0.00557
7f9277d9d86c8f5634f47ff9ab0ce79d,Bacteria,Firmicutes,Clostridia,Christensenellales,Christensenellaceae,Christensenellaceae_R-7_group,,0.00557
090855acea46f97b916c33393736db71,Bacteria,Firmicutes,Clostridia,Peptostreptococcales-Tissierellales,Anaerovoracaceae,Anaerovorax,midas_s_28866,0.00557
3f19effc21f49ca3bfe5e130ea113a75,Bacteria,Firmicutes,Clostridia,Caldicoprobacterales,Caldicoprobacteraceae,Caldicoprobacter,midas_s_3365,0.00557
bfe46a9864ec737a588e92892776a12d,Bacteria,Firmicutes,Clostridia,Christensenellales,Christensenellaceae,Christensenellaceae_R-7_group,midas_s_3897,0.036967
b5025b678a3f3dfd092ec583dfd7f3d6,Bacteria,Proteobacteria,Gammaproteobacteria,Burkholderiales,Gallionellaceae,Nitrotoga,midas_s_181,0.064693
065a98742b20d730265fb45221fd34c4,Bacteria,Proteobacteria,Alphaproteobacteria,Rhodobacterales,Rhodobacteraceae,Paracoccus,,0.064693
7891e93dd8c7f251fd4a83d156f8369b,Bacteria,Desulfobacterota,Syntrophia,Syntrophales,Smithellaceae,Smithella,midas_s_2155,0.064693
cf3e180e655c7a5654ae4ee643e35a6b,Bacteria,Actinobacteriota,Acidimicrobiia,Microtrichales,Microtrichaceae,midas_g_120,midas_s_334,0.064693
5488011e971aeee8cd31b52ca5d1af76,Archaea,Euryarchaeota,Methanobacteria,Methanobacteriales,Methanobacteriaceae,,,0.004256
56c837ac82a080a7d67309e345c7069b,Bacteria,Firmicutes,Clostridia,Christensenellales,Christensenellaceae,Christensenellaceae_R-7_group,,0.003194
4384fe206f8e57a3d02fc1eb2e0dc265,Archaea,Euryarchaeota,Methanobacteria,Methanobacteriales,Methanobacteriaceae,Methanobacterium,,0.004675
cca5f50c3116400e50fe7a3e7a0be852,Bacteria,Bacteroidota,Bacteroidia,Chitinophagales,Chitinophagaceae,midas_g_10639,midas_s_23172,0.005305
a36b617c346af9dc1b8b18938adc2fc9,Bacteria,Planctomycetota,Planctomycetes,Pirellulales,Pirellulaceae,Pirellula,midas_s_2514,0.005305
e8c47e7d73b07d777c7a56fc1318b432,Bacteria,Chloroflexi,Anaerolineae,Anaerolineales,Anaerolineaceae,Anaerolinea,midas_s_8221,0.005305
f20eb21e67f757812108449fe407b3c0,Bacteria,Firmicutes,Limnochordia,MBA03,midas_f_112,,,0.005305
25f9dbd6c37925f1be38fa56d2908617,Bacteria,Firmicutes,Clostridia,Peptostreptococcales-Tissierellales,,,,0.005305
dbecc9e8493f9f9f3816c44467a0b7d4,Bacteria,Actinobacteriota,Actinobacteria,Propionibacteriales,Nocardioidaceae,midas_g_2796,midas_s_5042,0.005305
f4dd561d786dd46b9cb84eab6594d632,Bacteria,Proteobacteria,Alphaproteobacteria,Acetobacterales,Acetobacteraceae,midas_g_17534,midas_s_17534,0.005305
ce3debe377068d91443c07c23728742c,Bacteria,Firmicutes,Bacilli,Bacillales,Bacillaceae,Bacillus,,0.005305
6f9a6eeef90b44801aebd3df2c42e61b,Bacteria,Desulfobacterota,Syntrophobacteria,Syntrophobacterales,Syntrophobacteraceae,Syntrophobacter,midas_s_3260,0.005305
b544934712491c579a6fc0437ffdeeca,Bacteria,Firmicutes,Syntrophomonadia,Syntrophomonadales,Syntrophomonadaceae,Syntrophomonas,,0.005305
3c30ef12ea30ff246e454f2cc7ee36a9,Bacteria,Firmicutes,,,,,,0.005305
34b33ab6ae99c108b6016cac0502ea5c,Bacteria,Firmicutes,Clostridia,Christensenellales,Christensenellaceae,midas_g_113746,midas_s_119232,0.005305
4b609ca4250617d6e2827bb31e7fd2b0,Bacteria,Proteobacteria,Gammaproteobacteria,Burkholderiales,Alcaligenaceae,,,0.005305
666b0c3f75da615166898be90c200697,Bacteria,Firmicutes,Clostridia,Caldicoprobacterales,Caldicoprobacteraceae,Caldicoprobacter,,0.005305
1352ecafaa4f51b95bedc9b026136ba0,Bacteria,Firmicutes,Clostridia,Peptostreptococcales-Tissierellales,Family_XI,,,0.005305
6f5c69090502aa2182ea4a5a24b1cc94,Bacteria,Cyanobacteria,Sericytochromatia,midas_o_1421,midas_f_67650,midas_g_67650,midas_s_67650,0.005305
4079dc43f1ee0b0433df1aaaafba110d,Bacteria,Planctomycetota,Planctomycetes,Pirellulales,Pirellulaceae,Pirellula,,0.005305
84444bac9dbd64e8d26d1a9dcfc67902,Bacteria,Cloacimonadota,Cloacimonadia,Cloacimonadales,Cloacimonadaceae,Ca_Cloacimonas,midas_s_7660,0.005305
3d462e8ce030e0c5bbd7564663c5561b,Bacteria,Proteobacteria,Alphaproteobacteria,Caulobacterales,Caulobacteraceae,Brevundimonas,midas_s_14989,0.005305
808f5cd9975425a879bdc9f2084edbe5,Bacteria,Planctomycetota,Planctomycetes,Pirellulales,Pirellulaceae,Pir3_lineage,midas_s_9442,0.005305
0afdd7eddb9a71ce53cf6487747ec98c,Bacteria,Proteobacteria,Alphaproteobacteria,Caulobacterales,Hyphomonadaceae,Hirschia,midas_s_5283,0.027726
eb8cd45ae934604fba18984990c55691,Bacteria,Spirochaetota,Spirochaetia,Spirochaetales,Spirochaetaceae,midas_g_39476,midas_s_39476,0.033887
6290092a789cefe170b21f8c022a1fda,Bacteria,Spirochaetota,Spirochaetia,Spirochaetales,Spirochaetaceae,Treponema,midas_s_6751,0.033887
53688d14dd7b6148f42ecab9e78035a6,Bacteria,Firmicutes,Clostridia,Oscillospirales,Oscillospiraceae,NK4A214_group,,0.00325
3336d4e5c84fbbfc0c6d027d05b1ad16,Archaea,Euryarchaeota,Methanobacteria,Methanobacteriales,Methanobacteriaceae,Methanobacterium,Methanobacterium_beijingense,0.005417
7a276d152ba39f364356c6dc26a0f630,Bacteria,Proteobacteria,Gammaproteobacteria,Burkholderiales,Alcaligenaceae,Alcaligenes,midas_s_9908,0.005417
2569f2295eca169e8eeb371a44002f30,Bacteria,Firmicutes,Clostridia,Lachnospirales,Lachnospiraceae,Herbinix,,0.004359
be51b6808df10f395e8b458d9508ac69,Bacteria,Firmicutes,Clostridia,Oscillospirales,Hungateiclostridiaceae,HN-HF0106,,0.009144
f50399c55cdc712751dd87413e3ad96a,Bacteria,Actinobacteriota,Actinobacteria,Propionibacteriales,Propionibacteriaceae,Propioniciclava,Propioniciclava_tarda,0.061612
c343e0c3af2ce4246e8f16a366d9b244,Bacteria,Spirochaetota,Spirochaetia,Spirochaetales,Spirochaetaceae,midas_g_92457,midas_s_99772,0.061612
8222e8db898fcc3282110b1e099bfdb5,Bacteria,Bacteroidota,Bacteroidia,Sphingobacteriales,Lentimicrobiaceae,Lentimicrobium,midas_s_110395,0.061612
f18d4d1f32aca3b61c8d25703e43fea4,Bacteria,Firmicutes,Bacilli,Erysipelotrichales,Erysipelatoclostridiaceae,UCG-004,midas_s_26714,0.061612
6dcd15bd555e89be1a5051024bf0c7e1,Bacteria,Actinobacteriota,Actinobacteria,Propionibacteriales,Propionibacteriaceae,Aestuariimicrobium,midas_s_6934,0.061612
dd6407a912c6fe0b5bedd40ec79da041,Bacteria,Proteobacteria,Gammaproteobacteria,Burkholderiales,Rhodocyclaceae,Thauera,Thauera_terpenica,0.061612
f50dbd67a45eb3d4ad799c04f77b900d,Bacteria,Firmicutes,Clostridia,Oscillospirales,Oscillospiraceae,Colidextribacter,midas_s_94572,0.00223
d0c18274fc6047611de8d214ecd9c885,Bacteria,Firmicutes,Clostridia,Oscillospirales,Hungateiclostridiaceae,HN-HF0106,midas_s_92738,0.003042
e8279b17fcbd61e4b105b0a3d872b567,Bacteria,Proteobacteria,Gammaproteobacteria,Enterobacterales,Enterobacteriaceae,,,0.005639
8d82d4342e7bd230b09dd20b8e775257,Bacteria,Firmicutes,Clostridia,Christensenellales,Christensenellaceae,Christensenellaceae_R-7_group,midas_s_64314,0.003165
db4543063a7cc4847ca4914a1f3f4611,Bacteria,Proteobacteria,Alphaproteobacteria,Rhizobiales,Rhizobiaceae,Mesorhizobium,,0.00504
7d92b18666da2334d7051a3a9791dc97,Archaea,Halobacterota,Methanomicrobia,Methanomicrobiales,Methanoregulaceae,Methanolinea,midas_s_90932,0.00504
e9300c9ad8d48efb516b90fddffeff2e,Bacteria,Proteobacteria,Alphaproteobacteria,Rhizobiales,Xanthobacteraceae,Oligotropha,midas_s_36849,0.00504
e367941e1e567e6ca872d51930564433,Bacteria,Synergistota,Synergistia,Synergistales,Synergistaceae,midas_g_249,midas_s_56490,0.00504
306b5217fcb1f91aac0c7708bf674d98,Bacteria,Firmicutes,Clostridia,Oscillospirales,,,,0.00504
8add17e8b7e219187fd9b6e3ef665609,Bacteria,Firmicutes,Clostridia,Caldicoprobacterales,Caldicoprobacteraceae,Caldicoprobacter,,0.00504
5b6a595a6fc20f9f06cf625ed712d163,Bacteria,Firmicutes,Clostridia,Caldicoprobacterales,Caldicoprobacteraceae,Caldicoprobacter,,0.00504
9d39b90a86fcc29202f4775515a05146,Bacteria,Proteobacteria,Alphaproteobacteria,Rhodobacterales,Rhodobacteraceae,midas_g_2400,,0.00504
520df833871a8a531033d90f108d61a3,Bacteria,Actinobacteriota,Actinobacteria,Actinomycetales,Actinomycetaceae,Actinomyces,midas_s_51989,0.00504
7dcd8f2c853c664b258593426d4590c3,Bacteria,Firmicutes,Clostridia,Christensenellales,Christensenellaceae,Christensenellaceae_R-7_group,,0.00504
c1e12e70c3095cd1b1091f534242abd3,Bacteria,Proteobacteria,Alphaproteobacteria,Defluviicoccales,Defluviicoccaceae,Defluviicoccus,midas_s_2464,0.00504
ee4416ea3d6750d9a8586868330f1ff6,Bacteria,Firmicutes,Clostridia,Oscillospirales,UCG-010,midas_g_91981,midas_s_101110,0.00504
e3455df1e42e2473c73aabd6238e9d44,Bacteria,Actinobacteriota,Acidimicrobiia,Microtrichales,Microtrichaceae,IMCC26207,midas_s_11792,0.00504
76ceb1ce6517ef51bfc231b0a2084eba,Bacteria,Firmicutes,Clostridia,Christensenellales,Christensenellaceae,,,0.00504
dbdb30396825379c82448fee2cbe497e,Bacteria,Planctomycetota,Planctomycetes,Isosphaerales,Isosphaeraceae,,,0.00504
0f97c220b579e7f247036ed1adce5afc,Bacteria,Proteobacteria,Alphaproteobacteria,Rhizobiales,Devosiaceae,Devosia,,0.00504
d6ede5314f1108426fbd0e2612d334d0,Bacteria,Planctomycetota,Planctomycetes,Pirellulales,Pirellulaceae,Pirellula,midas_s_631,0.00504
5d09f55ef260c01efb18315a666b6199,Bacteria,Firmicutes,Clostridia,Peptostreptococcales-Tissierellales,Family_XI,midas_g_1215,midas_s_119555,0.00504
0b5f1332724e9f07873bad86a8fbc029,Bacteria,Verrucomicrobiota,Verrucomicrobiae,Chthoniobacterales,Chthoniobacteraceae,Chthoniobacter,midas_s_67416,0.00504
05ced7360de47d5d168d5e800766013b,Bacteria,Proteobacteria,Alphaproteobacteria,Rhizobiales,Xanthobacteraceae,Pseudolabrys,,0.00504
dec21d55511b3673e457876cc2797df6,Bacteria,Proteobacteria,Alphaproteobacteria,Rhizobiales,Rhizobiaceae,Pseudochrobactrum,midas_s_3829,0.00504
5bbe2a5a01c16cb8363953430baaea87,Bacteria,Chloroflexi,Anaerolineae,SBR1031,Flexifilaceae,midas_g_25102,midas_s_40968,0.00504
597e0e7e460f5d0be7030d9da9e27e58,Bacteria,Chloroflexi,Anaerolineae,Anaerolineales,Anaerolineaceae,Ca_Brevefilum,midas_s_6385,0.00504
807e5c070ad04eee21adcd47683dda41,Bacteria,Firmicutes,Clostridia,Oscillospirales,Hungateiclostridiaceae,Ercella,midas_s_4116,0.015403
d4f7bcef485c713df58bef5a1ceac4b0,Bacteria,Proteobacteria,Alphaproteobacteria,Sphingomonadales,Sphingomonadaceae,Polymorphobacter,midas_s_2734,0.024645
32327bc1b2d1a223d9a447241f2cfb82,Bacteria,Spirochaetota,Spirochaetia,Spirochaetales,Spirochaetaceae,Sphaerochaeta,midas_s_90958,0.040048
882e0de9056d8d06c0973aa7b116e09e,Bacteria,Proteobacteria,Alphaproteobacteria,Rhizobiales,Beijerinckiaceae,Methylobacterium-Methylorubrum,midas_s_27079,0.003772
014f2ae2bd69cc0ab8e5ee1ca2963a01,Bacteria,Firmicutes,Syntrophomonadia,Syntrophomonadales,Syntrophomonadaceae,Syntrophomonas,,0.00145
51eeae8786b6b3388d60ae581c58d45e,Bacteria,Proteobacteria,Gammaproteobacteria,Pseudomonadales,Moraxellaceae,Acinetobacter,midas_s_52677,0.004141
b8498affa9cf12cb08da6f51948f4a69,Bacteria,Firmicutes,Clostridia,Peptococcales,Peptococcaceae,midas_g_115365,midas_s_115365,0.004141
e7ce63997dfabeeef0a57cf7324b9a38,Bacteria,Firmicutes,Clostridia,Clostridiales,Caloramatoraceae,,,0.003641
6a56cedcd3fa868b531873970471fd54,Bacteria,Firmicutes,Bacilli,RF39,midas_f_47879,midas_g_51388,midas_s_103687,0.058532
951e9b0abcfa75745329f789c2130b9d,Bacteria,Bacteroidota,Bacteroidia,Bacteroidales,M2PB4-65_termite_group,midas_g_2475,midas_s_2475,0.058532
e7bd1f4dd4c53b791df0120ff747defe,Bacteria,Firmicutes,Clostridia,Gracilibacteraceae,Gracilibacter,midas_g_5001,midas_s_5001,0.058532
fc61be973c788fb9d6ed4f5f00e19a35,Bacteria,Bacteroidota,Bacteroidia,Bacteroidales,Paludibacteraceae,midas_g_28925,midas_s_28925,0.058532
8b541735f380a800e25b1e0a7f433262,Bacteria,Proteobacteria,Gammaproteobacteria,Burkholderiales,Rhodocyclaceae,Ca_Accumulibacter,,0.058532
b800c963feb00fb8c515a42b85eb4ceb,Bacteria,Bacteroidota,Bacteroidia,Sphingobacteriales,Lentimicrobiaceae,Lentimicrobium,midas_s_40444,0.058532
dec17ecd030a71bf1867316e52e3532c,Bacteria,Bacteroidota,Bacteroidia,Sphingobacteriales,Lentimicrobiaceae,Lentimicrobium,,0.003851
5fc0bb2c46108fbe285aee7f247ecd5a,Bacteria,Firmicutes,Clostridia,Gracilibacteraceae,Lutispora,midas_g_94288,midas_s_99172,0.00289
fb282bece926443e2ce880ef4c696c6e,Bacteria,Proteobacteria,Gammaproteobacteria,Enterobacterales,Enterobacteriaceae,,,0.005357
b488bf12e36de9f37c9b3da1febf2c3e,Bacteria,Dependentiae,Babeliae,Babeliales,Vermiphilaceae,midas_g_24413,midas_s_60729,0.004774
e47e7a777e94141d9ca4d03a24c43c22,Bacteria,Firmicutes,Clostridia,Oscillospirales,Ruminococcaceae,midas_g_52955,,0.004774
331b2c7da556a639972cc9b2d8a31aa8,Bacteria,Proteobacteria,Gammaproteobacteria,Arenicellales,Arenicellaceae,midas_g_1716,midas_s_1716,0.004774
89c962e2643e3c9af6fa5614a3e57003,Bacteria,Proteobacteria,Gammaproteobacteria,Burkholderiales,Rhodocyclaceae,Azonexus,,0.004774
2b810d05c55b0e9f8dda84a275803f71,Bacteria,Firmicutes,Clostridia,Peptostreptococcales-Tissierellales,Serpentinicella,midas_g_75908,,0.004774
6cec0bfed5ae5027a2002e200c4f71eb,Bacteria,Proteobacteria,Gammaproteobacteria,Xanthomonadales,Xanthomonadaceae,,,0.004774
3b54387c342aed1bbfc6586fdf74ffc6,Bacteria,Chloroflexi,Anaerolineae,Anaerolineales,Anaerolineaceae,Longilinea,,0.004774
66d2801e670d80e47a383b655213cf55,Bacteria,Proteobacteria,Alphaproteobacteria,Rhodobacterales,Rhodobacteraceae,midas_g_2400,,0.004774
4fdb441ce30cb8a04ddd4c7b24e39ae2,Bacteria,Actinobacteriota,Actinobacteria,Micrococcales,Dermatophilaceae,midas_g_739,midas_s_739,0.004774
94c987167d228d5d7c91fde448e1cb6f,Bacteria,Synergistota,Synergistia,Synergistales,Synergistaceae,Aminivibrio,midas_s_88014,0.004774
11504835fb7658d601b4ff78ac3173dc,Bacteria,Firmicutes,Clostridia,Oscillospirales,Hungateiclostridiaceae,midas_g_109879,midas_s_109879,0.004774
b06e7e4b55119e4733d40e44a8abf70e,Bacteria,Firmicutes,,,,,,0.004774
4c377ed4a13484a07dffc1121a98a02c,Bacteria,Proteobacteria,Alphaproteobacteria,Rhizobiales,Rhizobiaceae,,,0.004774
67d143ab6e193466450c7a998b92092b,Bacteria,Firmicutes,Desulfitobacteriia,Desulfitobacteriales,Syntrophobotulaceae,,,0.004774
cdfbfbaaeefc8ad48995e3953a7ed409,Bacteria,Firmicutes,Bacilli,,,,,0.004774
cb3f42ad378ddeda014d895db355586b,Bacteria,Actinobacteriota,Actinobacteria,Actinomycetales,Actinomycetaceae,Actinomyces,midas_s_110073,0.004774
a8615f5ca1d297895cc840a75212b907,Bacteria,Desulfobacterota,Syntrophia,Syntrophales,Smithellaceae,Smithella,midas_s_136,0.004774
c93a843b39949238201808402b1961af,Bacteria,Firmicutes,Clostridia,Peptostreptococcales-Tissierellales,Serpentinicella,midas_g_75908,,0.004774
1fe612d44adcd7a6a0efbc7ad770fb38,Bacteria,Chloroflexi,Anaerolineae,Anaerolineales,Anaerolineaceae,midas_g_9913,midas_s_9913,0.004774
79e2b6d098bc24e051a82e3d618d416f,Bacteria,Proteobacteria,Gammaproteobacteria,Legionellales,Legionellaceae,Legionella,,0.004244
968d645ed5e3c0c4d5aca134f0a331c6,Bacteria,Firmicutes,Clostridia,Oscillospirales,UCG-010,midas_g_85764,,0.004875
e99169633801b8aba8a6ae89e0ee2a26,Bacteria,Firmicutes,Clostridia,Peptostreptococcales-Tissierellales,Peptostreptococcaceae,Paraclostridium,midas_s_2984,0.003449
27bf144e99719b4fc317b863187fbb02,Bacteria,Bacteroidota,Bacteroidia,Bacteroidales,Rikenellaceae,midas_g_15299,midas_s_96664,0.003449
0b3409f24cff7c6aaaf882bfd4dff493,Bacteria,Desulfobacterota,Syntrophia,Syntrophales,midas_f_134,midas_g_571,midas_s_7922,0.055451
d3f5664e0b0ff1d9e8c033e68287b955,Bacteria,Firmicutes,Syntrophomonadia,Syntrophomonadales,Syntrophomonadaceae,Syntrophomonas,midas_s_5773,0.055451
4eb5104c00849c7945edc8157a171dc6,Bacteria,Cyanobacteria,Vampirivibrionia,Obscuribacterales,Obscuribacteraceae,Ca_Obscuribacter,midas_s_1393,0.055451
7b93ff9b2b7ff23722305deb2a9ef5a6,Archaea,Halobacterota,Methanosarcinia,Methanosarciniales,Methanosarcinaceae,Methanosarcina,,0.003648
5123dd9ee5dd0ff1f650715fceb6a18b,Bacteria,Firmicutes,Clostridia,Gracilibacteraceae,Gracilibacter,,,0.0038
5b7a288e8ea092f67f03a49612946d43,Archaea,Euryarchaeota,Methanobacteria,Methanobacteriales,Methanobacteriaceae,,,0.003602
03d388b8f22b5b0c867f9fd46a649622,Bacteria,Firmicutes,Clostridia,Christensenellales,Christensenellaceae,,,0.002601
506750e38fe1cebfe10a707f61a69479,Bacteria,Proteobacteria,Gammaproteobacteria,Burkholderiales,,,,0.00349
25668c0238f943ae425391ec3054a4d0,Bacteria,Proteobacteria,Gammaproteobacteria,Burkholderiales,Comamonadaceae,,,0.004509
3ec5ac546f36cb0a6d6b41ea94437fd6,Bacteria,Firmicutes,Bacilli,Bacillales,Planococcaceae,Sporosarcina,,0.004509
1191fe2ebce22f74b6596d9d91475abf,Bacteria,Firmicutes,Clostridia,Caldicoprobacterales,Caldicoprobacteraceae,Caldicoprobacter,,0.004509
58a2d5b3e1ddfcaf493f61028578cc92,Bacteria,Planctomycetota,Planctomycetes,Isosphaerales,Isosphaeraceae,midas_g_8808,midas_s_17275,0.004509
7380f2dbd0ed772394d1ec7413371fd5,Bacteria,Planctomycetota,Planctomycetes,Planctomycetales,Rubinisphaeraceae,midas_g_1221,,0.004509
8f6e77dd37d82d5d60ee21867f52f9e4,Bacteria,Firmicutes,Limnochordia,midas_o_1979,midas_f_1979,midas_g_1979,midas_s_1979,0.004509
b7b7b13db34b15898a31873237c7932a,Bacteria,Desulfobacterota,Syntrophobacteria,Syntrophobacterales,Syntrophobacteraceae,Syntrophobacter,midas_s_744,0.004509
88811f3c000a695490dfaba4702345a6,Bacteria,Firmicutes,Clostridia,Clostridia_vadinBB60_group,midas_f_63015,midas_g_96074,midas_s_113574,0.004509
46fcb071239921902d1df130f863599c,Bacteria,Firmicutes,Clostridia,Oscillospirales,Hungateiclostridiaceae,Ruminiclostridium,,0.004509
29ffed0e67cdfb55f16960a8f8428cb5,Bacteria,Actinobacteriota,Actinobacteria,Pseudonocardiales,Pseudonocardiaceae,Pseudonocardia,,0.004509
a5a1519fb2b6c41d9cbc7937a35a9e32,Bacteria,Proteobacteria,Alphaproteobacteria,Sphingomonadales,Sphingomonadaceae,Novosphingobium,,0.004509
e8a98ce984ee0d66515ea055e525930b,Bacteria,Proteobacteria,Alphaproteobacteria,Rickettsiales,Rickettsiaceae,Ca_Megaira,,0.004509
a81cdbf7c63d89c325cb7ef0766f27f1,Bacteria,Firmicutes,Clostridia,Oscillospirales,UCG-010,,,0.004509
0d0ce1c9fb76a8c707691b0f3a9f7a71,Bacteria,Firmicutes,Clostridia,Christensenellales,Christensenellaceae,Christensenellaceae_R-7_group,,0.004509
44c8b9c58c1fcec63fc77db189334c81,Bacteria,Proteobacteria,Alphaproteobacteria,Rhizobiales,Hyphomicrobiaceae,Hyphomicrobium,,0.004509
df24931eef177828ec0d0b347ec6cf02,Bacteria,,,,,,,0.004509
7fc016100eca426d7fdf7f8abd29a67c,Bacteria,Firmicutes,Clostridia,Oscillospirales,,,,0.004509
ffa712fb62fa7468337cc7e0f0c527c3,Archaea,Euryarchaeota,Methanobacteria,Methanobacteriales,Methanobacteriaceae,Methanobacterium,Methanobacterium_beijingense,0.004509
b6b373e4adb9c081da6a2499547960c7,Bacteria,Acidobacteriota,Aminicenantia,Aminicenantales,midas_f_55,midas_g_2538,,0.004509
b8b153dc28937eced2dad92fa7f542cb,Bacteria,Firmicutes,Limnochordia,MBA03,midas_f_112,midas_g_2506,midas_s_112918,0.004509
7f26e242060257e98029fcaad8b88db9,Bacteria,Firmicutes,Clostridia,Lachnospirales,Lachnospiraceae,Cellulosilyticum,midas_s_4741,0.004509
8067fd3f7aedca5f755d76ba6d001ecc,Bacteria,Firmicutes,Clostridia,Oscillospirales,Oscillospiraceae,UCG-002,midas_s_5314,0.004509
341ffe203147e821ef8fc61a221e53eb,Bacteria,Proteobacteria,Alphaproteobacteria,Tistrellales,Geminicoccaceae,Ca_Alysiosphaera,,0.004509
da9b9d254bc05bd32ff186a046fedf37,Bacteria,Planctomycetota,Planctomycetes,Pirellulales,Pirellulaceae,Pirellula,,0.004509
f453adbb26cf3d1efef5c3629bbf654d,Bacteria,Proteobacteria,Alphaproteobacteria,Rhizobiales,Xanthobacteraceae,,,0.004509
02ea17d797fcd9ffbf9d5e3644039b1c,Bacteria,Firmicutes,Clostridia,Oscillospirales,Hungateiclostridiaceae,,,0.004509
1dd54482446cd8882dfd4fc7d128da40,Bacteria,Actinobacteriota,WCHB1-81,midas_o_765,midas_f_765,midas_g_765,midas_s_4550,0.004509
52ac87abfa970ee890f4bfb7ce0f1337,Bacteria,Firmicutes,Bacilli,Izemoplasmatales,midas_f_16343,midas_g_33659,midas_s_33659,0.027726
346f4cf3bc35393efe4260b2f0b1966d,Bacteria,Verrucomicrobiota,Verrucomicrobiae,Verrucomicrobiales,Verrucomicrobiaceae,Verrucomicrobium,midas_s_57864,0.027726
05cd3e6e3d718a12823c6bbb39645689,Bacteria,Bacteroidota,Bacteroidia,Bacteroidales,Dysgonomonadaceae,Petrimonas,,0.004604
4e73d26557436d233aea34f6a5371895,Bacteria,Firmicutes,Clostridia,Oscillospirales,Butyricicoccaceae,UCG-009,,0.002615
44e8289188f3e0139151462805c84f90,Bacteria,Firmicutes,Clostridia,Christensenellales,Christensenellaceae,Christensenellaceae_R-7_group,,0.001621
66a4777d24bf1ea8d458266ff7f08cfd,Bacteria,Firmicutes,Clostridia,Christensenellales,Christensenellaceae,Christensenellaceae_R-7_group,,0.003258
37376f3bdaca3bbd8c0eabde3b65c9a8,Bacteria,Firmicutes,Clostridia,Clostridiales,Clostridiaceae,Clostridium_sensu_stricto_1,Clostridium_paraputrificum,0.003258
7c8a44a5a37e7afc0e7ccfddef0dbba5,Bacteria,Firmicutes,Clostridia,Peptostreptococcales-Tissierellales,Family_XI,midas_g_1981,,0.001673
114cdf597c818ff8382b6dc6075483ee,Bacteria,Firmicutes,Clostridia,Oscillospirales,Ruminococcaceae,midas_g_55412,midas_s_55412,0.052371
52fb28de37b20bccb60112277a3b7c8b,Bacteria,Actinobacteriota,Acidimicrobiia,Microtrichales,Microtrichaceae,midas_g_120,,0.052371
43bd75d8b401c403c3a5e8bd8c343540,Bacteria,Chloroflexi,Anaerolineae,RBG-13-54-9,midas_f_4245,midas_g_5782,midas_s_6630,0.052371
4b99ad27979703cf85b4166c91bfa04d,Bacteria,Bacteroidota,Bacteroidia,Sphingobacteriales,Lentimicrobiaceae,Lentimicrobium,,0.003589
84f0bed445af5694e5b98998ffde30a8,Bacteria,Actinobacteriota,Actinobacteria,Corynebacteriales,Mycobacteriaceae,Mycobacterium,,0.001899
bcebf60c83721eb2fd57f1ddb53c6058,Bacteria,Proteobacteria,Gammaproteobacteria,Legionellales,Legionellaceae,Legionella,midas_s_26442,0.002216
c94e801a01830b859c8402d61787965f,Archaea,Euryarchaeota,Methanobacteria,Methanobacteriales,Methanobacteriaceae,Methanobacterium,,0.00269
9b0365b5a27348e323235f03eb91b153,Bacteria,Actinobacteriota,Actinobacteria,midas_o_5,midas_f_5,midas_g_399,,0.004244
fab2c4c54cd5034675223cf06e3eb8c2,Bacteria,Proteobacteria,Alphaproteobacteria,Rhizobiales,Devosiaceae,midas_g_877,midas_s_12670,0.004244
5921e25af2acb3d6f297ce40e0373ecd,Bacteria,Firmicutes,Bacilli,Izemoplasmatales,midas_f_16343,midas_g_20878,,0.004244
390239bf01b14308adb01f1634c4b99c,Archaea,Euryarchaeota,Methanobacteria,Methanobacteriales,Methanobacteriaceae,Methanobrevibacter,Methanobrevibacter_olleyae,0.004244
60c0c1f05c6aa0881583afbe565c5323,Bacteria,WS1,midas_c_796,midas_o_796,midas_f_2296,midas_g_5241,midas_s_5241,0.004244
26d527b73ea4ab711c0bf740b69fbfeb,Bacteria,Chloroflexi,Anaerolineae,RBG-13-54-9,midas_f_4245,midas_g_4860,midas_s_98817,0.004244
c4a386b001291fa4bda56b6eb40173b6,Bacteria,Acidobacteriota,Aminicenantia,Aminicenantales,midas_f_1714,midas_g_1714,midas_s_1714,0.004244
4ceda7391cbf9cebcf0484faad59687b,Bacteria,Halanaerobiaeota,Halanaerobiia,Halanaerobiales,Halobacteroidaceae,midas_g_109927,midas_s_109927,0.004244
110f5c1e92f18f2cdc7af78a035555a7,Bacteria,Proteobacteria,Alphaproteobacteria,Holosporales,Holosporaceae,,,0.004244
0c4b95d668645a2a85addfe2f084b6f2,Bacteria,Actinobacteriota,Actinobacteria,Corynebacteriales,Mycobacteriaceae,Mycobacterium,,0.004244
3890b069eb54ede0917072f32a071c12,Bacteria,Firmicutes,Clostridia,Christensenellales,Christensenellaceae,Christensenellaceae_R-7_group,midas_s_7695,0.004244
7eea950c837e9a07539bc8deadb18ccd,Bacteria,Firmicutes,Clostridia,Christensenellales,Christensenellaceae,midas_g_7232,midas_s_7232,0.004244
d940283de678b9ef93da553438afcd90,Bacteria,Proteobacteria,Alphaproteobacteria,Rhizobiales,Methyloligellaceae,midas_g_11150,midas_s_19827,0.004244
554686cea3283b156638818673bd7f53,Bacteria,Firmicutes,Clostridia,Peptostreptococcales-Tissierellales,Proteiniboraceae,Proteiniborus,midas_s_5393,0.004244
7f52ee67403fedcc4a7ddae34cd0e7a4,Bacteria,Proteobacteria,Alphaproteobacteria,Rhodobacterales,Rhodobacteraceae,Rhodobacter,,0.004244
50af975bdb69f3f8359160d177493dc6,Bacteria,Firmicutes,Clostridia,Oscillospirales,midas_f_46690,midas_g_99792,midas_s_112905,0.004244
a5f0eb48a3a77f5fe2faa3b9571dc6b6,Bacteria,Proteobacteria,Alphaproteobacteria,Rhizobiales,Hyphomicrobiaceae,Hyphomicrobium,midas_s_11440,0.004244
3e8c3a8b8d144e5a10adb57a7cc517da,Bacteria,Proteobacteria,Alphaproteobacteria,Rhizobiales,Hyphomicrobiaceae,Pedomicrobium,midas_s_1270,0.004244
96e13bb8e776c83458e2b282cd3e44e0,Bacteria,Proteobacteria,Alphaproteobacteria,Rhizobiales,Xanthobacteraceae,,,0.004244
245b33b8928a2d472035cfcc336caddb,Bacteria,Patescibacteria,Microgenomatia,Ca_Woesebacteria,,,,0.004244
e587cd60e62e6c08ac653bef4e935304,Bacteria,Chloroflexi,Anaerolineae,Anaerolineales,Anaerolineaceae,midas_g_2702,midas_s_4236,0.004244
781af70eed8b17d285d44f49d836a48e,Bacteria,Proteobacteria,Alphaproteobacteria,Azospirillales,Inquilinaceae,Inquilinus,midas_s_53749,0.004244
1fe5ac555eb14e8844d872f1061c429f,Bacteria,Proteobacteria,Alphaproteobacteria,Rhizobiales,Rhizobiaceae,,,0.004244
8d1e64ee4aa50278de70ddd89e5c3665,Bacteria,Planctomycetota,Planctomycetes,Gemmatales,Gemmataceae,Gemmata,midas_s_70937,0.004244
92862fbe6ff344c8964156b2a0b424cc,Bacteria,Proteobacteria,midas_c_33170,midas_o_33170,midas_f_33170,midas_g_33170,midas_s_33170,0.004244
076f9a4680cc7c0f8cee8a887ae40f4a,Bacteria,Proteobacteria,Alphaproteobacteria,Rhodobacterales,Rhodobacteraceae,Paracoccus,,0.004244
5ef194c523178b714e804757a3218c3a,Bacteria,Spirochaetota,Brachyspirae,Brachyspirales,midas_f_1454,Exilispira,midas_s_1454,0.004244
4b3f93408aee639f8a0d3499050b9ff3,Bacteria,Firmicutes,Clostridia,Clostridiales,Clostridiaceae,Clostridium_sensu_stricto_9,midas_s_86309,0.004244
b5a4aad370e78b9f833c9424031c44ec,Archaea,Halobacterota,Methanosarcinia,Methanosarciniales,Methanosarcinaceae,Methanolobus,Methanolobus_chelungpuianus,0.004244
090b23760e2b4c99732ad0ce04fa8ac2,Bacteria,Chloroflexi,Chloroflexia,Thermomicrobiales,JG30-KF-CM45,midas_g_110783,,0.004244
3196bc82f5a5ddf5efff5dfd48579b60,Bacteria,Planctomycetota,Planctomycetes,Planctomycetales,Schlesneriaceae,Planctopirus,,0.004244
1e37d3623e8679bea135824898326438,Bacteria,WPS-2,midas_c_55,midas_o_1194,midas_f_43544,midas_g_114638,midas_s_114638,0.004244
de1e619dc7f15e1df4639581d8f08666,Bacteria,Firmicutes,D8A-2,midas_o_13,midas_f_13,midas_g_13,midas_s_305,0.004244
261ea1a5459096d6d6d7a6c03a0800ef,Bacteria,Firmicutes,Clostridia,Oscillospirales,Hungateiclostridiaceae,Ruminiclostridium,,0.004244
2f94ec758afccdb570dcc9fd5080e5c4,Bacteria,Proteobacteria,Alphaproteobacteria,Rhizobiales,Rhizobiaceae,,,0.004244
9e2b122adf540f378ae4674b70ffa70d,Bacteria,Proteobacteria,Gammaproteobacteria,Coxiellales,Coxiellaceae,Coxiella,midas_s_34657,0.004244
97d46cb66b426e54414d29f5c60c740a,Bacteria,Actinobacteriota,Actinobacteria,Kineosporiales,Kineosporiaceae,,,0.004244
87c488a6467b31c46a8e05912b6a0d09,Bacteria,Firmicutes,Clostridia,Gracilibacteraceae,Lutispora,midas_g_2455,midas_s_101610,0.004244
fc9125c17dc8e3db85b070f0c8457f7b,Bacteria,Firmicutes,Clostridia,Christensenellales,Christensenellaceae,Christensenellaceae_R-7_group,,0.004244
831cff0214f7446fab90ddfedf7bfcee,Bacteria,Proteobacteria,Alphaproteobacteria,Rhizobiales,Pleomorphomonadaceae,Chthonobacter,midas_s_42368,0.004244
8fbc49c6f3ec10b319e77d0a2ed2204f,Bacteria,Firmicutes,Clostridia,Oscillospirales,Hungateiclostridiaceae,midas_g_4116,,0.004244
17e2d5f6e5fc504e01e29c78e545e138,Archaea,Euryarchaeota,Methanobacteria,Methanobacteriales,Methanobacteriaceae,Methanobacterium,Methanobacterium_beijingense,0.004244
c983ca27c4dffb6920f6059c696adbc2,Bacteria,Firmicutes,Clostridia,Christensenellales,Christensenellaceae,midas_g_116339,midas_s_116339,0.004244
53303fb50c16833ed95f7bd85950456e,Bacteria,Firmicutes,Clostridia,Oscillospirales,Hungateiclostridiaceae,midas_g_2408,midas_s_2408,0.030806
4caeeec76b63970fd73a62f3d9c522ef,Bacteria,Firmicutes,Clostridia,Christensenellales,Christensenellaceae,Christensenellaceae_R-7_group,midas_s_116349,0.004334
df16556a6b657130b148c9926e0247a1,Bacteria,Actinobacteriota,Actinobacteria,Propionibacteriales,Propionibacteriaceae,Propionicicella,,0.002708
b777295e241883a56ab55b6d0fab2f76,Bacteria,Firmicutes,Clostridia,Oscillospirales,Hungateiclostridiaceae,Ercella,,0.001743
98250dc58799b80cb124a1f158f2cf22,Bacteria,Bacteroidota,Bacteroidia,Sphingobacteriales,Lentimicrobiaceae,Lentimicrobium,,0.003066
b9c18a25d45d96085a8dc107c559846e,Bacteria,Proteobacteria,Gammaproteobacteria,Burkholderiales,Alcaligenaceae,Alcaligenes,midas_s_9908,0.003066
888e2ada2610807488d3dee136938241,Bacteria,Proteobacteria,Gammaproteobacteria,Burkholderiales,Comamonadaceae,,,0.04929
94cb8b6fb586e9fe9607e3e52891c49a,Bacteria,Firmicutes,Bacilli,Lactobacillales,Streptococcaceae,Lactococcus,,0.04929
1580d11744da85a8f38720800053143f,Bacteria,Firmicutes,Clostridia,Oscillospirales,Ruminococcaceae,Ca_Soleaferrea,midas_s_1290,0.04929
a279fb62a47697ac7088fbfeb831c6cf,Bacteria,Bacteroidota,Bacteroidia,Sphingobacteriales,Lentimicrobiaceae,Lentimicrobium,,0.002434
5bfd0607c1130b2ea95261361ed0aaf1,Bacteria,Proteobacteria,Alphaproteobacteria,Rhodobacterales,Rhodobacteraceae,Paracoccus,midas_s_10747,0.003378
6e868cfa7b0e75b04f31fbeedfc29c64,Bacteria,Desulfobacterota,Desulfuromonadia,Desulfuromonadales,Desulfuromonadaceae,midas_g_30443,midas_s_47294,0.02793
99e5f06a61d06cdb191e00e52948bac7,Bacteria,,,,,,,0.048769
cab3a156d09c8a95a87cc88ccf7c4de5,Bacteria,,,,,,,0.002532
d6a202591a42fa999f25af7a7aefcffd,Archaea,Euryarchaeota,Methanobacteria,Methanobacteriales,Methanobacteriaceae,Methanobacterium,Methanobacterium_beijingense,0.002532
1871e15a08fa2411512dc34595fb1958,Bacteria,Firmicutes,Clostridia,Monoglobales,Monoglobaceae,Monoglobus,midas_s_52816,0.003979
608bdffdf9263f1b123d069d10e69f9a,Bacteria,,,,,,,0.003979
5022c2e85eb7347a496e69b612b21ce1,Bacteria,Firmicutes,Thermacetogenia,Thermacetogeniales,Thermacetogeniaceae,Syntrophaceticus,,0.003979
5286cf541576f555afe0b5b79d1163d9,Bacteria,Actinobacteriota,Thermoleophilia,Gaiellales,midas_f_269,,,0.003979
8a08f279c5533390e6b47c6969ed7d82,Bacteria,Proteobacteria,Alphaproteobacteria,Sphingomonadales,Sphingomonadaceae,Sphingobium,midas_s_44924,0.003979
5e4fdda0c1bb85957202d1498f061aa8,Bacteria,Firmicutes,Clostridia,Oscillospirales,Hungateiclostridiaceae,,,0.003979
289c551826100c6df283e6a9e2050688,Bacteria,Firmicutes,Clostridia,Oscillospirales,Hungateiclostridiaceae,,,0.003979
3547314cbc17e38fbaed69287ddb4f31,Archaea,Halobacterota,midas_c_92917,midas_o_92917,midas_f_92917,midas_g_92917,midas_s_92917,0.003979
7fd8ef977c4177cf2c4c536310a8f19f,Bacteria,Actinobacteriota,Actinobacteria,Micrococcales,Microbacteriaceae,Microbacterium,,0.003979
2780b1a1535644ef954b37c0be366f13,Bacteria,Proteobacteria,Gammaproteobacteria,midas_o_656,midas_f_48503,,,0.003979
cd969c22db8f82239769a164e1e5ea93,Bacteria,Armatimonadota,midas_c_216,midas_o_216,midas_f_216,midas_g_8931,midas_s_112943,0.003979
403445d403772ea7701cd01368da5a56,Bacteria,Firmicutes,Clostridia,Oscillospirales,Ruminococcaceae,midas_g_5430,midas_s_5430,0.003979
be3b9cc41eb5d6dd33c9f480048a62a9,Bacteria,Firmicutes,Clostridia,Oscillospirales,Hungateiclostridiaceae,Ruminiclostridium,midas_s_112681,0.003979
bfbc3acfb5c0b219aa6480a3323adf77,Bacteria,Chloroflexi,Anaerolineae,Anaerolineales,Anaerolineaceae,midas_g_467,midas_s_24907,0.003979
ddb21bd22519316c9c3bf922a9a8e816,Bacteria,Proteobacteria,Gammaproteobacteria,Burkholderiales,Comamonadaceae,Brachymonas,Brachymonas_denitrificans,0.003979
67bf6c3e83fa94009baa7f3b5929da23,Bacteria,Firmicutes,,,,,,0.003979
b62d797963ea269412b16706df6c98e9,Bacteria,Planctomycetota,Planctomycetes,Isosphaerales,Isosphaeraceae,,,0.003979
8b6c39d6fb07636b4e870fe0bb1803cc,Bacteria,Synergistota,Synergistia,Synergistales,Synergistaceae,midas_g_249,,0.003979
9f34b6a04f6d30d61947a02265404b17,Bacteria,Firmicutes,Bacilli,Izemoplasmatales,Izemoplasmataceae,midas_g_45894,midas_s_92082,0.003979
303f7af49ecdd12099842ae3af234567,Bacteria,Firmicutes,Clostridia,Monoglobales,Monoglobaceae,,,0.003979
d79b4530e47feda71be7e93aa663f0b0,Bacteria,Firmicutes,Dethiobacteria,Dethiobacterales,Dethiobacteraceae,,,0.003979
f5cb3fde6a13561ed6e13a04732f79e3,Bacteria,Firmicutes,Desulfitobacteriia,Desulfitobacteriales,Syntrophobotulaceae,,,0.003979
5881e5969b9c5cced797ab5e237049b4,Bacteria,Actinobacteriota,Actinobacteria,Corynebacteriales,Nocardiaceae,Gordonia,midas_s_403,0.003979
5b2c9996f39f03a22f551c353da1d3ed,Bacteria,Actinobacteriota,Actinobacteria,Propionibacteriales,Nocardioidaceae,Nocardioides,Nocardioides_glacieisoli,0.003979
12d48d4e5b03a44eb1e1c7c2bb216348,Bacteria,Proteobacteria,Alphaproteobacteria,Acetobacterales,Acetobacteraceae,Roseomonas,,0.003979
2d6bab1b94570e4c69c5ef51945f774e,Bacteria,Actinobacteriota,Acidimicrobiia,IMCC26256,midas_f_2,midas_g_85228,midas_s_85228,0.003979
dbec03fc66ff2c2d4e6b089d27824139,Archaea,Halobacterota,Methanomicrobia,Methanomicrobiales,Methanospirillaceae,Methanospirillum,midas_s_2576,0.003979
ad6ed76aeca8371d3d439eb14c33610c,Bacteria,Firmicutes,Bacilli,Erysipelotrichales,Erysipelotrichaceae,midas_g_90969,,0.024645
c259cda388580d886e6cbb43a1272e68,Bacteria,Planctomycetota,Planctomycetes,Planctomycetales,Rubinisphaeraceae,SH-PL14,,0.030806
a8c38ea3b5825798b0141007373178aa,Bacteria,Firmicutes,Clostridia,Oscillospirales,Ruminococcaceae,,,0.010122
54f9550f07f9d5c730eb5449e856d30a,Bacteria,Proteobacteria,Gammaproteobacteria,Burkholderiales,Alcaligenaceae,Alcaligenes,midas_s_9908,0.003269
0c115cc28920184a7e0b25223763a748,Bacteria,Firmicutes,Clostridia,Clostridiales,Caloramatoraceae,Fonticella,midas_s_87015,0.002874
ac6d0a3fca5ae4aad55d98349c5d4560,Bacteria,Firmicutes,Bacilli,Izemoplasmatales,midas_f_90284,midas_g_91159,,0.002874
ce2b62ffcd367da18eb61d300d1ca3e2,Bacteria,Patescibacteria,ABY1,Ca_Kerfeldbacteria,midas_f_42633,midas_g_42633,midas_s_42633,0.046209
8971f68f77fe46e52214ac1aae718436,Bacteria,Verrucomicrobiota,Kiritimatiellae,WCHB1-41,midas_f_93367,midas_g_95763,,0.046209
528c8b62a54ebc17e9ffc1c72eb8e546,Bacteria,Bacteroidota,Bacteroidia,Bacteroidales,M2PB4-65_termite_group,midas_g_2475,midas_s_4699,0.046209
e0a5d06dca6e74603b233d9be368f1f6,Bacteria,Firmicutes,Clostridia,Peptostreptococcales-Tissierellales,Anaerovoracaceae,Anaerovorax,midas_s_2011,0.046209
4e7f3c01d114c6dede84c8b3a31886db,Bacteria,Acidobacteriota,Thermoanaerobaculia,Thermoanaerobaculales,Thermoanaerobaculaceae,Subgroup_10,midas_s_213,0.046209
f12ed33e3dd474f54c82a7244a019879,Bacteria,Actinobacteriota,Acidimicrobiia,Microtrichales,Iamiaceae,Iamia,Aquihabitans_daechungensis,0.046209
d08086e2ae7f6779772be3242340f17a,Bacteria,Firmicutes,Clostridia,Christensenellales,Christensenellaceae,midas_g_119476,midas_s_119476,0.001065
e1806d6548d68a507f9f9ba512a830ad,Bacteria,Firmicutes,Clostridia,Peptococcales,Peptococcaceae,midas_g_96346,midas_s_96346,0.002281
2f62caf32ac0a5313dea4b421d6dd293,Archaea,Euryarchaeota,Methanobacteria,Methanobacteriales,Methanobacteriaceae,Methanobacterium,midas_s_9526,0.003167
eb41af02b18dc957ef593cfd11261be5,Bacteria,Proteobacteria,Gammaproteobacteria,Pseudomonadales,Moraxellaceae,Enhydrobacter,midas_s_3621,0.003167
9556ed629add12bf69d350023ce028dd,Bacteria,Proteobacteria,Alphaproteobacteria,Rhizobiales,Devosiaceae,Devosia,midas_s_84929,0.002332
06bb48a671163cdd75613e80ef87b92d,Bacteria,Firmicutes,Clostridia,Peptostreptococcales-Tissierellales,Proteiniboraceae,Proteiniborus,,0.001357
c07ac7ffa60c0baeb47cea4cefaeeae4,Bacteria,Firmicutes,Clostridia,Christensenellales,Christensenellaceae,midas_g_102591,midas_s_102591,0.003713
8b78ca8c5e127e820c9561e10c9f19c2,Bacteria,Chloroflexi,KD4-96,midas_o_3277,midas_f_7778,midas_g_7778,midas_s_7778,0.003713
e57525faafab45f4f99be57ab69faabd,Bacteria,Proteobacteria,Alphaproteobacteria,Rhodobacterales,Rhodobacteraceae,Rhodobacter,midas_s_27403,0.003713
717aff2a74550554098682047fb9830c,Bacteria,Firmicutes,Clostridia,Oscillospirales,Ruminococcaceae,midas_g_3160,midas_s_47654,0.003713
d5ed9ff1b4b6861428e0eb93d8b2c3a1,Bacteria,Chloroflexi,Anaerolineae,Anaerolineales,Anaerolineaceae,Leptolinea,midas_s_7416,0.003713
6c68bf9a2ce53d1b172b227d83144566,Bacteria,Proteobacteria,Alphaproteobacteria,Rhizobiales,Hyphomicrobiaceae,Hyphomicrobium,,0.003713
bce4d231e12c8465556db9d2cf121551,Bacteria,Actinobacteriota,Actinobacteria,Corynebacteriales,Tsukamurellaceae,Tsukamurella,midas_s_4391,0.003713
07f46149c04b861915fa32dc8104b022,Bacteria,Proteobacteria,Alphaproteobacteria,Rhizobiales,Beijerinckiaceae,midas_g_5429,midas_s_5429,0.003713
91fcd069f0c0007854a6e6d3aa7d7681,Bacteria,Firmicutes,Clostridia,Christensenellales,Christensenellaceae,midas_g_2424,midas_s_2424,0.003713
5fda016714ed5f6d8bbfc918786e8525,Bacteria,Firmicutes,Clostridia,Peptostreptococcales-Tissierellales,Family_XI,Tissierella,midas_s_63180,0.003713
d50e97399b1cda1ec4e98fcecab91fd7,Bacteria,Firmicutes,Clostridia,Oscillospirales,UCG-010,midas_g_85764,,0.003713
3e6d862418922fbe062da225314e7762,Bacteria,Firmicutes,Clostridia,Oscillospirales,Eubacterium_coprostanoligenes_group,,,0.003713
39659b19934674c9db5c39d3b6a3b066,Bacteria,Proteobacteria,Alphaproteobacteria,Rhizobiales,Xanthobacteraceae,Afipia,midas_s_1736,0.003713
954d0e6f5e93a9f23198c807840314bd,Bacteria,Actinobacteriota,Actinobacteria,midas_o_5,midas_f_5,midas_g_957,,0.003713
ca532c83e87eb3e76511a71e9abf28c2,Bacteria,Bacteroidota,Kapabacteria,Kapabacteriales,midas_f_21794,midas_g_28956,midas_s_50779,0.003713
603ab94ae666e02cf4cc8a2132414ef5,Bacteria,Bacteroidota,Bacteroidia,Bacteroidales,Bacteroidetes_vadinHA17,midas_g_410,midas_s_1326,0.003713
2fb2d4e9cc91d9bb7c9d7cf06c1e013a,Bacteria,Firmicutes,Clostridia,Christensenellales,Christensenellaceae,Christensenellaceae_R-7_group,midas_s_644,0.003713
8924705b2ac86db54622adeba1d6bba1,Bacteria,Proteobacteria,Alphaproteobacteria,Rhizobiales,Xanthobacteraceae,midas_g_1919,midas_s_37773,0.003713
98f50fc2653bd578543391ef42ece23e,Bacteria,Proteobacteria,Gammaproteobacteria,,,,,0.003713
97c2c7e8cc5a28811906eda58edb16ec,Bacteria,Firmicutes,Clostridia,Eubacteriales,Alkalibacteraceae,Alkalibacter,midas_s_84851,0.003713
62b0ef9d072b7772ca3958f821bc1c49,Bacteria,Spirochaetota,Spirochaetia,Spirochaetales,Spirochaetaceae,Treponema,,0.003713
06e03c616890e7dd3b607e7605fda9be,Bacteria,Firmicutes,Clostridia,Lachnospirales,Lachnospiraceae,Lachnospira,midas_s_53701,0.003713
88b268e25d1296042ab52fa61b7a42ac,Bacteria,Firmicutes,Clostridia,Christensenellales,Christensenellaceae,Christensenellaceae_R-7_group,midas_s_2853,0.003713
5f452e591d65c3a4fee53f0cc354ea72,Bacteria,Cloacimonadota,Cloacimonadia,Cloacimonadales,W27,midas_g_48843,,0.003713
8b1634a2e55ae2488b6ccc2230996509,Bacteria,Planctomycetota,Planctomycetes,Pirellulales,Pirellulaceae,Pir4_lineage,midas_s_96083,0.003713
8e3af97b4686b85e19d450d5c1c96fbe,Bacteria,Dependentiae,Babeliae,Babeliales,,,,0.003713
bdd5dd02a4adbb00f8c1631abf8615af,Bacteria,Chloroflexi,Anaerolineae,RBG-13-54-9,midas_f_5792,midas_g_92851,midas_s_98440,0.003713
1a3a64b0c16fb7daa275ec71dd81b701,Bacteria,Proteobacteria,Alphaproteobacteria,Rhizobiales,Xanthobacteraceae,Xanthobacter,,0.003713
268ddc25aa0fd61d2ecd190573a66498,Bacteria,Actinobacteriota,Actinobacteria,Propionibacteriales,Propionibacteriaceae,Propionicicella,,0.003713
54361a7cbec36835157cc4e00336e464,Bacteria,Spirochaetota,Spirochaetia,Spirochaetales,Spirochaetaceae,Spirochaeta,midas_s_91836,0.003713
33df87d462384b48f155ad84b5e02c26,Archaea,Euryarchaeota,Methanobacteria,Methanobacteriales,Methanobacteriaceae,Methanobacterium,,0.003713
360597adbaef72569dbc31f72ed91c78,Bacteria,Proteobacteria,Alphaproteobacteria,Rhizobiales,Hyphomicrobiaceae,Pedomicrobium,,0.003713
0f645d7ab83eb9dd659b573e9abc0069,Bacteria,Proteobacteria,Alphaproteobacteria,Rhodobacterales,Rhodobacteraceae,Amaricoccus,,0.003713
7a4591ecfb8de6241f36890cc9f78663,Bacteria,Firmicutes,Clostridia,Oscillospirales,Hungateiclostridiaceae,,,0.003713
3171ed747afcaa4f31b4048623c92223,Bacteria,Proteobacteria,Alphaproteobacteria,Rhizobiales,Xanthobacteraceae,midas_g_2680,midas_s_2680,0.003713
918eaaa2a8ed889d1ab21eb87b880779,Bacteria,Planctomycetota,Planctomycetes,Isosphaerales,Isosphaeraceae,,,0.003713
87b489a37616c28af2c28eda4b45fb8b,Bacteria,Actinobacteriota,Actinobacteria,Micrococcales,Dermatophilaceae,,,0.003713
2fed8fd06ed0e104347eb07daed78c31,Bacteria,Proteobacteria,Alphaproteobacteria,Defluviicoccales,Defluviicoccaceae,Defluviicoccus,midas_s_2639,0.003713
fb3e6be0517e6c8b7a27582c871b2ab3,Bacteria,Firmicutes,Clostridia,Peptostreptococcales-Tissierellales,Brassicibacter,midas_g_46689,midas_s_46689,0.003713
8102b0f64f0661286e71a73878df9ce7,Bacteria,Bacteroidota,Bacteroidia,Flavobacteriales,NS9_marine_group,midas_g_434,,0.003713
da380d249b3dd800f5c3e279f7cf917a,Bacteria,Verrucomicrobiota,Chlamydiae,Chlamydiales,Parachlamydiaceae,Neochlamydia,midas_s_82383,0.003713
c55e2d0573fbdcf300cff596408b7072,Bacteria,Firmicutes,Clostridia,Oscillospirales,UCG-010,midas_g_4279,midas_s_4279,0.003713
ff0fc9ae659d05bff51228eb12dc2291,Bacteria,Armatimonadota,midas_c_216,midas_o_216,midas_f_216,midas_g_310,midas_s_5342,0.018484
d5e07a8e356cc0345c15c5ff1622951d,Bacteria,Firmicutes,Clostridia,Oscillospirales,Hungateiclostridiaceae,Ercella,,0.003792
fef03d7c4d744b68dd3c6c56bfd5c256,Bacteria,Firmicutes,Clostridia,Oscillospirales,Hungateiclostridiaceae,,,0.003792
fc89472c649eac4b19e834fe7006dfb6,Bacteria,Firmicutes,Clostridia,Oscillospirales,Hungateiclostridiaceae,Fastidiosipila,midas_s_101643,0.002438
2408d15abcd92d9248745e8e22ae502c,Bacteria,Firmicutes,Moorellia,Desulfitibacterales,Desulfitibacteraceae,Desulfitibacter,midas_s_93781,0.002683
fd7a5cc9867e21d1dade60af858d894d,Bacteria,Bacteroidota,Bacteroidia,Bacteroidales,Rikenellaceae,Rikenellaceae_RC9_gut_group,,0.043129
0528c8d6cf081ba719cf96cb550150fb,Bacteria,Proteobacteria,Gammaproteobacteria,Burkholderiales,Rhodocyclaceae,Azonexus,midas_s_1978,0.043129
b5a5446f44972de9e63e53c102ae6009,Bacteria,Chloroflexi,Anaerolineae,Anaerolineales,Anaerolineaceae,midas_g_467,midas_s_6232,0.043129
7fc688c9e9ca5c649f8b9ef5ea7202e7,Bacteria,Proteobacteria,Alphaproteobacteria,Sphingomonadales,Sphingomonadaceae,Novosphingobium,,0.043129
e9b34224d98724dfed43123e7a893cec,Bacteria,Actinobacteriota,Actinobacteria,Micrococcales,Intrasporangiaceae,Tetrasphaera,Tetrasphaera_vanveenii,0.043129
6aa17fb5060d844f7e31b800f4350796,Bacteria,Desulfobacterota,Syntrophia,Syntrophales,Smithellaceae,Smithella,midas_s_136,0.043129
ed6649e994acab681dffea4c57f04e88,Bacteria,Firmicutes,Clostridia,Oscillospirales,Hungateiclostridiaceae,HN-HF0106,,0.002129
dc8477df0245e1b7cf2151a6066f204a,Bacteria,Firmicutes,Clostridia,Oscillospirales,UCG-010,midas_g_77197,midas_s_77197,0.001601
d320c54f3dd1a81501e597b4e5a53ac8,Bacteria,Bacteroidota,Bacteroidia,Sphingobacteriales,Lentimicrobiaceae,Lentimicrobium,,0.003383
dd6cd878e1ac746a5df199e3ea0152a2,Bacteria,Bacteroidota,Bacteroidia,Bacteroidales,Rikenellaceae,Rikenellaceae_RC9_gut_group,midas_s_602,0.003448
fe92b5d8f5b1599d91fec61ebc12e170,Bacteria,Firmicutes,Clostridia,Oscillospirales,UCG-010,midas_g_85764,,0.003448
38a3ffa5451f10cb983f8d8acd0f7d3e,Bacteria,Firmicutes,Clostridia,Oscillospirales,Hungateiclostridiaceae,,,0.003448
a1191cbfeb25ca6deb449da1e2baad3a,Bacteria,Actinobacteriota,Actinobacteria,Micrococcales,Dermatophilaceae,midas_g_724,midas_s_37584,0.003448
d3648f626f4aadacf25eb043bdc62c58,Bacteria,,,,,,,0.003448
b0ec891a9cead40f58935f40fa9a1b9a,Bacteria,Proteobacteria,Alphaproteobacteria,Rhodobacterales,Rhodobacteraceae,Rhodobacter,,0.003448
7bee0db5d6c5c416f00bf1e6faffc9a8,Bacteria,Firmicutes,Clostridia,Clostridiales,Clostridiaceae,Proteiniclasticum,midas_s_15884,0.003448
2389f5000634184ae381b8e579934c4b,Bacteria,Actinobacteriota,Actinobacteria,Corynebacteriales,Mycobacteriaceae,Mycobacterium,,0.003448
e1d4180c0091e155509f14fcbdb541ae,Bacteria,Chloroflexi,KD4-96,midas_o_3277,midas_f_6867,midas_g_96880,midas_s_96880,0.003448
470a368a6807b4a2d6a56ff427742e09,Bacteria,Firmicutes,Clostridia,Oscillospirales,UCG-010,midas_g_82203,midas_s_82203,0.003448
7170942055c32bb7a709c4a92e29a258,Bacteria,Verrucomicrobiota,Verrucomicrobiae,Chthoniobacterales,Chthoniobacteraceae,Chthoniobacter,midas_s_67416,0.003448
8dcc2c0ebe2c9f41761691937e854ac8,Archaea,Crenarchaeota,Nitrososphaeria,Nitrososphaerales,Nitrososphaeraceae,midas_g_92967,midas_s_118805,0.003448
685a06c480c8512cad2bba3e5b066bdb,Bacteria,Chloroflexi,Anaerolineae,Anaerolineales,Anaerolineaceae,Flexilinea,Flexilinea_flocculi,0.003448
cf5a736328e34ae09ad43b76da30ed99,Bacteria,Firmicutes,Clostridia,Christensenellales,Christensenellaceae,Christensenellaceae_R-7_group,,0.003448
9293b23be2addc4c8910fbe977237c46,Bacteria,,,,,,,0.003448
e3083a5858ffbe913e0c1a70a8cf6919,Bacteria,Firmicutes,,,,,,0.003448
14816bf58b22a8172bb1d6a7f78f06f2,Bacteria,Proteobacteria,Alphaproteobacteria,Rhodobacterales,Rhodobacteraceae,midas_g_62884,midas_s_62884,0.003448
822e596ebee53d4dcd5ffe3e26ec43d4,Bacteria,,,,,,,0.003448
2ab2d8b1e4ae115107b0baed6f6181ba,Bacteria,Firmicutes,Clostridia,Oscillospirales,Hungateiclostridiaceae,Fastidiosipila,midas_s_98211,0.003448
ca7dd43ffcedbade1adc51132a0deec1,Bacteria,Firmicutes,Clostridia,Clostridiales,Clostridiaceae,Proteiniclasticum,midas_s_23331,0.003448
92c7d2d035c344ba43e756fcc909c99f,Bacteria,Firmicutes,Clostridia,Christensenellales,Christensenellaceae,Christensenellaceae_R-7_group,,0.003448
315154928c5be44de373e19d66bd739a,Bacteria,Proteobacteria,Gammaproteobacteria,Burkholderiales,Rhodocyclaceae,,,0.003448
c74a800e896402acb88ee96173c56d80,Bacteria,Proteobacteria,Alphaproteobacteria,Rhizobiales,Beijerinckiaceae,Chelatococcus,midas_s_98427,0.003448
7db5761404d6f5f4f0fc9b6e62aaa8a6,Bacteria,Firmicutes,Clostridia,Oscillospirales,Hungateiclostridiaceae,,,0.003448
9591914f1b4272813c5d24f968e4ca81,Bacteria,Synergistota,Synergistia,Synergistales,Synergistaceae,Thermanaerovibrio,Thermanaerovibrio_acidaminovorans,0.003448
bc96db08da9a54e69f83357f2429e767,Archaea,Halobacterota,Methanomicrobia,Methanomicrobiales,Methanoregulaceae,Methanolinea,,0.003448
9554148374cd0778fe58481a15ae48d7,Bacteria,Firmicutes,Clostridia,Christensenellales,Christensenellaceae,Christensenellaceae_R-7_group,midas_s_4976,0.003448
7a94ab2d3edd2d5f1b14fb97b8227aab,Bacteria,Firmicutes,Clostridia,Oscillospirales,Ruminococcaceae,Ruminococcus,midas_s_5739,0.003448
f3ad21d8c8b2444a5dcf953349c6b70c,Bacteria,Proteobacteria,Gammaproteobacteria,Pseudomonadales,Moraxellaceae,Acinetobacter,,0.003448
2f268057d1214383b781ce20ac322b13,Bacteria,Firmicutes,Clostridia,Proteinivoracales,midas_f_1799,,,0.003448
36a65735bd9508c5f7a66dc84dd3f8c6,Bacteria,Proteobacteria,Alphaproteobacteria,Sphingomonadales,Sphingomonadaceae,,,0.003448
31a1e677493dc62acdbb253351f9a251,Bacteria,Firmicutes,Clostridia,Oscillospirales,Oscillospiraceae,Intestinimonas,midas_s_95615,0.003448
82fd1b576ddb5cb4a31555dc2a02f381,Bacteria,Firmicutes,Clostridia,Oscillospirales,UCG-010,midas_g_77197,midas_s_77197,0.003448
1f42391a983ba3af940e541d110a8432,Bacteria,,,,,,,0.003448
e00f85cb3452e37943500e86afb268f4,Bacteria,Firmicutes,Clostridia,Lachnospirales,Lachnospiraceae,Blautia,,0.003448
cefe4ae946de41fe87fc0040bdea335e,Bacteria,Firmicutes,Bacilli,Izemoplasmatales,midas_f_16343,midas_g_20878,midas_s_20878,0.024645
e5e089e059da889289ee4eda3c3a2d00,Bacteria,Bacteroidota,Bacteroidia,Chitinophagales,Saprospiraceae,Ca_Epiflobacter,midas_s_89,0.030806
24118ef9e2dd669b3382317f70b3c490,Bacteria,Firmicutes,Clostridia,Peptostreptococcales-Tissierellales,Family_XI,Tissierella,,0.003521
f72ad3c33ad74ea254f94c0bc91ae25c,Bacteria,Bacteroidota,Bacteroidia,Bacteroidales,Rikenellaceae,midas_g_36215,midas_s_82500,0.002833
a5c98d8a8bd6084ce0b46c3c0e62b06e,Bacteria,Firmicutes,Clostridia,Oscillospirales,Hungateiclostridiaceae,,,0.002833
3ab8697f83c42bad86a043a8c84709e8,Bacteria,Firmicutes,Clostridia,Peptococcales,Peptococcaceae,midas_g_96346,midas_s_96346,0.002491
a546e3eda27cb19d4d000a7e51072e30,Bacteria,Firmicutes,Limnochordia,Limnochordales,Limnochordaceae,midas_g_92370,,0.040048
309ef9fadf9d172db5a351628ad58102,Bacteria,Firmicutes,Syntrophomonadia,Syntrophomonadales,Syntrophomonadaceae,Syntrophomonas,,0.040048
8717744be592c8beffade9c24a1887b2,Bacteria,Proteobacteria,Gammaproteobacteria,Burkholderiales,Rhodocyclaceae,Azonexus,,0.040048
5a28be15a4c979b8be95e202442573ef,Bacteria,Firmicutes,Clostridia,Gracilibacteraceae,Gracilibacter,midas_g_669,midas_s_77850,0.040048
ce276cbd3807bfb56527ce267d0b60e0,Bacteria,Firmicutes,Desulfotomaculia,Desulfotomaculales,Pelotomaculaceae,Cryptanaerobacter,,0.040048
c048a804411d231b1deb9a1837203634,Bacteria,Synergistota,Synergistia,Synergistales,Synergistaceae,Syner-01,,0.002635
6ebabe5be540e1304e1262781c30bbe5,Bacteria,Firmicutes,Moorellia,Desulfitibacterales,Desulfitibacteraceae,,,0.001977
7851f5e3ccefb9a300394199f665614c,Bacteria,Synergistota,Synergistia,Synergistales,Synergistaceae,EBM-39,,0.001977
c1844c6164de67c2736932bcd1e94589,Bacteria,Firmicutes,Clostridia,Oscillospirales,Hungateiclostridiaceae,Ruminiclostridium,,0.002601
c2229c40838cb5aa067cdcab26a4d0bd,Bacteria,Actinobacteriota,Actinobacteria,Micrococcales,Microbacteriaceae,Microbacterium,,0.002853
730dfe1f490b05a2a762cd36a3ac5c8d,Bacteria,Proteobacteria,Alphaproteobacteria,Rhizobiales,Rhizobiaceae,Aquamicrobium,Aquamicrobium_aestuarii,0.003369
0a080f68f8c16188fe250be4dbeecae5,Bacteria,Firmicutes,Negativicutes,Veillonellales-Selenomonadales,Sporomusaceae,midas_g_76603,midas_s_76603,0.025303
79e1085555941c59c02fe10d0db42b77,Bacteria,Firmicutes,Clostridia,Oscillospirales,Hungateiclostridiaceae,HN-HF0106,,0.003183
8d741499ee8a83b6ede29efd8892e70b,Bacteria,Proteobacteria,Gammaproteobacteria,Legionellales,Legionellaceae,Legionella,,0.003183
659345ab0b295a524c8158295f1b7e49,Bacteria,Firmicutes,Bacilli,Bacillales,Bacillaceae,Bacillus,midas_s_65169,0.003183
5e08663561b972be66344edb87da4e3d,Bacteria,Proteobacteria,Alphaproteobacteria,Azospirillales,midas_f_406,Stella,midas_s_406,0.003183
e3ef2cba7805de59638a581426ab70a9,Bacteria,Chloroflexi,Anaerolineae,Anaerolineales,Anaerolineaceae,midas_g_9913,midas_s_50426,0.003183
fd6e07eef3a5baacd89506ae84fb2ea6,Bacteria,Verrucomicrobiota,Chlamydiae,Chlamydiales,Parachlamydiaceae,Neochlamydia,midas_s_82383,0.003183
f654394f0d0084baf14a287ec94d12aa,Bacteria,Firmicutes,D8A-2,midas_o_5025,midas_f_93128,,,0.003183
45d5fa1bed1dc5a9ecf8c62ff7ebbdd1,Bacteria,Proteobacteria,Alphaproteobacteria,Rhizobiales,Devosiaceae,Devosia,,0.003183
39cabc06fe765618dfcb8000e03424ca,Bacteria,Verrucomicrobiota,Chlamydiae,Chlamydiales,Parachlamydiaceae,Neochlamydia,midas_s_82383,0.003183
26c822a9da99f48bc5eabddbeda2a1e8,Bacteria,,,,,,,0.003183
87e8ae9b41dbcd0ad54be2513a8f7489,Bacteria,Firmicutes,Clostridia,Christensenellales,Christensenellaceae,midas_g_69791,midas_s_69791,0.003183
7ee5506b56675190c1b39ceb2fef6b12,Bacteria,Chloroflexi,Anaerolineae,midas_o_1,midas_f_813,midas_g_813,midas_s_108503,0.003183
7b38bded14744e6cd6bceb54464983f4,Bacteria,Planctomycetota,Planctomycetes,Pirellulales,Pirellulaceae,Pirellula,midas_s_24191,0.003183
ff4f8ed709d325dc85df91881e419164,Bacteria,Firmicutes,Limnochordia,MBA03,midas_f_112,,,0.003183
7e87704cad17d9767ed0a558cf847a28,Bacteria,Firmicutes,Clostridia,Christensenellales,Christensenellaceae,Christensenellaceae_R-7_group,midas_s_9511,0.003183
9d4eef533118fb8ade7389906d38038e,Bacteria,Actinobacteriota,Actinobacteria,Propionibacteriales,Propionibacteriaceae,Luteococcus,,0.003183
8d3f2463af90ed9f59bbda873534edc0,Bacteria,Actinobacteriota,Actinobacteria,Pseudonocardiales,Pseudonocardiaceae,Actinomycetospora,Actinomycetospora_lutea,0.003183
4b673256fb96d4b936e393f3f45d4f47,Bacteria,Planctomycetota,Planctomycetes,Isosphaerales,Isosphaeraceae,Paludisphaera,,0.003183
c010039c9d795c2923840493ddf8c086,Bacteria,Chloroflexi,Anaerolineae,Anaerolineales,Anaerolineaceae,Ca_Brevefilum,midas_s_40470,0.003183
dee648358426ec8050d91246a7da2777,Bacteria,Firmicutes,Syntrophomonadia,Syntrophomonadales,Syntrophomonadaceae,Syntrophomonas,,0.003183
5fc9b3b833ee5fc9ddee11259db3940d,Bacteria,Actinobacteriota,Actinobacteria,Micrococcales,Dermatophilaceae,midas_g_739,midas_s_8771,0.003183
5081262c6f6941b26ee33cafbc0a2c31,Bacteria,Proteobacteria,Alphaproteobacteria,Rhizobiales,Xanthobacteraceae,Xanthobacter,Xanthobacter_agilis,0.003183
f70d306dce5ac4969fdb6c1711131421,Bacteria,Chloroflexi,Anaerolineae,RBG-13-54-9,midas_f_5792,midas_g_119075,midas_s_119075,0.003183
55eea1d4d02e89a3fec4e0d929946361,Bacteria,Proteobacteria,Gammaproteobacteria,Burkholderiales,Methylophilaceae,,,0.003183
16bd85d98b01823963164e514e5c1da4,Bacteria,Actinobacteriota,Actinobacteria,Bifidobacteriales,Bifidobacteriaceae,Bifidobacterium,midas_s_116480,0.003183
98f44e3e61d018840fdce5dc524c719c,Bacteria,Bacteroidota,Bacteroidia,Cytophagales,Amoebophilaceae,Ca_Amoebophilus,midas_s_70953,0.003183
062cbfa9421131d2ab6418f8ee0385c6,Bacteria,Chloroflexi,Anaerolineae,RBG-13-54-9,midas_f_20645,midas_g_98374,midas_s_100532,0.003183
62464229dcef00e0856587086e1e2f9d,Bacteria,Actinobacteriota,WCHB1-81,midas_o_765,midas_f_765,midas_g_27766,midas_s_27766,0.003183
fb23f61e952a0a57ca3e763d8ad1f157,Bacteria,Planctomycetota,Planctomycetes,Pirellulales,Pirellulaceae,midas_g_1097,midas_s_4608,0.003183
571f6e6cd40b8548c4d3acff7572c04d,Bacteria,Chloroflexi,Anaerolineae,RBG-13-54-9,midas_f_2772,,,0.003183
938444186689c6c81498c229f4fdfc25,Bacteria,Firmicutes,Limnochordia,MBA03,midas_f_112,midas_g_118905,midas_s_118905,0.003183
7d695607cd250aaa3167220d1f1b4cf0,Bacteria,Actinobacteriota,Coriobacteriia,Coriobacteriales,Atopobiaceae,Atopobium,midas_s_3545,0.003183
37f3685c73e70deca8c822eb745ced49,Bacteria,Actinobacteriota,Actinobacteria,Propionibacteriales,Nocardioidaceae,Nocardioides,midas_s_625,0.003183
e75112095b671ec01db52f4beeb04879,Bacteria,Firmicutes,Clostridia,Christensenellales,Christensenellaceae,Christensenellaceae_R-7_group,midas_s_47352,0.003183
5a53ad0b5b9bb5681456ed32f72110e7,Bacteria,Actinobacteriota,Actinobacteria,Corynebacteriales,Nocardiaceae,Millisia,Millisia_brevis,0.003183
b13f720636b1c50245daf019257f2c37,Bacteria,Firmicutes,Bacilli,,,,,0.003183
b6acd0e458ddc4258d7622929617346d,Bacteria,Proteobacteria,Alphaproteobacteria,Rhizobiales,Xanthobacteraceae,Afipia,,0.003183
534aa0050da6044b57409f3606d33c40,Bacteria,Proteobacteria,Gammaproteobacteria,Burkholderiales,Comamonadaceae,Hydrogenophaga,,0.003183
842ba3e9826daf645e7765f4bb0525be,Bacteria,Myxococcota,Polyangia,Polyangiales,,,,0.003183
1ff5beccb7eb535d2fdcc1c7ce513ea5,Bacteria,Firmicutes,Moorellia,Desulfitibacterales,Desulfitibacteraceae,Desulfitibacter,,0.003183
179413bba78ea1fc349ad7186b4f47c1,Bacteria,Planctomycetota,Planctomycetes,Isosphaerales,Isosphaeraceae,,,0.003183
99b7d01a509e8d23e7ea8ddc8c916745,Bacteria,Firmicutes,,,,,,0.003183
c5aceb1c0837567d8fd6258bde60c07e,Bacteria,Acidobacteriota,Vicinamibacteria,Vicinamibacterales,midas_f_352,midas_g_2780,midas_s_4149,0.009242
410e95b05efd63867444aa0a2458b97c,Bacteria,Planctomycetota,Planctomycetes,Pirellulales,Pirellulaceae,Pirellula,midas_s_3991,0.012322
94a6d209f6cf2ffadcf52fbaf974fa6b,Archaea,Euryarchaeota,Methanobacteria,Methanobacteriales,Methanobacteriaceae,Methanobacterium,,0.002615
931f5be1037c1c313cde89dcc9b3474e,Bacteria,Firmicutes,Clostridia,Peptostreptococcales-Tissierellales,Peptostreptococcaceae,Terrisporobacter,,0.002615
ac0039723d07f8589ce17bb3395a8ff5,Bacteria,Firmicutes,Bacilli,Bacillales,Bacillaceae,Bacillus,midas_s_108787,0.002615
f30d2084ebd9ba46d4b05f86cf1dfa7b,Bacteria,Firmicutes,Clostridia,Oscillospirales,Oscillospiraceae,Oscillibacter,,0.002615
7809979fa1370bb575a71ab75a91bb93,Bacteria,Firmicutes,Clostridia,Peptostreptococcales-Tissierellales,Sedimentibacteraceae,Sedimentibacter,,0.00115
9f9dc639a87edbd78a80205416ee2fd2,Bacteria,Desulfobacterota,Syntrophia,Syntrophales,Syntrophaceae,Syntrophus,,0.036967
3d20b16bfe9d7734e33948f1f8eacf77,Bacteria,Proteobacteria,Alphaproteobacteria,Acetobacterales,Acetobacteraceae,Roseomonas,,0.036967
3534bf6410f7b813b875b92efd3d15cb,Bacteria,Firmicutes,Clostridia,Peptostreptococcales-Tissierellales,Anaerovoracaceae,Amnipila,midas_s_114738,0.036967
d23ffb5c240be9a208a05716348d5992,Bacteria,Firmicutes,Clostridia,Oscillospirales,UCG-010,midas_g_1684,midas_s_1684,0.036967
d9b00c82e52301fcc6aeb62bd47aa2de,Bacteria,Proteobacteria,Gammaproteobacteria,Pseudomonadales,Spongiibacteraceae,BD1-7_clade,midas_s_263,0.036967
e177449d13e7691bd905e572eb826936,Bacteria,Bacteroidota,Bacteroidia,Bacteroidales,Bacteroidetes_vadinHA17,midas_g_7659,midas_s_7659,0.036967
5195eee30ed1c509d010d20c3909e846,Bacteria,Actinobacteriota,Acidimicrobiia,Microtrichales,Microtrichaceae,IMCC26207,,0.036967
4aff8b715435747567cbc4ee9c82fb8b,Bacteria,Firmicutes,Desulfitobacteriia,Desulfitobacteriales,Syntrophobotulaceae,,,0.002327
a2d71ade86c83ee8cbe7141a71281db6,Bacteria,Planctomycetota,Planctomycetes,Isosphaerales,Isosphaeraceae,,,0.002918
fa3a634a3d5d11bab288b00d2d5369cc,Bacteria,Actinobacteriota,Actinobacteria,Propionibacteriales,Propionibacteriaceae,midas_g_49,,0.002918
4f90f8f67d96381936a8ea4b6bd9234c,Bacteria,Firmicutes,Clostridia,Oscillospirales,Ruminococcaceae,Ruminococcus,Ruminococcus_callidus,0.002918
a594a2db0ceea408a3931a4465c05420,Bacteria,Actinobacteriota,Actinobacteria,Corynebacteriales,Nocardiaceae,Rhodococcus,midas_s_40773,0.002918
ccd8c51003c6724304379157cbbb67a3,Bacteria,Chloroflexi,Chloroflexia,Thermomicrobiales,JG30-KF-CM45,midas_g_6223,midas_s_18165,0.002918
826ce0379ee559bbbabb1289906f8823,Bacteria,Firmicutes,Clostridia,Oscillospirales,UCG-010,midas_g_92120,midas_s_92120,0.002918
b3b12b9ab4a7ba52db234d329bd0ff98,Bacteria,Firmicutes,Clostridia,Clostridia_UCG-014,midas_f_4482,midas_g_4482,midas_s_4482,0.002918
9e5f7d2247ac749d50a226417b3cd59b,Bacteria,Proteobacteria,Alphaproteobacteria,Holosporales,Holosporaceae,midas_g_37538,midas_s_59744,0.002918
4a776a15babf55b56fb4bc95c435aaed,Bacteria,Proteobacteria,Alphaproteobacteria,Caulobacterales,Caulobacteraceae,Phenylobacterium,,0.002918
570d2782ac8b4697b37c5a7fcce2c38f,Bacteria,Planctomycetota,Planctomycetes,Planctomycetales,midas_f_1792,midas_g_84097,midas_s_119307,0.002918
a7c8ce74f4fdc4ec58c5c54c9b1fda2a,Bacteria,Proteobacteria,Alphaproteobacteria,Rhizobiales,A0839,midas_g_694,midas_s_14371,0.002918
6fdf97e983896ead9e2ae8cce7c97f46,Bacteria,Firmicutes,Clostridia,Oscillospirales,Hungateiclostridiaceae,Fastidiosipila,midas_s_605,0.002918
58cd0f7f937effa7c5ed5dbe7e5cc864,Bacteria,Chloroflexi,Anaerolineae,Anaerolineales,Anaerolineaceae,midas_g_9913,midas_s_120176,0.002918
eaa037ee5d32a43f07a4cbfaf7080884,Bacteria,Firmicutes,Clostridia,Christensenellales,Christensenellaceae,Christensenellaceae_R-7_group,,0.002918
f21e69f460e0f5a2ab946c9cbc535b27,Bacteria,Firmicutes,Clostridia,Clostridia_vadinBB60_group,midas_f_84699,midas_g_115334,midas_s_115334,0.002918
c8222ef3d31112ff4823bdb94a7eae2b,Bacteria,Proteobacteria,Alphaproteobacteria,Sphingomonadales,Sphingomonadaceae,,,0.002918
a74a7a8b9015b0732f8101e2f67c8f32,Bacteria,Proteobacteria,Gammaproteobacteria,Burkholderiales,Comamonadaceae,,,0.002918
ea356eadfcbbc83181a30eade6da43f4,Bacteria,Proteobacteria,Alphaproteobacteria,Rhodobacterales,Rhodobacteraceae,Paracoccus,,0.002918
b53ee4129079a6b4885428c4e2a408f9,Bacteria,Proteobacteria,Alphaproteobacteria,Rhodobacterales,Rhodobacteraceae,,,0.002918
708043a43693e1145f5e15e5ee3b2b06,Bacteria,Bacteroidota,Bacteroidia,Chitinophagales,Chitinophagaceae,,,0.002918
0c3ea3339f3a3be523e02cefed4aaa10,Bacteria,Actinobacteriota,Actinobacteria,Actinomycetales,Actinomycetaceae,Actinomyces,midas_s_51989,0.002918
ab35a6efdcbec8500e2fb023169fe78a,Bacteria,Proteobacteria,Alphaproteobacteria,Rhizobiales,Rhizobiaceae,Aminobacter,midas_s_4148,0.002918
31d88ad972b0a11f159439daf1fe7367,Bacteria,Actinobacteriota,Actinobacteria,Propionibacteriales,Propionibacteriaceae,Microlunatus,,0.002918
3f36ab74340cc11784c5f0c58099e15e,Bacteria,Actinobacteriota,Actinobacteria,Propionibacteriales,Propionibacteriaceae,,,0.002918
a1919f68c3e5bd0c8c85ce6c4a407a81,Bacteria,Actinobacteriota,Actinobacteria,Propionibacteriales,Propionibacteriaceae,Propioniciclava,midas_s_752,0.002918
1e12ac0d70169a9c084a739e040907b9,Bacteria,Actinobacteriota,Actinobacteria,Micromonosporales,Micromonosporaceae,Micromonospora,midas_s_116544,0.002918
24d1b9eb90c847a42a0dc2c748b53fd5,Bacteria,Bacteroidota,Bacteroidia,Bacteroidales,Rikenellaceae,Rikenellaceae_RC9_gut_group,midas_s_58,0.002918
1a78865d2083e443fbc5b19b0ea17fc5,Bacteria,Firmicutes,Clostridia,Monoglobales,Monoglobaceae,Monoglobus,midas_s_52816,0.002918
11506c8de798b3e79303f7afc3d782b6,Bacteria,Firmicutes,Clostridia,Peptostreptococcales-Tissierellales,Family_XI,Gallicola,,0.002918
5d55d069c4109b5fc7cd290e947e5c8e,Bacteria,Proteobacteria,Alphaproteobacteria,Rhodobacterales,Rhodobacteraceae,midas_g_2171,midas_s_2171,0.002918
cf93fb824641ba2cdbfddf60b0590131,Bacteria,Firmicutes,Clostridia,Monoglobales,Monoglobaceae,,,0.002918
05db5feb6a21f195981e6dce06cb45f2,Bacteria,Caldatribacteriota,JS1,midas_o_230,midas_f_230,midas_g_230,midas_s_1436,0.002918
ba7f833e7c235bf589dd87a343592b6d,Bacteria,Firmicutes,Clostridia,Christensenellales,Christensenellaceae,Christensenellaceae_R-7_group,,0.002918
11e175aff64bc4cf4986007e12bfc628,Bacteria,Actinobacteriota,Actinobacteria,Propionibacteriales,Nocardioidaceae,Nocardioides,midas_s_44456,0.002918
e4738ae451a15c8bfd5229711b6b5361,Bacteria,Proteobacteria,Alphaproteobacteria,Sphingomonadales,Sphingomonadaceae,Novosphingobium,,0.002918
99b6b856e4676df229a6e3c11b183293,Bacteria,Proteobacteria,Alphaproteobacteria,Rhizobiales,Hyphomicrobiaceae,Pedomicrobium,midas_s_1270,0.002918
0c794e59b49f4c211fd8d27ef015d178,Bacteria,Planctomycetota,Planctomycetes,Pirellulales,Pirellulaceae,midas_g_22002,midas_s_22002,0.002918
8b36978991475cb71d3317e4daaf9e1a,Bacteria,Bacteroidota,Bacteroidia,Bacteroidales,Prolixibacteraceae,Roseimarinus,midas_s_2989,0.002918
2d2be8e2152e95e0f171c4b66568e6f9,Bacteria,Firmicutes,Clostridia,Christensenellales,Christensenellaceae,Christensenellaceae_R-7_group,,0.002918
922daae168c740d829141c432a8cdcd1,Bacteria,Proteobacteria,Gammaproteobacteria,Xanthomonadales,Xanthomonadaceae,Pseudoxanthomonas,,0.002918
6684f6190e4f3e23278528086ae25685,Bacteria,Actinobacteriota,Coriobacteriia,Coriobacteriales,Atopobiaceae,Atopobium,midas_s_103343,0.002918
d9975f13b5075673dd9bb396688bd678,Bacteria,Proteobacteria,Gammaproteobacteria,Burkholderiales,Comamonadaceae,,,0.002918
856f4e976cd8cb16d80b01f36ee9721a,Bacteria,Actinobacteriota,Thermoleophilia,Gaiellales,midas_f_269,midas_g_269,midas_s_28831,0.002918
8ed2c27daaea55b50ad23f3ffa313d87,Bacteria,Chloroflexi,Ktedonobacteria,C0119,midas_f_116278,midas_g_116278,midas_s_116278,0.002918
5c7c7b73a2ec4b36eb0c3adfcc84d9aa,Bacteria,Actinobacteriota,Actinobacteria,Corynebacteriales,Nocardiaceae,Gordonia,,0.002918
3a87ef2d0d0b72632e8f39d0320fcf93,Bacteria,Actinobacteriota,Actinobacteria,Frankiales,Nakamurellaceae,Nakamurella,midas_s_33602,0.002918
9212e9ff21fa9b50699aad28af029c33,Bacteria,Firmicutes,Clostridia,Eubacteriales,Garciellaceae,Irregularibacter,midas_s_99430,0.002918
82f3d62aabc8caf816ec2120e9c14bb5,Bacteria,Patescibacteria,Microgenomatia,Ca_Pacebacteria,midas_f_46393,midas_g_90235,midas_s_90235,0.012322
34f74c82bbd5954315b8ed382098d1c8,Bacteria,SAR324_cladeMarine_group_B,midas_c_814,midas_o_928,midas_f_4532,midas_g_4532,midas_s_4532,0.015403
d3abbc3a1ab2ef83f8acf34b86409689,Bacteria,Planctomycetota,Pla4_lineage,midas_o_53242,midas_f_53242,midas_g_53242,midas_s_53242,0.015403
ce2061796f0dee9838e806cd86488535,Bacteria,Caldisericota,Caldisericia,Caldisericales,WCHB1-02,midas_g_43349,midas_s_43349,0.021564
0d4a727aa1a6ad2e7284200ae5fbe3ad,Bacteria,Firmicutes,Clostridia,Lachnospirales,Lachnospiraceae,midas_g_41301,,0.002979
3faa67bb59d09a9a52decfdd672ebd37,Bacteria,Proteobacteria,Alphaproteobacteria,Reyranellales,Reyranellaceae,Reyranella,midas_s_52610,0.001625
e4726f3d57702fff7a622a277f09f348,Bacteria,Firmicutes,Clostridia,Clostridiales,Caloramatoraceae,Fonticella,midas_s_119527,0.002397
5e65654a36b93f550852d66910b0bc34,Bacteria,Firmicutes,Clostridia,Oscillospirales,Hungateiclostridiaceae,Ruminiclostridium,midas_s_73989,0.002397
a6aee8a6cd6ccba649514961ae6730e1,Bacteria,Firmicutes,Clostridia,Oscillospirales,Hungateiclostridiaceae,Fastidiosipila,,0.001308
85bc1a55639b9e35e2eed34f4c78295a,Bacteria,Bacteroidota,Bacteroidia,Bacteroidales,Bacteroidales_UCG-001,midas_g_1138,midas_s_1138,0.033887
609733ff2721728a0474bb5c78c56ce6,Bacteria,Firmicutes,Bacilli,Izemoplasmatales,midas_f_16343,midas_g_16978,midas_s_16978,0.033887
d32b216fc90bc092634d87dbc9e8baab,Bacteria,Verrucomicrobiota,Verrucomicrobiae,LD1-PB3,midas_f_131,midas_g_131,midas_s_208,0.033887
28d35817f6313b2677fe3ce645be7fa4,Bacteria,Patescibacteria,Microgenomatia,Ca_Shapirobacteria,midas_f_2290,midas_g_2793,midas_s_2793,0.033887
959ee68dee7a677fe1541cf45d8d0ac6,Bacteria,WPS-2,midas_c_55,midas_o_1194,midas_f_1770,midas_g_2901,midas_s_3679,0.033887
c8feb8ca9cb7d65e44118c2b9afc7324,Bacteria,Cloacimonadota,Cloacimonadia,Cloacimonadales,Cloacimonadaceae,W5,,0.033887
e679135d9188dd08e7318e906ef29a80,Bacteria,Firmicutes,Clostridia,Christensenellales,Christensenellaceae,Christensenellaceae_R-7_group,,0.033887
8dddc010930174c81129a400de4404f2,Bacteria,Proteobacteria,Gammaproteobacteria,Burkholderiales,Sutterellaceae,AAP99,midas_s_564,0.033887
2f1368be39db6c82a0d6a9e99ef420c4,Bacteria,Firmicutes,Clostridia,Peptostreptococcales-Tissierellales,Anaerovoracaceae,Anaerovorax,midas_s_4047,0.033887
1af6c9627463cd82e97a6b4ea183b12a,Bacteria,Bdellovibrionota,Oligoflexia,053A03-B-DI-P58,midas_f_1662,midas_g_1662,midas_s_1662,0.033887
0ea9d792852d38833646e0b5bf48cc0f,Bacteria,Proteobacteria,Alphaproteobacteria,Rhodobacterales,Rhodobacteraceae,,,0.033887
be487433602cc1a744160a86bd546e04,Bacteria,Firmicutes,Clostridia,Peptococcales,Peptococcaceae,,,0.001013
aa58fe86d0f5e4b909114de614e7a57e,Bacteria,Synergistota,Synergistia,Synergistales,Synergistaceae,Syner-01,,0.001673
023bd97712c56fd071cfd4e6b41ee9c5,Archaea,Euryarchaeota,Methanobacteria,Methanobacteriales,Methanobacteriaceae,,,0.001673
d301ae11d7d28ed99b28fdee9ef67ac4,Bacteria,Firmicutes,Clostridia,Gracilibacteraceae,Gracilibacter,midas_g_669,,0.016112
72c3a9179d9dd5203fbaaceec278c7a9,Bacteria,Firmicutes,Clostridia,Christensenellales,Christensenellaceae,,,0.002201
0112df9b91ee10ca73426db0de32571b,Bacteria,Firmicutes,Clostridia,Christensenellales,Christensenellaceae,Christensenellaceae_R-7_group,,0.016821
b0aba9fc2245d2cb7e457364aa2205e4,Bacteria,Proteobacteria,Alphaproteobacteria,Rhizobiales,Xanthobacteraceae,Xanthobacter,midas_s_8674,0.034791
8bbe4e6022a5ec46e3ba035b8b3e5036,Bacteria,Proteobacteria,Gammaproteobacteria,midas_o_147,midas_f_29377,midas_g_110619,midas_s_110619,0.002652
102a50cfda4d5e455c29fbee9573d838,Bacteria,Proteobacteria,Gammaproteobacteria,Run-SP154,midas_f_27,midas_g_70,midas_s_70,0.002652
05f1e3ae2775e34620e57edf62271d6d,Bacteria,Firmicutes,Clostridia,Monoglobales,Monoglobaceae,midas_g_115519,midas_s_115519,0.002652
d035ec5e6c52ae02c608835230dde4b7,Bacteria,Firmicutes,Clostridia,Oscillospirales,Ruminococcaceae,Ruminococcus,midas_s_24340,0.002652
6406af9ddc919e08f4d05e707fd141d4,Bacteria,Proteobacteria,Alphaproteobacteria,Rhodobacterales,Rhodobacteraceae,midas_g_155,midas_s_278,0.002652
0125f2eadef50a0a739c1537d792cf24,Bacteria,Verrucomicrobiota,Chlamydiae,Chlamydiales,Parachlamydiaceae,Neochlamydia,midas_s_82383,0.002652
62cb0689453660fcfba1346b1152bc84,Bacteria,Chloroflexi,Chloroflexia,Thermomicrobiales,JG30-KF-CM45,midas_g_4042,,0.002652
ebe91a7d912f432d8726b0cef99d18c3,Bacteria,Firmicutes,Clostridia,Lachnospirales,Lachnospiraceae,Roseburia,midas_s_71185,0.002652
b4437357383387ed0937aeb891b767d2,Bacteria,Actinobacteriota,Thermoleophilia,Gaiellales,midas_f_3270,midas_g_5098,midas_s_5098,0.002652
79731579b17268e3805c05662db8b5a6,Bacteria,Firmicutes,Bacilli,Bacillales,Bacillaceae,midas_g_114498,midas_s_114498,0.002652
477ebf0ce71e93b505183b46f1d1c310,Bacteria,Firmicutes,Clostridia,Oscillospirales,Ruminococcaceae,Ruminococcus,midas_s_23224,0.002652
fe2c23e02d96027ea381e1da7283d3ff,Bacteria,Proteobacteria,Gammaproteobacteria,Burkholderiales,Comamonadaceae,Ottowia,,0.002652
ba48df38cee6b17f2eda82b87095c240,Bacteria,Chloroflexi,Anaerolineae,RBG-13-54-9,midas_f_20645,midas_g_98170,midas_s_98170,0.002652
c4047091d558ea01dc3b6702ba3278c7,Bacteria,Spirochaetota,Spirochaetia,Spirochaetales,Spirochaetaceae,midas_g_7329,midas_s_63813,0.002652
a6a36906813434ce2d18626305b1564a,Bacteria,Proteobacteria,Gammaproteobacteria,Legionellales,Legionellaceae,Legionella,midas_s_44183,0.002652
a5687ae218d670b18de3577539a459e3,Bacteria,Bdellovibrionota,Oligoflexia,0319-6G20,midas_f_3092,,,0.002652
4afc7e5bf81aaf214149bfaa2ffa5edf,Bacteria,Proteobacteria,Gammaproteobacteria,Burkholderiales,Methylophilaceae,UBA6140,midas_s_21374,0.002652
6bb8346dab9a3a0256b22ca23f399e86,Bacteria,Firmicutes,Clostridia,Christensenellales,Christensenellaceae,midas_g_40543,,0.002652
0a23a3ed1cbe71a195745b3c5ea25d68,Bacteria,WS1,midas_c_796,midas_o_796,midas_f_2296,midas_g_3409,,0.002652
66a02ed3c1738629e43ea7ca4005dafa,Bacteria,Firmicutes,Clostridia,Clostridiales,Oxobacteraceae,,,0.002652
f4a24bc6456b7cb91afeb18832b4c18d,Bacteria,Proteobacteria,Gammaproteobacteria,Legionellales,Legionellaceae,Legionella,,0.002652
36bf04a857c2cb66cc9cb9d09ff71ad4,Bacteria,Proteobacteria,Gammaproteobacteria,Burkholderiales,Alcaligenaceae,Eoetvoesia,Eoetvoesia_caeni,0.002652
6291d6ddf701717cb4dadaf9fe7f3ad3,Bacteria,Planctomycetota,Planctomycetes,Pirellulales,Pirellulaceae,midas_g_55095,midas_s_55095,0.002652
c7ee36f726ae061be7e613876b497945,Bacteria,Chloroflexi,KD4-96,midas_o_3277,midas_f_6180,midas_g_6180,,0.002652
347f05aadc3de2fe5237432c42d041b5,Bacteria,Actinobacteriota,Actinobacteria,Actinomycetales,Actinomycetaceae,Actinomyces,midas_s_4035,0.002652
8c244456b056b6b07dd3fe3de07754c0,Bacteria,Planctomycetota,Phycisphaerae,Phycisphaerales,Phycisphaeraceae,midas_g_14240,midas_s_14240,0.002652
dc8f5ffb4f5fe578b41f078fe854247c,Bacteria,Proteobacteria,Alphaproteobacteria,Micropepsales,Micropepsaceae,midas_g_4351,midas_s_25613,0.002652
b83c05fb785fc037d554a6f40d8e7774,Bacteria,Actinobacteriota,Acidimicrobiia,Microtrichales,Microtrichaceae,IMCC26207,,0.002652
68bb557729fb17fa6cf8426461cb3d96,Bacteria,Proteobacteria,Alphaproteobacteria,Rhizobiales,Kaistiaceae,Kaistia,Kaistia_hirudinis,0.002652
1fbebf41466cae9d33a4701c944cb55d,Bacteria,Planctomycetota,Planctomycetes,Pirellulales,Pirellulaceae,Blastopirellula,midas_s_3634,0.002652
bbb265fb3e7a0752ebf597a8844bfc16,Bacteria,Bacteroidota,Bacteroidia,Flavobacteriales,Flavobacteriaceae,Flavobacterium,midas_s_9697,0.002652
527d5108a6ce397729d5a554b1bf5e44,Bacteria,Proteobacteria,Gammaproteobacteria,Legionellales,Legionellaceae,Legionella,midas_s_74945,0.002652
ed129574cd3b032d712d56b5aae6be05,Bacteria,Actinobacteriota,Actinobacteria,Propionibacteriales,Propionibacteriaceae,Propionicicella,,0.002652
5695cd2c25b48c99a4e5f409fc3f94ea,Bacteria,Firmicutes,Clostridia,Christensenellales,Christensenellaceae,midas_g_102591,midas_s_102591,0.002652
b1cb97aa18b863512ee21e70268186ac,Bacteria,Firmicutes,Clostridia,Oscillospirales,Hungateiclostridiaceae,HN-HF0106,,0.002652
75c43bd66f718ca75507ff5efd6e4ccb,Bacteria,Proteobacteria,Alphaproteobacteria,Sphingomonadales,Sphingomonadaceae,Novosphingobium,,0.002652
cc62bd14054a6830336f48d19ccb7fb7,Bacteria,Proteobacteria,Alphaproteobacteria,Rhizobiales,Xanthobacteraceae,Afipia,midas_s_34042,0.002652
32987fc28625ec2b81822b0fdaa91275,Bacteria,Firmicutes,Clostridia,Caldicoprobacterales,Caldicoprobacteraceae,Caldicoprobacter,midas_s_115040,0.002652
87aaf6c235f6de90e49dbd7cb8369b3a,Bacteria,Actinobacteriota,Actinobacteria,Micrococcales,Microbacteriaceae,Leucobacter,,0.002652
33428c03ea0cb71b8769c049e677faaa,Bacteria,Actinobacteriota,Actinobacteria,Micrococcales,Microbacteriaceae,Microbacterium,,0.002652
7b28257e7072537ea4bb77e10e2333cc,Bacteria,Firmicutes,Clostridia,Clostridia_vadinBB60_group,midas_f_54,midas_g_4325,midas_s_4325,0.002652
2db5ad6c3ba987db0d8d5ff958a3cf38,Bacteria,Firmicutes,Moorellia,Desulfitibacterales,Desulfitibacteraceae,Desulfitibacter,midas_s_115332,0.002652
52bbb433f19eef3b3b7f88453db7aeb4,Bacteria,Bacteroidota,Bacteroidia,Bacteroidales,Rikenellaceae,midas_g_1227,midas_s_1227,0.002652
ed541c87d5df87ae71fac96b59bc34aa,Bacteria,Proteobacteria,Alphaproteobacteria,Sphingomonadales,Sphingomonadaceae,Sphingopyxis,,0.002652
316a647c6d79dda84bd598e67148ca47,Bacteria,Proteobacteria,Alphaproteobacteria,Rhodobacterales,Rhodobacteraceae,Defluviimonas,,0.002652
e96b5191533b55b247369d8649d8458d,Bacteria,Bacteroidota,Kapabacteria,Kapabacteriales,midas_f_2685,midas_g_4773,midas_s_4773,0.021564
147d62339ee971ef76541998e68ae85f,Bacteria,Proteobacteria,Alphaproteobacteria,Rhizobiales,,,,0.006096
2cfccf020554e11e7539dd993cba6a0e,Bacteria,Firmicutes,Clostridia,Oscillospirales,Hungateiclostridiaceae,,,0.00115
8f1916d21f568321064dd9348e295557,Bacteria,Firmicutes,Clostridia,Peptostreptococcales-Tissierellales,Anaerovoracaceae,,,0.002708
87c086aa8d08ea34c86a236167ecfaae,Bacteria,Firmicutes,Clostridia,Christensenellales,Christensenellaceae,,,0.002708
ad044e27597f7c321516675ab284767e,Bacteria,Bacteroidota,Bacteroidia,Bacteroidales,Dysgonomonadaceae,Proteiniphilum,,0.002708
efbf41ef6305f10672073c212c671a34,Bacteria,Firmicutes,Clostridia,Christensenellales,Christensenellaceae,,,0.001354
3ce149b2036b09491c253ded0e4d44a0,Bacteria,Proteobacteria,Gammaproteobacteria,Enterobacterales,Enterobacteriaceae,,,0.002179
173a7aab3bd6f1f6811b232f07dc1c3c,Bacteria,Proteobacteria,Gammaproteobacteria,Burkholderiales,Alcaligenaceae,Alcaligenes,,0.002179
30e37ad8c5069c7422d918c06234c077,Bacteria,Proteobacteria,Gammaproteobacteria,Burkholderiales,Comamonadaceae,,,0.030806
10b6b184facb45c5d65fdd366d251c34,Bacteria,Bacteroidota,Bacteroidia,Bacteroidales,Tannerellaceae,Macellibacteroides,midas_s_3798,0.030806
53bd29e551ba399226ce99e06ee5e31b,Bacteria,Firmicutes,Clostridia,Oscillospirales,UCG-010,midas_g_4279,midas_s_4279,0.030806
ac55accdeaf5d678b973cc5061f19e64,Bacteria,Spirochaetota,Leptospirae,Leptospirales,Leptospiraceae,RBG-16-49-21,midas_s_93059,0.030806
1264d7f3ce202f7732de351912bfda5e,Bacteria,Spirochaetota,Leptospirae,Leptospirales,Leptospiraceae,RBG-16-49-21,,0.030806
a77c9d2b8200bef0d694237279a593f8,Bacteria,Verrucomicrobiota,Kiritimatiellae,WCHB1-41,midas_f_4575,midas_g_4575,midas_s_4575,0.030806
28fb272909cf6fa14f7019229dc1b994,Bacteria,Firmicutes,Negativicutes,Acidaminococcales,Acidaminococcaceae,,,0.030806
14ba1f19338b039eaa6ddedfb7c78f7e,Bacteria,Chloroflexi,Anaerolineae,1-20,midas_f_105,Ca_Pachofilum,midas_s_550,0.030806
42472e31acff294fdf22a25f46752c45,Bacteria,Actinobacteriota,Acidimicrobiia,Microtrichales,Ilumatobacteraceae,CL500-29_marine_group,midas_s_24392,0.030806
9b29795b6a07b073b71d5196ded69d85,Bacteria,Bacteroidota,Bacteroidia,Bacteroidales,Williamwhitmaniaceae,Blvii28_wastewater-sludge_group,midas_s_96359,0.030806
ce7cc0fd0e5319b6271c2a7b5fe54896,Bacteria,Firmicutes,Clostridia,Peptostreptococcales-Tissierellales,Family_XI,Tepidimicrobium,midas_s_102195,0.002027
78a0364df0e0d26085d92c0946f18d33,Bacteria,Bacteroidota,Bacteroidia,Bacteroidales,Dysgonomonadaceae,Petrimonas,midas_s_110756,0.001521
522c7a0c6142aec0c66fafcf71cd5223,Bacteria,Bacteroidota,Bacteroidia,Sphingobacteriales,Lentimicrobiaceae,Lentimicrobium,,0.001521
1aede2d5c2e052cf33e4fbbc76abf4bb,Archaea,Halobacterota,Methanosarcinia,Methanosarciniales,Methanosarcinaceae,Methanosarcina,,0.001521
3ebc45cb057728ffa06e667125c116fd,Bacteria,Desulfobacterota,Desulfovibrionia,Desulfovibrionales,Desulfovibrionaceae,Desulfovibrio,,0.002001
c6e107ed1e85e47112f11877f3145a7a,Bacteria,Firmicutes,Clostridia,Oscillospirales,Hydrogenoanaerobacterium,,,0.001401
abb5010d272a80f960bc66a0fade6593,Bacteria,Firmicutes,Clostridia,Oscillospirales,Ruminococcaceae,,,0.002156
f9a66a17b5f9dce559c28ff645d872b3,Bacteria,Firmicutes,Syntrophomonadia,Syntrophomonadales,Syntrophomonadaceae,Syntrophomonas,,0.005389
1eb531d7f3ea89a9ead56eda443560cd,Bacteria,Proteobacteria,Alphaproteobacteria,Sphingomonadales,Sphingomonadaceae,Sphingopyxis,,0.002156
ab8d396cc48256dc50ec98bcc4419d8b,Bacteria,Firmicutes,Symbiobacteriia,Symbiobacteriales,Symbiobacteraceae,Symbiobacterium,midas_s_108838,0.000846
3cce19ea306b1aafd7cd22fdc1bcefd6,Bacteria,Firmicutes,Negativicutes,Veillonellales-Selenomonadales,,,,0.012651
1c9743174dcdb5dacbd049ba550f23f8,Bacteria,Chloroflexi,Anaerolineae,SBR1031,midas_f_1469,midas_g_2178,midas_s_32403,0.001583
6d6f4c93d09d73073c55fef2decc5e58,Bacteria,Dependentiae,Babeliae,Babeliales,Babeliaceae,midas_g_6616,midas_s_31726,0.002387
29924e75bce2dffe324f99988900e268,Bacteria,Proteobacteria,Gammaproteobacteria,midas_o_147,midas_f_29377,midas_g_110619,midas_s_110619,0.002387
a42258463565d8531ac1fbcbcb5558fd,Bacteria,Actinobacteriota,Thermoleophilia,Solirubrobacterales,Solirubrobacteraceae,Conexibacter,midas_s_18538,0.002387
1c4637de71fcd2eaffb3ce3dfac5900b,Bacteria,Chloroflexi,Anaerolineae,Anaerolineales,Anaerolineaceae,midas_g_51462,,0.002387
7aaabccf2857ac0f0872b94bd0f656d3,Bacteria,Proteobacteria,Gammaproteobacteria,Xanthomonadales,Rhodanobacteraceae,Rhodanobacter,,0.002387
5c9fb7a940057c1f9f962c0feb1bab79,Bacteria,Firmicutes,Clostridia,Clostridiales,Clostridiaceae,,,0.002387
91f0e5c44114d5c9a43a1eec10154a17,Bacteria,Firmicutes,Clostridia,Clostridiales,Clostridiaceae,Clostridium_sensu_stricto_12,,0.002387
be2e14e36e0980340c6a5106d0ebf887,Bacteria,Proteobacteria,Alphaproteobacteria,Rhizobiales,Xanthobacteraceae,midas_g_251,midas_s_40482,0.002387
41c2b1997c23cb128c7a5fe3586fe2cd,Bacteria,Actinobacteriota,Actinobacteria,Propionibacteriales,Propionibacteriaceae,Propioniciclava,,0.002387
63127b43a7584c83207f3213ebd51a60,Bacteria,Proteobacteria,Gammaproteobacteria,Burkholderiales,Alcaligenaceae,,,0.002387
dce9d93a9449b78d7b3f809249923607,Bacteria,Actinobacteriota,RBG-16-55-12,midas_o_1092,midas_f_1092,midas_g_1092,midas_s_110641,0.002387
5ef9c96b68ed0d81bec10c4b79e562a8,Bacteria,Actinobacteriota,Actinobacteria,Corynebacteriales,Nocardiaceae,Gordonia,,0.002387
419a137f2ad50bcbc7cd2b296d34e524,Bacteria,Planctomycetota,Planctomycetes,Pirellulales,Pirellulaceae,Pir4_lineage,midas_s_76085,0.002387
1be3827e47b5c470292d2d3200f1aa5e,Bacteria,Planctomycetota,Planctomycetes,Pirellulales,Pirellulaceae,Pir4_lineage,,0.002387
260f47af70cb0a395a7ad53f17bdced2,Bacteria,Planctomycetota,Planctomycetes,Pirellulales,Pirellulaceae,Pirellula,midas_s_119445,0.002387
b2378dc0ed02b4859dec7c88db7efeb0,Bacteria,Planctomycetota,Planctomycetes,Isosphaerales,Isosphaeraceae,,,0.002387
23f3e8af4976b7963035af445f28e69e,Bacteria,Firmicutes,Dethiobacteria,Dethiobacterales,Dethiobacteraceae,midas_g_114992,midas_s_114992,0.002387
377137e62970b518f66505eab179329e,Bacteria,Actinobacteriota,Acidimicrobiia,IMCC26256,midas_f_641,midas_g_641,midas_s_7310,0.002387
52b604057878bf8752f3a1b04785376f,Bacteria,Firmicutes,Clostridia,Clostridia_vadinBB60_group,midas_f_38442,midas_g_38442,midas_s_93421,0.002387
e1a9800482df461df81429b3b8f859a1,Bacteria,Firmicutes,Clostridia,Peptostreptococcales-Tissierellales,Anaerovoracaceae,Mogibacterium,midas_s_8932,0.002387
86648abd0094f1568a386360dcba7034,Bacteria,Proteobacteria,Gammaproteobacteria,midas_o_147,midas_f_3187,midas_g_3187,midas_s_3187,0.002387
2dbf2a077fcce4d00fd8aa9472955ceb,Bacteria,Chloroflexi,Anaerolineae,SBR1031,midas_f_1469,midas_g_2178,midas_s_52041,0.002387
d892477defe0f9cdd8909406acda6427,Bacteria,Firmicutes,Clostridia,Christensenellales,Christensenellaceae,midas_g_110563,midas_s_110563,0.002387
117d3b82912eec34fc2dd0e5e32afe1f,Bacteria,Firmicutes,Syntrophomonadia,Syntrophomonadales,Syntrophomonadaceae,Syntrophomonas,,0.002387
9d4a17911618ba9db170b62ca50ac4a3,Bacteria,Chloroflexi,Anaerolineae,Anaerolineales,Anaerolineaceae,midas_g_93238,midas_s_93238,0.002387
88d9d7a5f4454e47ced69c6c7391068b,Archaea,Halobacterota,Methanomicrobia,Methanomicrobiales,Methanospirillaceae,midas_g_93310,midas_s_93310,0.002387
4e54424feaf302b38dacbb7da4c883dd,Bacteria,Firmicutes,Clostridia,Lachnospirales,Lachnospiraceae,,,0.002387
3cf1742119ed5fa9647b23f85b3f9af1,Bacteria,Firmicutes,Clostridia,Lachnospirales,Lachnospiraceae,Blautia,Blautia_faecis,0.002387
9816db47f2611a30597851d70a0e62fd,Bacteria,Planctomycetota,Planctomycetes,Pirellulales,Pirellulaceae,midas_g_2898,midas_s_5105,0.002387
9c96f5d8a39fc651dd1265522f6dab70,Bacteria,Firmicutes,Clostridia,Christensenellales,Christensenellaceae,midas_g_1183,midas_s_1183,0.002387
56db17221a9724cad62ae9a36c453a81,Bacteria,Chloroflexi,Anaerolineae,Anaerolineales,Anaerolineaceae,Longilinea,midas_s_8542,0.002387
c601bfcd6b08e128ae6dfdcdb48400ed,Bacteria,Firmicutes,midas_c_4,midas_o_4,midas_f_222,midas_g_37494,,0.002387
0ca4dd10576aed42007187bfd0cb11c5,Bacteria,Proteobacteria,Gammaproteobacteria,midas_o_147,midas_f_3187,midas_g_3315,midas_s_28568,0.002387
f70e093acf38a2d3d8f0e88980b0293d,Bacteria,Firmicutes,Clostridia,Oscillospirales,Hungateiclostridiaceae,,,0.002387
49196b1aebe801d08aeafc3c6ee37b63,Bacteria,Firmicutes,Clostridia,Clostridiales,Clostridiaceae,,,0.002387
9f113facb493f17c8499fb47ff434602,Archaea,Crenarchaeota,Bathyarchaeia,midas_o_90791,midas_f_90791,midas_g_90791,,0.002387
513be4a37b7f822529b6bc15793afd03,Bacteria,Bacteroidota,Bacteroidia,Chitinophagales,Chitinophagaceae,,,0.002387
227b3993622857f90f1b3be1adaf17cd,Bacteria,Actinobacteriota,Actinobacteria,Propionibacteriales,Propionibacteriaceae,Propionicicella,midas_s_3443,0.002387
398b644c70b3a3b47d64e696f8b639fc,Archaea,Halobacterota,Methanomicrobia,Methanomicrobiales,Methanoregulaceae,Methanolinea,midas_s_118808,0.002387
074479d786da002e8256e36bc49904fa,Bacteria,Firmicutes,Clostridia,Christensenellales,Christensenellaceae,Christensenella,midas_s_87838,0.002387
4d14fe12857973bd0d0470a41c6e1a5a,Bacteria,Firmicutes,Negativicutes,Veillonellales-Selenomonadales,Sporomusaceae,midas_g_3252,midas_s_8366,0.002387
a3cb77034e3171f38574be30d580d64e,Bacteria,Proteobacteria,Alphaproteobacteria,Rhodobacterales,Rhodobacteraceae,Defluviimonas,,0.002387
a743ded8ab3e004a1671552ecbb9bb5b,Bacteria,Firmicutes,Clostridia,Lachnospirales,Defluviitaleaceae,Defluviitalea,midas_s_108705,0.002387
248422358abb94560c1fc2271904e71f,Bacteria,Proteobacteria,Gammaproteobacteria,Legionellales,Legionellaceae,Legionella,midas_s_73531,0.002387
d565cc730adacf032359b0bbd5840ed3,Bacteria,Firmicutes,Clostridia,Lachnospirales,Defluviitaleaceae,Defluviitalea,Defluviitalea_saccharophila,0.002387
115fd3d829ca9fb45630f07981cbcb73,Bacteria,Firmicutes,Negativicutes,Veillonellales-Selenomonadales,Sporomusaceae,midas_g_3252,,0.002387
8f41bea56ea28ecfb10b1e83a77ff160,Bacteria,Firmicutes,Clostridia,Clostridiales,Clostridiaceae,Clostridium_sensu_stricto_1,midas_s_56699,0.002387
8933321e7dbdf47e55a1ec83a6517e09,Bacteria,Proteobacteria,Alphaproteobacteria,Reyranellales,Reyranellaceae,Reyranella,midas_s_4068,0.002387
089e886fa6644f9380d46e458a8bf9d6,Bacteria,Bacteroidota,Bacteroidia,Bacteroidales,Rikenellaceae,Rikenellaceae_RC9_gut_group,,0.002387
1533932a1509abc329353a9d98d3f519,Bacteria,Proteobacteria,Alphaproteobacteria,Rhodobacterales,Rhodobacteraceae,Bauldia,midas_s_6764,0.002387
49e3be6db5eee89cd85b7d6f4210ec90,Bacteria,Desulfobacterota,Syntrophobacteria,Syntrophobacterales,Syntrophobacteraceae,Desulforhabdus,midas_s_49913,0.002387
400fe0a1f19db5477c9e37d1f2efcef3,Bacteria,Firmicutes,Bacilli,Brevibacillales,Brevibacillaceae,Brevibacillus,midas_s_113435,0.002387
6904ffb97cd865af71cbb684f9892107,Bacteria,Planctomycetota,Phycisphaerae,mle1-8,midas_f_1686,midas_g_81158,midas_s_81158,0.001061
639e75a54d67c9dc93cfa31100bdc6d9,Bacteria,Bacteroidota,Kapabacteria,Kapabacteriales,midas_f_3695,midas_g_3695,midas_s_3695,0.021564
ea45bee86d1ee90365290e8bef727fe5,Bacteria,Firmicutes,Clostridia,Proteinivoracales,midas_f_1799,midas_g_1799,midas_s_91638,0.002438
7e03bedb15626308fa00007db009033d,Bacteria,Proteobacteria,Gammaproteobacteria,Burkholderiales,Alcaligenaceae,Alcaligenes,Alcaligenes_endophyticus,0.002438
54cf58358cfa82b7dc7956916adbaf7e,Bacteria,Firmicutes,Clostridia,Christensenellales,Christensenellaceae,,,0.001625
a7ce2e12db2ff3b5fbac2cc8276cee0a,Bacteria,Firmicutes,Clostridia,Oscillospirales,Ruminococcaceae,Caproiciproducens,,0.022776
bdb4a8177d34d5e7899e74940d5e8d4d,Bacteria,Caldisericota,Caldisericia,Caldisericales,WCHB1-02,midas_g_16145,midas_s_18255,0.027726
627660d80a5a9ff20c533d134d2f8489,Bacteria,Firmicutes,Clostridia,Oscillospirales,Eubacterium_coprostanoligenes_group,midas_g_4626,midas_s_4626,0.027726
62582dc1dc0a4de7a816d608c479fb4a,Bacteria,Proteobacteria,Alphaproteobacteria,Micavibrionales,midas_f_2019,midas_g_16277,,0.027726
f28f33c94ad752ce04971fe370f2538e,Bacteria,Desulfobacterota,Syntrophia,Syntrophales,Syntrophaceae,Syntrophus,Syntrophus_buswellii,0.027726
39cb04a51e62389c21d35e2d695d65ee,Bacteria,Bacteroidota,Bacteroidia,Bacteroidales,Marinilabiliaceae,midas_g_2026,midas_s_82565,0.027726
b098523d1b3f58bbb80fe9308fb8912c,Bacteria,Patescibacteria,Gracilibacteria,Absconditabacteriales_SR1,midas_f_10858,midas_g_10858,,0.027726
d27891ec7eaa21b0099ce51c7b38bc5c,Bacteria,Planctomycetota,Planctomycetes,Planctomycetales,Rubinisphaeraceae,midas_g_1221,,0.027726
d61279a4131ed846136cac9c8c7c99ef,Bacteria,Firmicutes,Clostridia,Oscillospirales,Ruminococcaceae,midas_g_3160,midas_s_3160,0.027726
bc85938f61bfb977747f0b4d8a86f2b9,Bacteria,Proteobacteria,Alphaproteobacteria,Caulobacterales,Caulobacteraceae,Phenylobacterium,,0.027726
cd25c45d1fcdc21024720b3b199d9e51,Bacteria,Planctomycetota,Phycisphaerae,MSBL9,KCLunmb-38-53,midas_g_90538,midas_s_92076,0.027726
3ffbac564ae83148bbb18197b7093464,Bacteria,Bacteroidota,Bacteroidia,Bacteroidales,M2PB4-65_termite_group,midas_g_3141,midas_s_3141,0.027726
f1ebffdf71f712f477b8ede6c75a5a98,Archaea,Halobacterota,Methanosarcinia,Methanosarciniales,Methanosarcinaceae,Methanosarcina,midas_s_90981,0.001824
d2a7242dccc3b9a6c09d989ebfef37f4,Bacteria,Firmicutes,Clostridia,Oscillospirales,Hungateiclostridiaceae,midas_g_98124,midas_s_99703,0.001369
463921baaa4efa55a2dd33663c3a3e27,Bacteria,Firmicutes,Clostridia,Christensenellales,Christensenellaceae,Christensenellaceae_R-7_group,,0.001369
7cb6fb83dfd9725a45a012db687900e1,Bacteria,Firmicutes,Syntrophomonadia,Syntrophomonadales,Syntrophomonadaceae,Syntrophomonas,,0.001801
41378c0d1422c99fe376b37f5e1eb290,Bacteria,Bacteroidota,Bacteroidia,Chitinophagales,Chitinophagaceae,,,0.000777
b8787a09e2e26dcf154557d3ad66ea8d,Bacteria,Chloroflexi,Anaerolineae,SBR1031,midas_f_1469,midas_g_2178,midas_s_32403,0.002538
ac9f1e4b2c16d2889fff6d797650d869,Bacteria,Firmicutes,Clostridia,Clostridia_vadinBB60_group,midas_f_84699,midas_g_114155,midas_s_114155,0.002175
ab6115f8667efbf773336f71d2ab8f62,Archaea,Euryarchaeota,Methanobacteria,Methanobacteriales,Methanobacteriaceae,Methanobacterium,,0.001745
e8a175a7e2f98b4c540ba8c39c2e16dc,Bacteria,Firmicutes,Clostridia,Christensenellales,Christensenellaceae,,,0.001745
f5f66763f2f22b0c3e7c6196abf30135,Bacteria,Firmicutes,Clostridia,Oscillospirales,Hungateiclostridiaceae,HN-HF0106,,0.001424
ed2d2e8b1f87bc9682f5032af247e55d,Bacteria,Cloacimonadota,Cloacimonadia,Cloacimonadales,Cloacimonadaceae,LNR_A2-18,,0.001424
2a259a83523139e7d1a7dbd894e2ae4d,Bacteria,Firmicutes,Clostridia,Christensenellales,Christensenellaceae,,,0.001424
742bfc36f3a40d87bc080ab54fdf0b05,Bacteria,Firmicutes,Clostridia,Christensenellales,Christensenellaceae,Christensenellaceae_R-7_group,,0.002122
eae2b2f16935541e065a7e45ce95ff17,Bacteria,Firmicutes,Limnochordia,Hydrogenispora,midas_f_2701,midas_g_3406,midas_s_99113,0.002122
7a777474146ffbe89e17716b8660dcfb,Bacteria,Proteobacteria,Gammaproteobacteria,Pseudomonadales,Pseudomonadaceae,Pseudomonas,midas_s_4710,0.002122
689ea6538e35d0bf0beff8b8ef7ae765,Bacteria,Actinobacteriota,Actinobacteria,Corynebacteriales,Nocardiaceae,Gordonia,midas_s_29668,0.002122
7a40f4cd070ab0fbebfa8749c02f9a24,Bacteria,Proteobacteria,Gammaproteobacteria,Burkholderiales,SC-I-84,midas_g_1341,,0.002122
5088bc096c191a333932a605b066096f,Bacteria,Firmicutes,Bacilli,Thermoactinomycetales,Thermoactinomycetaceae,Thermoactinomyces,midas_s_101084,0.002122
6b34b89a4a40e33a8f93fef4209c4a96,Bacteria,Proteobacteria,Alphaproteobacteria,Sphingomonadales,Sphingomonadaceae,Sandaracinobacter,,0.002122
084437b858d3fa8724b6da08a434b92f,Bacteria,Synergistota,Synergistia,Synergistales,Synergistaceae,midas_g_249,midas_s_249,0.002122
38fdea0374be9c2a3549ac2be7678d6d,Bacteria,Chloroflexi,Anaerolineae,RBG-13-54-9,midas_f_5792,midas_g_46217,midas_s_48219,0.002122
c21569e136028113fff8cb7f4f825cd4,Bacteria,Proteobacteria,Alphaproteobacteria,Rhizobiales,Ancalomicrobiaceae,Ancalomicrobium,midas_s_34871,0.002122
a9639627b1b6650686b3f6a401ed7fb0,Bacteria,Firmicutes,Clostridia,Peptococcales,Peptococcaceae,midas_g_3046,midas_s_3046,0.002122
00c193a1d13306dc0a3fa7b7b19327a9,Bacteria,Dependentiae,Babeliae,Babeliales,Vermiphilaceae,midas_g_13327,midas_s_49248,0.002122
0092fa9cfbb787e7d34b4a3417ab24e3,Bacteria,Bdellovibrionota,Bdellovibrionia,Bdellovibrionales,Bdellovibrionaceae,Bdellovibrio,,0.002122
1a2aa45c0c2bca3b49679b7f3f4f465d,Bacteria,Bacteroidota,Bacteroidia,Bacteroidales,Bacteroidales_UCG-001,midas_g_1138,midas_s_1138,0.002122
3e2d1a7be6fbbcbc12428a01c86b7b8b,Bacteria,Armatimonadota,Fimbriimonadia,Fimbriimonadales,Fimbriimonadaceae,midas_g_4488,midas_s_4488,0.002122
a873a33b303c266754138e274bcb835f,Bacteria,Firmicutes,Bacilli,Thermoactinomycetales,Thermoactinomycetaceae,Planifilum,Planifilum_fimeticola,0.002122
70deeba9f4974d134dbc64d97bd2fff7,Bacteria,Chloroflexi,Anaerolineae,SBR1031,midas_f_944,midas_g_6234,midas_s_6234,0.002122
414b68c54905f4ec8ee50d51e536ff97,Bacteria,Firmicutes,Clostridia,,,,,0.002122
0c141cc6426851c4478ff79ed68247f5,Bacteria,Actinobacteriota,Actinobacteria,Propionibacteriales,Propionibacteriaceae,Propionicicella,,0.002122
e9bddfa0fc6471131e3412f81bdc6b6d,Bacteria,Actinobacteriota,Actinobacteria,Micrococcales,Bogoriellaceae,Georgenia,,0.002122
e35f22c3fc20c83f43ae3892a6f974b2,Bacteria,Proteobacteria,Alphaproteobacteria,Rickettsiales,midas_f_34660,midas_g_34660,midas_s_48833,0.002122
ce11bce162fe02427116266824ce6892,Bacteria,Firmicutes,Clostridia,Clostridia_vadinBB60_group,midas_f_38442,midas_g_38442,,0.002122
1cc1768ef69206b14a737c7b1e93c3d3,Bacteria,Firmicutes,Clostridia,Oscillospirales,Hungateiclostridiaceae,midas_g_98124,midas_s_99703,0.002122
547b0919a99ed883fc7e366881d70e30,Bacteria,Actinobacteriota,Actinobacteria,Micrococcales,Micrococcaceae,Kocuria,midas_s_61660,0.002122
5e959d819d617ba5c3bb460168df485d,Bacteria,Firmicutes,Limnochordia,MBA03,midas_f_112,,,0.002122
ca01d9551d2460af70778e62f280ab8a,Bacteria,Firmicutes,Clostridia,Peptostreptococcales-Tissierellales,Anaerovoracaceae,Mogibacterium,midas_s_4359,0.002122
7a7bc8160be971cd4073affbe56358c7,Bacteria,Firmicutes,Clostridia,Oscillospirales,Oscillospiraceae,NK4A214_group,midas_s_66174,0.002122
a038f6f43c43cea3001e6db131286ab7,Bacteria,Proteobacteria,Alphaproteobacteria,Rhodobacterales,Rhodobacteraceae,Haematobacter,midas_s_27225,0.002122
e469b851eb487386da166f1f8b20a40f,Bacteria,Firmicutes,Dethiobacteria,Dethiobacterales,Dethiobacteraceae,Dethiobacter,midas_s_115353,0.002122
3f8e2d5b849dc28defc6406bd5304ffc,Bacteria,Hydrogenedentes,Hydrogenedentia,Hydrogenedentiales,Hydrogenedensaceae,midas_g_5725,midas_s_5725,0.002122
ae815c4df4c6f21bff23c4999800dfeb,Bacteria,Bacteroidota,Bacteroidia,Bacteroidales,Bacteroidetes_vadinHA17,midas_g_3530,midas_s_8577,0.002122
6175323e639f0195d56844920014159a,Bacteria,Chloroflexi,Chloroflexia,Thermomicrobiales,JG30-KF-CM45,midas_g_62395,,0.002122
06e148ad8b35489ea97e51ef733e9550,Bacteria,Bacteroidota,Bacteroidia,Bacteroidales,Tannerellaceae,Macellibacteroides,,0.002122
bcf2fe85a3275fa10a9f66d32e565fa4,Bacteria,Firmicutes,Desulfitobacteriia,Desulfitobacteriales,midas_f_92281,,,0.002122
cd2e5cd5a48d09ea23594e5f99ad27ae,Bacteria,Firmicutes,Limnochordia,Limnochordales,Limnochordaceae,midas_g_115815,midas_s_115815,0.002122
78123af13d385db4ee6a9342283a042b,Bacteria,Desulfobacterota,Syntrophia,Syntrophales,midas_f_134,midas_g_134,midas_s_134,0.002122
a216822e223bbb6baf68503a21bc5d0a,Bacteria,Actinobacteriota,WCHB1-81,midas_o_765,midas_f_765,midas_g_116083,midas_s_116083,0.002122
5f9e31928bbbb226bcdc275a060efc44,Bacteria,Firmicutes,midas_c_4,midas_o_4,midas_f_222,,,0.002122
577b654e3e1b48fbee0cbfa7a210cbfa,Bacteria,Proteobacteria,Alphaproteobacteria,Rhizobiales,Xanthobacteraceae,Afipia,,0.002122
870ed496f1d2c0a854ad1f59b3df7224,Bacteria,Firmicutes,Clostridia,Christensenellales,Christensenellaceae,Christensenellaceae_R-7_group,midas_s_114723,0.002122
d93e8e8eb65bc1de981f3ef962af0956,Bacteria,Proteobacteria,Gammaproteobacteria,Burkholderiales,Rhodocyclaceae,Azoarcus,midas_s_70352,0.002122
51177a17fe0a032b15ab14a0e9135569,Bacteria,Planctomycetota,Planctomycetes,Planctomycetales,Rubinisphaeraceae,midas_g_2477,midas_s_2477,0.002122
a5c52feec93b3b84b1295044997eec5e,Bacteria,Planctomycetota,Planctomycetes,Isosphaerales,Isosphaeraceae,Paludisphaera,midas_s_109562,0.002122
39cac4a36166865b44a1420c2bd4569a,Bacteria,Firmicutes,Syntrophomonadia,Syntrophomonadales,Syntrophomonadaceae,Thermosyntropha,midas_s_118728,0.002122
b61c32f858381149fccfdf2f413f8f5b,Bacteria,Proteobacteria,Gammaproteobacteria,Burkholderiales,Oxalobacteraceae,Noviherbaspirillum,midas_s_72706,0.002122
b75416c48f46e93a9e3622080cde9b06,Bacteria,Planctomycetota,Planctomycetes,Planctomycetales,midas_f_1792,midas_g_4975,midas_s_4975,0.002122
2750b310e92cd153994e7af71d6851e0,Bacteria,Bacteroidota,Bacteroidia,Sphingobacteriales,AKYH767,midas_g_2126,midas_s_5484,0.002122
022ced45e53557d101111cdb41f49f4e,Bacteria,Bacteroidota,Kapabacteria,Kapabacteriales,midas_f_2685,midas_g_2685,midas_s_2685,0.002122
f39790ad4b1a813000323022eb1e9567,Bacteria,Cyanobacteria,Cyanobacteriia,Chloroplast,midas_f_44382,midas_g_44382,midas_s_59561,0.002122
3e0420c192ee113f95af0dafffa3c3d7,Bacteria,Firmicutes,Clostridia,Eubacteriales,Eubacteriaceae,midas_g_2229,midas_s_30157,0.002122
5c92a1870d7469268123d143f0a95910,Bacteria,Firmicutes,D8A-2,midas_o_13,midas_f_13,midas_g_664,,0.002122
f8cdd28c7e5f4328a9275dc52a6f0920,Bacteria,Firmicutes,Clostridia,Christensenellales,Christensenellaceae,Christensenellaceae_R-7_group,midas_s_4635,0.002122
592ba0f920b7fbd354e218aaf08930ab,Bacteria,Actinobacteriota,WCHB1-81,midas_o_765,midas_f_765,midas_g_8523,midas_s_8523,0.002122
5ceabb76ec2975d9498f124fe62a81e6,Bacteria,Firmicutes,Clostridia,Oscillospirales,Eubacterium_coprostanoligenes_group,midas_g_94744,midas_s_114972,0.002122
92fb114641e27921122496428e2ef0dd,Bacteria,Actinobacteriota,Actinobacteria,Propionibacteriales,Propionibacteriaceae,Cutibacterium,midas_s_6640,0.001326
cb796d5e697b4835a8402bb23c894c15,Bacteria,Proteobacteria,Alphaproteobacteria,Rhizobiales,Stappiaceae,,,0.000967
9b7c1f4112c3dcad4bcd9ac9caa5caf8,Bacteria,Firmicutes,Bacilli,,,,,0.002167
bf10b39238d339bb1e6a6d6749c9b046,Bacteria,Bacteroidota,Bacteroidia,Bacteroidales,Dysgonomonadaceae,Petrimonas,,0.002167
5168bf777455dc70f1c34ec41bad296e,Bacteria,Proteobacteria,Alphaproteobacteria,Rhizobiales,Xanthobacteraceae,Afipia,,0.002167
b2b0ccf79dad51a2141c691d0bc6f942,Bacteria,Firmicutes,Clostridia,Oscillospirales,Ruminococcaceae,midas_g_69272,midas_s_80252,0.001743
ae66759ccf678b4ae827b1af4a54ac9d,Bacteria,Firmicutes,Desulfitobacteriia,Desulfitobacteriales,Syntrophobotulaceae,,,0.001533
146831035f6d594ce9fc023d9cea9bf2,Bacteria,Firmicutes,Clostridia,Oscillospirales,Oscillospiraceae,,,0.005061
2f6bf9b76f83ec07580d82dc564de99d,Bacteria,Verrucomicrobiota,Kiritimatiellae,WCHB1-41,midas_f_91940,midas_g_101200,midas_s_110184,0.024645
5bf368734532c9983d05d3a115ea4595,Bacteria,Spirochaetota,Spirochaetia,Spirochaetales,Spirochaetaceae,Treponema,,0.024645
3e0e16864cf81719dbcaf7c5a411d935,Bacteria,Chloroflexi,Anaerolineae,Caldilineales,Caldilineaceae,midas_g_2621,midas_s_2621,0.024645
44092f8672409f8ec669976f0ba3f624,Bacteria,Actinobacteriota,Acidimicrobiia,Microtrichales,Ilumatobacteraceae,CL500-29_marine_group,midas_s_2412,0.024645
f28694e7921bddff0027e6ce67b8ffc1,Bacteria,FCPU426,midas_c_92297,midas_o_92297,midas_f_92297,midas_g_92297,midas_s_92297,0.024645
45338bb6feec3aca942618bba0a40ca5,Bacteria,Proteobacteria,Alphaproteobacteria,Caulobacterales,Hyphomonadaceae,midas_g_6757,midas_s_6757,0.024645
e326d478a5071865940145ec43bf362f,Bacteria,Firmicutes,Clostridia,Oscillospirales,Oscillospiraceae,UCG-005,midas_s_100296,0.024645
e483374dd89381965dff8470a89a4e50,Bacteria,Bacteroidota,Bacteroidia,Bacteroidales,Rikenellaceae,DMER64,,0.024645
cc82883a0181d59006673d082401a42c,Bacteria,Firmicutes,Clostridia,Oscillospirales,Eubacterium_coprostanoligenes_group,midas_g_1946,midas_s_1946,0.024645
5e8cb8936e86bcb9e20967ca9886dde2,Bacteria,Bacteroidota,Bacteroidia,Bacteroidales,Paludibacteraceae,midas_g_2677,midas_s_2677,0.024645
d1d1e67424dd673fa61dc56b9c60bf9c,Bacteria,Spirochaetota,Spirochaetia,Spirochaetales,Spirochaetaceae,Treponema,,0.024645
606cc5b65f868c03389a5cde84fee5d5,Bacteria,Bacteroidota,Bacteroidia,Bacteroidales,Prevotellaceae,Prevotellaceae_UCG-001,midas_s_95451,0.024645
4dfa016cab7a5e01764efc33698696da,Bacteria,Actinobacteriota,Acidimicrobiia,Microtrichales,Microtrichaceae,IMCC26207,midas_s_2275,0.024645
36b82f7fb6bdcaa65e306b9207786c52,Bacteria,Firmicutes,Syntrophomonadia,Syntrophomonadales,Syntrophomonadaceae,Syntrophomonas,midas_s_4716,0.024645
71a34966c95ea58d9a56666883f441dc,Bacteria,Bacteroidota,Bacteroidia,Bacteroidales,Bacteroidaceae,Bacteroides,midas_s_56922,0.001621
f75acea1715106e549e8ad841fd17ed9,Bacteria,Firmicutes,Clostridia,Oscillospirales,Ruminococcaceae,Caproiciproducens,,0.001217
24ed4714d5b19f89c5dd402b506efa21,Archaea,Halobacterota,Methanosarcinia,Methanosarciniales,Methanosarcinaceae,Methanosarcina,midas_s_90981,0.001217
e1dfc1945a6b78a701192ebd002e974c,Bacteria,Firmicutes,Clostridia,Peptostreptococcales-Tissierellales,Peptostreptococcaceae,Romboutsia,Romboutsia_lituseburensis,0.001217
56f41554384fc19d9ef0161b6f0e6791,Archaea,Euryarchaeota,Methanobacteria,Methanobacteriales,Methanobacteriaceae,Methanobacterium,midas_s_9526,0.001217
b8819fef35b3fd387f12387e884e6ae5,Archaea,Euryarchaeota,Methanobacteria,Methanobacteriales,Methanobacteriaceae,Methanobacterium,Methanobacterium_beijingense,0.001689
e351ff2570360ae0b6c68b9b864b0870,Bacteria,Synergistota,Synergistia,Synergistales,Synergistaceae,EBM-39,,0.001689
46220d9e9e76e37d38ea38554c453179,Bacteria,Firmicutes,Clostridia,Lachnospirales,Lachnospiraceae,,,0.001601
1eac8ec4812f4ed7bfd8387a38bdba1f,Bacteria,Proteobacteria,Alphaproteobacteria,Sphingomonadales,Sphingomonadaceae,Novosphingobium,,0.005535
734ceaf61779c85297c95adf8ddc6ad3,Bacteria,Firmicutes,Clostridia,Oscillospirales,Oscillospiraceae,Colidextribacter,midas_s_112711,0.002256
0ea9d87b8a7848918b64da425e91999a,Bacteria,Firmicutes,Clostridia,Oscillospirales,Butyricicoccaceae,UCG-009,midas_s_84783,0.002256
349da55900cd296d52fd154bfb27343b,Archaea,Euryarchaeota,Methanobacteria,Methanobacteriales,Methanobacteriaceae,Methanobacterium,midas_s_9526,0.002256
5613f4a6a9df36d05e0e24570423fed1,Bacteria,Synergistota,Synergistia,Synergistales,Synergistaceae,Aminivibrio,Aminivibrio_pyruvatiphilus,0.001551
4b802f02d58290e6ec0ab509d13074b6,Archaea,Euryarchaeota,Methanobacteria,Methanobacteriales,Methanobacteriaceae,Methanobacterium,Methanobacterium_beijingense,0.001266
824e4de27fdfadaea64e6f954c1448c6,Bacteria,Spirochaetota,Spirochaetia,Spirochaetales,Spirochaetaceae,Treponema,midas_s_6261,0.001857
0ca6969eac50942ccc0687eb855a0d79,Bacteria,Firmicutes,Dethiobacteria,Dethiobacterales,Dethiobacteraceae,midas_g_114992,midas_s_114992,0.001857
f91fb95263a6d30aad8042fa60f3d62e,Bacteria,,,,,,,0.001857
a3e5fd03d92b987205cf4bf9b1678aa4,Bacteria,Proteobacteria,Alphaproteobacteria,Rhizobiales,Xanthobacteraceae,midas_g_21520,,0.001857
caea068037af31671eecefe94eca01ca,Bacteria,Proteobacteria,Alphaproteobacteria,Rhizobiales,Hyphomicrobiaceae,Hyphomicrobium,,0.001857
3d7b139f39141ba112868fcf7236158e,Bacteria,Firmicutes,Bacilli,Lactobacillales,Streptococcaceae,Streptococcus,Streptococcus_ferus,0.001857
9a326ae5ed3864dcaaf79bc7b1c0a8e7,Bacteria,Firmicutes,D8A-2,midas_o_13,midas_f_13,midas_g_554,,0.001857
32ae6575d9d3e427dc9f898f16f33087,Bacteria,Firmicutes,Bacilli,,,,,0.001857
7377692c0967c99c56f749e092acb30a,Bacteria,Actinobacteriota,Thermoleophilia,Gaiellales,midas_f_269,midas_g_269,,0.001857
48a7ab8e593ebe5f41034be027c6be7e,Bacteria,Firmicutes,Syntrophomonadia,Syntrophomonadales,Syntrophomonadaceae,Syntrophomonas,midas_s_113453,0.001857
c91a769593898d20a017b58093f62ea8,Bacteria,Firmicutes,Clostridia,Oscillospirales,Ruminococcaceae,midas_g_92035,midas_s_92035,0.001857
4ef65f8d7f7fe58651a459fc49390ba8,Bacteria,Proteobacteria,Alphaproteobacteria,Sphingomonadales,Sphingomonadaceae,Sphingobium,midas_s_31262,0.001857
ebd4d8e08540f7586c3a30987c6ef7b0,Bacteria,Bacteroidota,Bacteroidia,Flavobacteriales,NS9_marine_group,midas_g_385,midas_s_1233,0.001857
d2a551b8b71579fa1fd9e5d22100b8ee,Bacteria,Proteobacteria,Alphaproteobacteria,Defluviicoccales,Defluviicoccaceae,Defluviicoccus,midas_s_943,0.001857
5d8d4162e9b3958c6bc4b820eac278dc,Bacteria,Chloroflexi,Chloroflexia,Thermomicrobiales,JG30-KF-CM45,midas_g_859,,0.001857
38907b8ef0546ef8dd587afd52a16f9c,Bacteria,Desulfobacterota,Syntrophia,Syntrophales,Syntrophaceae,Syntrophus,midas_s_928,0.001857
db0c288182530edd5066c0881c9665c7,Bacteria,Actinobacteriota,Actinobacteria,Micrococcales,Micrococcaceae,Kocuria,,0.001857
cc6afef9ee630eedd003d07f22d62140,Bacteria,Firmicutes,Clostridia,Lachnospirales,Lachnospiraceae,midas_g_53985,midas_s_60470,0.001857
3e06f2d2b9d0ba13808adb5c1dd498de,Bacteria,Verrucomicrobiota,Chlamydiae,Chlamydiales,Parachlamydiaceae,Neochlamydia,midas_s_82383,0.001857
961f6d44b23ea979c84941c71bf7da7c,Bacteria,Proteobacteria,Alphaproteobacteria,Acetobacterales,Acetobacteraceae,Rhodovastum,midas_s_116364,0.001857
3be7e939ae2116634ae31372ce9f460d,Bacteria,Verrucomicrobiota,Chlamydiae,Chlamydiales,Parachlamydiaceae,Neochlamydia,midas_s_82383,0.001857
8913bd6e6eb2b354098d2f01d9b65391,Bacteria,Synergistota,Synergistia,Synergistales,Synergistaceae,JGI-0000079-D21,midas_s_31034,0.001857
52c544d6ecca1fc0e2adc52b33f7a35b,Bacteria,Proteobacteria,Alphaproteobacteria,Rhizobiales,Hyphomicrobiaceae,Hyphomicrobium,midas_s_3815,0.001857
3a1e48f3d9f9c151cd121f1d5d2f3261,Bacteria,Firmicutes,Clostridia,Caldicoprobacterales,Caldicoprobacteraceae,,,0.001857
f7f87d90b1d55c8ef8d7ea8f99e72018,Bacteria,Firmicutes,Clostridia,Peptostreptococcales-Tissierellales,Family_XI,Soehngenia,midas_s_46673,0.001857
fe5ba29df5b7470530baf59c3368072e,Bacteria,Firmicutes,Clostridia,Clostridia_UCG-014,midas_f_4482,midas_g_25603,midas_s_25603,0.001857
744dbcf4af334c630605fa9000c112ce,Bacteria,Actinobacteriota,Actinobacteria,,,,,0.001857
57e13b307e96897f55540c6759029343,Bacteria,Dependentiae,Babeliae,Babeliales,Vermiphilaceae,midas_g_1099,,0.001857
2bb677211b22ba770fffa14899f1b01f,Bacteria,Planctomycetota,Planctomycetes,Pirellulales,Pirellulaceae,Pir4_lineage,midas_s_2268,0.001857
f128d6b0c4c7f8c41b4969168eaea276,Bacteria,Planctomycetota,Planctomycetes,Isosphaerales,Isosphaeraceae,,,0.001857
a5c80d4415d8b64a85a2b498d22ad570,Bacteria,Actinobacteriota,Actinobacteria,Corynebacteriales,Tsukamurellaceae,Tsukamurella,midas_s_89288,0.001857
58d6ed632edb304a2a033c46c7a62d0a,Bacteria,Firmicutes,Clostridia,Oscillospirales,Hungateiclostridiaceae,,,0.001857
639ec09a97e00f6cd8d780f549ca17af,Bacteria,Proteobacteria,Gammaproteobacteria,Coxiellales,Coxiellaceae,Coxiella,midas_s_72533,0.001857
9cc5b63b74154fc7bcdf7e8796e5d2de,Bacteria,Chloroflexi,Anaerolineae,Anaerolineales,Anaerolineaceae,midas_g_7694,midas_s_55421,0.001857
8bf2d32646e2f8940a7204828fdeb654,Bacteria,Firmicutes,Bacilli,Bacillales,Planococcaceae,Rummeliibacillus,Rummeliibacillus_pycnus,0.001857
721bd76a3ab9dec41984c4ec32be845a,Bacteria,Bdellovibrionota,Oligoflexia,0319-6G20,midas_f_2390,midas_g_15089,midas_s_15089,0.001857
c01cd527066a9018d69ede5801841298,Bacteria,Planctomycetota,Planctomycetes,Isosphaerales,Isosphaeraceae,,,0.001857
d8f2eba07489316f7c8a27d0e18fed13,Bacteria,Proteobacteria,Gammaproteobacteria,Burkholderiales,Rhodocyclaceae,Azoarcus,midas_s_70352,0.001857
e8ebb25bac25954fb7adbde26e956cb6,Bacteria,Firmicutes,Bacilli,Bacillales,Bacillaceae,Bacillus,,0.001857
748512e38095cce946336f055623773b,Bacteria,Actinobacteriota,Actinobacteria,Micrococcales,Bogoriellaceae,Georgenia,midas_s_27914,0.001857
935d8a963dc7baf559b479ba9f5a82b3,Bacteria,Proteobacteria,Gammaproteobacteria,Burkholderiales,Comamonadaceae,Comamonas,,0.001857
520d89ef4ce2ba808eed3e2d9a310649,Bacteria,Chloroflexi,OLB14,midas_o_731,midas_f_5900,midas_g_5900,,0.001857
17b1f04511323cb27b539f309522bf6c,Bacteria,Planctomycetota,Planctomycetes,Pirellulales,Pirellulaceae,Thermogutta,midas_s_96146,0.001857
2bef39c50999d97de887d34b376fbd38,Bacteria,Proteobacteria,Gammaproteobacteria,midas_o_147,midas_f_3187,midas_g_26712,,0.001857
450292bf5b89b2f473bab4a6233d8682,Archaea,Euryarchaeota,Methanobacteria,Methanobacteriales,Methanobacteriaceae,Methanobacterium,,0.001857
d4967db74f90dc58ab34ae78957b3f4c,Bacteria,Campylobacterota,Campylobacteria,Campylobacterales,Sulfurovaceae,Sulfurovum,midas_s_39575,0.001857
7d1bda054163467e1cf195ab330ba64f,Bacteria,Verrucomicrobiota,Chlamydiae,Chlamydiales,Parachlamydiaceae,Neochlamydia,midas_s_82383,0.001857
67df1ba56f33792e8b9f614d5c2ccec0,Bacteria,Firmicutes,Clostridia,Peptococcales,Peptococcaceae,midas_g_93820,midas_s_93820,0.001857
d7fb1f4207f140fa88ee72eda98f8f29,Bacteria,Proteobacteria,Alphaproteobacteria,Rhizobiales,Xanthobacteraceae,Xanthobacter,,0.001857
9dbf6f8ac7171f579caa23498080e7ea,Bacteria,Firmicutes,Moorellia,Desulfitibacterales,Desulfitibacteraceae,midas_g_95399,midas_s_95399,0.001857
288e6faee45091ff103a59abecc43dbc,Bacteria,Planctomycetota,Planctomycetes,Pirellulales,Pirellulaceae,Pirellula,,0.001857
5f516ea92e902ab41bec75b07a1d28a5,Bacteria,Planctomycetota,Planctomycetes,Planctomycetales,midas_f_1792,midas_g_1792,midas_s_1792,0.001857
8ac5f54f27077cc06871ba150e3e8ba6,Bacteria,Firmicutes,Clostridia,Caldicoprobacterales,Caldicoprobacteraceae,midas_g_113780,midas_s_113780,0.001896
858b85aa56bbce1359f8be897360a774,Bacteria,Firmicutes,Clostridia,Peptostreptococcales-Tissierellales,Serpentinicella,midas_g_75908,,0.001896
9533095cafb0040f79ea6b6d43fbcc82,Bacteria,Firmicutes,Clostridia,Peptostreptococcales-Tissierellales,,,,0.001896
7fc9d702ba352d52e7931c790a577f39,Bacteria,Proteobacteria,Gammaproteobacteria,Burkholderiales,Comamonadaceae,Aquabacterium,,0.001526
345f44227d68af279027ac77b412b579,Bacteria,Firmicutes,Clostridia,Oscillospirales,Hungateiclostridiaceae,HN-HF0106,midas_s_92738,0.000811
326978fa13d506c8782d0075f5613b59,Bacteria,Firmicutes,Clostridia,Oscillospirales,Oscillospiraceae,Colidextribacter,midas_s_63665,0.001341
eb974a0919fa333be89d0a34096385d3,Bacteria,Actinobacteriota,WCHB1-81,midas_o_765,midas_f_765,midas_g_765,midas_s_4411,0.021564
ad9e6759575ce82501bff0de8eec90d8,Bacteria,Hydrogenedentes,Hydrogenedentia,Hydrogenedentiales,Hydrogenedensaceae,midas_g_113116,midas_s_113116,0.021564
16e2e2408cedf8f9faae33004fb5eaa2,Bacteria,Proteobacteria,Gammaproteobacteria,Enterobacterales,Aeromonadaceae,Aeromonas,,0.021564
70695a2dd2306734e7c9ea68f7ce51b0,Bacteria,Bacteroidota,Bacteroidia,Bacteroidales,Williamwhitmaniaceae,Blvii28_wastewater-sludge_group,midas_s_91453,0.021564
a3d121638f6761b89b40dbd71e131004,Bacteria,Spirochaetota,Spirochaetia,Spirochaetales,Spirochaetaceae,Treponema,midas_s_97544,0.021564
8eeb24cc0539f1c2f97606dfb0b0f7a2,Bacteria,Bacteroidota,Bacteroidia,Bacteroidales,SB-5,midas_g_5735,midas_s_5735,0.021564
2b10a074b0f59b702c22aff7e6b39787,Bacteria,Chloroflexi,Anaerolineae,midas_o_1,midas_f_813,midas_g_824,,0.021564
064e7947486f134d07b9324e84d0c253,Bacteria,Bacteroidota,Bacteroidia,Bacteroidales,Rs-E47_termite_group,GWE2-42-42,midas_s_4277,0.021564
9f67c0589a1d419db561e7ffd50f95fd,Bacteria,Firmicutes,Bacilli,,,,,0.001419
81385a8925798c49b489c89d07813225,Bacteria,Firmicutes,Clostridia,Peptococcales,Peptococcaceae,midas_g_96346,midas_s_96346,0.001065
f8c8cdc38f175e31f80c5dfa248268a3,Bacteria,Bacteroidota,Bacteroidia,Bacteroidales,Bacteroidaceae,Bacteroides,midas_s_56922,0.001065
f67d93be029c2787875047487bb04e94,Bacteria,Firmicutes,Desulfitobacteriia,Desulfitobacteriales,Syntrophobotulaceae,,,0.001065
86ea29b42288be56c5aadc5b0f322728,Bacteria,Firmicutes,Clostridia,Oscillospirales,Oscillospiraceae,NK4A214_group,,0.000846
047ab7f37ccc35c6144cc1896bc32a69,Bacteria,Proteobacteria,Gammaproteobacteria,Enterobacterales,Enterobacteriaceae,,,0.001974
74733b3a404e0fd05016159ab938bbc7,Bacteria,Bacteroidota,Bacteroidia,Sphingobacteriales,Lentimicrobiaceae,Lentimicrobium,,0.001814
f160f53c13a357273642507af54b4941,Bacteria,Firmicutes,Clostridia,Christensenellales,Christensenellaceae,Christensenellaceae_R-7_group,,0.001591
3b57ddd9849252e883213b71bb3c2f17,Bacteria,Proteobacteria,Alphaproteobacteria,Micavibrionales,midas_f_25039,midas_g_25039,,0.001591
e0f5ac0f18cc28b90be53aa781a75e97,Bacteria,Patescibacteria,Saccharimonadia,Saccharimonadales,midas_f_5391,midas_g_6328,,0.001591
6d04a8df8207e9542e849378a1bcf43c,Bacteria,Firmicutes,Clostridia,Oscillospirales,UCG-010,midas_g_51845,midas_s_102868,0.001591
92392a51132c9a52e6656c5819c880c1,Bacteria,Proteobacteria,Gammaproteobacteria,Pseudomonadales,Spongiibacteraceae,BD1-7_clade,midas_s_263,0.001591
bbbec58ac7c2e7c7ce1734a34aec1ae8,Bacteria,Firmicutes,Clostridia,Lachnospirales,Lachnospiraceae,Butyrivibrio,midas_s_6551,0.001591
ea4691b2289c15a1b9cb1a8fd5e77902,Bacteria,Firmicutes,Desulfitobacteriia,Desulfitobacteriales,Desulfitobacteriaceae,Desulfosporosinus,midas_s_116128,0.001591
57df148d69af94192dae9ab2a045e1c2,Bacteria,Chloroflexi,OLB14,midas_o_731,midas_f_5900,midas_g_5900,midas_s_47741,0.001591
e357713de529ed95dc5d315656f58df9,Bacteria,Firmicutes,Clostridia,Lachnospirales,Lachnospiraceae,,,0.001591
cfccd37229affa4484527db6a12d9caf,Bacteria,Firmicutes,midas_c_4,midas_o_4,midas_f_222,,,0.001591
ddd4b60fc546f62f90bcf9ae38f1a723,Bacteria,Bacteroidota,Bacteroidia,Bacteroidales,Paludibacteraceae,Paludibacter,midas_s_11722,0.001591
01fa3a0ebc9793d48821043d2713ecfc,Bacteria,Firmicutes,Clostridia,Christensenellales,Christensenellaceae,Christensenellaceae_R-7_group,midas_s_76428,0.001591
fd52abdc1862787fdca2f0d9cab6999e,Bacteria,Firmicutes,Limnochordia,M55-D21,Moorella_glycerini,midas_g_2860,midas_s_2860,0.001591
50d25efdb17b59f3ba7b1ad0c5db8989,Bacteria,Chloroflexi,Anaerolineae,MSB-5E12,midas_f_92558,midas_g_109686,midas_s_109686,0.001591
23504ce886d58d2a61607ff263c8d494,Bacteria,Proteobacteria,Gammaproteobacteria,midas_o_147,midas_f_2362,Ca_Berkiella,midas_s_20041,0.001591
14f013032d3d55ac24bde620c2d8f945,Bacteria,Bacteroidota,Bacteroidia,Chitinophagales,Chitinophagaceae,Ferruginibacter,midas_s_905,0.001591
964a2b2f2580973e2dc2039796a8eb37,Bacteria,Firmicutes,Clostridia,Oscillospirales,Oscillospiraceae,midas_g_106156,midas_s_106156,0.001591
89078346e4907efe681d45f299ac15a4,Bacteria,Proteobacteria,Gammaproteobacteria,Competibacterales,Competibacteraceae,Ca_Competibacter,,0.001591
0b898d4961772ab53a086c8154bac568,Bacteria,Dependentiae,Babeliae,Babeliales,Vermiphilaceae,midas_g_13327,midas_s_19992,0.001591
9a842084688427ba067307eb8662eecd,Bacteria,Bacteroidota,Bacteroidia,Cytophagales,Amoebophilaceae,Ca_Amoebophilus,midas_s_70953,0.001591
6f7d070bd4cfaa09a69bba0e1d046a44,Bacteria,Firmicutes,Clostridia,Eubacteriales,Anaerofustaceae,Anaerofustis,midas_s_93205,0.001591
a5e4214d6e45488b57daf5cc70b89f40,Bacteria,Proteobacteria,Gammaproteobacteria,Burkholderiales,Rhodocyclaceae,Azoarcus,Azoarcus_communis,0.001591
c7710bd03585ff9fb13a73ad718dd629,Bacteria,Chloroflexi,Anaerolineae,Anaerolineales,Anaerolineaceae,midas_g_12624,midas_s_12624,0.001591
d014102205e1a5fa0830e8f27b93270f,Bacteria,Firmicutes,Dethiobacteria,Dethiobacterales,Dethiobacteraceae,,,0.001591
4494286141014de25140c094cc5626ec,Bacteria,Proteobacteria,Alphaproteobacteria,Acetobacterales,Acetobacteraceae,,,0.001591
e3b6d7ad6ee740d0b7d343c2c2ce53a0,Bacteria,Actinobacteriota,,,,,,0.001591
25077ffdd305e287a33697d70d484327,Bacteria,Chloroflexi,Anaerolineae,SBR1031,midas_f_184,midas_g_1862,midas_s_1862,0.001591
dac9df4edca47d4aefa5e8b6eb75543a,Bacteria,Synergistota,Synergistia,Synergistales,Synergistaceae,midas_g_762,midas_s_91431,0.001591
d628016102970528d40c260b4400c593,Bacteria,Chloroflexi,Anaerolineae,RBG-13-54-9,midas_f_2772,midas_g_7133,midas_s_99594,0.001591
f89c5ae84b1033d896333c5ae7acb309,Bacteria,WPS-2,midas_c_55,midas_o_1194,midas_f_43544,midas_g_114999,midas_s_114999,0.001591
02304f5597c8b1982e18acf4d3756043,Bacteria,Proteobacteria,Alphaproteobacteria,,,,,0.001591
9c7db0d5022a938bf5ea950826d34437,Bacteria,Verrucomicrobiota,Verrucomicrobiae,Pedosphaerales,Pedosphaeraceae,,,0.001591
accdbd296b05fdc99bac47d0e4349aa9,Bacteria,Proteobacteria,Gammaproteobacteria,midas_o_26,midas_f_98,midas_g_268,midas_s_75796,0.001591
52be19846e0f0c7f419cde01b6e10585,Bacteria,Bacteroidota,Bacteroidia,Chitinophagales,Chitinophagaceae,Ferruginibacter,midas_s_28246,0.001591
3d69ca950aaaf9f351e4139369d78236,Bacteria,Firmicutes,Desulfotomaculia,Desulfotomaculales,Desulfurisporaceae,,,0.001591
dc6c7b33d252a7891fd83a442747c837,Bacteria,Bacteroidota,Bacteroidia,Chitinophagales,Chitinophagaceae,midas_g_15828,midas_s_15828,0.001591
599d7cf9f263b0f86ad741ce6f9f7619,Bacteria,Proteobacteria,Alphaproteobacteria,Rhizobiales,Rhizobiaceae,Mesorhizobium,,0.001591
e8895eca419d323d988e5bdcf681d140,Bacteria,Chloroflexi,Anaerolineae,Caldilineales,Caldilineaceae,midas_g_2138,,0.001591
3e3764ae6674e989f040377aa61069b5,Archaea,Halobacterota,Methanomicrobia,Methanomicrobiales,Methanoregulaceae,Methanolinea,,0.001591
d4478251439a62fedcc7f87519fdd32a,Bacteria,Verrucomicrobiota,Chlamydiae,Chlamydiales,Parachlamydiaceae,Neochlamydia,midas_s_82383,0.001591
66cca1bc3b202fdae68d02d5f859b53f,Bacteria,Firmicutes,Clostridia,Oscillospirales,UCG-010,midas_g_85064,midas_s_85064,0.001591
522ab1474c600e24c4f7e20404fa648c,Bacteria,Proteobacteria,Alphaproteobacteria,Tistrellales,Geminicoccaceae,Geminicoccus,midas_s_44814,0.001591
d00d97e1374e175183b294e067ec1cfb,Bacteria,Firmicutes,Clostridia,Caldicoprobacterales,Caldicoprobacteraceae,Caldicoprobacter,,0.001591
dfb17fab2e208979590db3600ba675d7,Bacteria,Planctomycetota,Planctomycetes,Gemmatales,Gemmataceae,midas_g_940,,0.001591
1ed95763454163d1938e3d2d3c082d23,Bacteria,Myxococcota,Polyangia,mle1-27,midas_f_1432,midas_g_2413,midas_s_53771,0.001591
a8aafb51e2d0f2e6d62cf2c4393df334,Bacteria,Proteobacteria,Gammaproteobacteria,midas_o_147,midas_f_41814,midas_g_41814,midas_s_41814,0.001591
f9ceb4443de3c6d51433fa57c3ade975,Bacteria,Cloacimonadota,Cloacimonadia,Cloacimonadales,Cloacimonadaceae,LNR_A2-18,,0.001591
a8a9d607d1fd5c585c10030c8d307947,Bacteria,Proteobacteria,Alphaproteobacteria,Acetobacterales,Acetobacteraceae,,,0.001591
aaa707342b1a12423de93e29ef0fb102,Bacteria,Firmicutes,Clostridia,Peptostreptococcales-Tissierellales,Serpentinicella,midas_g_75908,,0.001591
b4ba6792b3fa30ceb7375dc41eb1d65c,Bacteria,Patescibacteria,Saccharimonadia,Saccharimonadales,midas_f_67,midas_g_6975,midas_s_6975,0.001591
a8a559b16166ead544ccc5288860baca,Bacteria,Chloroflexi,Anaerolineae,Anaerolineales,Anaerolineaceae,Anaerolinea,midas_s_3963,0.001591
ff6a63aa3a8877a90e31ca73fa5fbdd7,Bacteria,Thermotogota,Thermotogae,Petrotogales,Petrotogaceae,AUTHM297,midas_s_31261,0.009242
0da3781f136fe864a45b19c6fdc57fde,Archaea,Euryarchaeota,Methanobacteria,Methanobacteriales,Methanobacteriaceae,Methanobacterium,Methanobacterium_beijingense,0.001625
bfeb406eac391881a6599911d4643acb,Bacteria,Firmicutes,Bacilli,Bacillales,Bacillaceae,Bacillus,midas_s_108787,0.001625
840e058fa20744d5348c023c25e7d232,Bacteria,Firmicutes,Bacilli,Lactobacillales,Enterococcaceae,Enterococcus,,0.001308
8e5082651856dbc9ff0f821a8b2132fb,Bacteria,Synergistota,Synergistia,Synergistales,Synergistaceae,EBM-39,,0.001308
b7e687b746695f305710ce46786a7573,Bacteria,Firmicutes,Clostridia,Oscillospirales,Oscillospiraceae,,,0.00115
f0edde70fa1e568fe1079e75617d91cc,Bacteria,Proteobacteria,Gammaproteobacteria,Burkholderiales,Comamonadaceae,,,0.00115
8e0cade50e928f5f73e013c6321bc04c,Bacteria,Firmicutes,Moorellia,Desulfitibacterales,Desulfitibacteraceae,Desulfitibacter,,0.015184
85dbf4fc6f45d7715479fc3c5cb4f1ff,Bacteria,Bacteroidota,Bacteroidia,Bacteroidales,Rikenellaceae,DMER64,midas_s_3652,0.018484
6ec0be7c85b5b47c579ebdb9c3cba2b3,Bacteria,Cloacimonadota,Cloacimonadia,Cloacimonadales,Cloacimonadaceae,Ca_Cloacimonas,,0.018484
7fac8337427d00be93052bce23925621,Bacteria,Proteobacteria,Alphaproteobacteria,Rhodobacterales,Rhodobacteraceae,midas_g_2400,midas_s_2400,0.018484
2e7754c7a78cb145c7bd423549590978,Bacteria,Chloroflexi,Anaerolineae,Anaerolineales,Anaerolineaceae,midas_g_467,midas_s_9378,0.018484
f271fba51b646916050b15860477c92b,Bacteria,Planctomycetota,Phycisphaerae,CCM11a,midas_f_2694,midas_g_2694,midas_s_2694,0.018484
f5e6f6570d4b64e72a67be50cd411508,Bacteria,Actinobacteriota,Acidimicrobiia,IMCC26256,midas_f_2,midas_g_653,midas_s_653,0.018484
3d01292536c84811794d53dbc82dea25,Bacteria,Chloroflexi,Chloroflexia,Chloroflexales,Roseiflexaceae,Kouleothrix,midas_s_1244,0.018484
2cc5b2b8bce723252e69475548cd8e57,Bacteria,Firmicutes,Clostridia,Lachnospirales,Lachnospiraceae,Lachnospiraceae_NK4A136_group,midas_s_91266,0.018484
4920fa802d38be7393416667f565bb4a,Bacteria,Actinobacteriota,Acidimicrobiia,Microtrichales,Microtrichaceae,midas_g_1877,,0.018484
a06dc300e94af80f18cdbc41795c4aa5,Bacteria,Firmicutes,Clostridia,Christensenellales,Christensenellaceae,Christensenellaceae_R-7_group,midas_s_43915,0.018484
cab39ec57bab4d0e6ea98f181ec4eae1,Bacteria,Firmicutes,Limnochordia,Limnochordales,Limnochordaceae,midas_g_92370,,0.018484
46423ee425d08764624f28b7140cc759,Bacteria,Synergistota,Synergistia,Synergistales,Synergistaceae,midas_g_46958,midas_s_46958,0.018484
af1c0fc82127e2f2ccd3473cfa7555e6,Bacteria,Synergistota,Synergistia,Synergistales,Synergistaceae,EBM-39,,0.000913
04749d839f517a8461ff731c4a0a4b60,Bacteria,Bacteroidota,Bacteroidia,Bacteroidales,Dysgonomonadaceae,Petrimonas,Petrimonas_sulfuriphila,0.000913
3a3ec4d864ef71a4f7170d7d7610bfb4,Bacteria,Bacteroidota,Bacteroidia,Bacteroidales,Prolixibacteraceae,midas_g_25828,,0.016112
9eb4774910ed8d676248e0040ca10a83,Bacteria,Firmicutes,Clostridia,Oscillospirales,,,,0.001267
799b0bb65eb8c35ce7d0cef4aec5004a,Bacteria,Proteobacteria,Alphaproteobacteria,Rhizobiales,Beijerinckiaceae,Microvirga,,0.016895
efef0fd59127f1abb17a8e0847606057,Bacteria,Bacteroidota,Bacteroidia,Bacteroidales,Dysgonomonadaceae,Petrimonas,,0.001201
1c4d0577b5aae60dfa88bb9fa2dc36d6,Bacteria,Thermotogota,Thermotogae,Kosmotogales,Kosmotogaceae,Mesotoga,,0.001692
b9572caf5beca64d204f56f150f96a8d,Bacteria,Bacteroidota,Bacteroidia,Bacteroidales,Dysgonomonadaceae,Petrimonas,Petrimonas_sulfuriphila,0.001692
00a1a32589b4628bbc46f04b83b89d22,Bacteria,Proteobacteria,Gammaproteobacteria,Pseudomonadales,Pseudomonadaceae,Pseudomonas,,0.015517
fbc7e405b4d16da23a87995ad9f0c945,Bacteria,Proteobacteria,Gammaproteobacteria,Burkholderiales,Rhodocyclaceae,,,0.001336
565ebeeb62bec205e9a34b25e0a728dd,Bacteria,Firmicutes,Desulfitobacteriia,Desulfitobacteriales,Desulfitobacteriaceae,Desulfosporosinus,,0.001555
261f84006c5eb28858f3f27bbaadc045,Bacteria,Proteobacteria,Gammaproteobacteria,Burkholderiales,Comamonadaceae,Hydrogenophaga,,0.001555
1bb528201a9ce27b647d4d0f9c6d01fb,Bacteria,Firmicutes,,,,,,0.00095
1f09f246b167ceaa862b68be6e9f3442,Bacteria,Firmicutes,Clostridia,,,,,0.001326
adf5bb1e5c1f167d69175bf8a8e04fb3,Archaea,Euryarchaeota,Methanobacteria,Methanobacteriales,Methanobacteriaceae,Methanobrevibacter,Methanobrevibacter_boviskoreani,0.001326
d564201f83026fda70407d0f859d04bd,Bacteria,Planctomycetota,Planctomycetes,Pirellulales,Pirellulaceae,Pirellula,midas_s_2216,0.001326
eda24e48b8b611eab82f254d58d1148d,Bacteria,Firmicutes,Clostridia,Oscillospirales,Hungateiclostridiaceae,,,0.001326
26bcb031ea5e9e32c511c17dd4ce8c44,Bacteria,Chloroflexi,Anaerolineae,Caldilineales,Caldilineaceae,midas_g_5463,,0.001326
cea48cb9e85cce1a4c9d90bff8f6ded5,Bacteria,Verrucomicrobiota,Verrucomicrobiae,Chthoniobacterales,,,,0.001326
3d002319a68cb81e39764750ce844423,Bacteria,Bacteroidota,Bacteroidia,Bacteroidetes_VC2.1_Bac22,midas_f_8637,midas_g_101607,midas_s_101607,0.001326
c4867d600b0a9097a72003891fa4b874,Bacteria,Actinobacteriota,Acidimicrobiia,IMCC26256,midas_f_3344,midas_g_8294,midas_s_8294,0.001326
55d6f196845f6c46a8c04acebb14b7b9,Bacteria,Chloroflexi,KD4-96,midas_o_3277,midas_f_3277,midas_g_3277,midas_s_36597,0.001326
2c2a5e52f212bdc4fe6cfe32717f2a01,Bacteria,Actinobacteriota,Actinobacteria,Corynebacteriales,Nocardiaceae,Skermania,Skermania_piniformis,0.001326
5e1fc58ad48ef339ba354f5166b6a82f,Bacteria,Firmicutes,Clostridia,Clostridia_vadinBB60_group,midas_f_38442,midas_g_98790,midas_s_114329,0.001326
97f1dfd76250227f4fa9736d1ec5d108,Bacteria,Firmicutes,Clostridia,,,,,0.001326
609d275502076a9f8c77313c88d5cabd,Bacteria,Verrucomicrobiota,Chlamydiae,Chlamydiales,Parachlamydiaceae,Neochlamydia,midas_s_82383,0.001326
77da7e24d4e417e8a4fd692db80d26e1,Bacteria,Chloroflexi,Anaerolineae,Anaerolineales,Anaerolineaceae,Levilinea,midas_s_107200,0.001326
8dd05d46c0b97113078aba2427454051,Bacteria,Chloroflexi,Anaerolineae,Anaerolineales,Anaerolineaceae,Leptolinea,midas_s_60908,0.001326
0c383d815fd10fc34608bc3c3415bd28,Bacteria,Firmicutes,Clostridia,Lachnospirales,Lachnospiraceae,Lachnospiraceae_ND3007_group,midas_s_30707,0.001326
a6fbc7a35cdc513c4aae607786ee2a51,Bacteria,Spirochaetota,Spirochaetia,Spirochaetales,Spirochaetaceae,midas_g_6164,midas_s_6164,0.001326
549656e5dca3b5e4918c59545d94e8b0,Bacteria,Armatimonadota,midas_c_216,midas_o_216,midas_f_216,,,0.001326
b083efba34da97dfc1a6fa6864721978,Bacteria,Firmicutes,Limnochordia,MBA03,midas_f_112,,,0.001326
6c69b67bc429532ce3461ea6f3dc7c82,Bacteria,Planctomycetota,Planctomycetes,Pirellulales,Pirellulaceae,Rhodopirellula,midas_s_3364,0.001326
170083f87321cde2efee1b7332711ec9,Bacteria,Firmicutes,D8A-2,midas_o_5025,midas_f_113967,midas_g_113967,,0.001326
461e1d892b167a7eef900fa723462f09,Bacteria,Firmicutes,Clostridia,,,,,0.001326
c50549bb796bf96acbaec9906668844d,Bacteria,Firmicutes,Clostridia,Christensenellales,Christensenellaceae,Christensenellaceae_R-7_group,midas_s_1285,0.001326
4f6902842e157d5e737fa919e5d89f4a,Bacteria,Proteobacteria,Gammaproteobacteria,Legionellales,Legionellaceae,Legionella,,0.001326
edb2c105974cb9358cbb2a34fb4b93d8,Bacteria,Firmicutes,Bacilli,Paenibacillales,Paenibacillaceae,Paenibacillus,Paenibacillus_odorifer,0.001326
f6b24a6816c87c1642b0b3ef07bfee78,Bacteria,Firmicutes,midas_c_4,midas_o_4,midas_f_222,midas_g_97311,midas_s_97311,0.001326
80017052479e0a7748dc385488c63536,Bacteria,Actinobacteriota,Thermoleophilia,Gaiellales,midas_f_269,midas_g_50482,midas_s_55111,0.001326
f02dc9c964b8985575a3f2838bf1fbd8,Bacteria,Hydrogenedentes,Hydrogenedentia,Hydrogenedentiales,Hydrogenedensaceae,midas_g_1246,midas_s_74061,0.001326
6ba0ef08127bd8337916b772638d3744,Bacteria,Firmicutes,D8A-2,midas_o_5025,midas_f_5025,midas_g_5025,,0.001326
c24ddb60bb99f2f3faf3f86c7141b3dc,Bacteria,Proteobacteria,Gammaproteobacteria,midas_o_147,midas_f_13912,midas_g_35314,midas_s_35314,0.001326
3c2d4903b3df0132b4a1d9a9b20ea45d,Bacteria,Proteobacteria,Alphaproteobacteria,Rhizobiales,Rhizobiaceae,Mesorhizobium,midas_s_2119,0.001326
78d38ebcda61982cfb9d7fccb6a94cf2,Bacteria,Chloroflexi,Anaerolineae,Anaerolineales,Anaerolineaceae,midas_g_110354,midas_s_110354,0.001326
4a116f83e81e1519640492c5bf55a3bf,Bacteria,Verrucomicrobiota,Verrucomicrobiae,Chthoniobacterales,Chthoniobacteraceae,Chthoniobacter,,0.001326
7095c313e9e1c5136c8dfaf1ccf4e5d5,Bacteria,Chloroflexi,Anaerolineae,Anaerolineales,Anaerolineaceae,midas_g_108212,,0.001326
d4b8f75d0e42420455e41ded33426aae,Bacteria,Gemmatimonadota,Gemmatimonadetes,Gemmatimonadales,Gemmatimonadaceae,Gemmatimonas,midas_s_67181,0.001326
5e05ab394eb8af522fe62a10d8c28445,Bacteria,Firmicutes,Bacilli,,,,,0.001326
df718da3c7d5615d6f30a415de90fea7,Bacteria,Firmicutes,Clostridia,Clostridiales,Caloramatoraceae,Fonticella,midas_s_70732,0.001326
c883771c490f92035a893a246adf9767,Bacteria,Chloroflexi,Anaerolineae,SJA-15,midas_f_8814,midas_g_76761,midas_s_76761,0.001326
8cc2a5a7c712bb71836060897190bb02,Bacteria,Firmicutes,Clostridia,Clostridia_vadinBB60_group,midas_f_54,midas_g_2423,midas_s_2423,0.001326
bab56c548143c05f1bd021822bf7aa19,Bacteria,Firmicutes,Clostridia,Lachnospirales,Lachnospiraceae,,,0.001326
cfdff1e1afc0bb96435226f40e8031fa,Bacteria,Firmicutes,midas_c_4,midas_o_4,midas_f_222,,,0.001326
fd570e30645c57d049c83863880fd312,Archaea,Thermoplasmatota,Thermoplasmata,Methanomassiliicoccales,Methanomassiliicoccaceae,midas_g_90473,midas_s_90473,0.001326
38e01c452b469921cbeedecef774390c,Bacteria,Firmicutes,Clostridia,Oscillospirales,Oscillospiraceae,,,0.001326
5eea14d9885768eafe3cd046a6e975a7,Bacteria,Firmicutes,Bacilli,Bacillales,Bacillaceae,,,0.001326
d2fd495f50fd9ee1bb779066a74086d7,Bacteria,Patescibacteria,Microgenomatia,Ca_Pacebacteria,midas_f_46393,midas_g_46393,midas_s_46393,0.001326
2fc4dfc7b010149d63567c2ee818550a,Bacteria,Proteobacteria,Gammaproteobacteria,midas_o_147,midas_f_29377,midas_g_110619,midas_s_110619,0.001326
f961e1550d2126dce30199dd80a47c66,Bacteria,Verrucomicrobiota,Chlamydiae,Chlamydiales,Parachlamydiaceae,Neochlamydia,midas_s_82383,0.001326
04a4d49b919c98986235493c3e4105f2,Bacteria,Firmicutes,Clostridia,Oscillospirales,Hungateiclostridiaceae,,,0.001326
b488a23a21137febe962e32b948e87a9,Bacteria,Patescibacteria,Berkelbacteria,midas_o_5245,midas_f_5245,midas_g_42644,,0.001326
172049e46605909f99651e4d0efb8578,Bacteria,Firmicutes,Clostridia,Monoglobales,Monoglobaceae,Monoglobus,midas_s_18521,0.001326
714fee5937db0a72ffa76f655649cd60,Bacteria,Planctomycetota,Planctomycetes,Pirellulales,Pirellulaceae,midas_g_29434,midas_s_29434,0.001326
1f003e944f4c451188139f78a4dbead3,Bacteria,Bacteroidota,Bacteroidia,Bacteroidales,Williamwhitmaniaceae,Blvii28_wastewater-sludge_group,midas_s_2247,0.001326
7598baa4df34dca336e545f5477e2bdd,Bacteria,Proteobacteria,Alphaproteobacteria,Sphingomonadales,Sphingomonadaceae,Sphingomonas,,0.001326
373d9c7b19e02b42024ac7d4b55dd1a8,Bacteria,Firmicutes,Clostridia,Clostridiales,Clostridiaceae,Clostridium_sensu_stricto_7,midas_s_37062,0.001326
4d4be4592350230ffffb8321fc1688fa,Archaea,Crenarchaeota,Bathyarchaeia,midas_o_90791,midas_f_90791,midas_g_97217,midas_s_109195,0.001326
a07f3b457d225ac97e915f62126f9051,Bacteria,Firmicutes,Bacilli,,,,,0.001326
f036998f7c6ae9f7b01b50adfca811a3,Bacteria,Firmicutes,midas_c_4,DTU014,midas_f_80,midas_g_336,,0.001326
c6c062c6e4918cff367f7b7327090845,Bacteria,Proteobacteria,Gammaproteobacteria,Legionellales,Legionellaceae,Legionella,,0.001326
94826025b9642351b6818715fb42c3a5,Bacteria,Spirochaetota,Spirochaetia,Spirochaetales,Spirochaetaceae,midas_g_14041,midas_s_14041,0.001326
88a9a64b37ae0a1b25e1f700e445ab77,Bacteria,Planctomycetota,Phycisphaerae,Phycisphaerales,AKAU3564_sediment_group,midas_g_100021,midas_s_100021,0.001326
4f4dc6bfd6d1b43335fe96fd6eb3e297,Bacteria,Firmicutes,Clostridia,Clostridiales,Clostridiaceae,Clostridium_sensu_stricto_5,midas_s_102242,0.001326
b9ca0e9ca6ba197607c2653e75d15261,Bacteria,Firmicutes,Clostridia,Oscillospirales,Hungateiclostridiaceae,HN-HF0106,,0.001326
9f320ec9d312f6f94fd8e600383871e2,Bacteria,Proteobacteria,Alphaproteobacteria,Rhizobiales,Hyphomicrobiaceae,Hyphomicrobium,midas_s_1607,0.001326
126253aad6ce532558563354e8c229f3,Bacteria,Chloroflexi,KD4-96,midas_o_3277,midas_f_6867,midas_g_95021,,0.001326
737ec3fec82dbe6919a55d6f88890343,Bacteria,Proteobacteria,Alphaproteobacteria,Rhizobiales,Rhizobiaceae,Aquamicrobium,Aquamicrobium_lusatiense,0.001326
b369899a050f5bdde428c77540050c80,Bacteria,Actinobacteriota,Actinobacteria,Frankiales,Frankiaceae,Jatrophihabitans,,0.001326
1f19176efd7a39631a702b95a9d4b247,Bacteria,Firmicutes,Limnochordia,Limnochordales,Limnochordaceae,midas_g_93815,midas_s_112990,0.001326
b7e9487c90de08851f8c120abc9ac7f8,Bacteria,Proteobacteria,Gammaproteobacteria,midas_o_26,midas_f_98,midas_g_523,,0.001326
8eb15ec6f1ac1ddc6a0ded81065b9e3d,Bacteria,Proteobacteria,Alphaproteobacteria,Reyranellales,Reyranellaceae,midas_g_3529,,0.001326
7c1cbe86390c16afdf54fac5ab2ba556,Bacteria,Planctomycetota,Planctomycetes,Isosphaerales,Isosphaeraceae,,,0.001326
717060b0d8c767aa2b031af9d99619dc,Bacteria,Proteobacteria,Alphaproteobacteria,Rhizobiales,Xanthobacteraceae,Pseudolabrys,midas_s_19889,0.001326
b0c56ead300fe6c57f4fc02a1a2f03bd,Bacteria,Firmicutes,Bacilli,Bacillales,,,,0.001326
317bf3e8560b9ad24f7cb75c8fe0cd3e,Bacteria,Proteobacteria,Alphaproteobacteria,Sphingomonadales,Sphingomonadaceae,Sphingomonas,,0.001326
8adc12dac7b8b4b0e4408ebdf6aab780,Bacteria,Patescibacteria,Saccharimonadia,Saccharimonadales,midas_f_4774,midas_g_4774,midas_s_4774,0.001326
4a861d22b54efb0cebe9bfc1f9e23cc0,Bacteria,Chloroflexi,Anaerolineae,midas_o_1,midas_f_813,midas_g_100693,midas_s_100693,0.001326
8027ffc215349056379fe132f318a66a,Bacteria,Proteobacteria,Alphaproteobacteria,Rhodobacterales,Rhodobacteraceae,Bauldia,,0.001326
e52eb9b81be103823dae2b735dafea6f,Bacteria,Firmicutes,Bacilli,Haloplasmatales,Haloplasmataceae,midas_g_110657,midas_s_110657,0.001326
8b024b5e9fd085be8d302e0fe7eb1da6,Bacteria,Verrucomicrobiota,Chlamydiae,Chlamydiales,Parachlamydiaceae,Neochlamydia,midas_s_82383,0.000796
5991e2c541e0896df6ced29abbf2edf2,Bacteria,Firmicutes,Symbiobacteriia,Symbiobacteriales,Symbiobacteraceae,Symbiobacterium,midas_s_108838,0.001354
353d319546f0e234f4b2e8d876cfc7e0,Bacteria,Firmicutes,Clostridia,Oscillospirales,Hungateiclostridiaceae,,,0.001354
68df70d4bee099629f704201f7295b5d,Bacteria,Firmicutes,Clostridia,Eubacteriales,Eubacteriaceae,Acetobacterium,,0.001354
87f7d4bd46de8532433f5041d4803e7d,Bacteria,Firmicutes,Clostridia,Eubacteriales,Eubacteriaceae,midas_g_2229,,0.00109
3c177efebf59a3bd5000040f101bb1bf,Bacteria,Firmicutes,Desulfitobacteriia,Desulfitobacteriales,Desulfitobacteriaceae,Desulfosporosinus,,0.00109
816049bb0d04d104e9bc79d797b7b2e9,Bacteria,Bacteroidota,Bacteroidia,Bacteroidales,Dysgonomonadaceae,Petrimonas,Petrimonas_sulfuriphila,0.000958
e01570517d009e1f5e5443a9dd58a231,Bacteria,Firmicutes,Clostridia,Clostridiales,Clostridiaceae,,,0.000958
aa61e61d77b1c5238145c9b2cabdb9d5,Bacteria,Synergistota,Synergistia,Synergistales,Synergistaceae,EBM-39,,0.000958
999c957beee975a83be3857c1d8051a5,Bacteria,Synergistota,Synergistia,Synergistales,Synergistaceae,EBM-39,,0.000958
c6d1c8a43afe01b7401a3595ad0a5640,Bacteria,Chloroflexi,Anaerolineae,Caldilineales,Caldilineaceae,midas_g_5463,midas_s_44830,0.015403
cb1e3bce988edfd40e886c602d0acd01,Bacteria,Firmicutes,D8A-2,midas_o_13,midas_f_13,midas_g_2046,midas_s_102600,0.015403
1829dfc4952cc934524cf1d9b83df1fd,Bacteria,Firmicutes,Clostridia,Oscillospirales,UCG-010,midas_g_97499,,0.015403
9105a12672d63787cb130b8396b7aa49,Bacteria,Chloroflexi,Chloroflexia,Thermomicrobiales,JG30-KF-CM45,midas_g_4042,,0.015403
d03ed14bb4de457c674f898a173d7a62,Bacteria,Hydrogenedentes,Hydrogenedentia,Hydrogenedentiales,Hydrogenedensaceae,midas_g_100894,midas_s_100894,0.015403
aee2ddec1683cea5bb29ee17e5f48146,Bacteria,Firmicutes,Clostridia,Peptostreptococcales-Tissierellales,Family_XI,Tissierella,,0.015403
0a348490a85ea594e34f9fa851e6f2bf,Bacteria,Firmicutes,Dethiobacteria,Dethiobacterales,Dethiobacteraceae,midas_g_32634,midas_s_32634,0.015403
322e95dcad281978b9f9a97b4bf2b743,Bacteria,Proteobacteria,Alphaproteobacteria,Sphingomonadales,Sphingomonadaceae,Novosphingobium,,0.015403
09f97db7adedc038758fca116724698f,Bacteria,Bacteroidota,Bacteroidia,Bacteroidales,p-251-o5,midas_g_9427,midas_s_9427,0.015403
a5430f5f1cd228c78aa55db13ff1fa92,Bacteria,Bacteroidota,Kapabacteria,Kapabacteriales,midas_f_2685,midas_g_9266,midas_s_120194,0.015403
140e40cb48f1dfbda216a1267bb28fc5,Bacteria,Proteobacteria,Gammaproteobacteria,Xanthomonadales,Rhodanobacteraceae,Aquimonas,midas_s_1475,0.015403
792040cc8d230edf3da4ec44c575fe75,Bacteria,Patescibacteria,Microgenomatia,Ca_Woesebacteria,midas_f_7092,,,0.015403
01d2438fd05e3e4b8f94143439665583,Bacteria,Firmicutes,Limnochordia,MBA03,midas_f_112,,,0.001013
b4551c091eadcf47d15aad6921457f76,Bacteria,Synergistota,Synergistia,Synergistales,Synergistaceae,Syner-01,midas_s_115059,0.00076
aee6434397d2afe4adc1c9d2ba8927a4,Bacteria,Bacteroidota,Bacteroidia,Bacteroidales,Bacteroidaceae,Bacteroides,midas_s_56922,0.00076
295de38d6dd13acd267eae051374671f,Bacteria,Desulfobacterota,Desulfovibrionia,Desulfovibrionales,Desulfovibrionaceae,Desulfovibrio,,0.001056
3eca9c3ddfcd1664d37b708370ae7a05,Bacteria,Firmicutes,Clostridia,Clostridiales,Clostridiaceae,,,0.016951
ba6bc4c3f11394ddeb20d0be26876b26,Bacteria,Synergistota,Synergistia,Synergistales,Synergistaceae,EBM-39,,0.001
24dce07cef9924ddcdee5af002e38965,Bacteria,Synergistota,Synergistia,Synergistales,Synergistaceae,Syner-01,,0.001
242a3a783392eec5c227518358c4dc88,Bacteria,Desulfobacterota,Desulfovibrionia,Desulfovibrionales,Desulfovibrionaceae,Desulfovibrio,,0.001
601d70854057d4d8e94070f73350d797,Bacteria,Synergistota,Synergistia,Synergistales,Synergistaceae,Syner-01,,0.001
68961d428c4c1a26c72ee58ffe940b99,Bacteria,Firmicutes,Clostridia,Oscillospirales,Butyricicoccaceae,UCG-009,midas_s_113755,0.001783
96081852258501d40fba8d2ddf0541ac,Bacteria,Firmicutes,Clostridia,Christensenellales,Christensenellaceae,Christensenellaceae_R-7_group,,0.013838
fe53e16940fd4ac540adc0d7c5d73841,Bacteria,Firmicutes,Bacilli,Lactobacillales,Enterococcaceae,Enterococcus,,0.00141
25f1616a67bfdd13341e589345005a90,Bacteria,Thermotogota,Thermotogae,Kosmotogales,Kosmotogaceae,Mesotoga,,0.00141
6ccc148642fc55d9ec07d0d348c37148,Bacteria,Bacteroidota,Bacteroidia,Bacteroidales,Rikenellaceae,midas_g_36215,midas_s_87061,0.001296
43304902c7de62a1f0749eba6553c3cd,Bacteria,Firmicutes,Clostridia,Peptococcales,Peptococcaceae,Dehalobacterium,,0.001296
abe0e2740f8459c2e33550945597567d,Bacteria,Firmicutes,Clostridia,Clostridiales,Caloramatoraceae,midas_g_19829,midas_s_98582,0.001037
c54b395391b209a66c6f285b4c84bb60,Bacteria,Firmicutes,Clostridia,Christensenellales,Christensenellaceae,Christensenellaceae_R-7_group,,0.001208
391d30262cc3dea9747cbbc8eddf9f07,Bacteria,Chloroflexi,Anaerolineae,SBR1031,midas_f_1469,midas_g_2178,midas_s_32403,0.001208
e55e48fe52d8325396d7b7a722adba80,Bacteria,Bacteroidota,Bacteroidia,Bacteroidales,Dysgonomonadaceae,Proteiniphilum,midas_s_56159,0.001208
794d1f76593fbe8de481cb6027cffe80,Bacteria,Bacteroidota,Bacteroidia,Sphingobacteriales,Lentimicrobiaceae,Lentimicrobium,,0.001208
f8eaa371a95b49c4c6842bbec4b4da5f,Bacteria,Firmicutes,Clostridia,Oscillospirales,Hungateiclostridiaceae,,,0.001208
817de57245c782e0e938fdb195cd7aa1,Bacteria,Bacteroidota,Bacteroidia,Bacteroidales,Dysgonomonadaceae,Petrimonas,,0.00097
ee983542287b2fabba9e4ee88472a44a,Bacteria,Bacteroidota,Bacteroidia,Bacteroidales,Paludibacteraceae,midas_g_9269,,0.00097
f5ec59d59b201d9d82b91bbfb69dc2fc,Bacteria,Bacteroidota,Bacteroidia,Chitinophagales,Chitinophagaceae,,,0.006096
0c3fbf81fa504f4fc2603e504474a1bf,Bacteria,Firmicutes,Clostridia,Christensenellales,Christensenellaceae,Christensenellaceae_R-7_group,midas_s_72663,0.000791
71f4b4a0a56c9a9b81c740f6e3a18596,Bacteria,Cloacimonadota,Cloacimonadia,Cloacimonadales,Cloacimonadaceae,LNR_A2-18,,0.000791
af4077b83626bed3fca2dfbdf7cb9f90,Bacteria,Firmicutes,Clostridia,Peptostreptococcales-Tissierellales,Proteiniboraceae,Proteiniborus,,0.000791
d27b2ff4d26d2899600e9921c2e925f6,Bacteria,Firmicutes,Negativicutes,Veillonellales-Selenomonadales,Sporomusaceae,midas_g_118620,midas_s_118620,0.000791
b6659ef305819aabacf82fa333d503b6,Bacteria,Cyanobacteria,Cyanobacteriia,Chloroplast,Prototheca_moriformis,midas_g_25511,midas_s_25511,0.001061
d580dfb68684d8bcb4505d85be36a809,Bacteria,Firmicutes,Syntrophomonadia,Syntrophomonadales,Syntrophomonadaceae,Syntrophomonas,,0.001061
50420826a4434507209193c117f54130,Bacteria,Patescibacteria,Saccharimonadia,Saccharimonadales,midas_f_67,midas_g_8983,midas_s_12369,0.001061
82fc6e36dd2370048db2e2b7f02fd189,Bacteria,Firmicutes,Dethiobacteria,Dethiobacterales,Dethiobacteraceae,Dethiobacter,,0.001061
bc7d170b9edc9c345a358fc773c260e7,Bacteria,Firmicutes,Bacilli,Bacillales,midas_f_83150,midas_g_92634,midas_s_95580,0.001061
2b21fc8c9a472bcf2441c9c063baaf0a,Bacteria,Chloroflexi,Anaerolineae,Anaerolineales,Anaerolineaceae,Pelolinea,midas_s_98125,0.001061
fe243279a53940656a0d4289ddc3ea66,Bacteria,Firmicutes,Clostridia,Caldicoprobacterales,Caldicoprobacteraceae,Caldicoprobacter,,0.001061
cb21ad21e6f1b6e4e388eec09350d8dc,Bacteria,Planctomycetota,Planctomycetes,midas_o_1071,midas_f_1071,midas_g_4677,midas_s_4677,0.001061
40862b63dd0defe1fb1cbc9991f5f089,Bacteria,Patescibacteria,Berkelbacteria,midas_o_46506,midas_f_50127,midas_g_50127,midas_s_50127,0.001061
6a4bca8a699c143a04caf781f0c1763c,Bacteria,Actinobacteriota,Rubrobacteria,Rubrobacterales,Rubrobacteriaceae,Rubrobacter,Rubrobacter_radiotolerans,0.001061
64726048843aad3c93d620cd9e0479ad,Bacteria,Proteobacteria,Alphaproteobacteria,Rickettsiales,Mitochondria,Nannochloropsis_limnetica,midas_s_116546,0.001061
b2fb53987643b4f865fb0a5912ee1071,Bacteria,,,,,,,0.001061
d01bebdf4a5ff05dd53dc30d65556f60,Bacteria,Proteobacteria,Alphaproteobacteria,Acetobacterales,Acetobacteraceae,Roseomonas,,0.001061
cb0675920de285932e554b08f1db3466,Bacteria,Chloroflexi,Anaerolineae,SBR1031,midas_f_944,midas_g_7542,midas_s_7542,0.001061
28e3c3f751b7e166668665449ef80ec9,Bacteria,Cyanobacteria,Cyanobacteriia,Chloroplast,midas_f_29625,midas_g_67928,midas_s_67928,0.001061
76612bcedbaf761367a3d047ebafd7b6,Bacteria,Cyanobacteria,Cyanobacteriia,Chloroplast,Auxenochlorella_protothecoides,midas_g_59024,midas_s_59024,0.001061
d232fae99923ef2ca92f6afbc004f379,Bacteria,Bdellovibrionota,Oligoflexia,Oligoflexales,Oligoflexaceae,midas_g_41560,midas_s_41560,0.001061
1149a5d0986a0fc3bf7a7a9057b0e033,Bacteria,Firmicutes,Clostridia,Oscillospirales,Hungateiclostridiaceae,HN-HF0106,,0.001061
a42640f848385634aa76ce36a39e3707,Bacteria,Armatimonadota,Fimbriimonadia,Fimbriimonadales,Fimbriimonadaceae,midas_g_1936,,0.001061
84983b37bd3b85c6b96d3a4ea0ff2bbd,Bacteria,Firmicutes,Clostridia,Oscillospirales,Ruminococcaceae,Ruminococcus,midas_s_29718,0.001061
79f4b4c69c43f9fc726deee40b36d3f3,Bacteria,Chloroflexi,Anaerolineae,SBR1031,Flexifilaceae,midas_g_2842,midas_s_28091,0.001061
b3848fcb6cb7ac786f17897a46e4a681,Bacteria,Firmicutes,Clostridia,Christensenellales,Christensenellaceae,midas_g_40543,,0.001061
dd0416fffbca05a27400d18805e182d9,Bacteria,Firmicutes,Clostridia,Peptococcales,Peptococcaceae,midas_g_95534,midas_s_95534,0.001061
2481a293c5dffa73e03136fa6efdff28,Bacteria,Bdellovibrionota,Oligoflexia,0319-6G20,midas_f_3092,midas_g_26258,,0.001061
3aa84206bcf663e8de0f75e1bb5b2ba6,Bacteria,Cyanobacteria,Cyanobacteriia,Chloroplast,Prototheca_wickerhamii,midas_g_49392,midas_s_49392,0.001061
0a9e32a90e0c0e68cfe004e73a2ac7dd,Bacteria,,,,,,,0.001061
a681fb02342fb54c83839d35541047fd,Bacteria,Patescibacteria,midas_c_14137,midas_o_14137,midas_f_14137,midas_g_19557,midas_s_19557,0.001061
eb39035aa8ec3916e81ca8fc6b2cbc00,Bacteria,Myxococcota,Polyangia,Polyangiales,Phaselicystidaceae,Phaselicystis,midas_s_2086,0.001061
9fb275ed81ecc69dd2c2cf775d20f252,Bacteria,Chloroflexi,Anaerolineae,C10-SB1A,Amarolineaceae,midas_g_667,midas_s_100963,0.001061
f9592d197b4e8b201673245f0501b6b3,Bacteria,Firmicutes,Symbiobacteriia,Symbiobacteriales,Symbiobacteraceae,Symbiobacterium,Symbiobacterium_turbinis,0.001061
fbea683698f9faa406733b0ef72a45b8,Bacteria,Firmicutes,Desulfitobacteriia,Desulfitobacteriales,TC1,midas_g_4464,midas_s_9054,0.001061
2d7ac92616f87949dfaf73e74e7d61ef,Bacteria,Bacteroidota,Bacteroidia,Bacteroidales,Paludibacteraceae,Paludibacter,,0.001061
dfba8e8bfc169f25150d154a466d4477,Bacteria,Synergistota,Synergistia,Synergistales,Synergistaceae,Aminomonas,Aminomonas_paucivorans,0.001061
b35b4cb81d7c54205db79368125f511b,Bacteria,Firmicutes,Clostridia,Oscillospirales,Hungateiclostridiaceae,,,0.001061
d0282de15fd06b64876273663703c3b5,Bacteria,Proteobacteria,Alphaproteobacteria,Acetobacterales,Acetobacteraceae,midas_g_6090,,0.001061
4f3686ad1491f35d467e4d518b1a239a,Bacteria,Dependentiae,Babeliae,Babeliales,Vermiphilaceae,midas_g_12984,midas_s_12984,0.001061
dc960b31bf96a79c812f9e13fe5b26aa,Bacteria,Firmicutes,Clostridia,Monoglobales,Monoglobaceae,Monoglobus,,0.001061
e0ef60d7b52825a7bb99db1975db2d1b,Bacteria,Actinobacteriota,Coriobacteriia,Coriobacteriales,Eggerthellaceae,Gordonibacter,midas_s_35156,0.001061
0f6ba75546154e59b7668ab1ac86514b,Bacteria,WS1,midas_c_796,midas_o_796,midas_f_796,midas_g_114284,midas_s_115281,0.001061
4d36e0d0050d301d2a3d040d04521b20,Bacteria,Patescibacteria,Berkelbacteria,midas_o_5245,midas_f_5245,midas_g_84525,midas_s_88907,0.001061
20ec21b915216e00b9af8785dba05efd,Bacteria,Planctomycetota,Planctomycetes,Pirellulales,Pirellulaceae,Pir4_lineage,,0.001061
92fdfef3564a875350627fe95d5fa6e2,Bacteria,Desulfobacterota,Syntrophobacteria,Syntrophobacterales,Syntrophobacteraceae,Syntrophobacter,,0.001061
731b491457472e36422564468f57fa8c,Bacteria,Proteobacteria,Gammaproteobacteria,Enterobacterales,Enterobacteriaceae,Klebsiella,midas_s_44426,0.001061
d21206f5365da44b1152796d3281ae34,Bacteria,Bacteroidota,Bacteroidia,Bacteroidales,Prolixibacteraceae,midas_g_26284,midas_s_26284,0.001061
17dea85edcc6610a7d772d73ea780461,Bacteria,Planctomycetota,Phycisphaerae,Tepidisphaerales,WD2101_soil_group,midas_g_25114,midas_s_25114,0.001061
0e4fb8a4429348304afe0d042e3cb39a,Bacteria,Proteobacteria,Alphaproteobacteria,Rhodobacterales,Rhodobacteraceae,midas_g_40289,midas_s_40289,0.001061
46955cdee4a523b064ae2ab0d337deb8,Bacteria,Proteobacteria,Alphaproteobacteria,Rhodobacterales,Rhodobacteraceae,Paracoccus,Paracoccus_solventivorans,0.001061
46a7a599e8da21433062d78516158149,Bacteria,Proteobacteria,Gammaproteobacteria,Legionellales,Legionellaceae,Legionella,,0.001061
7adc00fdff504740098679e91cb6844d,Bacteria,Actinobacteriota,RBG-16-55-12,midas_o_1092,midas_f_1092,midas_g_102589,midas_s_102589,0.001061
a9135a4ec3c5575c45a925bfaa528201,Bacteria,Spirochaetota,Brevinematia,Brevinematales,Brevinemataceae,midas_g_98823,midas_s_98823,0.001061
ac3f05517b1b612528747e13dde51f63,Bacteria,Firmicutes,Clostridia,Lachnospirales,Lachnospiraceae,Eubacterium_ruminantium_group,midas_s_37579,0.001061
2496952100a88c88466683710edf34ba,Bacteria,Firmicutes,Clostridia,Lachnospirales,Lachnospiraceae,Herbinix,,0.001061
dba7c05b3998a0053a7ebd17f124a3c0,Bacteria,Proteobacteria,Alphaproteobacteria,Rhizobiales,Stappiaceae,Stappia,,0.001061
e9e94fc2ed8a07e91e51f4bac68316c2,Bacteria,Desulfobacterota,Desulfobaccia,Desulfobaccales,Desulfobaccaceae,Desulfobacca,midas_s_72404,0.001061
14a2bb3f27bd325f767bee3f35dec36e,Bacteria,Proteobacteria,Gammaproteobacteria,,,,,0.001061
668b888b470fb300314dd012a056e5ea,Bacteria,Firmicutes,Bacilli,Bacillales,Planococcaceae,Sporosarcina,,0.001061
cefc5e0aafd4478065e1ffd5c5ad5f28,Bacteria,Campylobacterota,Campylobacteria,Campylobacterales,Arcobacteraceae,Arcobacter,,0.001061
e0242f522a0ad486d4a1822dc29289ca,Bacteria,Actinobacteriota,Actinobacteria,Frankiales,Frankiaceae,Jatrophihabitans,midas_s_3483,0.001083
7f649b584c7c54e647d5e552eb59cb76,Bacteria,Firmicutes,Desulfitobacteriia,Desulfitobacteriales,Desulfitobacteriaceae,Desulfosporosinus,,0.001083
feec8d91c6be13d10b577e62ebd689e9,Bacteria,Firmicutes,Clostridia,Peptostreptococcales-Tissierellales,Peptostreptococcaceae,Romboutsia,Romboutsia_lituseburensis,0.001083
7ad290ae94d2ece8c7e76f06f4c89d34,Bacteria,Proteobacteria,Alphaproteobacteria,Rhizobiales,Stappiaceae,Pannonibacter,Pannonibacter_phragmitetus,0.000813
a65a5fa6d26c4133ed7fb665dbaba532,Bacteria,Proteobacteria,Alphaproteobacteria,Sphingomonadales,Sphingomonadaceae,Sphingomonas,,0.000542
3a0635f007892aed36fc53868d002162,Bacteria,Firmicutes,Clostridia,Peptostreptococcales-Tissierellales,Family_XI,Sporanaerobacter,,0.000872
9c245301ea193d71d9c453f4e53f8f6d,Bacteria,Firmicutes,Desulfotomaculia,Desulfotomaculales,Pelotomaculaceae,,,0.000872
290c53e2ab49cb54ec8f1c237184556f,Bacteria,Firmicutes,Clostridia,Peptococcales,Peptococcaceae,,,0.000872
b3a9e61964951469555c029385db09e2,Bacteria,Proteobacteria,Alphaproteobacteria,Caulobacterales,Caulobacteraceae,Brevundimonas,midas_s_25101,0.000872
b6b5e5891c1c9819c1c42c0699647fdc,Bacteria,Proteobacteria,Gammaproteobacteria,Burkholderiales,Alcaligenaceae,Alcaligenes,Alcaligenes_endophyticus,0.000766
946e45651fe55c77bfec78b5f0c9ac09,Bacteria,Firmicutes,Clostridia,Peptostreptococcales-Tissierellales,Sedimentibacteraceae,Sedimentibacter,,0.000766
9eee0b1e1482a3ec332f11704051bccb,Bacteria,Firmicutes,Clostridia,Gracilibacteraceae,Lutispora,midas_g_94288,midas_s_99172,0.000766
a0f6c74268278bbabab6228c59ca7f29,Bacteria,Proteobacteria,Gammaproteobacteria,Enterobacterales,Enterobacteriaceae,,,0.000766
228e919dd14ad58c598f5233e5a757cf,Bacteria,Firmicutes,Clostridia,Oscillospirales,Oscillospiraceae,NK4A214_group,midas_s_58114,0.010122
8a26d456ae3c3bae3168beac9c58f723,Bacteria,Firmicutes,Clostridia,Peptostreptococcales-Tissierellales,Sedimentibacteraceae,Sedimentibacter,midas_s_3105,0.012322
223a97d643f3bf7a15933041059405f2,Bacteria,Firmicutes,Clostridia,Lachnospirales,Lachnospiraceae,Shuttleworthia,midas_s_1635,0.012322
8e9ba9236465c21499bc3f40d74cc796,Bacteria,Armatimonadota,midas_c_216,midas_o_330,midas_f_330,midas_g_330,midas_s_330,0.012322
b0e58cfa126744dd348459cfe85bb1eb,Bacteria,Bacteroidota,Ignavibacteria,Ignavibacteriales,PHOS-HE36,midas_g_179,midas_s_9635,0.012322
ab3f4972f2d36d75c060ccd1bf1c534c,Bacteria,Proteobacteria,Alphaproteobacteria,Rhizobiales,Pleomorphomonadaceae,Prosthecomicrobium,,0.012322
16530de0912f9d1b84d979205b00a1a2,Bacteria,Proteobacteria,Gammaproteobacteria,Pseudomonadales,Pseudomonadaceae,Pseudomonas,midas_s_1934,0.012322
cdf9c0d20f5126703fb280903f147bf1,Bacteria,Bacteroidota,Bacteroidia,Bacteroidales,Prolixibacteraceae,midas_g_75712,midas_s_89784,0.012322
ec0e92aa742633fb5445587841b0d4ae,Bacteria,Firmicutes,Clostridia,Oscillospirales,Hungateiclostridiaceae,midas_g_92414,midas_s_92414,0.012322
a8344a3e067f4d413618e226f05fa43b,Bacteria,Bacteroidota,Bacteroidia,Flavobacteriales,Weeksellaceae,Cloacibacterium,,0.012322
1581160c6777728d48e08fa9b5537a7f,Bacteria,Bacteroidota,Bacteroidia,Flavobacteriales,Flavobacteriaceae,Flavobacterium,,0.012322
94979f1f99a94f739e3e4f3b449026c2,Bacteria,Desulfobacterota,Desulfuromonadia,PB19,midas_f_108407,midas_g_108407,midas_s_108407,0.012322
95d2aecfcf6ba465767aadd660dfaa23,Bacteria,Chloroflexi,Anaerolineae,midas_o_1,midas_f_813,midas_g_113041,midas_s_113041,0.012322
f22079a8db2be735754c3be1f019c806,Bacteria,Chloroflexi,Anaerolineae,SBR1031,midas_f_1469,midas_g_32974,midas_s_32974,0.012322
c9d950f94a43988a7a62630fcbb17f09,Bacteria,Firmicutes,Clostridia,,,,,0.000811
41ce94f4a11ec070e9cc2b4aa6bd4586,Bacteria,Firmicutes,Clostridia,Peptostreptococcales-Tissierellales,Proteiniboraceae,Proteiniborus,,0.000811
c505e41b90e3118dfaa54d8f1a81366a,Bacteria,Bacteroidota,Bacteroidia,Bacteroidales,Dysgonomonadaceae,Proteiniphilum,midas_s_56159,0.000811
4a5aca254f681087750ca99527486cde,Bacteria,Desulfobacterota,Desulfovibrionia,Desulfovibrionales,Desulfovibrionaceae,,,0.000811
c023b0699cefd63b6adc4f10e07249a5,Bacteria,Chloroflexi,Anaerolineae,RBG-13-54-9,midas_f_20645,midas_g_35108,midas_s_35108,0.000811
dddc690438f5f26b73ce5b4b7366c9ba,Archaea,Euryarchaeota,Methanobacteria,Methanobacteriales,Methanobacteriaceae,Methanobacterium,midas_s_9526,0.000811
29883fe16dfa7fad85b04c037bb05601,Archaea,Euryarchaeota,Methanobacteria,Methanobacteriales,Methanobacteriaceae,Methanobacterium,,0.000811
1b6a74219c50e2431e29f79c7759fe5c,Bacteria,Bacteroidota,Bacteroidia,Bacteroidales,Dysgonomonadaceae,Petrimonas,Petrimonas_sulfuriphila,0.000811
78d8d3ec2ebd5e2a83e44647db0ce1a9,Bacteria,Proteobacteria,Gammaproteobacteria,Burkholderiales,Alcaligenaceae,Alcaligenes,Alcaligenes_endophyticus,0.000608
f8a7dfd610756eae88194f6b418f8083,Bacteria,Firmicutes,Clostridia,Oscillospirales,Oscillospiraceae,Colidextribacter,,0.000608
0a4b2edd9bb1a0133befd0b4be2ae359,Bacteria,Actinobacteriota,Actinobacteria,Micrococcales,Microbacteriaceae,Leucobacter,,0.010741
660f40fb879895aaa77f5058a5a1ddc5,Bacteria,Firmicutes,Clostridia,Oscillospirales,Hungateiclostridiaceae,HN-HF0106,,0.010741
004df64542e790b66bddce5295c5f9f2,Bacteria,Firmicutes,Thermovenabulia,Thermovenabulales,Tepidanaerobacter,midas_g_91387,midas_s_91387,0.000845
9ca522266700affe72ba707b3e043cd5,Bacteria,Firmicutes,Clostridia,Gracilibacteraceae,Lutispora,midas_g_94288,midas_s_99172,0.000845
342c9bed5ce5e945deb98ec33fe023b6,Bacteria,Actinobacteriota,Actinobacteria,Propionibacteriales,Propionibacteriaceae,midas_g_164,midas_s_260,0.000845
35642394927b4d894a1ac8d30f690a93,Bacteria,Synergistota,Synergistia,Synergistales,Synergistaceae,Syner-01,,0.000845
cbd22a346325bb16a23d31a6d4ba799e,Bacteria,Armatimonadota,Chthonomonadetes,Chthonomonadales,midas_f_6187,midas_g_6187,midas_s_6187,0.000845
7cfaaff60469cc024becf6bcb47a479e,Bacteria,Chloroflexi,Anaerolineae,SBR1031,midas_f_1469,midas_g_2178,midas_s_32403,0.0008
45f9a7bf1f33e80fe813979280cdbfa3,Archaea,Thermoplasmatota,Thermoplasmata,Methanomassiliicoccales,Methanomassiliicoccaceae,Methanomassiliicoccus,midas_s_90465,0.012768
08bd59c0dd2f1976f90f4d752e6d414b,Bacteria,Firmicutes,Clostridia,Oscillospirales,Hungateiclostridiaceae,Ercella,,0.001426
76bfb4e09e6ad08f8a206e9a5debe694,Bacteria,Firmicutes,Clostridia,Oscillospirales,Oscillospiraceae,NK4A214_group,,0.000713
cad52ca14fa05a300867ec1db2173600,Bacteria,Proteobacteria,Alphaproteobacteria,Sphingomonadales,Sphingomonadaceae,Sphingosinicella,midas_s_12807,0.014123
0bd4e9e692a18c6de4c1679291a3595a,Bacteria,Firmicutes,Syntrophomonadia,Syntrophomonadales,Syntrophomonadaceae,midas_g_1312,,0.002156
393ff3cc732c5e98dfc18b434623f9e9,Bacteria,Proteobacteria,Gammaproteobacteria,Xanthomonadales,Xanthomonadaceae,Arenimonas,midas_s_11318,0.01107
e598afcbd515415253ea79ca19ae57d7,Bacteria,Proteobacteria,Gammaproteobacteria,Pseudomonadales,Moraxellaceae,Acinetobacter,,0.001128
199c31b0eaa3d5012bbd210ced3e402f,Bacteria,Firmicutes,Clostridia,Christensenellales,Christensenellaceae,,,0.001128
0e81a770249139559c5cb218c03695f9,Bacteria,Desulfobacterota,Desulfovibrionia,Desulfovibrionales,Desulfovibrionaceae,Desulfovibrio,midas_s_43704,0.00089
91bb0084d37461aa2ed60cba5a003fc4,Bacteria,Proteobacteria,Gammaproteobacteria,Enterobacterales,Enterobacteriaceae,,,0.00089
57f1eccafbbc205af5c052d2942967e6,Bacteria,Proteobacteria,Gammaproteobacteria,Burkholderiales,,,,0.001037
84f15f87dd256dbeaf017a4e75dd5cad,Bacteria,Bacteroidota,Bacteroidia,Bacteroidales,Dysgonomonadaceae,Petrimonas,,0.001037
248cd8f8ef49066c9ede7752a044b0ee,Bacteria,Desulfobacterota,Desulfovibrionia,Desulfovibrionales,Desulfovibrionaceae,Desulfovibrio,midas_s_43704,0.001037
54e2ac902f306ae27ca844f44be5b425,Bacteria,,,,,,,0.000967
712e76a5d7842a97a23eda9641c3d251,Archaea,Euryarchaeota,Methanobacteria,Methanobacteriales,Methanobacteriaceae,Methanobacterium,midas_s_9526,0.000776
0fada6a77d06dfe158c61acabd5851a8,Bacteria,Firmicutes,Clostridia,Peptococcales,Peptococcaceae,,,0.000633
bd0dd34948cdbece22dc78b4556aa529,Bacteria,Armatimonadota,midas_c_216,midas_o_6226,midas_f_6226,,,0.000796
5bd290b8145c47c97f4b53595839a743,Bacteria,Planctomycetota,Phycisphaerae,Phycisphaerales,AKAU3564_sediment_group,,,0.000796
8b15a3b964e89068f45a7b48912eb1b1,Bacteria,Firmicutes,Limnochordia,MBA03,midas_f_112,midas_g_90254,,0.000796
9b9174d78b183d58e02083b8044f64af,Bacteria,,,,,,,0.000796
c5e8440cde07de1b358a2744fa0626e9,Bacteria,Chloroflexi,Anaerolineae,RBG-13-54-9,midas_f_20645,,,0.000796
8f9f1230951b3b3b3d3fb12aa4ed0e8e,Bacteria,midas_p_43884,midas_c_43884,midas_o_43884,midas_f_43884,,,0.000796
1352933b973ba3c6f76d090c4d0a422e,Bacteria,Acidobacteriota,Acidobacteriae,Bryobacterales,Bryobacteraceae,Bryobacter,midas_s_7265,0.000796
954395a75bf6cfc5ecda85aea2a4570b,Bacteria,Firmicutes,Negativicutes,Acidaminococcales,Acidaminococcaceae,midas_g_3711,,0.000796
9f4c3d76158212d20d1239263d545546,Bacteria,,,,,,,0.000796
9a38fac836b824fbd5c99165b543ca0a,Bacteria,Verrucomicrobiota,Verrucomicrobiae,Pedosphaerales,Pedosphaeraceae,SH3-11,midas_s_6582,0.000796
40435e518fea30a9f66dd28ace97dcd0,Bacteria,Verrucomicrobiota,Verrucomicrobiae,Opitutales,Puniceicoccaceae,Verruc-01,midas_s_41103,0.000796
5f012e60ebbd77b52bfe4a68ac5643da,Bacteria,Planctomycetota,Phycisphaerae,Phycisphaerales,Phycisphaeraceae,midas_g_62006,midas_s_62006,0.000796
3ad87bba1f2057ec3f2d3dfb1faa6e4c,Bacteria,Firmicutes,Clostridia,Lachnospirales,Lachnospiraceae,Blautia,,0.000796
83ac555e466ac754139554eca9aec78b,Bacteria,Proteobacteria,Alphaproteobacteria,Holosporales,Holosporaceae,,,0.000796
d75d2dcd4fa20c295e2b228aaab734d6,Bacteria,Bacteroidota,Bacteroidia,Bacteroidales,Bacteroidetes_vadinHA17,midas_g_15441,midas_s_98187,0.000796
991143d1b16b7f958f686b23f0d983e9,Bacteria,Armatimonadota,Fimbriimonadia,Fimbriimonadales,Fimbriimonadaceae,,,0.000796
e7a13ec86ee02e4891bd50da7bb8f534,Bacteria,Bacteroidota,Bacteroidia,Flavobacteriales,Flavobacteriaceae,Flavobacterium,,0.000796
6014a554d33d3beabc7d7c46cfdcd41f,Bacteria,Spirochaetota,Spirochaetia,Spirochaetales,Spirochaetaceae,midas_g_89556,midas_s_89556,0.000796
dcc1b2524bf00a7d6decf739df2f1f19,Bacteria,Proteobacteria,Gammaproteobacteria,Diplorickettsiales,Diplorickettsiaceae,midas_g_34763,midas_s_54684,0.000796
81f8883a0b290b6dc7652309040b6ad2,Bacteria,Firmicutes,,,,,,0.000796
b820d1c08e8e80b6e461af1ec76a9723,Bacteria,Firmicutes,Clostridia,Oscillospirales,Hungateiclostridiaceae,,,0.000796
50a8367445f13689d1032ccff7c8db55,Bacteria,Planctomycetota,Phycisphaerae,Phycisphaerales,Phycisphaeraceae,SM1A02,midas_s_19427,0.000796
5629f0846c3c982970fcbd37fe2bdb8b,Bacteria,Firmicutes,Limnochordia,Hydrogenispora,midas_f_2701,midas_g_102519,midas_s_102519,0.000796
7460da842ed9a123301b3bdff0597d0a,Bacteria,Chloroflexi,Anaerolineae,midas_o_4245,midas_f_7837,midas_g_8099,midas_s_8099,0.000796
7fe3fc46ddecc806d5fc5e4b8f3ddfce,Bacteria,Planctomycetota,Phycisphaerae,MSBL9,SG8-4,midas_g_2983,midas_s_2983,0.000796
803eb52cfe3d77bdf9fe14c011e425fb,Bacteria,Actinobacteriota,Coriobacteriia,Coriobacteriales,Eggerthellaceae,Eggerthella,Eggerthella_lenta,0.000796
eb806bb1dd30405c489b4706cacd2d26,Bacteria,Bacteroidota,Bacteroidia,Chitinophagales,Saprospiraceae,Ca_Opimibacter,,0.000796
3e3e95a36c06e6967322d92057d2f4f7,Bacteria,Cyanobacteria,Cyanobacteriia,Chloroplast,Mychonastes_jurisii,midas_g_35291,midas_s_35291,0.000796
f34375ad68967fbbb5c6ca6b32bea110,Bacteria,Bacteroidota,Bacteroidia,Flavobacteriales,Weeksellaceae,Chryseobacterium,,0.000796
db2655d106ea7194a3982bfbe1ef11c4,Bacteria,Verrucomicrobiota,Chlamydiae,Chlamydiales,Parachlamydiaceae,Neochlamydia,midas_s_82383,0.000796
118cef48f6a595357192f8fe289c2df2,Bacteria,Firmicutes,,,,,,0.000796
d760d5214a39254043ef78c083b92a9e,Bacteria,Proteobacteria,Gammaproteobacteria,Burkholderiales,T34,midas_g_1465,,0.000796
f2126d67d457c75787258130f49ef2e0,Bacteria,Spirochaetota,V2072-189E03,midas_o_3554,midas_f_90568,midas_g_90568,midas_s_94008,0.000796
7cdebc400e62034e50c2a3b6db84a0d3,Bacteria,Firmicutes,Clostridia,Eubacteriales,Anaerofustaceae,Anaerofustis,midas_s_76206,0.000796
24b8bcda6b1b2ab72e632df74c10c98c,Bacteria,,,,,,,0.000796
da040f4409259c781d2e44bd12938078,Bacteria,Chloroflexi,Anaerolineae,SBR1031,midas_f_18027,midas_g_18027,midas_s_120025,0.000796
0d37046c1c20f102fc585c696c80e53c,Archaea,Euryarchaeota,Methanobacteria,Methanobacteriales,Methanobacteriaceae,Methanobacterium,,0.000796
ae704d1c88be49728d2e2bd87af45c54,Bacteria,Firmicutes,Clostridia,Lachnospirales,Lachnospiraceae,Cellulosilyticum,,0.000796
6e6058d4bc7844a5a6e5a8bddd480300,Bacteria,Myxococcota,Myxococcia,Myxococcales,Anaeromyxobacteraceae,Anaeromyxobacter,midas_s_6037,0.000796
435c6084c75f643fca4a52a243e279ae,Bacteria,,,,,,,0.000796
02e4c50e67865e5275d1bb983d11988c,Bacteria,Actinobacteriota,Acidimicrobiia,IMCC26256,midas_f_2,midas_g_3140,midas_s_54887,0.000796
44d199fe6af5278159ea5f9943993fd3,Bacteria,midas_p_84329,midas_c_84329,midas_o_84329,midas_f_84329,midas_g_84329,midas_s_84329,0.000796
8c99e30986e776bbc067425690109213,Bacteria,Firmicutes,Clostridia,Peptostreptococcales-Tissierellales,Anaerovoracaceae,Family_XIII_AD3011_group,midas_s_11346,0.000796
c6171a3d89596153e525e7c455919126,Bacteria,Firmicutes,Clostridia,Lachnospirales,Lachnospiraceae,,,0.000796
f5bab5c7d812c2d3a64a5dcf3d257e8a,Bacteria,Actinobacteriota,Acidimicrobiia,IMCC26256,midas_f_2,midas_g_3140,midas_s_3140,0.000796
ebe4386302d56ad91632ab04d8e4f2a0,Bacteria,Firmicutes,Clostridia,Christensenellales,Christensenellaceae,,,0.000796
306362657db7872818a69eab489f7c76,Bacteria,Myxococcota,Polyangia,Nannocystales,Nannocystaceae,Nannocystis,midas_s_1119,0.000796
600bb60d1fe6ae569792e6293dc1551d,Bacteria,Firmicutes,,,,,,0.000796
4a19bdfb366f7b08e08a1e91c6074b30,Bacteria,WPS-2,midas_c_206,midas_o_395,midas_f_1708,midas_g_119953,midas_s_119953,0.000796
3f5533292a655d0f54a64560d65e823b,Bacteria,Actinobacteriota,Coriobacteriia,Coriobacteriales,Coriobacteriaceae,Collinsella,Collinsella_aerofaciens,0.000796
55b1e088790638cb0f33b74d1d5bf921,Bacteria,Firmicutes,Negativicutes,Veillonellales-Selenomonadales,Sporomusaceae,midas_g_76603,midas_s_113037,0.000796
690ef1f68aa77e7be7d8be58f2815e17,Bacteria,Bacteroidota,Bacteroidia,Bacteroidales,Prolixibacteraceae,midas_g_120191,midas_s_120191,0.000796
c992cbee5926e44bc397f0234e0c255c,Bacteria,Chloroflexi,Anaerolineae,midas_o_1,midas_f_813,,,0.000796
6c533cace9e76e9de67e31e528bafa29,Bacteria,Firmicutes,Clostridia,Clostridia_vadinBB60_group,midas_f_99808,midas_g_99992,midas_s_115490,0.000796
f0f0fbd8b8b3465070051618d1426d2c,Bacteria,Planctomycetota,Planctomycetes,Pirellulales,Pirellulaceae,,,0.000796
c1596a5db2591882d02a381ba7a01960,Bacteria,Spirochaetota,Spirochaetia,Spirochaetales,Spirochaetaceae,midas_g_99028,,0.000796
8a7a133e5daf52fb66404c67a0c7dc48,Bacteria,Proteobacteria,Gammaproteobacteria,Coxiellales,Coxiellaceae,Coxiella,midas_s_119550,0.000796
04d3fb492116659a0de3a6a9d16f50b1,Bacteria,Chloroflexi,Anaerolineae,RBG-13-54-9,midas_f_5792,midas_g_109815,midas_s_109815,0.000796
a5ed688dfc70ccd795b56425b56b2865,Bacteria,WPS-2,midas_c_55,midas_o_1194,midas_f_1770,midas_g_1770,midas_s_1770,0.000796
0a57a465cfa8639424b461d0dbc7ed66,Bacteria,Firmicutes,Clostridia,Clostridiales,Clostridiaceae,Proteiniclasticum,,0.000796
65f9a101f8ffe7049bd3d0baa83520c2,Bacteria,Dependentiae,Babeliae,Babeliales,Babeliaceae,midas_g_53820,midas_s_53820,0.000796
e3a2d60faa8d0d3ec2805ea4a4f69cc5,Bacteria,Proteobacteria,Gammaproteobacteria,Steroidobacterales,Steroidobacteraceae,midas_g_1161,midas_s_1306,0.000796
c232a779470ac2c086cf118bc1aa821d,Bacteria,Verrucomicrobiota,Chlamydiae,Chlamydiales,Parachlamydiaceae,Neochlamydia,midas_s_82383,0.000796
c18be20cca10d6ead4ed3561cf3dfca0,Bacteria,Acidobacteriota,Subgroup_21,midas_o_3847,midas_f_5529,midas_g_5529,,0.000796
01e6c47ea1eccbd286858fc97fa25654,Bacteria,Proteobacteria,Gammaproteobacteria,Legionellales,Legionellaceae,Legionella,,0.000796
b6eff50a2aefce9119d1eeb59b28bbed,Bacteria,Firmicutes,Limnochordia,Limnochordales,Limnochordaceae,midas_g_115815,midas_s_115815,0.000796
1e2270e7a0c8c2e951edc6813b58451a,Bacteria,Actinobacteriota,Actinobacteria,Actinomycetales,Actinomycetaceae,Actinomyces,midas_s_47670,0.000796
9e50dfdd487c628307774026eb126fb2,Bacteria,Thermotogota,Thermotogae,Kosmotogales,Kosmotogaceae,Mesotoga,,0.000813
9cc0bdcb1fb3a25451cc888c896d434b,Bacteria,Caldatribacteriota,Caldatribacteriia,Caldatribacteriales,Caldatribacteriaceae,Ca_Caldatribacterium,,0.000813
9764c052d988e3b900a8df7208a2a245,Bacteria,Proteobacteria,Alphaproteobacteria,Rhodobacterales,Rhodobacteraceae,Amaricoccus,,0.000813
124cf22125895521b8cfe8d7d8d56d8a,Bacteria,Firmicutes,Clostridia,Peptostreptococcales-Tissierellales,Anaerovoracaceae,Anaerovorax,,0.000813
e5fff5f0be6594cb84ed47a5b16ee2bd,Bacteria,Proteobacteria,Alphaproteobacteria,Rhodobacterales,Rhodobacteraceae,midas_g_75,midas_s_75,0.000813
8af31eef438d38bbb57e4b47d308116d,Bacteria,Actinobacteriota,Actinobacteria,Corynebacteriales,Nocardiaceae,Gordonia,,0.000654
951daa4c85bba9e3a72b4bb15749adda,Bacteria,Firmicutes,Thermovenabulia,Thermovenabulales,Tepidanaerobacter,midas_g_91387,midas_s_91387,0.000654
6195e799c734a9a8f419aed004b7cf86,Bacteria,Firmicutes,Bacilli,Lactobacillales,Enterococcaceae,Enterococcus,,0.000654
9a7f74e3ff43dde97ce79af735aa528c,Bacteria,Chloroflexi,Anaerolineae,RBG-13-54-9,midas_f_5792,midas_g_34283,midas_s_34283,0.000654
68c0d62cad841fbf52eb5c92f9f2f0ff,Bacteria,Synergistota,Synergistia,Synergistales,Synergistaceae,Syner-01,,0.000575
02f995222d6154a9ec64914f39f11fda,Bacteria,Proteobacteria,Gammaproteobacteria,Burkholderiales,Comamonadaceae,,,0.000575
b7fc3794868f7f88d0e074c92eff9e93,Bacteria,Firmicutes,Clostridia,Christensenellales,Christensenellaceae,Christensenellaceae_R-7_group,,0.000575
b63447503e05ba796eaeccc7f36cd857,Bacteria,Bdellovibrionota,Oligoflexia,0319-6G20,midas_f_21617,midas_g_38379,midas_s_38379,0.009242
7b1b71e60ae0bb9f6a96df4e5b041edf,Bacteria,Patescibacteria,ABY1,Ca_Falkowbacteria,midas_f_5033,midas_g_5033,midas_s_57798,0.009242
7141921d9117df050c7e3d64516ff8c7,Bacteria,Chloroflexi,Chloroflexia,Chloroflexales,Roseiflexaceae,,,0.009242
169d803cc0a2a89e75f8e82c2efae93a,Bacteria,Patescibacteria,Microgenomatia,Ca_Shapirobacteria,midas_f_3857,midas_g_3857,midas_s_3857,0.009242
7aa00055f8c11d371a80cb12ffeb42ef,Bacteria,Armatimonadota,midas_c_216,midas_o_6226,midas_f_6226,midas_g_114379,midas_s_114379,0.009242
2c4a6ac5c683c0ac2ff669e92f2b02f2,Bacteria,Proteobacteria,Gammaproteobacteria,Thiotrichales,Thiotrichaceae,Thiothrix,midas_s_6986,0.009242
e86d1d75253191d79a618ca4d38aca68,Bacteria,Patescibacteria,Berkelbacteria,midas_o_1772,midas_f_1772,midas_g_1772,midas_s_1772,0.009242
11ae08abc7f0e3333042f323fef11f46,Bacteria,Verrucomicrobiota,Chlamydiae,Chlamydiales,Parachlamydiaceae,Neochlamydia,midas_s_82383,0.009242
eb03cc81c19a706d309616c7bc005cf6,Bacteria,Actinobacteriota,Actinobacteria,Bifidobacteriales,Bifidobacteriaceae,Bifidobacterium,midas_s_110072,0.009242
2bb4936212530cde65ba75ca2eeb811a,Bacteria,Firmicutes,Clostridia,Lachnospirales,Lachnospiraceae,XBB1006,midas_s_6521,0.009242
7363aac88b5325ac49cb469e284e10dd,Bacteria,Firmicutes,Bacilli,Lactobacillales,Streptococcaceae,Lactococcus,,0.009242
74ad32bd8ebc2ee155bfcbb63332ff66,Bacteria,Acidobacteriota,Acidobacteriae,Paludibaculum,midas_f_675,midas_g_101779,midas_s_101779,0.009242
5d022d2abb20ba3874d08d23862090fd,Bacteria,Proteobacteria,Alphaproteobacteria,Acetobacterales,Acetobacteraceae,midas_g_5991,midas_s_5991,0.009242
ae5409ee7901af22321eee08a4cbda3e,Bacteria,Desulfobacterota,Desulfovibrionia,Desulfovibrionales,Desulfovibrionaceae,Desulfovibrio,Desulfovibrio_desulfuricans,0.009242
df1a52d3ac671303d845fa6963c4bed1,Bacteria,Bacteroidota,Bacteroidia,Cytophagales,Microscillaceae,OLB12,,0.009242
9f96ba0239a56945df3d725759d37f26,Bacteria,Synergistota,Synergistia,Synergistales,Synergistaceae,EBM-39,,0.000608
f0d7520dbce45f569febe00205e8e9f7,Bacteria,Proteobacteria,Alphaproteobacteria,Rhizobiales,Beijerinckiaceae,Camelimonas,,0.000608
f4eb19fb222b9761a2b3e01340472691,Bacteria,Campylobacterota,Campylobacteria,Campylobacterales,Sulfurospirillaceae,Sulfurospirillum,Sulfurospirillum_cavolei,0.000608
864e7cae8a55031eca03d9e08dc49553,Bacteria,Thermotogota,Thermotogae,Kosmotogales,Kosmotogaceae,Mesotoga,,0.000608
5c76e0d46321fda9cf0d46f3a598b74f,Bacteria,Firmicutes,Bacilli,Lactobacillales,Enterococcaceae,,,0.000608
668b3a3c495b62d0a11eee027108aeb5,Bacteria,Firmicutes,Clostridia,Oscillospirales,Butyricicoccaceae,UCG-009,,0.000608
c3e968a0946cfc5f9704691f47655570,Bacteria,Firmicutes,Clostridia,Peptostreptococcales-Tissierellales,Peptostreptococcaceae,Paraclostridium,midas_s_2984,0.000608
bc58a5b84bfddc7b8ab70cc704b483ab,Bacteria,Firmicutes,Clostridia,Oscillospirales,Butyricicoccaceae,UCG-009,midas_s_84783,0.000456
18a092b014b6de80593f7d47d2d9d923,Archaea,Euryarchaeota,Methanobacteria,Methanobacteriales,Methanobacteriaceae,Methanobacterium,midas_s_9526,0.000456
00aaf73685f0406f32767bc9c43fde5b,Bacteria,Firmicutes,Clostridia,Oscillospirales,Oscillospiraceae,Intestinimonas,midas_s_95615,0.000456
07c0a289796d7465a2f69093ebf4a33a,Bacteria,Firmicutes,Clostridia,Oscillospirales,Ruminococcaceae,,,0.000456
bbb8763717da88ebc18aff53f9de028f,Bacteria,Synergistota,Synergistia,Synergistales,Synergistaceae,Syner-01,,0.000456
aa78d734b59dc8f035c1e136275e7923,Bacteria,Bacteroidota,Bacteroidia,Bacteroidales,Dysgonomonadaceae,Petrimonas,,0.000633
385ff5afa4e19e68ba06f7912908b170,Bacteria,Firmicutes,Desulfitobacteriia,Desulfitobacteriales,Syntrophobotulaceae,Dehalobacter,,0.000633
88d2e157e9592b9dd02289ff66b8e7a4,Archaea,Euryarchaeota,Methanobacteria,Methanobacteriales,Methanobacteriaceae,Methanobacterium,midas_s_9526,0.0006
c62ec451cad772ced1b4f73e447dfe58,Bacteria,Firmicutes,Clostridia,Eubacteriales,Eubacteriaceae,Acetobacterium,,0.0006
dedaa658c067ddab6be08769c9d8b5ec,Bacteria,Firmicutes,Clostridia,Peptostreptococcales-Tissierellales,Alkaliphilus,Alkaliphilus_oremlandii_OhILAs,,0.0006
6d500b30af1a9a8e0b1e52b662808599,Bacteria,Firmicutes,midas_c_4,DTU014,midas_f_148,midas_g_515,,0.009576
613419874443169bf5144b900aec08b4,Bacteria,Cyanobacteria,Sericytochromatia,midas_o_1393,midas_f_26893,midas_g_77185,midas_s_77423,0.00107
00b31ea747aed535c930a3fb84d039e0,Bacteria,,,,,,,0.010592
6e252cae9e8ff5755e0cfa5c52a78beb,Bacteria,,,,,,,0.001617
0e2e50ea2d7a3366dcca1f3262040bb0,Archaea,Euryarchaeota,Methanobacteria,Methanobacteriales,Methanobacteriaceae,Methanobacterium,Methanobacterium_formicicum,0.001617
fd0ef899d0206dcd4a78995587f93375,Bacteria,Proteobacteria,Gammaproteobacteria,Burkholderiales,,,,0.001617
e8a86642422a282bb8095b927d653eaf,Bacteria,Firmicutes,Bacilli,Bacillales,Planococcaceae,Rummeliibacillus,Rummeliibacillus_suwonensis,0.001617
a6651a449b279b248edf929c8333a191,Archaea,Euryarchaeota,Methanobacteria,Methanobacteriales,Methanobacteriaceae,Methanobacterium,midas_s_9526,0.001617
f2503a995bd8c1a94ce5d1e49159c7d1,Bacteria,Bacteroidota,Bacteroidia,Sphingobacteriales,Lentimicrobiaceae,Lentimicrobium,midas_s_63579,0.000846
1bfb8e6cb930a8c9ef5d52ea4ba2fd40,Bacteria,Synergistota,Synergistia,Synergistales,Synergistaceae,EBM-39,,0.000846
e207e8f65f4dcf2a29cf07ae8ee8fd7e,Bacteria,Spirochaetota,Spirochaetia,Spirochaetales,Spirochaetaceae,Sphaerochaeta,,0.000668
922a7f47672abd882604d821f25fb3ad,Bacteria,Bacteroidota,Bacteroidia,Bacteroidales,Paludibacteraceae,midas_g_9269,,0.000777
4da01f6a9301d3de80e048625f9d352a,Bacteria,Firmicutes,,,,,,0.000777
a69686fca845cb2a7dc332e3232d3b85,Bacteria,Proteobacteria,Gammaproteobacteria,Burkholderiales,,,,0.000725
a5f80c6cfc12861f45f935186dc8a472,Bacteria,Bacteroidota,Bacteroidia,Bacteroidales,Rikenellaceae,midas_g_36215,midas_s_87061,0.000725
3876f8d3b46ac99f7e99345288e684b5,Bacteria,Thermotogota,Thermotogae,Kosmotogales,Kosmotogaceae,Mesotoga,,0.000582
b5bf6ec98f96b1d92a5739d745b87ec8,Bacteria,Proteobacteria,Gammaproteobacteria,Burkholderiales,Rhodocyclaceae,,,0.000582
607a06d9faf3f514074b5a4908b55a82,Bacteria,Synergistota,Synergistia,Synergistales,Synergistaceae,Syner-01,,0.000582
cd26adf889179ccd2d1b553ce33b5276,Bacteria,Bacteroidota,Bacteroidia,Bacteroidales,Rikenellaceae,midas_g_36215,midas_s_87061,0.000582
62d932ca73039e553c5cd4450ffec6eb,Bacteria,Bacteroidota,Bacteroidia,Sphingobacteriales,Lentimicrobiaceae,Lentimicrobium,,0.000582
21fcd2fcaa0378a40f3a9db0b3bd948c,Bacteria,WS1,midas_c_796,midas_o_796,midas_f_2296,midas_g_3409,midas_s_3951,0.000582
d10ef1cc3876e7ca96d49bab29ceec47,Bacteria,Bacteroidota,Bacteroidia,Bacteroidales,Paludibacteraceae,midas_g_9269,,0.000475
949479e3fb297c277f93012cef3a75ac,Bacteria,Bacteroidota,Bacteroidia,Sphingobacteriales,Lentimicrobiaceae,Lentimicrobium,,0.000475
1ec84bb16e1a78a4d73faef5bc502c2c,Archaea,Euryarchaeota,Methanobacteria,Methanobacteriales,Methanobacteriaceae,Methanobacterium,Methanobacterium_beijingense,0.000475
582cd22fb94ea0fd36f9915ef32c1333,Bacteria,Proteobacteria,Gammaproteobacteria,Diplorickettsiales,Diplorickettsiaceae,Rickettsiella,midas_s_58733,0.00053
a1fc4f2226c42bb7298da8c51ceea5a0,Bacteria,Bacteroidota,Bacteroidia,Sphingobacteriales,Sphingobacteriaceae,Pedobacter,,0.00053
a1f67bd15d480d23ca73f40a62f815bb,Bacteria,Actinobacteriota,Coriobacteriia,OPB41,midas_f_6325,,,0.00053
f5a0cba713d42e29e41a6df93519572a,Bacteria,Patescibacteria,ABY1,Ca_Falkowbacteria,midas_f_5033,midas_g_5033,midas_s_5033,0.00053
41b51f59463027a20d946656003a5f11,Bacteria,Firmicutes,Limnochordia,B55-F-B-G02,midas_f_3498,midas_g_94400,midas_s_100720,0.00053
ec6941975f4e1863852cf87b9af738b2,Bacteria,Firmicutes,Clostridia,Caldicoprobacterales,Caldicoprobacteraceae,midas_g_113780,midas_s_113780,0.00053
ee21cf356777ae26fe7089d75452abd7,Bacteria,Cyanobacteria,Cyanobacteriia,Chloroplast,Prototheca_stagnorum,midas_g_114389,midas_s_114389,0.00053
957bec6b470f89f1cc58693a77364ea7,Bacteria,Proteobacteria,Gammaproteobacteria,,,,,0.00053
021829170463632e041095dab11c0e95,Bacteria,Bacteroidota,Bacteroidia,Bacteroidales,Rikenellaceae,Alistipes,,0.00053
5810b6e2d5b4ab3fd92892dccf084271,Bacteria,Planctomycetota,Phycisphaerae,Phycisphaerales,AKAU3564_sediment_group,midas_g_114632,midas_s_114845,0.00053
31a83f111b57e09b08ffb58917c511c9,Bacteria,Planctomycetota,Planctomycetes,Planctomycetales,Rubinisphaeraceae,SH-PL14,midas_s_67640,0.00053
bfc04a7e7b744ab56306075ef236d753,Bacteria,,,,,,,0.00053
2eedd8aa9855d2e9d4361aa9321ad4e2,Bacteria,Armatimonadota,midas_c_216,midas_o_1168,midas_f_1168,midas_g_1168,midas_s_3172,0.00053
bf3cf03e93fd3eb39a0ee44a895a1e2d,Bacteria,Firmicutes,Clostridia,Lachnospirales,Lachnospiraceae,Lachnospiraceae_FCS020_group,midas_s_67800,0.00053
494ab4a0ec6f00ad0cbf201f2f607b05,Bacteria,Firmicutes,Clostridia,Oscillospirales,UCG-010,midas_g_73510,midas_s_73510,0.00053
9b07d0a34ae911d20d9f7d8d4f7ee676,Bacteria,,,,,,,0.00053
f7d85e5a89d2a972052c5ff23f52397a,Bacteria,Cyanobacteria,Cyanobacteriia,Chloroplast,Folsomia_candida,midas_g_110485,midas_s_110485,0.00053
d74db335012437dbfb4c54fd9049d46f,Bacteria,Firmicutes,Desulfitobacteriia,Desulfitobacteriales,Desulfitobacteriaceae,Desulfosporosinus,,0.00053
4552de4017ada34de916b0caaaf5ea54,Bacteria,Planctomycetota,Phycisphaerae,Phycisphaerales,AKAU3564_sediment_group,,,0.00053
fa1752718a40da1c6c32371773653272,Bacteria,Chloroflexi,Anaerolineae,SBR1031,midas_f_944,midas_g_6234,midas_s_6234,0.00053
03f29c495b783a3de09c6c8780605449,Bacteria,Planctomycetota,Planctomycetes,Pirellulales,Pirellulaceae,Blastopirellula,,0.00053
626ceecfac444a7e053d5ae2c76833df,Bacteria,Actinobacteriota,WCHB1-81,midas_o_765,midas_f_765,midas_g_765,midas_s_4411,0.00053
22216e3e181ee694bf4c8daa987ac8ab,Bacteria,,,,,,,0.00053
5a6b977c954ab18d6904d6b9d48b871f,Bacteria,Proteobacteria,Alphaproteobacteria,midas_o_406,midas_f_5670,midas_g_18476,midas_s_26960,0.00053
00e6614407462b417669175bc85184ad,Bacteria,Patescibacteria,Berkelbacteria,midas_o_46506,midas_f_74309,midas_g_113111,midas_s_113111,0.00053
0916b03c8a001547e1909d8a2fe6178e,Bacteria,Firmicutes,Clostridia,Peptostreptococcales-Tissierellales,,,,0.00053
cc53782126bff6f2648754f297c70cff,Bacteria,Cyanobacteria,Cyanobacteriia,Chloroplast,Castanea_mollissima_Chinese_chestnut,midas_g_32256,midas_s_32256,0.00053
30b92827daeee78c39eefccd5bfca43d,Bacteria,Bacteroidota,Bacteroidia,Sphingobacteriales,Sphingobacteriaceae,Sphingobacterium,midas_s_116344,0.00053
a5723c72b7103b8c043b31cab7252af4,Bacteria,Bacteroidota,Bacteroidia,Bacteroidales,Rikenellaceae,midas_g_36215,midas_s_87061,0.00053
831363ded99c851c80f32aff0c59c9a2,Bacteria,,,,,,,0.00053
94fc0eb5f4d613c2766734c28a5f1a9f,Bacteria,,,,,,,0.00053
2c90f641e92fddc8307a57cb745be2a3,Bacteria,Firmicutes,Clostridia,Christensenellales,Christensenellaceae,Christensenellaceae_R-7_group,,0.00053
b9315058e389547041d01efa1048d9f0,Bacteria,Planctomycetota,Planctomycetes,Planctomycetales,midas_f_1792,midas_g_18645,midas_s_19179,0.00053
bf5493457f0a16552a432f4bbf9330f3,Bacteria,,,,,,,0.00053
ad94607116582c89c6eb5001f5150f80,Bacteria,Planctomycetota,Phycisphaerae,Phycisphaerales,AKAU3564_sediment_group,,,0.00053
28f13b8e13ea61aafe5bc46d20dc15bf,Bacteria,,,,,,,0.00053
6aa82af5289e004d50046c31ef22b2ae,Bacteria,Proteobacteria,Gammaproteobacteria,Burkholderiales,Rhodocyclaceae,Denitromonas,,0.00053
dc9abde9045aad6d17421519c6db9ca4,Bacteria,Proteobacteria,Alphaproteobacteria,Rhodospirillales,midas_f_2010,midas_g_3943,midas_s_34992,0.00053
87ca798d18d4f98d6e899ac8e8b8daa2,Bacteria,Actinobacteriota,Actinobacteria,Propionibacteriales,Propionibacteriaceae,Brooklawnia,,0.00053
516a6da55fdb8df7ed2cdc84291dbca2,Bacteria,Chloroflexi,Dehalococcoidia,Dehalococcoidales,midas_f_94372,midas_g_94372,midas_s_94372,0.00053
ab07f8f9d60701b64f9d82751d8be248,Bacteria,Chloroflexi,Anaerolineae,Caldilineales,Caldilineaceae,midas_g_8033,midas_s_8033,0.00053
e8f301ad6c8b07835edee784bcb81d17,Bacteria,Firmicutes,Clostridia,Lachnospirales,Lachnospiraceae,,,0.00053
83fe43c957bc1d62cad075e35f2b3e77,Bacteria,Chloroflexi,Dehalococcoidia,FS117-23B-02,midas_f_113752,midas_g_113752,midas_s_113752,0.00053
ad871c6d75b2fb982388dfc27e0032c7,Bacteria,Chloroflexi,Anaerolineae,Anaerolineales,Anaerolineaceae,midas_g_52005,midas_s_80455,0.00053
32b01957f98cbf2079bd6bdbb6342751,Bacteria,,,,,,,0.00053
fca33d821d9ddce59d2b26b63bf7c4a1,Bacteria,Proteobacteria,Gammaproteobacteria,EC3,,,,0.00053
18ca89dadf6219af5e55c04d2e77d221,Bacteria,Desulfobacterota,Desulfovibrionia,Desulfovibrionales,Desulfovibrionaceae,,,0.00053
8298bcdb584afbb1bdb72e7abb796243,Bacteria,Actinobacteriota,Actinobacteria,Propionibacteriales,Propionibacteriaceae,Propionicicella,,0.00053
84062ea22d23db6a01c565ec5523d81e,Bacteria,,,,,,,0.00053
be1d4c6accdb6c0d6ca7a1e0db1c63fb,Bacteria,Chloroflexi,Anaerolineae,RBG-13-54-9,midas_f_5792,midas_g_96353,midas_s_96353,0.00053
8489763884add5fd5b86c463d80a278d,Bacteria,Actinobacteriota,Actinobacteria,Propionibacteriales,Propionibacteriaceae,,,0.00053
2ee31d39fe1412553e3cbaea7c8a4d67,Bacteria,Proteobacteria,Gammaproteobacteria,Burkholderiales,Alcaligenaceae,,,0.000542
e46b80ea322121d9038890cc3410f1b9,Bacteria,Firmicutes,Clostridia,Lachnospirales,Lachnospiraceae,Anaerocolumna,,0.000542
82ea83511804f1d0a5b3fe28fe350f2c,Bacteria,Firmicutes,Clostridia,Eubacteriales,Eubacteriaceae,Acetobacterium,,0.000542
2e629a245a33dc88d99de2c8d9e0b216,Bacteria,Firmicutes,Clostridia,Peptostreptococcales-Tissierellales,Sedimentibacteraceae,Sedimentibacter,midas_s_87661,0.000542
34718f0afd4e47caea8aae283c0f5406,Bacteria,Firmicutes,Bacilli,Izemoplasmatales,,,,0.000542
3a498beaed6b9c03eb1ecf8e82c1d4a4,Bacteria,Proteobacteria,Gammaproteobacteria,Enterobacterales,Enterobacteriaceae,,,0.000542
c04c09c53250784807c31aa13f822fe1,Bacteria,Firmicutes,Clostridia,Oscillospirales,Hungateiclostridiaceae,,,0.000542
dfbbce19b1bc5453bfb444e3f568a5ec,Archaea,Euryarchaeota,Methanobacteria,Methanobacteriales,Methanobacteriaceae,Methanobacterium,midas_s_9526,0.000542
7737a66fdaa3850b656f45f9cc17fb93,Archaea,Euryarchaeota,Methanobacteria,Methanobacteriales,Methanobacteriaceae,,,0.000542
59c3ac9deb1ea4fa232648b8f4b28a36,Bacteria,Firmicutes,Bacilli,Bacillales,Bacillaceae,Bacillus,midas_s_108787,0.000436
dadee534fc569a6d56bf35dd37119e02,Bacteria,Bacteroidota,Bacteroidia,Sphingobacteriales,Lentimicrobiaceae,Lentimicrobium,,0.000436
07127b6c8fc6a9dc81dd0e8c7671be80,Bacteria,Actinobacteriota,Thermoleophilia,Gaiellales,midas_f_269,midas_g_531,midas_s_531,0.000436
d507739f21b50e7da4bcbf7a7a2ea121,Bacteria,Bacteroidota,Bacteroidia,Sphingobacteriales,Lentimicrobiaceae,Lentimicrobium,,0.000436
d173baa99a72cc768d97c17cf7f2424c,Bacteria,Proteobacteria,Alphaproteobacteria,Rhizobiales,Rhizobiaceae,Aquamicrobium,Aquamicrobium_lusatiense,0.000436
0076646b67a05bdb4dd624ec0945e62c,Bacteria,Bacteroidota,Bacteroidia,Sphingobacteriales,Lentimicrobiaceae,Lentimicrobium,,0.000436
27f9f2f9ea4b00c85219ad536764faa1,Bacteria,Firmicutes,Bacilli,Bacillales,Bacillaceae,Bacillus,midas_s_108787,0.000436
b6c19406cbfb8b024ef8d24181b1b819,Bacteria,Proteobacteria,Alphaproteobacteria,Rhizobiales,Rhizobiaceae,Aquamicrobium,Aquamicrobium_lusatiense,0.000436
6d895cdfe89d25dc579a9c3905c1ad68,Bacteria,Bacteroidota,Bacteroidia,Bacteroidales,Paludibacteraceae,midas_g_9269,,0.000436
9560e4972e8046c341e33c5455f39420,Bacteria,Firmicutes,Clostridia,Peptostreptococcales-Tissierellales,Family_XI,Anaerosalibacter,midas_s_79866,0.000436
7df1941b2f205401a1e303c18dfcb5e4,Bacteria,Firmicutes,Clostridia,Peptostreptococcales-Tissierellales,Proteiniboraceae,Proteiniborus,,0.000436
95c748a8d89d2bfe4aafcbd6070422a9,Bacteria,Firmicutes,midas_c_4,midas_o_4,midas_f_222,,,0.000383
c07944d9bc5b69d80662d68f09d8fbb4,Bacteria,Firmicutes,Clostridia,Clostridiales,Oxobacteraceae,Oxobacter,midas_s_103066,0.000383
3abb91a6f1d0a10fef3873be9c7c7149,Bacteria,Firmicutes,Clostridia,Gracilibacteraceae,Lutispora,,,0.000383
bf65217930e4318bf77921b3c64a98d5,Bacteria,Bacteroidota,Bacteroidia,Bacteroidales,Bacteroidaceae,Bacteroides,,0.000383
7ef48c57ac7c347721cf8cf9449df2b6,Bacteria,Firmicutes,Clostridia,Oscillospirales,Oscillospiraceae,,,0.000383
f31d3d601977f7db5eb65548662c4499,Bacteria,Firmicutes,Clostridia,Peptostreptococcales-Tissierellales,Anaerovoracaceae,Amnipila,,0.006161
8b38bd6899a343b0bfa0c810e124a2c4,Bacteria,SAR324_cladeMarine_group_B,midas_c_814,midas_o_928,midas_f_92269,midas_g_92269,midas_s_92269,0.006161
155c3beaf016d8468eb0b83983071b6d,Bacteria,Firmicutes,Clostridia,Peptostreptococcales-Tissierellales,Anaerovoracaceae,Anaerovorax,,0.006161
f0564317c39cac4721af4653f44d1e07,Bacteria,Firmicutes,Bacilli,Bacillales,midas_f_83150,midas_g_83150,,0.006161
994cbca745448d2e1f61a6dbf89815e1,Bacteria,Firmicutes,Clostridia,Oscillospirales,Hungateiclostridiaceae,HN-HF0106,,0.006161
77068cd389b8838d8071084c1fcbd2a7,Bacteria,Myxococcota,Polyangia,Haliangiales,Haliangiaceae,Haliangium,midas_s_5294,0.006161
9364df2e1c464248c4210efd2a5a939e,Bacteria,Proteobacteria,Alphaproteobacteria,Rhizobiales,Rhizobiaceae,Mesorhizobium,,0.006161
59c5995d732f22fe559c04802246529b,Bacteria,Planctomycetota,Planctomycetes,Isosphaerales,Isosphaeraceae,midas_g_8808,midas_s_8808,0.006161
8d5944568187ed9a8816af5b209b8838,Bacteria,Bacteroidota,Bacteroidia,Bacteroidales,Marinilabiliaceae,Ruminofilibacter,midas_s_4090,0.006161
32ad39f13701d9fccab262c56594eb4f,Bacteria,Firmicutes,Clostridia,Lachnospirales,Lachnospiraceae,Herbinix,midas_s_8825,0.006161
9da4ea500796da41c5f69150f7e881cd,Bacteria,Bacteroidota,Bacteroidia,Cytophagales,Spirosomaceae,Runella,,0.006161
0eb9f7f362a0865f879c1fd8ba284def,Bacteria,Chloroflexi,Chloroflexia,Chloroflexales,Roseiflexaceae,midas_g_7080,midas_s_55440,0.006161
7305b5dca9437b8fcb91780e932ab5b9,Bacteria,Firmicutes,Clostridia,Oscillospirales,Hungateiclostridiaceae,HN-HF0106,midas_s_94515,0.006161
d2c4d0b9b096e695d6d16b4f00ac4eea,Bacteria,Bacteroidota,Bacteroidia,Bacteroidales,Rikenellaceae,Alistipes,midas_s_91678,0.006161
035beae42c3fa186f05aff0ad8fedb94,Bacteria,Firmicutes,Clostridia,Christensenellales,Christensenellaceae,midas_g_40543,,0.006161
0ead63cfa74c098675a1a5bb1d79a563,Bacteria,Verrucomicrobiota,Kiritimatiellae,WCHB1-41,midas_f_4575,midas_g_115674,midas_s_115674,0.006161
37539bece60e7ab8fe9d9a76c9fe48e5,Bacteria,Firmicutes,Clostridia,Oscillospirales,Oscillospiraceae,,,0.006161
3cd04bebad888421034b2ae9c2a071ec,Bacteria,Firmicutes,Clostridia,Peptostreptococcales-Tissierellales,Anaerovoracaceae,Mogibacterium,midas_s_101385,0.006161
72b9eebc7c1ea9214a61f6a785f39b8a,Bacteria,midas_p_59677,midas_c_59677,midas_o_59677,midas_f_102523,midas_g_102523,midas_s_102523,0.006161
5d2e53f69d1eed6f936e0e907907c765,Bacteria,Patescibacteria,Parcubacteria,Ca_Campbellbacteria,midas_f_46488,midas_g_46488,midas_s_46488,0.006161
cdb23b7aebc1f36f89ca70f3efa5d18f,Bacteria,Bacteroidota,Bacteroidia,Chitinophagales,Saprospiraceae,,,0.006161
069542283eb54c7a749da63bb4204831,Bacteria,Synergistota,Synergistia,Synergistales,Synergistaceae,Aminivibrio,midas_s_58933,0.000405
fd8b9f0334e7dc4b6c8df23989d0338e,Bacteria,Firmicutes,Bacilli,Lactobacillales,Enterococcaceae,Enterococcus,,0.000405
43d67e1ce7eecf7458f714c110d161d5,Bacteria,Firmicutes,Clostridia,Peptostreptococcales-Tissierellales,Peptostreptococcaceae,Romboutsia,Romboutsia_lituseburensis,0.000405
096a35b50fcf7f2a0a2024a4dad55bab,Bacteria,Synergistota,Synergistia,Synergistales,Synergistaceae,Syner-01,,0.000405
78532b4618bfea368dfe10951ddbf5fe,Archaea,Euryarchaeota,Methanobacteria,Methanobacteriales,Methanobacteriaceae,Methanobacterium,midas_s_9526,0.000405
5b471f2048077b60e75a72008f312bff,Bacteria,Bacteroidota,Bacteroidia,Bacteroidales,Dysgonomonadaceae,Proteiniphilum,midas_s_56159,0.000304
bfe8d502e380071034a7aa7c9e56de56,Bacteria,Chloroflexi,Anaerolineae,SBR1031,Flexifilaceae,midas_g_8129,midas_s_8129,0.000304
edb3a254eb3f2e858f60f8ccbd76cadc,Bacteria,Firmicutes,Clostridia,Lachnospirales,Lachnospiraceae,Tuzzerella,midas_s_110397,0.000304
6b6ab36584c143c9ee24a4aa735f0e53,Bacteria,Synergistota,Synergistia,Synergistales,Synergistaceae,EBM-39,,0.000304
c1780feec5ab45ac27fab43e831dc384,Bacteria,Bacteroidota,Bacteroidia,Bacteroidales,Dysgonomonadaceae,Petrimonas,,0.000304
66e3776391b519ba25ba547c36135f4e,Bacteria,Proteobacteria,Gammaproteobacteria,Xanthomonadales,Xanthomonadaceae,Stenotrophomonas,midas_s_74451,0.000304
5bbc3c6bf73384abdd1b82fd59da71f6,Bacteria,Firmicutes,Clostridia,Christensenellales,Christensenellaceae,Christensenellaceae_R-7_group,,0.000304
55e55fef9eb6e14a254537eba4947311,Bacteria,Bacteroidota,Bacteroidia,Bacteroidales,Dysgonomonadaceae,,,0.000304
4052ad7208717391c9277f1041875b5e,Bacteria,Synergistota,Synergistia,Synergistales,Synergistaceae,Syner-01,,0.000304
3521140a9abbfb1ed8d6be3ce25fa48b,Bacteria,Firmicutes,Desulfotomaculia,Desulfotomaculales,Pelotomaculaceae,Pelotomaculum,,0.000422
235cecb983088e1e7e515d60ffa5241b,Bacteria,Firmicutes,Clostridia,Clostridiales,Clostridiaceae,Clostridium_sensu_stricto_13,midas_s_88977,0.000422
373b24ca711a549a9a098219879c0d47,Archaea,Euryarchaeota,Methanobacteria,Methanobacteriales,Methanobacteriaceae,Methanobacterium,Methanobacterium_formicicum,0.000422
5dc72706c08b5bf19c3eb0bc92e23362,Archaea,Euryarchaeota,Methanobacteria,Methanobacteriales,Methanobacteriaceae,Methanobacterium,Methanobacterium_beijingense,0.0004
e5e19986a4acee87091482f691a1396f,Bacteria,Synergistota,Synergistia,Synergistales,Synergistaceae,EBM-39,,0.0004
3fafff6e120eb323ee7a135e6bff6a5d,Bacteria,Firmicutes,Bacilli,Erysipelotrichales,Erysipelotrichaceae,Erysipelothrix,midas_s_114219,0.0004
661abca79e265b3ee6a7c8d22090737d,Bacteria,Firmicutes,Clostridia,Peptostreptococcales-Tissierellales,Peptostreptococcaceae,,,0.0004
72950b26cbd1bf74be7b6605ca95ec34,Bacteria,Desulfobacterota,Desulfovibrionia,Desulfovibrionales,Desulfovibrionaceae,Desulfovibrio,,0.0004
8d9e04bcb72dc816e2a95089bcea61eb,Bacteria,Firmicutes,Clostridia,Christensenellales,Christensenellaceae,Christensenellaceae_R-7_group,midas_s_50612,0.000713
41f99c44465eb2939503fc0371a28a63,Bacteria,Proteobacteria,Alphaproteobacteria,Caulobacterales,Caulobacteraceae,Brevundimonas,midas_s_25101,0.000713
a56e9b9fb128fed11f629c8a133ea087,Bacteria,Bacteroidota,Bacteroidia,Bacteroidales,Dysgonomonadaceae,Proteiniphilum,midas_s_90161,0.000713
6485c37d83d17b68e3abb2d6c2749df5,Bacteria,Chloroflexi,Anaerolineae,SBR1031,midas_f_1469,midas_g_2178,,0.000539
6f740d9776105d08cb826e9c2e6db049,Bacteria,Firmicutes,Bacilli,Paenibacillales,Paenibacillaceae,Paenibacillus,,0.001078
f78abd34d9f99dfc6481d847ff918abb,Bacteria,Actinobacteriota,Actinobacteria,Corynebacteriales,Nocardiaceae,Gordonia,,0.001078
132a867d0cff8733fee3f3f6603f7dc6,Bacteria,Proteobacteria,Gammaproteobacteria,Burkholderiales,Alcaligenaceae,Achromobacter,midas_s_18114,0.001078
57568ab86419e6655ce098557e7735c9,Bacteria,Desulfobacterota,Desulfovibrionia,Desulfovibrionales,Desulfovibrionaceae,Desulfovibrio,,0.001078
4ca427ab336fc6142916043c5e209596,Bacteria,Firmicutes,Limnochordia,MBA03,midas_f_112,,,0.000564
e56ff94be490db15f612984e45450ce3,Bacteria,Bacteroidota,Bacteroidia,Sphingobacteriales,Lentimicrobiaceae,Lentimicrobium,,0.000564
333f32bb3f9df5675182ceda88bba911,Bacteria,Proteobacteria,Alphaproteobacteria,Rhizobiales,Beijerinckiaceae,Bosea,,0.000564
c6f278d31a988e901dc047ef3153fbb1,Bacteria,Firmicutes,Clostridia,Eubacteriales,Eubacteriaceae,Acetobacterium,,0.000564
fce23542da16aacb812dcdafbecf051c,Bacteria,Proteobacteria,Gammaproteobacteria,Enterobacterales,Enterobacteriaceae,Citrobacter,,0.000564
646c600381d6a1b866b50959f3dba7b2,Bacteria,Firmicutes,Clostridia,Christensenellales,Christensenellaceae,Christensenellaceae_R-7_group,,0.000564
fc71dd6489bc96ddac257967a984ed99,Bacteria,Proteobacteria,Gammaproteobacteria,Burkholderiales,Comamonadaceae,Hydrogenophaga,,0.006207
9ab99324a368b3af929987cc1e2bb956,Bacteria,Proteobacteria,Gammaproteobacteria,Burkholderiales,,,,0.000445
5fc9bb027baf249cda2d48b9d5bcee2c,Archaea,Euryarchaeota,Methanobacteria,Methanobacteriales,Methanobacteriaceae,Methanobacterium,Methanobacterium_beijingense,0.000518
f0334c3272bbee3d861fa082350b5374,Bacteria,Bacteroidota,Bacteroidia,Bacteroidales,Dysgonomonadaceae,Petrimonas,,0.000518
43dffb075674335d54d49850882a7c5e,Bacteria,Proteobacteria,Gammaproteobacteria,Burkholderiales,,,,0.000518
201b998d07e1a35d39e59a0c3447f1e4,Bacteria,Proteobacteria,Gammaproteobacteria,Pseudomonadales,Moraxellaceae,Acinetobacter,,0.000518
05925c1c63113425269afd1340361c52,Bacteria,Thermotogota,Thermotogae,Kosmotogales,Kosmotogaceae,Mesotoga,,0.000483
7e07d92eab06d89b09f0c89c8e30de6b,Bacteria,Bacteroidota,Bacteroidia,Bacteroidales,Dysgonomonadaceae,Dysgonomonas,midas_s_30643,0.000483
7e3579bed6d01cac3f73b2e45ee36852,Bacteria,Synergistota,Synergistia,Synergistales,Synergistaceae,Thermovirga,midas_s_94423,0.000483
12198ade971f92bb157e2a699be09bc8,Bacteria,Firmicutes,Clostridia,Monoglobales,Monoglobaceae,Monoglobus,midas_s_119413,0.000483
487184f5513359baac0176c9a150e1ea,Bacteria,Proteobacteria,Gammaproteobacteria,Pseudomonadales,Moraxellaceae,Acinetobacter,,0.000483
197e3a5e450911182da7403a01b477d5,Bacteria,Proteobacteria,Gammaproteobacteria,Enterobacterales,Enterobacteriaceae,,,0.000388
7b6ecabe8f3fae795ee25df066ea90fe,Archaea,Euryarchaeota,Methanobacteria,Methanobacteriales,Methanobacteriaceae,Methanobacterium,midas_s_9526,0.000388
9cb41b1fe78219846cde88d8c68f0dbe,Bacteria,Proteobacteria,Gammaproteobacteria,Competibacterales,Competibacteraceae,Ca_Competibacter,midas_s_198,0.000388
4d8b87bb1c80a21e5d80851c8f8c1a91,Bacteria,Chloroflexi,Anaerolineae,SBR1031,Flexifilaceae,Ca_Flexifilum,Ca_Flexifilum_breve,0.000388
8a2c442a314a7a38b0dd2f26401b5bbb,Bacteria,Bacteroidota,Ignavibacteria,SJA-28,midas_f_31,midas_g_171,,0.000388
87671eb172dd57036886a3c5e0c4da8d,Bacteria,Proteobacteria,Gammaproteobacteria,Enterobacterales,Enterobacteriaceae,,,0.000388
01b7b2f1ca2a80d06d14877e3b3a0182,Bacteria,Proteobacteria,Alphaproteobacteria,Rhizobiales,Rhizobiaceae,Ochrobactrum,,0.000388
478fa149d72ab4d5a1c35d4fd7c3f6d8,Bacteria,Firmicutes,Clostridia,Peptostreptococcales-Tissierellales,Anaerovoracaceae,Anaerovorax,,0.000388
2386e7f0ed5d187b06bed4a743e7db83,Bacteria,Bacteroidota,Bacteroidia,Bacteroidales,Paludibacteraceae,midas_g_9269,,0.000317
eccd8d734ee6af96b42328e6e5a1d507,Bacteria,Firmicutes,Clostridia,Peptostreptococcales-Tissierellales,Alkaliphilus,Alkaliphilus_oremlandii_OhILAs,,0.000317
2919ca12aa75e54dc25b4e3750d8712c,Bacteria,Synergistota,Synergistia,Synergistales,Synergistaceae,Thermovirga,midas_s_99362,0.000317
08f0179cb02459891d87167ee734be6a,Bacteria,Bacteroidota,Bacteroidia,Bacteroidales,Paludibacteraceae,midas_g_9269,,0.000317
fc342d5f1833e1ea778160c892d7a5f3,Bacteria,Synergistota,Synergistia,Synergistales,Synergistaceae,,,0.000317
ca260e01990acd1b27aa3f46c03d1814,Bacteria,Bacteroidota,Bacteroidia,Bacteroidales,Dysgonomonadaceae,Petrimonas,,0.000317
0ed43372f2f3ba933197e54d759f7dfa,Bacteria,Proteobacteria,Alphaproteobacteria,Rhizobiales,Rhizobiaceae,Ochrobactrum,,0.000317
9c958ede3f88bbd0ae42120738cebe7d,Archaea,Euryarchaeota,Methanobacteria,Methanobacteriales,Methanobacteriaceae,Methanobacterium,midas_s_9526,0.000317
b34dc27e49d5139cf1011ee1e6032115,Bacteria,Actinobacteriota,Actinobacteria,Propionibacteriales,Nocardioidaceae,Nocardioides,,0.000265
38f1741fa5bc42ca4fda255fde5fde58,Bacteria,Proteobacteria,Gammaproteobacteria,Legionellales,Legionellaceae,Legionella,,0.000265
f942e5771e9c0960bcb688baaa716f30,Bacteria,Planctomycetota,Planctomycetes,Pirellulales,Pirellulaceae,midas_g_1097,midas_s_4235,0.000265
ca3a67eb199d56c1472b1d1ae03a1060,Bacteria,Firmicutes,Clostridia,Peptococcales,Peptococcaceae,,,0.000265
3cabb3834aa4f8f1c38942df4a372056,Bacteria,Firmicutes,Clostridia,Christensenellales,Christensenellaceae,midas_g_7501,,0.000265
f254d2cc030e8a1ed05861537c4dfe86,Bacteria,Firmicutes,Limnochordia,Hydrogenispora,midas_f_858,midas_g_2147,midas_s_4568,0.000265
2e380222b4128117ac8a61f1e8c13ada,Bacteria,Proteobacteria,Alphaproteobacteria,Rhizobiales,Rhizobiaceae,Aminobacter,midas_s_2899,0.000265
5a462824de896daa8561fc9f99347b0f,Bacteria,Firmicutes,Clostridia,Oscillospirales,Hungateiclostridiaceae,Fastidiosipila,midas_s_1210,0.000218
6016284cfbfb502783dfcad77e50e749,Bacteria,Firmicutes,Clostridia,Caldicoprobacterales,Caldicoprobacteraceae,Caldicoprobacter,,0.000218
2f875d64a9be007be12b9063c5704bbc,Bacteria,Firmicutes,Clostridia,midas_o_5690,midas_f_93307,midas_g_93972,,0.003081
818bf774013469de4ea8f71bc2c537b9,Bacteria,Proteobacteria,Gammaproteobacteria,Burkholderiales,Comamonadaceae,,,0.003081
37ad584f8cdaf8a4bfd5dd1dd01f3312,Bacteria,Firmicutes,Clostridia,Christensenellales,Christensenellaceae,,,0.003081
ab5cf39b2e9868170c9294e681805b5c,Bacteria,Firmicutes,Clostridia,Christensenellales,Christensenellaceae,,,0.003081
1290a35b898a6ddebd15a90b490ad36a,Bacteria,Firmicutes,Clostridia,Christensenellales,Christensenellaceae,midas_g_40543,,0.003081
2e5eb7ce3fc3d7278b91a62ae2e9c825,Bacteria,Firmicutes,Clostridia,,,,,0.003081
f7ad1b48418b30313d797a631bea1ba2,Bacteria,Chloroflexi,Anaerolineae,Anaerolineales,Anaerolineaceae,midas_g_789,midas_s_789,0.003081
5c31471f389b8248e70e5bd95713a74c,Bacteria,Firmicutes,Clostridia,Clostridiales,Clostridiaceae,Proteiniclasticum,midas_s_1220,0.000203
1f78df0d7b75ab87466e66a9d9acf2cb,Bacteria,Firmicutes,Clostridia,Oscillospirales,Oscillospiraceae,,,0.000203
a1813ce3f72d96fb9f4263ed38be432f,Bacteria,Firmicutes,Clostridia,Oscillospirales,Oscillospiraceae,,,0.000152
e70ce5e53ecded4a5d878b0f3e0eb2d2,Bacteria,Firmicutes,Clostridia,Clostridiales,Clostridiaceae,Clostridium_sensu_stricto_18,midas_s_27699,0.000152
55f98706d860ce102b8bd44690feb79d,Bacteria,Firmicutes,Clostridia,Christensenellales,Christensenellaceae,,,0.0002
648e7c40b893d19a0a37273a6e507e90,Bacteria,Firmicutes,Clostridia,Clostridiales,Clostridiaceae,Clostridium_sensu_stricto_5,midas_s_102242,0.000357
705d47705664e0e9d6dd0e670d8c2081,Bacteria,Firmicutes,Syntrophomonadia,Syntrophomonadales,Syntrophomonadaceae,Syntrophomonas,,0.000539
f3082c2e28d3436ef615bb6541defb48,Bacteria,Firmicutes,Clostridia,Oscillospirales,Butyricicoccaceae,,,0.000282
2fab6fd26dd55de5095ef7e45c45017b,Bacteria,Firmicutes,Clostridia,Clostridiales,Clostridiaceae,Clostridium_sensu_stricto_4,midas_s_78788,0.000223
4c41a7fd62f9ed9348949825d0bd354c,Bacteria,Firmicutes,Clostridia,Clostridiales,Clostridiaceae,Clostridium_sensu_stricto_13,,0.000194
07aff16bdfb251a445d0583df066658e,Bacteria,Firmicutes,Clostridia,Christensenellales,Christensenellaceae,Christensenellaceae_R-7_group,,0.003048
