,Unnamed: 0,Start Date,2024-05-14 12:42:00,Unnamed: 3,0.1,Unnamed: 5,Unnamed: 6,Unnamed: 7,reactor body,155,Unnamed: 10,Unnamed: 11,Unnamed: 12,Unnamed: 13,Unnamed: 14,Unnamed: 15,Unnamed: 16,Unnamed: 17,Unnamed: 18,Unnamed: 19,Unnamed: 20,Unnamed: 21,Unnamed: 22,Unnamed: 23,Unnamed: 24,Unnamed: 25,Unnamed: 26,Unnamed: 27,Unnamed: 28,Unnamed: 29,Unnamed: 30,Unnamed: 31,Unnamed: 32,Unnamed: 33,Unnamed: 34,Unnamed: 35,Unnamed: 36,Unnamed: 37,Unnamed: 38,high range (>1 RPM),m,0.1886,scale m,0.114762819,Unnamed: 44,Unnamed: 45,Unnamed: 46,Unnamed: 47,Unnamed: 48,Unnamed: 49,Unnamed: 50,Unnamed: 51,Unnamed: 52,Unnamed: 53,Unnamed: 54,Unnamed: 55,Unnamed: 56,Unnamed: 57,Unnamed: 58,Unnamed: 59,Unnamed: 60,Unnamed: 61,Unnamed: 62,Unnamed: 63,Unnamed: 64,Unnamed: 65,Unnamed: 66,Unnamed: 67,Unnamed: 68,Unnamed: 69,Unnamed: 70,Unnamed: 71,Unnamed: 72,Unnamed: 73,Unnamed: 74,Unnamed: 75,Unnamed: 76,Unnamed: 77,Unnamed: 78,Unnamed: 79,Unnamed: 80,Unnamed: 81,Unnamed: 82,Unnamed: 83,Unnamed: 84,Unnamed: 85,Unnamed: 86,Unnamed: 87,Unnamed: 88,Unnamed: 89,Unnamed: 90,Unnamed: 91,Unnamed: 92,Unnamed: 93,Unnamed: 94,Unnamed: 95,Unnamed: 96,Unnamed: 97,Unnamed: 98,Unnamed: 99,Unnamed: 100,Unnamed: 101,Unnamed: 102,Unnamed: 103,Unnamed: 104,Unnamed: 105,Unnamed: 106,Unnamed: 107,Unnamed: 108,Unnamed: 109,Unnamed: 110,Unnamed: 111,Unnamed: 112,Unnamed: 113,Unnamed: 114,Unnamed: 115,Unnamed: 116,Unnamed: 117,Unnamed: 118,Unnamed: 119,Unnamed: 120,Unnamed: 121,Unnamed: 122,Unnamed: 123,Unnamed: 124,Unnamed: 125,Unnamed: 126,Unnamed: 127,Unnamed: 128,Unnamed: 129,Unnamed: 130,Unnamed: 131,Unnamed: 132,Unnamed: 133
0,,,,,,,,,membrane count,350,,,0.14514158059584845,,,,,,,,,,,,,,,,,,,,,,,,,,,,b,-0.0059,scale b,0.001840208,,,,,,,,,,,,,,,,,,,,,,,,,,,,,,,,,,,,,,,,,,,,,,,,,,,,,,,,,,,,,,,,,,,,,,,,,,,,,,,,,,,,,,,,,,
1,,Gas Composition,,,,,,,,0.4,mm,,0.0012566370614359172,,,,,,VFA ,,,,,,,,,,,,,,,,,,,Media Influent Pump,,Low range (<1 RPM),m,0.1984,,,,Media Changes,,,,,,,,,TSS/VSS,,,,,,,SRT/HRT,,,,,,,,H2 Delivery,,,,,,,CO2 Delivery,,,,Dissolved Inorganic Carbon,,,,,,,,,,,,Dissolved Organic Carbon,,,,,,,,,,,,Liquid Sampling,,,,Ammonia (mol/L),,,,,,,,,,COD (mg/L) Hach test,,,,,,,,,,Biomass Sampling,,,,,
2,,,H2,,CH4,,CO2,,membrane length,330,mm,,0.33,,,,,,Reactor,,,,,,Waste,,,,,,Media,,,,,,,,,,b,-0.0101,,,,,,,,,,,,,,,Reactor,,Waste,,,,,,,,,,,H2 Delivery,,,,,Projected Yield,,CO2 Delivery,,,,,,,,,,,,,,,,,,,,,,,,,,,,Liquid In/Out,,,,,,,,,,,,,,,,,,,,,,,,,,,,,
3,Approx Days,Days,av,stdev,av,stdev,av,stdev,Collection Gas Flow Rate (mL/min),Specific CH4 Prod Rate (m3/m3rv/d) (0.45 L),Specific CH4 Prod Rate (m3/m3rv/d) (0.155 L),Specific CH4 prod rate (m3/m2.d),CH4 produced (m3/d),CH4 prod rate (mL/min),H2 breakthrough (mL/min),CO2 breakthrough (mL/min),Reactor Vol,,Approx Days,Days,Acetate (mol/L),Propionate (mol/L),Butyrate (mol/L),Total (mg COD/L),Approx Days,Days,Acetate (mol/L),Propionate (mol/L),Butyrate (mol/L),Total (mg COD/L),Approx Days,Days,Acetate (mol/L),Propionate (mol/L),Butyrate (mol/L),Total (mg COD/L),,Approx Days,Days,Date,Setpoint (RPM),Linear Curve Flow Rate (mL/min),Scale Flow Rate (mL/min),Rolling average (mL/min),,Approx Days,Days,Date,Place-holder,Description,KBase ID,Approximate Total C (mol/L),,,Approx Days,Days,TSS,VSS,TSS,VSS,,Approx Days,Days,SRT,HRT,21-day rolling average (HRT),HRT Effluent flow rate (mL/min),21-day HRT flow rate (mL/min),,Approx days,Days,H2 delivery rate (mL/min),H2 loading rate (NL/m2.d),H2 loading rate (m3/m3.d),"Max CH4 prod rate (estimated, m3/m3.d)",,Approx days,Days,CO2 delivery rate (mL/min),,Approx Days,Media Influent Conc. (ppm C),st dev,Media Influent Conc. (mol C/L),st dev,,Approx Days,Waste Effluent Conc. (ppm C),st dev,Waste Effluent Conc. (mol C/L),st dev,,Approx Days,Media Influent Conc. (ppm C),st dev,Media Influent Conc. (mol C/L),st dev,,Approx Days,Waste Effluent Conc. (ppm C),st dev,Waste Effluent Conc. (mol C/L),st dev,,Approx days,Days,Reactor Volume,,Approx days,Days,Reactor,Approx days,Days,Waste,Approx days,Days,Media,,Approx days,Days,Reactor,Approx days,Days,Waste,Approx days,Days,Media,Approx days,Approx days,Days,Date,Sample ID,Description,Corresponding Media
4,0.1,0.05000000000291038,87.58853333333333,0.1431639037374117,0,0,12.411466666666668,0.14316390373740684,1.027461111051305,0,0,0,0,0,0.8999381177402093,0.1275229933110957,Reactor Vol,,0,0.04236111111094942,0.025532915537488713,0.0013581953378039326,,1758.7177833333335,0,0.04236111111094942,0.035563685636856364,0.035563685636856364,,2446.060693333333,0.5,0.47083333333284827,0.03542716802168022,0.002248984991560604,,2480.559206666667,,0,0,2024-05-14 12:42:00,0.5,0.0891,0.059221617500000004,,,0,0,2024-05-14 12:42:00,1,DSMZ v1: Using DSMZ 120 without NaHCO3,,0.450944457,,,38.1,38.13472222222481,383,253,304,198,,38.1,38.13472222222481,8.026388072375653,6.894038259958008,9.708445577650165,0.0412997740201048,0.02932727180112972,,0,0,1.0915248032216731,10.832499770084144,10.140617526704576,2.2537783229326442,,0,0,0.25,,5.5,246.87032699238355,0,0.020555397751239265,0,,0,425.35815904548076,77.7045041205055,0.0354169990878835,0.006469983690300209,,5.5,6404.453001468803,1145.377564076933,0.5332600334278771,0.09536865645936161,,0,5629.661809822196,1045.6104303815919,0.46874786093440435,0.08706165115583613,,0,0,450,,58.900000000000006,58.90833333333285,0.013623018203170875,58.900000000000006,58.90833333333285,0.013153258954785668,58.900000000000006,58.90833333333285,0.013388138578978274,,1,1,,,,,0,0,17545.426063635256,0,0,0,2024-05-14 12:42:00,10AB,"Innoculum, from 2023 MBfR",DSMZ v1: Using DSMZ 120 without NaHCO3
5,0.1,0.0638888888861402,87.89896666666668,0.07470691623493862,0,0,12.101033333333334,0.07470691623493336,0.9296600003787931,0,0,0,0,0,0.8171615338462888,0.11249846653250456,Reactor Vol,,5.9,5.908333333332848,0,0,,0,5.9,5.908333333332848,0.015923667570009032,0.015923667570009032,,1163.9645799999998,5.9,5.908333333332848,0.015062669376693769,0.00247338168879157,,1222.50832,,22.1,22.12361111111386,2024-06-05 15:40:00,0,0,0,,,14,13.970833333332848,2024-05-28 12:00:00,1,DSMZ v1.5: Using DSMZ 120 with NaHCO3,,0.474751147,,,41.900000000000006,41.91388888889196,1078,804,272,214,,41.900000000000006,41.91388888889196,35.72410136310949,18.66817269076545,10.76382788605975,0.015251745681732699,0.02645176281487801,,20.3,20.30624999999418,0.5457624016108366,5.416249885042072,5.070308763352288,1.1268891614663221,,58,57.97222222221899,0.5,,13.5,709.4748358274048,337.03396193848897,0.05907367492318109,0.028062777846668524,,5.5,36.69323861795014,0,0.0030552238649417273,0,,13.5,5337.390283297396,552.0037832556709,0.44441218012467915,0.04596201359331148,,5.5,5154.085640731453,638.6271930677236,0.42914951213417596,0.053174620571833774,,20.3,20.31111111111386,450,,75.9,75.8708333333343,0.0054169113329418685,82.9,82.85972222222335,0.027974163241338813,82.9,82.85972222222335,0.025907222548443923,,,,,,,,38,38,17545.426063635256,22,21.5,21.47083333333285,2024-06-05 00:00:00,A34,highest production rate to date in subsequent days,DSMZ v1.5: Using DSMZ 120 with NaHCO3
6,1,1.0090277777781012,88.24560000000001,0.7138623886996721,0,0,11.754399999999999,0.7138623886996709,0.16698912564236681,0,0,0,0,0,0.14736055585786048,0.01962856978450636,Reactor Vol,,7.5,7.470833333332848,0.06995895438121047,0.0014235208247798913,,4564.5931366666655,7.5,7.470833333332848,0.06591960252935862,0.06591960252935862,,4305.831659999999,13.5,13.470833333332848,0.035000112917795846,0.0023397655216459102,,2463.6994466666665,,34.9,34.92638888888905,2024-06-18 10:56:00,18.1,3.40776,2.0790472319,,,38.2,38.22083333333285,2024-06-21 18:00:00,1,DSMZ v2: Dropped Na-Ac out of DSMZ 120 media,,0.359514493,,,48.900000000000006,48.857638888890506,449,497,112,75,,48.900000000000006,48.857638888890506,12.039944970068918,3.563125782227038,7.492434834624814,0.07990799079909665,0.03800129443988414,,20.3,20.31041666666715,0.3274574409665019,3.249749931025243,3.042185258011373,0.6761334968797933,,58.900000000000006,58.86805555555475,0.444,,48.900000000000006,331.6318702280816,50.5419741100825,0.02761297837036483,0.004208324238974396,,8.9,13.34858273030959,0,0.0011114556811248617,0,,48.5,3541.744380829214,670.7299578582669,0.29489961538960985,0.05584762346863171,,8.9,4036.4322379182267,796.6097706448304,0.33608927876088485,0.06632887349249213,,20.900000000000002,20.90486111111386,450,,82.9,82.85972222222335,0.028772753963593658,96.9,96.8569444444438,0.030534351145038167,89.9,89.8611111111095,0.02871403405754551,,38,38,,,,,39,39,15620,35,34.9,34.9152777777781,2024-06-18 10:40:00,B34,"methanogen inhibition due to lack of wasting (i.e. super high HRT), what microbes were hanging out here?",DSMZ v1.5: Using DSMZ 120 with NaHCO3
7,2.1,2.1465277777751908,88.46186666666667,0.17111529251745067,0,0,11.538133333333334,0.17111529251745217,0.8864169108691787,0,0,0,0,0,0.7841409458038784,0.10227596506530034,Reactor Vol,,8.9,8.927083333335759,0.04783858401084012,0.0018242780895032162,,3215.4403300000004,8.9,8.927083333335759,0.04813126693766937,0.04813126693766937,,3235.0590099999995,41.900000000000006,41.91388888889196,0.012910286811201446,0.003791067925733315,,1232.6904833333333,,35,35.04236111111095,2024-06-18 13:43:00,0.5,0.0891,0.059221617500000004,,,93.9,93.9152777777781,2024-08-16 10:40:00,1,"DSMZ v3: dropped yeast, casitone, and bicarb out of DSMZ 120",,0.252270529,,,51.900000000000006,51.94930555555766,428,272,196,143,,51.900000000000006,51.94930555555766,17.138162328365926,10.060185185186763,7.881038042361175,0.02830188679244839,0.03612750258174351,,20.3,20.3215277777781,0.2183049606443346,2.1664999540168286,2.0281235053409152,0.4507556645865288,,62.1,62.09652777777228,0.344,,51.900000000000006,299.34970300660166,35.15547306986401,0.02492503771911754,0.0029271834362917574,,13.5,180.2902349762712,149.02831671002392,0.015011676517591273,0.012408685820984505,,51.5,657.4065029379216,339.2583383637242,0.054738260028136684,0.02824798820680468,,13.5,3051.8070017680698,501.37560051250324,0.2541054955676994,0.04174651128330585,,20.900000000000002,20.934027777773736,450,,89.9,89.8611111111095,0.028332354668232532,103.9,103.88263888889196,0.01641808573106283,96.9,96.8569444444438,0.008509688784497944,,,,,,,,94,94,15620,69,68.5,68.47083333333285,2024-07-22 00:00:00,C3,"before highest production rate in subsequent days ever observed, before cutting out influent COD",DSMZ v2: Dropped Na-Ac out of DSMZ 120 media
8,3.1,3.102777777778101,93.1845,0.15575403686581893,0,0,6.8155,0.15575403686582243,0.5934718228013892,0,0,0,0,0,0.5530237507183605,0.040448072083028676,Reactor Vol,,13.5,13.470833333332848,0.04028218157181571,0.0015439989051594363,,2708.4128999999994,13.5,13.470833333332848,0.039490853658536586,0.039490853658536586,,2656.06456,48.900000000000006,48.857638888890506,0.015733739837398373,0.004119885041740796,,1446.9321999999997,,107.2,107.1694444444438,2024-08-29 16:46:00,0.4,0.06926,0.04774533560000001,,,108,108.0222222222219,2024-08-30 13:14:00,1,DSMZ v4: dropped out methanol,,0.00514194,,,55.800000000000004,55.84722222221899,492,322,168,139,,55.800000000000004,55.84722222221899,19.556477888845535,8.85399353646064,6.321819530778217,0.03215749153754625,0.04503801806363379,,21.1,21.10555555555038,0.5457624016108366,5.416249885042072,5.070308763352288,1.1268891614663221,,77.2,77.16180555555184,0.25,,55.800000000000004,317.1541691421296,30.13337456069847,0.02640750783864526,0.0025090236936468335,,14.5,0,0,0,0,,55.5,3781.250440459843,685.9650860177509,0.3148418351756739,0.057116160367839376,,14.5,202.84618768418355,53.02702348149414,0.016889774161880394,0.0044152392574100035,,21.900000000000002,21.931944444440887,450,,96.9,96.8569444444438,0.01590135055783911,111.9,111.8659722222219,0.016280093951849678,103.9,103.88263888889196,0.00861714621256606,,94,94,,,,,95,95,11850,83,82.5,82.47083333333285,2024-08-05 00:00:00,D34,"after highest production rate in subsequent days ever observed, after cutting out influent COD",DSMZ v2: Dropped Na-Ac out of DSMZ 120 media
9,6.1000000000000005,6.052083333335759,93.40956666666666,0.24981275654644264,5.1048,0.2046872492364875,1.4856666666666667,0.06454504886769658,0.5646172356953828,0.10123052715317117,0.2677710718245173,0.00028604077279669317,6.857889068411739e-06,0.0288225806477779,0.5274065131883691,0.00838833006498107,Reactor Vol,,14.5,14.470833333332848,0.033443258807588076,0,,2106.7808299999997,14.5,14.470833333332848,0.03330504742547426,0.03330504742547426,,2098.0741100001514,52,51.98819444444234,0.015409270551038844,0.0032354363395830487,,1328.6472633333333,,108,108.0222222222219,2024-08-30 13:14:00,0.5,0.0891,0.059221617500000004,,,125.2,125.1513888888876,2024-09-16 16:20:00,1,Speece: put in Speece media + EDTA + cysteine + vitamins as in DSMZ 120,,0.003330795,,,61.900000000000006,61.90833333333285,499,356,201,137,,61.900000000000006,61.90833333333285,9.73502582615558,4.728935405436123,4.324070645285187,0.06020852428961522,0.0658458766238413,,22.900000000000002,22.94236111110513,0.1091524803221673,1.0832499770084143,1.0140617526704576,0.2253778322932644,,78.10000000000001,78.13749999999709,0.25,,78.9,191.95975900249292,0,0.015983327144254197,0,,38.1,32.38414148477529,0,0.002696431430872214,0,,58.5,5297.233372278443,392.89056749862345,0.4410685572255157,0.03271361927548905,,38.1,772.3243770024874,508.90837075590764,0.06430677577039862,0.04237371946343944,,22.1,22.116666666668607,450,,103.9,103.88263888889196,0.019274809160305342,117.9,117.88263888889196,0.008937169700528479,111.9,111.8659722222219,0.008138578978273634,,99.9,99.8972222222219,20,99.9,99.8972222222219,120,106.9,106.93541666666715,11850,91,90.9,90.8666666666686,2024-08-13 09:30:00,E34,"before dropping yeast, casitone, and bicarb out of DSMZ 120, high CO2 in product gas",DSMZ v2: Dropped Na-Ac out of DSMZ 120 media
10,7,6.979861111110949,86.16613333333333,0.4674916505493229,12.2433,0.8044798568018959,1.5905666666666667,0.5225865701808017,0.5392122754506058,0.23186590777841803,0.6133227238009767,0.0006551690019927732,1.361990169658553e-05,0.06601737652024402,0.4646183682144696,0.008576530715892185,Reactor Vol,,41.900000000000006,41.91388888889196,0.0009826106594399277,0.0053945531681948815,,658.6887466666667,41.900000000000006,41.91388888889196,0.008593157181571815,0.008593157181571815,,908.4364066666667,55.800000000000004,55.84722222221899,0.016416581978319782,0.0037808266046257012,,1452.4389549999999,,135,135.0229166666686,2024-09-26 13:15:00,0.45,0.07918,0.053483476550000006,,,134.5,134.47083333333285,2024-09-26 00:00:00,1,Wolfe v1: put in modified wolfe + EDTA ,,0.007544255,,,75.9,75.9291666666686,252,233,233,173,,75.9,75.9291666666686,5.7498878705738665,5.382529650437885,3.750501971216412,0.052897473997019086,0.07591576391836354,,24,23.994444444440887,1.0915248032216731,10.832499770084144,10.140617526704576,2.2537783229326442,,79,78.99722222222044,0.3,,82.9,57.583272621721406,0,0.004794610543024264,0,,41.900000000000006,233.03641028593296,20.771245134059107,0.019403531247787924,0.0017294958479649547,,75.5,5020.861603483166,41.26154584744084,0.4180567529961004,0.0034355991546578552,,41.900000000000006,488.7401046561251,436.5931848761102,0.04069443002965238,0.036352471679942565,,34.9,34.9152777777781,450,,111.9,111.8659722222219,0.008514386376981797,124.5,124.47083333333285,0.00926600117439812,117.9,117.88263888889196,0.008655314151497357,,106.9,106.93541666666715,6440,106.9,106.93541666666715,5560,114.9,114.90763888888614,13175,105,104.9,104.94305555555184,2024-08-27 11:20:00,F34,,"DSMZ v3: dropped yeast, casitone, and bicarb out of DSMZ 120"
11,7.9,7.859722222223354,86.58186666666667,0.18349066279605328,12.663466666666666,0.24327684504147365,0.7546666666666666,0.06057345403172363,0.5501556432509672,0.2446903369681352,0.6472454074640995,0.0006914061899168534,1.2764196408019631e-05,0.06966877649787181,0.47633502549869483,0.004151841254400632,Reactor Vol,,43.5,43.47083333333285,0.0005453929539295393,0,,34.3574,43.5,43.47083333333285,0.0047226738934056005,0.0047226738934056005,,297.50805333348467,58.900000000000006,58.868750000001455,0.015110772357723576,0.0030056110578896953,,1284.41806,,154,154.01597222222335,2024-10-15 13:05:00,0.5,0.0891,0.059221617500000004,,,145.8,145.84583333333285,2024-10-07 09:00:00,1,Wolfe v2: put in KILLER wolfe + EDTA + switch to HCl in trace elements,,0.00719425,,,83,82.97986111111095,2670,2504,171,81,,83,82.97986111111095,21.80503939094516,2.860746879981554,2.6816661282301144,0.0995272333300799,0.10617362811310795,,38.2,38.21180555555475,1.0915248032216731,10.832499770084144,10.140617526704576,2.2537783229326442,,97.2,97.15486111110658,0.25,,85.9,233.97107259046496,33.498882772331385,0.019481354920105325,0.0027892491900359186,,43.5,273.0171194477796,24.03098899552398,0.022732482884910872,0.002000914987137717,,78.5,4950.4095575733445,155.44825329855672,0.4121906375997789,0.012943235078980576,,43.5,233.2533143510614,285.3074817498832,0.01942159153630819,0.023755826956693024,,38.1,38.13472222222481,450,,117.9,117.88263888889196,0.008937169700528479,131.5,131.47083333333285,0.004333529066353494,131.5,131.47083333333285,0.009412800939518495,,106.9,106.93541666666715,3780,106.9,106.93541666666715,3800,117.9,117.88680555555766,450,126,125.9,125.93680555555329,2024-09-17 11:11:00,G12,"after dropping methanol, best performance in DSMZ 120 before switching to Speece",Speece: put in Speece media + EDTA + cysteine + vitamins as in DSMZ 120
12,9.9,9.912499999998545,78.44123333333333,1.371343838478642,19.379933333333334,0.4711699516451938,2.1787666666666667,1.5033352830733846,0.4837601826799059,0.32927672510017403,0.87099004703917,0.0009304166594836068,1.3619516498470734e-05,0.09375240089657731,0.3794674536697045,0.010540005606835563,Reactor Vol,,48.900000000000006,48.857638888890506,0.0003283649503161699,0.005585329136444506,,638.5792533333334,48.900000000000006,48.857638888890506,0.0005208897922312556,0.0005208897922312556,,676.5262333333334,61.900000000000006,61.90833333333285,0.015533367208672088,0.0034784453263993435,,1363.34841,,,,,,,,,,149.9,149.9291666666686,2024-10-11 11:00:00,1,Wolfe v3: went back to modified wolfe + EDTA and switched CuSO4 to CUCl2,,0.007544255,,,90,90.03819444444525,1406,1186,102,11,,90,90.03819444444525,17.027598525811833,3.0082293832297964,4.392914168030154,0.09464777646594527,0.06481397344257599,,38.2,38.22013888888614,1.0915248032216731,10.832499770084144,10.140617526704576,2.2537783229326442,,107.2,107.15694444443943,0.3,,89.9,178.10575474128026,10.673658498661638,0.014829788071713593,0.0008887309324447658,,48.900000000000006,4.797545479778651,0,0.00039946257117224406,0,,82.5,5729.739096668702,361.3517713269144,0.47708069081338067,0.030087574631716435,,48.900000000000006,247.01604674135908,195.20888737854108,0.02056753095265271,0.016253862396214912,,41.900000000000006,41.91388888889196,450,,124.5,124.47083333333285,0.004216089254257193,138.9,138.9020833333343,0.008520258367586611,138.9,138.9020833333343,0.007486788021139166,,114.9,114.90763888888614,575,114.9,114.90763888888614,437.5,120.5,120.50208333333285,150,126,125.9,125.93680555555329,2024-09-17 11:11:00,G3,"after dropping methanol, best performance in DSMZ 120 before switching to Speece",Speece: put in Speece media + EDTA + cysteine + vitamins as in DSMZ 120
13,10.200000000000001,10.166666666664241,78.7838,0.8926198126862337,20.2467,0.40633162564584996,0.9695,0.4862891218195196,0.6017767759585806,0.4279256376515331,1.1319323318524424,0.001209162725273112,1.725732899382004e-05,0.12183993849800594,0.4741026116176562,0.005834225842918439,Reactor Vol,,52,51.98819444444234,0.0004135049683830171,0.006201085716892477,,712.0626133333333,52,51.98819444444234,0.0003278003613369467,0.0003278003613369467,,662.7575933333334,64.9,64.88749999999709,0.004958672086720867,0.0019589434788558915,,529.08888,,,,,,,,,,161.20000000000002,161.1868055555533,2024-10-22 17:11:00,1,Wolfe v4: increased EDTA conc to 0.3 g/L in Wolfe to try to reduce mineral precipitation,,0.0109661,,,97.10000000000001,97.0625,364,275,53,32,,97.10000000000001,97.0625,10.000833423432013,2.1760221214789923,6.316862398310755,0.13084527928820092,0.04507336146792784,,421.20000000000005,421.15625,1,9.924190213645762,9.290322580645162,2.064798084551574,,160,159.972222222219,0.4,,103.9,0,0,0,0,,51.900000000000006,11.762753096824978,2.0076901906612656,0.000979413247029557,0.00016716820904756583,,85.5,4879.65859850899,127.60286718431641,0.40629963351448706,0.010624718333415188,,51.900000000000006,189.2537497013921,183.43982646051634,0.01575801413000767,0.015273923935097114,,48.900000000000006,48.857638888890506,450,,131.5,131.47083333333285,0.008079859072225484,138.9,138.9020833333343,0.0070640046975924825,145.9,145.90416666666715,0.018966529653552555,,117.9,117.88680555555766,637.5,117.9,117.88680555555766,383.33333333333337,131.9,131.8756944444467,570,140,139.9,139.8874999999971,2024-10-01 10:00:00,H34,"98% methane, modified wolfe + EDTA , best performance before adding KILLER media",Wolfe v1: put in modified wolfe + EDTA 
14,15.100000000000001,15.124305555553292,80.83393333333332,2.0942430955677835,17.937966666666668,1.642072289314125,1.2280666666666666,0.4560876487401668,0.5084474358987365,0.32033021819369,0.8473250932865349,0.0009051370741517085,8.683730236539e-06,0.09120513156903673,0.41099806136942735,0.00624407347779375,Reactor Vol,,55.800000000000004,55.84722222221899,0.0006014566395663957,0.005753113452853428,,674.3444900000001,55.800000000000004,55.84722222221899,0.0006217818428184282,0.0006217818428184282,,692.9904700000001,68.9,68.88749999999709,0.01724491869918699,0.0028987272478445325,,1407.0357199999999,,,,,,,,,,,,,,,,,,,104,104.04305555555766,1530,1319,110,78,,104,104.04305555555766,23.678702752399925,7.994490999381675,6.971757151220795,0.03561480302426305,0.040839377512219534,,58,57.97222222221899,0.9,8.931771192281186,8.361290322580645,1.8583182760964163,,161.20000000000002,161.18611111110658,0.35,,106.9,0,0,0,0,,55.800000000000004,8.355936230179156,0.9860523953564254,0.0006957482289907706,8.210261410128439e-05,,89.5,5457.464812101965,211.81926750674648,0.4544100592924201,0.01763690820206049,,55.800000000000004,901.4727380998174,92.77718983472514,0.07506017802662926,0.0077249949904017595,,51.900000000000006,51.94930555555766,450,,138.9,138.9020833333343,0.00711685261303582,145.9,145.90416666666715,0.015502055196711686,145.9,145.90416666666715,0.015936582501468,,120.5,120.50208333333285,186.66666666666669,124.9,124.90555555555329,73,135,135.02430555555475,720,149,149.1,149.0888888888876,2024-10-10 14:50:00,I34,"butyrate production in reactor, major failure in CH4 production (10%)",Wolfe v2: put in KILLER wolfe + EDTA + switch to HCl in trace elements
15,16,15.970833333332848,0,0,89.16300000000001,1.2267565406387664,10.837000000000002,1.2267565406387686,0.49660943396122104,1.5551714444587679,4.113679304697387,0.0043943507389944516,3.9924046473975316e-05,0.44279186960284356,0,0.05381756435837753,Reactor Vol,,58.900000000000006,58.868750000001455,9.815379403794037e-05,0.005880457095935405,,656.7263550000001,58.900000000000006,58.868750000001455,0.00014168360433604337,0.00014168360433604337,,655.971205,70.5,70.47083333333285,0.0010182926829268293,0.0006274804981524566,,133.56493999999998,,,,,,,,,,,,,,,,,,,112.10000000000001,112.07361111111095,1441,1244,118,82,,112.10000000000001,112.07361111111095,25.53418542377168,8.780074074071598,5.525782305192457,0.03242822552750828,0.05152613810983379,,58.900000000000006,58.86805555555475,0.888,8.812680909717438,8.249806451612905,1.8335406990817977,,162,161.97916666666424,0.3,,111.9,0,0,0,0,,78.9,349.8064597555118,1.7119108460022823,0.029126266424272424,0.00014254045345564383,,92.5,6007.168761653988,283.8068510560047,0.5001805796547867,0.02363087852256492,,58.900000000000006,830.0769527769153,105.23534887437044,0.06911548316210785,0.008762310480796873,,55.800000000000004,55.84722222221899,450,,145.9,145.90416666666715,0.015137991779213154,153.8,153.847222222219,0.016793893129770997,153.8,153.847222222219,0.015971814445096887,,124.9,124.90555555555329,46,131.9,131.8756944444467,473.75,135,135.02430555555475,666.6666666666667,161,161.10000000000002,161.08750000000146,2024-10-22 14:48:00,J12,"recovery, 93% ch4, extracted for analysis on recovery",Wolfe v3: went back to modified wolfe + EDTA and switched CuSO4 to CUCl2
16,17.900000000000002,17.901388888887595,68.9507,0.4766542877180509,30.431166666666666,0.5485377136836922,0.6172666666666666,0.12071691403168615,0.5311072302160496,0.5676484439617044,1.5015216904793474,0.0016039687251846921,1.3000994697610928e-05,0.16162212640576307,0.36620215298457764,0.0032783478963802682,Reactor Vol,,61.900000000000006,61.90833333333285,0.0017188346883468832,0.006450800602162309,,821.9181999999998,61.900000000000006,61.90833333333285,0.0015294715447154471,0.0015294715447154471,,762.8280400000001,71.9,71.9243055555562,0.0007594850948509486,0.00027576296701792806,,78.35138,,,,,,,,,,,,,,,,,,,117.9,117.88263888889196,450,247,347,173,,125,125.00069444444671,9.777003960283347,4.14070638020911,3.718216764162367,0.0687617512758399,0.0765749390854473,,65,65.02291666666133,0.988,9.805099931082013,9.17883870967742,2.040020507536955,,168.10000000000002,168.09027777777374,0.337,26.13333333330229,114.9,8.33758571849476,0,0.0006942202929637602,0,,82.9,326.2993577126854,0,0.027168972332446743,0,,96.5,3684.8460539768225,166.37691302380284,0.30681482547683786,0.013853198419966932,,75.9,40.03572042221052,33.92909373943197,0.0033335320917743977,0.0028250702530751015,,56,55.997222222220444,450,,153.8,153.847222222219,0.01620669406928949,159.9,159.92152777777665,0.017451556077510276,159.9,159.92152777777665,0.01812096300645919,,131.9,131.8756944444467,458.75,135,135.02430555555475,180,138.9,138.9020833333343,826,161,161.10000000000002,161.08750000000146,2024-10-22 14:48:00,J34,"recovery, 93% ch4, extracted for analysis on recovery",Wolfe v3: went back to modified wolfe + EDTA and switched CuSO4 to CUCl2
17,23.200000000000003,23.19861111111095,58.7181,0.01190252074142309,40.49563333333334,0.09235877507488582,0.7863333333333333,0.09298437144667557,0.5075506548787121,0.7218820174148443,1.9094943686457173,0.002039776892764205,1.2758161500380979e-05,0.20553585218061537,0.298024101082337,0.0039910399828629395,Reactor Vol,,64.9,64.88749999999709,0.00221849593495935,0.0066413028602709725,,874.46958,64.9,64.88749999999709,0.002101287262872629,0.002101287262872629,,826.6924200000001,72.9,72.90902777777956,0.0055940040650406505,0.0006664841932393596,,426.12989,,,,,,,,,,,,,,,,,,,125,125.00069444444671,404,302,132,99,,132,131.99722222222044,20.390606451593428,3.6565664612966624,3.4414162764211866,0.07786600496282414,0.0827340255734223,,70.8,70.84930555555184,1.2,11.909028256374913,11.148387096774194,2.4777577014618886,,170,169.95763888888905,0.337,,117.9,1.7384777829744724,0,0.00014475252147997273,0,,85.9,305.46227652836205,26.489191541897505,0.02543399471510092,0.002205594632963989,,103.5,3754.5832587005,307.8381616135362,0.3126214203747294,0.025631820284224498,,78.9,1072.6458843230089,63.84261461524168,0.08931272975212397,0.005315788061219124,,56,56.0222222222219,450,,159.9,159.92152777777665,0.01661773341162654,166.5,166.47083333333285,0.017486788021139166,166.5,166.47083333333285,0.018837345860246622,,135,135.02430555555475,481.66666666666663,135,135.02430555555475,500,141.9,141.92638888888905,340,182,181.9,181.9465277777781,2024-11-12 11:25:00,K12,1 week before transitioning to biofilm-only sampling,Wolfe v3: went back to modified wolfe + EDTA and switched CuSO4 to CUCl2
18,24,23.995138888887595,0,0,88.41219999999998,0.5133900369115104,11.587800000000001,0.5133900369115082,0.9519232781181791,2.955920707304432,7.818887032224627,0.008352360372121413,5.050720879786504e-05,0.8416163124964007,0,0.11030696562177837,Reactor Vol,,65.5,65.47083333333285,0.0013939701897018972,0.006357191733953743,,791.09738,65.5,65.47083333333285,0.0016370257452574524,0.0016370257452574524,,801.65487,73.8,73.84583333333285,0.000697069783197832,0.0003395374298617764,,81.474725,,,,,,,,,,,,,,,,,,,132,131.99722222222044,662,544,54,34,,139,138.95763888888905,14.341998358297964,3.357377450981328,3.2046572081921916,0.08480494861815455,0.08884638940301495,,72.2,72.1513888888876,1.3,12.901447277739491,12.07741935483871,2.684237509917046,,170.10000000000002,170.1291666666657,0.337,,121,16.59736084880051,0,0.0013819617692589932,0,,89.9,275.1054784180612,31.25326080383786,0.022906367894925995,0.0026022698421180566,,106.5,3866.4901589370666,70.68283400149086,0.32193923055262835,0.005885331723687832,,82.9,1000.9824083680322,1.371913570115763,0.08334574590907845,0.00011423093839431831,,58.900000000000006,58.868750000001455,450,,166.5,166.47083333333285,0.017087492660011742,173.9,173.93402777777374,0.018297122724603643,180.9,180.8930555555562,0.017322372284204347,,138.9,138.9020833333343,966,138.9,138.9020833333343,936,145.9,145.90416666666715,510,189,189.10000000000002,189.0749999999971,2024-11-19 14:30:00,L12,"first biofilm-only sample, first direct biofilm sample",Wolfe v3: went back to modified wolfe + EDTA and switched CuSO4 to CUCl2
19,26.900000000000002,26.858333333329938,46.26943333333333,0.1585214601665459,49.01903333333333,0.11620285423918504,4.711533333333334,0.05066797147442667,0.6923479747761574,1.1919768042316665,3.152970901516021,0.0033680943468985753,1.819586061688036e-05,0.3393822845381828,0.32034548462373763,0.03262020561423692,Reactor Vol,,68.9,68.88749999999709,0.0006365176151761517,0.00716710004105652,,832.9796599999999,68.9,68.88749999999709,0.0006788617886178862,0.0006788617886178862,,775.96528,75.9,75.8708333333343,0.012848577235772358,0.0025468728616395236,,1091.16026,,,,,,,,,,,,,,,,,,,139,138.95763888888905,300,220,42,33,,146,145.9819444444438,8.426770069292017,3.3103049169855705,2.980838630255924,0.08601087493822047,0.09551748938444782,,77.2,77.16180555555184,1,9.924190213645762,9.290322580645162,2.064798084551574,,197.20000000000002,197.15486111110658,0.37,,124.9,0,0,0,0,,103.9,219.1129562840743,0,0.018244209515743074,0,,111.5,3722.7064714783933,240.37562465134224,0.30996723326214765,0.020014623201610512,,85.9,936.669258963107,0,0.07799077926420542,0,,61.900000000000006,61.90833333333285,450,,173.9,173.93402777777374,0.017428068115091018,180.9,180.8930555555562,0.01729301233118027,187.8,187.80555555555475,0.015866118614210216,,141.9,141.92638888888905,330,141.9,141.92638888888905,390,148.8,148.84166666666715,440,210,209.9,209.9499999999971,2024-12-10 11:30:00,M12,extracted because there was good time spacing between this and other samples,Wolfe v3: went back to modified wolfe + EDTA and switched CuSO4 to CUCl2
20,27.900000000000002,27.945833333331393,84.93239999999999,0.10500290472172571,14.133866666666668,0.16197173621756694,0.9337666666666667,0.2201640373297445,0.667417113664496,0.33131184569861266,0.876373269267298,0.0009361671725460453,4.860755273109549e-06,0.09433184495585499,0.5668533726459842,0.0062321185350278415,Reactor Vol,,70.10000000000001,70.1111111111095,0.0009698509485094851,0.003797591350759546,,481.21628,71.9,71.9243055555562,0.00040599593495934956,0.00040599593495934956,,685.6799900000001,76.9,76.86250000000291,0.013492716802168021,0.0027942384015327767,,1159.1038199999998,,,,,,,,,,,,,,,,,,,146,145.9819444444438,271,209,87,61,,154,154.01597222222335,4.760795879248674,2.9462892566096768,2.8101869716170262,0.09663756590887305,0.10131789275871154,,79,78.99722222222044,1.2,11.909028256374913,11.148387096774194,2.4777577014618886,,199.10000000000002,199.14513888888905,0.374,,127.9,0,0,0,0,,111.9,168.05214941121727,0.5492128190093732,0.013992685213257059,4.572962689503524e-05,,114.5,3849.1059358491443,384.4093541372845,0.32049175152782217,0.03200743997812527,,89.9,805.9592303943249,20.690954774569917,0.06710734641085137,0.001722810555751034,,64.9,64.88749999999709,450,,180.9,180.8930555555562,0.017160892542571932,187.8,187.80555555555475,0.017040516735173223,194.9,194.8979166666686,0.016065766294773926,,145.9,145.90416666666715,190,145.9,145.90416666666715,160,153.8,153.847222222219,570,238,238,238.0124999999971,2025-01-07 13:00:00,N12,"fluffy biofilm, mostly located on underside of membranes",Wolfe v3: went back to modified wolfe + EDTA and switched CuSO4 to CUCl2
21,30,29.95763888888905,88.1272,0.2631801094307871,11.5633,0.22087763580770262,0.30949999999999994,0.27818247608359514,1.0067180186389197,0.4088540182803777,1.081484822548096,0.0011552732425565463,5.595572739116198e-06,0.1164098246492742,0.8871924017219581,0.003115792267687456,Reactor Vol,,70.9,70.88749999999709,0.001130758807588076,0.006497878746407554,,790.08012,75.9,75.8708333333343,0.0005887533875338753,0.0005887533875338753,,694.7478100000001,77.9,77.86319444444234,0.015027015582655826,0.003128233201040099,,1292.707185,,,,,,,,,,,,,,,,,,,154,154.01597222222335,440,356,251,216,,159.9,159.9250000000029,8.535022731093372,2.6859217171725254,3.3835689478086106,0.10600540604063093,0.08414849131613657,,79,78.99791666666715,1,9.924190213645762,9.290322580645162,2.064798084551574,,205,205.00694444444525,0.379,,131.9,8.040395120952233,0,0.000669475030886947,0,,114.9,217.88431549447353,0,0.0181419080345107,0,,117.5,88.92551148073932,0,0.007404289049187287,0,,92.9,764.9287806289412,117.59240811433457,0.06369098922805506,0.009791208002858832,,68.9,68.88749999999709,450,,187.8,187.80555555555475,0.01662947739283617,194.9,194.8979166666686,0.018308866705813272,201.9,201.9319444444409,0.017395772166764533,,148.8,148.84166666666715,242,148.8,148.84166666666715,250,155.8,155.83333333333576,568,283,283.1,283.09513888888614,2025-02-21 14:59:00,P12,"very large biofilm growth between this and 1/7/25 sampling date, represents doubling of feed rate",Wolfe v3: went back to modified wolfe + EDTA and switched CuSO4 to CUCl2
22,33.9,33.8840277777781,86.15396667,0.129938306,13.57256667,0.108495361,0.2735,0.238374936,0.5007096745666578,0.2386858105886037,0.631362466718242,0.0006744395750608375,2.888121299602613e-06,0.06795915440369966,0.43138124613962386,0.001369440959939809,Reactor Vol,,71.9,71.9243055555562,0.0006961382113821139,0.0065865608320788286,,772.51162,78.9,78.85624999999709,0.002816480352303523,0.002816480352303523,,883.987185,78.9,78.85624999999709,0.01686720867208672,0.0035299712604351993,,1453.07487,,,,,,,,,,,,,,,,,,,159.9,159.9250000000029,473,376,122,106,,167,167.00277777777956,4.775199751338531,2.798349941068876,3.406705742862391,0.10174646781791266,0.08357699305810669,,90,90.03125,1.2,11.909028256374913,11.148387096774194,2.4777577014618886,,237.20000000000002,237.17152777777665,0.397,,135,0,0,0,0,,117.9,85.96778573558326,0,0.007158017130356641,0,,120.5,32.07365599153115,0,0.002670579183308172,0,,96.9,250.2806477646642,16.148155852455787,0.020839354518290106,0.001344559188380998,,70.10000000000001,70.1111111111095,450,,194.9,194.8979166666686,0.01591309453904874,201.9,201.9319444444409,0.01669113329418673,208.9,208.91319444444525,0.016876100998238403,,153.8,153.847222222219,305,153.8,153.847222222219,390,159.9,159.92152777777665,324,,,,,,,
23,37.9,37.87430555555329,72.2636,0.091474095,27.095,0.152754313,0.6414,0.142427912,0.5522805951970167,0.5255663786995844,1.3902078404311586,0.0014850600638651246,5.689403729152592e-06,0.14964042726863166,0.3990978401907913,0.0035423277375936646,Reactor Vol,,72.9,72.90902777777956,0.0002715108401084011,0.006552210209388259,,741.9617900000001,83,82.97986111111095,0.0005182079945799458,0.0005182079945799458,,701.991835,79.80000000000001,79.8076388888876,0.015384485094850948,0.0030243602025455045,,1303.73496,,,,,,,,,,,,,,,,,,,167,167.00277777777956,340,269,181,142,,181,181.00208333333285,12.859103191725715,4.66643518518443,3.519665292669498,0.06101493129620512,0.08089468700765975,,97.2,97.15486111110658,1,9.924190213645762,9.290322580645162,2.064798084551574,,241,240.9909722222219,0.4,,138.9,0,0,0,0,,121,51.13947766183699,0,0.00425807474286736,0,,124.5,434.89806025622795,0,0.03621132891392406,0,,103.9,512.5572741680497,37.356906644454455,0.04267754156270189,0.003110483484134426,,70.9,70.88749999999709,450,,201.9,201.9319444444409,0.016206694069289488,208.9,208.91319444444525,0.01594832648267763,215.9,215.878472222219,0.016664709336465064,,155.8,155.83333333333576,300,155.8,155.83333333333576,282,166.5,166.47083333333285,614,,,,,,,
24,40.400000000000006,40.35555555555766,23.12106667,0.370996285,68.9882,0.599726112,7.890733333,0.970645189,1.0003036506581613,2.4237359407259254,6.411172488371803,0.006848599143333077,2.4624409750215305e-05,0.6900914831233537,0.23128087397111738,0.07893129359369941,Reactor Vol,,75.9,75.8708333333343,0.0005379403794037941,0.005538729984945942,,646.62643,85.9,85.86041666666279,0.00019639227642276422,0.00019639227642276422,,672.036805,83,82.97986111111095,0.013281673441734419,0.003485288079923361,,1222.25843,,,,,,,,,,,,,,,,,,,174,174.003472222219,562,462,181,149,,188,187.9777777777781,6.623430246671267,2.7553321023338664,3.589296197464408,0.10333499253358684,0.07932536256644379,,107.2,107.15694444443943,1.2,11.909028256374913,11.148387096774194,2.4777577014618886,,251.10000000000002,251.0791666666628,0.42,,141.9,2.6238281666411125,0,0.00021847028864622087,0,,124.9,33.11230399451906,0,0.002757061115280521,0,,127.5,407.6589469032803,33.50415772618134,0.03394329283124732,0.002789688403512185,,111.9,556.9247840340399,4.806257637236683,0.046371755539886754,0.00040018797978656816,,71,70.9736111111124,450,,208.9,208.91319444444525,0.015231943628890193,215.9,215.878472222219,0.016230182031708753,236.9,236.9111111111124,0.017463300058719905,,159.9,159.92152777777665,210,159.9,159.92152777777665,226,170,169.9597222222219,636,,,,,,,
25,41.900000000000006,41.909027777779556,17.7694,0.17971780657464032,75.65703333333333,0.32909427727222923,6.573566666666667,0.1520033332967844,0.7454416182388671,1.9808043404189941,5.239546964979275,0.005597035007386545,1.937839703364305e-05,0.5639790135915191,0.13246050291133726,0.04900210173601076,450,,76.9,76.86250000000291,0.003970951897018971,0.005361092103462433,,843.239605,89.9,89.8611111111095,0.0002823509485094851,0.0002823509485094851,,377.12721999999997,85.9,85.86041666666279,0.016817750677506776,0.004425413986588203,,1549.02025,,,,,,,,,,,,,,,,,,,181,181.00208333333285,542,424,126,87,,195,194.9868055555562,6.970616970622907,3.137228590490198,4.493728919419911,0.09075596948379647,0.06335990161573356,,147,146.97430555555184,0.6,5.954514128187457,5.574193548387097,1.2388788507309443,,259.1,259.0708333333314,0.462,,145.9,0,0,0,0,,127.9,0,0,0,0,,131.5,355.4425579008307,0,0.02959555019990264,0,,114.9,466.4686342400385,4.553262617008324,0.03884001950375009,0.00037912261590410687,,71.9,71.9243055555562,450,,215.9,215.878472222219,0.016112742219612446,236.9,236.9111111111124,0.017028772753963594,243.9,243.8833333333314,0.01619495008807986,,166.5,166.47083333333285,488,166.5,166.47083333333285,522,180.9,180.8930555555562,530,,,,,,,
26,43.2,43.17916666666861,10.673033333333334,0.1305190152174516,82.6383,0.21079115256575526,6.688666666666666,0.24887174072870036,0.5610641880808462,1.6284429902241269,4.307494361238013,0.004601389565760799,1.546258711165173e-05,0.4636539069388139,0.05988256781526475,0.037527713326767534,450,,77.9,77.86319444444234,0.005562245934959349,0.007368071712056932,,1165.5123549999998,92.9,92.86388888888905,0.00035696138211382115,0.00035696138211382115,,275.81707500000005,89.9,89.8611111111095,0.016867886178861785,0.0020682906801697,,1291.4147799999998,,,,,,,,,,,,,,,,,,,188,187.9777777777781,247,176,86,58,,202,202.03819444444525,14.173101031341067,4.875327899569158,4.589489160823878,0.05840063029347906,0.0620378896746562,,151,151.02083333332848,1,9.924190213645762,9.290322580645162,2.064798084551574,,273.2,273.22499999999854,0.531,,148.8,7.982344121161893,0,0.0006646414755338795,0,,131.9,8.934228075036817,0,0.0007438990903444476,0,,134.5,371.5595863527029,8.058595552843588,0.030937517598060193,0.0006709904706780673,,117.9,288.9109371792869,24.0933147662602,0.024055864877542625,0.002006104476791024,,72.9,72.90902777777956,450,,236.9,236.9111111111124,0.01645331767469172,243.9,243.8833333333314,0.017122724603640636,257.90000000000003,257.8708333333343,0.017099236641221375,,170,169.9597222222219,326,170,169.9597222222219,320,184,183.9812499999971,874,,,,,,,
27,44.300000000000004,44.25347222221899,46.364399999999996,2.4918779083253653,50.96023333333333,1.5842481003092088,2.6754,0.9077133192809288,0.6444802197833275,1.1535054103800462,3.051207859714961,0.0032593881340855888,1.0687008148896493e-05,0.32842862378876314,0.29880938702122106,0.017242423800083142,450,,78.9,78.85624999999709,0.004008214769647697,0.006744217873272205,,998.599415,96.9,96.8569444444438,0.00017809959349593496,0.00017809959349593496,,23.354215,92.9,92.86388888888905,0.02056876693766938,0.002616805802654988,,1585.2354,,,,,,,,,,,,,,,,,,,195,194.9868055555562,216,167,82,66,,209,209.0006944444467,24.711515634746902,5.468630268200376,3.8585488233181686,0.05206463195690115,0.07378997526261043,,153.20000000000002,153.1958333333314,1.2,11.909028256374913,11.148387096774194,2.4777577014618886,,274.90000000000003,274.9312499999942,0.584,,154,0,0,0,0,,135,73.06362689392326,0,0.006083565936213427,0,,138.5,379.81316907999155,8.436650082034246,0.03162474347044059,0.0007024687828504785,,121,130.5297121657483,0,0.010868418997980708,0,,73.10000000000001,73.09583333333285,450,,243.9,243.8833333333314,0.01631238990017616,257.90000000000003,257.8708333333343,0.016711685261303583,264.8,264.80208333333576,0.016793893129770993,,173.5,173.47083333333285,338,173.5,173.47083333333285,320,187.8,187.80555555555475,506,,,,,,,
28,44.900000000000006,44.922222222223354,53.185566666666666,1.183411552813872,45.2647,0.22502002133143667,1.5496666666666667,0.971235760942385,0.5806652128726313,0.9231326046830913,2.441834631742371,0.0026084380973126634,8.425326023449223e-06,0.26283636661115795,0.3088300839025152,0.00899837524881621,450,,79.80000000000001,79.8076388888876,0.0009712059620596206,0.005479403311892706,,667.3571,99.9,99.8972222222219,1.6937669376693768e-15,1.6937669376693768e-15,,2.581e-10,96.9,96.8569444444438,0.00036949525745257457,7.60914191870809e-05,,31.694445,,,,,,,,,,,,,,,,,,,202,202.03819444444525,1224,1089,303,278,,216,215.97499999999854,6.303041815241918,3.424509314702099,3.06330781656416,0.0831424873046346,0.09294600453883536,,167,167.00138888888614,1.25,12.405237767057203,11.612903225806452,2.5809976056894675,,278.90000000000003,278.91111111110513,0.531,,155.8,0,0,0,0,,138.9,47.71907422123639,0,0.003973278453058817,0,,141.5,102.6317193642208,0,0.008545522012008392,0,,124.9,81.54202728958326,0,0.006789511014952811,0,,73.10000000000001,73.12361111111386,900,,257.90000000000003,257.8708333333343,0.01594832648267763,264.8,264.80208333333576,0.01654726952436876,272.90000000000003,272.9375,0.017005284791544336,,180.9,180.8930555555562,342,180.9,180.8930555555562,362,191,190.9638888888876,338,,,,,,,
29,49.1,49.079166666662786,48.5419,2.705572695382624,50.3956,2.0880218700961937,1.0624666666666667,0.8554606088729819,0.5493361343140606,0.9723204558592744,2.571944431627758,0.002747425133716764,8.122619310345544e-06,0.27684124090437673,0.26665819698259696,0.005836513315042122,450,,81.5,81.47083333333285,0.018560234586720868,0.00036889284247981384,,1210.02446875,103.5,103.47083333333285,0.0024291158536585366,0.0024291158536585366,,252.65257499999996,99.9,99.8972222222219,0.001203760162601626,1.368550704803613e-15,,75.83169000015141,,,,,,,,,,,,,,,,,,,209,209.0006944444467,1083,874,71,51,,237,236.9541666666628,4.225698999766899,2.6825068870520314,2.9068509598842236,0.10614035087720526,0.09794868266433666,,184.10000000000002,184.1472222222219,1.297,12.871674707098553,12.049548387096774,2.678043115663391,,282.1,282.08263888888905,0.701,,159.9,0.07525877040352753,0,6.266342248420278e-06,0,,141.9,27.779202268079526,0,0.002313006017325523,0,,145.5,90.3791167934146,0,0.007525321964480815,0,,127.9,237.12834523918258,6.060468548482848,0.01974424190168048,0.0005046185302650164,,75.9,75.8708333333343,900,,264.8,264.80208333333576,0.01612448620082208,272.90000000000003,272.9375,0.01658250146799765,278.90000000000003,278.91249999999854,0.016605989430416912,,184,183.9812499999971,818,187.8,187.80555555555475,308,194.9,194.8979166666686,554,,,,,,,
30,51.900000000000006,51.94999999999709,34.47353085477725,0.11339384169051606,61.74845464726627,0.26696127684241533,3.7780622344374013,0.30161475980683233,0.5385432752779986,1.1679529173925605,3.089423846006127,0.0033002115515571996,9.217722735918703e-06,0.33254215009093735,0.18565488216928883,0.020346500099380316,450,,82.9,82.85972222222335,0.0010134654471544715,0.006199260982619407,,749.655665,106.9,106.93541666666715,0.002992801490514905,0.002992801490514905,,264.51365499999997,103.5,103.47083333333285,0.00023719512195121952,2.518133296838648e-05,,17.728028,,,,,,,,,,,,,,,,,,,216,215.97499999999854,429,331,210,168,,243.9,243.93958333333285,5.061742489150278,3.082907247938348,2.837615239222579,0.09235510488115602,0.10033855833824304,,185.20000000000002,185.16180555555184,1.331,13.209097174362508,12.365419354838709,2.7482462505381444,,295.8,295.85555555555,7.01,,162.9,0,0,0,0,,145.9,0,0,0,0,,148.5,179.6462953414269,0,0.01495805956215045,0,,131.9,293.8103203729176,0,0.02446380685869422,0,,75.9,75.9291666666686,900,,272.90000000000003,272.9375,0.015396359365825014,278.90000000000003,278.91249999999854,0.015748678802113916,285.90000000000003,285.93958333333285,0.016347621843805053,,187.8,187.80555555555475,228,191,190.9638888888876,234,201.9,201.9319444444409,410,,,,,,,
31,55.900000000000006,55.8972222222219,50.728133333333325,7.126881661942658,51.3217,0.8492306106117464,1.2834999999999999,1.408905181337623,0.5506662913437634,0.9925860364492294,2.62555016093022,0.0028046883180164305,7.28050981364146e-06,0.28261130204457224,0.2793427304945861,0.007067801849397203,450,,83.9,83.87569444444671,0.0005852811653116531,0.006616532092514028,,768.8437650000001,111.9,111.8659722222219,0.0029761856368563685,0.0029761856368563685,,300.18899799999997,106.9,106.93541666666715,0.00015291327913279133,1.0907349117284795e-05,,10.839534,,,,,,,,,,,,,,,,,,,237,236.9541666666628,396,322,249,210,,250.9,250.88055555555184,6.715386014498654,2.9551387446622903,2.708078249616293,0.0963481740870884,0.10513810753532121,,189.9,189.94722222221753,1.348,13.377808407994488,12.523354838709679,2.7833478179755216,,295.90000000000003,295.90763888888614,0.701,removed 7.01 at 295.85555555555,166.9,0,0,0,0,,148.8,0,0,0,0,,153.5,229.49777079839893,2.5947344311934137,0.019108890158068187,0.00021604782940827757,,135,359.3913188634366,36.82702923847949,0.029924339622267825,0.0030663638000399244,,76.9,76.86250000000291,900,,278.90000000000003,278.91249999999854,0.014844392248972401,285.90000000000003,285.93958333333285,0.014867880211391661,292.90000000000003,292.88263888889196,0.01650029359953024,,194.9,194.8979166666686,252,194.9,194.8979166666686,268,204.9,204.94444444444525,842,,,,,,,
32,58.900000000000006,58.94791666666424,42.1758,0.8358731901430952,57.42850000000001,0.17214653641592734,0.3957,0.6853725045550048,0.513466812127137,1.0356630610036668,2.739495838783893,0.0029264083736147716,7.203339473600635e-06,0.2948762882024329,0.21655873574911705,0.002031788175587081,450,,84.9,84.93055555555475,0.0006858062330623307,0.005889557958122348,,694.7527299999999,114.9,114.90763888888614,0.002187330623306233,0.002187330623306233,,197.831564,108,108.0222222222219,0.00019529132791327913,1.368550704803613e-15,,12.302510000151399,,,,,,,,,,,,,,,,,,,243.9,243.93958333333285,722,591,403,352,,258,257.9548611111095,5.522969839122682,2.4747997250670983,2.581156254680517,0.11504859134187218,0.11030801475343605,,197.20000000000002,197.15486111110658,1.48,14.687801516195726,13.749677419354837,3.055901165136329,,303.2,303.18541666666715,0.841,,173.9,0,0,0,0,,154,30.92466408374963,0,0.0025749095823271962,0,,155.5,167.0325661863896,0,0.013907790689957502,0,,138.9,381.81935057224365,24.661523516652913,0.03179178605930422,0.002053415779904489,,77.9,77.86319444444234,900,,285.90000000000003,285.93958333333285,0.013716970052847917,292.90000000000003,292.88263888889196,0.014539048737522018,299.8,299.8312500000029,0.015971814445096887,,201.9,201.9319444444409,268,201.9,201.9319444444409,322,208.9,208.91319444444525,798,,,,,,,
33,62,61.9777777777781,8.909233333333333,0.6710922837682856,67.27256666666666,0.866607156290166,23.818233333333335,0.22163822624568597,0.8785847123530882,2.075870586172822,5.491012518263593,0.005865657755553804,1.3732453321939176e-05,0.5910464863408729,0.07827516205453211,0.20926335681925404,450,,85.9,85.86041666666279,0.0002469512195121951,0.005851101683317366,,662.8524199999999,117.9,117.88680555555766,0.0027760162601626016,0.0027760162601626016,,199.15553599999998,111.9,111.8659722222219,0.0005195630081300814,1.368550704803613e-15,,32.7302250001514,,,,,,,,,,,,,,,,,,,250.9,250.88055555555184,524,453,209,171,,265,265.03888888889196,4.478229013708298,2.694296279119491,2.704413199685694,0.10567591412599613,0.1052805918323844,,211.10000000000002,211.10138888888469,1.497,14.856512749827708,13.907612903225807,3.091002732573706,,309.90000000000003,309.9048611111066,1.012,,176.9,0,0,0,0,,155.8,29.514661654218347,0,0.002457507215172219,0,,159.5,171.48420893281155,0,0.01427845203437232,0,,141.9,234.38170784566034,6.618809339292719,0.019515546032111603,0.0005511081881176286,,78.10000000000001,78.10902777777665,650,,292.90000000000003,292.88263888889196,0.013846153846153845,299.8,299.8312500000029,0.015513799177921315,306.90000000000003,306.8847222222248,0.016817381092190255,,204.9,204.94444444444525,568,204.9,204.94444444444525,560,212,211.96527777777374,640,,,,,,,
34,65,64.9777777777781,0,0,72.24316666666665,0.8269251014047948,27.756833333333333,0.8269251014047967,0.8553934259259262,2.1704076820005422,5.741078384646595,0.00613278531785129,1.3694945873088168e-05,0.6179632983473766,0,0.23743012757854945,450,,86.80000000000001,86.8041666666686,0.0007854844173441735,0.004756808539756399,,575.718245,120.5,120.47083333333285,0.0009580623306233063,0.0009580623306233063,,60.3537880001514,114.9,114.9111111111124,0.0010602472899728997,2.9642808266046258e-05,,70.070323,,,,,,,,,,,,,,,,,,,258,257.9548611111095,256,191,111,88,,273,273.01944444444234,5.032715761668453,2.5743727598549615,2.908192686527602,0.1105986773408305,0.09790349296359112,,218,217.9909722222219,1.508,14.965678842177809,14.009806451612905,3.1137155115037736,,,,,,180.9,0,0,0,0,,159.9,80.97664779300888,0,0.006742435286678508,0,,162.5,326.10028200546327,0.22050778913313399,0.02715239650336913,1.8360348803758033e-05,,145.9,95.45590418412377,0,0.007948035319244278,0,,78.9,78.85624999999709,650,,299.8,299.8312500000029,0.014809160305343511,306.90000000000003,306.8847222222248,0.015783910745742806,,,,,208.9,208.91319444444525,530,208.9,208.91319444444525,496,215.9,215.878472222219,762,,,,,,,
35,72.2,72.15000000000146,0.36833887159730255,0.1096296188688683,77.50533183227921,0.24019968775999867,22.1264232960907,0.33613146733582366,0.8488182513554042,2.310600827821894,6.111911867141784,0.006528920326719342,1.3130233394413823e-05,0.6578794023659559,0.003126527568954451,0.18781311930937186,450,,86.80000000000001,86.84583333333285,0.0007658367208672086,0.004754345148487752,,574.2080050000001,124.9,124.90555555555329,0.00033495934959349593,0.00033495934959349593,,31.259932,117.9,117.89166666666279,0.0009118563685636856,1.368550704803613e-15,,57.4430120001514,,,,,,,,,,,,,,,,,,,265,265.03888888889196,231,169,132,96,,279,278.97916666666424,4.471289264410429,2.8445705600826288,2.986038920494282,0.10009321836402316,0.09535114236725752,,237.20000000000002,237.17152777777665,1.583,15.70999310820124,14.706580645161292,3.2685753678451417,,,,,,184,0,0,0,0,,162.9,66.30748654467777,0,0.005521023026201314,0,,166.5,260.89746541471135,0,0.021723352657344826,0,,148.8,106.61171447342578,0,0.008876912112691572,0,,78.9,78.88541666666424,650,,306.90000000000003,306.8847222222248,0.013963593658250145,,,,,,,,212,211.96527777777374,548,212,211.96527777777374,520,236.9,236.9111111111124,570,,,,,,,
36,73.10000000000001,73.10833333332994,5.994833333333333,5.1916794607654015,67.77313333333335,3.0280767598152742,26.232033333333334,8.21461692005983,0.9784650000049494,2.329064390891782,6.160750969455681,0.006581091662754173,1.3061662832768833e-05,0.6631363890733545,0.05865734597529671,0.25667126495629833,450,,86.9,86.88749999999709,0.0007931910569105691,0.005118584918571233,,616.22632,127.9,127.9111111111124,0.0005733062330623306,0.0005733062330623306,,38.126408,120.5,120.47083333333285,0.0012544376693766938,1.368550704803613e-15,,79.0241540001514,,,,,,,,,,,,,,,,,,,273,273.01944444444234,198,146,94,60,,286.1,286.0500000000029,7.2723113784064655,3.3056347396452157,2.9327797930531183,0.08613239049296191,0.09708271411874984,,251.10000000000002,251.0791666666628,1.663,16.503928325292904,15.449806451612906,3.433759214609268,,,,,,187.8,0,0,0,0,,166.9,48.130293762734645,0,0.00400751821504868,0,,173.5,,0,,0,,154,237.61576225937293,6.621502837787807,0.019784826166475682,0.0005513324594327899,,79,79.0229166666686,650,,,,,,,,,,,,215.9,215.878472222219,460,215.9,215.878472222219,440,240,240.0402777777781,820,,,,,,,
37,76,76.0048611111124,8.587433333333331,0.1770091617214584,73.17540000000001,0.1407111935845875,18.237166666666667,0.31757094220557053,0.5597773195867234,1.4386628817372757,3.805495364595375,0.004065139776101193,7.760711260954371e-06,0.4096192927168632,0.04807050413463014,0.10208752273523006,450,,86.9,86.9291666666686,0.0007611788617886178,0.004953742986177638,,595.97356,131.9,131.8756944444467,0.0002752879403794038,0.0002752879403794038,,18.686383,124.9,124.90555555555329,0.0001461890243902439,4.397153414534008e-05,,14.073758999999999,,,,,,,,,,,,,,,,,,,279,278.97916666666424,213,169,130,94,,293,292.9944444444409,15.781675830949196,2.8079114617550007,2.728304796339873,0.10140000000009444,0.1043586561898026,,259.1,259.0708333333314,1.83,18.161268090971745,17.001290322580648,3.7785804947293804,,,,,,191,4.301548174979287,0,0.00035816387801659345,0,,173.9,69.17380859360556,0,0.005759684312540013,0,,176.5,227.2433984746831,0,0.01892118222103939,0,,155.8,168.01956213659327,0,0.013989971868159305,0,,79.10000000000001,79.0854166666686,650,,,,,,,,,,,,236.9,236.9111111111124,516,236.9,236.9111111111124,572,243.9,243.8833333333314,1110,,,,,,,
38,76.9,76.90555555555329,19.306700000000003,1.4788816822180195,60.32913333333334,0.24600344171034086,20.364166666666666,1.3604030370935416,1.9032721665456815,4.0327993863274525,10.667404828350039,0.011395229141242288,2.1499717887089122e-05,1.1482276030515663,0.3674590473784751,0.3875855161156402,900,,87,86.97083333333285,0.0007406842818428185,0.004741549199397838,,571.2079200000001,135,135.02430555555475,0.0006775067750677507,0.0006775067750677507,,42.6800000001514,127.9,127.9111111111124,9.940718157181572e-05,1.368550704803613e-15,,6.262223000151399,,,,,,,,,,,,,,,,,,,286.1,286.0500000000029,351,273,139,108,,299.90000000000003,299.9159722222248,5.191842037234241,2.684793177759137,2.7797196301893266,0.10604996488402346,0.10242839570220605,,273.2,273.22499999999854,2.103,20.87057201929704,19.537548387096773,4.342270371811959,,,,,,194.9,0,0,0,0,,176.9,78.9918551502793,0,0.006577173617841741,0,,180.5,240.75796787283062,5.610188086394024,0.02004645860722986,0.0004671264018646148,,159.9,207.26415992019705,14.28374866333579,0.01725763196671083,0.0011893212875383672,,79.80000000000001,79.8076388888876,650,,,,,,,,,,,,240,240.0402777777781,490,240,240.0402777777781,516,246.9,246.91805555555766,800,,,,,,,
39,79,78.95694444444234,16.252,1.4121238932898204,62.433033333333334,1.28524951014709,21.314966666666667,0.6239667005003835,0.8652391483515812,1.8972704051241092,5.018586232908934,0.005360998388014368,9.851962630699781e-06,0.5401950459033922,0.14061866639009898,0.18442543605809006,650,,87,87.01249999999709,0.000800220189701897,0.005281579307513344,,634.700865,138.9,138.9020833333343,0.0002619410569105691,0.0002619410569105691,,18.280105,131.9,131.8756944444467,2.0799457994579946e-05,5.159436157109621e-06,,1.881054,,,,,,,,,,,,,,,,,,,293,292.9944444444409,1002,868,120,104,,306.90000000000003,306.93541666666715,4.651420618625359,2.692209749505482,2.8273108515994783,0.10575781559164227,0.10070425120080022,,274.90000000000003,274.9312499999942,2.313,22.95465196416265,21.48851612903226,4.77587796956779,,,,,,201.9,0.6777776788132899,0,5.643444453066527e-05,0,,180.9,69.94824986540793,0,0.005824167349326222,0,,183.5,230.8642365855645,0,0.019222667492553247,0,,162.9,255.6166541428311,15.632580477138237,0.021283651469011747,0.0013016303478050155,,79.9,79.8666666666686,900,,,,,,,,,,,,243.9,243.8833333333314,960,243.9,243.8833333333314,936,257.90000000000003,257.8708333333343,504,,,,,,,
40,82.9,82.86458333333576,3.6938666666666666,0.2932063153026096,75.59866666666666,0.5520429542466195,20.7075,0.267628828790921,0.8172403486690635,2.1699142491716947,5.739773175228352,0.006131391055550618,1.0736370188233237e-05,0.6178228070558297,0.030187768826036982,0.1692300452006463,900,,87.10000000000001,87.0541666666686,0.0007519478319783197,0.004384083755303135,,532.371795,141.9,141.92638888888905,9.857723577235773e-05,9.857723577235773e-05,,11.189485999999999,135,135.02430555555475,3.644986449864499e-05,1.368550704803613e-15,,2.2961840001514,,,,,,,,,,,,,,,,,,,299.90000000000003,299.9159722222248,482,391,234,179,,314,314.0229166666686,4.286522237845919,2.9621559633033607,2.8908927460447007,0.09611992945324305,0.09848937585518425,,278.90000000000003,278.91111111110513,2.103,20.87057201929704,19.537548387096773,4.342270371811959,,,,,,204.9,0,0,0,0,,184,62.72686540936062,0,0.00522288637879772,0,,187.5,179.35068786687268,23.276362882582863,0.014933446117141772,0.0019380818386830027,,166.9,225.11734933496976,0,0.018744158978765177,0,,80.10000000000001,80.09444444444671,900,,,,,,,,,,,,246.9,246.91805555555766,540,246.9,246.91805555555766,680,260.5,260.47083333333285,828,,,,,,,
41,86.2,86.15902777777956,1.5776333333333337,0.4812915782904714,79.69600000000001,0.3680860768896292,18.726333333333333,0.12993314947823523,0.7493384485667564,2.097457533552336,5.5481134758481145,0.005926654643393919,9.981050284996844e-06,0.5971927699697622,0.011821813144072007,0.14032361567343934,900,,87.10000000000001,87.09583333333285,0.0007997967479674798,0.004895100588476804,,591.9188300000001,145.9,145.90416666666715,0.0002505928184281843,0.0002505928184281843,,19.834701,138.9,138.9020833333343,9.127710027100271e-05,1.0236759271931025e-05,,6.882535,,,,,,,,,,,,,,,,,,,306.90000000000003,306.93541666666715,407,309,220,182,,321,321.01597222222335,3.8487294493749817,2.827566841989592,2.855261137415371,0.10069513406158066,0.09971845254054676,,282.1,282.08263888888905,2.775,27.539627842866988,25.780645161290327,5.729814684630618,,,,,,208.9,12.79653385127509,0,0.001065489912679025,0,,187.8,28.86393925458323,0,0.002403325499965298,0,,190.5,202.39334657147518,7.395294632022763,0.016852068823603263,0.0006157614181534357,,173.9,251.77154700127167,2.6939932027982305,0.020963492672878573,0.00022431250647778772,,82.9,82.85972222222335,900,,,,,,,,,,,,257.90000000000003,257.8708333333343,554,257.90000000000003,257.8708333333343,594,264.5,264.47083333333285,650,,,,,,,
42,90.10000000000001,90.09652777777956,0,0,82.47633333333333,0.21909154098991165,17.524266666666666,0.21852693960547137,0.775832998236333,2.2473785317535726,5.944678696896546,0.006350277036657234,1.0227088887283568e-05,0.6398786097353921,0,0.1359590434989303,900,,89.9,89.8611111111095,0.00035264227642276425,0.0034930203914055012,,408.64073,148.8,148.84166666666715,0.00022384823848238482,0.00022384823848238482,4.316,30.486919999999998,141.9,141.92638888888905,0.0016497459349593495,4.40536471876283e-05,,108.80043299999998,,,,,,,,,,,,,,,,,,,314,314.0229166666686,598,508,406,346,,328,328.01944444444234,4.841303147498178,2.88295543284115,2.88295543284115,0.09876053544873176,0.09876053544873177,,287,287.04097222221753,2.77,27.49000689179876,25.734193548387097,5.71949069420786,,,,,,212,20.4086245577195,0,0.0016993026276202747,0,,191,17.99587216199092,0,0.001498407340715314,0,,194.5,258.36224862564137,0,0.021512260501718682,0,,176.9,269.37040717901533,0.9560296237315837,0.022428843228893866,7.960279964459482e-05,,83,82.97986111111095,900,,,,,,,,,,,,260.5,260.47083333333285,620,260.5,260.47083333333285,634,267.90000000000003,267.92083333332994,576,,,,,,,
43,93.10000000000001,93.08611111110804,5.386466666666667,0.022293571569699747,80.5937,0.131812859767174,14.019866666666667,0.12400908568864408,0.9348519628354282,2.6461994448176656,6.999624337904793,0.0074772003609596335,1.1655248666261833e-05,0.7534317863716964,0.0503554893608094,0.13106499872024324,900,,90.9,90.8666666666686,0.00024796747967479677,0.0025236759271931026,,294.81005,155.5,155.47083333333285,0.0003576727642276423,0.0003576727642276423,1.123,36.84896500000001,145.9,145.90416666666715,0.0016052168021680217,1.368550704803613e-15,,101.1217240001514,,,,,,,,,,,,,,,,,,,321,321.01597222222335,562,,402,,,,,,3.1475061984538564,,,,,303.2,303.18541666666715,3.324,32.98800827015851,30.881032258064515,6.863388833049431,,,,,,215.9,10.90951526030992,0,0.000908369297278095,0,,194.9,24.147235404228425,0,0.0020105941219174376,0,,201.5,207.1756657146223,0,0.017250263589893615,0,,180.9,285.82864095399816,0,0.023799220728892435,0,,83.9,83.87569444444671,900,,,,,,,,,,,,264.5,264.47083333333285,488,264.5,264.47083333333285,620,272.90000000000003,272.9375,560,,,,,,,
44,97.2,97.15416666666715,6.257833333333333,0.07527345703057198,83.33576666666666,0.020084156276361287,10.4064,0.055196739034113186,0.511079003072276,1.4958846631585339,3.9568562057741867,0.004226827787008952,6.3127782671355236e-06,0.42591160548263807,0.031982472213924584,0.05318492537571333,900,,91.5,91.47083333333285,0.00042886178861788616,0.002271383604762557,,278.29502,159.5,159.47083333333285,9.685899390243903e-05,9.685899390243903e-05,1.93,19.300657411,148.8,148.84166666666715,0.0015355182926829268,1.368550704803613e-15,1e-10,96.73101900033319,,,,,,,,,,,,,,,,,,,328,328.01944444444234,684,584,393,332,,,,,0.7637649064852208,,,,,309.90000000000003,309.9048611111066,3.988,39.5776705720193,37.04980645161291,8.234414761191678,,,,,,240,0,0,0,0,,201.9,31.774149237743334,0,0.0026456410689211767,0,,204.5,256.071501398132,10.373457046333503,0.021321523846638803,0.0008637349747155289,,184,283.80088319681823,0,0.02363038161505564,0,,84.9,84.93055555555475,450,,,,,,,,,,,,267.90000000000003,267.92083333332994,504,267.90000000000003,267.92083333332994,620,275.90000000000003,275.93888888888614,808,,,,,,,
45,99.9,99.90277777777374,2.5033666666666665,0.054131722061406165,90.87766666666666,0.13328256950303582,6.618966666666668,0.12218651043930079,0.5669883527043194,1.809713977321015,4.786985359365265,0.005113595663002179,7.427048048174408e-06,0.5152657852094557,0.014193797425482362,0.03752877006938134,450,,92.9,92.86388888888905,0.0004518970189701897,0.002459080333926372,,300.51065,162.5,162.47083333333285,0.00015506436314363144,0.00015506436314363144,3.518,27.594808999999998,155.5,155.47083333333285,0.00016178861788617886,1.368550704803613e-15,1e-10,10.1919840003332,,,,,,,,,,,,,,,,,,,,,,,,,,,,,,,,,,314.1,314.12291666666715,3.947,39.170778773259826,36.66890322580645,8.149758039725063,,,,,,243.9,0,0,0,0,,204.9,18.713040153732045,0,0.001558121578162535,0,,208.5,228.39810380592306,0,0.01901732754420675,0,,187.8,196.4606241999675,32.31504041204161,0.01635808694421045,0.002690677802834439,,85.9,85.8576388888905,450,,,,,,,,,,,,272.90000000000003,272.9375,310,272.90000000000003,272.9375,535,278.90000000000003,278.91249999999854,716,,,,,,,
46,103.9,103.89166666666279,4.5391,0.10568959267591127,86.88686666666668,0.09996581082217279,8.574033333333333,0.028132780405308835,0.41343584148043017,1.2616558185575866,3.3372831329587767,0.003564981982140664,4.979021919710882e-06,0.3592214483393128,0.018766266280638207,0.03544812686047924,450,,93.9,93.87777777777956,0.0008121612466124662,0.0023274257561242645,,308.64106,166.5,166.47083333333285,0.00011068795731707317,0.00011068795731707317,1e-10,14.603008303181799,159.5,159.47083333333285,0.001827393292682927,2.0820993567811687e-05,1.88,120.83910756,,,,,,,,,,,,,,,,,,,,,,,,,,,,,,,,,,,,,,,,,,,,,246.9,10.226119364994949,0,0.0008514670578680224,0,,208.9,23.58800122405004,0,0.001964030076940053,0,,211.5,208.88775770690677,0,0.017392819126303645,0,,191,180.23955507348975,1.5271913887825483,0.015007456708866758,0.00012715998241320136,,85.9,85.86041666666279,450,,,,,,,,,,,,275.90000000000003,275.93888888888614,508,275.90000000000003,275.93888888888614,452,281.90000000000003,281.8874999999971,820,,,,,,,
47,106.9,106.9458333333314,1.1945,0.26552883082633577,90.85419999999999,0.2820702217533775,7.9513,0.0379714366333433,0.5094471032742331,1.6256338774348507,4.300063804827669,0.004593452031345891,6.232219329862945e-06,0.4628540901029783,0.006085345648610714,0.0405076675226441,450,,96.9,96.8569444444438,0.0004926321138211382,0.0002655672642671411,,60.412865,169.5,169.47083333333285,0.0003136338075880759,0.0003136338075880759,5.235982,47.052661076,162.5,162.47083333333285,0.0004425982384823848,3.224305460517312e-05,3.424,37.673593,,,,,,,,,,,,,,,,,,,,,,,,,,,,,,,,,,,,,,,,,,,,,257.90000000000003,29.418423401276275,0,0.0024494940384076833,0,,212,37.50334354026959,0,0.0031226763980241124,0,,215.5,211.36988629967647,1.3675152787112133,0.017599490949182055,0.00011386471929319011,,194.9,177.49689401825532,0,0.014779091924917179,0,,86.80000000000001,86.8041666666686,450,,,,,,,,,,,,278.90000000000003,278.91249999999854,700,278.90000000000003,278.91249999999854,644,285.90000000000003,285.93958333333285,630,,,,,,,
48,117.9,117.8923611111095,1.5917000000000001,0.24569983719978267,89.80786666666667,1.2492193255522945,8.600466666666668,1.0067080725480122,0.45533763440924657,1.4362384937914898,3.7990824674484576,0.004058289334627918,4.994876486522589e-06,0.40892901559341027,0.007247609126891978,0.039161161468155785,450,,98,97.9638888888876,0.0005201558265582656,0.0002594087860955248,,61.46544,173.5,173.47083333333285,0.0001601266598915989,0.0001601266598915989,0.869178,30.01642185,166.5,166.47083333333285,0.0024633638211382118,1.00818803886684e-05,1e-10,156.29661706218184,,,,,,,,,,,,,,,,,,,,,,,,,,,,,,,,,,,,,,,,,,,,,260.90000000000003,0,0,0,0,,215.9,32.9429938150499,0,0.002742963681519559,0,,239.5,212.89259987741661,8.062701496622925,0.01772627809137524,0.0006713323477621087,,201.9,198.53621972310364,0,0.0165309092192426,0,,86.80000000000001,86.84583333333285,450,,,,,,,,,,,,281.90000000000003,281.8874999999971,634,281.90000000000003,281.8874999999971,500,288.90000000000003,288.91319444444525,498,,,,,,,
49,118.9,118.9416666666657,1.0362666666666667,0.09585532501292425,91.91146666666667,1.5592378822146868,7.0523,1.4781335223855767,0.30200172071457204,0.9748947893877085,2.5787539590255513,0.0027546992670500372,3.3605285250385793e-06,0.27757421086733364,0.003129543164524872,0.021298067349953764,450,,98.9,98.90902777777956,0.00013795731707317072,0,,8.690714999999999,176.5,176.47083333333285,0.0003193116531165312,0.0003193116531165312,0.905291,49.295343918,169.5,169.47083333333285,0.00014767425474254743,2.401621732585192e-05,2.07579,15.733491926000001,,,,,,,,,,,,,,,,,,,,,,,,,,,,,,,,,,,,,,,,,,,,,264.8,4.048964158077541,0,0.0003371327358932174,0,,240,30.863817959665976,0,0.0025698432938939197,0,,243.5,222.3764468690544,14.83915871755096,0.018515940621902947,0.001235566920695334,,204.9,184.63616505159277,0,0.015373535807792903,0,,86.9,86.88749999999709,450,,,,,,,,,,,,285.90000000000003,285.93958333333285,500,285.90000000000003,285.93958333333285,642,292.90000000000003,292.88263888889196,628,,,,,,,
50,122,121.99930555555329,0.6943333333333334,0.17359220412602946,95.20106666666668,0.1273551072133932,4.1046000000000005,0.12855492989380038,0.2846670539987536,0.9518262035896605,2.5177338288500697,0.002689515806145836,3.198778400374239e-06,0.27100607185538944,0.001976538244931346,0.011684443898432841,450,,99.9,99.8972222222219,5.2930216802168025e-05,0,,3.3343749999999996,180.5,180.47083333333285,0.00017411568428184283,0.00017411568428184283,0.450164,33.947019002,176.5,176.47083333333285,4.630885840108401e-05,1.368550704803613e-15,1e-10,2.9172580253331994,,,,,,,,,,,,,,,,,,,,,,,,,,,,,,,,,,,,,,,,,,,,,267.90000000000003,26.693857690234807,0,0.0022226359442327065,0,,243.9,32.88329342535918,0,0.00273799279145372,0,,246.5,212.11857445571525,0,0.017661829679909678,0,,208.9,145.82343646855014,0,0.01214183484334306,0,,86.9,86.9291666666686,450,,,,,,,,,,,,288.90000000000003,288.91319444444525,560,288.90000000000003,288.91319444444525,426,295.90000000000003,295.85972222222335,726,,,,,,,
51,124.9,124.90694444444671,0.7542,0.1253923841387505,96.40923333333335,1.0024383788210272,2.8365666666666667,1.0461517114325865,0.29854506098972833,1.0108975766214892,2.673987138160068,0.0028564300924521745,3.318214277502787e-06,0.2878250044547295,0.002251626849984531,0.008468429685014304,450,,100.9,100.90069444444089,5.5640243902439026e-05,0.00015991514985630217,,21.196185000000003,187.5,187.47083333333285,0.00012174898373983741,0.00012174898373983741,1e-10,20.069241292181797,180.5,180.47083333333285,0.001028845189701897,1.368550704803613e-15,1e-10,64.8128023403332,,,,,,,,,,,,,,,,,,,,,,,,,,,,,,,,,,,,,,,,,,,,,272.90000000000003,0,0,0,0,,246.9,29.652181226601733,0,0.0024689576375188788,0,,257.5,164.4851078033341,0,0.01369567925090209,0,,212,181.57563064799982,0,0.015118703634304731,0,,87,86.97083333333285,450,,,,,,,,,,,,292.90000000000003,292.88263888889196,518,292.90000000000003,292.88263888889196,624,299.8,299.8312500000029,890,,,,,,,
52,127.9,127.9152777777781,3.948933333333333,0.05903976061378768,95.32639999999999,0.10041717980505489,0.7066333333333333,0.12267111857863425,0.23722758541104874,0.7942496206101469,2.1009183512913565,0.0022442615055145434,2.5457658389788683e-06,0.22614051697927795,0.009367959196158708,0.001676329194376274,450,,103.5,103.47083333333285,0.0035348915989159894,0.0014627754208293416,,384.50679,190.5,190.47083333333285,0.00011793506097560976,0.00011793506097560976,1e-10,13.915800796181799,187.5,187.47083333333285,0.0005976636178861789,1.368550704803613e-15,1e-10,37.6502260203332,,,,,,,,,,,,,,,,,,,,,,,,,,,,,,,,,,,,,,,,,,,,,285.90000000000003,24.662643810186744,0,0.0020535090599655905,0,,257.90000000000003,26.376414490263027,0,0.0021962043705464635,0,,260.5,209.3909970718771,0,0.01743472082197145,0,,215.9,152.83632789766253,0,0.012725755861587222,0,,87,87.01249999999709,450,,,,,,,,,,,,295.90000000000003,295.85972222222335,618,295.90000000000003,295.85972222222335,620,302.90000000000003,302.8833333333314,736,,,,,,,
53,131.9,131.8840277777781,11.797166666666667,0.385371824778789,87.19423333333333,0.532777686594825,1.0085666666666666,0.911249199359502,0.29951034906156815,0.9172299604152289,2.4262211856144766,0.002591759364371081,2.851477090189454e-06,0.2611557526182249,0.035333735062708295,0.003020761543851956,450,,104.9,104.94305555555184,0.003336212737127371,0.0010709593540440673,,328.64506,194.5,194.47083333333285,0.00010036465108401085,0.00010036465108401085,1e-10,6.9790825151818,190.5,190.47083333333285,0.0019286873306233062,1.368550704803613e-15,1e-10,121.4989699003332,,,,,,,,,,,,,,,,,,,,,,,,,,,,,,,,,,,,,,,,,,,,,288.90000000000003,10.673489987968837,0,0.0008887169015794203,0,,260.90000000000003,24.285337343733996,0,0.0020220930344491254,0,,264.5,202.60854096687984,0,0.01686998675827476,0,,236.9,173.88130355638566,0,0.014478043593370996,0,,87.10000000000001,87.0541666666686,450,,,,,,,,,,,,299.8,299.8312500000029,584,299.8,299.8312500000029,722,306.90000000000003,306.8847222222248,630,,,,,,,
54,135,135.03125,6.362466666666666,0.4544566462637924,92.99270000000001,0.9173672710534234,0.6448333333333334,1.1168840957473312,0.2869196452328459,0.93710397049444,2.4787911477594866,0.002647916112355068,2.8453608176086677e-06,0.2668143249324447,0.018255166788058077,0.0018501535123431347,450,,105.9,105.8666666666686,0.0032085027100271003,0.001082934172711099,,321.92463,201.5,201.47083333333285,5.9679437669376695e-05,5.9679437669376695e-05,1e-10,14.2602071561818,194.5,194.47083333333285,0.000577739837398374,1.368550704803613e-15,1e-10,36.3951139203332,,,,,,,,,,,,,,,,,,,,,,,,,,,,,,,,,,,,,,,,,,,,,292.90000000000003,0,0,0,0,,264.8,0,0,0,0,,267.5,175.87533106361366,0,0.014644074193473244,0,,240,184.34091689941474,0,0.015348952281383409,0,,87.10000000000001,87.09583333333285,450,,,,,,,,,,,,302.90000000000003,302.8833333333314,680,302.90000000000003,302.8833333333314,552,309.90000000000003,309.89097222222335,904,,,,,,,
55,138.9,138.90625,1.5241,0.22941758868927314,97.35076666666667,0.9227146543397594,1.1251,0.8031425527264756,0.2853438274932612,0.9756330276317289,2.58070671825167,0.002756785260709916,2.8797087339771164e-06,0.27778440370070057,0.004348925274824794,0.003210403403126682,450,,106.9,106.93541666666715,0,0,,0,204.5,204.47083333333285,5.588642783321424e-05,5.588642783321424e-05,1e-10,5.599560562303394,201.5,201.47083333333285,0.0019251287262872629,9.64913097030245e-06,1e-10,122.3422570681818,,,,,,,,,,,,,,,,,,,,,,,,,,,,,,,,,,,,,,,,,,,,,295.90000000000003,11.085639541480058,0,0.0009230341000399715,0,,267.90000000000003,24.79254225161757,0,0.0020643249168707384,0,,272.5,96.44832878140684,52.97359044677715,0.008030668508027214,0.004410790212054717,,243.9,190.50828026094976,14.082551126760697,0.015862471295666092,0.0011725687865745793,,89.9,89.8611111111095,450,,,,,,,,,,,,306.90000000000003,306.8847222222248,558,306.90000000000003,306.8847222222248,614,316.90000000000003,316.8979166666686,870,,,,,,,
56,141.9,141.9229166666628,0.9917333333333332,0.06328067108788694,98.26696666666668,0.5857588013280978,0.7413,0.648793749969896,0.26243021266793065,0.9057326386149936,2.3958089150461124,0.002559272100841815,2.6165639105652363e-06,0.2578822096056579,0.002602607895765424,0.00194539516650737,450,,107.9,107.87361111111386,0.001417682926829268,0.0003941426029834405,,132.91109999999998,208.5,208.47083333333285,9.214780775404668e-05,9.214780775404668e-05,1e-10,7.913277552433047,204.5,204.47083333333285,8.304910401632108e-05,4.952103729192764e-06,1e-10,5.779576013391741,,,,,,,,,,,,,,,,,,,,,,,,,,,,,,,,,,,,,,,,,,,,,299.8,0,0,0,0,,272.90000000000003,0,0,0,0,,285.5,175.25551975142375,0,0.014592466257404142,0,,246.9,185.79900302046127,3.51229446221619,0.015470358286466384,0.00029244749893556955,,90.9,90.8666666666686,450,,,,,,,,,,,,309.90000000000003,309.89097222222335,588,309.90000000000003,309.89097222222335,436,320.90000000000003,320.88194444444525,740,,,,,,,
57,145.9,145.90625,0.9671333333333333,0.13021460491562933,97.371,0.4478995088186683,1.6468333333333334,0.4197605547610837,0.28469639734144964,0.9736216825358386,2.5753863860625406,0.0027511019285988546,2.7358998661105595e-06,0.2772117290553429,0.002753393757488273,0.004688475170218106,450,,107.9,107.87361111111386,0.0014819783197831976,0.000407184891200219,,138.404274,211.5,211.47083333333285,5.3725000000000005e-05,5.3725000000000005e-05,1e-10,3.9254299301818,208.5,208.47083333333285,3.796971863729012e-05,1.368550704803613e-15,1e-10,2.391928245297964,,,,,,,,,,,,,,,,,,,,,,,,,,,,,,,,,,,,,,,,,,,,,,,,,,,285.90000000000003,24.374440900725176,0,0.0020295121482702063,0,,288.5,145.35356085651034,0,0.012102711145421344,0,,257.90000000000003,172.90505538633556,7.049943892883062,0.014396757317763161,0.0005870061526130776,,90.9,90.89444444444234,450,,,,,,,,,,,,316.90000000000003,316.8979166666686,840,316.90000000000003,316.8979166666686,848,323.90000000000003,323.9381944444467,888,,,,,,,
58,147.20000000000002,147.15625,33.984766666666665,0.20157733834271294,65.9384,0.11924516761697276,0.07686666666666668,0.08398097006663673,0.9591102222222213,2.2211892343133637,5.8754037810869635,0.006276275575937142,6.188575653894951e-06,0.6324219347697771,0.3259513710983701,0.000737236057481481,450,,111.9,111.8659722222219,0.0027824186991869918,0.0009608868208567128,,281.581326,236.5,236.47083333333285,4.605990853658537e-05,4.605990853658537e-05,1.333286,7.834034292999999,211.5,211.47083333333285,0.0018803963414634147,1.0208485014369781e-05,1e-10,119.5861902761818,,,,,,,,,,,,,,,,,,,,,,,,,,,,,,,,,,,,,,,,,,,,,,,,,,,288.90000000000003,26.628786592702333,0,0.002217217867835332,0,,292.5,193.8505510583762,0,0.016140761953236986,0,,260.90000000000003,181.36219471404712,0,0.015100932116073865,0,,91.9,91.87291666666715,450,,,,,,,,,,,,320.90000000000003,320.88194444444525,690,320.90000000000003,320.88194444444525,636,327.90000000000003,327.90625,830,,,,,,,
59,148.20000000000002,148.18958333333285,80.25423333333333,0.29714618175795476,19.74576666666667,0.2971461817579583,0,0,0.8335382392477021,0.5780669823194682,1.5290804048450448,0.0016334077377738246,1.5993530545116996e-06,0.164588515799293,0.6689497234484091,0,450,,112.9,112.85972222222335,0.0030502032520325203,0.0007002600246339127,,269.61798,239.5,239.47083333333285,5.532200203252033e-05,5.532200203252033e-05,1e-10,3.4850471373331997,236.5,236.47083333333285,1.6937669376693768e-15,1.368550704803613e-15,1e-10,4.399e-10,,,,,,,,,,,,,,,,,,,,,,,,,,,,,,,,,,,,,,,,,,,,,,,,,,,292.90000000000003,0,0,0,0,,295.5,185.95629268397647,0,0.015483454844627516,0,,264.8,166.6334205352202,0,0.013874556247728577,0,,92.9,92.86388888888905,450,,,,,,,,,,,,323.90000000000003,323.9381944444467,598,323.90000000000003,323.9381944444467,606,330.90000000000003,330.87708333333285,900,,,,,,,
60,148.8,148.847222222219,89.4876,0.4999546079395624,10.5124,0.49995460793956004,0,0,0.3566780645176486,0.13169124826894812,0.3483445921952822,0.000372111728396063,3.6274383212647505e-07,0.03749542485435329,0.3191826396632953,0,450,,113.9,113.86388888888905,0.0022294376693766937,0.0004045983303681401,,185.204838,243.5,243.47083333333285,5.3855461621309034e-05,5.3855461621309034e-05,1e-10,3.3926614268814648,239.5,239.47083333333285,0.0023480199864498647,1.2170685643903107e-05,1e-10,149.26153406818182,,,,,,,,,,,,,,,,,,,,,,,,,,,,,,,,,,,,,,,,,,,,,,,,,,,295.90000000000003,25.6172130253452,0,0.002132990260228576,0,,299.5,192.35834426881024,0,0.016016514926628662,0,,267.90000000000003,189.90081756294663,0,0.015811891553950592,0,,93.9,93.87777777777956,450,,,,,,,,,,,,327.90000000000003,327.90625,532,327.90000000000003,327.90625,594,,,,,,,,,,
61,154.9,154.9013888888876,24.03746666666667,1.0689630925964346,71.6158,0.23926706835667808,4.3467666666666664,0.8669714547396201,0.35181614583388343,0.8849184492928469,2.3407520271617246,0.002500458747140367,2.342242163305065e-06,0.25195594736810223,0.08456768878277113,0.015292626955058633,450,,114.9,114.90763888888614,0.0023369241192411926,0.0005781579307513343,,211.176568,246.5,246.47083333333285,1.6937669376693768e-15,1.6937669376693768e-15,1e-10,0.9120569491964999,243.5,243.47083333333285,7.877163781266849e-05,1.368550704803613e-15,1e-10,4.962272889055964,,,,,,,,,,,,,,,,,,,,,,,,,,,,,,,,,,,,,,,,,,,,,,,,,,,299.8,21.338372893992737,0,0.0017767171435464394,0,,323.5,221.9024055594289,55.29503563989168,0.01847647007155944,0.0046040829009068845,,272.90000000000003,99.88782979811037,55.18689363024721,0.008317054937394703,0.004595078570378619,,96.9,96.8569444444438,450,,,,,,,,,,,,330.90000000000003,330.87708333333285,680,330.90000000000003,330.87708333333285,698,,,,,,,,,,
62,155.8,155.83750000000146,25.34283333333333,0.8467287188547059,71.58923333333333,0.428320468029878,3.0679,0.5378637280947655,0.4406692942929848,1.1079984093181752,2.9308345020674316,0.003130801845764658,2.915083646878624e-06,0.3154717693197582,0.1116780848038473,0.013519293279614479,450,,117.9,117.88263888889196,0.0029889227642276423,0.00025008895579581227,,215.95605799999998,257.5,257.47083333333285,4.9826164363143633e-05,4.9826164363143633e-05,1e-10,3.1388331061811994,246.5,246.47083333333285,0.002075396464902156,9.037265430409196e-06,1e-10,131.74078599557927,,,,,,,,,,,,,,,,,,,,,,,,,,,,,,,,,,,,,,,,,,,,,,,,,,,,,,,,,327.5,319.7048722828456,139.95335911737055,0.02661988944902961,0.011653069035584558,,285.90000000000003,166.1451905734326,0,0.013833904294207543,0,,97.10000000000001,97.06041666666715,450,,,,,,,,,,,,,,,,,,,,,,,,,,,
63,156.9,156.9423611111124,22.568866666666665,1.0847023754621963,74.7306,1.042669415490836,2.7005666666666666,1.4693276364832095,0.2783000000000389,0.7304496929561998,1.9321572523357537,0.002063986037987883,1.9082443515681036e-06,0.20797525980002907,0.0628091559333421,0.007515677033334384,450,,118.5,118.47083333333285,0.002318733062330623,9.369098125085534e-05,,156.43501,260.5,260.47083333333285,4.877043689024391e-05,4.877043689024391e-05,1e-10,3.0723268361311997,257.5,257.47083333333285,1.6937669376693768e-15,1.368550704803613e-15,1e-10,4.399e-10,,,,,,,,,,,,,,,,,,,,,,,,,,,,,,,,,,,,,,,,,,,,,,,,,,,,,,,,,,,,,,,288.90000000000003,177.66889429894013,0,0.014793413347122409,0,,97.10000000000001,97.0625,450,,,,,,,,,,,,,,,,,,,,,,,,,,,
64,159.9,159.92569444444234,18.477833333333333,1.1340098823790445,79.9267,0.382656124999983,1.5954666666666668,1.505383885702691,0.28821360766925663,0.8090679531897965,2.1401152310181715,0.002286132741611417,2.0741999086522912e-06,0.23035962556098372,0.05325563006911246,0.004598352039160434,450,,119.5,119.47083333333285,0.0017609078590785907,0,,110.929588,264.5,264.47083333333285,5.191515530149052e-05,5.191515530149052e-05,0.471918042,5.072980671005,260.5,260.47083333333285,2.3864654996612463e-05,1.368550704803613e-15,1e-10,1.5033701698101998,,,,,,,,,,,,,,,,,,,,,,,,,,,,,,,,,,,,,,,,,,,,,,,,,,,,,,,,,,,,,,,292.90000000000003,180.68183650743944,0,0.015044282806614441,0,,98,97.9638888888876,450,,,,,,,,,,,,,,,,,,,,,,,,,,,
65,161,161.01597222222335,8.224333333333334,0.37224930266332756,90.00126666666667,0.23210127818117474,1.7744,0.20217190704942173,0.3585597452218669,1.1334145608226642,2.99806432217608,0.00320261867634247,2.886048902626535e-06,0.32270831245645304,0.029489148646197075,0.006362284119216807,450,,120.5,120.47083333333285,0.0009867886178861788,0,,62.163419999999995,267.5,267.47083333333285,4.300723490853659e-05,4.300723490853659e-05,1e-10,2.7092700083162,264.5,264.47083333333285,0.0020963332774390246,1.3046562228000547e-05,0.460432362,134.34032117824398,,,,,,,,,,,,,,,,,,,,,,,,,,,,,,,,,,,,,,,,,,,,,,,,,,,,,,,,,,,,,,,295.90000000000003,192.57587567178498,0,0.016034627449773936,0,,98,97.97499999999854,450,,,,,,,,,,,,,,,,,,,,,,,,,,,
66,161.9,161.91388888889196,5.1938666666666675,0.238953224153459,91.20056666666669,0.7002861510363719,3.605566666666667,0.9380711291439086,0.2931815158539676,0.9391019841508977,2.484076216141084,0.0026535617746510547,2.3780036175036435e-06,0.2673832038207417,0.015227457024767275,0.010570855008458706,450,,121.5,121.47083333333285,0.0008795392953929538,1.5820446147529766e-05,,57.15735999999999,272.5,272.47083333333285,3.154517271341463e-05,3.154517271341463e-05,1e-10,1.9872096061321998,267.5,267.47083333333285,1.6937669376693768e-15,1.368550704803613e-15,1e-10,4.399e-10,,,,,,,,,,,,,,,,,,,,,,,,,,,,,,,,,,,,,,,,,,,,,,,,,,,,,,,,,,,,,,,299.8,199.52038737886454,0,0.01661285490248664,0,,98.9,98.90902777777956,450,,,,,,,,,,,,,,,,,,,,,,,,,,,
67,162.9,162.9458333333314,2.5143999999999997,0.2324958279195564,93.71383333333331,0.6158688523811937,3.7717666666666667,0.5180011325598953,0.27917596741480943,0.9188833199174707,2.4305945881687943,0.002596431158967354,2.3120699281427924e-06,0.2616265008098354,0.007019600524677968,0.010529866080295977,450,,124.9,124.90555555555329,0.0003729674796747967,9.681127685780759e-05,,34.205376,275.5,275.47083333333285,3.234385614837398e-05,3.234385614837398e-05,1e-10,2.0375232122221996,272.5,272.47083333333285,1.6937669376693768e-15,1.368550704803613e-15,1e-10,4.399e-10,,,,,,,,,,,,,,,,,,,,,,,,,,,,,,,,,,,,,,,,,,,,,,,,,,,,,,,,,,,,,,,323.90000000000003,266.9376209623949,46.22991737201394,0.022226279846993744,0.0038492853765207274,,99.10000000000001,99.11875000000146,450,,,,,,,,,,,,,,,,,,,,,,,,,,,
68,163.9,163.9145833333314,1.8381333333333334,0.27673701113753,94.1474,0.5301816009632916,4.0145,0.2786872978806173,0.30570379928315466,1.0108525301606943,2.6738679830057075,0.002856302807483698,2.5284482255192237e-06,0.28781217872630876,0.0056192434358900934,0.012272479022222244,450,,125.5,125.47083333333285,0.000661111111111111,0.00010214862460654168,,52.94764,278.5,278.47083333333285,4.002245435298103e-05,4.002245435298103e-05,1e-10,2.5212417275681993,275.5,275.47083333333285,0.0001263297689193767,1.368550704803613e-15,1e-10,7.9582296976522,,,,,,,,,,,,,,,,,,,,,,,,,,,,,,,,,,,,,,,,,,,,,,,,,,,,,,,,,,,,,,,327.90000000000003,0,0,0,0,,99.9,99.8972222222219,450,,,,,,,,,,,,,,,,,,,,,,,,,,,
69,166.9,166.9201388888905,1.3388333333333333,0.02927632718312414,95.64643333333333,0.14220029301422707,3.0147,0.17145632096834446,0.2823945757993872,0.9486450954576363,2.509319284758909,0.002680527147743838,2.330123205783633e-06,0.27010033967891034,0.0037807927123274625,0.008513349276624126,450,,126.5,126.47083333333285,0.0008202913279132791,2.0884083755303134e-05,,53.985173999999994,281.5,281.47083333333285,4.603172623644987e-05,4.603172623644987e-05,1e-10,2.8997998961722,278.5,278.47083333333285,0.0010488662315379404,9.529849035171753e-06,1e-10,67.1283094334178,,,,,,,,,,,,,,,,,,,,,,,,,,,,,,,,,,,,,,,,,,,,,,,,,,,,,,,,,,,,,,,,,,,,,100.9,100.8972222222219,450,,,,,,,,,,,,,,,,,,,,,,,,,,,
70,168,167.9513888888905,9.792233333333334,0.21672227235181285,88.87406666666665,0.02303417750503176,1.3337333333333337,0.2301538905457235,0.620705723905724,1.9374898613893077,5.124973181739459,0.005474643991520442,4.729766442688592e-06,0.551646418867789,0.06078095279820427,0.008278559141638612,450,,127.9,127.9111111111124,0.0005643970189701898,2.154098809360887e-05,,37.93761,285.5,285.47083333333285,5.929878048780488e-05,5.929878048780488e-05,1.198,7.468408999999999,281.5,281.47083333333285,4.23866889397019e-05,1.368550704803613e-15,1e-10,2.6701782930382,,,,,,,,,,,,,,,,,,,,,,,,,,,,,,,,,,,,,,,,,,,,,,,,,,,,,,,,,,,,,,,,,,,,,103.9,103.8701388888876,450,,,,,,,,,,,,,,,,,,,,,,,,,,,
71,168.9,168.9159722222248,37.177033333333334,0.20297429229666805,62.65806666666666,0.07431516220350637,0.16493333333333335,0.24682776045925894,0.5249745860325863,1.1552976916660282,3.0559487327940102,0.003264452471282368,2.804187474704355e-06,0.32893892609935527,0.19516997684086326,0.0008658580838964123,450,,128.5,128.47083333333285,0.0004954776422764227,0,,31.212951,288.5,288.47083333333285,6.119579945799458e-05,6.119579945799458e-05,1.353,8.148279,285.5,285.47083333333285,2.140921409214092e-05,1.2275899822088409e-05,1.185,4.861076000000001,,,,,,,,,,,,,,,,,,,,,,,,,,,,,,,,,,,,,,,,,,,,,,,,,,,,,,,,,,,,,,,,,,,,,103.9,103.88263888889196,450,,,,,,,,,,,,,,,,,,,,,,,,,,,
72,170,169.96180555555475,49.45746666666667,0.9254505947555112,50.54253333333333,0.9254505947555112,0,0,0.5361002679187034,0.951659672006283,2.5172933259521026,0.002689045248260344,2.2956949901019922e-06,0.2709586566129,0.2651416113058034,0,450,,131.9,131.8756944444467,0.00031827574525745256,1.8379635965512523e-05,,22.083299,292.5,292.47083333333285,5.093157181571816e-05,5.093157181571816e-05,0.454,4.0338410001514,288.5,288.47083333333285,2.2544037940379404e-05,1.4725605583686877e-05,1.343,5.490815,,,,,,,,,,,,,,,,,,,,,,,,,,,,,,,,,,,,,,,,,,,,,,,,,,,,,,,,,,,,,,,,,,,,,104,104.04305555555766,450,,,,,,,,,,,,,,,,,,,,,,,,,,,
73,171,170.9548611111095,53.11936666666666,0.22354754155063275,46.88063333333334,0.22354754155063275,0,0,0.3137732631581501,0.5166400144362409,1.3665961672184435,0.0014598373943408595,1.2390545933712173e-06,0.14709889299920745,0.16667437015894263,0,450,,132.5,132.47083333333285,0.0004747289972899729,2.1801012727521555e-05,,32.317677999999994,299.5,299.47083333333285,9.083672086720868e-05,9.083672086720868e-05,2.066,12.442721,292.5,292.47083333333285,0.001683841463414634,1.368550704803613e-15,0.462,106.9146540001514,,,,,,,,,,,,,,,,,,,,,,,,,,,,,,,,,,,,,,,,,,,,,,,,,,,,,,,,,,,,,,,,,,,,,104.9,104.94305555555184,450,,,,,,,,,,,,,,,,,,,,,,,,,,,
74,173.9,173.93472222222044,29.873833333333334,0.22750367762595322,70.12616666666666,0.2275036776259564,0,0,0.31098350443305406,0.7659423592667621,2.02604107935079,0.0021642754465842347,1.8054840533689241e-06,0.2180808106245642,0.09290269380848985,0,450,,133.5,133.47083333333285,0.0006482723577235773,3.8743670452990284e-05,,45.124492,306.5,306.47083333333285,9.170054200542004e-05,9.170054200542004e-05,1.806,11.726199999999999,299.5,299.47083333333285,6.024728997289973e-05,2.3812782263582864e-05,2.041,10.140217,,,,,,,,,,,,,,,,,,,,,,,,,,,,,,,,,,,,,,,,,,,,,,,,,,,,,,,,,,,,,,,,,,,,,105.9,105.8666666666686,450,,,,,,,,,,,,,,,,,,,,,,,,,,,
75,174.9,174.93541666666715,14.595033333333333,0.161000010351967,84.62876666666666,0.39404611828227765,0.7761999999999999,0.27986580712906023,0.3466647467028978,1.0304011303122254,2.725577183406532,0.0029115400649759645,2.414973888523686e-06,0.2933780996027864,0.0505958353362035,0.0026908117639078927,450,,135,135.02430555555475,0.0006711043360433604,0,,42.276674,309.5,309.47083333333285,4.857723577235772e-05,4.857723577235772e-05,1e-10,3.0601560003331993,302.5,302.47083333333285,0.0004970189701897019,1.85986040782811e-05,1.492,36.08003,,,,,,,,,,,,,,,,,,,,,,,,,,,,,,,,,,,,,,,,,,,,,,,,,,,,,,,,,,,,,,,,,,,,,106.9,106.93541666666715,450,,,,,,,,,,,,,,,,,,,,,,,,,,,
76,175.9,175.9055555555533,12.393833333333333,0.1591095639279216,86.59793333333333,0.19537871770828302,1.0083,0.08166051677524452,0.3180091624919512,0.9672211757104564,2.5584560131695944,0.0027330164165491875,2.2543954384433753e-06,0.2753893625286716,0.03941352558398161,0.003206486385406344,450,,135.5,135.47083333333285,0.0006002201897018969,0,,37.811279,313.5,313.47083333333285,0.00014856029810298105,0.00014856029810298105,1e-10,9.358657000333201,306.5,306.47083333333285,0.0018470359078590786,1.368550704803613e-15,1e-10,116.3552830003332,,,,,,,,,,,,,,,,,,,,,,,,,,,,,,,,,,,,,,,,,,,,,,,,,,,,,,,,,,,,,,,,,,,,,107.9,107.87361111111386,450,,,,,,,,,,,,,,,,,,,,,,,,,,,
77,177,176.9506944444438,9.175733333333332,0.10905229632306342,88.06766666666665,0.7652756191943741,2.7566,0.8719738470848764,0.3142542531810246,0.9720224365251072,2.5711561224212516,0.002746583039112984,2.252204775044937e-06,0.2767563881772875,0.028835132260549,0.008662732743188125,450,,138.9,138.9020833333343,0.00028185975609756094,1.9926098261940606e-05,,19.960331,316.5,316.47083333333285,0.00010591124661246612,0.00010591124661246612,1e-10,6.6719510003332,309.5,309.47083333333285,0.00014806910569105692,1.368550704803613e-15,1e-10,9.3277140003332,,,,,,,,,,,,,,,,,,,,,,,,,,,,,,,,,,,,,,,,,,,,,,,,,,,,,,,,,,,,,,,,,,,,,111.9,111.8659722222219,450,,,,,,,,,,,,,,,,,,,,,,,,,,,
78,177.9,177.92569444444234,8.113190000000001,0.1263961522357388,88.7937,0.29412901930954843,3.094633333333333,0.18556751691320678,0.3292440170945095,1.0267830256630743,2.716006713044261,0.0029013166128315673,2.3660497256247187e-06,0.2923479448068475,0.02671219267051004,0.010188895101012388,450,,139.5,139.47083333333285,0.0002928861788617886,2.7562611194744763e-05,,21.49976,320.5,320.47083333333285,9.713753387533876e-05,9.713753387533876e-05,1e-10,6.1192450003332,313.5,313.47083333333285,0.0015313008130081302,8.266046257013822e-06,1e-10,97.3797920001818,,,,,,,,,,,,,,,,,,,,,,,,,,,,,,,,,,,,,,,,,,,,,,,,,,,,,,,,,,,,,,,,,,,,,112.10000000000001,112.07361111111095,450,,,,,,,,,,,,,,,,,,,,,,,,,,,
79,180.9,180.89583333333576,6.698566666666667,0.07183385924014732,88.33793333333334,0.2126148709129639,4.9635,0.28273056078181563,0.3014293952175415,0.9352150180484194,2.473794563870013,0.002642578617504149,2.119662738131135e-06,0.2662764981943416,0.02019144899157716,0.01496144803162267,450,,140.5,140.47083333333285,0.0002388211382113821,6.414397153414534e-05,,22.140818,323.5,323.47083333333285,0.00010697831978319782,0.00010697831978319782,1e-10,6.7391720003332,316.5,316.47083333333285,0.0006606029810298104,6.6922129464896674e-06,1e-10,42.3554800001818,,,,,,,,,,,,,,,,,,,,,,,,,,,,,,,,,,,,,,,,,,,,,,,,,,,,,,,,,,,,,,,,,,,,,112.2,112.16180555555184,450,,,,,,,,,,,,,,,,,,,,,,,,,,,
80,181.9,181.87361111111386,4.934033333333333,0.08129165598838144,91.96039999999999,0.12104003469927044,3.1055333333333337,0.1287138039735184,0.30351342329535314,0.9802963602126435,2.5930419850786057,0.002769962148085347,2.2098945813619655e-06,0.2791121581160999,0.01497545347653382,0.00942571053157829,450,,141.9,141.92638888888905,0.00021023035230352305,5.338716299438894e-05,,19.149718,327.5,327.47083333333285,5.792682926829268e-05,5.792682926829268e-05,1e-10,3.6491400003331993,320.5,320.47083333333285,0.0021297764227642276,9.593540440673326e-06,1e-10,135.2280280001818,,,,,,,,,,,,,,,,,,,,,,,,,,,,,,,,,,,,,,,,,,,,,,,,,,,,,,,,,,,,,,,,,,,,,112.9,112.85972222222335,450,,,,,,,,,,,,,,,,,,,,,,,,,,,
81,182.9,182.9013888888876,5.418566666666667,0.08611529093798236,91.56883333333333,0.07786079458451826,3.0125999999999995,0.14610092402171854,0.29703412162278986,0.9552843387110742,2.526881154009938,0.0026992872423951784,2.1414084455612165e-06,0.27199067977190305,0.01609499190287862,0.008948449948008166,450,,142.5,142.47083333333285,0.00018219850948509485,0,,11.477718999999999,330.5,330.47083333333285,0.00012300135501355013,0.00012300135501355013,1e-10,7.7485540003332,323.5,323.47083333333285,0.0003692073170731707,1.368550704803613e-15,1e-10,23.258466000333197,,,,,,,,,,,,,,,,,,,,,,,,,,,,,,,,,,,,,,,,,,,,,,,,,,,,,,,,,,,,,,,,,,,,,112.9,112.9111111111124,450,,,,,,,,,,,,,,,,,,,,,,,,,,,
82,184,183.9916666666686,4.044366666666667,0.057667350670317155,93.16433333333333,0.07145952234190703,2.7912999999999997,0.07633852238549031,0.2979679487170593,0.9749848494529996,2.5789921824240634,0.0027549537441470006,2.1726189860540367e-06,0.2775998529692568,0.012050916395263175,0.008317179352539275,450,,145.9,145.90416666666715,0.00022972560975609757,3.742986177637881e-05,,18.612511,,,,,,,327.5,327.47083333333285,0.0024241869918699187,1.368550704803613e-15,1e-10,152.7133080003332,,,,,,,,,,,,,,,,,,,,,,,,,,,,,,,,,,,,,,,,,,,,,,,,,,,,,,,,,,,,,,,,,,,,,113.9,113.86388888888905,450,,,,,,,,,,,,,,,,,,,,,,,,,,,
83,184.9,184.90833333333285,3.7964333333333333,0.13676934354354905,92.94696666666665,0.20101269445816364,3.2565666666666666,0.16902086656189322,0.3071893939402067,1.0028132730935624,2.652602851408778,0.002833586781311927,2.223552798062256e-06,0.2855232235891393,0.011662240548010655,0.010003827406592124,450,,146.5,146.47083333333285,0.0002998306233062331,7.613247570822499e-05,,27.310416,,,,,,,330.5,330.47083333333285,0.00030137195121951216,1.368550704803613e-15,1e-10,18.985131000333197,,,,,,,,,,,,,,,,,,,,,,,,,,,,,,,,,,,,,,,,,,,,,,,,,,,,,,,,,,,,,,,,,,,,,113.9,113.8979166666686,450,,,,,,,,,,,,,,,,,,,,,,,,,,,
84,187.8,187.82847222222335,3.2489000000000003,0.12495763282008834,94.0072,0.18488309819991366,2.7439,0.11292975692880951,0.31225386628581325,1.0309736777691056,2.727091663776344,0.002913157876535722,2.2504533145817746e-06,0.293541116587037,0.010144815861759788,0.00856793383701643,450,,147.5,147.47083333333285,0.0003166158536585366,8.211304228821678e-05,4.895017591646805e-05,36.870464999999996,,,,,,,,,,,,,,,,,,,,,,,,,,,,,,,,,,,,,,,,,,,,,,,,,,,,,,,,,,,,,,,,,,,,,,,,,,,,,,,,,114.9,114.90763888888614,450,,,,,,,,,,,,,,,,,,,,,,,,,,,
85,188.9,188.94930555555766,3.1720333333333333,0.0391640566506246,94.85446666666667,0.14200853260749327,1.9735333333333334,0.12355461680298852,0.3408986725660724,1.13569504765918,3.0040965776791215,0.0032090625054463392,2.464338083546705e-06,0.3233576177362943,0.010813419526686671,0.006727748935982295,450,,148.8,148.84166666666715,0.0002772527100271003,8.870945668537019e-05,5.243445692883895e-05,35.678631,,,,,,,,,,,,,,,,,,,,,,,,,,,,,,,,,,,,,,,,,,,,,,,,,,,,,,,,,,,,,,,,,,,,,,,,,,,,,,,,,117.9,117.88263888889196,450,,,,,,,,,,,,,,,,,,,,,,,,,,,
86,189.9,189.88055555555184,3.5070333333333337,0.09192150637001838,94.83229999999999,0.2308428253162729,1.6606666666666667,0.29792784920737686,0.30348214016770225,1.0108065726799231,2.6737464180565707,0.0028561729483030217,2.1825862768635194e-06,0.2877990936102559,0.010643219816394708,0.005039826741051642,450,,149.5,149.47083333333285,0.0002671578590785908,8.870945668537019e-05,7.240948813982522e-06,27.803423000000002,,,,,,,,,,,,,,,,,,,,,,,,,,,,,,,,,,,,,,,,,,,,,,,,,,,,,,,,,,,,,,,,,,,,,,,,,,,,,,,,,117.9,117.88680555555766,450,,,,,,,,,,,,,,,,,,,,,,,,,,,
87,190.9,190.9250000000029,2.9022,0.05056708415560468,95.47453333333333,0.606417350785199,1.6232666666666666,0.6065329119951643,0.3191892287213793,1.07032188844801,2.831174027507639,0.0030243416558489596,2.298452137036414e-06,0.3047444265720028,0.00926350979595187,0.005181292353424576,450,,153.8,153.847222222219,0,0,0,0,,,,,,,,,,,,,,,,,,,,,,,,,,,,,,,,,,,,,,,,,,,,,,,,,,,,,,,,,,,,,,,,,,,,,,,,,,,,,,,,,118.9,118.88611111111095,450,,,,,,,,,,,,,,,,,,,,,,,,,,,
88,191.9,191.8840277777781,3.0977333333333337,0.06028675918751415,95.5963,0.09028360870058365,1.3059666666666667,0.10318441419775247,0.29626780772112643,0.9947276333473565,2.6312150301446198,0.002810739694503212,2.125441780619364e-06,0.2832210622725112,0.00917758663571324,0.0038691588129020045,450,,154.5,154.47083333333285,0.0003007791327913279,0.00010365403038182564,6.923164226535013e-06,31.523801999999996,,,,,,,,,,,,,,,,,,,,,,,,,,,,,,,,,,,,,,,,,,,,,,,,,,,,,,,,,,,,,,,,,,,,,,,,,,,,,,,,,120.9,120.88958333332994,450,,,,,,,,,,,,,,,,,,,,,,,,,,,
89,194.9,194.9013888888876,2.2943666666666664,0.06666973326280314,96.3902,0.8086197932279404,1.3154333333333332,0.8312410621073366,0.3004432725595881,1.0171242309309614,2.6904576431077043,0.002874024360314915,2.1396509130031693e-06,0.28959787130673204,0.0068932702978496685,0.003952130955006341,450,,155.5,155.47083333333285,0.00029917005420054203,0.00011638155193649924,1.2870275791624105e-05,33.783089,,,,,,,,,,,,,,,,,,,,,,,,,,,,,,,,,,,,,,,,,,,,,,,,,,,,,,,,,,,,,,,,,,,,,,,,,,,,,,,,,121,120.98819444444234,450,,,,,,,,,,,,,,,,,,,,,,,,,,,
90,196,195.95208333332994,1.2428333333333332,0.24147600985052994,98.34559999999999,0.12579534967557066,0.4115666666666667,0.1345843353935862,0.28650277594241247,0.9896061916702402,2.6176679908696676,0.0027962683568904098,2.0706007901666718e-06,0.28176287401722117,0.003560752000337616,0.0011791499248536557,450,,156.5,156.47083333333285,0.00020096544715447154,0.00010845764335568632,5.4704346839178295e-06,25.534681000000003,,,,,,,,,,,,,,,,,,,,,,,,,,,,,,,,,,,,,,,,,,,,,,,,,,,,,,,,,,,,,,,,,,,,,,,,,,,,,,,,,122,121.9916666666686,450,,,,,,,,,,,,,,,,,,,,,,,,,,,
91,197,196.9645833333343,1.8589666666666667,0.06589312053115508,97.27433333333333,1.2187230708136014,0.8679000000000001,1.2333640014205054,0.2897132373101353,0.9897949586523586,2.618167309983658,0.002796801743952219,2.060349765321422e-06,0.28181662017185205,0.005385672510516313,0.002514421186614665,450,,159.5,159.47083333333285,0.00010562649051490515,8.979850827973176e-05,2.201793213029168e-05,20.115160174,,,,,,,,,,,,,,,,,,,,,,,,,,,,,,,,,,,,,,,,,,,,,,,,,,,,,,,,,,,,,,,,,,,,,,,,,,,,,,,,,124.9,124.90555555555329,450,,,,,,,,,,,,,,,,,,,,,,,,,,,
92,199.10000000000002,199.1256944444467,2.9034666666666666,0.15164677158889134,96.96076666666666,0.2673302140300094,0.13576666666666667,0.23515476464093457,0.32871923753576165,1.119437360413448,2.9610923727065392,0.0031631241748415824,2.3049226221157494e-06,0.3187286928954956,0.009544253488771661,0.00044629115149438575,450,,160.5,160.47083333333285,0.00011773396002710026,0.00010303257150677433,2.201793213029168e-05,22.341936131,,,,,,,,,,,,,,,,,,,,,,,,,,,,,,,,,,,,,,,,,,,,,,,,,,,,,,,,,,,,,,,,,,,,,,,,,,,,,,,,,125,124.99930555555329,450,,,,,,,,,,,,,,,,,,,,,,,,,,,
93,202,201.9631944444409,3.5208666666666666,0.0387836735409802,95.9147,0.6178128923873325,0.5644333333333333,0.580087289408528,0.3464533742338414,1.1671014364200574,3.0871715414982157,0.003297805574998094,2.369300952327033e-06,0.33229971453626633,0.012198161368941245,0.0019554983286338787,450,,161.5,161.47083333333285,0.0001824463075880759,0.00010844650335294922,2.2585404607876518e-05,27.108366814,,,,,,,,,,,,,,,,,,,,,,,,,,,,,,,,,,,,,,,,,,,,,,,,,,,,,,,,,,,,,,,,,,,,,,,,,,,,,,,,,125,125.00069444444671,450,,,,,,,,,,,,,,,,,,,,,,,,,,,
94,202.9,202.87222222222044,4.393933333333333,0.08008628679950985,94.80170000000003,0.07573381015108106,0.8044666666666668,0.04454327483844595,0.3653784568365644,1.2165716669789128,3.218028280395834,0.0034375905131726688,2.4586627878260694e-06,0.34638498851482935,0.016054485807760747,0.0029393478924312154,450,,162.5,162.47083333333285,0.00015929878048780486,0.00010357191733953742,3.9689025082283505e-05,27.850632999999995,,,,,,,,,,,,,,,,,,,,,,,,,,,,,,,,,,,,,,,,,,,,,,,,,,,,,,,,,,,,,,,,,,,,,,,,,,,,,,,,,,-240.12847222222626,450,,,,,,,,,,,,,,,,,,,,,,,,,,,
95,204.10000000000002,204.0749999999971,3.1092999999999997,0.030707816594476352,95.40736666666668,1.1762090984741371,1.4832999999999998,1.206876845415471,0.35899786374167564,1.2029633848467078,3.182032179271936,0.0033991384409865614,2.416831987196654e-06,0.3425104081855209,0.01116232057731992,0.005325015312880274,450,,163.5,163.47083333333285,0.00014712059620596206,0.00011575201861228959,4.018840086255816e-05,28.510912,,,,,,,,,,,,,,,,,,,,,,,,,,,,,,,,,,,,,,,,,,,,,,,,,,,,,,,,,,,,,,,,,,,,,,,,,,,,,,,,,,-240.0631944444467,450,,,,,,,,,,,,,,,,,,,,,,,,,,,
96,204.9,204.9458333333314,4.737533333333333,0.0794214916337718,94.0924,0.8665674064953057,1.1700666666666668,0.9325607558402473,0.331203697748823,1.0945317357680087,2.8952129784831193,0.0030927499080970608,2.1896420354885037e-06,0.3116375081006135,0.015690885582083074,0.003875304066126396,450,,166.5,166.47083333333285,0.00011641236449864498,7.205710962091146e-05,4.984905232096243e-06,16.103510504,,,,,,,,,,,,,,,,,,,,,,,,,,,,,,,,,,,,,,,,,,,,,,,,,,,,,,,,,,,,,,,,,,,,,,,,,,,,,,,,,126.9,126.90763888888614,450,,,,,,,,,,,,,,,,,,,,,,,,,,,
97,205.9,205.90000000000146,4.342466666666667,0.05576892802747182,95.09160000000001,0.07352598180235145,0.5659333333333333,0.1153069526669288,0.3520523289652725,1.175785261289003,3.1101416588934914,0.00332234291611641,2.3412916810514222e-06,0.3347721924503411,0.015287755034540636,0.0019923814803907984,450,,167.5,167.47083333333285,0.0002709713753387534,9.005821814698235e-05,2.804770173646578e-05,31.5257773,,,,,,,,,,,,,,,,,,,,,,,,,,,,,,,,,,,,,,,,,,,,,,,,,,,,,,,,,,,,,,,,,,,,,,,,,,,,,,,,,127.9,127.9111111111124,450,,,,,,,,,,,,,,,,,,,,,,,,,,,
98,208.9,208.9194444444438,1.2500666666666667,0.10524591836899577,98.15910000000001,0.10800055555412748,0.5908333333333333,0.015453262870129813,0.3470163439375401,1.1963524216811494,3.1645451154146533,0.0033804582556117937,2.3478163757979313e-06,0.34062812006199394,0.004337935643448543,0.0020502882320976327,450,,168.5,168.47083333333285,0.0003893206300813008,0.0001484332831531408,5.0719600499375784e-05,49.070859582,,,,,,,,,,,,,,,,,,,,,,,,,,,,,,,,,,,,,,,,,,,,,,,,,,,,,,,,,,,,,,,,,,,,,,,,,,,,,,,,,128.9,128.86319444444234,450,,,,,,,,,,,,,,,,,,,,,,,,,,,
99,211,210.9902777777752,3.9671,0.06477522674603295,94.68020000000001,0.09744706255193028,1.3526666666666667,0.11720385374778995,0.35893988476371363,1.1936019539381397,3.1572696846105632,0.0033726864308382997,2.3194282043178872e-06,0.33984500077405366,0.014239504168461283,0.0048552601745705,450,,169.5,169.47083333333285,0.00031219071815718157,0.0001533879841248118,5.8859198728861655e-05,46.063970132,,,,,,,,,,,,,,,,,,,,,,,,,,,,,,,,,,,,,,,,,,,,,,,,,,,,,,,,,,,,,,,,,,,,,,,,,,,,,,,,,129,129.04722222222335,450,,,,,,,,,,,,,,,,,,,,,,,,,,,
100,212,211.9875000000029,4.1715333333333335,0.09463531757929132,94.40273333333334,0.2111091265988574,1.4257666666666664,0.2446216738830271,0.34282096774002935,1.1366600100984794,3.0066490589701718,0.003211789139492602,2.1983871885859788e-06,0.32363236398637263,0.014300890942931238,0.0048878270843814246,450,,170.5,170.47083333333285,0.0003717940379403794,0.00021418297522923224,5.5083781636590624e-05,55.939587515999996,,,,,,,,,,,,,,,,,,,,,,,,,,,,,,,,,,,,,,,,,,,,,,,,,,,,,,,,,,,,,,,,,,,,,,,,,,,,,,,,,131.9,131.8756944444467,450,,,,,,,,,,,,,,,,,,,,,,,,,,,
101,212.9,212.90416666666715,3.7776666666666667,0.01860439016289788,94.91436666666668,0.0778551432683368,1.3079999999999998,0.09193410683745178,0.3372340151524063,1.1241958115115296,2.9736792433530783,0.0031765698326652455,2.1649190334605603e-06,0.3200835296664772,0.012739576979074069,0.004411020918193474,450,,173.5,173.47083333333285,0.00018009620596205961,0.00020104981524565483,1.3615537396436273e-05,35.76800887,,,,,,,,,,,,,,,,,,,,,,,,,,,,,,,,,,,,,,,,,,,,,,,,,,,,,,,,,,,,,,,,,,,,,,,,,,,,,,,,,132,131.99722222222044,450,,,,,,,,,,,,,,,,,,,,,,,,,,,
102,215.9,215.9458333333314,3.6379333333333332,0.017400383137544242,95.4794,0.1662166357498559,0.8826666666666667,0.18123703631800378,0.35331798165166045,1.184824585661674,3.1340521298147506,0.0033478847699606224,2.2495367130860313e-06,0.33734588897311546,0.012853472627166306,0.0031186200513786564,450,,174.5,174.47083333333285,0.0004703712737127371,0.00022188107294375257,1.6042560435818863e-05,56.747374320000006,,,,,,,,,,,,,,,,,,,,,,,,,,,,,,,,,,,,,,,,,,,,,,,,,,,,,,,,,,,,,,,,,,,,,,,,,,,,,,,,,132,131.99722222222044,450,,,,,,,,,,,,,,,,,,,,,,,,,,,
103,216.9,216.92222222222335,4.341033333333333,0.08381493502552696,94.61056666666667,0.5748947063013625,1.0483666666666667,0.6316748873695499,0.36218783783669417,1.2035167578440573,3.183495940103636,0.0034007020724745934,2.2747409908541457e-06,0.3426679657750441,0.01572269476977017,0.0037970565626006224,450,,175.5,175.47083333333285,0.00042068038617886183,0.00025706897495552213,1.758702757916241e-05,57.757228484,,,,,,,,,,,,,,,,,,,,,,,,,,,,,,,,,,,,,,,,,,,,,,,,,,,,,,,,,,,,,,,,,,,,,,,,,,,,,,,,,133,133,450,,,,,,,,,,,,,,,,,,,,,,,,,,,
104,217.9,217.9333333333343,4.0877,0.012735383779061738,95.23786666666668,0.09574927327835536,0.6744,0.08503740353514981,0.3437046703297253,1.1496713993762226,3.041066282220976,0.0032485546088508012,2.1628874598237192e-06,0.32733699565573005,0.01404961580906818,0.0023179442967036674,450,,176.5,176.47083333333285,0.00025309027777777775,0.00019656685370192964,7.758143230053343e-06,38.93211837,,,,,,,,,,,,,,,,,,,,,,,,,,,,,,,,,,,,,,,,,,,,,,,,,,,,,,,,,,,,,,,,,,,,,,,,,,,,,,,,,133,133.01597222222335,450,,,,,,,,,,,,,,,,,,,,,,,,,,,
105,218.9,218.8972222222219,3.9913666666666665,0.08078467263864689,94.66433333333335,1.1963431043531563,1.3442999999999998,1.273814283951943,0.3759098410300575,1.2498235724915019,3.305984933687199,0.003531548344049041,2.340950970137507e-06,0.35585254494549706,0.01500394009159337,0.005053355992967063,450,,177.5,177.47083333333285,0.00022104776422764228,0.00021343314629807035,8.890534559073884e-06,38.96085327000001,,,,,,,,,,,,,,,,,,,,,,,,,,,,,,,,,,,,,,,,,,,,,,,,,,,,,,,,,,,,,,,,,,,,,,,,,,,,,,,,,133.9,133.89861111110804,450,,,,,,,,,,,,,,,,,,,,,,,,,,,
106,225.9,225.8701388888876,4.2818000000000005,0.044675160883873626,94.27650000000001,0.9888299803302933,1.4417,1.0247969603780058,0.3546551439100182,1.1743251163843729,3.106279340113502,0.0033182170759310323,2.131637675020177e-06,0.33435645674832837,0.015185623951939158,0.0051130632097507326,450,,180.5,180.47083333333285,0.00018690548780487805,0.00021497317640618586,5.762819203268642e-06,36.47939787600001,,,,,,,,,,,,,,,,,,,,,,,,,,,,,,,,,,,,,,,,,,,,,,,,,,,,,,,,,,,,,,,,,,,,,,,,,,,,,,,,,135,135.02430555555475,450,,,,,,,,,,,,,,,,,,,,,,,,,,,
107,232.9,232.90486111111386,2.8433333333333333,0.015557741909844497,95.83863333333333,1.094103259904358,1.3180333333333334,1.1083021669803468,0.3510413030600153,1.1816189992562702,3.125572836742392,0.003338826944831638,2.080093079139055e-06,0.33643318728824356,0.0099812743836731,0.004626841388098688,450,,181.5,181.47083333333285,0.00020348492547425475,0.00022561776378814837,4.978379298604018e-06,38.57576532,,,,,,,,,,,,,,,,,,,,,,,,,,,,,,,,,,,,,,,,,,,,,,,,,,,,,,,,,,,,,,,,,,,,,,,,,,,,,,,,,136,135.9784722222248,450,,,,,,,,,,,,,,,,,,,,,,,,,,,
108,233.9,233.9229166666628,3.3821333333333334,0.04787299168981732,95.82676666666667,1.3720501898011355,0.7913999999999999,1.336167830027351,0.338931514326901,1.1407157083100699,3.017377034884701,0.003223249072413016,1.999348533575211e-06,0.3247871113938393,0.011463115723221562,0.002682304004383094,450,,182.5,182.47083333333285,0.0001892740514905149,0.00019549158341316546,0,33.55028656,,,,,,,,,,,,,,,,,,,,,,,,,,,,,,,,,,,,,,,,,,,,,,,,,,,,,,,,,,,,,,,,,,,,,,,,,,,,,,,,,136,136.01944444444234,450,,,,,,,,,,,,,,,,,,,,,,,,,,,
109,236.9,236.91249999999854,3.3588666666666662,0.03477273836403074,95.8838,1.0170272169416092,0.7573,0.983536720209266,0.3398924027030552,1.1446305422856307,3.0277324021748937,0.003234310974066909,1.9808938841855597e-06,0.32590175162299206,0.011416532616925353,0.002574005165670237,450,,187.5,187.47083333333285,9.900887533875338e-05,0.00011815731490351719,0,19.308636498,,,,,,,,,,,,,,,,,,,,,,,,,,,,,,,,,,,,,,,,,,,,,,,,,,,,,,,,,,,,,,,,,,,,,,,,,,,,,,,,,138.9,138.9020833333343,450,,,,,,,,,,,,,,,,,,,,,,,,,,,
110,237.9,237.93541666666715,3.7687000000000004,0.015694266469000743,95.72403333333334,0.16988126245508922,0.5066666666666667,0.17576479548912338,0.36135763747385435,1.2148897358564543,3.2135793012977176,0.003432837985535122,2.093445350336223e-06,0.3459061053480182,0.013618485283477151,0.0018308786965341955,450,,188.5,188.47083333333285,0.00010381929200542005,0.00015068112768578076,0,23.209715677,,,,,,,,,,,,,,,,,,,,,,,,,,,,,,,,,,,,,,,,,,,,,,,,,,,,,,,,,,,,,,,,,,,,,,,,,,,,,,,,,139,138.95763888888905,450,,,,,,,,,,,,,,,,,,,,,,,,,,,
111,238.9,238.88958333332994,4.315966666666667,0.07204251059848844,95.1829,0.022099095004095,0.5011,0.09085114198511772,0.38366504783087224,1.2825957733878253,3.3926726908968283,0.003624150703576901,2.2012858817508747e-06,0.3651835188118113,0.01655885557603117,0.0019225455546805006,450,,189.5,189.47083333333285,0.0001081923780487805,0.00011658990009579855,0,19.713757561999998,,,,,,,,,,,,,,,,,,,,,,,,,,,,,,,,,,,,,,,,,,,,,,,,,,,,,,,,,,,,,,,,,,,,,,,,,,,,,,,,,139,138.9604166666686,450,,,,,,,,,,,,,,,,,,,,,,,,,,,
112,240,240.04305555555766,4.786566666666666,0.0514346510956704,94.50823333333334,0.3400264891641982,0.7052,0.29830536367956917,0.3693146844642419,1.2258712404095866,3.242627152051165,0.003463867736512271,2.0938210747429963e-06,0.3490327837277295,0.017677493581670582,0.0026044071548418342,450,,190.5,190.47083333333285,9.488223238482386e-05,5.8051566990557e-05,0,12.399298341,,,,,,,,,,,,,,,,,,,,,,,,,,,,,,,,,,,,,,,,,,,,,,,,,,,,,,,,,,,,,,,,,,,,,,,,,,,,,,,,,139.9,139.8874999999971,450,,,,,,,,,,,,,,,,,,,,,,,,,,,
113,240.9,240.9145833333314,5.272966666666666,0.045357836515130846,93.94803333333333,0.0881277670960365,0.779,0.05084653380516707,0.43748610197577364,1.443545873255065,3.818411664739204,0.004078937340003973,2.456695646422047e-06,0.41100958891290046,0.02306849632848188,0.003408016734391277,450,,191.5,191.47083333333285,0.00012311017953929538,6.366777063090188e-05,0,14.798846331,,,,,,,,,,,,,,,,,,,,,,,,,,,,,,,,,,,,,,,,,,,,,,,,,,,,,,,,,,,,,,,,,,,,,,,,,,,,,,,,,140.9,140.8930555555562,450,,,,,,,,,,,,,,,,,,,,,,,,,,,
114,243.9,243.88541666666424,6.32,0.04272692359625246,92.69539999999999,0.06655426357492177,0.9845666666666668,0.07491257126366263,0.3714605158265576,1.2093429459072849,3.1989071472386246,0.0034171647678979105,2.0330473818353567e-06,0.34432681098749085,0.023476304600238442,0.0036572764186563445,450,,194.5,194.47083333333285,7.52682418699187e-05,5.0390447516080474e-06,0,5.299033421000001,,,,,,,,,,,,,,,,,,,,,,,,,,,,,,,,,,,,,,,,,,,,,,,,,,,,,,,,,,,,,,,,,,,,,,,,,,,,,,,,,141.9,141.92638888888905,450,,,,,,,,,,,,,,,,,,,,,,,,,,,
115,244.9,244.91249999999854,6.407366666666667,0.06836916946499605,92.40193333333332,0.06359719595495633,1.1906999999999999,0.10790361439729437,0.4103112914127236,1.3315980852889422,3.522291709473976,0.0037626134732492507,2.229184769942202e-06,0.3791355659503238,0.026290148915548383,0.0048855765468512995,450,,195.5,195.47083333333285,8.141429539295393e-05,4.815136170795128e-06,0,5.6614376879999995,,,,,,,,,,,,,,,,,,,,,,,,,,,,,,,,,,,,,,,,,,,,,,,,,,,,,,,,,,,,,,,,,,,,,,,,,,,,,,,,,142.9,142.9250000000029,450,,,,,,,,,,,,,,,,,,,,,,,,,,,
116,245.9,245.94027777777956,6.325499999999999,0.27408642797482685,92.18626666666667,0.3940282900165034,1.4882333333333335,0.3128291759624303,0.35797790540428687,1.1590471017965631,3.0658665273328447,0.0032750469451177868,1.93221425961781e-06,0.33000646648374365,0.022643892406348162,0.005327546514195067,450,,196.5,196.47083333333285,9.165772357723577e-05,7.502080197071302e-06,0,6.603980602,,,,,,,,,,,,,,,,,,,,,,,,,,,,,,,,,,,,,,,,,,,,,,,,,,,,,,,,,,,,,,,,,,,,,,,,,,,,,,,,,145.9,145.90416666666715,450,,,,,,,,,,,,,,,,,,,,,,,,,,,
117,247,246.96250000000146,5.592633333333333,0.0026727015047201316,93.23113333333333,0.3450817342794807,1.1762333333333332,0.3454810028544749,0.3584021962938688,1.1735734109139464,3.104290957901406,0.0033160930287713156,1.9483326354192038e-06,0.33414242949633194,0.020044120697329672,0.00421564610020725,450,,201.5,201.47083333333285,8.233624661246612e-05,0.00013530951142739838,0,20.155845768,,,,,,,,,,,,,,,,,,,,,,,,,,,,,,,,,,,,,,,,,,,,,,,,,,,,,,,,,,,,,,,,,,,,,,,,,,,,,,,,,146,145.9819444444438,450,,,,,,,,,,,,,,,,,,,,,,,,,,,
118,247.9,247.94027777777956,4.0729,0.04477756134494148,94.58023333333334,0.3700347190917831,1.3468333333333333,0.32888761505008607,0.36862727272714263,1.2245216827632044,3.2390573544058956,0.003460054375829868,2.0248984732641444e-06,0.34864853467563456,0.01501382019090379,0.004964794984846733,450,,202.5,202.47083333333285,7.10078421409214e-05,9.86260435199124e-05,0,15.383987270999999,,,,,,,,,,,,,,,,,,,,,,,,,,,,,,,,,,,,,,,,,,,,,,,,,,,,,,,,,,,,,,,,,,,,,,,,,,,,,,,,,146,145.98402777777665,450,,,,,,,,,,,,,,,,,,,,,,,,,,,
119,250.9,250.9381944444467,2.0058333333333334,0.013120340442737513,96.89516666666667,0.22002209737508727,1.0990333333333335,0.22050363564651973,0.35236427409982735,1.1991475340352626,3.171938638415857,0.0033883562298722106,1.959249328476779e-06,0.34142395066281783,0.007067840064652371,0.0038726008271151363,450,,203.5,203.47083333333285,7.46329268292683e-05,6.643045025318188e-05,0,12.050618497999999,,,,,,,,,,,,,,,,,,,,,,,,,,,,,,,,,,,,,,,,,,,,,,,,,,,,,,,,,,,,,,,,,,,,,,,,,,,,,,,,,147,146.99722222222044,450,,,,,,,,,,,,,,,,,,,,,,,,,,,
120,254,254.01527777777665,0.22106666666666666,0.03245371062503221,98.77676666666667,0.1432352726577256,1.0021666666666667,0.17550812896653287,0.3808018280302116,1.3210901846720902,3.4944966175197223,0.0037329219553105236,2.1323401507739735e-06,0.37614373313580346,0.0008418259078321211,0.003816268986576104,450,,204.5,204.47083333333285,5.794420633193446e-05,2.0351787393920487e-05,0,5.901711808719405,,,,,,,,,,,,,,,,,,,,,,,,,,,,,,,,,,,,,,,,,,,,,,,,,,,,,,,,,,,,,,,,,,,,,,,,,,,,,,,,,,,,,,,,,,,,,,,,,,,,,,,,,,,,,,
121,255,255.02847222222044,0.4027,0.061938921527582555,98.7013,0.25160850542062074,0.8960333333333333,0.26257304380559215,0.37499300891044984,1.2999441062765147,3.4385618295056193,0.0036731708034002135,2.0898728637207162e-06,0.37012297470372985,0.0015100968468823815,0.0033600623575072673,450,,205.5,205.47083333333285,9.621888640813044e-05,3.9845057855601144e-05,0,10.469352441671221,,,,,,,,,,,,,,,,,,,,,,,,,,,,,,,,,,,,,,,,,,,,,,,,,,,,,,,,,,,,,,,,,,,,,,,,,,,,,,,,,,,,,,,,,,,,,,,,,,,,,,,,,,,,,,
122,257.90000000000003,257.87291666666715,0.34873333333333334,0.1844577006615157,98.5816,0.7708448676614467,1.0697333333333334,0.673647105934059,0.3752973085389716,1.2994211994661047,3.437178656652277,0.003671693258312218,2.065989320118347e-06,0.36997409151465477,0.0013087868139782404,0.004014680408544226,450,,208.5,208.47083333333285,7.453992879110082e-05,0,0,4.695693501346973,,,,,,,,,,,,,,,,,,,,,,,,,,,,,,,,,,,,,,,,,,,,,,,,,,,,,,,,,,,,,,,,,,,,,,,,,,,,,,,,,,,,,,,,,,,,,,,,,,,,,,,,,,,,,,
123,258.90000000000003,258.85972222222335,0.7143666666666667,0.08715734813160234,98.3134,0.08930195966494608,0.9722333333333334,0.17400294058817842,0.4278938775507398,1.4774997754956967,3.9082252126015193,0.0041748787591539315,2.3401667233235913e-06,0.4206770194119691,0.0030567312299299688,0.00416012690884081,450,,209.5,209.47083333333285,0.00015851596692207344,4.821517060857795e-05,0,15.319768056895873,,,,,,,,,,,,,,,,,,,,,,,,,,,,,,,,,,,,,,,,,,,,,,,,,,,,,,,,,,,,,,,,,,,,,,,,,,,,,,,,,,,,,,,,,,,,,,,,,,,,,,,,,,,,,,
124,259.90000000000003,259.91249999999854,1.7548333333333332,0.06796854664720545,97.11416666666666,0.3962574205404028,1.131,0.4436098736502606,0.4260006596316537,1.4530196742876298,3.843471396502763,0.004105706867387514,2.292071625866134e-06,0.4137069905957835,0.0074756015754361355,0.004818067460434003,450,,210.5,210.47083333333285,0.00015400112616234375,4.3938806399743745e-05,0,14.562267058977357,,,,,,,,,,,,,,,,,,,,,,,,,,,,,,,,,,,,,,,,,,,,,,,,,,,,,,,,,,,,,,,,,,,,,,,,,,,,,,,,,,,,,,,,,,,,,,,,,,,,,,,,,,,,,,
125,261,260.95833333333576,3.060833333333333,0.012107986345108611,96.2905,0.09814056246017663,0.6496,0.08564817569569219,0.44037364184945627,1.4893041305153,3.9394496355566,0.004208233587258946,2.3398934447182528e-06,0.4240379816050507,0.013479103220942106,0.002860667177454068,450,,211.5,211.47083333333285,6.080833333333333e-05,8.5066100999042e-06,0,4.771731399999999,,,,,,,,,,,,,,,,,,,,,,,,,,,,,,,,,,,,,,,,,,,,,,,,,,,,,,,,,,,,,,,,,,,,,,,,,,,,,,,,,,,,,,,,,,,,,,,,,,,,,,,,,,,,,,
126,261.90000000000003,261.9250000000029,3.8207,0.017404597093871602,95.22776666666668,0.34212299445277317,0.9396,0.3359086631809305,0.4519417385055203,1.5115575484565165,3.998313515272076,0.004271113679305112,2.366091800580948e-06,0.4303740242133137,0.01726733800308041,0.004246444574997868,450,,212.5,212.47083333333285,7.544720528455285e-05,1.4250417407964964e-05,0,6.329342893,,,,,,,,,,,,,,,,,,,,,,,,,,,,,,,,,,,,,,,,,,,,,,,,,,,,,,,,,,,,,,,,,,,,,,,,,,,,,,,,,,,,,,,,,,,,,,,,,,,,,,,,,,,,,,
127,264.8,264.8249999999971,4.899566666666667,0.01392348136542488,93.9418,0.19447136035931378,1.1586666666666667,0.19453010906626597,0.43582647412843634,1.4379742876312533,3.80367392212138,0.004063194058778869,2.2262605793592762e-06,0.4094232346727874,0.02135360865090549,0.005049776080234816,450,,236.5,236.47083333333285,4.0165836720867206e-05,2.0001560147803477e-05,1.3334729315628192e-05,6.879016407,,,,,,,,,,,,,,,,,,,,,,,,,,,,,,,,,,,,,,,,,,,,,,,,,,,,,,,,,,,,,,,,,,,,,,,,,,,,,,,,,,,,,,,,,,,,,,,,,,,,,,,,,,,,,,
128,265.90000000000003,265.90347222222044,7.302966666666666,0.1406660702988936,92.51379999999999,0.18707033436651968,0.18323333333333333,0.31736944297353725,0.4248305859622073,1.3803872264285426,3.651346857004532,0.003900473899625792,2.12843690270701e-06,0.39302691863590444,0.031025236082624676,0.0007784312436780845,450,,237.5,237.47083333333285,7.468819444444445e-05,3.566328178459012e-05,2.3861967994552266e-05,12.472695425000001,,,,,,,,,,,,,,,,,,,,,,,,,,,,,,,,,,,,,,,,,,,,,,,,,,,,,,,,,,,,,,,,,,,,,,,,,,,,,,,,,,,,,,,,,,,,,,,,,,,,,,,,,,,,,,
129,266.90000000000003,266.86805555555475,5.077733333333334,0.05912041384609306,94.92226666666666,0.05912041384609082,0,0,0.41275975521916713,1.3760812643419962,3.6399568927756025,0.0038883068117175628,2.114128336588298e-06,0.39180091554181834,0.020958839677348722,0,450,,238.5,238.47083333333285,5.869002371273713e-05,2.8405405775283972e-05,1.8983497900351832e-05,9.880502863,,,,,,,,,,,,,,,,,,,,,,,,,,,,,,,,,,,,,,,,,,,,,,,,,,,,,,,,,,,,,,,,,,,,,,,,,,,,,,,,,,,,,,,,,,,,,,,,,,,,,,,,,,,,,,
130,268,267.95277777777665,3.3729333333333336,0.04872836271960418,95.6925,1.3691596218118582,0.9345666666666667,1.3885277106825535,0.4442519044546204,1.493089476305225,3.9494624857105953,0.004218929602240815,2.2846066025590343e-06,0.4251157536702377,0.014984320569318045,0.00415183021506473,450,,239.5,239.47083333333285,4.227086720867209e-05,6.822786369234981e-06,0,3.417673098,,,,,,,,,,,,,,,,,,,,,,,,,,,,,,,,,,,,,,,,,,,,,,,,,,,,,,,,,,,,,,,,,,,,,,,,,,,,,,,,,,,,,,,,,,,,,,,,,,,,,,,,,,,,,,
131,269,268.9506944444438,3.2206333333333337,0.06164295039445585,96.582,0.40296894421282703,0.19733333333333333,0.3417913593602584,0.41246186499632015,1.3991318111440831,3.7009293068972524,0.00395343930095847,2.1328966774152342e-06,0.39836391845074587,0.013283884311359821,0.0008139247469260717,450,,240.5,240.47083333333285,7.005714769647695e-05,9.878732722047352e-06,0,5.506161903999999,,,,,,,,,,,,,,,,,,,,,,,,,,,,,,,,,,,,,,,,,,,,,,,,,,,,,,,,,,,,,,,,,,,,,,,,,,,,,,,,,,,,,,,,,,,,,,,,,,,,,,,,,,,,,,
132,271.90000000000003,271.91180555555184,1.7746000000000002,0.08323046317304746,97.00213333333333,0.7754792152813215,1.2232666666666667,0.7754953922063836,0.4078929174488285,1.3896520916169457,3.675853919760953,0.003926653050054774,2.0953755810596672e-06,0.3956648316409359,0.007238467713046911,0.004989618094845703,450,,243.5,243.47083333333285,5.52929333246567e-05,0,0,3.4832159339814095,,,,,,,,,,,,,,,,,,,,,,,,,,,,,,,,,,,,,,,,,,,,,,,,,,,,,,,,,,,,,,,,,,,,,,,,,,,,,,,,,,,,,,,,,,,,,,,,,,,,,,,,,,,,,,
133,273,272.9562500000029,0.7801333333333332,0.0631317141643828,98.78146666666667,0.4581307382541917,0.43839999999999996,0.5209534336195513,0.42015906039999273,1.4576989423469222,3.8558488152402464,0.004118928782648092,2.1895690842845025e-06,0.4150392821959987,0.0032778008832004763,0.001841977320793568,450,,244.5,244.47083333333285,5.8647033965801244e-05,0,0,3.694509784658746,,,,,,,,,,,,,,,,,,,,,,,,,,,,,,,,,,,,,,,,,,,,,,,,,,,,,,,,,,,,,,,,,,,,,,,,,,,,,,,,,,,,,,,,,,,,,,,,,,,,,,,,,,,,,,
134,273.90000000000003,273.9187499999971,1.1837333333333333,0.01772408906921129,96.53753333333333,1.1473611303043776,2.2787333333333333,1.1614845342635145,0.49756832612133467,1.687048467578314,4.462515301336185,0.00476698739977332,2.525164384355273e-06,0.4803401886854921,0.005889882132406946,0.01133825530343556,450,,245.5,245.47083333333285,5.625124779355514e-05,0,0,3.5435856056035053,,,,,,,,,,,,,,,,,,,,,,,,,,,,,,,,,,,,,,,,,,,,,,,,,,,,,,,,,,,,,,,,,,,,,,,,,,,,,,,,,,,,,,,,,,,,,,,,,,,,,,,,,,,,,,
135,274.90000000000003,274.91388888889196,2.3963666666666668,0.08758597680755376,94.92790000000001,0.16435848015846252,2.6757666666666666,0.18508077515866786,0.5120990928092033,1.7073655541484682,4.516257272263689,0.004824396121301667,2.5463241600128436e-06,0.48612491472282776,0.012271771960382146,0.013702576825691058,450,,246.5,246.47083333333285,4.937359344512195e-05,6.856776885178596e-06,0,3.8688744692370003,,,,,,,,,,,,,,,,,,,,,,,,,,,,,,,,,,,,,,,,,,,,,,,,,,,,,,,,,,,,,,,,,,,,,,,,,,,,,,,,,,,,,,,,,,,,,,,,,,,,,,,,,,,,,,
136,275.90000000000003,275.9416666666657,5.464266666666667,0.09931335928933914,93.973,0.4290387861254552,0.5647333333333334,0.5152461968159817,0.561925743245453,1.854644412995296,4.905833608568202,0.0052405527865477,2.7556701331612625e-06,0.5280584787000495,0.03070512107958021,0.003173381980688155,450,,247.5,247.47083333333285,6.148949764566396e-05,8.839039195292185e-06,0,4.8514177683629995,,,,,,,,,,,,,,,,,,,,,,,,,,,,,,,,,,,,,,,,,,,,,,,,,,,,,,,,,,,,,,,,,,,,,,,,,,,,,,,,,,,,,,,,,,,,,,,,,,,,,,,,,,,,,,
137,278.90000000000003,278.9152777777781,8.2779,0.14143793691934248,89.50153333333333,0.2508817317648563,2.554233333333333,0.44213554859718446,0.5732125468162295,1.8018755777311959,4.766251528192195,0.005091447187248727,2.6487218368095066e-06,0.5130340186595765,0.047449961412900664,0.014641185941629069,450,,257.5,257.47083333333285,3.482752642276423e-05,0,0,2.19398370972,,,,,,,,,,,,,,,,,,,,,,,,,,,,,,,,,,,,,,,,,,,,,,,,,,,,,,,,,,,,,,,,,,,,,,,,,,,,,,,,,,,,,,,,,,,,,,,,,,,,,,,,,,,,,,
138,279.90000000000003,279.91319444444525,8.0818,0.07563934161532673,90.34926666666667,0.10702739524688538,1.5689000000000002,0.12401209618420288,0.5468750173970901,1.7353670674003085,4.5903257911879125,0.004903518246961587,2.541861233252221e-06,0.4940975678014767,0.044197345155998026,0.008579922147942948,450,,258.5,258.47083333333285,3.911285154132791e-05,0,0,2.463940679585,,,,,,,,,,,,,,,,,,,,,,,,,,,,,,,,,,,,,,,,,,,,,,,,,,,,,,,,,,,,,,,,,,,,,,,,,,,,,,,,,,,,,,,,,,,,,,,,,,,,,,,,,,,,,,
139,280.90000000000003,280.9250000000029,5.412399999999999,0.12230441529233485,93.30126666666666,0.6063672182212139,1.2863333333333333,0.7220166641659551,0.5336663006165995,1.7487831275066756,4.625813434049916,0.004941427169384817,2.552286490265122e-06,0.49791741824842844,0.028884154854572824,0.006864727513598191,450,,259.5,259.47083333333285,4.2216283756775066e-05,0,0,2.6594435023309995,,,,,,,,,,,,,,,,,,,,,,,,,,,,,,,,,,,,,,,,,,,,,,,,,,,,,,,,,,,,,,,,,,,,,,,,,,,,,,,,,,,,,,,,,,,,,,,,,,,,,,,,,,,,,,
140,281.90000000000003,281.9416666666657,3.3188,0.02193695512143828,95.63709999999999,0.16108680889507787,1.0440666666666667,0.18145000229631503,0.5449369580199888,1.8304222951441218,4.8417622000586436,0.00517210986222667,2.6618028824251794e-06,0.5211619034785346,0.01808536776276739,0.005689505133034029,450,,260.5,260.47083333333285,4.745960626693767e-05,4.862331613521281e-06,0,3.5276600938119995,,,,,,,,,,,,,,,,,,,,,,,,,,,,,,,,,,,,,,,,,,,,,,,,,,,,,,,,,,,,,,,,,,,,,,,,,,,,,,,,,,,,,,,,,,,,,,,,,,,,,,,,,,,,,,
141,282.90000000000003,282.8937500000029,3.2987,0.0390657138677896,95.63029999999999,0.501572756437193,1.0709333333333333,0.48726843047065277,0.645338730850763,2.1675138649596075,5.733423771828639,0.006124608439927216,3.1413938435664625e-06,0.6171393643287771,0.02128778871457412,0.006911147581591104,450,,261.5,261.47083333333285,4.789654979674797e-05,0,0,3.0172757241,,,,,,,,,,,,,,,,,,,,,,,,,,,,,,,,,,,,,,,,,,,,,,,,,,,,,,,,,,,,,,,,,,,,,,,,,,,,,,,,,,,,,,,,,,,,,,,,,,,,,,,,,,,,,,
142,285.90000000000003,285.92708333333576,11.001100000000001,0.09536514038158758,88.86636666666668,0.25685358345433285,0.13253333333333334,0.1711064678302177,0.7240666437730091,2.2599279871598617,5.9778740305518925,0.006385737248349713,3.2405831022846516e-06,0.6434517185663495,0.07965529554811251,0.0009596296585471614,450,,264.5,264.47083333333285,4.7620743462059624e-05,1.069455877925277e-05,6.529215344455793e-06,5.22889425139,,,,,,,,,,,,,,,,,,,,,,,,,,,,,,,,,,,,,,,,,,,,,,,,,,,,,,,,,,,,,,,,,,,,,,,,,,,,,,,,,,,,,,,,,,,,,,,,,,,,,,,,,,,,,,
143,286.90000000000003,286.92708333333576,14.185266666666669,0.09857410072292476,85.32363333333333,0.12495408490054823,0.49110000000000004,0.08712582854699293,0.7001843356643367,2.0982651461373933,5.550249741395686,0.005928936663792773,2.9982833963320785e-06,0.5974227152196745,0.0993230151722146,0.003438605272447558,450,,265.5,265.47083333333285,4.160856688685637e-05,8.734555905296291e-06,5.356010010214504e-06,4.445393241219,,,,,,,,,,,,,,,,,,,,,,,,,,,,,,,,,,,,,,,,,,,,,,,,,,,,,,,,,,,,,,,,,,,,,,,,,,,,,,,,,,,,,,,,,,,,,,,,,,,,,,,,,,,,,,
144,287.90000000000003,287.88541666666424,9.621166666666667,0.07026986077496737,89.2772,0.3147737759089847,1.1016333333333332,0.3316641725199355,0.661626666670016,2.0745896047246486,5.487624115723264,0.005862038166348077,2.9545843196426117e-06,0.5906817624563235,0.06365620431143336,0.007288699902259119,450,,266.5,266.47083333333285,4.719130228658536e-05,8.93055619269194e-06,5.356010010214504e-06,4.818764569859,,,,,,,,,,,,,,,,,,,,,,,,,,,,,,,,,,,,,,,,,,,,,,,,,,,,,,,,,,,,,,,,,,,,,,,,,,,,,,,,,,,,,,,,,,,,,,,,,,,,,,,,,,,,,,
145,288.90000000000003,288.90833333333285,6.962233333333334,0.16065566698169498,90.5344,0.343519446320004,2.5032,0.5034125842686099,0.654199180326619,2.080186429042967,5.502428618758816,0.005877852762974613,2.952065889091527e-06,0.5922753027136225,0.04554687339909331,0.016375913881935926,450,,267.5,267.47083333333285,4.517602310298103e-05,0,0,2.845894295068,,,,,,,,,,,,,,,,,,,,,,,,,,,,,,,,,,,,,,,,,,,,,,,,,,,,,,,,,,,,,,,,,,,,,,,,,,,,,,,,,,,,,,,,,,,,,,,,,,,,,,,,,,,,,,
146,289.90000000000003,289.93958333333285,4.7006,0,91.80720000000001,1.7404671430534633e-14,3.4922,0,0.6992929292929293,2.2548336872727277,5.964398785689149,0.006371342603596265,3.1885325941128078e-06,0.6420012581818183,0.03287096343434343,0.024420707676767676,450,,268.5,268.47083333333285,3.7802143207994584e-05,0,0,2.381371716845,,,,,,,,,,,,,,,,,,,,,,,,,,,,,,,,,,,,,,,,,,,,,,,,,,,,,,,,,,,,,,,,,,,,,,,,,,,,,,,,,,,,,,,,,,,,,,,,,,,,,,,,,,,,,,
147,292.90000000000003,292.92638888888905,5.619800000000001,0.1098525830374505,92.9078,0.774436395064179,1.4723999999999997,0.8655918899804922,0.6608391517127441,2.156386363533563,5.703989735798457,0.006093166154712342,3.0182272495228106e-06,0.6139711173949728,0.037137838647952795,0.009730195669818443,450,,271.5,271.47083333333285,3.250096090785908e-05,0,0,2.047420133044,,,,,,,,,,,,,,,,,,,,,,,,,,,,,,,,,,,,,,,,,,,,,,,,,,,,,,,,,,,,,,,,,,,,,,,,,,,,,,,,,,,,,,,,,,,,,,,,,,,,,,,,,,,,,,
148,294.2,294.1604166666657,5.496366666666667,0.12178227840426271,92.60716666666667,0.41105985371151743,1.8946666666666667,0.5310201722470929,0.7010379290946207,2.2801569836249116,6.031382988943315,0.0064428970591744565,3.178076689854487e-06,0.649211363393204,0.038531615055447034,0.013282331963246082,450,,272.5,272.47083333333285,3.536832552506775e-05,0,0,2.228051716913,,,,,,,,,,,,,,,,,,,,,,,,,,,,,,,,,,,,,,,,,,,,,,,,,,,,,,,,,,,,,,,,,,,,,,,,,,,,,,,,,,,,,,,,,,,,,,,,,,,,,,,,,,,,,,
149,294.90000000000003,294.9291666666686,6.487733333333334,0.045388581530307545,92.79,0.6240645719795369,0.7222333333333334,0.6693421123262253,0.7060584462484587,2.301020367010928,6.086570003061166,0.006501849417467131,3.1987963792700767e-06,0.6551516322739448,0.04580718917007668,0.005099389451621785,450,,273.5,273.47083333333285,2.9633596307588078e-05,0,0,1.866788550242,,,,,,,,,,,,,,,,,,,,,,,,,,,,,,,,,,,,,,,,,,,,,,,,,,,,,,,,,,,,,,,,,,,,,,,,,,,,,,,,,,,,,,,,,,,,,,,,,,,,,,,,,,,,,,
150,295.90000000000003,295.8888888888905,7.011233333333333,0.10143009086722397,92.36506666666666,0.36117852003314904,0.6237,0.27386644555330286,0.7728905247816013,2.5072888336678565,6.632183366476267,0.007084689330143496,3.474238000839031e-06,0.7138808484748758,0.05418915810366255,0.004820518203062847,450,,274.5,274.47083333333285,3.154517271341463e-05,0,0,1.9872096057989999,,,,,,,,,,,,,,,,,,,,,,,,,,,,,,,,,,,,,,,,,,,,,,,,,,,,,,,,,,,,,,,,,,,,,,,,,,,,,,,,,,,,,,,,,,,,,,,,,,,,,,,,,,,,,,
151,296.1,296.08611111110804,10.613833333333334,0.09749668370428441,87.33120000000001,0.22877611326359634,2.0549666666666666,0.2609549067048447,1.111580281716571,3.4094858891231845,9.018640093809713,0.009633971154655448,4.721225218213425e-06,0.9707563989864622,0.11798127846759399,0.02284260426251496,450,,275.5,275.47083333333285,3.0127207249322492e-05,0,0,1.897883907172,,,,,,,,,,,,,,,,,,,,,,,,,,,,,,,,,,,,,,,,,,,,,,,,,,,,,,,,,,,,,,,,,,,,,,,,,,,,,,,,,,,,,,,,,,,,,,,,,,,,,,,,,,,,,,
152,296.90000000000003,296.8937500000029,12.294766666666666,0.08943133306248564,74.35633333333334,0.3056439486286821,13.3489,0.387370378320284,0.7350744625912858,1.9196760034627385,5.077852654320792,0.005424308486696917,2.6510061643928675e-06,0.5465744176525852,0.09037569000185254,0.09812435493684817,450,,278.5,278.47083333333285,4.3568854302168016e-05,5.033466278910633e-06,0,3.30149181042,,,,,,,,,,,,,,,,,,,,,,,,,,,,,,,,,,,,,,,,,,,,,,,,,,,,,,,,,,,,,,,,,,,,,,,,,,,,,,,,,,,,,,,,,,,,,,,,,,,,,,,,,,,,,,
153,299.90000000000003,299.89930555555475,5.439233333333333,0.043800266361442734,87.36853333333333,0.058646426432757554,7.192233333333334,0.10155650315628915,0.6617758740457383,2.0306945857437975,5.3715147106771415,0.005738006755030716,2.776214431749409e-06,0.5781838751076089,0.03599553393305382,0.04759646500507562,450,,279.5,279.47083333333285,4.1542340040650405e-05,0,0,2.616987959652,,,,,,,,,,,,,,,,,,,,,,,,,,,,,,,,,,,,,,,,,,,,,,,,,,,,,,,,,,,,,,,,,,,,,,,,,,,,,,,,,,,,,,,,,,,,,,,,,,,,,,,,,,,,,,
154,301,301.0090277777781,3.8144666666666667,0.06547857155843684,92.96366666666665,1.075041358894313,3.2219333333333338,1.139888390735397,0.6891436170205738,2.250098956032993,5.9518746578937245,0.00635796396949364,3.064826921585218e-06,0.640653174981616,0.026287153556710782,0.022203747911324876,450,,280.5,280.47083333333285,3.8502568648373986e-05,0,0,2.425495493751,,,,,,,,,,,,,,,,,,,,,,,,,,,,,,,,,,,,,,,,,,,,,,,,,,,,,,,,,,,,,,,,,,,,,,,,,,,,,,,,,,,,,,,,,,,,,,,,,,,,,,,,,,,,,,
155,301.90000000000003,301.9326388888876,3.7058999999999997,0.019504102132628504,94.37246666666665,0.21180314760015945,1.9217000000000002,0.2291855361928409,0.6628404255330876,2.1970145314164453,5.811457792778984,0.0062079666290885075,2.983367287470473e-06,0.6255388596394045,0.02456420332983069,0.012737804457469346,450,,281.5,281.47083333333285,3.6138053539972896e-05,0,0,2.2765412566269996,,,,,,,,,,,,,,,,,,,,,,,,,,,,,,,,,,,,,,,,,,,,,,,,,,,,,,,,,,,,,,,,,,,,,,,,,,,,,,,,,,,,,,,,,,,,,,,,,,,,,,,,,,,,,,
156,302.90000000000003,302.8881944444438,3.8378333333333337,0.08293421087424267,94.7464,0.1995638995409747,1.4157666666666666,0.1749466585372053,0.6554747622526624,2.1812092336728233,5.769650231005532,0.006163306587221622,2.952560721114175e-06,0.6210387401429566,0.025156028917320095,0.009279993192385778,450,,282.5,282.47083333333285,4.290740855352304e-05,0,0,2.702981378867,,,,,,,,,,,,,,,,,,,,,,,,,,,,,,,,,,,,,,,,,,,,,,,,,,,,,,,,,,,,,,,,,,,,,,,,,,,,,,,,,,,,,,,,,,,,,,,,,,,,,,,,,,,,,,
157,304,304.0083333333314,4.7186,0.030406742673295264,94.99493333333334,0.27656489895381536,0.2864666666666667,0.24654292391657345,0.7867240545576387,2.6248319688971447,6.943103917727932,0.007416823619902339,3.5399723930193895e-06,0.7473479911443259,0.037122361238356744,0.002253702174956116,450,,285.5,285.47083333333285,5.8502710027100276e-05,1.4780347611879022e-05,1.338100102145046e-05,7.46396,,,,,,,,,,,,,,,,,,,,,,,,,,,,,,,,,,,,,,,,,,,,,,,,,,,,,,,,,,,,,,,,,,,,,,,,,,,,,,,,,,,,,,,,,,,,,,,,,,,,,,,,,,,,,,
158,306.90000000000003,306.87152777777374,5.9162333333333335,0.07412127449884622,92.48253333333334,0.6178173300687927,1.6011999999999997,0.6908139619318658,0.80048311908863,2.600102871004737,6.877691465238337,0.0073469481537694155,3.4739038347146193e-06,0.7403070674388487,0.047358449119227895,0.01281733570284714,450,,286.5,286.47083333333285,8.011517615176153e-05,1.5847817161625837e-05,1.3346952672795368e-05,8.938089999999999,,,,,,,,,,,,,,,,,,,,,,,,,,,,,,,,,,,,,,,,,,,,,,,,,,,,,,,,,,,,,,,,,,,,,,,,,,,,,,,,,,,,,,,,,,,,,,,,,,,,,,,,,,,,,,
159,307.90000000000003,307.8798611111124,6.039033333333333,0.16217133943250697,92.66646666666666,1.1120944219504647,1.2945,1.2732713261516575,0.8428089397044501,2.7430288337850537,7.255753689366916,0.00775080511269381,3.65285932569001e-06,0.7810012651749111,0.05089751280506498,0.010910161724474107,450,,287.5,287.47083333333285,6.438008130081301e-05,1.4862460654167238e-05,1.3335603223243673e-05,7.836021000000001,,,,,,,,,,,,,,,,,,,,,,,,,,,,,,,,,,,,,,,,,,,,,,,,,,,,,,,,,,,,,,,,,,,,,,,,,,,,,,,,,,,,,,,,,,,,,,,,,,,,,,,,,,,,,,
160,308.90000000000003,308.9236111111095,6.258833333333333,0.09267827864895496,93.5994,0.2220381273565422,0.14176666666666668,0.15423217347017232,0.8124539587514338,2.6708559125886073,7.064844672008574,0.007546870600698339,3.544730427767387e-06,0.7604520306675896,0.050850139188320986,0.0011517888955232826,450,,288.5,288.47083333333285,6.211043360433604e-05,1.8475434514848776e-05,1.6865282033821358e-05,8.658137,,,,,,,,,,,,,,,,,,,,,,,,,,,,,,,,,,,,,,,,,,,,,,,,,,,,,,,,,,,,,,,,,,,,,,,,,,,,,,,,,,,,,,,,,,,,,,,,,,,,,,,,,,,,,,
161,309.90000000000003,309.90277777777374,5.720066666666667,0.09462818466679643,94.1803,0.18190247386992872,0.0997,0.08833396855117515,0.7947772340445219,2.6289608781242912,6.954025548586835,0.007428490420613091,3.4781035773867294e-06,0.7485235833548329,0.04546178763883602,0.0007923929023423884,450,,289.5,289.47083333333285,5.918021680216803e-05,1.7914328725879293e-05,1.6672341391442516e-05,8.380566,,,,,,,,,,,,,,,,,,,,,,,,,,,,,,,,,,,,,,,,,,,,,,,,,,,,,,,,,,,,,,,,,,,,,,,,,,,,,,,,,,,,,,,,,,,,,,,,,,,,,,,,,,,,,,
162,311,310.97430555555184,13.380733333333334,0.14501532102965353,83.1858,0.13302161478496444,3.4334666666666664,0.07106013884966274,1.2254632720101373,3.580371839512305,9.470660994838997,0.010116832902825943,4.7204943558843735e-06,1.019411426527809,0.16397597252561777,0.042075872956710725,450,,292.5,292.47083333333285,5.6250000000000005e-05,7.828110031476665e-06,7.309045511292703e-06,5.5803069999999995,,,,,,,,,,,,,,,,,,,,,,,,,,,,,,,,,,,,,,,,,,,,,,,,,,,,,,,,,,,,,,,,,,,,,,,,,,,,,,,,,,,,,,,,,,,,,,,,,,,,,,,,,,,,,,
163,313.90000000000003,313.91388888889196,21.13246666666667,0.8040894249605168,75.5506,0.6023649475193561,3.317,0.4534593807608308,1.1433936286093838,3.0339772569699317,8.02535919585595,0.008572919885304425,3.962649374198139e-06,0.8638407467761611,0.24162727743466852,0.03792636666097326,450,,293.5,293.47083333333285,6.6039972899729e-05,1.3534966470507732e-05,5.697423674951765e-06,6.570215,,,,,,,,,,,,,,,,,,,,,,,,,,,,,,,,,,,,,,,,,,,,,,,,,,,,,,,,,,,,,,,,,,,,,,,,,,,,,,,,,,,,,,,,,,,,,,,,,,,,,,,,,,,,,,
164,314.90000000000003,314.8888888888905,19.672933333333333,0.04997342627170274,77.13103333333333,0.3084491908456409,3.1960333333333337,0.2973191270896195,1.1055808404574905,2.9950100835987996,7.922284737261343,0.008462812779293645,3.8996426282567085e-06,0.8527459265802138,0.21750018168930849,0.03533473218796822,450,,294.5,294.47083333333285,7.728658536585365e-05,1.3206514301354864e-05,5.402337986607649e-06,7.195099,,,,,,,,,,,,,,,,,,,,,,,,,,,,,,,,,,,,,,,,,,,,,,,,,,,,,,,,,,,,,,,,,,,,,,,,,,,,,,,,,,,,,,,,,,,,,,,,,,,,,,,,,,,,,,
165,315.90000000000003,315.89097222222335,16.650266666666667,0.10776791421073972,80.24166666666667,0.16230718817517675,3.108,0.09992632285839413,1.0430524142762274,2.9395761064582815,7.775652926760616,0.008306176455188804,3.815323354033814e-06,0.8369626414221496,0.1736710084500966,0.03241806903570515,450,,299.5,299.47083333333285,9.149728997289973e-05,2.995757492815109e-05,2.518442855521507e-05,13.112222,,,,,,,,,,,,,,,,,,,,,,,,,,,,,,,,,,,,,,,,,,,,,,,,,,,,,,,,,,,,,,,,,,,,,,,,,,,,,,,,,,,,,,,,,,,,,,,,,,,,,,,,,,,,,,
166,316.90000000000003,316.9055555555533,14.005633333333334,0.6669271499446798,82.52316666666667,0.5316213909666664,3.4711999999999996,1.1933225506961653,1.0485035837388887,3.0389561909203304,8.038529279208614,0.0085869885477418,3.931682535804953e-06,0.8652583599148161,0.1468495674253284,0.0363956563987443,450,,300.5,300.47083333333285,8.948170731707318e-05,2.7288901053784043e-05,2.390194075587334e-05,12.484585,,,,,,,,,,,,,,,,,,,,,,,,,,,,,,,,,,,,,,,,,,,,,,,,,,,,,,,,,,,,,,,,,,,,,,,,,,,,,,,,,,,,,,,,,,,,,,,,,,,,,,,,,,,,,,
167,317.90000000000003,317.87222222222044,15.2522,1.3234146100145647,81.2941,0.36210428056016614,3.4518999999999997,1.681958985825755,1.085271192528191,3.098674355795333,8.196493457265076,0.008755730433329336,3.996752144602073e-06,0.88226144852506,0.16552773282678473,0.03746247629488062,450,,301.5,301.47083333333285,8.704268292682928e-05,2.7234159025591896e-05,2.358415616842583e-05,12.273976999999999,,,,,,,,,,,,,,,,,,,,,,,,,,,,,,,,,,,,,,,,,,,,,,,,,,,,,,,,,,,,,,,,,,,,,,,,,,,,,,,,,,,,,,,,,,,,,,,,,,,,,,,,,,,,,,
168,320.90000000000003,320.8652777777752,16.644733333333335,0.08151885262522603,80.21416666666666,0.27939814482801145,3.1421333333333337,0.32862130687667424,1.1042609512764001,3.1110101381564617,8.229123591252577,0.00879058688245451,3.975232737795782e-06,0.8857737198917702,0.18380129064408673,0.03469735143703953,450,,302.5,302.47083333333285,9.412262872628726e-05,2.212946489667442e-05,1.5980024968789012e-05,10.937201,,,,,,,,,,,,,,,,,,,,,,,,,,,,,,,,,,,,,,,,,,,,,,,,,,,,,,,,,,,,,,,,,,,,,,,,,,,,,,,,,,,,,,,,,,,,,,,,,,,,,,,,,,,,,,
169,321.90000000000003,321.8708333333343,16.728533333333335,0.5955736842182786,80.10556666666666,0.8406539260202929,3.1719000000000004,0.3307059267687834,1.0590914982540598,2.9797155963918605,7.881828351746211,0.008419596102830204,3.7955703592921348e-06,0.8483912461949046,0.17717047431592983,0.033593323233120524,450,,303.5,303.47083333333285,9.869579945799459e-05,2.149993157246476e-05,1.540120304165248e-05,11.062929,,,,,,,,,,,,,,,,,,,,,,,,,,,,,,,,,,,,,,,,,,,,,,,,,,,,,,,,,,,,,,,,,,,,,,,,,,,,,,,,,,,,,,,,,,,,,,,,,,,,,,,,,,,,,,
170,322.90000000000003,322.88958333332994,15.840233333333332,0.08412908732022027,81.0845,0.10137238282687791,3.0752333333333333,0.18389935653322248,1.1054957055262091,3.1482813612201332,8.327711987743578,0.008895901847693002,3.997637039804169e-06,0.896385665347399,0.17511309924533106,0.03399657243491049,450,,306.5,306.47083333333285,7.789634146341463e-05,0,0,4.907133,,,,,,,,,,,,,,,,,,,,,,,,,,,,,,,,,,,,,,,,,,,,,,,,,,,,,,,,,,,,,,,,,,,,,,,,,,,,,,,,,,,,,,,,,,,,,,,,,,,,,,,,,,,,,,
171,323.90000000000003,323.94305555555184,15.2919,0.24507107132421801,81.02343333333333,0.1485639705087753,3.6847,0.3889790225706264,1.0728746792710993,3.053080626179472,8.075890688603764,0.008626899081554675,3.864145365261344e-06,0.8692799005094329,0.16406292307945722,0.039532213307102194,450,,309.5,309.47083333333285,9.889905149051491e-05,0,0,6.230213,,,,,,,,,,,,,,,,,,,,,,,,,,,,,,,,,,,,,,,,,,,,,,,,,,,,,,,,,,,,,,,,,,,,,,,,,,,,,,,,,,,,,,,,,,,,,,,,,,,,,,,,,,,,,,
172,324.90000000000003,324.91249999999854,15.948033333333333,0.14148534670888477,81.20416666666667,0.213131469598772,2.8478,0.09734146084788337,0.9286398280780629,2.648526089182444,7.005778687514852,0.007483774614505872,3.342117328710982e-06,0.754094233725557,0.14809978932849882,0.026445805024007073,450,,313.5,313.47083333333285,8.346883468834688e-05,5.761598467223211e-06,0,5.895569999999999,,,,,,,,,,,,,,,,,,,,,,,,,,,,,,,,,,,,,,,,,,,,,,,,,,,,,,,,,,,,,,,,,,,,,,,,,,,,,,,,,,,,,,,,,,,,,,,,,,,,,,,,,,,,,,
173,327.90000000000003,327.87777777777956,14.7947,0.09282386546573097,82.64426666666667,0.04053077020405299,2.5610333333333335,0.089912031082238,1.0661049414508275,3.0945059499832945,8.185467351568713,0.00874395202958753,3.869574352041172e-06,0.8810746107591324,0.15772702777282557,0.02730330291886951,450,,316.5,316.47083333333285,8.682249322493225e-05,4.803612973860682e-06,0,6.000856,,,,,,,,,,,,,,,,,,,,,,,,,,,,,,,,,,,,,,,,,,,,,,,,,,,,,,,,,,,,,,,,,,,,,,,,,,,,,,,,,,,,,,,,,,,,,,,,,,,,,,,,,,,,,,
174,328.90000000000003,328.85416666666424,10.8739,0.14539917468816715,86.2113,0.13405920333941979,2.9147666666666665,0.011503622617824998,1.0820114060305253,3.276232153594048,8.66616247079716,0.009257444403677186,4.084653074610791e-06,0.9328160992871942,0.11765683828035328,0.031538107792509075,450,,320.5,320.47083333333285,0.00011060298102981031,6.2405912139044756e-06,0,7.657894,,,,,,,,,,,,,,,,,,,,,,,,,,,,,,,,,,,,,,,,,,,,,,,,,,,,,,,,,,,,,,,,,,,,,,,,,,,,,,,,,,,,,,,,,,,,,,,,,,,,,,,,,,,,,,
175,329.90000000000003,329.8618055555562,15.525033333333333,0.12812655202311998,81.74313333333333,0.16387313182255656,2.7319,0.17105928796765177,1.0881726395556073,3.124120079937224,8.26380150176943,0.008827630825460108,3.883108657023739e-06,0.8895064116487928,0.16893916501522122,0.029727788340019635,450,,323.5,323.47083333333285,0.00010658875338753388,6.883810045162173e-06,0,7.476173,,,,,,,,,,,,,,,,,,,,,,,,,,,,,,,,,,,,,,,,,,,,,,,,,,,,,,,,,,,,,,,,,,,,,,,,,,,,,,,,,,,,,,,,,,,,,,,,,,,,,,,,,,,,,,
176,330.90000000000003,330.9381944444467,15.306433333333333,0.29296000295831043,81.54206666666666,0.34298551475730304,3.1515,0.06672960362537754,1.0356206111817872,2.9659309434740853,7.84536572144758,0.008380645670740006,3.6744978586281166e-06,0.8444664491835936,0.15851657843679945,0.03263758356139402,450,,327.5,327.47083333333285,0.0001290650406504065,0,0,8.13054,,,,,,,,,,,,,,,,,,,,,,,,,,,,,,,,,,,,,,,,,,,,,,,,,,,,,,,,,,,,,,,,,,,,,,,,,,,,,,,,,,,,,,,,,,,,,,,,,,,,,,,,,,,,,,
177,,,,,,,,,,,,,,,,,,,330.5,330.47083333333285,0.00022288279132791328,0,0,14.040653,,,,,,,,,,,,,,,,,,,,,,,,,,,,,,,,,,,,,,,,,,,,,,,,,,,,,,,,,,,,,,,,,,,,,,,,,,,,,,,,,,,,,,,,,,,,,,,,,,,,,,,,,,,,,,
